bin_x,bin_y,gaze_x,gaze_y,err_x,err_y
9,4,477.0617370605469,244.7869110107422,-0.8246899559392773,-6.050030492436775
9,4,477.9676818847656,242.1531524658203,-1.5937500521706056,-3.372066766916248
9,4,477.12335205078125,245.7730255126953,-0.5954476457460487,-6.867281408085688
9,4,475.27374267578125,244.52232360839844,1.344457247600701,-5.849036488369876
9,4,475.8742980957031,245.9490509033203,0.7849223931899019,-7.784565901355734
9,4,477.2774963378906,244.0727081298828,-0.5907504163046724,-5.843544254077557
9,4,476.8358154296875,244.8673858642578,-0.13626727137875605,-6.61263743643994
9,4,477.1800537109375,245.3164520263672,-0.5114672636146338,-7.383076262928427
9,4,476.5215759277344,246.2958526611328,0.15062707042113743,-8.564013601086657
9,4,475.28863525390625,245.99464416503906,1.413440902517948,-8.37105951511208
9,4,477.6128234863281,247.53916931152344,-0.6223230296188831,-10.161481639540483
9,4,477.1414794921875,247.16505432128906,0.11419717433778942,-10.126280625759165
9,4,476.9107971191406,241.82347106933594,0.4502326185095171,-5.373644011202089
9,4,479.9202575683594,242.9831085205078,-2.346567117218626,-6.839467343013553
9,4,477.4418029785156,242.2200469970703,0.426426069815534,-6.172645128659411
9,4,477.119140625,239.8791046142578,0.626871555018738,-4.10898648939488
9,4,476.708740234375,244.0788116455078,1.1116826459965523,-8.487127998188896
9,4,479.6915283203125,242.9776153564453,-1.593822476001833,-7.511076537573729
9,4,477.2116394042969,241.4617462158203,1.0663073139176618,-6.627104803409139
9,4,478.52435302734375,240.16517639160156,-0.05825997663316684,-6.002288382158383
9,4,478.0132141113281,242.2147674560547,0.7790289185483061,-8.405570666073771
9,4,478.88482666015625,238.63026428222656,0.06988201214107903,-5.1664148329949455
9,4,477.509033203125,238.66224670410156,1.4443712034505438,-5.5313301567674955
9,4,477.9349365234375,240.0735626220703,1.0354614701889773,-7.32554946314383
9,4,478.2229309082031,238.3779754638672,0.7978932792030946,-5.964281690259526
9,4,477.9926452636719,240.3303680419922,1.2209991942133342,-7.974637163471556
9,4,475.7093505859375,239.4805450439453,3.7038421412733555,-7.401798262498318
9,4,477.6611022949219,238.42604064941406,1.9581605581254848,-6.83673452512997
9,4,478.0513916015625,239.7278594970703,1.71465615160281,-8.512435296347917
9,4,476.5572204589844,237.75135803222656,3.3435196154289883,-6.885615570309852
9,4,478.8883361816406,235.38633728027344,1.2837083638329432,-5.091986264349629
9,4,478.7008056640625,234.64723205566406,1.739779155855956,-4.550112311057774
9,4,478.02435302734375,234.71995544433594,2.441449849471894,-4.795517909926247
9,4,480.9079895019531,236.8589324951172,-0.5792849273973388,-7.090800884915751
9,4,484.6803283691406,249.37232971191406,2.8688138861979837,1.0715676347560645
9,4,485.6204528808594,249.9733428955078,1.8564346964847118,0.6678053492294396
9,4,486.24658203125,248.7157745361328,1.5524113934208117,1.100880058076939
9,4,485.7657775878906,249.5058135986328,0.874269412363617,-0.7489830653360912
9,4,485.6334228515625,249.8312530517578,1.4884937442542991,-1.9257309396626852
9,4,485.85302734375,246.96510314941406,1.4519661664609202,0.6411552531857296
9,4,488.1649475097656,247.1497039794922,-0.8211532787657916,-0.8058152320684542
9,4,488.9764709472656,248.1632537841797,-1.700873576183426,-1.962301253702634
9,4,486.4290466308594,243.8804168701172,0.8245004632630639,2.101627277567445
9,4,487.7982177734375,246.56983947753906,-0.5140102876364949,-0.8934824815816285
9,4,489.84527587890625,248.7099151611328,-2.628849296217595,-3.0526852628771053
9,4,488.2349853515625,245.64198303222656,-1.0956838625172054,0.003379736716425441
9,4,486.2071838378906,245.44874572753906,0.9576548085119612,-0.3356744462971619
9,4,488.85614013671875,245.83250427246094,-1.670970937857021,-1.1431990299713561
9,4,489.7110290527344,244.88148498535156,-2.5109571974434743,-0.6000258477538978
9,4,489.4154357910156,244.7877655029297,-2.2878998907862638,-0.657696395147866
9,5,450.942138671875,285.81695556640625,2.1010425217566535,-2.2173543447444786
9,5,452.46331787109375,285.5069580078125,1.0009060139718713,-2.0747483138063103
9,5,452.8864440917969,288.89892578125,1.032996039995055,-5.6391649177536465
9,5,454.7469177246094,286.87774658203125,-0.7889918887790373,-2.316109326434116
9,5,452.8719177246094,284.854248046875,1.2730263594730218,0.22151195819060376
9,5,451.336669921875,287.7110595703125,3.2270999084131518,-3.3363496666966626
9,5,453.022705078125,287.46600341796875,1.2747021469356241,-2.6633397016963727
9,5,455.87738037109375,290.0679931640625,-2.04231334617009,-4.451763310762772
9,5,453.9427490234375,290.5960693359375,0.4599958353163629,-4.857214593128276
9,5,456.1026611328125,284.822998046875,-1.417757511583602,1.4408922017273085
9,5,454.1673278808594,289.68377685546875,0.3182790196790961,-1.9799728742542584
9,5,454.4708251953125,293.5068359375,0.6956365156216862,-6.576523291218848
9,5,454.40435791015625,292.83074951171875,1.1113810107711402,-6.500929523031971
9,5,453.640380859375,289.3707275390625,1.4811903716808956,-3.199955679220068
9,5,454.8842468261719,291.7188720703125,0.6924052724497756,-6.67153343789704
9,5,453.57232666015625,281.7105712890625,1.9356486322085402,3.557260008894332
9,5,452.5575256347656,287.00311279296875,2.8976464859886732,-1.3900949896163866
9,5,453.7606506347656,288.734130859375,2.2308986174967345,-3.521293710568216
9,5,450.1098937988281,295.987060546875,7.014389286801759,-7.053474981537249
9,5,452.12115478515625,293.2032470703125,5.264862596403589,-4.935339225842938
9,5,452.16650390625,294.64349365234375,5.515165087461412,-6.775557605995402
9,5,451.3500671386719,295.1329345703125,6.321508530262804,-8.08738755424514
9,5,450.25238037109375,286.5970458984375,7.3114567716913825,-1.6090146594323187
9,5,450.0301818847656,288.185302734375,8.023410423299026,-3.2581026178635852
9,5,450.66107177734375,288.69110107421875,7.555205667969119,-2.361375772275551
9,5,452.1662292480469,287.48016357421875,6.016253140287688,-0.3428466215717094
9,5,450.2062683105469,293.3218994140625,7.536043978354314,-6.732507299049985
9,5,450.7547302246094,291.18780517578125,6.33120283160531,-5.121265731028984
9,5,452.97265625,292.56982421875,4.1173049805235,-6.467699345556639
9,5,452.38330078125,292.05035400390625,4.907350436293825,-5.842369542732058
9,5,450.7596740722656,289.124755859375,7.403750094934253,-3.0804090971653864
9,5,451.0963439941406,290.62060546875,7.15211451190595,-5.325886693202733
9,5,451.44476318359375,291.98040771484375,6.568553508536638,-6.902774630618694
9,5,450.6875915527344,291.1473388671875,6.263455637086906,-5.0125547949331235
9,5,450.0138244628906,291.1055908203125,6.78785418473683,-4.269683368024346
9,5,452.0885009765625,292.80145263671875,5.021634136955413,-5.44956238018824
9,5,452.3005065917969,290.37725830078125,5.0015710217437,-2.5523294826589336
9,5,452.4714660644531,290.50177001953125,4.890427385586804,-1.9562191951072236
9,5,452.19219970703125,291.88519287109375,4.964238131758179,-2.1047581258781065
9,5,450.6898498535156,292.8447265625,6.442006431973994,-2.590642785673083
9,5,450.6385803222656,293.2899169921875,6.561066304020187,-2.9509447907831827
9,5,450.9976806640625,295.78253173828125,6.1697170769514855,-5.052458588686875
9,5,450.7445373535156,294.78118896484375,6.514915505160502,-3.8888701645577726
9,5,452.8834228515625,293.9122314453125,4.602548709730513,-2.8789773333807034
9,5,452.0903625488281,292.79559326171875,4.951768250416933,3.650320721478522
9,5,452.5792541503906,288.91522216796875,5.157031988729386,5.836998861942334
9,5,454.4391174316406,291.5633544921875,2.9959735477613094,2.8718765227529843
9,5,450.6398010253906,292.7154541015625,5.493328746808629,4.845459932190522
9,5,450.4122314453125,298.5440673828125,-1.6741735127631046,0.689695400388473
9,5,450.05145263671875,294.8616943359375,-0.17778442139899653,8.928189018035368
9,6,457.5602111816406,320.98529052734375,-11.826738049989672,18.664171443697228
9,6,458.8692932128906,326.72161865234375,-13.123451473114642,12.862548416590187
9,6,457.5246887207031,324.412353515625,-11.76283911583215,15.027566086182105
9,6,458.65594482421875,325.88470458984375,-12.877507090769257,13.235017094487944
9,6,458.9681091308594,322.29058837890625,-13.118319885604421,16.658491987983496
9,6,460.3706359863281,324.052734375,-14.415386516158094,14.818851486258154
9,6,457.71435546875,323.1080322265625,-11.76840510852736,15.680647613836243
9,6,457.1529235839844,324.4356689453125,-11.22488213717918,14.317585390436363
9,6,456.919189453125,324.72979736328125,-11.015553620490039,14.108478739814302
9,6,465.6928405761719,325.6337890625,-19.81361035770709,13.289508807942298
9,6,458.872802734375,325.8653564453125,-13.01814163716341,13.143532801627657
9,6,457.1479187011719,326.99224853515625,-10.999963117721961,12.16826882588083
9,6,456.3506164550781,322.38970947265625,-9.940034880310407,16.90710336881108
9,6,457.5418701171875,325.2552490234375,-10.976952897276362,14.133428143310425
9,6,460.2130432128906,327.13580322265625,-13.891417749906793,12.472558705662323
9,6,459.11834716796875,326.71368408203125,-13.277944042287004,13.190836469937437
9,6,456.0354919433594,328.46337890625,-9.80461591931072,11.597388982828647
9,6,476.45623779296875,340.98431396484375,-11.833066494194668,8.206579999979283
9,6,475.9492492675781,340.6153564453125,-11.33089528620809,8.498715154186073
9,6,475.0584716796875,342.15020751953125,-10.390057961424418,6.984069436883999
9,6,476.9878234863281,342.15191650390625,-12.296586698306385,6.953217097859238
9,6,475.7086486816406,341.9608154296875,-11.016072556926645,7.099263972016047
9,6,478.0707702636719,338.78369140625,-13.641676670334903,10.382593119376452
9,6,476.8868713378906,336.59039306640625,-12.605296409051789,12.611608707073742
9,6,481.5227355957031,339.5736083984375,-17.189661543003695,9.543137861478272
9,6,475.56536865234375,342.81787109375,-11.099545014417401,6.4449346205568645
9,6,474.42645263671875,342.64886474609375,-9.800247149705456,6.856074256613681
9,6,476.50360107421875,342.50836181640625,-11.895518948094605,7.191471816980311
9,6,477.9151611328125,339.8564453125,-13.29035844229469,10.013560499892492
9,6,474.69873046875,347.95281982421875,-9.999686036094602,2.0483745642796407
9,6,474.13189697265625,339.86346435546875,-9.444856052645036,10.094715429959138
9,6,476.2037658691406,341.11126708984375,-11.564402352147738,8.736180807223207
9,6,476.9172668457031,340.9903564453125,-12.335976659674941,8.818062264558534
9,6,475.4564208984375,342.62200927734375,-10.922963832003859,7.129247337609968
9,6,478.9642333984375,345.49932861328125,-14.461905933000594,4.164450981674861
9,6,476.08270263671875,341.30120849609375,-11.453432922886691,8.471862352027983
9,6,474.686279296875,342.88421630859375,-9.872810672045489,7.067824774713415
9,6,478.5173645019531,341.6182861328125,-13.60549608591208,8.380088139442705
9,6,473.20086669921875,343.4150390625,-8.181036673668757,6.773845684539708
9,6,475.6863708496094,343.87603759765625,-10.54326196677863,6.732278454621905
9,6,474.8606262207031,343.76226806640625,-9.488359929124101,7.155002651975451
9,6,477.1847839355469,345.91986083984375,-11.54327769696107,5.271755650616342
9,6,479.1045227050781,337.6455078125,-14.726709564414875,8.536241266569732
9,6,479.00335693359375,340.89239501953125,-14.618049425463425,5.523363323880233
9,6,479.2862854003906,339.745361328125,-14.85144765438531,6.600115646548545
9,6,478.2455139160156,339.57098388671875,-13.768064787251205,6.542225760375118
9,6,476.8412170410156,341.0367431640625,-12.314310672504234,4.800509340580447
9,6,479.72943115234375,338.82574462890625,-14.864441529072622,7.509314178949694
9,6,478.928955078125,339.07012939453125,-13.828844604891458,7.463168335945397
9,6,482.1300354003906,339.2685546875,-16.972664810665833,6.945285951766607
10,6,544.1026611328125,307.28094482421875,-7.023287592629572,4.495299405786966
10,6,545.1326293945312,305.68023681640625,-7.831147409079449,6.67250689196635
10,6,543.2493896484375,305.34423828125,-5.722476118800159,7.239083942556135
10,6,543.9968872070312,305.56695556640625,-6.240022447283536,6.776848312813513
10,6,545.0916748046875,304.29461669921875,-7.220811850047539,8.106082135767736
10,6,546.4134521484375,307.8685302734375,-8.46565022300058,4.683798828918441
10,6,549.264404296875,310.28411865234375,-11.219959517876191,2.4586728590250573
10,6,547.3618774414062,309.88775634765625,-9.06651443268936,3.09731278956707
10,6,546.8159790039062,308.8736572265625,-8.175436616476986,4.4028018514951555
10,6,545.9890747070312,310.99456787109375,-7.215343162629551,2.4148762793449237
10,6,547.7136840820312,306.50482177734375,-8.99669920170254,7.322351760278025
10,6,546.5025024414062,304.23468017578125,-7.8645828832105735,10.015877388809884
10,6,547.5717163085938,309.181396484375,-8.75596873125437,5.306350542655423
10,6,546.2862548828125,303.451416015625,-7.340831737225244,11.17731456463099
10,6,548.4614868164062,301.59930419921875,-9.435331771124424,13.071872618236625
10,6,547.671875,307.345458984375,-8.564992866737498,7.368161540435267
10,6,545.401611328125,308.394287109375,-6.171815078641998,6.357448882398046
10,6,549.1419067382812,308.611083984375,-9.56453820017407,6.15571833777102
10,6,547.488525390625,306.798828125,-7.561463148976031,7.9831324851895715
10,6,549.352294921875,304.46929931640625,-9.077660391601853,10.327727624156296
10,6,547.8341064453125,304.90509033203125,-7.300561840807859,9.88024870571138
10,6,548.7864379882812,308.42510986328125,-7.694002786577926,6.980205048116829
10,6,548.9956665039062,308.31756591796875,-7.624732037355329,7.344312054090892
10,6,546.1748046875,308.72296142578125,-4.481075498059681,7.159981770601519
10,6,549.812744140625,307.71405029296875,-8.081421640431472,8.473689795869575
10,6,544.8804321289062,306.208251953125,-3.111516317959399,10.284285028168938
10,6,548.4282836914062,308.52716064453125,-6.763458204204767,8.17143491705491
10,6,547.3488159179688,311.229248046875,-5.924975625628917,5.580005037812327
10,6,546.7301635742188,307.73046875,-5.015369124762401,8.992865761236544
10,6,547.962158203125,308.177734375,-5.882706836864031,8.528005864693682
10,6,546.9293823242188,309.552490234375,-4.603516809396297,7.627244607352793
10,6,548.32177734375,308.24603271484375,-5.907570796831351,9.296683614141557
10,6,549.5860595703125,308.4290771484375,-7.229829750688168,9.375558931594526
10,6,547.7842407226562,310.34661865234375,-4.48634839192141,8.112302465609389
10,6,549.3287963867188,310.43408203125,-5.684273957119899,8.152825045031818
10,6,549.388671875,306.61883544921875,-5.583281075719697,12.14545242867706
10,6,548.3394165039062,304.00640869140625,-4.1518928794564545,15.156894190669732
10,6,545.3912353515625,304.7237548828125,-0.7213816529339283,14.855688570296707
10,6,547.539794921875,307.03350830078125,-2.7555974396243528,12.872569568119673
10,6,547.9835205078125,305.44512939453125,-3.4156219188450905,14.707012699210338
10,6,547.4944458007812,305.86273193359375,-2.851728827360944,14.528170226960356
10,6,549.2319946289062,303.79693603515625,-4.381838075525138,16.77090857838965
10,6,545.7279052734375,309.28936767578125,-0.3214754285821755,11.20526744488592
10,6,547.302490234375,309.0286865234375,-1.6010311562845345,11.553553814894883
10,6,548.3606567382812,304.44744873046875,-2.5622375625991936,16.34871241076354
10,6,548.71142578125,310.4149169921875,-2.816104300753068,10.595037445088451
10,6,549.1985473632812,309.44659423828125,-3.1866125926178483,11.789587777964357
10,6,549.3030395507812,312.54022216796875,-3.106648621331601,8.964761765379365
10,6,549.6571044921875,312.9609375,-2.5783274701487926,9.403195330887058
10,6,549.5040893554688,317.58343505859375,-1.0521433888490037,5.132801928295805
8,5,405.97857666015625,272.01287841796875,0.9244072713834157,3.2449943208469563
8,5,405.4346923828125,272.17633056640625,1.3316609634300676,3.165646128354524
8,5,406.5418701171875,273.27789306640625,0.13634092914708162,2.22358508932831
8,5,407.7389831542969,275.1546630859375,-1.1220411630618514,0.5491158646930216
8,5,407.91796875,273.09930419921875,-1.2697553442749836,2.868250206767584
8,5,409.1557922363281,271.18060302734375,-2.5028346628837426,5.078146839142278
8,5,406.598876953125,269.53240966796875,-0.0067131691592976495,7.075583465976024
8,5,404.85577392578125,272.19989013671875,1.5335516796109232,5.216269188386036
8,5,406.0591735839844,270.310546875,0.045905856652836974,8.177818833685535
8,5,404.1383972167969,272.9075927734375,1.9773534869362948,6.724792622967868
8,5,402.11053466796875,265.03271484375,3.826410077096682,16.047206633903784
8,5,404.3774719238281,265.1544189453125,0.957946963440861,18.027958246578066
8,5,409.02337646484375,273.9539794921875,-4.54405551548183,9.7909806111399
8,5,410.09149169921875,276.2139892578125,-6.605329798033495,7.264341838627615
8,5,409.7090759277344,271.7606201171875,-6.676820660258727,12.527317671754133
8,5,407.5207824707031,268.95733642578125,-5.398470467428751,16.722851917901664
8,5,407.6714172363281,271.36328125,-7.420978330930382,16.87273771719009
8,5,407.5734558105469,269.8397216796875,-7.055331409866881,18.702172336969284
8,5,406.1661376953125,266.91326904296875,-4.267276531223786,20.764017516659464
8,5,405.7788391113281,269.50775146484375,-4.260374273890761,20.05769469063131
8,5,405.7995910644531,274.95867919921875,-4.56518001380465,15.67860921239037
8,5,406.8135070800781,272.83868408203125,-5.63333453834548,17.127549999883342
8,5,405.1988525390625,277.54022216796875,-4.313992577226543,12.433766869918657
8,5,403.88037109375,283.84552001953125,-3.412139580981716,6.475305317269658
8,5,406.0884704589844,272.43109130859375,-5.712999559439652,16.778287488965304
8,5,403.3804931640625,270.1163330078125,-3.220609508553707,18.89573670314735
8,5,407.1486511230469,274.5994873046875,-7.157590470080947,14.062537535805234
8,5,405.5512390136719,275.86480712890625,-5.34375897535017,11.142213692048415
8,5,407.965576171875,273.43902587890625,-7.4393562868174286,12.466592598435284
8,5,405.29461669921875,267.76513671875,-4.3489567599655174,17.565735734544262
8,5,406.6212158203125,270.10308837890625,-5.578118444149368,15.0266340720338
8,5,402.0672912597656,271.3829345703125,-1.0200846337436928,13.733124802564305
8,5,402.9164733886719,272.0252685546875,-2.057949181364279,13.763276007966567
8,5,401.42730712890625,271.315673828125,-0.48121957337139065,14.499991764167248
8,5,405.99591064453125,275.38134765625,-4.891306666461048,10.42891130128703
8,5,400.11578369140625,273.431396484375,1.0962372307006945,12.87324094339931
8,5,401.01824951171875,269.97210693359375,0.23466817390323058,17.47751825404174
8,5,400.388916015625,269.67431640625,0.9301268420200586,18.23402109712316
8,5,400.16680908203125,277.6279296875,1.2218714011279417,10.44843902410588
8,5,400.1044006347656,270.8681640625,1.1414293759771112,17.81669363066237
8,5,402.9737243652344,272.006103515625,-1.349268599258039,15.789048467031023
8,5,402.5827331542969,272.14422607421875,-0.407140863614984,14.74734076568734
8,5,401.65814208984375,271.13421630859375,0.7366829926560854,15.600659870907123
8,5,400.0334167480469,269.17425537109375,3.1208347375329595,17.14615225285553
8,5,400.7872009277344,285.693603515625,2.1749754894550506,2.2617792521114097
8,5,402.1431579589844,282.1090087890625,2.417549297842072,7.584950653405485
8,5,402.7620849609375,283.86798095703125,1.9573296062762893,7.0617355239199355
8,5,402.662353515625,282.23211669921875,2.1503556419215215,8.447992012464908
8,5,402.7082824707031,280.868408203125,1.8775167846646923,9.741871704212258
8,5,400.6242980957031,284.50006103515625,3.576058070055012,6.128236521746203
10,5,542.5888671875,286.40802001953125,-1.3617704286378967,-4.338918035164227
10,5,542.1544799804688,284.2200927734375,-0.9273832216066467,-2.1509907890704767
10,5,543.4622802734375,284.10504150390625,-2.2351835145753967,-2.0359395195392267
10,5,542.9716186523438,284.82379150390625,-1.7445218934816467,-2.7546895195392267
10,5,544.1683349609375,283.06500244140625,-2.9412382020753967,-0.9959004570392267
10,5,543.1494750976562,288.63690185546875,-1.9223783387941467,-6.567799871101727
10,5,543.8680419921875,291.69561767578125,-2.6409452333253967,-9.626515691414227
10,5,546.265869140625,290.66107177734375,-5.038772381762897,-8.591969792976727
10,5,548.0014038085938,289.82135009765625,-6.774307049731647,-7.752248113289227
10,5,549.2471923828125,294.2142333984375,-6.547304637851539,-9.862708379472906
10,5,548.3380737304688,290.62347412109375,-3.6528649238614435,-3.195244691969833
10,5,547.3152465820312,294.1365966796875,-2.6300377754239435,-6.708367250563583
10,5,549.2100219726562,290.75030517578125,-4.5248131660489435,-3.322075746657333
10,5,548.1965942382812,294.3472900390625,-3.5113854316739435,-6.919060609938583
10,5,548.2620239257812,293.224853515625,-3.5768151191739435,-5.796624086501083
10,5,547.964111328125,292.05023193359375,-3.2789025215176935,-4.622002504469833
10,5,547.576171875,293.03778076171875,-2.8909630683926935,-5.609551332594833
10,5,547.865234375,294.46490478515625,-3.1800255683926935,-7.036675356032333
10,5,548.5682373046875,292.1263427734375,-3.8830284980801935,-4.698113344313583
10,5,548.1589965820312,289.31689453125,-3.4737877754239435,-1.8886651021260832
10,5,549.9282836914062,285.5107421875,-5.2430748847989435,1.9174872416239168
10,5,542.77392578125,291.1302490234375,1.9112830253573065,-3.702019594313583
10,5,547.8758544921875,287.13189697265625,-3.1906456855801935,0.2963324564676668
10,5,549.2857666015625,288.08197021484375,-4.6005577949551935,-0.6537407857198332
10,5,549.6226806640625,285.073974609375,-4.9374718574551935,2.354254819748917
10,5,546.9561767578125,285.80853271484375,-2.2709679512051935,1.6196967142801668
10,5,545.9727172851562,285.09332275390625,-1.2875084785489435,2.334906675217667
10,5,546.619140625,286.6424560546875,-1.9339318183926935,0.7857733744364168
10,5,545.356689453125,286.4964599609375,-0.6714806465176935,0.9317694681864168
10,5,545.7852783203125,287.491943359375,-1.1000695137051935,-0.06371393025108318
10,5,549.721923828125,286.300048828125,-5.0367150215176935,1.1281806009989168
10,5,547.0862426757812,285.03790283203125,-2.4010338691739435,2.390326597092667
10,5,548.9865112304688,284.8372802734375,-4.3013024238614435,2.590949155686417
10,5,549.3494873046875,288.15704345703125,-4.6642784980801935,-0.7288140279073332
10,5,548.4893188476562,283.91192626953125,-3.8041100410489435,3.516303159592667
10,5,548.502685546875,282.6986083984375,-3.8174767402676935,4.729621030686417
10,5,548.5997924804688,282.98406982421875,-3.9145836738614435,4.444159604905167
10,5,548.7149047851562,283.87750244140625,-4.0296959785489435,3.550726987717667
10,5,545.7097778320312,285.94207763671875,-1.0245690254239435,1.4861517924051668
10,5,544.4934692382812,283.938232421875,0.19173956832605654,3.489997007248917
10,5,545.87451171875,280.49322509765625,-1.1893029121426935,6.935004331467667
10,5,547.253662109375,279.328125,-2.5684533027676935,8.100104429123917
10,5,546.926513671875,283.14361572265625,-2.2413048652676935,4.284613706467667
10,5,545.7125244140625,282.51715087890625,-1.0273156074551935,4.911078550217667
10,5,544.1463012695312,279.02606201171875,0.5389075370760565,8.402167417405167
10,5,544.220458984375,281.696533203125,0.46474982223230654,5.731696225998917
10,5,545.2666625976562,278.2099609375,-0.5814537910489435,9.218268491623917
10,5,543.8927612304688,279.54901123046875,0.7924475761385565,7.879218198655167
10,5,543.0503540039062,284.22674560546875,1.6348548027010565,3.201483823655167
10,5,541.9747314453125,281.38800048828125,2.7104773612948065,6.040228940842667
9,3,457.1266784667969,180.07398986816406,1.5375393335754666,-3.480350614332764
9,3,459.30133056640625,180.18698120117188,-0.49118994083983125,-3.6185629042440155
9,3,459.481201171875,181.89845275878906,-0.6361137607599971,-5.297274168385002
9,3,459.97540283203125,180.8741912841797,-1.0843843476739607,-4.34795286954872
9,3,461.0340270996094,180.28262329101562,-2.0869146693303833,-3.930761245032528
9,3,460.1202697753906,181.02191162109375,-1.3607349712762016,-4.716490629217276
9,3,460.7995300292969,182.77334594726562,-2.189180432597368,-6.461985232344688
9,3,458.6231689453125,182.1883087158203,0.18753595939841716,-5.735823510134082
9,3,460.05352783203125,183.0673370361328,-1.0997154413634007,-6.5901401954240555
9,3,459.0579833984375,182.13442993164062,-0.007301330256552774,-5.727697409990782
9,3,458.956298828125,181.49624633789062,0.19125291756904517,-5.159978135299696
9,3,458.3946838378906,180.746337890625,0.828774906730132,-4.465285469984565
9,3,458.4000244140625,182.87692260742188,0.823434330558257,-6.59587018678144
9,3,459.38690185546875,179.8762969970703,-0.3891940598765018,-3.5205644863162036
9,3,459.95013427734375,183.74307250976562,-1.3626986796414258,-7.2516189097252095
9,3,457.4325256347656,182.7706756591797,1.0788610687829987,-6.623424920141218
9,3,457.47943115234375,181.5996551513672,1.0078055532182475,-5.76473146861764
9,3,458.7813415527344,183.1887969970703,-0.2910639588027948,-7.348847772443463
9,3,460.93511962890625,181.4871368408203,-2.389273260590869,-5.754761097015972
9,3,458.9145812988281,183.07142639160156,-0.27165771438296815,-7.535601818929337
9,3,457.9873962402344,179.71954345703125,0.6973134757008665,-4.234028308979191
9,3,457.9095764160156,179.8696746826172,0.8102783024274913,-4.41687134042499
9,3,460.0848083496094,182.9408721923828,-1.3296331800088979,-7.52094395785025
9,3,457.50640869140625,181.8662567138672,1.4499745776142277,-6.596109773939617
9,3,457.3958740234375,184.30657958984375,1.8888944523495184,-9.275873405117949
9,3,488.18231201171875,161.85377502441406,-0.3031264198925214,0.4700281296531159
9,3,489.8893127441406,159.7999267578125,-2.1749753084425265,2.864883120157998
9,3,487.2098693847656,161.2587127685547,0.4063099950989226,1.6836341700553987
9,3,487.6932067871094,159.26275634765625,0.08114137243035202,3.5282561820766034
9,3,490.2688293457031,160.74342346191406,-2.3579105224820296,1.9615042476286249
9,3,489.89361572265625,161.62010192871094,-1.8713315746749686,1.070568843833371
9,3,489.4976806640625,160.6188507080078,-1.813532427519192,2.1731517238310687
9,3,485.5882568359375,163.66250610351562,1.7141915593248314,-0.8210013594478767
9,3,486.96142578125,160.93768310546875,0.2810373707814051,1.5157766694184716
9,3,486.98931884765625,160.93527221679688,0.179283256787528,1.179633924512899
9,3,485.98980712890625,161.50205993652344,1.0901852555146547,0.3268971971049268
9,3,487.2210388183594,159.58438110351562,0.07415545431496184,2.0776813088648396
9,3,485.7488098144531,159.48348999023438,1.8176570664002156,2.110098090106959
9,3,487.6126403808594,161.7269287109375,0.17767131795494606,0.17282078220364383
9,3,486.8816833496094,161.82435607910156,1.0291450993782405,0.20421515329260842
9,3,488.2715148925781,160.56509399414062,-0.3464107333286961,1.4099598344396043
9,3,486.7974548339844,163.27732849121094,0.9639291679730491,-1.429573712664876
9,3,482.111083984375,163.73028564453125,5.351011202397956,-1.9776896348436708
9,3,483.7694091796875,165.96971130371094,2.880217475614188,-4.065195313386965
9,3,484.5018310546875,163.6322021484375,1.7647609254121903,-1.8352070855164584
9,3,481.28271484375,162.01695251464844,5.0234336817835015,-0.5846474132958974
9,3,482.90338134765625,160.94842529296875,3.5492391837546506,0.6201538148417853
9,3,484.22064208984375,160.7970733642578,2.4365784566007846,0.9387025783719594
9,3,484.48974609375,163.18338012695312,2.553973533664589,-1.613565508451643
9,3,483.6706848144531,161.4983673095703,3.4942388047159625,0.15601863392356563
10,4,510.4079284667969,241.0934600830078,-3.1410362048630986,-6.699836253607089
10,4,511.90716552734375,241.5580596923828,-4.64150352065343,-7.585422968593036
10,4,509.53826904296875,239.9057159423828,-2.1984471735432294,-6.082747345113432
10,4,510.0550842285156,239.52699279785156,-2.6356466327067096,-5.705050475853312
10,4,510.7917175292969,240.1467742919922,-4.144311361300993,-5.36555906541949
10,4,511.9942626953125,238.98170471191406,-5.895691068464998,-3.4500150240523624
10,4,509.95758056640625,240.4005584716797,-4.0204336418979665,-4.479365520557735
10,4,506.55133056640625,245.7971954345703,-0.7746290621736307,-9.488862139579481
10,4,510.2659606933594,244.3178253173828,-4.6080243089281225,-7.659403614785504
10,4,508.9751281738281,242.8923797607422,-2.4197268660743703,-6.787253032070112
10,4,506.7825622558594,242.99693298339844,0.49580010386512186,-6.943720781633573
10,4,508.1593933105469,245.04869079589844,-0.45085729729873947,-8.205028474366515
10,4,509.9131164550781,247.37583923339844,-2.2699182228011523,-9.372404517737635
10,4,508.5115051269531,248.8838348388672,-1.113785745544476,-9.632337818872855
10,4,507.7945251464844,247.38523864746094,-0.20177829113600865,-7.945579551213541
10,4,507.57415771484375,248.0386199951172,0.1521085726809588,-8.28299072817802
10,4,507.28961181640625,248.60203552246094,0.4705180034256955,-8.323360224557376
10,4,503.9253234863281,249.2837677001953,3.868669865811114,-8.482046371327357
10,4,502.9253845214844,248.49205017089844,4.941624905766048,-7.200813908273602
10,4,505.08984375,249.92710876464844,3.608628827716416,-8.792538860679485
10,4,503.03515625,249.2917938232422,6.4897354115808525,-8.312939862331206
10,4,505.50152587890625,242.78965759277344,4.876305343892454,-1.5797600094408892
10,4,505.5461120605469,246.3639373779297,4.563288062929416,-4.57687967132091
10,4,509.12994384765625,246.85252380371094,0.9071922568948025,-4.48618706922764
10,4,505.4767150878906,248.9661102294922,4.795620573719873,-6.380317662799001
10,4,504.1380615234375,248.9389190673828,6.368175050790796,-6.134882384608204
10,4,511.99908447265625,248.92127990722656,-1.246488103546028,-6.111694215303572
10,4,505.0183410644531,247.74256896972656,5.7768640514475464,-5.2342682251970984
10,4,501.9634704589844,249.49403381347656,8.55113948254484,-6.9053322559051935
10,4,505.4298095703125,248.3475799560547,4.315057368265514,-4.577131017177749
10,4,501.1220703125,249.61839294433594,10.069531858716061,-4.732725317802249
10,4,509.48919677734375,248.95033264160156,2.4996377077285956,-3.983683512252469
10,4,514.7755126953125,249.7209930419922,-0.625185094020253,-4.241506363493187
10,4,516.1009521484375,245.51390075683594,-1.3730045831940743,0.3175503144534275
10,4,517.98779296875,248.25718688964844,-2.6822254395553955,-2.073771425568708
10,4,516.6898193359375,246.3657684326172,-0.9314931572399701,0.008743435566685775
10,4,517.072265625,245.28269958496094,-0.9120143886048027,1.185804243544851
10,4,515.3824462890625,243.6647491455078,2.2221842000442393,0.7559755422843182
10,4,515.0435791015625,242.15830993652344,3.4878724060587274,0.933865491518219
10,4,515.2459716796875,242.2079620361328,3.2175726229950214,0.9380851206355203
10,4,520.3507080078125,243.0941619873047,-1.9323965581909306,0.7991804766444943
10,4,521.32421875,244.7105255126953,-2.938263755591379,0.2510779315334162
10,4,520.7147216796875,245.39259338378906,-2.1628590993243506,-0.4864140310457117
10,4,521.2825927734375,246.64186096191406,-2.3858411436311826,-1.5306824542379331
10,4,519.33056640625,242.31175231933594,0.2395151969184326,3.4881126208759383
10,4,523.6332397460938,248.5168914794922,-2.7195997582374503,-1.344237222317446
10,4,524.9479370117188,248.71409606933594,-3.587219933480128,-1.1600139700875616
10,4,525.6875610351562,249.9193572998047,-3.608955141790375,-1.953448682296255
10,4,528.810546875,249.49232482910156,-3.665985196928432,-0.2513283912018949
10,4,526.2703247070312,248.0834503173828,0.34114363273795334,1.097801661143393
8,7,416.15069580078125,397.4305419921875,-19.07880568963185,11.877405305725858
8,7,417.0845947265625,394.02178955078125,-20.267098320434343,15.66115693833109
8,7,417.63092041015625,394.44573974609375,-21.037248366905942,15.666507252700342
8,7,418.2853698730469,396.1572265625,-21.542416295279736,14.339054483925452
8,7,416.88818359375,396.2547607421875,-19.860097589885868,14.61125621624484
8,7,404.0709228515625,351.5086669921875,-6.309066349664079,-3.4148959163990753
8,7,404.95947265625,352.05389404296875,-7.139820393674427,-3.4126728067603267
8,7,408.8159484863281,350.70098876953125,-10.923868000556467,-2.020259772760312
8,7,407.6112365722656,351.00689697265625,-9.672390971371215,-2.246269472005281
8,7,406.0190734863281,351.6063232421875,-7.979858466921314,-3.4277923644397106
8,7,407.72088623046875,352.63201904296875,-8.887136579472383,-5.30061421763935
8,7,437.72174072265625,350.84332275390625,-16.378241012261412,10.357958531608688
8,7,432.7561950683594,355.4315185546875,-11.560556153445532,5.820015051852295
8,7,435.94110107421875,350.2606201171875,-14.991174600232512,11.054398237660621
8,7,435.01275634765625,354.14678955078125,-14.109180398318415,7.1274965342684595
8,7,436.0570068359375,353.51824951171875,-15.22886175203314,7.631917922291052
8,7,438.3279113769531,351.7784423828125,-17.414564890705435,9.470488657355986
8,7,437.9461364746094,354.89471435546875,-17.079073407604994,6.395346208341664
8,7,439.1161193847656,354.68377685546875,-18.647545158162416,6.472991440667215
8,7,438.2990417480469,354.65960693359375,-18.520867380082223,6.372787506073394
8,7,434.6235046386719,353.03704833984375,-14.851121119600691,8.013638058035156
8,7,436.5890808105469,351.26641845703125,-16.8492990700899,9.843373542279608
8,7,436.0776672363281,357.31353759765625,-16.4688788351487,3.9471541924215217
8,7,435.273193359375,350.18170166015625,-16.010009552802103,11.048868818244614
8,7,434.4798583984375,354.62701416015625,-15.689895471576051,6.465792746220814
8,7,437.3591613769531,352.08135986328125,-18.72638873716602,8.901927077544428
8,7,405.9718933105469,398.6112060546875,-9.240492870785147,12.89674248855897
8,7,411.08599853515625,399.9595947265625,-14.477380975923495,12.518277296445206
8,7,434.1217041015625,365.42340087890625,-14.732058278722036,9.386431868359182
8,7,429.33905029296875,367.4613037109375,-9.969790167348265,7.417641266517194
8,7,430.9823913574219,363.0587158203125,-11.565673850832184,11.784214582876587
8,7,426.8181457519531,360.91143798828125,-7.369152272752558,13.842420540108265
8,7,426.49383544921875,363.371826171875,-7.0224960243203896,11.258549467830676
8,7,429.39617919921875,357.75848388671875,-9.866767105141435,16.802623694700912
8,7,426.1553649902344,363.00140380859375,-6.608730142790193,11.468097701379804
8,7,425.4172668457031,360.44500732421875,-5.963800616090282,13.86507509291971
8,7,426.6828918457031,356.58746337890625,-7.314182506738916,17.638516568847876
8,7,425.21807861328125,358.80694580078125,-5.928832037806387,15.382342089054475
8,7,427.018798828125,357.75830078125,-7.712476140516799,16.332691016903823
8,7,425.4329833984375,357.77655029296875,-6.104247086334055,16.212739346769126
8,7,425.99493408203125,357.62835693359375,-6.643633983820791,16.258549187155154
8,7,427.5431823730469,355.57574462890625,-8.193495785937387,18.010249694782374
8,7,422.331787109375,357.1024169921875,-3.240948141871172,16.0274896228118
8,7,422.8164367675781,359.83160400390625,-3.9326238095266035,13.118290036206133
8,7,424.7439270019531,355.8154296875,-6.067140053353967,16.954451777725467
8,7,423.89117431640625,356.81927490234375,-4.957583834100319,15.924631966167453
8,7,426.2707214355469,355.35784912109375,-6.956635919703444,17.3527783716857
8,7,426.84210205078125,356.5506591796875,-6.94665713912309,16.018014358548385
8,7,425.6235656738281,356.891845703125,-5.219378140713957,15.637566606805706
8,7,425.056396484375,358.8870849609375,-4.203325975215989,13.687718051777097
8,6,412.1978454589844,302.71759033203125,-10.360270585332955,20.838815289424872
8,6,411.4863586425781,302.25164794921875,-9.485407502669375,20.94443273632743
8,6,412.94195556640625,303.57525634765625,-10.809714332664726,19.112453962652296
8,6,411.2749938964844,304.809814453125,-9.263465974044266,17.754123693366523
8,6,413.74652099609375,303.35845947265625,-11.856346403537884,19.119440418301508
8,6,412.4435729980469,304.82177734375,-10.385386545315157,17.326581501508315
8,6,414.92730712890625,302.3800048828125,-12.740898822377176,19.173643248212727
8,6,413.4254150390625,306.158935546875,-11.151601888270761,14.519142731821262
8,6,414.6659240722656,303.94671630859375,-12.45745912313447,16.17020179708311
8,6,416.43829345703125,302.85369873046875,-15.07820077961793,17.61746567957374
8,6,411.26739501953125,301.14154052734375,-9.67834281321484,-0.9785993217472537
8,6,413.1889343261719,300.00494384765625,-11.787894545098936,1.8735580002106644
8,6,411.5617980957031,300.685791015625,-10.421239639490182,2.461443256875782
8,6,410.6756896972656,300.7003173828125,-9.700258762770318,2.469903375981744
8,6,409.8096618652344,303.9246826171875,-8.884356716929688,-0.9122527201230355
8,6,411.53411865234375,300.4532470703125,-10.482392910479064,2.123869315575746
8,6,408.6346435546875,301.60577392578125,-7.456497219262815,0.5360289489307206
8,6,436.1068115234375,344.5345458984375,-14.441470144461562,16.58576544253492
8,6,435.9952697753906,349.1395263671875,-14.770804273627277,11.97229715861954
8,6,435.99053955078125,347.54669189453125,-14.805973027976734,13.596228368389234
8,6,435.0144348144531,348.25323486328125,-13.957820947240691,12.969209342374995
8,6,436.45758056640625,349.99530029296875,-15.50805511165106,11.225830089620388
8,6,438.69769287109375,349.3724365234375,-18.58826519792433,11.705178143413377
8,6,437.755859375,307.96856689453125,-6.617987486056222,15.411278550181464
8,6,435.93896484375,307.57244873046875,-4.856037849668439,15.86100081541315
8,6,437.148193359375,308.74090576171875,-6.21534218298217,14.957406305687869
8,6,437.50799560546875,302.97137451171875,-6.57538365332573,20.678623836730935
8,6,436.82537841796875,306.74603271484375,-5.7878890892503705,16.63594575940965
8,6,437.3720397949219,306.0064697265625,-6.377466846332368,17.438294496605693
8,6,436.2503662109375,306.36474609375,-5.294130859069526,17.124173867965567
8,6,438.08489990234375,307.5606689453125,-7.119639193389844,15.842121074628494
8,6,436.5686340332031,303.6240234375,-5.538094754987981,19.78942873334495
8,6,438.9245910644531,305.072265625,-7.790643637338292,18.417443379443
8,6,437.141845703125,303.71319580078125,-5.842196179309212,19.706283530159
8,6,439.7353210449219,305.88397216796875,-8.329350720311538,17.492830089670576
8,6,440.1891784667969,304.91943359375,-8.856140979038798,18.522782784971753
8,6,440.3929748535156,301.430908203125,-9.053775280715115,21.98720192565662
8,6,441.4264831542969,302.54150390625,-10.02966487748779,20.79418679071466
8,6,440.6251220703125,303.08355712890625,-9.173817555578808,20.11907246047025
8,6,440.83026123046875,304.28399658203125,-9.339844922923646,18.85302687941561
8,6,439.2255859375,302.94775390625,-7.736622136627261,20.31296500927499
8,6,439.2823486328125,305.91571044921875,-7.814310058119645,17.376038738166358
8,6,440.98382568359375,303.9835205078125,-9.5495752100843,19.27884532152666
8,6,441.0725402832031,303.05462646484375,-9.657519617544551,20.315021525213865
8,6,439.5940856933594,302.12725830078125,-8.209191140400094,21.176047373126266
8,6,438.8913879394531,304.9146728515625,-7.538299177016256,18.10762850422458
8,6,436.5314025878906,306.2412109375,-5.317536933135443,16.866570804924322
8,6,437.771728515625,300.2861328125,-6.6206923045595545,22.790704843596814
8,6,441.3421630859375,301.38751220703125,-10.182226447374319,21.482535189552266
8,6,419.66485595703125,349.30242919921875,-0.3669885121303764,24.00749213658662
10,2,547.616943359375,138.1271209716797,13.982597469562961,-13.231812401740413
10,2,549.6962280273438,147.15875244140625,11.86650076906983,-22.274255835618007
10,2,548.7130126953125,136.65769958496094,12.864495447524064,-11.755157189955298
10,2,545.5836791992188,140.3686981201172,16.05752116496967,-15.246901468782411
10,2,546.6734619140625,136.09503173828125,14.977396138182144,-10.925856593246863
10,2,546.5634155273438,142.56910705566406,15.04848054134743,-17.50718684624877
10,2,544.9359741210938,141.390380859375,16.637024452972355,-16.435538059815798
10,2,542.949951171875,136.90269470214844,18.608610335611274,-12.05228595420678
10,2,543.599365234375,137.8144073486328,18.045842792304484,-13.057226188285611
10,2,544.36572265625,139.4986572265625,17.421904116624546,-14.718895119557487
10,2,541.91796875,136.12948608398438,20.056991199178242,-11.240291827017714
10,2,546.3161010742188,139.1783905029297,15.646276562511275,-14.2500362266439
10,2,545.1270751953125,138.84132385253906,16.83051913087411,-13.89280770315382
10,2,546.10205078125,135.1619110107422,15.949838275409547,-10.230189390673019
10,2,545.0421752929688,137.9435272216797,16.93887747082067,-12.979985380735158
10,2,544.2612915039062,136.7126007080078,17.526768648321877,-11.681226312025785
10,2,544.17529296875,135.71974182128906,17.777394045639085,-10.540305109244215
10,2,544.9035034179688,141.00201416015625,17.228097601571903,-15.69132428958477
10,2,546.5530395507812,141.43441772460938,15.68811854816704,-16.070892561050357
10,2,546.5219116210938,138.98318481445312,15.602056737299336,-13.613967316062002
10,2,543.2752685546875,138.42921447753906,18.562583393880573,-13.089255342145577
10,2,543.785400390625,133.71267700195312,18.146085208180693,-8.43058857277579
10,2,544.601806640625,140.44537353515625,17.468172453680722,-15.176629229538946
10,2,541.6791381835938,139.0662078857422,20.55961821369874,-13.668829081650017
10,2,539.9876708984375,137.94583129882812,22.415707678947,-12.52138452526269
10,2,543.8109130859375,138.8595733642578,18.75434513568291,-13.480415387591904
10,2,543.6914672851562,139.44349670410156,18.73767888645466,-13.956390750245689
10,2,541.806640625,139.21591186523438,20.506698378854253,-13.646990094631548
10,2,543.5956420898438,135.934326171875,18.74096010268147,-10.401175934774102
10,2,543.2469482421875,138.36668395996094,19.03489992329446,-12.84753673606474
10,2,542.6485595703125,138.37176513671875,19.524682308901447,-12.851649227458537
10,2,540.9545288085938,139.1673126220703,21.596632728484792,-13.741204669303869
10,2,542.0564575195312,136.74913024902344,20.79821751278621,-11.391526205486926
10,2,543.3605346679688,135.1884765625,19.473792095704766,-9.804639334227659
10,2,540.113037109375,139.27664184570312,22.6760067864941,-13.859979770917334
10,2,541.9365234375,136.19921875,20.79053121839752,-10.745222881669775
10,2,541.2838745117188,136.57359313964844,21.381190904207187,-11.082263477773793
10,2,541.4034423828125,136.67764282226562,21.208716237362864,-11.173182847175227
10,2,542.692626953125,138.860595703125,19.891446133813815,-13.40914501914996
10,2,542.4801635742188,137.0739288330078,20.143201103805268,-11.650103213370542
10,2,541.9774780273438,139.08409118652344,20.730167923922295,-13.671199293553869
10,2,542.2474975585938,139.03341674804688,20.577714995813267,-13.627530471919897
10,2,541.4183349609375,134.1536102294922,21.491082894567853,-8.734997709087779
10,2,543.0419311523438,137.73526000976562,19.858850363179386,-12.252834749539346
10,2,542.538330078125,139.18309020996094,20.353815097415918,-13.636852209912774
10,2,541.1102905273438,137.5736083984375,21.77321830821495,-11.963557658567467
10,2,539.6795043945312,135.2949676513672,23.342068377350415,-9.77991190751817
10,2,545.708251953125,137.52989196777344,17.46098386447568,-12.119890142628037
10,2,543.868408203125,137.95652770996094,19.447594863145014,-12.65094249450263
10,2,542.1740112304688,141.7615966796875,21.097155796139532,-16.4520678635034
8,3,410.3210144042969,175.39971923828125,-4.758673041495115,-2.177837948981619
8,3,410.4925231933594,184.47474670410156,-5.14306359255653,-11.158958514453957
8,3,412.05438232421875,183.58950805664062,-6.475265839173801,-10.472791413254612
8,3,412.1510925292969,181.51515197753906,-6.358471111720348,-8.573796230225526
8,3,409.3666687011719,182.29405212402344,-3.3754238807466095,-9.505991497452499
8,3,409.441162109375,184.46755981445312,-3.607798691285268,-11.875591000365489
8,3,410.6969909667969,181.9022979736328,-4.997911166935182,-9.474729604069239
8,3,411.7159423828125,182.2666015625,-5.767504899125072,-9.827235790021888
8,3,414.50421142578125,176.23605346679688,-8.349964304319258,-3.79409639169009
8,3,411.6755676269531,180.15550231933594,-5.355165213263888,-7.7193817845478065
8,3,411.982666015625,178.6204833984375,-5.699189650530627,-6.13673913111495
8,3,411.6588134765625,181.7256317138672,-5.333272588271711,-9.216927779659926
8,3,413.6309814453125,181.9869842529297,-6.7822048825823344,-9.58798639329325
8,3,411.8611755371094,182.49465942382812,-4.686834390420358,-10.377773472864646
8,3,410.12042236328125,177.27584838867188,-2.8011831616528298,-5.592415081912549
8,3,412.1309509277344,179.22642517089844,-4.664238840505277,-7.534298379320603
8,3,409.79345703125,178.19320678710938,-2.2190887634866954,-6.449496692460826
8,3,413.7196350097656,190.31568908691406,-3.8964781391276233,-18.516084113045736
8,3,412.5546569824219,190.70265197753906,-2.6632725667691943,-18.84096402657059
8,3,414.4095153808594,193.3477020263672,-4.332838815344701,-21.436297209352688
8,3,409.65155029296875,184.56275939941406,0.4540813062898792,-12.545984927009783
8,3,413.2225341796875,189.91358947753906,-3.181478327131174,-17.759307580379584
8,3,412.0779113769531,186.6905059814453,-2.0787268094322258,-14.642028608110337
8,3,407.2376403808594,190.4593048095703,2.749989235733267,-18.462965478965742
8,3,409.98919677734375,189.6377716064453,0.05613729662479727,-17.54695301257601
8,3,409.0208435058594,188.39535522460938,1.0219917639197433,-16.317928733385827
8,3,410.7515869140625,191.7406463623047,-0.7462533477079774,-19.73932968125905
8,3,411.80548095703125,190.34970092773438,-1.8305105643888737,-18.449593586097876
8,3,410.1507568359375,184.80116271972656,-0.14528631597386266,-12.969491133908605
8,3,408.38433837890625,188.04608154296875,1.7881535465288607,-16.208066232116636
8,3,409.5738525390625,185.53257751464844,0.8053395184592205,-13.662169837640135
8,3,409.1236572265625,190.41111755371094,1.3732797671844992,-18.521132381231922
8,3,409.4997863769531,194.3005828857422,0.9536421940538276,-22.440025085143958
8,3,409.8363952636719,187.5847625732422,0.5895745983768279,-15.782148660429385
8,3,409.13214111328125,187.3469696044922,1.27889995898812,-15.625424226709924
8,3,411.0502624511719,186.41952514648438,-0.93600891634145,-14.83545434431673
8,3,411.91748046875,187.16209411621094,-1.9775282036517297,-15.667400840965456
8,3,409.13677978515625,191.48036193847656,1.139006883396803,-19.894666436800776
8,3,409.2181701660156,190.12413024902344,1.0944752491635086,-18.51777041544534
8,3,411.0828857421875,185.72845458984375,-0.9579628939600866,-14.153354850032258
8,3,411.09539794921875,187.8323211669922,-0.8115985508894141,-16.22176830995042
8,3,411.9404296875,191.07847595214844,-1.6874337373040476,-19.424645628480988
8,3,407.0610656738281,189.27439880371094,2.9217139300673125,-17.55160490265098
8,3,409.0770263671875,185.777587890625,0.8455016073031061,-13.944191316089075
8,3,411.939697265625,187.9003448486328,-2.100043331487541,-15.95689329673317
7,7,383.68377685546875,351.617431640625,-16.84726273110101,16.206634867528805
7,7,381.6479187011719,353.72723388671875,-15.398390232524662,14.24057432583129
7,7,380.6212158203125,353.97021484375,-14.688724117508116,14.152759500381478
7,7,382.87188720703125,355.23834228515625,-17.27401457043908,12.614137245195934
7,7,382.8787536621094,356.58514404296875,-15.003704151714032,12.241125928793679
7,7,383.485595703125,360.59295654296875,-15.67632928109117,8.254168707077724
7,7,383.1734313964844,358.14752197265625,-15.392202103007605,10.700664866804232
7,7,383.19390869140625,354.5750732421875,-15.391927354174584,14.293077095814454
7,7,382.05621337890625,358.1953125,-14.214504761810474,10.700225502417311
7,7,385.399658203125,354.53179931640625,-17.518463311488574,14.39096020331175
7,7,382.217041015625,355.7772216796875,-14.334755944072697,13.198770037997747
7,7,384.30126953125,354.67962646484375,-16.476346812323982,14.389194971675636
7,7,381.3131408691406,353.60430908203125,-13.516319725262747,15.525253486410463
7,7,382.964111328125,354.4658203125,-15.187146238368712,14.7165171778135
7,7,380.5914611816406,355.97442626953125,-12.871639629414119,13.317265271499025
7,7,379.4977722167969,353.20538330078125,-11.861382670169291,16.22582450656546
7,7,384.2330017089844,352.58282470703125,-16.717766194938747,17.03046026997606
7,7,378.39202880859375,358.2845458984375,-10.941177256018477,11.53209803747967
7,7,376.9108581542969,356.76495361328125,-9.528875222233182,13.183788110624448
7,7,378.2234191894531,354.895751953125,-10.917525749263064,15.250832588764297
7,7,379.986083984375,350.433349609375,-12.7993741855812,19.47918260987126
7,7,380.6719970703125,351.539794921875,-13.631171742758852,18.02370862895293
7,7,376.6796875,350.1907958984375,-10.181413781873289,19.467636351637054
7,7,377.2143249511719,353.4434814453125,-10.911437715463364,16.34653029314967
7,7,375.9306640625,351.6337890625,-9.82316330920969,18.287802164349785
7,7,376.1042175292969,351.787841796875,-10.21472922100952,18.245378444388166
7,7,380.50067138671875,351.06744384765625,-15.064625777604078,18.86955583782617
7,7,379.0951843261719,355.94683837890625,-14.110081732110984,13.894471183848282
7,7,377.8630065917969,351.4166259765625,-13.328852388454493,18.328992322747865
7,7,393.9299011230469,360.9752197265625,-19.083462493166962,6.498358666580145
7,7,393.1517639160156,360.16754150390625,-18.315161430766466,7.332380836652646
7,7,394.098388671875,361.04534912109375,-19.248663995209995,6.564220418831724
7,7,392.7119445800781,361.32159423828125,-17.844840362397235,6.333150800040073
7,7,393.3271789550781,358.7762451171875,-18.441397970084722,8.893530054977816
7,7,389.028076171875,357.0606689453125,-14.210497501391444,10.730289169484251
7,7,389.5674743652344,361.7615966796875,-14.818436897092795,6.1511465189584555
7,7,392.28485107421875,357.086669921875,-17.622126279420854,10.85206557756652
7,7,392.1859436035156,355.94281005859375,-17.646780269231442,11.843257743492984
7,7,387.9444885253906,353.83740234375,-13.748665710809291,13.811758208184358
7,7,389.9093933105469,352.16192626953125,-15.733326104742105,15.21797931552726
7,7,388.0021667480469,355.6807861328125,-13.676381026661204,11.321964037018518
7,7,387.4227600097656,352.666015625,-13.216872164318033,14.540694701779898
7,7,389.40277099609375,351.66351318359375,-15.601383829862868,15.749894269425738
7,7,386.6078796386719,355.4525146484375,-13.006830813559588,11.982619831604893
7,7,386.62237548828125,353.78887939453125,-13.318386248168679,13.608042159267825
7,7,386.2860412597656,350.5771484375,-13.289253259288841,16.69355039621729
7,7,386.4625244140625,355.1419677734375,-13.771074018601098,12.003274069630947
7,7,386.581298828125,354.68414306640625,-14.197587861066893,12.333312445633567
7,7,386.2114562988281,354.73956298828125,-14.234847002985532,12.09640802795866
7,7,385.2667541503906,351.19610595703125,-13.780730416266522,15.621109059513515
7,5,357.4526672363281,284.9034423828125,-14.057272974994419,-3.2494106917872045
7,5,355.95068359375,287.02410888671875,-13.697682367020718,-6.012956434099692
7,5,354.3931884765625,288.17266845703125,-13.145033140306566,-7.876470783390118
7,5,353.50689697265625,287.657470703125,-12.183762456830095,-6.87194370493188
7,5,351.94677734375,292.45343017578125,-10.687390396227613,-11.606355596685432
7,5,352.5528869628906,284.97479248046875,-11.569800473394821,-4.722001695602842
7,5,352.32537841796875,284.14886474609375,-11.368403337448797,-4.039873165617848
7,5,351.903076171875,289.3568115234375,-10.869176806884354,-9.28662405046964
7,5,353.0348815917969,288.49761962890625,-11.78078110311344,-9.3157644899851
7,5,351.7950744628906,289.09600830078125,-10.505008251785455,-11.076402672173458
7,5,351.41986083984375,286.85528564453125,-10.2765381442656,-9.804021785371617
7,5,351.0156555175781,286.57818603515625,-8.97083716999515,-9.162782084443165
7,5,353.83978271484375,287.470458984375,-11.042582452994907,-9.985419232103425
7,5,350.5367126464844,283.18914794921875,-7.612908215057303,-7.323898618121802
7,5,350.5887451171875,284.90771484375,-7.991699150694103,-9.823153650978725
7,5,350.2164001464844,278.66949462890625,-6.619066218106639,-10.093934248008395
7,5,350.8457946777344,280.74200439453125,-6.824587790121825,-11.815586593798002
7,5,350.6684265136719,280.27545166015625,-6.241696353090333,-12.219633256267912
7,5,353.088134765625,278.84027099609375,-8.657842546377196,-11.043357560881589
7,5,399.9806213378906,269.98114013671875,0.8908648644119808,15.890399870803094
7,5,399.3569030761719,272.8505859375,2.065487833817542,14.657945729530638
7,5,398.53778076171875,270.94830322265625,2.8436494632204585,16.69892434489026
7,5,397.47491455078125,269.56292724609375,4.4814449480826966,17.485330254217615
7,5,399.7651672363281,270.44293212890625,2.8619450733817757,16.130626549065084
7,5,396.8568420410156,283.7001953125,6.163120252168426,4.123560839578829
7,5,396.5046081542969,284.9376220703125,6.806287506492936,3.8714182760359677
7,5,398.42755126953125,284.1522216796875,5.174274290706364,5.642091115556525
7,5,393.66571044921875,284.23309326171875,10.209987822720052,6.231977927826904
7,5,394.5505676269531,280.92755126953125,9.49491421886296,8.288999634707693
7,5,394.143310546875,275.9991455078125,9.977284918373243,13.327021109592863
7,5,394.8940124511719,279.69134521484375,9.197313381189701,11.226849520646567
7,5,396.0294494628906,282.44525146484375,8.092278223711048,8.025734549606511
7,5,394.7262268066406,283.7763671875,9.405701494605978,5.967787015166778
7,5,396.1717834472656,281.25537109375,7.7318294830080845,8.899287645638537
7,5,398.1938171386719,281.06280517578125,5.537615534144038,10.174435016780308
7,5,393.5923767089844,282.3280029296875,9.988407215160862,10.168687043303464
7,5,397.19073486328125,282.526611328125,6.483547217535204,9.89049649778724
7,5,397.9495849609375,279.6778564453125,5.813230531002773,11.879885899628107
7,5,395.31536865234375,279.1883544921875,8.529510909820658,10.37925382783385
7,5,395.551025390625,283.1082763671875,8.25492489610889,5.764650654708873
7,5,398.8202819824219,280.392333984375,4.919418011073901,8.220458900161248
7,5,399.9745788574219,281.886962890625,3.8820868855237336,6.246913172292238
7,5,397.7572937011719,286.44384765625,6.277434332523683,1.37445271763778
7,5,399.678466796875,281.35369873046875,4.624221570616726,6.384405402507241
7,5,390.8981018066406,299.8182373046875,-12.082782343803899,5.5365357120646195
7,5,388.3181457519531,299.5618896484375,-9.86167189268383,5.823579420245721
7,5,388.0680847167969,299.64996337890625,-9.935679370295816,6.557151707626247
7,5,392.54327392578125,298.69427490234375,-12.634055770978648,11.240857680402314
7,5,392.3373107910156,298.31561279296875,-11.755693471170673,10.436280035851098
7,5,394.36004638671875,296.90728759765625,-12.940792488282398,11.323625960320214
11,2,575.719970703125,127.31828308105469,2.1221781403761497,-15.195864708612831
11,2,574.4022827148438,126.63888549804688,3.6984068007365067,-14.150119401123831
11,2,568.6875610351562,129.0565643310547,9.776428437933077,-16.091692998745643
11,2,573.3228149414062,131.19688415527344,5.629888199260904,-17.74652551868617
11,2,573.3600463867188,130.33778381347656,6.1928712629865,-16.391217136634594
11,2,577.17626953125,133.32046508789062,2.4871033127163855,-18.154120215791167
11,2,571.6862182617188,128.5296630859375,8.140571074599848,-12.055709699111986
11,2,574.885986328125,131.60255432128906,5.608932578796612,-13.909561842267749
11,2,577.5894775390625,127.30097961425781,3.259013962669428,-8.320000703305965
11,2,575.4065551757812,134.2432098388672,5.524636635708475,-13.903731081856137
11,2,575.366943359375,134.4302520751953,6.128762170434811,-12.357926496266003
11,2,576.86181640625,137.45425415039062,5.221755083057815,-13.520939831883723
11,2,571.8666381835938,134.3635711669922,10.637179780558313,-8.291185315981707
11,2,574.6266479492188,141.13075256347656,8.378823912204325,-12.686081860088791
11,2,571.5928955078125,143.94004821777344,11.982399940221399,-12.92780236670464
11,2,574.3008422851562,144.9203338623047,9.89393434271608,-11.7895899152104
11,2,573.56103515625,147.87124633789062,11.123329395353153,-12.636741000448211
11,2,575.2703247070312,149.37124633789062,13.423945757807019,-6.834300330291427
11,2,573.9095458984375,149.6727752685547,15.084198136667283,-7.3543875633351945
11,2,550.0372924804688,138.68450927734375,12.660946742068745,-13.993529888956772
11,2,551.1936645507812,141.13893127441406,11.57504562907991,-16.424323887880433
11,2,552.3193359375,140.03981018066406,10.514275253635674,-15.297386050766647
11,2,553.3629760742188,136.8216552734375,8.825162089192077,-12.051180239708046
11,3,575.92626953125,163.53662109375,10.373542006894468,-16.972639017997295
11,3,574.0379638671875,164.9315185546875,12.517914666656111,-16.978742646250197
11,3,578.9111328125,169.2454376220703,7.91521488989099,-20.135785290130485
11,3,577.8330688476562,165.59939575195312,9.62505218682361,-15.903557820363432
11,3,575.8574829101562,166.85646057128906,11.828704788452342,-17.033382675664768
11,3,576.491455078125,167.28961181640625,11.096402207711321,-17.642843160259133
11,3,571.8643798828125,169.9653778076172,15.990056486233016,-20.626860830970486
11,3,574.9795532226562,164.846923828125,13.149725043013063,-15.845364009309009
11,3,575.534423828125,164.31040954589844,12.430696023234987,-15.621991668448175
11,3,575.1185913085938,161.278076171875,12.749052445383427,-12.778234009425717
11,3,574.97119140625,157.8139190673828,12.869374579344822,-9.37114467914654
11,3,574.671630859375,160.51046752929688,13.359146830076952,-12.241551989856731
11,3,578.21728515625,162.7935028076172,9.981079372139448,-14.722049830893383
11,3,574.3756103515625,164.56661987304688,13.603925499923776,-16.68305632199062
11,3,576.7015380859375,160.5544891357422,11.12755267972102,-12.929255592053892
11,3,576.0078125,161.75196838378906,11.739177025028425,-14.458252923855298
11,3,578.510498046875,163.1691436767578,9.24499141985575,-16.30261958969615
11,3,573.6000366210938,159.802734375,14.245728640633615,-13.345866778349915
11,3,575.5895385742188,160.26438903808594,12.671342850265091,-14.024939646211067
11,3,575.5651245117188,162.04579162597656,12.875224091766427,-16.02297888404928
11,3,578.8856811523438,156.93426513671875,9.494730708476709,-11.128745050218868
11,3,575.744384765625,164.0366668701172,12.576521878908238,-18.44687499779681
11,3,575.5607299804688,161.35008239746094,12.741427715958025,-15.906780356441402
11,3,576.9413452148438,158.78350830078125,11.52495370787608,-13.175712904999557
11,3,575.055419921875,158.52337646484375,13.319155261619699,-13.0577742844213
11,3,577.7341918945312,158.1104278564453,10.308900617933546,-13.074400340038807
11,3,574.4810791015625,156.5403289794922,13.589982319548426,-11.765961373260211
11,3,577.813232421875,158.41995239257812,10.291625053109101,-13.835002237563174
11,3,575.0859375,153.8104248046875,12.804769783100028,-9.22581401168452
11,3,572.9675903320312,156.94461059570312,15.030680953853789,-12.489078164193046
11,3,575.1619262695312,158.42190551757812,13.236087068367965,-14.212371093480641
11,3,575.8662109375,159.38514709472656,12.424354529474499,-15.310174603414708
11,3,575.21484375,156.52064514160156,12.935724726998046,-12.606665107141083
11,3,573.320068359375,155.2211151123047,14.906986239531761,-11.656251706272371
11,3,577.8080444335938,157.27403259277344,10.481916645722777,-13.868425322079105
11,3,576.5481567382812,160.00750732421875,11.792011144219714,-16.59072380045177
11,3,571.8062133789062,159.20916748046875,16.584106273825114,-15.781219954204403
11,3,577.553955078125,155.02078247070312,10.878890557937211,-11.614546104622775
11,3,574.8292236328125,156.5599365234375,13.61556166835669,-13.306820917806562
11,3,575.087158203125,153.88662719726562,13.60077843565773,-10.743470804315535
11,3,576.3173217773438,158.32705688476562,12.818457034791209,-15.256682314059447
11,3,575.8665771484375,153.77386474609375,12.975688792957499,-10.874001097617764
11,3,577.257568359375,157.425048828125,11.297528253529094,-14.70870297369487
11,3,576.0390625,154.0068359375,12.717393606778728,-11.51545858755972
11,3,574.7758178710938,154.26109313964844,13.9778604219008,-11.702356292093782
11,3,574.5521240234375,152.71499633789062,14.363953016194614,-10.271975288144603
11,3,581.7698974609375,153.2671356201172,6.907402874899503,-11.008487619397812
11,3,578.2533569335938,153.4398651123047,10.261791231708685,-11.319124585620074
11,3,550.5538330078125,163.0386199951172,5.55538384295437,-2.854874155551471
11,3,551.9049072265625,169.52638244628906,4.729064930903974,-4.276777988149405
9,7,457.2850646972656,365.4122314453125,-6.6258868942352365,15.788562169502995
9,7,459.1953430175781,366.58929443359375,-8.488012889363176,14.60702300406291
9,7,458.2069091796875,364.8385009765625,-7.5598508591638165,16.399894571466405
9,7,459.1376647949219,365.7607421875,-8.550878282089514,15.51973147090115
9,7,460.05609130859375,363.036865234375,-9.529576603452654,18.285686534398394
9,7,459.4009094238281,368.0267333984375,-8.788213742184496,13.218688145318708
9,7,461.1034240722656,364.19940185546875,-10.377850420762343,16.947115937916635
9,7,459.8287048339844,365.34149169921875,-8.990943303288134,15.706727001685294
9,7,459.4858093261719,365.7703857421875,-8.606202617528766,15.212404391759321
9,7,463.8631896972656,367.85498046875,-13.005854898349071,13.092342449304681
9,7,461.6269226074219,366.4893798828125,-10.688603510775579,14.43178662167793
9,7,459.29852294921875,369.315185546875,-8.271804801397877,11.600921413474225
9,7,458.80621337890625,365.186767578125,-7.731677441308705,15.806708925539454
9,7,460.5412292480469,363.34466552734375,-9.467738878138846,17.755955663858174
9,7,457.3190002441406,361.60040283203125,-6.290185171483358,19.632725843358685
9,7,459.3902282714844,364.30810546875,-8.050580649256858,16.87724155222452
9,7,460.03472900390625,360.47174072265625,-8.364113944819394,20.66636491937902
9,7,459.042724609375,363.01593017578125,-7.182532671038587,18.18984614907197
9,7,456.92401123046875,366.74383544921875,-4.874240152948062,14.529612365150513
9,7,456.3161315917969,362.32525634765625,-4.076679678032065,19.015899257646822
9,7,460.49749755859375,360.97955322265625,-8.015943973626918,20.385635299754654
9,7,456.4803161621094,363.75762939453125,-3.6828061937906114,17.633848505402796
9,7,458.9220275878906,365.51519775390625,-5.553942668600541,15.93676724211116
9,7,461.4220886230469,369.04986572265625,-7.482802301064737,12.462652780080646
9,7,459.80999755859375,367.38580322265625,-5.299509833919558,14.187268786800075
9,7,461.09814453125,359.247802734375,-10.58829586688745,19.882270339940078
9,7,461.9691162109375,368.9197998046875,-11.390070046632445,10.160034407224543
9,7,462.8597412109375,362.3896484375,-12.352899375744755,16.697558133325174
9,7,463.2226257324219,370.06494140625,-12.74553981474861,9.069974372611114
9,7,462.0588073730469,366.630126953125,-11.605022052255663,12.558632239619044
9,7,461.830078125,366.264404296875,-11.39974950503489,12.97855903738946
9,7,464.2019958496094,364.3087158203125,-13.733454713371373,14.89006556703589
9,7,463.3159484863281,366.79058837890625,-12.815845291450046,12.335087517305112
9,7,465.0355224609375,363.408447265625,-14.712036082642555,15.73901234499715
9,7,463.8626708984375,365.54132080078125,-13.703500237570893,13.554411652516137
9,7,461.1703796386719,364.40985107421875,-11.1614256755675,14.548004073171057
9,7,463.175537109375,367.01556396484375,-13.3167998440328,11.804413876638478
9,7,463.1923828125,364.010009765625,-13.448018624223437,14.672777293317495
9,7,465.0507507324219,366.49853515625,-15.183686265625795,12.057719218420061
9,7,466.1274108886719,365.91864013671875,-16.214532293023638,12.608842685409115
9,7,466.8158874511719,365.09521484375,-16.929989932524222,13.485799223882339
9,7,460.6966552734375,359.4219970703125,-10.837738831790489,19.21254824282437
9,7,463.7514953613281,366.02142333984375,-13.855306303828172,12.638944754762804
9,7,465.378173828125,367.32489013671875,-15.341829880282035,11.317189978662213
9,7,466.8349304199219,363.5084228515625,-16.47713870600785,15.11013845249147
9,7,464.169921875,366.64654541015625,-13.42155057237727,11.944928784135811
9,7,464.35797119140625,365.1590576171875,-13.21103953257682,13.381061402044338
9,7,463.84625244140625,366.4476318359375,-12.280885181600524,12.040859309250493
9,7,463.7415466308594,366.71612548828125,-11.727193936733613,11.72031862281733
9,7,463.6405029296875,356.126953125,-10.773980231154326,22.139279222322557
11,6,550.575439453125,308.53387451171875,-9.78987456514676,6.327712921657223
11,6,550.9093627929688,300.9891357421875,-9.288677234771853,14.642532701146592
11,6,550.1722412109375,310.077880859375,-7.355921823872109,8.07785770150241
11,6,551.7628784179688,314.84722900390625,-8.287001257819384,3.6363665104435654
11,6,552.1636352539062,310.01141357421875,-8.198359569681315,8.9291706701635
11,6,551.1964721679688,308.47393798828125,-4.814609797311164,13.301327399980266
11,6,553.3486938476562,306.3360595703125,-6.782485197262417,15.707847611911802
11,6,550.8163452148438,310.5711669921875,-3.9976406747379087,11.63856821927044
11,6,555.8129272460938,316.23992919921875,-8.47407774212229,6.278601251097484
11,6,551.8841552734375,316.16326904296875,-4.263031572719797,6.406438573373578
11,6,552.4204711914062,317.6588134765625,-4.498340703432291,4.883301873837581
11,6,552.20751953125,317.88104248046875,-4.029198013004589,4.696175400776383
11,6,554.6663818359375,316.884521484375,-5.872364411088029,6.2769739031186305
11,6,551.2998657226562,318.61883544921875,-2.112484946628797,4.850405352021255
11,6,550.81005859375,318.9920654296875,-1.1914798425514164,4.683486584826596
11,6,553.8162231445312,318.94415283203125,-4.002294760405903,4.86641223776553
11,6,553.7701416015625,323.31365966796875,-3.7833110882106666,0.625596072586859
11,6,558.0427856445312,316.9222412109375,-7.884101911763082,7.144924499134902
11,6,555.3587036132812,324.6241455078125,-5.031741931768238,-0.14761870439866698
11,6,554.1704711914062,316.78887939453125,-3.677778531844183,8.297672977050183
11,6,557.5873413085938,320.5445556640625,-6.794606945725832,4.513141492658804
11,6,556.8243408203125,323.1883544921875,-5.741257773226266,1.9403601669388877
11,6,555.4470825195312,327.1885986328125,-4.138306884340182,-1.5213926571619254
11,6,553.127685546875,328.88653564453125,-1.5684171061308234,-2.841603030461499
11,6,557.6632080078125,321.48736572265625,-5.838654893289345,4.818757276155168
11,6,556.70556640625,319.56927490234375,-4.631267751575933,7.100312604372789
11,6,554.4485473632812,317.153564453125,-2.1698376103224746,9.874550202250987
11,6,560.6951293945312,333.16119384765625,-1.8976697130642606,-2.6779295671479417
11,6,560.4677124023438,333.9609375,-1.3994811025768286,-3.177453348891561
11,6,561.2831420898438,332.8702392578125,-1.9439906091046169,-1.7863705162321821
11,6,561.015625,334.89984130859375,-1.4055533382887688,-3.5155879765414966
11,6,559.4066162109375,327.47235107421875,0.3954970680608767,3.912064041679514
11,6,556.8456420898438,332.00616455078125,3.146675698375475,-0.6334758200368356
11,6,557.2653198242188,333.8643798828125,2.9159366654557743,-2.503339498328671
11,6,560.14697265625,330.65313720703125,0.2095132426437658,0.8126939912369835
11,6,558.8201904296875,337.21539306640625,1.703695527404534,-5.578302701049324
11,6,562.8111572265625,339.15179443359375,-2.2186783668312273,-7.369778546012526
11,6,560.695068359375,336.53936767578125,-0.028755656317230205,-4.564108336581569
11,6,560.647705078125,338.69378662109375,0.11127913128689215,-6.413042024273011
11,6,559.5848999023438,341.18121337890625,1.2698869515575097,-8.511563527568057
11,6,558.6610717773438,338.41754150390625,2.290367766520717,-5.315848106330407
11,6,558.292724609375,341.89892578125,2.8756251780782804,-8.467618519888958
11,6,563.3929443359375,338.99224853515625,-1.977956993666453,-5.238463154457975
10,8,511.62554931640625,421.57867431640625,-4.670955149122733,21.05802229362331
10,8,518.83544921875,420.8507080078125,-11.804884002755614,21.981801787847587
10,8,516.7633056640625,422.860595703125,-9.750129328319701,20.076171341077384
10,8,517.1367797851562,423.55560302734375,-10.120813569379209,19.411721042927013
10,8,514.037109375,423.3271484375,-7.005411028940955,19.62346282119512
10,8,519.3560791015625,422.94659423828125,-12.308648625221508,19.987304208838168
10,8,517.076171875,418.84857177734375,-10.09473292001286,24.042883290472332
10,8,518.5076293945312,424.94677734375,-11.874530794156101,17.807920601615365
10,8,517.5018920898438,422.16021728515625,-10.889936376024025,20.606561158721036
10,8,517.4029541015625,423.13128662109375,-10.810913745660457,19.736697257759317
10,8,518.870849609375,421.1278076171875,-12.457354068810446,22.118058275785927
10,8,516.691162109375,423.21002197265625,-10.436678365629575,20.319709123856285
10,8,515.4359130859375,423.01983642578125,-9.323568562312005,20.712284334627498
10,8,518.455322265625,422.9388427734375,-12.484961159704994,20.99544580640918
10,8,515.32421875,417.528076171875,-9.545416552870165,26.64455736565651
10,8,519.9347534179688,422.92327880859375,-14.544177490602237,21.631657535563193
10,8,518.440185546875,419.79620361328125,-13.223867593558452,25.186991043752016
10,8,518.1597900390625,420.72344970703125,-12.940737581392625,24.72859353712107
10,8,519.4228515625,420.6282958984375,-14.20106456787886,25.292601521949905
10,8,514.56396484375,427.87042236328125,-9.363871140320214,18.496284916754973
10,8,511.0726013183594,418.17718505859375,-5.98497156217644,28.54972302957725
10,8,516.707275390625,418.40374755859375,-11.73279600780279,28.68555983106927
10,8,510.3836669921875,421.52227783203125,-5.521651556612142,25.927230365766604
10,8,515.5318603515625,420.7171630859375,-10.856153936680528,27.083618526235625
10,8,516.2449951171875,427.99072265625,-11.748891711261763,20.202552084238448
10,8,515.7973022460938,425.04315185546875,-11.423275299268028,23.692957590035235
10,8,513.357421875,427.1663818359375,-9.11897353087869,22.12389773116456
10,8,515.127685546875,429.711669921875,-11.035698798315991,20.141916335159863
10,8,510.45745849609375,432.7510986328125,-6.361214016281906,17.634795837132856
10,8,511.34954833984375,431.12811279296875,-7.242086549529688,19.751290586861558
10,8,513.9130859375,434.87939453125,-9.83487657977929,16.38785290722751
10,8,515.4244384765625,437.82275390625,-11.37548294636764,13.832356085620063
10,8,513.9811401367188,432.91961669921875,-9.961438434049683,19.12335584604392
10,8,513.471435546875,436.03802490234375,-9.461343289116314,16.569639196849778
10,8,515.5780029296875,437.76416015625,-11.574638456200262,15.411193576120638
10,8,512.5277709960938,434.39794921875,-8.529135680266336,19.287788217074592
10,8,513.448486328125,434.98358154296875,-9.500167426151336,19.027525406989696
10,8,511.53704833984375,437.96826171875,-7.673525184429536,16.230783339618597
10,8,510.5322265625,441.73944091796875,-6.8211906588734905,12.894786101695047
10,8,511.8516845703125,439.23126220703125,-8.332491169534649,15.942391609592903
10,8,506.49072265625,435.45440673828125,-3.1149436284786134,20.103085084978318
10,8,505.6927490234375,437.83447265625,-2.4614175542797057,18.109622418826348
10,8,507.64801025390625,438.0958251953125,-4.581116672212147,18.26534632367492
10,8,505.827392578125,436.78790283203125,-3.032802748795632,20.160438502400723
10,8,508.1278381347656,433.8792724609375,-5.709026978114025,23.565845878056052
11,7,555.0230102539062,399.676025390625,-4.7244542308174005,20.44110348377916
11,7,556.1806640625,397.1951904296875,-5.749651335175599,22.912353627150708
11,7,555.2943725585938,399.5421142578125,-4.858350171340589,20.59274166772167
11,7,555.796630859375,392.6097412109375,-5.539741817030858,27.37512146792693
11,7,561.2466430664062,397.73486328125,-10.879613836603767,22.24181254737846
11,7,562.518310546875,394.18792724609375,-11.479733785042981,25.892276133608846
11,7,567.1703491210938,397.96002197265625,-15.908241700081135,22.095314153330662
11,7,560.9520874023438,399.72711181640625,-9.186622172548141,20.258708548588913
11,7,582.0240478515625,358.12799072265625,-7.687990740795158,6.804349576060304
11,7,584.0983276367188,354.33953857421875,-9.837084001739072,10.606149647046152
11,7,584.8970336914062,364.13189697265625,-10.710603532214236,0.8271391711570573
11,7,573.7787475585938,361.5191650390625,0.036080725035049,3.6286511183710104
11,7,580.5516967773438,355.5369873046875,-7.131924180540523,9.825032441809412
11,7,582.6664428710938,366.4547119140625,-8.747927657630385,-1.2758931615745723
11,7,576.9164428710938,360.858642578125,-2.656380119363007,4.216448550623284
11,7,584.8855590820312,361.933349609375,-10.507089352132652,3.150773852442285
11,7,586.1190795898438,352.77020263671875,-11.47608449958227,12.42414733455837
11,7,581.4794311523438,360.74432373046875,-6.54163944254617,4.604007148057178
11,7,577.314697265625,360.39501953125,-2.2925795290755104,5.219342401433266
11,7,576.90869140625,357.2515869140625,-1.8028048633897242,8.627048158323248
11,7,581.04150390625,357.77197265625,-5.851844562667225,8.370948157375608
11,7,583.0274047851562,360.64276123046875,-7.603064973870232,6.000222267456309
11,7,580.3805541992188,357.88519287109375,-4.672587702615374,9.25723492406047
11,7,579.8285522460938,360.36126708984375,-3.786345796634805,6.753192767025325
11,7,581.7476806640625,359.43060302734375,-5.2323798099143914,7.637366852029913
11,7,577.7699584960938,358.6907958984375,-0.6180484135094275,8.30864901521295
11,7,582.2459716796875,365.6185302734375,-5.008300062801823,1.7299789794647609
11,7,581.7011108398438,362.770263671875,-4.5019711006251555,4.992778444487556
11,7,578.1144409179688,362.5804443359375,-0.7695289030955337,5.248368564091493
11,7,574.8836059570312,363.6182861328125,2.6202660240239766,4.264766394971389
11,8,555.2177124023438,403.120849609375,-4.855261564221223,16.95678438805777
11,8,558.6951904296875,402.5782470703125,-8.41107906775676,17.400618334576677
11,8,557.484375,405.0323486328125,-6.937023397312373,14.948705546120891
11,8,557.9833374023438,401.57427978515625,-7.398104106800361,18.483536752216708
11,8,557.4940185546875,406.5145263671875,-6.928299551563896,13.646816747672062
11,8,559.3519287109375,402.38897705078125,-8.68458216583565,17.7435887002668
11,8,560.8329467773438,410.55999755859375,-10.0192649988644,9.545224852640843
11,8,566.2352294921875,405.85858154296875,-14.74724008930616,14.171090564207702
11,8,563.9959106445312,406.3089599609375,-12.016041802091308,13.713030935427412
11,8,562.4732666015625,402.5247802734375,-10.38481364640893,17.666737405739127
11,8,563.274169921875,403.14202880859375,-10.589686710357,16.966286028765467
11,8,564.01806640625,408.2086181640625,-10.553789827004266,11.70486963135886
11,8,562.2575073242188,403.33135986328125,-8.21110802017256,16.2072985822673
11,8,559.7212524414062,400.75128173828125,-5.1695242535462285,18.551031535552625
11,8,563.3841552734375,403.03106689453125,-8.451175210325232,16.258652257648293
11,8,556.9191284179688,409.04351806640625,-1.383703101750143,10.357363012220503
11,8,561.3756713867188,406.158203125,-5.159543004869761,13.379784219168357
11,8,560.74609375,405.2513427734375,-4.006470476407117,13.998372547005715
11,8,563.8760986328125,409.35345458984375,-6.592202264783509,9.668176849671056
11,8,563.78076171875,407.54681396484375,-5.915663050436137,11.33815173183035
11,8,566.4526977539062,402.9019775390625,-8.188048199939658,15.776108951014805
11,8,564.0896606445312,407.56329345703125,-5.488750095671435,10.894213957421528
11,5,550.7864379882812,290.84283447265625,-9.559341229419147,-8.773732488289227
11,5,550.2056884765625,294.487060546875,-8.978591717700397,-12.417958562507977
11,5,550.0189819335938,296.76837158203125,-5.3337731269864435,-9.340142152907333
11,5,550.722412109375,290.60662841796875,-6.0372033027676935,-3.178398988844833
11,5,551.6881103515625,289.03924560546875,-7.0029015449551935,-1.6110161763448332
11,5,552.05419921875,291.83404541015625,-7.3689904121426935,-4.405815981032333
11,5,550.5151977539062,288.86590576171875,-5.8299889472989435,-1.4376763325948332
11,5,550.4589233398438,287.32080078125,-5.7737145332364435,0.10742864787391682
11,5,550.60205078125,288.10162353515625,-5.9168419746426935,-0.6733941060323332
11,5,550.1234130859375,285.9595947265625,-5.4382042793301935,1.4686347025614168
11,5,551.668701171875,285.5634765625,-6.9834923652676935,1.8647528666239168
11,5,551.6285400390625,288.2349853515625,-6.9433312324551935,-0.8067559224385832
11,5,550.3916625976562,286.17138671875,-5.7064537910489435,1.2568427103739168
11,5,553.6702270507812,290.71026611328125,-8.985018244173943,-3.282036684157333
11,5,552.5297241210938,290.933837890625,-7.8445153144864435,-3.505608461501083
11,5,550.341064453125,289.16204833984375,-5.6558556465176935,-1.7338189107198332
11,5,551.7511596679688,288.1407470703125,-7.0659508613614435,-0.7125176411885832
11,5,550.5482788085938,289.0076904296875,-5.8630700019864435,-1.5794610005635832
11,5,551.74462890625,292.00885009765625,-7.0594200996426935,-4.580620668532333
11,5,551.8514404296875,290.489990234375,-7.1662316230801935,-3.061760805251083
11,5,550.0487060546875,294.43194580078125,-5.3634972480801935,-7.003716371657333
11,5,552.1433715820312,286.455810546875,-7.4581627754239435,0.9724188822489168
11,5,550.7139892578125,288.83099365234375,-6.0287804512051935,-1.4027642232198332
11,5,553.9830322265625,291.296630859375,-9.297823419955193,-3.868401430251083
11,5,551.7188110351562,286.5482177734375,-7.0336022285489435,0.8800116556864168
11,5,552.1539306640625,286.93328857421875,-7.4687218574551935,0.4949408549051668
11,5,550.353271484375,287.999267578125,-5.6680626777676935,-0.5710381490010832
11,5,550.7081298828125,287.2783203125,-6.0229210762051935,0.14990911662391682
11,5,553.9092407226562,285.91357421875,-9.224031916048943,1.5146552103739168
11,5,551.4177856445312,283.6011962890625,-6.7325768379239435,3.827033140061417
11,5,551.5348510742188,287.71173095703125,-6.8496422676114435,-0.2835015279073332
11,5,553.9813232421875,283.96563720703125,-9.296114435580193,3.462592222092667
11,5,550.5780029296875,287.41522216796875,-5.8927941230801935,0.013007261155166816
6,4,343.0578918457031,234.6062774658203,-16.107966393220522,2.3549713479645504
6,4,340.5523376464844,238.02870178222656,-13.317292183869483,-1.039467968370559
6,4,342.7430114746094,240.3016815185547,-15.406918536110823,-3.221713684731469
6,4,342.036865234375,238.37269592285156,-14.670675908262467,-1.193280533189693
6,4,341.3992004394531,235.3982391357422,-14.059057832201404,1.6855195819606763
6,4,341.3234558105469,236.4611053466797,-14.12271306188137,0.44587408291255315
6,4,339.7383117675781,236.9286346435547,-12.846302512742454,-0.3198321157571513
6,4,339.3467712402344,237.18394470214844,-12.61864174124986,-0.7868455602632878
6,4,342.1379089355469,235.40086364746094,-15.52540867781397,0.8266791900366854
6,4,341.2387390136719,239.6790313720703,-14.798416959873691,-3.5031780310976615
6,4,339.8350830078125,238.71131896972656,-13.435438868897222,-2.541543478702067
6,4,340.9517517089844,235.8749237060547,-14.403590727299331,0.3544016506337755
6,4,339.7123107910156,237.0935821533203,-13.118645700121363,-0.8213530278715382
6,4,340.056396484375,240.0049285888672,-13.455072805640725,-3.7024057233043095
6,4,343.0000305175781,238.1191864013672,-16.419534666068955,-1.8646857330756745
6,4,342.27056884765625,238.68601989746094,-15.713121498138662,-2.445222995988985
6,4,336.088134765625,238.5025177001953,-9.556828521240675,-2.227631305838372
6,4,337.2727355957031,240.58909606933594,-10.744408264549975,-4.317760346687521
6,4,338.4954528808594,241.8989715576172,-11.962469236794789,-5.638649921477054
6,4,339.111328125,238.55372619628906,-12.573788050134056,-2.251506675818945
6,4,339.2181701660156,239.46470642089844,-12.666535888334124,-3.142592093405824
6,4,338.4391174316406,239.3013458251953,-11.860586968169969,-2.9896215399981543
6,4,340.0973815917969,240.2892303466797,-13.56121843415184,-3.994096355172303
6,4,339.27947998046875,243.6275177001953,-12.801615283042565,-7.347845039014544
6,4,337.44970703125,238.9434051513672,-10.973078388087515,-2.6494720447784346
6,4,338.68194580078125,242.4435577392578,-12.20774624156951,-6.121184317585914
6,4,337.76904296875,242.88990783691406,-11.298867243080736,-6.5201395497229555
6,4,340.7419738769531,240.4227752685547,-14.379526373761053,-4.06173024504406
6,4,339.39007568359375,239.1763153076172,-13.151003614661875,-2.8400071682545445
6,4,338.3061828613281,242.6341094970703,-12.055681052293437,-6.3114797743403415
6,4,339.5845947265625,241.48448181152344,-13.217775526819025,-5.158058321601999
6,4,341.4657287597656,240.0436248779297,-14.846639983011698,-3.690769251742722
6,4,339.7259826660156,242.3899688720703,-13.190304151239957,-6.3436513332337086
6,4,340.759033203125,238.6334686279297,-14.409353470362475,-2.9513278325489694
6,4,339.4561462402344,241.95411682128906,-13.316262489212818,-6.277100205548322
6,4,339.2256164550781,237.56666564941406,-13.187443360988482,-1.8561673273957524
6,4,338.6556701660156,242.14170837402344,-12.585919795271877,-6.349544340007213
6,4,338.3083801269531,244.6772918701172,-12.207052479555273,-8.80346212410302
6,4,338.34722900390625,242.1599884033203,-12.221955692299161,-6.192056290654222
6,4,341.17181396484375,243.17372131347656,-15.082858746351121,-7.013479601623288
6,4,339.49334716796875,240.49867248535156,-13.378040026561564,-4.1926032383255745
6,4,337.5357971191406,242.43727111816406,-11.317790104358153,-6.044232375684771
6,4,339.5398864746094,242.1324920654297,-13.33709744122001,-5.709875830856447
6,4,340.41448974609375,241.41368103027344,-14.257166565395039,-5.004195341220623
6,4,339.68603515625,242.4213104248047,-13.560922565519604,-6.223441375769511
6,4,338.42156982421875,242.92994689941406,-12.261201625534454,-6.910111861191723
6,4,337.0799865722656,240.4152374267578,-10.8032382704165,-4.533057415113859
6,4,336.6240234375,239.6127471923828,-10.230187487185674,-3.8690590957928634
6,4,336.22235107421875,240.7455596923828,-9.705428103796294,-5.097966407260088
6,4,337.88726806640625,242.66282653808594,-11.201759977581446,-6.829463078751758
7,4,390.5818176269531,239.69676208496094,2.99688384705496,-10.95066665123673
7,4,390.72711181640625,235.2751007080078,2.694028539364467,-7.2117128408627025
7,4,392.21563720703125,233.5138702392578,1.0380695101936794,-6.013647204750896
7,4,388.88897705078125,236.33421325683594,4.369000656473759,-9.467124102470393
7,4,392.17083740234375,233.79307556152344,1.5750209677249813,-7.781101200027308
7,4,392.2761535644531,233.40452575683594,1.6602767857446565,-8.250515416505692
7,4,392.73529052734375,232.28358459472656,1.1909271584820544,-7.979517897326019
7,4,393.1112060546875,230.14695739746094,1.1619621255825336,-6.536804703089842
7,4,393.4127197265625,229.38670349121094,1.1538494350041333,-6.239962733994872
7,4,389.9102478027344,232.09056091308594,4.740428340131473,-8.814558676290147
7,4,394.0727844238281,232.3805694580078,0.6449674366307363,-8.926595504384153
7,4,393.48486328125,229.04075622558594,1.2888469133352487,-5.3770143011639675
7,4,393.232177734375,229.50450134277344,2.0666923929467202,-5.885444919206947
7,4,394.6453857421875,227.0492706298828,1.0125422240839725,-3.3930658740985393
7,4,395.5002136230469,228.0428466796875,0.017765854185086027,-4.0960634601314325
7,4,397.2044372558594,227.74203491210938,-1.7235270050178428,-3.5824234157099113
7,4,396.8741455078125,228.0720977783203,-1.3655101992011964,-3.7485619309574076
7,4,395.2748107910156,232.63612365722656,0.7749067944275225,-8.402192744900418
7,4,397.37640380859375,230.1900177001953,-1.5083733779266595,-5.705584417274423
7,4,395.7156982421875,229.3219451904297,-0.03595185624385522,-5.094951100727599
7,4,397.4867858886719,228.24652099609375,-1.8297850627432126,-4.588065236245654
7,4,396.1042785644531,226.1879425048828,-0.4545313110307916,-3.581602725335131
7,4,396.56280517578125,225.61195373535156,-0.9484993085013116,-3.6153542251541353
7,4,394.74072265625,221.89212036132812,0.8183344049535322,-0.09849367748327609
7,4,395.77734375,226.67767333984375,-0.36865194642263077,-4.57171057071443
7,4,366.1833190917969,226.71176147460938,-35.14593703401067,-5.524536570654163
7,4,366.39398193359375,226.28091430664062,-35.448325352349684,-5.261319181691846
7,4,366.8214416503906,226.59228515625,-35.87407586910285,-5.517708349731095
7,4,366.1688537597656,226.45301818847656,-35.3137620622158,-5.383497554926464
7,4,368.2373962402344,224.20103454589844,-37.52260106799696,-3.167081726106602
7,4,366.2606201171875,228.4828338623047,-35.46526663501055,-7.32360934137165
7,4,365.1073913574219,226.02880859375,-34.21790486709813,-4.663980246040865
7,4,366.31658935546875,227.04331970214844,-35.307295556072745,-5.310905072134943
7,4,367.9239501953125,227.2149200439453,-36.8922051061366,-5.32411489614239
7,4,364.7015686035156,230.1126251220703,-33.6965776915211,-8.168671898685915
7,4,365.9599304199219,228.58509826660156,-34.89563884975911,-6.449377643364187
7,4,366.0550231933594,231.85691833496094,-34.977458419479206,-9.622065579164087
7,4,365.3525390625,225.890380859375,-34.35189021341375,-3.737911419272251
7,4,365.16558837890625,230.8659210205078,-34.253227893534415,-8.762413143349818
7,4,365.5901794433594,230.34779357910156,-34.7704841795902,-8.276891077634957
7,4,363.9917297363281,228.38294982910156,-33.030038850590074,-6.3467074253936175
7,4,365.369140625,227.53968811035156,-34.37092072575638,-5.485609172671587
7,4,365.8095703125,227.7775115966797,-34.82674227520363,-5.674827847084572
7,4,364.57421875,229.5402374267578,-33.4307651496693,-7.142797892270806
7,4,364.901611328125,229.3876495361328,-33.65365154613772,-6.794683904894782
7,4,364.55731201171875,230.53614807128906,-33.36743504618033,-8.023534256093711
7,4,365.070556640625,228.77186584472656,-33.94643438585774,-6.414383397329658
7,4,364.458740234375,229.4614715576172,-33.40530064114955,-7.303899633743185
7,4,364.80859375,227.990966796875,-33.76418485773041,-5.758935435405192
7,4,366.22332763671875,228.5348663330078,-35.17777681493715,-6.222021411625377
8,4,400.4882507324219,233.17555236816406,-4.157477431497796,-8.945396556875721
8,8,411.06719970703125,407.78619384765625,-14.486560987357052,6.9908063859646745
8,8,413.2193908691406,410.51641845703125,-16.502080590591277,4.62235175508647
8,8,415.57470703125,417.0125732421875,-18.647073549129345,-1.5698652153745911
8,8,413.9490661621094,409.62689208984375,-17.108131800160322,6.145489832454416
8,8,410.8820495605469,409.41937255859375,-14.21303065465463,6.708357356497345
8,8,413.8201904296875,409.15789794921875,-17.26206169782847,7.454226056190237
8,8,409.87628173828125,414.35052490234375,-13.391255852947552,2.6398506543354188
8,8,410.4749450683594,407.32647705078125,-14.014871231660265,9.90689709586178
8,8,409.48736572265625,404.92315673828125,-13.253740140430864,12.221980525156766
8,8,409.47479248046875,406.5218505859375,-13.525163529893405,10.47730364598715
8,8,410.0884094238281,408.2459716796875,-14.415540187023623,8.92659282192352
8,8,416.76263427734375,403.78900146484375,-21.361551071775978,13.64137946057349
8,8,409.68133544921875,404.52532958984375,-14.546900695003501,13.271040357889603
8,8,411.5754699707031,412.7606201171875,-16.37397075972001,5.160900865181645
8,8,412.671142578125,415.4058837890625,-17.29850934889606,2.5767709741921294
8,8,416.34869384765625,406.83526611328125,-20.717934934134746,11.22836952600477
8,8,414.63104248046875,406.92926025390625,-18.88102479784061,11.145732165189258
8,8,411.3568420410156,408.87774658203125,-15.65756321794288,9.123343289085767
8,8,413.1034851074219,416.88262939453125,-17.455197831682767,1.0441898818908157
8,8,413.94549560546875,411.69842529296875,-18.341460904837902,6.159180119714449
8,8,410.5513916015625,410.44671630859375,-14.945797465350495,7.3746430967620995
8,8,414.4219665527344,411.1893310546875,-18.963387363550112,6.554738219156775
8,8,413.431396484375,407.78955078125,-18.2956665771635,9.828653155097697
8,8,411.7984924316406,408.65447998046875,-16.788749238785158,8.886120793448185
8,8,409.4521484375,406.282958984375,-14.567187610873816,11.16488010020737
8,8,414.3765563964844,412.59075927734375,-19.945428807141866,4.5841241759957825
8,8,409.6728820800781,406.78045654296875,-15.537138202075141,10.245065257323745
8,8,408.6238098144531,409.003662109375,-14.601731877492,8.014241738308328
8,8,411.63031005859375,408.62432861328125,-17.545137046719958,8.347358292727392
8,8,412.04833984375,408.2509765625,-17.85579982043521,8.664825817696567
8,8,412.1743469238281,407.63909912109375,-17.874439889072335,9.220818733290685
8,8,410.2501220703125,410.950927734375,-15.877503713055205,5.7813014450135825
8,8,413.7288513183594,411.3798828125,-19.323461497486562,5.145809941817504
8,8,413.0876159667969,410.4027099609375,-18.70893388730235,6.050094469652663
8,8,411.5320739746094,408.91961669921875,-17.180854098817008,7.500926450972088
8,8,413.7545471191406,412.36444091796875,-19.350866763352087,4.077585845070644
8,8,409.93243408203125,407.78558349609375,-15.611886549772066,8.691100550171427
8,8,410.9154357910156,415.2413330078125,-16.827079042794594,1.2844901610302486
8,8,411.83404541015625,407.9228515625,-17.753239413381436,8.65003188775944
8,8,403.0320129394531,406.915283203125,-8.906484241678072,9.703825454694766
8,8,409.7095031738281,402.31378173828125,-17.27131952767354,15.408615974427619
8,8,409.30633544921875,402.03546142578125,-16.886139584687214,16.02034428290807
8,8,406.5670166015625,402.0966796875,-14.1789367458843,16.330855054624692
8,8,407.80548095703125,402.1136474609375,-15.467354832165256,16.790975342646618
8,8,408.93316650390625,404.78515625,-16.635507415662914,14.530043229637613
8,8,406.6898498535156,407.2418212890625,-14.416268130952233,12.434884819913691
8,8,408.9439392089844,400.60638427734375,-16.623205199793006,19.245232183162557
8,8,408.5871887207031,403.421142578125,-16.2470310116841,16.80436487041851
8,8,403.71856689453125,404.5592041015625,-11.386104146364914,16.234804119330306
8,8,406.3929748535156,406.69720458984375,-14.072684675529558,14.514297639868118
9,8,451.17193603515625,422.08221435546875,-3.2201071962721812,-33.61287256045415
9,8,451.1544189453125,431.75592041015625,-7.5874774376874825,2.712025936074099
9,8,450.41033935546875,429.64410400390625,-6.3318954357783355,4.695559837373139
9,8,450.22210693359375,433.29052734375,-5.277926048085078,0.7832546793926554
9,8,451.11090087890625,430.7135009765625,-5.102656508647556,4.542219832672686
9,8,450.81121826171875,429.05047607421875,-4.7931081755433524,6.289206693593428
9,8,451.17510986328125,433.1357421875,-5.210583643103178,2.5080216522982823
9,8,451.0063781738281,429.62939453125,-5.154728656841598,6.272753141250007
9,8,453.6517028808594,427.46112060546875,-8.080362787788886,8.43667537098446
9,8,453.0271301269531,420.74957275390625,-7.837729937620338,15.152570432001482
9,8,451.2707214355469,424.2567138671875,-6.615214253226554,11.662527928929364
9,8,453.9627685546875,424.61993408203125,-9.508605797551354,11.353338689699228
9,8,450.63525390625,429.30010986328125,-6.286879128863291,6.728202618240971
10,7,527.8651123046875,378.83868408203125,-0.7926043176461235,-1.2792017000425062
10,7,530.6386108398438,373.0030517578125,-3.3586511353541937,4.572784864474215
10,7,532.1995849609375,376.7952880859375,-4.930551293630742,0.7170912792431068
10,7,529.185302734375,380.572509765625,-1.888776466417653,-3.1428199478932584
10,7,530.3848876953125,377.59521484375,-2.8147434557906763,-0.279236093735733
10,7,528.2130737304688,376.48797607421875,-0.3935699203202603,0.845776742929786
10,7,529.094482421875,373.41107177734375,-1.0440980450221105,4.048972672200364
10,7,527.2579345703125,375.8460693359375,0.6894649463541782,1.737869822977757
10,7,532.130859375,377.9825439453125,-4.2724676648063,-0.16957928968980696
10,7,528.0208740234375,377.91082763671875,-0.060074118543752775,0.4960536298913212
10,7,530.1829223632812,379.6624755859375,-2.0608899576025124,-1.0784629627894446
10,7,524.3759155273438,375.86614990234375,3.9066960356452682,2.6899142360762767
10,7,529.6986083984375,376.72967529296875,-1.1532767611566896,2.267600680679493
10,7,528.5828247070312,378.25445556640625,0.4766648191530294,1.2987512108214219
10,7,527.1649169921875,372.58294677734375,2.3864583354002207,7.368283420225907
10,7,527.2085571289062,383.276611328125,2.5217155285678245,-3.5718739485991478
10,7,528.5557861328125,378.79254150390625,1.3142694249987699,0.9771867066359619
10,7,527.5626831054688,377.6224365234375,2.388374593603203,2.6803769155765167
10,7,527.2557983398438,379.4547119140625,2.9307992233621007,0.9594734983843409
10,7,528.5210571289062,380.3267822265625,1.9216388688842017,0.12227224454085217
10,7,526.831787109375,382.810791015625,3.9439604111699964,-2.1884443078909044
10,7,527.750732421875,382.01507568359375,3.2484143764328337,-1.1424825279908077
10,7,532.1880493164062,385.90045166015625,-1.0225319228070475,-4.737618687704526
10,7,536.8576049804688,366.5179443359375,-2.7571979944543727,15.55527095436048
10,7,539.6827392578125,368.34246826171875,-5.5851664967830175,13.784300809335207
10,7,539.5781860351562,367.532958984375,-5.534521097003562,14.714050513936456
10,7,539.1333618164062,373.40167236328125,-5.056494971725897,8.842074686316323
10,7,540.8758544921875,365.2637939453125,-6.70570535311208,16.89179959413059
10,7,539.555908203125,371.0533447265625,-5.49487193759694,11.27489700006032
10,7,539.1121215820312,363.47723388671875,-5.064243629691873,18.926397412589893
10,7,539.351318359375,364.62353515625,-5.0173114727825805,17.541561293429254
10,7,542.8825073242188,361.1900634765625,-8.510097004738896,20.94739991492088
10,7,542.376220703125,367.70452880859375,-8.12874093840503,14.544356367279192
10,7,545.1486206054688,367.0108642578125,-10.34830210314044,15.102553453117707
10,7,540.2568359375,363.7236328125,-4.960681500198461,18.428365451495438
10,7,542.3561401367188,364.110595703125,-6.846792150666147,18.5824454293097
10,7,545.5079345703125,369.10308837890625,-9.746218380625692,13.732791610998675
10,7,544.2999267578125,364.90380859375,-8.260843353159999,17.820799359420164
10,7,548.8309936523438,362.464599609375,-12.48494688922392,20.437488607255943
10,7,547.3155517578125,362.92724609375,-10.758825824698306,20.203931640985388
10,7,547.091552734375,364.36920166015625,-10.578031809713366,19.08315891873616
10,7,547.853515625,360.74493408203125,-11.034364598933848,23.082318378393552
10,7,544.242431640625,367.8525390625,-6.902920637538614,16.38429001143561
10,7,500.05865478515625,378.40618896484375,-13.277317752182,25.979448317529318
10,7,500.48895263671875,371.82049560546875,-12.692741940888709,26.183629033847296
10,7,502.09588623046875,373.0595703125,-14.167883089275108,20.55901129337292
10,7,501.1904296875,368.2913818359375,-13.159454244192261,24.924613420644107
10,7,501.3728332519531,367.70782470703125,-13.295616816984193,24.887503715993205
10,7,501.9243469238281,368.5948486328125,-13.79083210446288,23.34835721907234
10,7,500.6943054199219,367.2625732421875,-12.451239009089022,23.999317084719394
9,10,479.6184997558594,530.3452758789062,-3.081203324946955,-37.41384143648861
9,10,480.0119323730469,540.4815063476562,-3.164232696587135,-47.320104390943584
9,10,484.96282958984375,530.9830322265625,-8.296900247016708,-37.97911406135648
9,10,480.8149719238281,522.4485473632812,-4.222714745508483,-29.165769651131484
4,3,227.65478515625,194.70742797851562,-27.56980606049163,-19.031288435904287
4,3,227.49856567382812,190.26956176757812,-27.64398364807505,-14.62686952713588
4,3,229.5886688232422,191.06642150878906,-29.646533835368075,-15.323955912885992
4,3,229.33731079101562,188.80076599121094,-30.962549934668374,-9.121579847076077
4,3,229.80128479003906,191.47747802734375,-31.407524537929902,-11.796169730226552
4,3,233.3061981201172,186.20872497558594,-35.30348155695438,-6.5758526559597215
4,3,230.45327758789062,189.77032470703125,-32.62763763468365,-10.166781558936805
4,3,230.68312072753906,191.50074768066406,-32.227893097326785,-11.850006507519481
4,3,224.76646423339844,184.92539978027344,-26.1735516358157,-5.239870468367627
4,3,228.26329040527344,198.0888214111328,-29.896798445409075,-18.37768936530486
4,3,232.56520080566406,191.29541015625,-33.9690017291708,-11.694735711555268
4,3,229.2968292236328,194.08477783203125,-30.585542505401122,-14.55481558168151
4,3,228.1492919921875,189.7782440185547,-29.625201863696333,-10.201768287412648
4,3,230.0611114501953,189.87339782714844,-31.45243282111042,-10.570803644316754
4,3,231.53627014160156,191.05088806152344,-32.76850671508416,-12.064057781750137
4,3,231.02809143066406,189.8440704345703,-32.00142217879875,-11.061284273208656
4,3,227.63796997070312,191.04295349121094,-28.579682772554463,-12.352768592475883
4,3,229.1437225341797,188.54861450195312,-30.279929313825846,-9.840165518546655
4,3,231.36329650878906,190.35324096679688,-32.75400386561691,-11.617983549614053
4,3,230.09095764160156,189.95303344726562,-31.670006165689898,-11.195760801436506
4,3,230.2716827392578,190.3255615234375,-31.680802016176813,-11.575816457635199
4,3,228.70037841796875,189.75045776367188,-30.04391220357462,-11.117612717861988
4,3,229.8515625,194.0373077392578,-31.230138513032472,-15.626842161972064
4,3,227.85337829589844,189.2227325439453,-29.198676144388145,-10.863339482087355
4,3,227.65896606445312,187.7363739013672,-28.9324225579347,-9.391017334174137
4,3,230.4221649169922,181.63575744628906,-31.502357133755567,-3.2805428646854864
4,3,229.27391052246094,187.79115295410156,-30.295099501560912,-9.42636255757236
4,3,228.45098876953125,190.260009765625,-29.537576253990153,-11.88585230826925
4,3,227.87306213378906,186.42401123046875,-29.232614358636,-8.091301472519376
4,3,226.5257110595703,191.0126495361328,-28.126300295726992,-12.708322845177833
4,3,229.98651123046875,189.2421417236328,-31.527454987207562,-10.86948367808219
4,3,228.9633331298828,190.28323364257812,-30.564107780552007,-11.84225534378291
7,6,385.5912780761719,340.8675537109375,-10.729336711743656,19.74235859567233
7,6,385.8896484375,345.397216796875,-11.027707073071781,15.212695509734829
7,6,389.39453125,344.21490478515625,-14.532589885571781,16.39500752145358
7,6,388.0331115722656,343.4407958984375,-13.171170207837406,17.16911640817233
7,6,387.0943603515625,344.29534912109375,-12.232418987134281,16.31456318551608
7,6,389.0312194824219,343.26416015625,-14.169278117993656,17.34575215035983
7,6,387.1568908691406,345.9986572265625,-12.294949504712406,14.611255080047329
7,6,389.9524841308594,342.9437255859375,-15.090542766431156,17.66618672067233
7,6,389.03521728515625,341.8240966796875,-14.173275920728031,18.78581562692233
7,6,389.1742248535156,345.9173583984375,-14.312283489087406,14.692553908172329
7,6,390.51861572265625,341.4586181640625,-15.656674358228031,19.15129414254733
7,6,387.6476135253906,342.6204833984375,-12.785672160962406,17.98942890817233
7,6,386.4797668457031,345.86431884765625,-11.617825481274906,14.745593458953579
7,6,388.873779296875,343.5286865234375,-14.011837932446781,17.08122578317233
7,6,383.01116943359375,341.33343505859375,-8.149228069165531,19.27647724801608
7,6,387.6138000488281,343.4306640625,-12.751858684399906,17.17924824410983
7,6,387.4024963378906,345.381103515625,-12.540554973462406,15.228808790984829
7,6,388.6458740234375,346.72137451171875,-13.783932659009281,13.888537794891079
7,6,387.9208984375,344.20538330078125,-13.058957073071781,16.40452900582858
7,6,389.82098388671875,345.37744140625,-14.959042522290531,15.232470900359829
7,6,388.2110290527344,345.133056640625,-13.349087688306156,15.476855665984829
7,6,388.3122253417969,345.08843994140625,-13.450283977368656,15.521472365203579
7,6,387.7024230957031,343.68292236328125,-12.840481731274906,16.92698994332858
7,6,387.0830993652344,347.9833984375,-12.221158000806156,12.626513869109829
7,6,386.1433410644531,349.2744140625,-11.281399700024906,11.335498244109829
7,6,383.47296142578125,337.2138671875,-11.428455647185729,17.439633308981456
7,6,382.1770935058594,337.85150146484375,-10.161278192349926,16.649558647049048
7,6,381.1302795410156,338.01800537109375,-9.41037841358525,16.2324836587552
7,6,383.7688293457031,337.0555419921875,-12.291457205228198,17.213236140658637
7,6,383.5842590332031,337.02435302734375,-12.318745165527503,17.41718749537938
7,6,383.896728515625,341.960205078125,-12.41840887457596,12.864742978361903
7,6,380.25555419921875,337.983154296875,-8.584427568793615,17.07996777489734
7,6,380.5233154296875,338.21368408203125,-8.73819202621064,16.741226630951985
7,6,380.7682189941406,337.5369873046875,-8.763259623924966,17.33289161431037
7,6,379.9998474121094,336.7464599609375,-7.716426538389726,18.05123645791707
7,6,381.3425598144531,338.68206787109375,-9.110575978854172,16.11093158151857
7,6,380.5578308105469,337.6409912109375,-8.421668753876304,17.208161483616323
7,6,381.25616455078125,339.9393310546875,-9.297137251451318,15.097199848575997
7,6,384.1532897949219,340.29638671875,-12.465966618840241,14.9435074942661
7,6,382.17218017578125,339.0838623046875,-10.81008569598265,16.369170949309023
7,6,380.8311462402344,339.88555908203125,-9.74200726048656,15.732232655958455
7,6,384.48052978515625,342.17010498046875,-13.898106970117624,13.433639685415017
7,6,383.39044189453125,341.10498046875,-13.372782864161024,14.277736914676098
7,6,383.6082763671875,338.998046875,-13.89913529319665,16.372430202490023
7,6,382.43756103515625,339.8594970703125,-13.038776755967262,15.515117279187336
7,6,384.7585754394531,336.30047607421875,-15.766515223697184,19.059115309535514
7,6,380.8055725097656,349.4173583984375,-13.30609535689183,20.271204570190037
7,6,383.1427917480469,347.912353515625,-15.628026887966712,21.81731596857071
7,6,378.57476806640625,346.41143798828125,-11.824460947627358,23.1771047965546
7,6,389.07147216796875,349.68182373046875,-15.069746660619217,17.70985669552789
6,6,326.9837341308594,308.11700439453125,-8.170818906896727,3.1715791423750943
6,6,329.1573791503906,306.22662353515625,-10.37579789391367,5.178447635574798
6,6,328.4170837402344,307.62109375,-9.727782707482277,3.7787876241098957
6,6,327.2099304199219,305.01580810546875,-8.640995334407307,6.385208109051632
6,6,328.3125,307.45782470703125,-9.941870418687131,4.090398710351394
6,6,327.49810791015625,306.2886962890625,-9.279525500789873,5.521098676858173
6,6,328.0703125,308.6697998046875,-9.958838287746289,3.516214390944242
6,6,327.578125,308.6051025390625,-9.479295623396865,3.5830924804666324
6,6,329.40557861328125,308.98260498046875,-11.302094624328731,3.139217744447649
6,6,326.5544738769531,310.989501953125,-8.446335275651279,1.0659484771786083
6,6,327.04107666015625,311.64715576171875,-8.884486093242401,0.09386347200012324
6,6,327.48944091796875,312.05694580078125,-9.24266703235088,-0.8667133718704463
6,6,329.7158203125,308.70574951171875,-11.27814230696356,2.2783398966907953
6,6,328.8718566894531,307.671142578125,-10.25248235261148,3.1489279790158093
6,6,328.5728759765625,310.834716796875,-9.89875328685173,-0.262056540310482
6,6,331.4245910644531,307.59063720703125,-12.659992175715331,2.817065096099668
6,6,330.14263916015625,308.22320556640625,-11.25466458553052,2.095652865146917
6,6,329.352783203125,308.62786865234375,-10.341432942611391,1.6021459076316091
6,6,329.30950927734375,308.6400146484375,-10.178598212260283,1.5218781323401913
6,6,328.2527770996094,310.32830810546875,-9.018802076285795,-0.1451295136906765
6,6,329.2957763671875,306.8602294921875,-10.045577711943452,3.3558546939057123
6,6,327.71063232421875,310.3106689453125,-8.52111773548802,-0.05121605373426519
6,6,330.9031677246094,310.31951904296875,-11.595756210192917,-0.030718287652746312
6,6,327.9296569824219,311.15655517578125,-8.458677745864406,-0.9029390026364013
6,6,329.2471618652344,303.9581298828125,-9.542417948577736,6.006448496974201
6,6,327.00311279296875,305.1351318359375,-7.06460419621294,4.5404087504910535
6,6,330.4513854980469,307.97344970703125,-10.277685433453655,1.4112889376687576
6,6,329.1247253417969,306.96331787109375,-8.345963743275945,2.0196319348032716
6,6,329.3470153808594,307.6087646484375,-7.939487162454611,0.9594432987970549
6,6,330.4510803222656,306.00958251953125,-8.536436693791075,2.158481616395534
6,6,328.60443115234375,305.7666015625,-6.144660161489355,1.9953889936169276
6,6,332.7695617675781,305.5479736328125,-9.732113945288972,1.8028657085763484
6,6,331.9830017089844,303.16839599609375,-8.660583181998447,3.885715599874004
6,6,329.8468933105469,302.18853759765625,-6.281034731928344,4.58415992329617
6,6,331.70697021484375,304.099853515625,-7.899039484735795,2.3930112081293373
6,6,330.774169921875,301.81317138671875,-6.797650230774082,4.319723898746304
6,6,331.6308288574219,303.9664306640625,-7.546718910566824,1.739994944092814
6,6,332.2901306152344,305.03204345703125,-7.900796034211169,0.6558349289668968
6,6,331.4939880371094,303.04864501953125,-6.8229500861909855,2.667095426659273
6,6,332.6224060058594,306.40692138671875,-7.853665343538751,-0.6952703722773208
6,6,334.5455627441406,303.23944091796875,-9.800611310000136,2.3076383638372135
6,6,333.68768310546875,302.60906982421875,-9.065109487517134,2.6447303631354657
6,6,334.79510498046875,302.57354736328125,-10.083984253791925,2.4892409150781987
6,6,333.89788818359375,300.5250244140625,-8.370067809848308,3.2842975138060524
6,6,336.4657287597656,301.124755859375,-10.405675107192621,1.7578347599480253
6,6,330.69720458984375,300.585693359375,-4.316976423413848,1.2390022977734247
6,6,331.9057922363281,300.36370849609375,-8.331705623583332,0.06404118396778813
6,6,320.4194030761719,306.58245849609375,-17.203612827300446,-0.005855908128239662
6,6,309.9502258300781,301.98516845703125,-13.90211101172224,8.4402110462226
6,6,300.75860595703125,310.37799072265625,-11.175265718516187,3.962239081705036
5,6,274.48272705078125,341.98388671875,-15.103930701941636,18.69328242703085
5,6,275.0914611816406,345.32684326171875,-16.292011085089428,15.481930500272256
5,6,275.4278259277344,338.0169677734375,-17.127593662640322,23.009923340160015
5,6,274.80413818359375,347.7576904296875,-16.93273385928103,13.567937355808567
5,6,275.2489318847656,344.3917236328125,-17.990404428559884,17.320952270794805
5,6,273.8532409667969,343.9136962890625,-17.19549401212288,18.09701452564036
5,6,268.1158142089844,343.28497314453125,-11.890437712256869,18.605048250971777
5,6,271.7695617675781,344.87725830078125,-15.964551558957936,17.08033396897224
5,6,270.1022644042969,342.083984375,-14.70704557404278,20.107024107563518
5,6,271.6277770996094,340.32769775390625,-16.621861742790685,21.77826931124065
5,6,270.3689270019531,342.765625,-15.723850388173503,19.12836160045572
5,6,269.2377014160156,347.0224609375,-14.868221460238118,14.355808915340617
5,6,267.9844970703125,344.240234375,-13.950354403158286,16.750930952612862
5,6,270.18975830078125,343.5418701171875,-16.551644095525205,17.165082430823816
5,6,269.34844970703125,343.80615234375,-16.32069949371754,16.9701372093063
5,6,268.0372314453125,339.2235107421875,-15.609285586671888,21.705747128624353
5,6,267.7986755371094,337.37530517578125,-15.780672246468555,23.814736187746007
5,6,269.2812805175781,341.0950927734375,-17.65588836015681,20.382697784853065
5,6,268.96490478515625,342.279052734375,-17.7123897796277,19.506940919939723
5,6,267.2134094238281,341.31597900390625,-16.5895717429122,20.611363221577562
5,6,269.7425231933594,339.913330078125,-19.734034905512317,22.130835108062172
5,6,271.27490234375,341.1785888671875,-21.67778488058798,20.984905473048286
5,6,265.6043701171875,344.10821533203125,-16.66132301268175,18.33450274548352
5,6,264.3116455078125,336.2747802734375,-15.926096510290165,26.467804676415312
5,6,253.7026824951172,314.0025634765625,58.089910813571294,34.45657245357273
5,6,266.19293212890625,315.32647705078125,55.180971324074505,33.979412627957345
5,6,272.0414733886719,312.23956298828125,57.87383509470203,38.188894325026695
5,6,281.0574951171875,315.141845703125,56.55592931407352,36.3910580695383
5,6,286.340576171875,319.12896728515625,58.86888880080244,33.5005786818553
5,6,294.6526184082031,314.99432373046875,58.144560892649,38.73066237348888
5,6,295.6506652832031,315.07861328125,-10.41177251011294,2.924351467454983
5,6,284.8189392089844,311.34979248046875,-3.9244939013191242,10.31590721257993
5,6,280.9212951660156,311.868408203125,-4.371297323775252,13.460026434267377
5,6,279.1799621582031,311.833251953125,-4.714673873430286,15.442958294382322
5,6,280.4428405761719,308.80218505859375,-7.838623711615355,19.760914847842628
5,6,281.54315185546875,309.10498046875,-10.780303361172628,19.317448379768962
5,6,278.75177001953125,309.57623291015625,-9.660183700252333,18.38584599725334
5,6,276.0904846191406,315.13934326171875,-8.55241787553291,12.141113207073431
5,6,275.4614562988281,313.4569091796875,-10.059191278350113,12.677640409746289
5,6,275.5950012207031,311.72308349609375,-11.630205398420003,13.7957974937097
5,6,271.32861328125,312.37603759765625,-8.51543922969779,12.836278385492562
5,6,271.4261474609375,313.92169189453125,-9.763319152514669,10.984398764157334
5,6,270.0031433105469,315.98138427734375,-9.347023760957484,8.709175051123566
5,6,273.0280456542969,318.2757568359375,-12.737563805823925,6.603026317032743
5,6,272.0896911621094,315.392578125,-12.204258616152117,9.27986384507443
5,6,270.6632080078125,320.23992919921875,-11.21955506981135,3.8584500865918585
5,6,270.3038024902344,306.2197265625,-9.587951976425416,9.813202936379014
5,6,271.4719543457031,304.7764892578125,-11.087882868158943,10.27062936916343
5,6,269.420654296875,308.2607421875,-9.082861726594615,6.1381967155183474
5,6,269.4818420410156,304.87091064453125,-8.813708584740368,9.325666631811657
5,5,260.4847412109375,289.5506591796875,-8.78306275057136,13.597305136553757
5,5,260.5975646972656,288.59765625,-6.778890813546127,15.402000328106226
5,5,264.94537353515625,291.65618896484375,-7.516567190889077,12.28932540692648
5,5,268.9356994628906,292.130126953125,-7.291083678815426,11.539235749596912
5,5,271.8543701171875,295.470703125,-5.544247790012378,7.757672500190665
5,5,280.9861755371094,297.3712158203125,-8.917904806975002,5.015709478030885
5,5,288.0950927734375,297.97900390625,-10.543439344190006,3.545883052115016
5,5,291.4552307128906,296.3265380859375,-9.471233274249414,4.37926826864873
5,5,295.6683044433594,292.115478515625,-10.064255785702642,8.119847168460637
5,5,299.6675720214844,292.59197998046875,-11.032189695311843,7.423880850276362
5,5,269.60540771484375,298.41009521484375,-9.061164868977073,15.436386848902998
6,5,347.0394287109375,284.13458251953125,-4.220404798974926,-11.834480951309388
6,5,345.9858093261719,284.9930419921875,-2.9491057749784204,-12.7468690926583
6,5,348.48834228515625,283.3616943359375,-5.5935728596606396,-11.280981231657961
6,5,349.4216003417969,277.237548828125,-6.835472754939531,-5.173287766362989
6,5,347.7142028808594,280.82708740234375,-5.589482057317468,-8.642258665230031
6,5,345.9231262207031,279.621826171875,-3.8505454969877064,-7.966437042438486
6,5,347.5993957519531,281.79437255859375,-5.499706580662746,-10.639440545908087
6,5,348.4808349609375,283.6302490234375,-6.314211709894835,-12.381681430806339
6,5,348.7947692871094,279.8507080078125,-6.595597069342261,-8.54820411593056
6,5,347.9278564453125,282.06646728515625,-5.726694300345287,-10.745308987291025
6,5,348.8096923828125,278.28424072265625,-6.5749423726077225,-7.192252410570461
6,5,345.244140625,280.70068359375,-3.0218459164172486,-9.847208467297548
6,5,347.340576171875,279.7198486328125,-5.338465145110206,-8.983279872259857
6,5,346.4337463378906,281.0296630859375,-4.426163712532855,-10.896035895209081
6,5,346.9769287109375,281.57989501953125,-4.852418163465529,-12.0300158938457
6,5,347.01220703125,278.16778564453125,-4.933462796433901,-8.326792768209827
6,5,345.135986328125,282.20263671875,-3.0330459336106514,-12.836996254845076
6,5,348.3043212890625,281.2056884765625,-6.132449284690551,-12.551858975275309
6,5,346.2430725097656,282.9788818359375,-3.5308822094700076,-13.597457284561585
6,5,346.73406982421875,282.59661865234375,-3.811599298438466,-13.149782152132275
6,5,347.1098937988281,279.31988525390625,-4.533189075692803,-10.925454504502056
6,5,346.630859375,286.56109619140625,-3.8942103306847002,-18.663297132947832
6,5,347.977783203125,281.0675048828125,-4.89409346237295,-13.426775605450302
6,5,345.8705749511719,276.84539794921875,-2.748214510335231,-9.082269042467317
6,5,343.9487609863281,279.64349365234375,-0.6766331736466213,-11.732315146294468
6,5,346.2042541503906,277.79534912109375,-2.6024661560012987,-9.694768143848478
6,5,346.81072998046875,280.30035400390625,-3.221458067049525,-11.932059940742533
6,5,349.92510986328125,284.11785888671875,-6.467223682568942,-15.473517438927502
6,5,349.78106689453125,279.49700927734375,-6.003682718278071,-10.853360052180108
6,5,348.69793701171875,282.5521240234375,-4.358719782736728,-13.79639899353026
6,5,348.924560546875,278.12591552734375,-4.254952440220507,-9.698370099825809
6,5,347.58203125,274.38653564453125,-2.823500246920844,-6.056656344028681
6,5,348.96826171875,276.55682373046875,-4.398458910439672,-8.245553684183676
6,5,349.49237060546875,279.61077880859375,-5.1001528283956645,-11.308212012980448
6,5,348.8440856933594,279.813232421875,-4.429211961899796,-11.580598395941024
6,5,348.1804504394531,283.43609619140625,-3.6819710493911657,-15.616901629236509
6,5,333.2227478027344,299.28167724609375,-8.353266761460759,5.520397563976758
6,5,333.0287780761719,298.10162353515625,-7.849389440017774,6.151591437256911
6,5,332.20880126953125,299.9002685546875,-6.2993262346951155,3.546415039470162
6,5,332.3638000488281,297.7923583984375,-6.165989093660414,4.524707845326986
6,5,332.9306945800781,298.0321044921875,-6.447556947310602,3.2413385489992947
6,5,331.8935852050781,299.2818603515625,-5.368664766757206,1.3950607500576666
6,5,331.4886779785156,297.40576171875,-4.772476134517603,2.9143437398772107
6,5,334.6412658691406,299.0828857421875,-7.80367477467604,0.9663369271464717
6,5,335.1591491699219,297.905029296875,-8.48097122872258,2.0695670177215675
6,5,333.3827819824219,295.817138671875,-7.108750317504985,4.142811089373424
6,5,333.69989013671875,296.74774169921875,-8.012270580066513,3.242231671295997
6,5,331.00445556640625,296.74786376953125,-10.236512408286956,4.3843623757380215
6,5,325.1656494140625,291.13623046875,-8.892894110683812,11.409120983014532
6,5,324.6263427734375,297.38031005859375,-14.36026337088407,7.0263584492651034
5,7,284.4430236816406,350.441650390625,-8.28797366384623,14.035708277092624
5,7,289.45916748046875,350.64111328125,-12.438441437027905,12.932465872762066
5,7,285.8684997558594,351.3955078125,-9.055505287235121,12.209447651466462
5,7,293.5691833496094,388.92755126953125,-11.335329440577823,32.79843218641264
5,7,291.8857116699219,389.48779296875,-9.558086237309112,32.03565601875499
5,7,292.39642333984375,393.4822998046875,-10.062276236994137,28.011453768799186
5,7,293.1524658203125,390.61297607421875,-10.865148816862927,30.909209339076938
5,7,294.5368957519531,392.122314453125,-12.337884802320389,29.473384564605396
5,7,293.93060302734375,399.5174560546875,-11.81144188569425,21.712521523115868
5,7,293.9848937988281,390.9071044921875,-11.905295966901747,29.994012911560162
5,7,293.19512939453125,389.94049072265625,-11.023683359686686,30.9247756924305
5,7,290.0778503417969,394.9774169921875,-7.94584876925353,25.842237962547472
5,7,291.4026184082031,393.4354248046875,-9.409861438369717,27.331694770188847
5,7,295.3230285644531,391.31695556640625,-13.989202482312521,29.358183970081484
5,7,290.10693359375,387.76971435546875,-9.277876755836303,32.81664413437221
5,7,290.74847412109375,388.19183349609375,-9.840360115713224,32.36262675686294
5,7,293.9052734375,389.62530517578125,-13.225245178545777,30.784415790816922
5,7,295.7818908691406,391.7994384765625,-15.373844076518765,28.46282982072563
5,7,292.42144775390625,390.97991943359375,-12.167271855244167,29.250515664679483
5,7,294.1136474609375,390.36981201171875,-14.13447050097568,29.751844543969582
5,7,290.4857177734375,389.12054443359375,-10.905107751054175,30.814246187051026
5,7,288.98333740234375,390.25360107421875,-9.357275576200436,29.618610821198956
5,7,290.94769287109375,391.12353515625,-11.2197588294556,28.701566290716073
5,7,290.9305725097656,391.72088623046875,-11.273223534045485,28.00718521751577
5,7,291.13818359375,389.35699462890625,-11.69636094667436,30.193755067395557
5,7,295.40386962890625,391.57830810546875,-16.325537526099083,27.712799920800705
5,7,292.10888671875,389.93096923828125,-13.336623226158963,29.0266258008661
6,7,321.6589050292969,383.0496826171875,-6.0859776158076215,22.750308491162684
6,7,323.9673767089844,386.947021484375,-8.619229938902947,18.67199478271658
6,7,319.4208984375,386.0194091796875,-4.273453415057475,19.433450747684333
6,7,325.16717529296875,385.0364990234375,-9.973547354984873,20.410672934053252
6,7,322.8006591796875,384.5791015625,-7.549302322005019,20.860960398736438
6,7,319.502197265625,381.67864990234375,-4.206334526518731,23.754658298271863
6,7,323.715087890625,387.665283203125,-8.441901601611448,17.718575440730547
6,7,319.29559326171875,384.15679931640625,-3.9647313962048543,21.307691658079534
6,7,323.6505432128906,388.4285888671875,-8.121405265974659,17.344365405735346
6,7,323.0140380859375,384.79913330078125,-7.324355134947098,21.36973758471396
6,7,321.3703918457031,383.61871337890625,-5.540075465830682,22.986372428348943
6,7,322.3619689941406,382.44915771484375,-6.492480314219733,24.6826357691952
6,7,327.7219543457031,378.65087890625,-11.813293365733841,29.00762225457271
6,7,321.0772399902344,383.26171875,-5.1291442727106755,24.9270188017465
6,7,321.8486328125,383.52459716796875,-5.897786696335061,25.2340126964138
6,7,320.7498779296875,382.8656005859375,-4.8175781270674065,26.466165441052453
6,7,321.0175476074219,383.6031494140625,-5.24914207588273,25.96043371574234
6,7,321.993896484375,383.43878173828125,-6.346079214883616,26.491510496802732
6,7,322.5309143066406,378.97479248046875,-6.931473111529726,31.547115855859772
6,7,321.16448974609375,385.0379638671875,-5.550220341963723,25.92572776825307
6,7,321.2250061035156,380.33642578125,-5.564051309141064,30.991050493770615
6,7,315.4053955078125,385.2559814453125,0.41200907189755753,26.067229087935402
6,7,321.5433044433594,389.97894287109375,-5.577891342541932,21.479105466406452
6,7,318.98895263671875,390.70074462890625,-2.8890696072238597,21.116704833674305
6,7,319.11297607421875,391.7779541015625,-2.7979113323165734,20.116198372157385
6,7,317.51702880859375,387.6749267578125,-0.9659454542020853,24.18400089110429
6,7,315.9085693359375,387.2540283203125,0.6713146450056229,24.555596851970392
6,7,315.8529357910156,388.08770751953125,0.7559403949260286,23.6722872217278
6,7,319.010986328125,392.43701171875,-2.3733253088371953,19.273707581541714
6,7,318.8464050292969,389.93487548828125,-1.9293295866984295,22.00145902568437
6,7,318.7252197265625,391.90081787109375,-1.4548142675406552,20.386801500718832
6,7,322.5656433105469,388.8914794921875,-5.281091697692432,24.08894809124962
6,7,321.0238037109375,389.8902587890625,-3.6807272598474015,23.646276727984457
6,7,321.1094055175781,393.41680908203125,-3.6391599507320507,20.46438844706711
6,7,322.58154296875,390.51531982421875,-5.238041335976334,23.66509359563861
6,7,324.5032043457031,393.3511962890625,-7.365600554909406,21.11599466550365
6,7,323.2928161621094,386.260986328125,-6.158677707319043,28.590531351538573
6,7,323.0017395019531,389.7412109375,-5.884081433717881,25.36429455630173
6,7,319.94256591796875,382.213623046875,-2.8608299468577343,32.951171717813736
6,7,320.7655944824219,396.53985595703125,-3.473072252159284,18.987456973018595
6,7,319.11572265625,396.68505859375,-1.5343736453542647,19.296757096782358
6,7,320.69183349609375,398.22021484375,-2.982590963976577,17.96088963427553
6,7,324.7685546875,399.41387939453125,-6.931418634161389,16.966513870987455
6,7,324.2418212890625,396.26171875,-6.276791714502508,20.31796330301188
6,7,325.6294250488281,398.7518310546875,-7.491613836226179,18.698273207350212
6,7,322.39825439453125,391.56805419921875,-4.301247158261447,26.243045356847688
6,7,324.2466125488281,397.555419921875,-6.105437270239747,20.730027599643563
6,7,323.9009704589844,397.34503173828125,-5.596281960111639,21.567891188285955
6,7,331.8121643066406,399.61956787109375,-12.135936684860269,23.112608578828826
6,7,348.4239196777344,364.62811279296875,-4.833467191864315,19.462864437291103
5,9,284.8551940917969,487.56146240234375,-18.22321656627787,11.64477963794684
5,9,283.6343994140625,488.9716796875,-16.982375595749772,10.130416510612065
5,9,285.6507263183594,491.8497314453125,-18.991915214945436,7.140840346324239
5,9,285.0444030761719,487.221923828125,-18.50765281166116,11.757119102630952
5,9,284.3854064941406,490.2998046875,-18.159742308627074,8.766299185621222
5,9,284.7846984863281,490.64166259765625,-18.87057685567811,8.341686279554722
5,9,285.0134582519531,484.45263671875,-19.279104161584144,14.331404413248492
5,9,282.7222595214844,484.8201904296875,-16.99483560004171,13.611671254694613
5,9,287.27020263671875,489.5885009765625,-21.570523208590885,8.760010956432097
5,9,287.579833984375,489.84295654296875,-21.91461899822673,8.514696874267827
5,9,282.2331848144531,485.91925048828125,-16.617795999737723,12.560000044601793
5,9,282.4321594238281,481.044921875,-16.79326443449844,17.375604478574132
5,9,281.8280334472656,483.66436767578125,-16.140872262287985,14.63699714996659
5,9,286.55511474609375,489.10089111328125,-20.960853378248487,9.44924617581404
5,9,285.6704406738281,489.03912353515625,-20.176387584483223,9.770146996214578
5,9,282.15301513671875,484.337890625,-16.770341469889672,14.744391073068527
5,9,286.49945068359375,484.50726318359375,-21.23021276351045,14.662571472988873
5,9,285.8512878417969,483.74932861328125,-20.69602214630038,15.429251788316492
5,9,284.4537048339844,489.87493896484375,-19.401992538346974,9.347662113603917
5,9,285.44683837890625,490.14739990234375,-20.44042609390192,9.217420585475509
5,9,281.52825927734375,486.79656982421875,-16.452579733903576,12.958244979423228
5,9,285.6358947753906,492.437255859375,-20.512125582985846,7.281771802011463
5,9,283.7514343261719,486.7220458984375,-18.56643193222368,12.967333057435042
5,9,283.2607116699219,480.8223876953125,-17.980788995002115,18.895505489666334
5,9,288.4264831542969,483.7020263671875,-22.761502192431124,16.011799719737212
5,9,287.6766357421875,492.47332763671875,-21.452772534174755,7.216911623035287
5,9,285.9759826660156,484.5390625,-19.402570747127527,14.778305258553758
5,9,279.6169738769531,482.57958984375,-12.752975853474652,16.79793876791365
6,10,310.5487976074219,524.0596313476562,-34.25583434278877,-24.425632706102476
6,10,313.854736328125,530.016357421875,-37.218940540219194,-30.011872407862654
6,10,303.5166320800781,534.3260498046875,-26.278159182049023,-33.78595430278796
6,10,302.164306640625,518.4141845703125,-24.773065314559005,-17.20564083977854
6,10,303.12615966796875,516.181396484375,-25.897762986875534,-14.211492658818202
6,10,303.5187072753906,508.9832763671875,-26.21879901585055,-6.637413390118638
4,7,236.9560089111328,372.8541259765625,36.637927737784025,33.88243872321419
4,7,236.79660034179688,366.32611083984375,36.84643927418091,40.38691028965377
4,7,236.34410095214844,376.8914794921875,37.365573640054606,29.77633293267661
4,7,234.7227020263672,370.5225830078125,38.87689898723477,36.20576566581724
4,7,237.27301025390625,371.6981201171875,36.05198784848619,35.18922153599004
4,7,236.4813690185547,370.8154296875,36.67389556349087,36.278407638771455
4,7,237.923583984375,374.38623046875,35.105428846879875,32.86538117754668
4,7,237.6883544921875,369.24798583984375,35.32557046291822,37.914252321581955
4,7,237.05621337890625,374.28900146484375,35.88164631557572,32.68371640855844
4,7,234.78912353515625,371.67193603515625,38.0176322052896,35.020868214358075
4,7,235.83155822753906,372.82415771484375,37.07866987607861,33.84166941106082
4,7,231.0415802001953,372.7900390625,42.02925461347121,33.903085257283976
4,7,239.394775390625,375.37872314453125,33.91420944971418,31.39533722379008
4,7,236.73089599609375,379.00933837890625,36.65684002215272,27.799663371819463
4,7,237.85446166992188,370.2418212890625,35.469995598255196,36.56100042780605
4,7,231.5142364501953,375.0009765625,41.70285063331028,31.726189017554702
4,7,235.8385772705078,374.6041259765625,37.25227566420307,31.939201077772736
4,7,235.27804565429688,371.5042724609375,37.63929134936046,34.47097366924214
4,7,235.2792510986328,373.87567138671875,37.61425651621903,31.587895105640655
4,7,232.9848175048828,376.0054931640625,40.014734309290134,28.995589483789047
4,7,232.91925048828125,366.288818359375,39.98699257120194,38.54906353527076
4,7,238.11512756347656,372.7928466796875,34.68661893853425,31.979357710889076
4,7,233.5733642578125,375.00665283203125,39.190789995178534,29.894313768502855
4,7,237.3096466064453,374.63812255859375,35.25812445155566,30.296051866252867
4,7,228.7491455078125,381.85687255859375,43.489112694250935,23.03039729571043
4,7,229.7278289794922,367.6142578125,42.18230432861566,37.09284112390054
4,7,233.045166015625,359.0377197265625,38.52535918088722,45.36906865300335
4,7,235.77694702148438,369.20684814453125,35.42248792846374,34.54327372248838
4,7,239.17453002929688,368.75372314453125,31.84473521317136,34.379639641887366
4,7,237.2678985595703,367.4100341796875,33.72612592672567,35.1392113249899
4,7,237.0480499267578,367.7694091796875,34.03547579869178,34.1309089285823
4,7,236.16122436523438,370.383544921875,34.99222256779473,30.888128990112364
4,7,235.743408203125,367.67236328125,35.35830743423463,33.072103076221765
4,7,236.53414916992188,365.54742431640625,34.41348367551859,34.558940238921195
4,7,234.6962432861328,368.46484375,36.01746256481789,30.922029837884963
4,7,232.46868896484375,366.73223876953125,38.06318228977648,32.546240724144525
4,7,231.989013671875,368.1597900390625,38.31746368606099,30.86772259946224
4,7,234.06517028808594,364.3074951171875,35.84736281163106,33.74025334214406
4,6,209.2845458984375,330.29522705078125,41.413977731667615,33.39150965606939
4,6,207.2126922607422,329.46722412109375,43.74200478968373,34.39355537921688
4,6,206.69004821777344,330.79486083984375,44.367930461946315,33.05715872991806
4,6,211.6050567626953,330.14678955078125,39.44716780409729,33.56534294505707
4,6,207.18505859375,328.019775390625,43.70565199502357,35.641599249689364
4,6,205.80905151367188,327.2159423828125,44.94152315587232,36.41963344082495
4,6,208.39706420898438,327.266357421875,42.321623312228354,36.393778148527076
4,6,208.02740478515625,327.0208740234375,42.70657739891902,36.6138181387534
4,6,205.9420623779297,327.16473388671875,44.841257205360904,36.40834875047517
4,6,206.02279663085938,325.7132568359375,44.774608431391414,37.904139878885815
4,6,206.98451232910156,327.00848388671875,43.83303255767268,36.73156317537763
4,6,205.45816040039062,329.63629150390625,45.405414338274284,34.427397148126715
4,6,209.69696044921875,329.1834716796875,41.24172578803771,35.21423052469913
4,6,208.3713836669922,326.6552734375,42.66253864651907,38.083613548176686
4,6,208.22073364257812,325.87017822265625,42.94392576755524,38.27387257871288
4,6,210.94117736816406,326.58392333984375,40.33407994905451,37.043161621854495
4,6,210.0958251953125,322.89306640625,41.223048549202275,40.65974838983203
4,6,209.33242797851562,326.20556640625,42.02414911349422,37.25334692124994
4,6,208.34603881835938,322.29669189453125,43.044288428089175,41.0551936988727
4,6,210.59768676757812,327.65863037109375,40.7429606832593,35.536326660756174
4,6,209.87490844726562,324.88623046875,41.42697850783253,38.118988361847414
4,6,210.25405883789062,321.6121826171875,41.05541410755737,41.123071481587715
4,6,210.618408203125,321.05181884765625,40.803213601884266,41.52864188999877
4,6,210.53482055664062,320.599609375,41.066297777839196,41.90343643210201
4,6,207.22096252441406,318.15093994140625,43.95836026709813,43.82919426904522
4,6,210.84495544433594,320.4539794921875,39.92267322883146,41.116471044809884
4,6,211.07492065429688,323.6121826171875,39.428046315777294,37.979365355618995
4,6,213.36016845703125,328.02899169921875,37.0458680185003,33.17400756577143
4,6,210.26382446289062,318.96295166015625,40.169273214052,41.54666671660158
4,6,209.5851287841797,323.36297607421875,40.57720045785604,36.84902300847165
4,6,209.17520141601562,320.72723388671875,40.735975411624764,39.1874693725847
4,6,216.5993194580078,325.40789794921875,33.19908567123008,34.10534285808359
4,6,211.71725463867188,329.04571533203125,37.82251156280057,30.07933012210634
4,6,211.09483337402344,323.4432373046875,38.082879900135225,35.30301863582224
4,6,207.01710510253906,317.01220703125,41.79855524430582,41.35525939563183
4,6,212.56622314453125,316.39385986328125,35.98993048039344,41.50688055035744
4,6,209.56985473632812,318.4361572265625,39.0286284947702,38.75668855411527
4,6,209.74742126464844,314.994384765625,39.30377419661164,41.335973210318855
4,6,208.5194854736328,313.8365478515625,41.26556176639073,41.52541565599097
4,6,206.60647583007812,312.5633544921875,43.91243193691213,41.83020300280293
4,6,214.7021026611328,313.69146728515625,37.761619227937814,39.644519110330236
4,6,214.62940979003906,315.52960205078125,43.20431864624379,36.49657821652784
4,6,219.2653045654297,308.96533203125,46.95691919404533,41.86904858529124
4,6,230.93101501464844,308.9764404296875,45.62320057808165,40.7574874425502
4,6,243.38560485839844,307.0196533203125,45.29024917280475,41.66280885920173
4,6,245.92453002929688,308.40826416015625,54.70459325201813,39.6237540629142
6,8,321.9768981933594,400.3177490234375,-3.915197722661958,16.66614671462986
6,8,325.8473205566406,401.27960205078125,-7.282282268969652,18.45089442580695
6,8,326.7170715332031,405.97576904296875,-7.841174050538086,14.611279480214932
6,8,324.0334777832031,403.7169189453125,-4.521529226104008,17.62157212653534
6,8,327.29302978515625,401.34033203125,-7.614212962094655,20.61232200946182
6,8,330.3829345703125,406.63140869140625,-10.708768254406493,16.721358414392853
6,8,328.0965576171875,408.4599609375,-8.412975411941716,15.472384467613551
6,8,329.4956970214844,412.60308837890625,-9.794828118702014,11.880709952887003
6,8,327.059814453125,409.72979736328125,-6.961969128475403,15.252451839673824
6,8,328.03021240234375,410.03289794921875,-7.549476006449709,15.417028766529995
6,8,330.6058349609375,413.86773681640625,-9.867334096539594,11.97347613788071
6,8,327.5010986328125,420.54180908203125,-6.669785230141144,5.625923590105003
6,8,328.75762939453125,412.2579345703125,-7.945478992142171,14.189299256063578
6,8,328.42236328125,412.3990478515625,-7.629375879143254,14.327687129053402
6,8,329.4148254394531,415.6866455078125,-8.553274041134102,11.40650130415537
6,8,329.25494384765625,408.45751953125,-8.234396658244748,18.947929749257185
6,8,329.703125,416.25970458984375,-8.439470065676574,11.40877203460201
6,8,330.0497131347656,406.9366455078125,-8.572807816600289,21.060758423348204
6,8,327.8032531738281,414.38201904296875,-6.305563399813707,14.271837921833878
6,8,330.0694274902344,411.113037109375,-8.456269938821606,18.506632768637132
6,8,330.16851806640625,412.37030029296875,-8.407506371518252,18.032799742801842
6,8,325.92266845703125,412.15997314453125,-3.899462972059723,18.832614174729827
6,8,332.23846435546875,416.7659912109375,-9.962603132658273,14.749303815997223
6,8,331.8553161621094,413.1151123046875,-9.337769488195988,18.84606613655785
6,8,330.3023986816406,413.45037841796875,-7.744389990481011,18.89191147100155
6,8,329.3748474121094,418.31427001953125,-6.826778721130552,14.390128223483941
6,8,328.96685791015625,422.49273681640625,-6.428729100865439,10.573765464033272
6,8,331.9153137207031,413.80804443359375,-9.111008073354412,19.642491906871044
6,8,330.8287353515625,414.38006591796875,-7.4510531974509036,19.47890320666926
6,8,332.3719177246094,415.043212890625,-8.930153095587855,19.368048269204962
6,8,341.6419677734375,415.06072998046875,-18.23936430633165,19.90729643654788
6,8,341.61322021484375,420.96661376953125,-18.18416210321527,14.137542873596715
6,8,343.0589904785156,415.82672119140625,-19.52529504564052,19.731105127260832
6,8,341.1441650390625,421.42529296875,-17.476992442288463,14.703427321828201
6,8,342.3461608886719,417.51708984375,-18.54550953682559,19.18253122433225
6,8,340.78460693359375,418.50079345703125,-16.881642696514405,18.82050682100345
6,8,340.6284484863281,420.32000732421875,-16.6700233400922,17.699322038035348
6,8,338.5066833496094,420.77752685546875,-14.49276688149223,17.940214364505323
6,8,337.7518310546875,418.4610595703125,-13.684101191405091,20.950296799585487
6,8,341.8547668457031,415.60888671875,-17.75825490597549,24.3873829692983
6,8,342.7866516113281,417.56640625,-18.596158267701867,22.94070855214727
6,8,346.1884460449219,422.3914794921875,-21.809342392498365,18.51804731318515
6,8,334.6119689941406,447.123779296875,-5.403833840270522,11.421911563941364
6,8,333.2067565917969,449.912841796875,-3.5482097836667776,10.555054878085286
6,9,333.3171691894531,452.769775390625,-3.8279032826338266,6.6360993204968395
6,9,332.2839050292969,451.076904296875,-2.66091872695921,10.12554477229645
6,9,332.1062927246094,452.3218994140625,-2.5458350868869957,9.590048095777945
6,9,331.7002258300781,453.326416015625,-2.062792568921907,9.304333077351771
6,9,331.116455078125,455.37823486328125,-1.3686808426842845,7.915026065085215
6,9,334.6307067871094,463.2261962890625,-4.733424383882607,0.663498600913556
6,9,335.9760437011719,460.31304931640625,-5.662183419743712,4.340103799441067
6,9,333.01751708984375,462.107177734375,-2.3017837368727214,3.3124004249327186
6,9,331.50152587890625,456.0909423828125,-0.9574316632298405,9.819395547684621
6,9,327.49578857421875,457.63775634765625,3.0878334677574344,8.722995914876549
6,9,331.4439697265625,462.76495361328125,-0.5782982764307576,3.9939011363873647
7,8,390.60919189453125,400.478759765625,8.362113159631235,4.407747539068623
7,8,395.0419006347656,402.40802001953125,4.477544335800587,2.6833754883404595
7,8,393.9585876464844,407.02691650390625,6.77099759911664,-0.918285042122875
7,8,391.30859375,402.77362060546875,9.670829580671466,3.433244748657785
7,8,390.1158752441406,403.32061767578125,11.123939503800443,2.8690152231641264
7,8,395.390625,405.24945068359375,5.964250248076667,1.090208848055056
7,8,392.2935791015625,404.7996826171875,9.231427152731783,1.6130417761128797
7,8,394.21014404296875,404.869140625,7.650055581630795,1.3924825388542672
7,8,397.46771240234375,409.70672607421875,4.715736252625845,-3.658313375471778
7,8,396.6981201171875,411.25665283203125,5.797904310465469,-5.458260795223339
8,10,409.7933349609375,500.39825439453125,-9.689664733978645,-60.3007099020582
8,10,404.1336364746094,501.9031982421875,-4.0299662476505205,-61.80565374971445
8,10,409.5506591796875,502.5980224609375,-9.446988952728645,-62.50047796846445
8,9,406.7204284667969,496.69769287109375,-6.6167582398380205,-56.6001483786207
8,9,411.4248046875,499.27093505859375,-11.321134460541145,-59.1733905661207
8,9,407.9119567871094,466.890869140625,-14.267705050035431,-49.79778557429853
8,9,407.3060302734375,464.155517578125,-13.661778536363556,-47.06243401179853
8,9,407.4100036621094,465.05517578125,-13.765751925035431,-47.96209221492353
8,9,405.43353271484375,463.2174072265625,-11.789280977769806,-46.12432366023603
8,9,409.5925598144531,464.550048828125,-15.948308077379181,-47.45696526179853
8,9,411.2479248046875,465.18536376953125,-17.603673067613556,-48.09228020320478
8,9,406.196533203125,463.1771240234375,-12.552281466051056,-46.08404045711103
8,9,405.1236572265625,457.97796630859375,-11.479405489488556,-40.88488274226728
8,9,403.6233215332031,460.19171142578125,-9.979069796129181,-43.09862785945478
8,9,405.67529296875,460.5487060546875,-12.031041231676056,-43.45562248836103
10,3,545.9808959960938,174.61825561523438,10.386477882496933,-11.074758007001748
10,3,546.5294189453125,172.549560546875,9.69938097765862,-8.777946491190193
10,3,543.9551391601562,170.2738037109375,12.356954593132059,-6.314057839730054
10,3,543.5266723632812,169.26727294921875,12.923385813262144,-5.208215267702883
10,3,545.1202392578125,166.66043090820312,11.575740010303548,-2.7257345110367055
10,3,540.7239379882812,164.62652587890625,15.85424184859562,-0.6790389319676535
10,3,546.1947021484375,169.94187927246094,10.033687946138343,-5.894315855929648
10,3,544.2208862304688,173.10916137695312,11.88441755168924,-9.02285442654889
10,3,546.2589721679688,174.78616333007812,9.833002541007545,-10.653409495555564
10,3,542.1991577148438,168.4313507080078,14.125033271748293,-4.225444312852716
10,3,544.3656616210938,172.84390258789062,11.985468031444839,-8.462087593570715
10,3,543.1730346679688,176.23910522460938,13.079711319482158,-11.618311882180222
10,3,543.9067993164062,176.41748046875,12.18315341519417,-11.671602586348456
10,3,548.710205078125,179.3850860595703,7.287174744123831,-14.526716271932656
10,3,547.5079345703125,171.51087951660156,8.569710799232894,-6.555639647899255
10,3,547.9602661132812,172.01644897460938,8.320395639810044,-6.945918590346878
10,3,547.5059204101562,173.75445556640625,9.050208434270871,-8.557762451307639
10,3,545.9425659179688,175.16995239257812,10.666256769711936,-9.883178502486885
10,3,547.8106689453125,174.48133850097656,8.545868198181779,-9.187976866252285
10,3,543.19482421875,173.61033630371094,13.301377338731527,-8.295626666139043
10,3,544.3157348632812,175.39002990722656,12.542424495322962,-10.045545454366135
10,3,542.0066528320312,176.90472412109375,14.568578930503804,-11.66385006824163
10,3,542.7343139648438,176.16973876953125,13.619069897588929,-10.981788824036641
10,3,544.5964965820312,172.69851684570312,11.717949882555672,-7.438946922206668
10,3,546.50439453125,176.2053985595703,9.878540296586493,-10.715901115397656
10,3,545.6190795898438,175.5723114013672,10.893702376603187,-9.761677969137509
10,3,545.2171630859375,175.35467529296875,11.327346799644602,-9.374517537887073
10,3,549.1500854492188,177.70681762695312,7.4209947799054135,-11.542593122086203
10,3,546.3556518554688,176.76011657714844,10.235180989307196,-10.37305029027587
10,3,545.2030639648438,173.9853515625,11.431055574778725,-7.424300184938517
10,3,544.5567626953125,170.28997802734375,12.133472388759174,-3.5815742197464715
10,3,543.1409912109375,170.59597778320312,13.53900975402189,-3.933343571012756
10,3,544.68115234375,172.86851501464844,12.077801931501313,-6.28408537963162
10,3,543.0477905273438,177.41490173339844,13.978635097295637,-10.967080252612021
10,3,541.638671875,177.24185180664062,15.264074101829465,-11.046438976337669
10,3,538.9465942382812,167.73358154296875,17.614502644260597,-1.8537698249310495
10,3,540.7943115234375,169.53587341308594,15.85474507619233,-4.340817251268277
10,3,539.9461669921875,165.94189453125,16.787478723589174,-1.3813052140337163
10,3,540.0661010742188,170.20970153808594,16.723570350450927,-6.157445548169505
10,3,539.328369140625,172.2021942138672,17.439676898505127,-8.02486851893417
10,3,540.003173828125,166.6166534423828,16.702028778379145,-1.978206826359468
10,3,539.0634765625,166.66177368164062,17.51122661179761,-1.5299992816762824
10,3,540.0755004882812,168.2744903564453,16.329873911451955,-2.7100577178509297
10,3,540.2515869140625,167.70083618164062,15.90397500613301,-1.8336293796125744
10,3,540.6031494140625,171.25717163085938,15.411371042176143,-5.20189297048006
10,3,541.1092529296875,167.461181640625,14.82124195207814,-1.2776944098651768
10,3,543.5990600585938,169.83653259277344,12.432733189560736,-3.7694835424376834
10,3,542.5545043945312,177.0457000732422,13.55959485061021,-11.236308406526632
10,3,543.8106079101562,172.1615447998047,12.344859299506538,-6.896190573109692
10,3,544.1665649414062,174.73199462890625,11.92151999392729,-10.065664071070728
