bin_x,bin_y,gaze_x,gaze_y,err_x,err_y
8,4,421.21142578125,203.0626983642578,5.737802205022774,0.9635545898346152
8,4,422.45465087890625,203.89247131347656,4.632335669420115,0.1285085368748753
8,4,422.5225830078125,202.78880310058594,4.751614766323939,1.098048381280961
8,4,421.97021484375,203.01622009277344,5.382601161852222,0.6718351236955868
8,4,421.78851318359375,206.03662109375,5.648208499549298,-2.654567604403013
8,4,422.337890625,208.17222595214844,5.140035927162728,-5.331814711072099
8,4,423.0841064453125,200.6009063720703,3.6200709217609415,1.5992240184966136
8,4,423.7677001953125,203.37472534179688,2.5811252911544216,-1.6207990652207513
8,4,422.70648193359375,207.25680541992188,3.74732895655967,-5.581697304574504
8,4,421.17047119140625,205.31741333007812,5.388440369125135,-3.7212099128336718
8,4,422.5697021484375,209.78125,4.247505759462513,-7.141909183248089
8,4,424.20465087890625,206.30471801757812,2.817940402537772,-2.7335274407424777
8,4,424.1754150390625,206.0126495361328,2.800256642588181,-3.2349746522438068
8,4,422.92364501953125,205.2647247314453,4.00510706232609,-3.2805655405029484
8,4,424.9801025390625,204.3272705078125,1.9017299430014987,-3.136627009816806
8,4,424.88665771484375,205.7283477783203,2.32896745156188,-4.179242908593494
8,4,423.9481201171875,203.78948974609375,3.575238646621756,-1.8902524126240223
8,4,423.54595947265625,202.1883087158203,3.7958389942624535,-1.1555596174509617
8,4,424.80560302734375,201.4103240966797,2.8871601288628312,0.010941852960854703
8,4,424.59075927734375,203.5737762451172,3.507886587390601,-1.684660635620304
8,4,425.3494873046875,205.08013916015625,3.334958609398768,-3.109058588910102
8,4,425.4041748046875,204.26698303222656,3.1583852198665454,-3.3153165188096807
8,4,422.88616943359375,201.86688232421875,5.382870070491833,-0.946221940233869
8,4,424.8221435546875,204.4933319091797,3.502730595179628,-3.491245734812736
8,4,424.657470703125,205.32867431640625,3.9695924653785823,-4.14871758026689
8,4,424.96234130859375,203.4276885986328,3.679389846625952,-2.1698034649625413
8,4,424.2718505859375,203.8824005126953,4.225073017903526,-2.9111686227958558
8,4,425.56036376953125,202.41445922851562,2.6484599409148473,-2.0575091433550767
8,4,424.972412109375,201.83331298828125,3.1696877361008546,-1.591513079111337
8,4,424.6986083984375,202.38302612304688,3.4636593946986522,-2.152827043887953
8,4,423.870849609375,204.21031188964844,4.571323453809839,-3.880321040933211
8,4,424.02691650390625,203.0508575439453,4.494647652814422,-3.149942590734554
8,4,423.93035888671875,201.79864501953125,4.621609560676461,-2.331800611886621
8,4,423.90167236328125,202.8132781982422,4.7148751334234476,-3.6500577791851754
8,4,423.8228759765625,202.89889526367188,5.015726333697501,-3.867408611283679
8,4,423.4959716796875,201.94837951660156,5.5524869775094885,-2.4587506624080504
8,4,425.04034423828125,201.4880828857422,4.205123131183029,-1.0431267995691087
8,4,424.602783203125,203.31393432617188,5.042408314848103,-3.4542702758757002
8,4,424.44073486328125,201.40933227539062,5.558996201783316,-2.1914656465194184
8,4,425.38873291015625,200.79107666015625,4.690794694262763,-1.6210720780867973
8,4,426.82440185546875,201.0520477294922,3.3349222883047105,-1.9299051942244603
8,4,426.07147216796875,205.39315795898438,4.166216884234643,-6.318018776809851
8,4,429.2684326171875,201.23770141601562,2.2383933457091416,-5.049045260076809
8,4,426.1580810546875,203.1494140625,5.079508284939152,-7.356315704669868
8,4,427.36871337890625,200.15121459960938,4.522799511751089,-5.671771927717913
8,4,427.8043212890625,200.1275634765625,3.6226003112314515,-6.591639281821045
8,4,427.33056640625,201.9373321533203,3.2661509444820354,-8.774591441042588
8,4,424.4681396484375,202.43475341796875,6.131654779101382,-9.70072812314362
8,4,428.108154296875,200.9254608154297,2.3598638200477353,-8.692815714536863
8,4,425.1595458984375,203.27145385742188,5.826148349587584,-9.87055750621846
8,3,430.42327880859375,190.39791870117188,1.9203733556122984,-1.8077955632006137
8,3,429.6500244140625,190.13583374023438,2.704498515641262,-1.3388476188838183
8,3,428.11163330078125,184.40615844726562,4.253760394420283,4.597690657464227
8,3,429.78057861328125,189.3468780517578,2.5956918085464054,-0.13605252758981123
8,3,430.73016357421875,186.8599090576172,1.6129583141392345,2.0892392386622873
8,3,431.841064453125,188.2837677001953,0.5717391723059677,0.3578279165487004
8,3,433.45654296875,190.6104278564453,-0.8749560454167522,-2.1767067193428034
8,3,431.78753662109375,187.97653198242188,0.7466906094829255,0.7356058341512153
8,3,432.8902587890625,189.65921020507812,-0.3557660955036681,-0.6801249175393878
8,3,431.67462158203125,187.85845947265625,1.1188746549956932,1.1369588343885368
8,3,435.6832275390625,190.0302734375,-2.877409044013916,-1.0049073197016014
8,3,433.0665283203125,188.18252563476562,-0.4421173065007338,0.8831489687896976
8,3,432.69842529296875,188.8645782470703,-0.16008873209392505,0.338351096753172
8,3,432.6954345703125,191.30575561523438,-0.25622119803693977,-1.9866943789571962
8,3,432.35980224609375,187.97540283203125,-0.09913145792722844,1.3529574020029997
8,3,432.631103515625,189.03890991210938,-0.27181849876842534,0.22495779611739408
8,3,435.19683837890625,191.4251708984375,-2.525898463638214,-2.2825166583655516
8,3,433.56304931640625,190.00421142578125,-0.9596069498803672,-1.0640378959822385
8,3,432.3717041015625,185.68206787109375,0.13787316946684314,3.076727326002697
8,3,431.08343505859375,188.75131225585938,1.3811586275274976,-0.08237960355882024
8,3,432.80181884765625,188.5214080810547,-0.23140876105543384,-0.15461893394919457
8,3,431.6795654296875,185.8325653076172,1.1087183722489726,2.074337385205837
8,3,432.34466552734375,189.21705627441406,0.47052257409944787,-0.5433315337064926
8,3,432.8521728515625,189.01556396484375,-0.021015427437021117,0.19171274805168537
8,3,433.70880126953125,188.7857208251953,-0.8346975661490319,-0.17339229111948384
8,3,432.81390380859375,188.39019775390625,0.1210593453721458,-0.1686677478941192
8,3,432.29608154296875,187.78811645507812,0.7128275639190633,0.1869656859434201
8,3,432.5067138671875,187.19895935058594,0.513615636927625,0.8534493954667539
8,3,434.5009765625,186.2014923095703,-1.473597625703917,1.9848912357370807
8,3,432.9422607421875,187.7624053955078,0.09075783487401168,0.5311597779701174
8,3,433.4769287109375,187.51734924316406,-0.3607377672201437,0.7691000382312154
8,3,433.95599365234375,186.1378631591797,-0.7179267316523692,2.1053370919448184
8,3,433.70184326171875,186.23916625976562,-0.23482135373370738,1.8983822187165913
8,3,433.392578125,186.86087036132812,0.30339604095257755,1.171027603965257
8,3,432.9212646484375,188.00714111328125,1.0036617754825556,-0.08089366117670238
8,3,432.8212890625,187.27369689941406,1.3325896193875337,0.5469000395016508
8,3,432.47357177734375,187.1724395751953,1.8054815255420635,0.6155519850030942
8,3,433.76678466796875,183.90682983398438,0.14921552978938735,4.1925400353947
8,3,435.09124755859375,188.5614013671875,-1.1991280077991178,-0.6078591145597727
8,3,433.6307373046875,187.42893981933594,0.5536372427177412,-0.04839056321353041
8,3,434.0567626953125,183.82481384277344,0.3104384144897949,3.6701914998201346
8,3,432.8402099609375,185.271240234375,1.6904849605791696,2.4596730076828237
8,3,433.6361083984375,185.62667846679688,1.0580803347935444,2.3401426747252003
8,3,434.54705810546875,186.87973022460938,0.24177674000850402,1.067413333653377
8,3,433.6025390625,181.9684295654297,1.2169610900911607,5.719253829879676
8,3,434.035400390625,182.05923461914062,0.8664006273216387,5.466878944081259
8,3,435.1318359375,184.16122436523438,-0.11071757985189379,3.3331548508380138
8,3,434.7386474609375,185.41127014160156,0.5215644017597469,2.5299305494558837
8,3,434.3468017578125,186.08518981933594,1.0022832138662352,1.6625043910075874
8,3,435.163818359375,187.4685516357422,0.13904136209930584,-0.49023281885914116
10,4,518.3624267578125,212.4569549560547,6.845439485471502,5.442625023688379
10,4,515.099365234375,213.08583068847656,10.271984224577182,5.0016815238371635
10,4,515.4480590820312,211.59591674804688,10.047569849551678,6.666691097336212
10,4,518.0120849609375,210.7552032470703,7.55871481551992,7.71039509337686
10,4,518.9841918945312,211.1001434326172,6.248202571833758,7.732376895078772
10,4,515.1460571289062,216.59283447265625,9.74793202736646,2.606607842288497
10,4,519.3230590820312,208.66796875,5.2325247641491615,10.898395552193506
10,4,517.9349975585938,210.0434112548828,6.320841932834242,9.293201808661735
10,4,517.1390380859375,211.3380889892578,6.83792297664138,7.643878059478027
10,4,519.5006713867188,211.00827026367188,4.227349564610677,8.069565398699467
10,4,515.69775390625,211.74404907226562,7.7532702167660545,7.322614897881351
10,4,518.8163452148438,208.4322509765625,4.322226835796641,10.600498071710376
10,4,517.0475463867188,212.69290161132812,5.674980396555043,6.833730810409634
10,4,515.7918701171875,209.6195068359375,6.579277288513367,10.023972343096318
10,4,515.2393798828125,210.0413360595703,6.990527517483997,9.280603357717581
10,4,516.4462890625,210.28453063964844,5.8205306611398555,8.834997160197304
10,4,516.039794921875,209.0576171875,6.201482350394144,9.866161428519177
10,4,515.224853515625,211.6693115234375,6.936788976937919,7.025659753410878
10,4,512.25439453125,209.72940063476562,10.01589828384499,9.690219864599072
10,4,515.15869140625,209.31698608398438,7.166434926921511,10.690944653917967
10,4,513.8619995117188,207.1077423095703,8.204269075045886,12.424767539352189
10,4,518.013916015625,210.221435546875,4.007134687568623,9.061230838022738
10,4,512.1574096679688,207.51165771484375,10.00088259387826,11.712586425705638
10,4,516.16455078125,207.62571716308594,5.647192541618438,11.106665207855542
10,4,515.0762939453125,209.86187744140625,6.364802544672671,8.50821788296605
10,4,513.353759765625,209.78858947753906,7.8685827411960645,8.909750889359941
10,4,516.0120849609375,206.3693389892578,5.024666468687883,12.431511299216169
10,4,517.0601806640625,206.18984985351562,3.818304276344975,12.52754106176161
10,4,513.923828125,208.94290161132812,7.231215991906311,9.29947025423283
10,4,513.0076904296875,202.25926208496094,8.413191732299424,15.616342092281172
10,4,516.0730590820312,208.15292358398438,5.36366693164689,9.934291986674737
10,4,515.4133911132812,206.3015594482422,5.955215504356374,11.806600857218399
10,4,515.1858520507812,208.13888549804688,6.049893450237164,9.844299880050727
10,4,516.5289916992188,206.40155029296875,4.746609713256703,11.771620606073952
10,4,516.445068359375,206.29611206054688,4.738446049696677,11.96657265682245
10,4,510.6317138671875,211.3790740966797,6.312595827717701,1.899929979836628
10,4,513.1808471679688,211.8298797607422,3.741054078475713,1.4974277719703082
10,4,516.7025146484375,200.30564880371094,0.31507142525981635,13.016386029809269
10,4,512.5941162109375,209.12498474121094,4.932977408732995,3.879699892336191
10,4,513.3889770507812,211.62863159179688,4.498650047023489,1.5303801839380355
10,4,510.92919921875,211.8563232421875,7.368232442228191,1.5769669122873609
10,4,509.93939208984375,213.07521057128906,8.478568515037296,0.1676360330211537
10,4,510.20068359375,212.9832305908203,8.278316819530119,0.08660455597916439
10,4,510.14691162109375,209.7390899658203,8.219109423610348,2.897012824165614
10,4,506.36151123046875,212.97412109375,11.915944220251163,-0.6856335186817262
10,4,510.41436767578125,210.88784790039062,7.898831208240722,1.3901067272799423
10,4,510.73736572265625,213.07308959960938,7.647884289257718,-0.8232859777784256
10,4,511.015380859375,211.5472869873047,7.468710441505664,0.6614139258284979
10,4,508.44427490234375,213.9133758544922,10.522953029166729,-1.2225525622195335
10,4,509.70782470703125,215.57325744628906,9.706566011551786,-2.420384675343712
11,4,550.5711669921875,231.6390838623047,1.0462936092980044,-10.677962166688872
11,4,552.1858520507812,228.8446502685547,-0.4552214493239717,-8.095821419060599
11,4,551.0621337890625,229.74871826171875,1.569071364464662,-9.12046049152886
11,4,551.13525390625,229.58726501464844,2.921105871263876,-8.840269472806085
11,4,551.2803955078125,226.6139678955078,3.0235829729365378,-5.955810779176488
11,4,550.9076538085938,228.8522186279297,3.30418695321589,-8.397383890440324
11,4,554.6950073242188,225.1568145751953,-0.13211125563816495,-5.26168801224091
11,4,569.9127197265625,213.44232177734375,1.389879936939451,5.936925143407791
11,4,568.3208618164062,209.62098693847656,3.0061882058565743,9.73595303785791
11,4,568.2501831054688,217.3009796142578,3.0428362037030183,1.9913096696872685
11,4,570.4810791015625,210.09619140625,0.8545899044188445,9.163995983179092
11,4,570.58203125,212.05621337890625,0.9153431842535156,7.170342488786446
11,4,570.6878662109375,214.134033203125,0.9690451123802859,5.074786441066408
11,4,566.9144287109375,216.34347534179688,4.576862204235795,2.934434991934779
11,4,566.021240234375,209.42115783691406,5.7248127226573615,9.867308553662753
11,4,565.9407958984375,209.6287384033203,6.106562693361639,9.66490912625386
11,4,567.0503540039062,207.7006378173828,5.373800060366648,11.599488946202257
11,4,567.9712524414062,207.44581604003906,4.400200032758903,11.734001465776089
11,4,567.0662231445312,213.00552368164062,5.170343375902348,6.02485019695726
11,4,569.8064575195312,214.96104431152344,2.2944029935700883,3.9189773813215254
11,4,568.999267578125,214.35585021972656,3.6780784729041898,4.887815162213428
11,4,570.3814697265625,208.09893798828125,2.4479990105303386,11.04253848833477
11,4,570.1773071289062,215.40321350097656,2.9291778534484365,3.578610564439714
11,4,570.6647338867188,213.65048217773438,3.409278533466818,5.3850390416045855
11,4,571.6803588867188,216.267333984375,2.964946724824472,2.8115823495469954
10,5,521.6079711914062,299.16436767578125,-2.0101679052347663,2.448070287426731
10,5,519.086669921875,299.0810546875,0.054033035678799024,2.5951933162557452
10,5,520.5333862304688,299.8525390625,-2.300467371665377,1.8454756962488545
10,5,519.4472045898438,299.59356689453125,-1.7656797486089317,2.2452151617744676
10,5,517.93212890625,297.4364013671875,-0.19734062433053623,4.373647644418213
10,5,518.2786865234375,299.66815185546875,-0.7651654645870849,2.1749809864728036
10,5,518.66552734375,297.6912841796875,-1.241892308454453,4.172278050682905
10,5,519.1411743164062,298.34014892578125,-1.8599178367411469,3.4554309545594606
10,5,518.07763671875,297.625244140625,-1.4239907340207765,4.110014233812876
10,5,516.6190795898438,299.56011962890625,-0.12038112111804367,1.987774747878177
10,5,516.5560913085938,299.18707275390625,-0.5331501733713822,2.392557989892282
10,5,516.0171508789062,298.174560546875,-0.9038117038496694,3.7200918324710415
10,5,516.6185913085938,299.34149169921875,-2.044407485255533,2.7060834392937636
10,5,515.0545654296875,296.12261962890625,-1.3156579051042172,6.1324565344774555
10,5,523.5813598632812,269.48785400390625,1.0947460666309325,3.059078082387032
10,5,521.5725708007812,268.54705810546875,2.9435333146415132,4.119578391175423
10,5,525.043701171875,269.43548583984375,-0.5581376691312698,3.2485156477176815
10,5,524.6410522460938,270.42572021484375,-0.18621576131351958,2.2757522512293917
10,5,524.447509765625,269.987548828125,0.010757344909279709,2.7062963916429226
10,5,525.7901000976562,270.21563720703125,-1.2308019064083737,2.39877726924135
10,5,523.494384765625,265.94476318359375,1.0298565351527031,6.737338717249315
10,5,522.9486694335938,271.47674560546875,1.4148269748518487,1.4163664344401354
10,5,525.1434326171875,283.6209716796875,-0.1659255911612263,3.7852186958782568
10,5,524.0189208984375,284.38323974609375,1.0955586400801849,3.0461298152706604
10,5,527.931640625,282.38043212890625,-2.6505519448353425,5.105552179305164
10,5,527.15185546875,284.18603515625,-1.7082304526292091,3.355179935954652
10,5,524.49609375,285.2314453125,0.9942509395376646,2.3941803512512365
10,5,525.3782958984375,285.2894287109375,-0.014374380223671324,2.4642305343413113
10,5,531.0918579101562,280.60675048828125,-5.88596610963873,7.306951497047407
10,5,528.6915283203125,281.688232421875,-3.58425030824651,6.357449842976052
10,5,526.8858642578125,283.54534912109375,-1.81796136372418,4.641609779412647
10,5,524.9305419921875,284.26824951171875,0.10332067730269046,4.029859843975885
10,5,526.111572265625,281.6201171875,-1.0894907196181975,6.816138707350888
10,5,524.3848266601562,280.900390625,0.7187330950320074,7.705942386404956
10,5,528.8873901367188,281.0465087890625,-3.6775902753918217,7.705301010724384
10,5,523.6776733398438,282.5546875,1.6566124630500099,6.324610032598457
10,5,524.91259765625,285.70367431640625,0.5470021543407029,3.3039589827031364
10,5,525.4031982421875,286.54669189453125,0.06544175674855524,2.6256465752869644
10,5,522.6576538085938,284.66845703125,2.642827711889481,4.64202187167615
10,5,500.765380859375,290.822998046875,-2.4896527335001224,3.3810691645327893
10,5,501.42266845703125,292.19952392578125,-3.166598133579157,2.0673559695504764
10,5,500.34234619140625,291.32354736328125,-2.015688590573518,2.9817679845683642
10,5,503.53216552734375,290.5892333984375,-5.134920649130436,3.754517401930002
10,5,501.47930908203125,290.8077392578125,-2.971933327348154,3.5125572258774014
10,5,500.77691650390625,288.33306884765625,-2.0932850198448705,5.86119006055435
10,5,505.13623046875,291.9002685546875,-6.379983318382983,2.218971787655846
10,5,503.9017333984375,289.6851806640625,-5.138567300116392,4.38019413519072
10,5,502.13525390625,289.57940673828125,-3.823947902673524,4.457724759598705
10,5,503.658447265625,289.8779296875,-5.580754343661454,4.235343526304575
10,5,501.20538330078125,291.975830078125,-3.014719419862786,2.379351981933894
11,5,560.5153198242188,262.9171142578125,13.09436405775807,-4.066751298497991
11,5,564.6788940429688,268.229736328125,8.861151067136802,-9.411897195705137
11,5,569.9700317382812,269.6859130859375,3.657685430327433,-10.933008346582426
11,5,564.2688598632812,266.875732421875,9.367709514920193,-8.110862458754525
11,5,568.7637939453125,271.44622802734375,4.831107126987376,-12.658575491984834
11,5,567.4561767578125,264.92901611328125,5.956563869509978,-6.112575454561522
11,5,563.1181030273438,267.93121337890625,9.988552187596952,-8.92263414590002
11,5,564.6463623046875,268.60205078125,8.058934681984283,-9.276841114437673
11,5,564.212158203125,267.6141357421875,8.181083946434,-8.112962162000088
11,5,567.3789672851562,265.9464111328125,4.834911745016484,-6.227515828247192
11,5,567.5955200195312,267.41461181640625,4.837015217683643,-7.2944799305747665
11,5,567.6902465820312,268.30718994140625,4.960944862225915,-7.785821474308534
11,5,564.6210327148438,271.49462890625,8.250269412333864,-10.569354878409854
11,5,566.0060424804688,267.591552734375,7.189710355683928,-6.8496378363622625
11,5,567.0477905273438,271.681396484375,6.527145011673042,-11.253307901878259
11,5,566.402587890625,265.1964111328125,7.68846173458212,-5.3082465999726764
11,5,564.9871826171875,272.2857666015625,9.462634521031987,-12.674426645293863
11,5,567.692138671875,265.5552978515625,7.00200839886611,-6.029254038185741
11,5,568.6627807617188,267.97735595703125,5.997515899759833,-8.184662058669403
11,5,569.310546875,269.15228271484375,5.386274324739588,-9.149526321709914
11,5,569.8804931640625,275.702880859375,5.140949010351505,-15.764431920973323
11,5,566.6700439453125,273.4822998046875,8.313740337070044,-13.465126218796854
11,5,569.5482788085938,272.87286376953125,5.143005420694294,-12.676350751847735
11,5,570.2257690429688,264.94970703125,3.8801679951146753,-3.897029833017257
11,5,570.8861694335938,272.7451171875,3.4351820476503008,-12.08896610231119
11,5,569.556396484375,271.8660888671875,5.374081366426026,-11.428288276215994
11,5,569.3551635742188,265.3218994140625,5.97938474683815,-4.7953568096186245
11,5,570.989990234375,271.89923095703125,4.100267525624417,-11.030633466484005
11,5,570.7052612304688,266.94207763671875,4.140705968473185,-5.731425260068136
11,5,569.7732543945312,273.1478271484375,4.828422243353202,-11.59511988568346
11,5,572.6918334960938,267.270751953125,1.5113696279538544,-5.438226907935075
11,5,569.162353515625,268.45404052734375,4.8404986565282115,-6.560429023056713
11,5,564.1565551757812,272.19866943359375,10.642799860050218,-11.154582059335041
11,5,567.904541015625,269.4827880859375,7.370979540325607,-8.816920216206142
11,5,573.7840576171875,275.24945068359375,1.6729937591924227,-14.528313374347135
11,5,569.045166015625,270.123046875,6.593416181184239,-9.346640126238128
11,5,572.40576171875,272.44195556640625,3.349919797087523,-11.490894654548924
11,5,570.0557250976562,270.4290771484375,5.500716172691796,-8.620942090500364
11,5,570.774169921875,270.29229736328125,5.223253591164962,-8.275815843956707
11,5,571.32763671875,266.4559326171875,5.282612100686038,-4.372262749214087
11,5,573.269775390625,269.4659423828125,3.952627001801602,-7.315157813048074
11,5,571.0792236328125,266.34857177734375,6.431564500476497,-4.1493286265999245
11,5,572.0629272460938,270.837158203125,5.335285311550592,-8.612582241206724
11,5,574.0325927734375,270.59149169921875,3.253044208562187,-8.341582926126023
11,5,573.1668090820312,267.9410400390625,4.062661126696867,-5.689203283025165
11,5,571.1091918945312,266.09503173828125,6.499036104724951,-4.021853964791319
11,5,569.3883666992188,267.61834716796875,8.475561277296379,-5.617196051402118
11,5,572.7605590820312,268.11810302734375,5.214595005024421,-6.06270340627924
11,5,571.30615234375,265.7989501953125,6.780227853846213,-3.689302069750113
11,5,571.1176147460938,266.25848388671875,6.9852700233007,-4.0263119371383596
10,6,516.711181640625,303.25762939453125,-0.3258355587868209,-1.420630434811983
10,6,515.7008056640625,300.70574951171875,0.8656051953558972,1.0784720852684018
10,6,516.4700317382812,300.93902587890625,-2.346137070077475,1.2237167092763457
10,6,514.759765625,302.30865478515625,-1.4053865765481532,0.03864494869259261
10,6,533.5239868164062,309.8582763671875,-5.850289214807731,-3.0630114310527006
10,6,530.4381713867188,311.010986328125,-2.811686028237432,-4.3572842990255936
10,6,531.8631591796875,312.43707275390625,-4.288993885712216,-5.973105452445282
10,6,533.3409423828125,312.23974609375,-5.756868312293477,-5.808981355245976
10,6,531.8162841796875,310.62457275390625,-4.21486808572763,-4.208312781521101
10,6,533.3535766601562,313.4742431640625,-5.734818336022386,-7.072488130706631
10,6,532.6549682617188,309.11627197265625,-5.068605767416557,-2.681354356879524
10,6,534.1973876953125,310.94219970703125,-6.6815144298603855,-4.437633399037509
10,6,535.06005859375,311.51568603515625,-7.513620104498273,-4.893601044588479
10,6,531.9336547851562,311.9495849609375,-4.349237540537388,-5.255991596800925
10,6,533.5621337890625,312.884033203125,-5.951300696820567,-6.285353550147875
10,6,531.689208984375,311.376708984375,-4.023780894797028,-4.700456852051161
10,6,532.1780395507812,316.26666259765625,-4.436706737775353,-9.382399931190946
10,6,531.9161376953125,309.99114990234375,-3.9881379403035453,-3.2815675299794975
10,6,532.3226928710938,312.402587890625,-4.207435897835239,-5.752525674468586
10,6,534.9332885742188,312.0159912109375,-6.66163245864891,-4.944541334418545
10,6,532.9791870117188,311.733642578125,-4.719533396144811,-4.376019757913014
10,6,533.9083251953125,313.814697265625,-5.783721157789614,-6.269713787220553
10,6,541.4772338867188,310.2640380859375,-13.47644215156322,-2.7789606014616197
10,6,536.9405517578125,313.22869873046875,-9.051712604536988,-5.778800708780352
10,6,534.3046875,315.04071044921875,-8.51785553697755,-6.606009460424502
10,6,536.4376831054688,313.83056640625,-10.600554469728309,-5.44173853540309
10,6,532.5830688476562,315.6322021484375,-6.843029424624092,-7.190004050334153
10,6,535.3275146484375,313.66131591796875,-9.595833091393843,-5.232770429111213
10,6,533.7542114257812,316.0631103515625,-8.025096989036456,-7.669290807662094
10,6,534.423583984375,312.47540283203125,-8.714417082738237,-4.161008337342935
10,6,534.7593383789062,315.01434326171875,-9.08509858099194,-6.684581070125489
10,6,532.4994506835938,316.05255126953125,-6.871726703197055,-7.635043884307549
10,6,537.6019897460938,313.99151611328125,-12.020782137726883,-5.486262488421914
10,6,535.4208984375,313.397216796875,-9.829241810251574,-4.866281953440193
10,6,536.8187866210938,314.9979248046875,-11.029792358302075,-6.644926468554104
10,6,535.132568359375,316.1427001953125,-9.505516407105574,-7.689009919875673
10,6,534.1832885742188,314.07110595703125,-8.994662520086194,-5.302458598965586
10,6,533.8214111328125,314.6671142578125,-8.519084803913529,-6.031512417398233
10,6,538.0770263671875,313.24395751953125,-12.644492862966445,-4.635863905882388
10,6,535.1347045898438,316.79241943359375,-9.699126401645344,-7.964765521836
10,6,535.141845703125,317.202392578125,-9.647681243008378,-8.215204134524697
10,6,535.6795043945312,322.5843505859375,-8.498402735837999,-6.870529736308072
10,6,536.035400390625,320.6885986328125,-8.82407100338412,-4.9139814364923495
10,6,531.421142578125,320.66827392578125,-4.186284239890824,-4.839738358378781
10,6,535.7177124023438,319.88323974609375,-8.46421839602533,-3.9612155352673994
10,6,535.4796752929688,319.826904296875,-8.24192394187412,-3.8740580811793848
10,6,532.3577880859375,320.6654052734375,-5.199669174990959,-4.757050438786678
10,6,533.32421875,321.5185546875,-6.509388282872578,-5.245903290054059
10,6,534.2098388671875,319.08746337890625,-7.5381685886101195,-2.7428787795018934
10,6,535.8082885742188,321.60101318359375,-9.202045934048215,-5.314762598332095
11,2,559.1221313476562,131.50843811035156,2.8817000227481913,25.776285523987525
11,2,559.7565307617188,128.49122619628906,2.104826318979576,28.88569131963385
11,2,559.5786743164062,131.74456787109375,2.141141431129995,25.709968178946525
11,2,560.5119018554688,135.42568969726562,1.0666636726429033,22.093306195815643
11,2,557.721435546875,128.51995849609375,3.8858735772205364,29.031588513815933
11,2,556.8493041992188,128.0640411376953,4.8188712703814645,29.466447404077996
11,2,557.7725219726562,127.96742248535156,3.9674897179106665,29.33111688489285
11,2,558.1856079101562,127.11367797851562,3.509667076652704,30.128780617486086
11,2,560.2239990234375,128.52474975585938,1.31774109726382,28.825012793501628
11,2,559.4127807617188,132.05288696289062,2.123575809915792,25.361420051934317
11,2,560.161376953125,129.52755737304688,1.3936909868829161,27.944436914856595
11,2,557.2741088867188,130.74960327148438,4.2381532057096365,26.82308340242014
11,2,560.44384765625,133.52735900878906,0.8152028827960294,24.10235778322678
11,2,558.900634765625,126.98863220214844,2.442958888998419,30.73767879030993
11,2,562.0862426757812,132.6344757080078,-0.441627254068635,25.214364132096506
11,2,557.9317626953125,129.27781677246094,3.4329985153111693,28.492721290227166
11,2,561.9562377929688,129.93948364257812,-0.7673287891385598,27.73853748101422
11,2,559.8084106445312,130.32882690429688,1.4314980712933902,27.280964671237
11,2,555.5455932617188,129.92410278320312,5.325405277315099,27.633253388603833
11,2,555.337646484375,128.68511962890625,5.333942969645932,28.84127082661587
11,2,557.9329833984375,129.39585876464844,2.7436824358918557,28.125449888703173
11,2,558.4700317382812,131.30299377441406,2.2224795749532404,26.274967855249884
11,2,557.1793212890625,130.899169921875,3.572033056258192,26.74363200259188
11,2,558.801025390625,130.8389129638672,2.2253002305799328,26.826577150499872
11,2,560.5862426757812,130.12210083007812,0.6084779057762262,27.563917586410383
11,2,559.3157958984375,130.20401000976562,1.9367042867575037,27.50029496539588
11,2,559.067626953125,127.71902465820312,2.1474657051668373,30.015415494838066
11,2,556.78564453125,128.51242065429688,4.377164489495726,29.25138494643099
11,2,557.9027099609375,126.75398254394531,3.237295718584164,31.021236449784368
11,2,559.1116333007812,125.43809509277344,1.9691536838746515,32.37248955697021
11,2,556.8488159179688,130.93675231933594,4.136123170791279,26.933292887422994
11,2,558.2879028320312,130.02847290039062,2.4679896721695513,27.87879318821294
11,2,558.064453125,129.46084594726562,2.460301108236081,28.453627645659907
11,2,557.8408203125,134.08773803710938,2.5761933416800957,23.70515046726524
11,2,557.69189453125,130.83279418945312,2.6729461080495867,26.92527175555992
11,2,557.6451416015625,127.18452453613281,2.7210848135950982,30.622620861389805
11,2,558.3405151367188,126.77812194824219,1.9048137897477773,30.990876804427018
11,2,559.0396728515625,125.39668273925781,1.120810069740969,32.31397978171859
11,2,562.5843505859375,125.04534912109375,-2.228643679908373,32.58966090734356
11,2,557.1817626953125,125.73936462402344,3.170754871461895,31.885691501845912
11,2,560.436279296875,127.84768676757812,-0.27995820785201886,29.831256750867652
11,2,559.6511840820312,128.39271545410156,0.31013075408691293,29.339788549351766
11,2,559.3344116210938,128.33798217773438,0.46592764337901826,29.439251014538854
11,2,556.111572265625,132.052978515625,3.680385996762425,25.729385871412603
11,2,557.96435546875,129.0330047607422,1.835488749246224,28.81323659117777
11,2,560.6197509765625,129.5445098876953,-0.796833393612701,28.420454560212107
11,2,556.06005859375,125.6832275390625,3.7859461151658707,32.40053081158362
11,2,558.0635986328125,127.33181762695312,1.7765591916371477,30.799190248598023
11,2,558.8699340820312,131.22706604003906,0.8412207808806897,26.64450500699317
11,2,559.6951293945312,130.8935089111328,0.013845628860622128,26.86481341410945
11,6,552.1949462890625,316.99017333984375,-8.921086723741496,-1.098931750055101
11,6,554.0963745117188,314.05224609375,-10.739914033458945,1.8329555441369507
11,6,554.4113159179688,314.29254150390625,-11.048350427510286,1.5933543161382886
11,6,555.95361328125,318.93408203125,-12.329307056454809,-3.0202972435458264
11,6,554.9851684570312,315.8800048828125,-11.1725193153394,0.05602364196693088
11,6,554.3707275390625,323.2098388671875,-10.485716993938354,-7.2586163062466085
11,6,553.45849609375,317.14166259765625,-9.444506254774296,-1.0895226707843904
11,6,555.1558837890625,317.3046875,-11.069511262126525,-1.1166377419189644
11,6,554.2659912109375,318.84735107421875,-10.264764826380656,-2.4505092616507227
11,6,555.125732421875,313.1600341796875,-11.153581964459818,3.2890685241063125
11,6,551.7979736328125,317.17822265625,-7.820137358924626,-0.7739132171573146
11,6,553.4979858398438,317.726806640625,-9.704970064188956,-1.3440902971014452
11,6,551.6576538085938,316.4495849609375,-8.10882734746508,-0.026938642027573678
11,6,553.2971801757812,319.16961669921875,-9.958537118856498,-2.647559059451339
11,6,552.3662719726562,316.6865234375,-9.172888681542531,0.21717042517997243
11,6,551.2034301757812,318.51019287109375,-8.251752591327318,-1.3384770683626357
11,6,550.55322265625,319.77703857421875,-7.955980047467278,-2.466214082934812
11,6,551.2978515625,317.33941650390625,-8.812724282758722,0.11333945670429557
11,6,551.4688110351562,315.58673095703125,-9.056343499835975,2.010580526562592
11,6,551.4937133789062,319.33526611328125,-9.300733741475142,-1.580773833587557
11,6,552.0777587890625,317.3436279296875,-10.051282401533285,0.6547940043220137
11,6,550.5162963867188,318.621826171875,-8.594006731054606,-0.284138626526385
11,6,550.852783203125,317.261962890625,-9.082721192599251,1.3092205107338941
11,6,551.5901489257812,317.2423095703125,-9.722492347902062,1.5650777013494803
11,6,551.1288452148438,318.5040283203125,-10.812226056498616,2.0957160176460548
11,6,553.401611328125,321.58489990234375,-13.572860170754893,-0.8110068850305652
11,6,553.1904296875,324.81378173828125,-13.707192877945317,-3.906009855534819
11,6,550.0279541015625,322.2003173828125,-10.67888173606002,-1.218099351299827
11,6,550.799560546875,324.6961669921875,-11.771633417517023,-3.4238979559982567
11,6,596.86669921875,310.7115478515625,6.401148316303193,-0.24922575226020172
11,6,598.56005859375,311.40728759765625,4.423085597872159,-0.6452533532325901
11,6,595.0402221679688,316.68170166015625,7.7107579606894205,-5.643998557189775
11,6,596.4925537109375,317.28173828125,6.564151844616163,-6.399616028891501
11,6,597.2910766601562,316.4566650390625,5.811276215506268,-5.715407003670066
11,6,598.4547119140625,312.92083740234375,4.563756322884046,-2.1630996149571047
11,6,599.964111328125,315.26806640625,3.0995975473705357,-4.397413394215732
11,6,596.8562622070312,309.561767578125,6.002025141773402,1.6811218795082254
11,6,598.4511108398438,312.51568603515625,4.281872856068503,-0.9624943550484772
11,6,598.074462890625,313.27740478515625,5.110009558765228,-1.9146999746710662
11,6,596.82763671875,314.97998046875,6.583614480463211,-3.4981989083912595
11,6,595.92578125,314.8759765625,7.499225478692551,-2.9907589808125863
11,6,595.2965087890625,314.33001708984375,8.101030152439648,-2.53550247526249
11,6,595.4078369140625,315.94476318359375,7.955966766863412,-4.333477059140705
11,6,599.624755859375,314.3642578125,3.7162407632207533,-2.8781821873399736
11,6,597.7208251953125,314.20849609375,5.6306413177156855,-2.653708094071476
11,6,595.677490234375,312.69635009765625,7.71767713331019,-0.8791948265533733
11,6,596.0113525390625,332.4381103515625,6.855331278313429,-5.723385127233371
11,6,598.7018432617188,331.59771728515625,4.669406316614982,-4.156776222000246
11,6,599.6263427734375,327.906494140625,5.52420670247966,0.2616711098505675
9,3,495.6148681640625,174.37701416015625,2.4092678101461615,5.606957860822689
9,3,493.54656982421875,174.17442321777344,4.209632643233704,5.79237898895812
9,3,496.1239013671875,175.08248901367188,1.0411052090119028,4.914410646506582
9,3,495.33172607421875,174.4995880126953,1.758724424327795,5.633704759836121
9,3,494.92645263671875,173.6725616455078,2.1623537419357604,6.580130592793125
9,3,492.72491455078125,174.54977416992188,4.36389182787326,5.702918068379063
9,3,495.2708740234375,174.24020385742188,1.8414596956006335,6.08211169148737
9,3,494.49920654296875,174.7285614013672,2.655857505913332,5.72020392803617
9,3,497.1309814453125,178.3799285888672,-0.025341048336031236,2.0404072837368403
9,3,495.440185546875,174.65811157226562,1.6175519887707424,5.7243751328545045
9,3,495.65234375,174.80166625976562,1.393431416844237,5.594151125904517
9,3,492.9462890625,171.09811401367188,3.8975796115303183,9.522704874738565
9,3,491.5714111328125,171.7454833984375,5.022392754947873,8.942828848485647
9,3,494.3887939453125,174.6925811767578,2.0067071827556333,5.88862545342451
9,3,494.32330322265625,172.82318115234375,1.8738951457195867,7.650919861097776
9,3,496.12872314453125,173.34524536132812,1.6080928749577765,6.6146224486448375
9,3,496.145263671875,169.65769958496094,1.5915523476140265,10.302168225012025
9,3,496.72882080078125,170.07794189453125,1.0079952187077765,9.881925915441713
9,3,493.84918212890625,178.9517822265625,3.8876338905827765,1.0080855834104625
9,3,494.98406982421875,172.00404357910156,2.7527461952702765,7.9558242308714
9,3,495.669677734375,171.76963806152344,2.0671382851140265,8.190229748449525
9,3,498.71087646484375,171.87879943847656,0.5699921760949564,7.989919308695818
9,3,499.29144287109375,174.53990173339844,-0.023143472676622423,5.327566569337762
9,3,499.96978759765625,174.56532287597656,-0.7014881992391224,5.302145426759637
9,3,497.41571044921875,174.15269470214844,1.8525889491983776,5.714773600587762
9,3,499.7432861328125,171.79656982421875,-0.7012314300431512,8.177795334310844
9,3,496.7904052734375,175.28396606445312,2.0074119366146874,4.805797247229066
9,3,499.20513916015625,174.33538818359375,-0.4073219501040626,5.754375128088441
9,3,499.17572021484375,176.05982971191406,-0.3779030047915626,4.029933599768128
9,3,498.38519287109375,175.22235107421875,0.4126243389584374,4.867412237463441
9,3,498.6378173828125,174.09117126464844,0.15999982723968742,5.998592047033753
9,3,499.26666259765625,174.91424560546875,-0.4688453876040626,5.175517706213441
9,3,497.9285888671875,172.10890197753906,0.9050159155854658,7.996258378717158
9,3,498.1795654296875,173.0555419921875,0.8042819846868952,7.114257911258335
9,3,499.1629638671875,173.75692749023438,-0.0907057514589269,6.429984987130922
9,3,497.8634033203125,176.8053741455078,1.3728257923581282,3.3141979144890854
9,3,497.37103271484375,175.1793212890625,1.9015736875787184,4.731191079763676
9,3,498.2947998046875,173.02825927734375,0.7611051722911384,6.612731527218045
9,3,499.454833984375,172.18800354003906,-0.4530538877768322,7.573317909456591
9,3,496.6199951171875,169.72283935546875,2.5039926094852945,9.941062246809594
9,3,497.566162109375,166.95265197753906,1.7111850398407,12.588996607441231
9,3,499.84210205078125,166.51101684570312,-0.5392067404022782,12.987830652275676
9,3,499.56219482421875,168.26683044433594,-0.4907194848151448,11.324783746123074
9,3,498.65484619140625,167.7725830078125,0.4481477325573451,11.800872365860187
9,3,496.2977294921875,168.7673797607422,2.9344285274075332,10.731660242421697
10,3,500.8873291015625,176.8560791015625,-2.0895118915103126,3.2336842101196908
10,3,500.02398681640625,177.67453002929688,-1.1155303410572515,2.462834099370127
10,3,501.08709716796875,172.1042022705078,-1.913328957682097,7.4469287748360955
10,3,501.1234130859375,162.87876892089844,-2.0367715544221596,16.70676577057094
10,3,505.685302734375,177.2549285888672,1.3920043558158,4.786009456514051
10,3,503.1712646484375,176.93109130859375,4.16566094502673,5.03391334630075
10,3,504.3448486328125,177.27066040039062,3.0005202331088867,4.696228479554321
10,3,506.12286376953125,176.62330627441406,1.2336193351480915,5.33946891169245
10,3,504.99005126953125,176.85272216796875,2.360097459436872,5.108818939327733
10,3,505.07269287109375,174.4318084716797,2.2231671369587502,7.537478730597343
10,3,507.12445068359375,177.99542236328125,0.24138328721727476,3.954940164691891
10,3,504.53668212890625,174.0330047607422,2.9822428855225667,7.880568936376619
10,3,507.686767578125,175.80909729003906,-0.15594130133104045,6.193220885758819
10,3,506.94195556640625,177.37071228027344,0.5945796314909444,4.683508371212724
10,3,502.7864990234375,173.76620483398438,4.761792780611529,8.22401428228548
10,3,504.27880859375,175.7139129638672,3.206999885848404,6.3122427861942185
10,3,506.49932861328125,174.62100219726562,0.8767513697922027,7.50468932997623
10,3,507.0919189453125,180.31820678710938,0.18732701896504977,1.8027442124305537
10,3,506.04315185546875,178.30743408203125,1.1877910663873195,3.7869377026489417
10,3,506.55517578125,176.45928955078125,0.749422358214133,5.569176591095896
10,3,505.4034423828125,174.32241821289062,1.8900443286280506,7.71063668731756
10,3,507.322998046875,175.0954132080078,-0.09273943864150169,6.985578856197975
10,3,504.81170654296875,175.16494750976562,2.1549987338146366,6.906203933040501
10,3,504.96392822265625,174.51991271972656,1.9417459009522986,7.5269570853755
10,3,510.035400390625,178.76004028320312,-2.6618867840123244,3.2337361479556535
10,3,507.2225341796875,176.9590301513672,0.13776687070412663,5.150064620539183
10,3,506.42327880859375,175.0333251953125,0.633274732919574,7.291727043638417
10,3,506.67266845703125,175.64173889160156,-0.021376144470991676,6.863001800814004
10,3,505.71368408203125,174.13348388671875,0.6213779895770699,8.515710166082442
10,3,505.0970458984375,178.7981719970703,1.14441557214235,3.914775855025738
9,6,452.638916015625,307.71832275390625,1.1585520118949262,11.60993610922253
9,6,450.48785400390625,310.3016357421875,3.565786410608837,9.188513828308942
9,6,452.33575439453125,311.81085205078125,2.1575150745474616,8.065036225643894
9,6,452.86260986328125,310.7530517578125,1.5023969490020477,9.612284377870935
9,6,450.67431640625,310.1552734375,3.54009427586152,10.405845165965275
9,6,451.14788818359375,309.08575439453125,2.894517272146686,11.402917216800404
9,6,452.094482421875,312.37310791015625,2.204034920234335,8.510477114361379
9,6,451.63433837890625,313.45843505859375,2.9626930112269747,7.841131578354123
9,6,454.63800048828125,315.97540283203125,0.6136792269461466,5.93456404273644
9,6,453.033447265625,312.71453857421875,2.595359348731847,9.055280102537665
9,6,452.52410888671875,315.05023193359375,2.9309797709268537,6.692328447803959
9,6,452.2021484375,315.00665283203125,2.303172903473069,6.883410187116624
9,6,452.01519775390625,315.8353271484375,2.6808693980208886,6.1177363256245485
9,6,455.00567626953125,310.7552490234375,0.023967196832586524,11.9007946819641
9,6,457.8446044921875,315.39874267578125,-2.3949829491188552,8.347411679110792
9,6,453.11639404296875,316.6640625,2.523374617591969,6.9584739250002485
9,6,453.3040771484375,315.086181640625,2.2721481266784167,8.7506443648615
9,6,452.7386474609375,313.5291748046875,2.1957654110858016,11.452072440474808
9,6,454.440673828125,313.58660888671875,0.44287530764415806,12.093401277316218
9,6,454.48553466796875,318.41497802734375,0.6931654731062622,7.702622206168542
9,6,453.1588134765625,317.0863037109375,2.1356511722364644,8.836401228785803
9,6,453.88995361328125,319.29254150390625,1.4758406885126192,6.5247709663147475
9,6,452.78521728515625,317.25115966796875,2.563067321257847,8.725575805472602
9,6,454.58642578125,313.77545166015625,0.8562132975498571,12.660738242822106
9,6,470.73138427734375,330.6846923828125,-3.0697573439535972,7.4558714204252965
9,6,469.48980712890625,327.8153076171875,-2.1335778200221966,10.535698523889266
9,6,468.85516357421875,328.145751953125,-1.4922032118337825,10.21476609986263
9,6,470.5155029296875,327.19927978515625,-1.9907852380984536,10.377243752333982
9,6,468.5426025390625,324.7353515625,1.0809633148632543,12.106674227609233
9,6,467.8819580078125,325.47222900390625,1.6449685190662535,11.484452565882918
9,6,469.8726806640625,329.3551025390625,-0.4429291589483455,7.716870374595487
9,6,469.3873291015625,327.5697021484375,-0.05421692349528939,9.616926544900423
9,6,470.03875732421875,330.73785400390625,-0.5920493879977471,6.726987406045396
9,6,467.87506103515625,329.63836669921875,1.6894803840281156,8.068960515906781
9,6,469.56414794921875,329.20281982421875,-0.011380225649190834,8.48134217926065
9,6,470.14752197265625,326.79986572265625,-0.6999590678725554,10.952504501785882
9,6,470.876220703125,330.383056640625,-1.6195363091808872,7.521077968150507
9,6,470.1517333984375,329.51129150390625,-0.7372550427604665,8.230223662491824
9,6,470.725830078125,325.2608642578125,-1.2723348430217811,12.456272943462636
9,6,472.28631591796875,325.79986572265625,-3.1225063694579376,12.238711477688355
9,6,472.7176513671875,329.16180419921875,-3.407866893127675,8.898142501252153
9,6,472.25732421875,328.02703857421875,-2.7207838475150083,10.003467304306582
9,6,472.137939453125,326.23272705078125,-2.6693656291030265,12.007384006688596
9,6,472.73846435546875,330.38702392578125,-3.35526314562901,8.116371685728609
9,6,472.42901611328125,330.13671875,-3.1638910830465647,8.604510264038424
9,6,474.447265625,327.34893798828125,-6.4439569771746505,12.274520727748722
9,6,472.8328857421875,325.91497802734375,-5.108315606054703,14.075838533491662
9,6,470.7978515625,324.85302734375,-1.722842280684688,14.652414608956576
9,6,471.39898681640625,328.36199951171875,-2.4685959897610132,11.52116293256546
9,6,474.11541748046875,328.9521484375,-5.945519293678046,11.666073838003001
9,7,471.48785400390625,379.413330078125,3.0386995638223766,-3.5292129121559697
9,7,472.96533203125,379.4998779296875,1.7564993531004802,-3.745917818778139
9,7,472.58258056640625,375.95947265625,2.6055556803766535,-0.20181266813023058
9,7,472.04364013671875,379.0238037109375,3.6267011905326285,-3.188727385979462
9,7,471.13677978515625,380.78436279296875,5.138310407909557,-4.640989312154147
9,7,472.71954345703125,377.3946533203125,3.866783150653532,-1.2871538942599727
9,7,474.35968017578125,378.60113525390625,2.5398844060047168,-2.5817678926297845
9,7,473.4075927734375,378.22637939453125,3.921376629341239,-2.328369048018999
9,7,474.1021728515625,377.7840576171875,3.759302588740411,-1.9357676875945913
9,7,474.60565185546875,379.75103759765625,3.8716135059221415,-3.8898490509946555
9,7,476.53582763671875,384.4376220703125,2.525294106817114,-8.502857007409318
9,7,475.451171875,377.61456298828125,4.073586610491702,-1.6307064011738248
9,7,474.535888671875,382.37103271484375,5.009415126555211,-6.465524082771651
9,7,473.62677001953125,382.85943603515625,6.172552674931239,-7.025891365432528
9,7,475.569091796875,382.84161376953125,4.768201526689609,-7.119606950756179
9,7,474.61785888671875,379.80755615234375,6.012131537920766,-4.455526524118056
9,7,478.9344482421875,384.86346435546875,1.7989206468231487,-9.877795102490836
9,7,474.5311279296875,381.29595947265625,6.373242908444695,-6.793818348294394
9,7,475.950439453125,377.2802734375,5.360417179635249,-3.138217808523791
9,7,477.2371826171875,381.47760009765625,4.444117096985167,-7.647144016584718
9,7,477.76007080078125,378.554931640625,4.39836346526107,-4.748787816065146
9,7,480.09283447265625,384.2962646484375,2.6838376076531745,-10.478820649498573
9,7,480.50555419921875,382.3177490234375,3.2411547815531208,-8.585228704709266
9,7,498.0650634765625,381.382080078125,3.519390961852082,-8.884709496239168
9,7,497.0567626953125,379.15032958984375,4.478854309527833,-6.858532056862941
9,7,497.23193359375,379.28033447265625,4.1636901203231105,-7.035550244701142
9,7,496.58001708984375,383.66302490234375,4.602690402896712,-11.427098205022162
9,7,497.84130859375,383.76025390625,3.3148788207346342,-11.615411884777188
9,7,496.0357666015625,381.68475341796875,4.745261247050735,-9.865898024812623
9,7,496.51239013671875,382.40167236328125,4.325761483468284,-10.556171680740476
9,7,497.07281494140625,379.04840087890625,4.02202098954632,-7.073764288664222
9,7,499.1798095703125,378.39324951171875,2.234107671977597,-6.258085561439884
9,7,498.48004150390625,381.7579345703125,3.184530799993979,-9.543041175683356
9,7,499.4239501953125,381.22308349609375,2.4627479092562226,-9.229721824806518
9,7,496.79034423828125,380.71173095703125,5.213845390568395,-9.044317555443854
9,7,495.52911376953125,382.93853759765625,6.514258203803877,-11.844950344040342
9,7,494.93426513671875,387.810302734375,7.1834369755310945,-16.72653509935219
9,7,497.09619140625,388.1163330078125,5.255385931587398,-16.763633006883992
9,7,499.00537109375,385.85296630859375,3.5354640085682263,-14.291188026390557
9,7,498.94769287109375,382.3282470703125,3.7343292018829857,-10.621877794322018
9,7,498.2535400390625,382.55194091796875,4.407842869280785,-10.68147662810918
9,7,499.09197998046875,382.9129638671875,3.7249951770958774,-11.158291141906886
9,7,499.6448974609375,383.514404296875,3.523962383613764,-12.515769664908305
9,7,499.25787353515625,382.53515625,3.7737812102482735,-12.185929611501365
9,7,497.63385009765625,382.65576171875,5.715253501341067,-12.252358963402003
9,7,498.670166015625,380.4862060546875,4.776196797313787,-10.092195685963134
9,7,498.2432861328125,380.51898193359375,5.2763233428271406,-10.14798899758756
9,7,496.73736572265625,381.7432861328125,7.401876966834493,-11.311648234626148
9,7,496.24090576171875,383.3619384765625,8.20880241045819,-12.87577761564853
9,7,499.83587646484375,379.7347412109375,5.026539193515703,-9.367725555631637
9,5,452.9124755859375,299.216796875,-1.587101310275898,1.9321861591766378
9,5,452.66107177734375,297.2012939453125,-1.2550595341232906,3.9303803654169656
9,5,451.39227294921875,298.26715087890625,0.05207950929553817,2.9668726163350243
9,5,453.801025390625,297.31585693359375,-2.355022281096467,4.124308412921437
9,5,454.71954345703125,298.8126220703125,-3.3074060125989604,2.713368838580891
9,5,458.05291748046875,292.77154541015625,-6.700737740484442,8.792005800231209
9,5,455.93353271484375,296.33258056640625,-4.659765413550531,5.270852063397626
9,5,454.92022705078125,293.9029541015625,-3.8628097107839494,7.884412832966518
9,5,454.00262451171875,294.5667724609375,-2.7636460504608067,7.291628457626018
9,5,455.617431640625,298.293701171875,-3.888638634059248,3.5970759836605453
9,5,456.9322509765625,297.45709228515625,-4.81160446524558,4.459585983463171
9,5,456.1533203125,298.38421630859375,-4.097657926769159,3.8282485725526385
9,5,453.7474365234375,299.186279296875,-1.9992307766096928,3.3854095644542213
9,5,457.7491455078125,297.2947998046875,-6.306502162165486,5.63389986095558
9,5,456.808349609375,298.05303955078125,-5.543690801257867,5.1632603726993125
9,5,455.18865966796875,299.74249267578125,-3.957756951908209,3.6829276909027726
9,5,456.7034912109375,298.2799072265625,-4.561717312953249,5.02798120265345
9,5,454.031982421875,297.98382568359375,-1.4911635386454236,6.078755116009745
9,5,457.1351318359375,297.50128173828125,-4.80558424498588,7.897254527180564
9,5,456.15850830078125,298.5870361328125,-3.66143962855233,5.397374380403676
9,5,457.11199951171875,295.4189453125,-5.123677702239206,10.140589932139676
9,5,454.2119140625,298.56903076171875,-2.028860196418975,5.937754043529594
9,5,454.6572265625,299.97943115234375,-2.280133031178991,4.564513928826216
9,5,456.2442626953125,297.91583251953125,-4.032919138322939,6.758830487100397
9,5,453.472412109375,299.58026123046875,-1.2340626318713248,5.122210825008551
9,5,453.899169921875,299.4967041015625,-1.8985515723182402,6.037923205165043
9,5,454.7733154296875,297.58563232421875,-2.640725421698903,8.374725410286374
9,5,455.27587890625,298.083740234375,-2.309193270067226,7.721201019154364
9,5,454.98992919921875,297.236083984375,-1.673083595987805,8.401955403388797
9,5,454.435546875,297.086669921875,-0.7700521288295477,8.430660127664055
9,5,455.72332763671875,299.0975341796875,-3.024850920559061,7.441120091667244
9,5,456.192626953125,298.522216796875,-3.330598920366924,8.314956490585246
9,5,454.93841552734375,299.70269775390625,-1.9406897065703674,7.5993141126394335
9,5,455.41888427734375,299.63555908203125,-1.7961939295022376,8.329287559218415
9,5,455.00634765625,298.708251953125,-0.6843274316813108,8.811676310083215
9,5,457.69903564453125,298.3353271484375,-4.031527171540688,9.182730042527794
9,5,452.368408203125,297.7210693359375,1.1963144628427926,10.038562324072132
9,5,450.72216796875,299.30584716796875,2.8473356528145928,8.315280584199968
9,5,454.676025390625,297.73626708984375,-0.8912233758309185,10.075182274652263
9,5,454.30853271484375,299.683837890625,-0.44798723352124625,8.034855417143945
9,5,456.1917724609375,297.12493896484375,-2.1151447607981027,10.757191025416034
9,5,454.50146484375,299.19158935546875,-0.17797604733431172,9.023285141437043
9,5,451.85693359375,298.0570068359375,2.299595763076468,10.564612148932667
9,5,453.19317626953125,296.22119140625,0.0931011838376321,13.03548354504494
9,5,452.2332763671875,298.29315185546875,1.4257757594023701,11.009686587995077
9,5,454.4288330078125,299.23687744140625,0.12717483242767003,10.551317603053917
9,5,453.01556396484375,298.83978271484375,2.7017781248377446,11.601161675306571
9,5,454.37066650390625,298.81890869140625,0.8434814087869995,12.555609348306461
9,5,454.87957763671875,298.5927734375,0.8008415147070878,13.049905824382392
9,5,454.22821044921875,299.89453125,1.918479940939676,12.016309234052073
8,6,404.04986572265625,332.851806640625,-2.4660619592826265,4.860597601434506
8,6,401.57403564453125,328.55322265625,0.07348808935557827,9.08862031912821
8,6,404.06243896484375,332.5316162109375,-2.371778961849998,5.028521822432879
8,6,404.2548828125,333.4586181640625,-2.8337196447369593,4.643489468954272
8,6,403.06103515625,333.98504638671875,-1.5685590811240786,4.503621394028528
8,6,401.90325927734375,335.8994140625,0.059390111012533,2.7878718612739135
8,6,402.21746826171875,331.569091796875,-0.5025214935172926,7.174103172184857
8,6,401.97454833984375,331.9677734375,-0.9385875480687105,7.644711652502508
8,6,400.659912109375,331.412353515625,0.7227100599294545,7.723309468172431
8,6,400.7628173828125,332.602783203125,0.1923540584685952,7.204638130304431
8,6,400.7781982421875,333.78363037109375,0.6698253976586557,6.30315423685056
8,6,400.0977783203125,333.357666015625,1.7662591289015381,6.904058308594074
8,6,401.86871337890625,333.7178955078125,-0.4422909867702174,6.511482529031582
8,6,400.17755126953125,333.25189208984375,0.8194372857141161,10.186652042813307
8,6,400.11248779296875,332.58367919921875,0.21112990887246497,9.4264276018136
8,6,400.08709716796875,332.0972900390625,0.029910580628722983,12.419228384880967
8,6,403.603271484375,346.13031005859375,-4.569108522904628,10.65075744121998
8,6,403.721923828125,348.08984375,-4.540314141613237,10.848258666522156
8,6,402.48358154296875,348.7236328125,-3.247024821548564,10.310424602333228
8,6,402.493896484375,348.83465576171875,-3.6371796346597876,6.310467643749007
8,6,404.0916748046875,349.58990478515625,-5.303315100237626,10.835578354206177
8,6,402.36505126953125,347.75140380859375,-3.5880293327607546,12.655039616528256
8,6,403.49578857421875,349.5198974609375,-4.7392142860229,10.650462359866594
8,6,403.52020263671875,349.9886474609375,-4.781185294918828,5.934676376616437
8,6,402.381591796875,349.59149169921875,-3.8462444319423525,6.202879521432521
8,6,400.9385986328125,349.89794921875,-2.279044155680026,10.3348999057161
8,6,401.70458984375,349.2012939453125,-3.0390185788522217,11.263296982533518
8,6,400.905517578125,348.53387451171875,-2.3125013345185153,11.77628846051374
8,6,402.11138916015625,349.36285400390625,-3.901530728782518,10.839009359694842
8,6,401.3502197265625,348.6480712890625,-3.341783420332945,11.829852740024307
8,6,425.624267578125,348.722900390625,-3.997085721047199,9.850221020313995
8,6,422.50262451171875,346.11944580078125,-3.0445827715832934,14.865625692907201
8,6,424.48126220703125,349.88531494140625,-4.929043175330378,11.0825759540312
8,6,423.38568115234375,349.70452880859375,-3.3164795993871508,11.223664274581267
8,6,422.3204345703125,348.03387451171875,-1.9308515626386793,12.18439845815368
8,6,420.9183349609375,348.96832275390625,-0.6036920904988392,10.972791518041106
8,6,423.8751220703125,349.1644287109375,-3.694778798190214,10.213093475571384
8,6,422.7860107421875,348.4654541015625,-2.4470667020003702,10.500978827466497
8,6,426.2069091796875,348.6533203125,-5.809066534608178,9.975857361352155
8,6,427.355712890625,346.58294677734375,-7.047762653630855,11.819724027543884
8,6,403.57501220703125,342.51666259765625,-5.042878332451892,5.41957271667269
8,6,403.75775146484375,344.27813720703125,-5.553877566997585,4.236904499103105
8,6,405.191650390625,342.06671142578125,-7.6833940794247155,7.25091024513938
8,6,407.0889892578125,348.009521484375,-8.362853604819293,-0.3843339583386296
8,6,404.96270751953125,342.2255859375,-5.22617406173481,4.238148105362598
8,6,406.29888916015625,342.36627197265625,-5.941041783425874,3.9317406515687594
8,6,408.9012451171875,339.23358154296875,-8.24124136769069,7.606487640739488
8,6,408.25457763671875,345.44183349609375,-7.412400065372992,2.2008469143136153
8,6,412.1929931640625,335.4344482421875,-9.848098384108823,10.31274925523519
8,6,411.52471923828125,333.8497314453125,-8.552350176238576,10.930494353853874
8,5,403.3980712890625,294.10076904296875,-3.8186725926504437,8.264876909170312
8,5,403.60577392578125,294.25152587890625,-3.9001859996085386,7.934630118814255
8,5,404.06390380859375,296.09844970703125,-4.373460932740102,5.955921020844357
8,5,404.993408203125,292.69671630859375,-5.3306836061103695,9.230112857202016
8,5,405.1591796875,294.41064453125,-5.524342218005813,7.387866140221888
8,5,404.69976806640625,296.2581787109375,-5.138424220306035,5.731030243567432
8,5,404.01019287109375,293.5029296875,-4.553797449348565,8.895664398181339
8,5,404.55963134765625,292.32354736328125,-5.186695316717078,10.061082133270759
8,5,404.65496826171875,293.596435546875,-5.3637894514874915,8.740695361294854
8,5,405.4189453125,293.88299560546875,-6.209523722976655,8.40663671431895
8,5,404.7305908203125,293.16021728515625,-5.3808325147151095,8.902999501096474
8,5,405.24560546875,293.7861328125,-5.602180161166302,7.926454990234902
8,5,403.81207275390625,294.2017822265625,-3.916324981675075,7.624579010088553
8,5,404.38818359375,295.125244140625,-4.439222929093148,6.79166264020148
8,5,403.2662353515625,299.99676513671875,-3.797787267512547,1.8597938477805087
8,5,403.24530029296875,297.18341064453125,-4.253794069988089,5.269234587698918
8,5,403.7724609375,295.94537353515625,-5.0512955164902,7.125437872125531
8,5,403.0281982421875,294.74334716796875,-4.293497504688389,8.47142421784514
8,5,402.974609375,294.084716796875,-4.226463398311978,9.273056516268639
8,5,405.87542724609375,296.89337158203125,-7.1138360302168735,6.607403658442138
8,5,404.25054931640625,293.93878173828125,-5.203481598999588,10.046144133381063
8,5,449.4835205078125,297.50836181640625,0.055145519191285075,2.0968926626406414
8,5,449.9896240234375,297.97515869140625,-0.6739819067288977,1.5652343335067371
8,5,449.01605224609375,298.63262939453125,0.019050474888103963,0.8163075343571791
8,5,416.06988525390625,298.55352783203125,-0.1006874598828631,7.0155193410169545
8,5,448.11767578125,291.32843017578125,1.8455417512735721,3.5811077300111833
8,5,447.84808349609375,290.71087646484375,2.6278292161505306,4.048160345186375
8,5,446.4166259765625,292.44989013671875,4.345574201467514,2.302684268016492
8,5,446.310791015625,291.45135498046875,4.530536541848392,3.4265505300462564
8,5,447.03790283203125,290.9642333984375,3.6314858074960057,4.215312874045708
8,5,448.8887939453125,292.39141845703125,1.2974729626891985,3.5355220880145453
8,5,447.68670654296875,291.80755615234375,2.652341865481162,4.146383792435188
8,5,449.36895751953125,295.15087890625,1.5711141024416406,0.25039918127066585
8,5,448.20404052734375,287.78790283203125,2.5931737051063237,8.41313723396786
8,5,447.1380615234375,292.641357421875,3.9289247067360975,3.6547243527380147
8,5,447.90582275390625,294.4691162109375,3.376203863381079,1.8436141244878286
8,5,449.087646484375,290.599365234375,2.318477548046417,5.598179104629764
8,5,448.9000244140625,293.3514404296875,2.6189633231638254,2.0674716898255383
8,5,449.4140625,290.640625,2.213130204320123,3.7755419897580396
8,5,449.702392578125,290.7816162109375,2.0339090770127655,3.849050201061118
8,5,449.6854248046875,294.04315185546875,2.0331622024823446,0.694391844948484
8,5,448.46826171875,291.6602783203125,3.024672196405959,3.005317558659158
8,5,449.81610107421875,289.88433837890625,1.1757538750960066,6.455836567796894
8,5,446.03521728515625,295.2432861328125,4.74881308478092,0.949105066442371
8,5,449.39300537109375,291.83087158203125,1.2731787847568512,4.186018186251033
8,5,449.0301513671875,292.43060302734375,1.579408014934586,3.4348349732417205
8,5,449.61016845703125,292.87481689453125,0.38983085675988605,4.1838433366134495
8,5,449.01153564453125,289.9061279296875,1.035655937081799,7.298204866214803
8,5,449.1409912109375,295.4560546875,-1.6005875221874248,4.897546797341249
8,5,449.376953125,293.572021484375,-0.3939824671991232,7.357505022770624
7,5,390.52325439453125,278.6253662109375,-5.451446171683301,2.2276848382558683
7,5,389.8885498046875,279.129638671875,-4.829756900056907,1.808370696689849
7,5,389.77130126953125,278.0145263671875,-4.235171301596608,3.3411194307905134
7,5,390.36163330078125,279.44671630859375,-4.807460108575242,1.7584975118071497
7,5,387.8736572265625,279.318359375,-2.3719713556775446,1.6850557235442238
7,5,390.08905029296875,280.69146728515625,-4.775161248962547,0.011898528554070253
7,5,393.250732421875,279.35052490234375,-6.4813651223296915,-1.8998836697039678
7,5,392.75201416015625,278.31414794921875,-6.005981662893362,-0.8481416353887425
7,5,391.07855224609375,276.71490478515625,-4.290336314052638,0.6799513052581005
7,5,391.36517333984375,275.38653564453125,-4.5347734701582,1.9371693742899083
7,5,391.35223388671875,274.9114990234375,-4.462216350170706,2.305592344123511
7,5,390.616455078125,274.59417724609375,-3.6294566999038125,2.4402990582988764
7,5,390.3673095703125,275.12152099609375,-3.3248427736534722,1.843851756077413
7,5,390.622314453125,275.886962890625,-3.5465311377208195,1.069878432282053
7,5,390.34722900390625,273.9940185546875,-3.138995194300321,2.903401841555933
7,5,389.775390625,271.7979736328125,-2.4944425678116886,5.047110975152975
7,5,389.90374755859375,274.3914794921875,-2.674870930302461,2.4166641425958915
7,5,394.0361328125,299.82659912109375,-6.788309121432803,6.195197387428891
7,5,387.90069580078125,298.9434814453125,-2.2933540643284687,7.01507910995258
7,5,388.23565673828125,298.908935546875,-2.7774972641563522,7.172378815360787
7,5,387.9600830078125,299.80487060546875,-4.2584259590555575,6.442834120719965
7,5,383.8770751953125,298.92449951171875,-8.054556154141494,2.5651482025791665
7,5,381.177734375,299.52325439453125,-5.501877682180179,2.0795889781906567
7,5,381.74908447265625,298.7188720703125,-6.071818746779456,2.8245210859305416
7,5,381.49468994140625,297.63275146484375,-5.813510620689101,3.9338268602904805
7,5,382.6123046875,298.60137939453125,-6.926994265319763,2.9884553932366202
7,5,382.86962890625,299.12603759765625,-7.1653376885985836,2.483670221865509
7,5,380.17620849609375,297.52838134765625,-4.452936482971211,4.101199503619341
7,5,380.4942626953125,299.2322998046875,-4.755400752905416,2.41360381663128
7,5,382.85040283203125,299.11859130859375,-7.256750623194762,2.2935333826315514
7,5,382.40997314453125,297.65618896484375,-6.819431549295473,3.6930073126965226
7,5,381.17498779296875,298.33343505859375,-5.3512982869650045,3.0824611663621795
7,5,380.73199462890625,295.43560791015625,-4.605900922099636,5.8918520745856995
7,5,383.23565673828125,298.2747802734375,-6.984647792299029,2.9737826280987747
7,5,380.61444091796875,299.80322265625,-4.287080351630323,1.3692238141882171
7,5,379.60150146484375,299.94915771484375,-3.491026497309747,1.101176903389046
7,5,383.3072509765625,299.8717041015625,-7.328489542318607,1.0785761932436913
7,5,381.7396240234375,298.04742431640625,-5.813695399103267,2.8627222812908144
7,5,385.34356689453125,294.68133544921875,-9.371745048761568,6.172747513549268
7,5,384.1815185546875,295.63836669921875,-8.124322065994704,5.1114217149573165
7,5,384.27764892578125,295.2530517578125,-8.322832169139645,5.300521348774055
7,5,383.51971435546875,296.96844482421875,-7.668271214952938,3.418417742890938
7,5,382.636962890625,294.9647216796875,-6.785519750109188,5.422140887422188
7,5,383.94805908203125,298.28759765625,-8.036089499806394,2.0145393574853756
7,6,389.6707763671875,338.17388916015625,1.5087829804994612,0.28733517191403735
7,6,399.87322998046875,331.239990234375,1.4327575095687166,7.619801682301954
7,6,397.25164794921875,329.82257080078125,4.062256393372309,9.466315458087138
7,6,398.42584228515625,330.31097412109375,2.750513508355482,9.899920260009651
7,6,398.62322998046875,333.15771484375,2.4144143958788504,7.3442763790064305
7,6,398.44854736328125,331.8638916015625,2.5133236068523956,9.097793977861159
7,6,399.2078857421875,333.17462158203125,1.6470579511978372,11.228822275374228
7,6,397.484130859375,334.6661376953125,2.6464835595749037,7.649617826209067
7,6,397.16326904296875,332.9525146484375,2.9400589781088797,13.776583051789999
7,6,398.40899658203125,335.38134765625,1.3030798752565715,8.954144406312821
7,6,398.00775146484375,333.70819091796875,1.3525659201315534,9.478509054937945
7,6,399.4141845703125,334.8121337890625,-0.26240891209818074,8.896972484092998
7,6,399.44921875,335.70782470703125,-0.5297371752291724,8.485657489228174
7,6,398.75628662109375,335.2255859375,0.03379891033750937,9.95241388078307
7,6,396.89202880859375,333.86871337890625,1.9832068495037447,13.344255107140555
7,6,399.81048583984375,336.65887451171875,-0.8256303148883717,11.711613502237526
7,6,398.39019775390625,336.1466064453125,0.7168334876732843,12.9481489460876
7,6,398.44781494140625,335.45556640625,0.6417699021295675,13.671094803817084
7,6,397.71429443359375,337.30078125,1.2743826079196765,11.977426739245459
7,6,397.44805908203125,338.36492919921875,1.27373826171754,11.303004572783095
7,6,398.8363037109375,349.84417724609375,-0.5209757931322088,7.818311051760588
7,6,398.06243896484375,348.1097412109375,0.5807226568028341,11.63397873445308
7,6,398.12225341796875,348.58453369140625,0.5297797516910805,11.358625747223982
7,6,399.08489990234375,348.330810546875,-0.6090977423813229,11.606665199666566
7,6,399.6180419921875,349.23760986328125,-1.7746883145463812,12.065765029763497
7,6,399.71527099609375,347.6434326171875,-2.2634263060823514,15.350535982681322
7,6,399.15234375,349.7005615234375,-1.7556113363868917,13.459991956580723
7,6,376.96832275390625,329.12872314453125,-3.2550697542195053,7.583450962896791
7,6,376.82952880859375,325.87054443359375,-3.1566456644806067,10.887341738222062
7,6,376.9979248046875,328.424560546875,-3.3694930072052216,8.717466257793376
7,6,377.51141357421875,326.46978759765625,-4.326248880951937,12.792847367381285
7,6,376.04302978515625,327.158447265625,-3.0765910326834955,13.17856791350232
7,6,376.93536376953125,330.02197265625,-3.9554317656184708,10.307787255776418
7,6,375.10870361328125,328.68212890625,-1.9932926481766913,10.874449081002012
7,6,375.76605224609375,328.230712890625,-2.4905564011896217,10.398290147949979
7,6,377.32073974609375,328.42205810546875,-3.8851571130277307,9.279358926863551
7,6,377.777587890625,328.0167236328125,-4.088594303098262,8.946062174509052
7,6,377.49261474609375,326.52484130859375,-3.6106954792240913,10.111844483864843
7,6,376.34844970703125,328.63616943359375,-2.6907636766204064,8.115334403999498
7,6,377.934326171875,330.82220458984375,-4.502252682574692,6.044823562241277
7,6,374.9595947265625,327.9404296875,-1.7517544737210642,9.041416509719738
7,6,375.552978515625,328.01202392578125,-2.2851907632617667,10.504063689750922
7,6,376.4814453125,327.6624755859375,-3.0514201294035956,12.414568897478887
7,6,378.21453857421875,327.06463623046875,-4.43719890685054,9.733349097271741
7,6,377.9462890625,329.68182373046875,-4.054117801774225,6.209992039532324
7,6,376.65057373046875,327.76226806640625,-2.726250394401518,8.090840462907408
7,6,377.9749755859375,326.1339111328125,-4.113928320948389,9.378807241518814
7,6,375.91888427734375,330.6888427734375,-2.073271967137771,4.533844836165883
7,6,376.66357421875,327.4481201171875,-2.773043582994376,7.664078145933956
7,6,376.29803466796875,327.296630859375,-2.3023513493691894,7.755463510761729
6,6,326.14593505859375,322.5528564453125,-7.745451650215159,8.781868971173822
6,6,326.30096435546875,317.730712890625,-7.522507685395226,13.201006473831796
6,6,325.21240234375,322.68328857421875,-6.410854200726533,7.968672392132078
6,6,341.4984130859375,308.85357666015625,-6.069270601903952,11.863162829017597
6,6,342.50177001953125,310.62005615234375,-6.987294501425936,9.996685878932453
6,6,344.18084716796875,313.5908203125,-8.4838057849243,6.874282327780634
6,6,344.86907958984375,311.65765380859375,-9.172008143359506,8.823797099530907
6,6,339.406494140625,313.32452392578125,-3.709385345183591,7.177237058642277
6,6,340.07916259765625,312.66607666015625,-4.382023971609726,7.851905978412617
6,6,339.59637451171875,312.2601318359375,-2.4702928678936473,9.469297079275464
6,6,342.389404296875,309.54376220703125,-4.474301694833628,12.795282897668528
6,6,341.514404296875,312.70916748046875,-4.758248338215367,8.433031009958825
6,6,340.37725830078125,310.182373046875,-3.955722132397341,10.483663572111766
6,6,341.39288330078125,312.49224853515625,-4.767080059147133,8.147947858687587
6,6,342.16119384765625,314.09893798828125,-5.568058091589762,6.462258607117633
6,6,343.8245849609375,312.44219970703125,-7.1891820263210775,7.918301309544859
6,6,343.7559814453125,311.9072265625,-7.012418654338603,8.145567508199179
6,6,342.66278076171875,312.360107421875,-5.811058114387379,7.3849797029471915
6,6,343.40771484375,312.87591552734375,-6.34922577870077,6.556487741938042
6,6,343.62994384765625,311.58172607421875,-5.966350163788718,7.5160434787973145
6,6,344.18768310546875,312.7716064453125,-6.3421000329371395,6.026465441477626
6,6,340.5211181640625,307.9884033203125,-2.8510635348774827,10.538018673581973
6,6,342.091796875,309.70654296875,-4.153087237890759,8.649165394925262
6,6,342.61175537109375,310.959228515625,-4.373315910310339,7.23520076351241
6,6,343.94708251953125,310.4708251953125,-5.535222988894134,7.542677597540376
6,6,341.31903076171875,304.85614013671875,-2.803328769576069,13.141321282313982
6,6,342.74212646484375,306.15374755859375,-4.181210061751074,11.968013404250485
6,6,344.2935791015625,305.32696533203125,-5.501300184780007,12.563076674953209
6,6,344.8272705078125,304.340576171875,-5.77871262924009,13.270263700649878
6,6,341.146728515625,300.513671875,1.4629466571275316,11.751325469828316
6,6,344.31341552734375,308.00323486328125,-1.7180434045504853,4.398977409509996
6,6,344.6534423828125,310.28912353515625,-2.0342301828774225,2.3502332553087513
6,6,342.84039306640625,305.47784423828125,-0.19734078932930288,7.3986570698575065
6,6,341.569580078125,303.83514404296875,1.077626870907352,9.120090867141641
6,6,342.170166015625,302.3038330078125,0.4156202152175865,10.202718636732698
6,6,346.2562255859375,301.18548583984375,-3.7006385116072806,11.075300446183178
6,6,344.22686767578125,307.14208984375,-1.6783870909268899,5.022792211961075
6,6,344.931884765625,303.70758056640625,-2.4475329138267625,8.509771220234711
6,6,344.2547607421875,310.75146484375,-1.7394581827983302,1.4114764481763586
6,6,341.234130859375,308.4676513671875,1.6315606341722173,3.254077830102858
6,6,342.11907958984375,307.3199462890625,1.1607377964224384,4.076458180803343
6,6,345.4127197265625,301.9447021484375,-1.668685913510899,9.210871465260595
6,6,342.42120361328125,301.9493408203125,1.486711735099334,8.963708867439436
6,6,342.5933837890625,305.29937744140625,1.4274204062324998,5.398716845639115
6,6,341.50128173828125,304.98809814453125,2.6370196539791095,5.468384233805921
6,6,342.65850830078125,304.7542724609375,1.5926963416467856,5.588223991136033
6,6,343.07275390625,304.33502197265625,1.607183343577674,5.8190874352657715
6,6,344.78607177734375,304.8831787109375,0.24913622413572512,5.0753835107155965
6,6,346.271484375,302.9825439453125,-1.2322864745414108,6.78852927699495
6,6,342.41357421875,302.52032470703125,2.6296137709410914,7.063250575749862
6,5,338.80657958984375,277.69366455078125,-3.5090290387564096,1.6114673338952912
6,5,340.2554931640625,277.94061279296875,-5.045619161415857,1.3621796094666365
6,5,341.59942626953125,278.247802734375,-6.391901802316397,1.057336811394464
6,5,341.2630615234375,275.82354736328125,-6.055537056222647,3.481592182488214
6,5,341.285888671875,276.703369140625,-6.057443020313713,2.6173695166908715
6,5,342.57000732421875,276.5316162109375,-7.289004638591734,2.828309665579866
6,5,341.39300537109375,277.303955078125,-6.059764488357359,2.0949202885454383
6,5,341.7747802734375,276.6585693359375,-6.393213796319685,2.776338232582418
6,5,341.29241943359375,276.9849853515625,-5.910852956475935,2.449922216957418
6,5,340.6011962890625,279.1580810546875,-5.0030985980634455,0.32973628730354676
6,5,341.41937255859375,277.564453125,-5.492599103849045,2.0036767035536514
6,5,341.64166259765625,277.06097412109375,-5.712491250922255,2.5077416364799774
6,5,341.05511474609375,276.21478271484375,-5.125943399359755,3.3539330427299774
6,5,340.6307373046875,277.53289794921875,-4.734874775866899,2.03171570837992
6,5,338.96917724609375,275.36724853515625,-3.2724786897849754,4.172837367395914
6,5,339.97265625,275.75311279296875,-4.525071827065119,3.7562938136999833
6,5,342.78216552734375,276.1702880859375,-7.517044343026441,3.316647520753861
6,5,340.111083984375,277.39605712890625,-4.837178346666349,2.0985531180364205
6,5,341.5723876953125,278.12017822265625,-6.248455663613072,1.4181381673831197
6,5,340.1063232421875,276.0323486328125,-4.77633949777794,3.593300748270451
6,5,341.62567138671875,273.75726318359375,-6.332048258830639,5.997592908323327
6,5,341.2353515625,272.88177490234375,-5.978128950664825,7.002429682580612
6,5,341.582763671875,276.05218505859375,-6.336756346539744,3.8828234970895323
6,5,344.39703369140625,299.61566162109375,-0.3389330656067955,10.958926175101965
7,7,398.198486328125,384.92535400390625,-6.159879020507503,3.947226769799272
7,7,397.287353515625,386.22991943359375,-5.123284400436262,3.1482490161293413
7,7,394.90484619140625,386.82696533203125,-2.559544500814809,3.003707457718974
7,7,396.318603515625,387.65777587890625,-4.255084992743264,2.6179386793960475
7,7,397.15350341796875,386.42919921875,-5.392148637860885,4.294435170214399
7,7,394.038818359375,387.710205078125,-2.096505949243692,3.4905539650258675
7,7,398.133056640625,391.539306640625,-6.062858917172946,0.17943623204439518
7,7,395.9715576171875,390.72808837890625,-3.8274402634526723,1.55512495965246
7,7,392.97222900390625,397.05059814453125,-2.8597642961876772,7.7190397323947195
7,7,392.7618408203125,399.87188720703125,-2.018737926306244,4.719728350510479
7,7,392.27880859375,399.93109130859375,-1.2239808419844849,5.3692956921944415
7,7,393.4996337890625,398.49871826171875,-2.9456836419594197,9.26499008984581
7,7,397.215576171875,369.40875244140625,-6.284906753526684,0.2097420984171663
7,7,397.2503662109375,371.30859375,-6.449787433529366,-1.8417781124627481
7,7,396.10357666015625,366.93865966796875,-5.2095470778880895,2.254608190692295
7,7,396.68505859375,370.33367919921875,-5.326054731442127,-1.0525076379193479
7,7,394.7093505859375,370.53436279296875,-2.925395249714313,-1.414302451532933
7,7,396.792724609375,370.08709716796875,-4.6765908554496605,-1.668115937571656
7,7,397.27392578125,369.7197265625,-5.040890037702127,-1.5153745849078746
7,7,396.9300537109375,369.94110107421875,-4.68939601648384,-1.7042906999610068
7,7,396.70989990234375,369.17620849609375,-4.837483512144331,0.2434656293277726
7,7,395.9163818359375,373.50323486328125,-4.4445962595121955,-3.8837781869945616
7,7,397.5792236328125,369.855712890625,-6.413098956057752,-0.3313476946592573
7,7,397.70257568359375,370.32391357421875,-6.452394581512124,-1.0429947845637457
7,7,396.6851806640625,371.44537353515625,-5.793215352740901,-2.4721917517027236
7,7,396.65478515625,368.753173828125,-6.121035635688486,-0.08772905087295158
7,7,397.74676513671875,372.19036865234375,-7.5712314069172635,-3.8326608812931795
7,7,396.1552734375,370.662353515625,-6.479427734496994,-2.282222437519806
7,7,395.654296875,376.1905517578125,-6.547443106411492,-7.626259631813184
7,7,395.94378662109375,369.33746337890625,-7.409397641393923,-0.5878861741074957
7,7,394.908447265625,371.4105224609375,-6.867140752794967,-2.378840472474735
7,7,391.2269287109375,387.7415771484375,-1.3771088326246854,-0.014729836704930221
7,7,391.5787353515625,387.14996337890625,-2.0774993468999696,0.4888250657311346
7,7,393.42279052734375,389.30645751953125,-4.710358319088414,-1.9415757021488957
7,7,391.2066650390625,389.34368896484375,-2.569014588908658,-2.0442830551828024
7,7,392.35748291015625,391.1357421875,-3.757621820847305,-3.933886915612902
7,7,391.99127197265625,391.19537353515625,-3.4162729242987098,-4.071823191635019
7,7,389.5748291015625,387.27276611328125,-1.0246920941564213,-0.227520698125943
7,7,390.8052978515625,389.16998291015625,-2.3756768773419594,-2.188795290709038
7,7,389.40380859375,389.0972900390625,-1.2735908580482942,-2.163450384162388
7,7,391.08795166015625,389.86614990234375,-2.9680477477854765,-2.914977558927262
7,7,390.34564208984375,386.8258056640625,-2.3957417287838894,0.14291295861016806
7,7,390.16058349609375,387.07000732421875,-2.3431584136841934,-0.11616473363227442
7,7,390.0526123046875,387.09259033203125,-2.3453986567848233,-0.18830069661453308
7,7,386.85400390625,387.2152099609375,0.4851724606140806,-0.5298494677539338
7,7,387.94580078125,386.3690185546875,-0.9331431661344709,0.37269662154000116
7,7,387.112548828125,385.93170166015625,-0.41825993308930265,1.307494930517123
7,7,387.91204833984375,387.5743408203125,-1.5146033894492916,-0.34894477312144545
7,7,388.40948486328125,387.4447021484375,-2.2981714725242455,-0.4422733380905015
7,7,386.31097412109375,383.98834228515625,-0.4268436820516399,2.755023276791235
7,8,369.41717529296875,401.9766845703125,-0.467178961194179,-61.552117051328594
7,8,369.8388671875,400.23468017578125,-0.888870855725429,-59.810112656797344
7,8,369.9786376953125,401.68536376953125,-1.028641363537929,-61.260796250547344
7,8,370.10064697265625,401.4390869140625,-1.150650640881679,-61.014519395078594
7,8,351.02874755859375,405.97430419921875,-4.068872848597891,-6.359969517819593
7,8,350.55059814453125,400.4100341796875,-3.5385542906243472,-0.8534019653915266
7,8,351.78326416015625,400.49664306640625,-4.767329275278712,-1.0697030077647582
7,8,353.90496826171875,400.06732177734375,-6.654924073141842,-1.0095063381133969
7,8,354.65997314453125,406.00909423828125,-7.344619647883235,-7.1472857297592896
7,8,393.86053466796875,402.3778076171875,-3.663794834721614,2.4246308939793266
7,8,395.78631591796875,400.99237060546875,-5.648464733188064,3.6548538176181182
7,8,395.48297119140625,402.50494384765625,-5.143815787701726,2.1237852964034687
7,8,394.76556396484375,401.3551025390625,-4.225104342215388,3.2551313259700123
7,8,391.69195556640625,400.8345947265625,-0.8574813156125742,3.7836336927011303
7,8,395.98974609375,400.99951171875,-5.116368983976599,3.661643141706122
7,8,395.7177734375,401.13934326171875,-4.813273892139307,3.556152915443704
7,8,395.75946044921875,400.065185546875,-4.783127236998951,4.912481977322955
7,8,393.62713623046875,401.9891357421875,-2.493331103137109,3.6359558489158417
7,8,394.62030029296875,400.1776123046875,-3.5470777756704592,5.913181610175684
7,8,396.0780029296875,403.66082763671875,-5.187070106568001,3.0207845632867816
7,8,397.73297119140625,401.00335693359375,-7.024328062465486,6.269073551554072
7,8,353.09271240234375,430.348876953125,-10.301774455526413,7.7589922906618085
7,8,352.121337890625,429.56207275390625,-9.797242414112247,8.433700158433851
7,8,353.41400146484375,431.18865966796875,-11.407266631871323,6.741928634080921
7,8,352.46673583984375,433.085693359375,-10.384890716226096,4.880309266835127
7,8,354.57708740234375,433.0784912109375,-12.420131988080868,4.922925739433083
7,8,356.42181396484375,432.73565673828125,-14.189707072212116,5.301193956163843
7,8,352.04754638671875,430.20123291015625,-9.532271230712922,7.9676449734789685
7,8,354.98333740234375,429.88482666015625,-12.10792683672031,8.451948413669072
7,3,373.8675537109375,186.34532165527344,-5.70684223857603,-5.859782288536792
7,3,371.28192138671875,187.02981567382812,-3.0139982870095423,-6.615891694521281
7,3,372.89337158203125,185.1289520263672,-4.590132822518342,-4.76592001133011
7,3,371.86541748046875,189.89122009277344,-3.555775258214908,-9.543855090764623
7,3,371.6314697265625,185.886474609375,-3.3154240415677236,-5.554776620394421
7,3,371.6116943359375,185.6441650390625,-3.4591595837636078,-5.2434847598548515
7,3,374.87139892578125,184.39315795898438,-6.781358585539692,-3.9757237779878665
7,3,372.7161865234375,185.65769958496094,-4.555750962335026,-5.3044395408225
7,3,372.8489990234375,182.10250854492188,-4.9281217280574765,-1.8585849985842344
7,3,374.43927001953125,182.99160766601562,-6.809883390797552,-2.8517675037058723
7,3,374.771240234375,196.7693634033203,-3.182911390027755,-5.4458903437019615
7,3,376.07550048828125,195.8968505859375,-4.617367586672742,-4.491827356662469
7,3,373.9520263671875,196.2427978515625,-2.422318796396837,-4.728029703419423
7,3,377.0628662109375,196.03408813476562,-5.063208017626096,-4.640282968507563
7,3,375.14080810546875,196.64968872070312,-2.8490665521009078,-5.346661934952095
7,3,376.13751220703125,196.47280883789062,-3.826914457694329,-5.214444505489297
7,3,377.01513671875,195.1969451904297,-5.104800984366761,-3.925747062057752
7,3,376.51934814453125,194.28904724121094,-5.119911858617513,-2.9779942465437443
7,3,376.342041015625,195.3681182861328,-4.891746779181915,-3.930952557488922
7,3,375.79522705078125,192.54664611816406,-4.420071752129843,-1.0925443845053735
7,3,374.45635986328125,195.0277099609375,-3.343271840438547,-3.71880295026466
7,3,374.01678466796875,194.47979736328125,-2.789284127274641,-3.1376251965807853
7,3,375.2105712890625,197.28598022460938,-3.7493324006171633,-5.85584405382221
7,3,373.8736572265625,197.84454345703125,-2.3412822227313654,-6.427825777910584
7,3,374.07489013671875,196.80712890625,-2.3156864648755118,-5.348933865926625
7,3,375.56866455078125,196.91064453125,-3.3597639728842523,-5.332287933678629
7,3,376.15234375,195.71607971191406,-3.886594706999688,-4.04647355614668
7,3,372.27606201171875,195.97000122070312,-0.08068022686302356,-4.223130672281599
7,3,373.00445556640625,195.51902770996094,-0.7860226577452067,-3.7422073962404454
8,7,435.49114990234375,364.62347412109375,1.7776292191427387,-0.7129482449679472
8,7,438.72003173828125,367.371826171875,-1.0191760676615331,-3.9263361321642947
8,7,435.23760986328125,365.25030517578125,2.845163515831132,-2.0662867998021284
8,7,436.8565673828125,365.87030029296875,1.518773703401564,-2.605917308058224
8,7,437.98583984375,367.0372314453125,0.4148146479077468,-4.3022284984512
8,7,424.92138671875,350.57470703125,-4.2058897261110815,9.091372592173627
8,7,421.22900390625,352.13970947265625,-1.6172670858771312,8.761390137344733
8,7,421.5789794921875,351.0960693359375,-2.1205076570041683,9.875046693108516
8,7,424.2425537109375,352.467041015625,-4.7243612666684385,8.509799025715267
8,7,423.13214111328125,351.98992919921875,-3.5537979648786404,8.978679389773333
8,7,424.94073486328125,352.25823974609375,-5.332471925861853,8.718919171799485
8,7,424.16143798828125,352.39178466796875,-4.571925144633951,8.620942197155841
8,7,422.58642578125,350.3319091796875,-3.0230166590083627,10.666911474274798
8,7,423.5491943359375,350.499755859375,-3.710858632298425,10.482082029971423
8,7,423.38189697265625,351.6875,-2.7927169102715084,8.292948607963353
8,7,423.020263671875,351.61309814453125,-1.6254523021130467,6.576420922013028
8,7,422.1004638671875,353.96728515625,-1.3124209259484019,5.553299155837976
8,7,422.78350830078125,350.17864990234375,-2.543846684542359,9.485153604644836
8,7,427.4910888671875,350.45294189453125,-7.495166428666778,7.636128548096792
8,7,426.83343505859375,378.490966796875,0.7889337837999619,1.7817001015465053
8,7,425.90447998046875,381.4605712890625,1.3729941036323225,-1.2014964160940167
8,7,425.46026611328125,382.677001953125,1.47231321252724,-2.4315191056095387
8,7,413.62078857421875,394.4974365234375,-0.6416406979521412,-3.677106833317225
8,7,417.0142822265625,392.479248046875,-2.243948898113672,-4.234733239730929
8,7,416.7418212890625,393.20068359375,-0.1743011216461241,-7.498289458848944
8,7,418.423583984375,392.14862060546875,0.07826378183500537,-7.872989326637878
8,7,420.771484375,392.876953125,-0.12276150434274768,-9.564091775936163
8,7,422.6986083984375,393.0517578125,0.4778735482073557,-9.93439772133911
8,7,423.93780517578125,392.89837646484375,1.596143111629715,-10.070535408995227
8,7,429.76141357421875,394.03607177734375,-1.9760699934755053,-11.555232965173332
8,7,428.6900634765625,389.6710205078125,0.5105335083361524,-7.9731353629262
8,7,429.70025634765625,391.60870361328125,0.8224286806325267,-10.76510650123032
8,7,428.42889404296875,385.1636962890625,3.267245195737644,-5.299674085855827
8,7,429.94683837890625,384.8701171875,2.594795280518724,-5.823652395633303
8,7,431.964599609375,384.6748046875,1.3003875704623056,-6.3544659198504405
8,7,433.63555908203125,385.35223388671875,0.47552256862525155,-7.183839594303606
8,7,429.42388916015625,381.81256103515625,5.880164456034663,-3.9306235335286033
8,7,431.8721923828125,379.16900634765625,4.492140879404133,-1.5917477111061658
8,7,434.3507080078125,375.29833984375,3.026861166112724,1.5763671139994813
8,7,435.4769287109375,374.8612060546875,2.9707844567386132,1.6210654864046887
8,7,437.49853515625,374.0081787109375,2.166628783358192,2.8069805744978567
8,7,439.134765625,374.30194091796875,1.8207484343321312,3.697745648523039
8,7,440.1539306640625,375.0460205078125,2.133608021238558,4.617435013407942
8,7,441.66796875,376.19219970703125,1.142180408527679,4.725694640347797
8,7,446.3782958984375,383.0240478515625,-2.939871898512706,-0.8652540249447043
8,7,448.650390625,385.211669921875,-4.293901186566927,-1.8119857335518645
8,7,446.89324951171875,389.295166015625,-1.5687516707133113,-5.0061420085423265
8,7,448.17529296875,391.68157958984375,-1.8516026822882168,-6.6886076015538265
8,7,449.9461669921875,394.23663330078125,-2.6232723489558225,-8.53970493956217
8,7,448.91534423828125,394.95513916015625,0.7542497805693529,-7.1237157329029515
8,8,406.4124755859375,446.73199462890625,10.617975173636069,-69.97739894265322
8,8,407.10211181640625,446.385986328125,9.928338943167319,-69.63139064187197
8,8,406.50604248046875,445.5604248046875,10.524408279104819,-68.80582911843447
8,8,416.52716064453125,410.925537109375,-1.1799086078499386,-6.4063307291993965
8,8,416.5826416015625,412.72589111328125,-1.2022255468218646,-7.874894665782563
8,8,418.11431884765625,412.6617431640625,-2.6994837225306583,-7.491990945665918
8,8,414.468017578125,407.94598388671875,0.8085868747209588,-2.7806742397224298
8,8,417.82366943359375,411.29254150390625,-2.447695676729154,-6.418344568601469
8,8,413.334228515625,412.06134033203125,2.3576522962928834,-7.76473711775202
8,8,418.48040771484375,411.81488037109375,-2.8428786294966244,-7.489100480254365
8,8,417.22210693359375,411.55322265625,-1.6177695661899634,-7.161970668477181
8,8,415.88433837890625,411.19537353515625,-0.2918489139017879,-6.671430854310756
8,8,415.80474853515625,411.93988037109375,-0.221800031321834,-7.30908360692132
8,8,426.7354736328125,418.76519775390625,-46.15438951261882,-51.29326014845856
8,8,422.58154296875,419.78973388671875,-42.00045884855632,-52.31779628127106
8,8,424.54766845703125,418.01507568359375,-43.96658433683757,-50.54313807814606
8,8,428.27435302734375,419.36029052734375,-47.69326890715007,-51.88835292189606
8,8,421.6016845703125,419.81585693359375,-5.552882982355129,-3.9639392292222055
8,8,421.46881103515625,420.1151123046875,-5.427951255369976,-4.336363941457591
8,8,420.30078125,421.371337890625,-4.2473771715720545,-5.591822418748848
8,8,419.56951904296875,419.96563720703125,-3.5266485508602727,-4.020613360126617
8,8,421.1656494140625,421.90167236328125,-5.135182873297879,-5.7773405194112115
8,8,422.47119140625,421.56927490234375,-6.4530602915859845,-5.266625642959752
8,8,418.581298828125,423.197265625,-2.5812493893022292,-6.837711143651632
8,8,417.9967041015625,425.03179931640625,-2.0085354877466557,-8.676753221342494
8,8,418.57275390625,423.38629150390625,-2.5807601418322292,-6.9828733360322985
8,8,421.17840576171875,422.14581298828125,-5.193566490580736,-5.603681992392012
8,8,418.49267578125,421.2293701171875,-2.5252507975023377,-4.463617332040371
8,8,420.583740234375,423.1285400390625,-4.62268201648385,-6.0451755896038435
8,8,420.2847900390625,423.127197265625,-4.328308043995207,-5.710853509174683
8,8,416.27740478515625,424.32147216796875,-0.3254965034803945,-6.57233169814333
8,8,418.49041748046875,424.675537109375,-2.595753738447513,-6.5945042453588485
8,8,419.4481201171875,423.6436767578125,-3.657906785337161,-5.231725684239393
8,8,420.5748291015625,423.58892822265625,-4.8897609719683715,-4.843857709750864
8,8,417.52435302734375,440.5751953125,-1.4045911034495475,-7.932615308813411
8,8,416.38397216796875,443.59796142578125,-0.2660219032684381,-10.92295516741109
8,8,417.24188232421875,442.1561279296875,-1.135367733266662,-9.447301741392664
8,8,415.20941162109375,442.793212890625,0.6784496123856343,-10.02036279945736
8,8,417.4251708984375,440.2569580078125,-1.6987145334979914,-7.458836408178172
8,8,415.50701904296875,441.826416015625,0.14749348926687844,-9.064395548103164
8,8,417.2369384765625,440.66375732421875,-1.739521715648607,-7.7559205787497945
8,8,419.88531494140625,446.36822509765625,-4.563975896588602,-13.245692680951151
8,8,417.0379638671875,442.9873046875,-1.6326823573843399,-9.693368068032726
8,8,418.85626220703125,443.10076904296875,-3.417306581823482,-9.593737126921042
8,8,418.80645751953125,440.47796630859375,-3.4129694398195056,-6.695950272287803
8,8,419.43798828125,438.978759765625,-4.136143056741275,-4.6531021922219225
8,8,417.86151123046875,440.72589111328125,-2.616784161464011,-6.229394208286465
8,8,419.10662841796875,445.1630859375,-3.991013335911134,-10.411773327235323
8,8,419.8604736328125,441.4710693359375,-5.043773295355265,-6.2410601525402285
8,8,419.20050048828125,440.3077392578125,-4.6246385314675535,-4.6920398079581105
6,7,337.69775390625,369.0469970703125,-13.706488889684351,5.253096466787497
6,7,338.94439697265625,369.3402099609375,-14.947293560729236,4.858753407929157
6,7,337.34796142578125,366.591064453125,-13.33040950679299,7.489646377375038
6,7,338.82745361328125,369.73516845703125,-14.831594397505569,4.350200081201876
6,7,339.80780029296875,370.54620361328125,-15.818431621259776,3.518724139831363
6,7,338.7877197265625,369.84759521484375,-14.79745058496502,4.180217748383427
6,7,341.0828857421875,365.38330078125,-16.782487009083695,8.697400047786175
6,7,338.8184814453125,371.72515869140625,-14.552734010803249,2.315526392524532
6,7,337.15679931640625,365.11920166015625,-13.423330935792478,8.761516427079755
6,7,338.72686767578125,363.5047607421875,-15.296359381370848,10.341819941529366
6,7,339.5284423828125,366.88519287109375,-16.35830536420883,6.983384492384346
6,7,339.9654541015625,366.824462890625,-17.042365267271123,7.2167735477216866
6,7,337.53741455078125,368.69952392578125,-14.706997568925942,5.630245358851596
6,7,337.74981689453125,366.117431640625,-14.875478917304008,8.605352283391142
6,7,338.76214599609375,370.8795166015625,-16.022640474664172,3.871244015715604
6,7,337.4027099609375,368.03826904296875,-14.881761756486583,6.4898749687675945
6,7,338.1427001953125,368.95745849609375,-15.817545188857025,5.1262344748730015
6,7,337.92230224609375,369.37677001953125,-16.217587289947517,4.476486190997093
6,7,335.8936767578125,371.73419189453125,-14.923404595110071,1.970028062041763
6,7,336.79766845703125,373.04638671875,-16.516158994854266,0.6719488261300626
6,7,335.65460205078125,372.9454345703125,-15.88417580193908,0.8277200159558333
6,7,337.12261962890625,373.5787353515625,-17.654336114325986,0.29824428552404925
6,7,334.708740234375,373.53057861328125,-15.504995387757731,0.7402211089642492
6,7,334.38677978515625,369.2197265625,-15.463836555845887,5.460188550285352
6,7,336.086181640625,372.30584716796875,-17.63636637339431,2.3362488646916404
6,7,333.27203369140625,374.6192626953125,-15.269049657970868,-0.007205818423358323
6,7,334.59576416015625,374.245849609375,-17.002731167806303,0.34572941996020745
6,7,334.78277587890625,374.8851318359375,-17.487795622199883,-0.26247943627191717
6,7,335.695068359375,372.62451171875,-18.726397759130464,2.047593346923975
6,7,348.66094970703125,399.771728515625,-1.6045969517793992,-0.2715276808731346
6,7,347.90728759765625,395.20782470703125,-11.351222215038149,19.35480869208868
6,7,348.5115966796875,397.71051025390625,-11.931364150333877,16.887300364033365
6,7,347.43743896484375,396.6282958984375,-10.904109694833664,18.008102509530204
6,7,300.01409912109375,362.89642333984375,-27.336497445996997,4.62178096605362
6,7,300.671142578125,356.6895751953125,-13.926073418579449,4.57156085376846
6,7,300.6971435546875,355.10089111328125,-11.297733534667486,5.840832977156083
6,7,307.0975341796875,353.17205810546875,-12.569473059698907,7.308140728380465
6,7,311.6602783203125,357.2183837890625,-14.741972583743177,3.2225092681651972
6,7,312.12066650390625,354.46624755859375,-12.757566881341575,6.0341954539622975
6,7,322.92816162109375,354.585693359375,-21.341839644246818,5.900875505795568
6,7,318.31463623046875,352.86688232421875,-15.013843157302006,7.432189576918859
7,9,353.68023681640625,493.61981201171875,-7.540224406588379,12.837041932130887
7,9,353.5491943359375,492.7012939453125,-6.841210256805823,12.8368163557044
7,9,353.918701171875,494.1900634765625,-6.641740618016684,10.41777871106865
7,9,356.47479248046875,493.32659912109375,-8.165936071439262,10.815501027758046
7,9,351.10174560546875,491.67681884765625,-1.8057449352388062,11.970304045463934
7,4,392.90460205078125,207.5423583984375,-4.457628098654027,17.92207980076151
7,4,393.6513671875,209.0533447265625,-5.113297240748466,16.185253222343675
7,4,393.47540283203125,209.70872497558594,-4.725404823107738,15.3279404007977
7,4,397.43597412109375,210.329833984375,-8.655670882772256,15.196512767221492
7,4,393.65985107421875,209.06719970703125,-4.852457390242989,16.701403406452158
7,4,391.85760498046875,208.8178253173828,-3.005636627333331,17.00002726025727
7,4,392.76922607421875,210.8323516845703,-3.9920669779749574,15.00570208587007
7,4,393.24920654296875,212.35333251953125,-4.61108794000171,13.585296870556647
7,4,393.65673828125,212.4264373779297,-5.045312606623156,13.515945665958299
7,4,393.839599609375,212.15586853027344,-5.232923723539841,13.719010226297598
7,4,394.3814697265625,211.5784912109375,-5.609429472550914,14.323333225830169
7,4,395.3106689453125,211.74803161621094,-6.39414734000826,14.179484148085805
6,8,344.47540283203125,426.75714111328125,-2.1387935228066226,11.67351630594868
6,8,348.64935302734375,427.97076416015625,-6.169955600422668,10.405392393805528
6,8,343.3665771484375,424.9713134765625,-0.6860476298840013,13.482814464270291
6,8,348.119873046875,428.89501953125,-5.510255291139799,9.77855301784382
6,8,348.37103271484375,427.52960205078125,-5.798769332373695,11.239337832074796
6,8,346.9744873046875,429.49786376953125,-4.329480397988391,9.051166641028487
6,8,349.55230712890625,429.8070068359375,-6.834072816442188,8.520651289871637
5,7,285.260986328125,374.9273681640625,-19.649273021174963,6.140657102962393
5,7,285.8360595703125,375.190185546875,-20.253866889741687,5.341721462748637
5,7,283.30743408203125,371.624267578125,-18.321364225314937,7.779741498001442
5,7,281.9014892578125,371.5574951171875,-16.088651653717193,7.210224612768684
5,7,287.91357421875,373.783203125,-21.327580504145942,4.7881655779768835
5,7,288.49603271484375,373.857666015625,-21.312175903599268,4.745643237902584
5,7,288.60223388671875,371.80645751953125,-20.832519237310976,6.958918858360221
5,7,289.29443359375,368.0654296875,-21.332391252713933,10.173683598551918
5,7,288.07244873046875,366.91729736328125,-19.95249874850191,10.749102784250397
5,7,290.8885498046875,368.59832763671875,-22.6454863819626,8.569313922131755
5,7,288.19891357421875,371.48248291015625,-19.840616998676694,4.56087730933541
5,7,288.991455078125,369.29718017578125,-20.549490781620705,6.093052148079323
5,7,289.7071533203125,364.4854736328125,-21.14529431163629,10.09314081506227
5,7,291.099853515625,366.9259033203125,-22.458064698834164,7.111632543571773
5,7,290.22998046875,373.68780517578125,-21.170348567225574,0.004239833301880935
5,7,290.3575439453125,370.2716064453125,-20.78084616760168,3.1035506437050913
5,7,291.85833740234375,370.64337158203125,-21.583562581477565,2.388214326844434
5,7,288.422119140625,367.962890625,-17.66243345304116,4.771681531777858
5,7,288.9576416015625,370.40252685546875,-17.88894105524645,2.035231438041876
5,7,289.03271484375,366.1546630859375,-18.227058831052318,6.248118423160122
5,7,288.17669677734375,366.9686279296875,-17.720875831212993,5.306528561545576
5,7,286.16497802734375,368.9498291015625,-16.16736386016322,3.0815777475269215
5,7,289.340576171875,369.7254638671875,-18.915971131981394,2.2281709195431176
5,7,293.55084228515625,372.3306884765625,-22.51345083657617,-0.413416839933916
5,7,290.4505615234375,366.718017578125,-19.27129351035012,5.114606496095121
5,7,292.2774658203125,366.54876708984375,-20.95624344282311,5.199163004355114
5,7,292.717041015625,364.63946533203125,-21.254019873522964,7.023863617372001
5,7,293.14703369140625,370.16168212890625,-21.551328456773945,1.7724319500262027
5,7,292.022216796875,364.26068115234375,-20.441899338234236,7.658515008469351
5,7,294.5264892578125,368.23419189453125,-23.301078755849232,2.7594567289038423
5,7,292.5975341796875,366.69207763671875,-21.091486426933955,3.660544567290003
5,7,295.90478515625,367.024169921875,-23.858921130741805,2.801366966580929
5,7,294.28594970703125,367.0738525390625,-21.700269408768463,2.2245990338406614
5,7,296.00128173828125,368.45599365234375,-23.057066666621722,0.3417180697193203
5,7,292.2515869140625,366.3519287109375,-19.271200897855806,2.170521224025549
5,7,294.36541748046875,367.0982666015625,-22.233579807891772,0.9228479027116236
5,7,291.78338623046875,365.49542236328125,-20.285414879745815,2.173144793164738
5,7,297.6165771484375,365.55908203125,-25.877712745419387,2.0770715433883424
5,7,294.7587890625,363.26641845703125,-22.28639305481846,4.277569269992625
5,7,294.9205322265625,365.9368896484375,-22.242930551465747,1.5813146574598704
5,7,294.70452880859375,367.69293212890625,-22.026927133496997,-0.17472782300887957
5,7,295.1239013671875,367.55877685546875,-22.446299692090747,-0.04057254957137957
5,7,298.9940185546875,365.15216064453125,-26.316416879590747,2.3660436613661204
5,7,296.579345703125,366.9012451171875,-23.901744028028247,0.6169591887098704
5,7,294.88470458984375,365.2056884765625,-22.207102914746997,2.3125158293348704
5,7,296.0311279296875,365.91802978515625,-23.353526254590747,1.6001745207411204
5,7,295.641357421875,364.55230712890625,-22.963755746778247,2.9658971769911204
5,7,296.18878173828125,364.3382568359375,-23.511180063184497,3.1799474699598704
5,7,294.08428955078125,363.300048828125,-21.406687875684497,4.21815547777237
5,7,295.6689453125,353.47808837890625,-11.503026858167118,8.085463839199917
5,6,296.39678955078125,348.837646484375,-13.592748779176702,12.464855690642764
5,6,298.38909912109375,349.88934326171875,-14.904103273649525,11.543687046731009
11,3,584.4445190429688,165.85386657714844,13.530465106714928,17.839749258000154
11,3,582.615478515625,165.88352966308594,15.159914825739179,17.83230492175383
11,3,587.7772216796875,164.3459930419922,9.669193243969403,19.458393138268974
11,3,589.1412353515625,169.2982177734375,8.223226318946672,14.663787654493461
11,3,587.8447875976562,167.68780517578125,9.835750719133443,16.212178441148012
11,3,587.8850708007812,167.72560119628906,9.937570888170853,16.088508982179803
11,3,587.63232421875,165.95179748535156,10.172597495347077,17.754527573385303
11,3,588.2239379882812,162.94786071777344,9.487814117818743,20.737751052364814
11,3,591.0396728515625,163.51324462890625,6.617184976930162,20.168972846194322
11,3,594.2810668945312,156.67416381835938,3.5344864061138423,27.015408325053812
11,3,586.5994873046875,164.90615844726562,11.374761468110137,18.79076836446015
11,3,587.0260009765625,165.8313446044922,11.033824671990715,17.89004231303406
11,3,589.3932495117188,161.69825744628906,8.340497049796,22.07851246006834
11,3,588.2849731445312,163.06234741210938,9.409607868519515,20.687420098995545
11,3,585.3388061523438,162.8223876953125,5.997530866698753,14.96539518970809
11,3,585.9800415039062,158.1450958251953,5.356295515136253,19.642687059825278
11,3,582.029541015625,161.36451721191406,9.306796003417503,16.423265673106528
11,3,587.4486083984375,159.030029296875,3.887728620605003,18.75775358814559
11,3,583.3707275390625,156.60821533203125,8.062922564469545,21.24554916008512
11,3,581.837158203125,167.2575225830078,9.910256185508729,10.80898484998707
11,3,577.8604125976562,162.0076904296875,13.999210419970723,16.026326345069407
11,3,579.4417724609375,165.04893493652344,12.418670816824715,12.81602484345916
11,3,582.7633666992188,162.39608764648438,8.836488429370661,15.4249569711167
11,3,583.2256469726562,163.63995361328125,8.19358558341969,14.15250537693845
11,3,584.0162353515625,160.7921142578125,7.40299720451344,17.0003447324072
11,3,583.2855224609375,166.41102600097656,8.13371009513844,11.381432989243137
10,7,513.7296142578125,383.56640625,3.3936516344041365,-13.708842715483968
10,7,514.7648315429688,387.553955078125,2.592798901969104,-18.03328724195427
10,7,514.9322509765625,385.4447021484375,2.657904682798062,-16.309944331860436
10,7,515.3177490234375,384.247314453125,2.6122136119926154,-15.341260097405211
10,7,515.1983642578125,384.91943359375,3.034104173912283,-16.205124217844684
10,7,519.9345703125,385.92901611328125,-1.4584312807223796,-17.348157060075494
10,7,517.9737548828125,384.9976806640625,0.8161273117807468,-16.532767664628636
10,7,514.9580078125,386.33294677734375,4.187022052367979,-17.96259370306268
10,7,517.8362426757812,384.10528564453125,1.8487003042539527,-15.596833934873018
10,7,518.3075561523438,385.3087158203125,1.822520364971524,-16.878536539697336
10,7,522.5831909179688,383.81793212890625,-2.1525292765918493,-15.79661313072728
10,7,519.9766845703125,383.019775390625,0.9945366096379757,-15.12658670967653
10,7,520.6571655273438,381.703125,0.9481926420431819,-13.831984342990722
10,7,521.7775268554688,382.576416015625,0.525818391741268,-14.691497260732206
10,7,525.5645141601562,382.9832763671875,-2.6837751470806097,-15.098223369007542
10,7,524.2844848632812,376.12237548828125,-1.0154688410540302,-8.257477964944826
10,7,523.5491943359375,382.27197265625,0.20909227882702908,-14.358830118583967
10,7,524.5079345703125,382.10638427734375,-0.24173392922182302,-14.133033598743339
10,7,525.3701171875,378.40557861328125,-0.8196818415171947,-10.53041820132006
10,7,524.7994384765625,381.5909423828125,0.1355320885427318,-13.622502221097363
10,7,526.1757202148438,381.31158447265625,-0.7062725494099595,-12.967054489316183
10,7,524.7964477539062,382.41094970703125,1.1463930730918719,-14.161082820271758
10,7,537.1353149414062,375.63653564453125,1.6091123260086988,-9.689050745668453
10,7,534.244384765625,374.4124755859375,4.447540171124274,-8.450600419555144
10,7,537.1776733398438,373.76416015625,1.50933932968519,-7.7377661158324145
10,7,536.1285400390625,376.8271484375,2.744403683698579,-11.385746334379121
10,7,536.916748046875,371.42449951171875,2.026173905351129,-6.162635745414661
10,7,537.7274169921875,368.73052978515625,1.086011135343142,-2.951779392233732
10,7,539.1041259765625,375.113525390625,-0.4321447939508971,-9.159261951512349
10,7,533.4853515625,377.840087890625,5.058575738957302,-11.85540515049297
10,7,541.7783203125,379.220703125,-2.9139881645274954,-13.262326474138035
10,7,539.5103759765625,374.4034423828125,-0.3971991761497975,-8.48684994525189
10,7,536.2428588867188,375.82635498046875,2.9988776819209306,-9.977528165373599
10,7,541.1802978515625,374.3057861328125,-1.8093520682185726,-8.525067272355557
10,7,538.6318969726562,379.1260986328125,0.8606485028370798,-13.416715868917493
10,7,539.3427734375,376.62158203125,0.13274005799485167,-11.056263237456335
10,7,538.487060546875,374.1070556640625,1.1935027376637208,-8.628899832035188
10,7,541.296630859375,374.48138427734375,-1.050507339245769,-8.998022690765936
10,7,540.3388671875,372.03076171875,0.4728165682196277,-6.542194377621627
10,7,541.90283203125,371.36297607421875,-0.536898462649674,-5.878096219778911
10,7,542.1235961914062,372.2830810546875,-0.4207081652882607,-6.975689629279714
10,7,545.4923095703125,379.10382080078125,-3.5138216417686863,-14.252448441190268
10,7,542.2578735351562,372.11285400390625,-0.09642750019315827,-8.155817208482176
10,7,541.4278564453125,369.9619140625,0.6548520410678975,-5.785962321923819
10,7,541.7507934570312,366.47930908203125,0.32073677364371633,-1.755605403061793
10,7,543.0064697265625,370.3072509765625,-0.4242388769526997,-5.776435973475714
10,7,543.4290161132812,369.2882080078125,-0.11922814799663684,-5.003933124753644
10,7,543.2354736328125,370.711669921875,0.9137376596726199,-6.700892777605588
10,7,543.1036376953125,372.09521484375,1.2872853284502526,-7.656514893736357
10,7,541.9498291015625,368.86297607421875,2.753435241708985,-4.2956568868041245
11,7,569.9790649414062,368.94580078125,5.639959047084517,-8.049695281947777
11,7,566.7642211914062,364.04248046875,8.841974124728154,-3.371791529139614
11,7,569.62451171875,371.2762451171875,6.123216965152096,-10.633042316143133
11,7,568.5362548828125,371.29766845703125,7.241137041140405,-10.708104479812846
11,7,567.2212524414062,371.32672119140625,8.790983297420553,-10.837397031155433
11,7,568.395263671875,371.33807373046875,8.163520450629449,-10.967516124536814
11,7,567.6541748046875,369.731689453125,9.56935877928538,-9.384902049558264
11,7,569.2451171875,369.00518798828125,8.739434582375225,-8.647988322949573
11,7,570.0287475585938,368.652099609375,8.308705737219043,-8.290054035156174
11,7,570.6657104492188,371.419677734375,8.02464857944949,-11.05278619350122
11,7,566.3851318359375,370.20159912109375,12.756618510106591,-9.799051528447762
11,7,568.5634155273438,369.74053955078125,10.972692916642018,-9.213820046056071
11,7,573.7536010742188,359.81549072265625,17.44158727394631,-0.3903699049409397
11,7,574.3028564453125,357.52679443359375,16.888627558836788,1.9077014897268896
11,7,578.0435180664062,361.85137939453125,13.17856645530685,-2.410845929048776
11,7,575.3531494140625,360.66778564453125,15.923279782480108,-1.2104666206770958
11,7,578.0740966796875,360.29754638671875,13.097216720118467,-0.8138302195102938
11,7,577.2378540039062,364.39703369140625,13.678360752334015,-4.878159839119007
11,7,577.9832763671875,361.6356201171875,13.051373078648112,-2.068051336126814
11,7,575.54345703125,360.8961181640625,15.63597298774198,-1.3246700100259545
11,7,575.3670043945312,359.7557373046875,15.780274646700718,-0.3903986895354592
11,7,577.3252563476562,361.96722412109375,13.78987171581582,-2.807995044826157
11,7,577.505615234375,364.66314697265625,13.577147986740101,-5.711398452161461
11,7,574.7078857421875,361.4317626953125,16.342726501167704,-2.686123713702159
11,7,575.3912963867188,358.09112548828125,15.687892497325606,0.51618995787328
11,7,580.5074462890625,361.39202880859375,10.855236762597315,-2.6384902485187354
11,7,576.774658203125,360.29998779296875,14.9640213429401,-1.5159601842051984
11,7,578.544921875,360.33001708984375,13.653017810496749,-1.6196695716091085
11,7,575.3450317382812,358.1563720703125,17.21238320859038,0.4246308485270447
11,7,580.516845703125,360.6226806640625,12.419182514879935,-2.1855517460402325
11,7,576.6065063476562,359.1893310546875,16.964047003569817,-0.953452705754728
11,7,577.50244140625,358.53594970703125,16.575976642232717,-0.4611493895147305
11,7,570.515380859375,373.87982177734375,6.160699957588804,-2.8940923016292004
11,7,572.0515747070312,373.56829833984375,4.623966597858953,-2.6587570974300547
11,7,572.0399169921875,376.90447998046875,4.619724631026429,-6.060692200267624
11,7,573.223388671875,379.3896484375,3.6052081951994523,-8.597408166745367
11,7,570.484130859375,375.75775146484375,6.574239391143692,-4.99946418538417
11,7,569.0001831054688,373.5794677734375,8.288086596905941,-2.855152114061127
11,7,572.3119506835938,370.21331787109375,5.065267991650103,0.7346832361279212
11,7,572.7337646484375,374.7320556640625,4.525907932355835,-3.081189602603615
11,7,570.4267578125,373.9205322265625,7.161074832479812,-2.1208548815367294
11,7,571.625,373.41937255859375,6.289001927952654,-1.4717866928294256
11,7,570.0035400390625,373.597900390625,8.236631171862996,-1.5024060041221219
11,7,567.9402465820312,373.23126220703125,10.605468762801365,-0.9610934714197015
11,7,567.84521484375,373.56317138671875,11.070707711214368,-1.059449912283469
11,7,567.4381103515625,373.079345703125,11.773982914334965,-0.38877891934737363
11,7,570.2197265625,372.73883056640625,9.301458663972312,0.19230956545266054
11,7,571.1766357421875,372.66876220703125,8.47997414453016,0.4653813838492624
11,7,570.1447143554688,375.13421630859375,9.286871771452752,-1.7587061637645434
11,7,572.9478759765625,374.564453125,6.4159164241316375,-1.1473328476933489
12,6,601.8480224609375,332.9337158203125,2.838182244216455,-5.29022977269625
12,6,610.6266479492188,341.082763671875,-5.656880549549101,-12.982745699413044
12,6,602.5079956054688,327.7498779296875,2.823445856405442,0.48647603016303265
12,6,609.671630859375,325.98504638671875,-4.159407321253184,2.3194548511453377
12,6,604.8640747070312,324.1192626953125,0.8218916816420005,4.422382580992803
12,6,606.869873046875,325.27203369140625,-1.0150257128531166,3.5596601407710295
12,6,609.7859497070312,323.900146484375,-3.7511705295378306,4.746609186130968
12,6,603.4515380859375,321.90899658203125,2.639254119285738,6.821845770376797
12,6,604.8946533203125,323.40594482421875,1.2348578822870877,5.41738015399352
12,6,606.7943725585938,325.45599365234375,-0.6579646687074501,3.387840632875111
12,6,605.0946044921875,327.9744873046875,1.0509340596847778,0.981443837778329
12,6,605.0638427734375,327.485107421875,1.2941113908186708,1.7265496669252798
12,6,606.5165405273438,328.752197265625,0.3832339572480805,0.8383434148310585
12,6,602.6484985351562,324.79541015625,4.420587711906364,5.0375328647554625
12,6,604.7603759765625,325.1253662109375,2.2906581340857883,5.114589210500412
12,6,606.9965209960938,330.0892333984375,-0.0033032351202564314,0.7057170730629423
12,6,605.4970703125,332.70648193359375,1.4700801210855161,-1.9276501471517236
12,6,605.6272583007812,330.42315673828125,1.387083405068779,0.2908842599376271
12,6,607.4323120117188,329.38531494140625,-0.12935413086938752,1.3396084448626198
12,6,607.891845703125,327.8828125,-0.30201816408521154,2.8529274212056066
12,6,607.9853515625,332.38226318359375,-0.1089722244934137,-1.635718712460232
12,6,606.356689453125,330.275390625,1.6154510162716633,0.8843717386715753
12,6,605.9370727539062,328.830078125,2.125685760585384,2.6629059277948954
12,6,610.6109008789062,330.73577880859375,-2.403744936688554,0.6777487565369711
12,6,606.2137451171875,326.04486083984375,2.1378082527562583,5.289210237622797
12,6,608.2999877929688,326.8133544921875,0.19684433749796426,4.44077513323839
12,6,607.455078125,329.01239013671875,1.1861514331927765,2.1622830010429652
12,6,613.8167114257812,332.33636474609375,-5.065193774738191,-1.1907032483240414
12,6,613.0255126953125,347.1949462890625,1.122283759516563,-8.103174679549795
12,6,613.29541015625,341.32745361328125,0.8564315466628614,-2.2264287373330376
12,6,617.8179321289062,344.10821533203125,-3.6666539774223565,-4.993288891070904
12,6,613.9208984375,341.53802490234375,0.1809637190912099,-2.358978603046694
12,6,620.3278198242188,343.15740966796875,-6.281976206703007,-3.88202689830905
12,6,617.880126953125,349.46063232421875,-3.89943267769695,-10.044360025557523
12,6,612.1188354492188,349.9766845703125,1.9091763939266002,-10.566016303820163
12,6,606.7861328125,346.4727783203125,6.134079068760343,-0.14908280181902
12,6,612.1096801757812,340.64117431640625,0.781089854954871,5.662666844093167
12,6,616.0868530273438,346.22674560546875,-3.2189747972797704,0.02179912321616939
12,6,616.0136108398438,342.37310791015625,-3.1686244104520256,3.820140386714172
12,6,611.3687744140625,344.8072509765625,1.4765060398716514,1.3423689362999198
12,6,608.9089965820312,340.7562255859375,3.9951714626556623,5.379094173506928
12,6,608.2061157226562,345.685791015625,5.1515917018908794,0.5746055947107038
12,6,612.0202026367188,345.75347900390625,2.0282323996940477,0.715644487160148
12,6,611.012451171875,347.82208251953125,3.421853720917852,-1.1412494943783145
12,6,616.445068359375,349.28021240234375,-1.630550147055601,-2.38329338054524
12,6,609.17138671875,344.75128173828125,6.02334481309606,2.3617232801628347
12,6,609.5927124023438,343.905517578125,5.6075108868856205,3.244247948691168
12,6,610.0029296875,341.60943603515625,5.005606509995118,5.492945743062364
12,6,616.3764038085938,337.7183837890625,-1.0718273184872942,9.567155696062173
12,6,611.4736938476562,343.40521240234375,4.200934772753726,4.109275308119493
11,9,561.8981323242188,463.68780517578125,6.082284065709814,-8.35556181720068
11,9,564.833251953125,467.17987060546875,3.1668495184659378,-11.701074220027294
11,9,564.1444091796875,465.78936767578125,3.59750208989567,-10.291258405831968
11,10,576.7901611328125,516.7132568359375,-14.60947384389101,-57.2148021513176
11,10,577.492919921875,521.7136840820312,-15.31223263295351,-62.21522939741135
11,10,576.8685302734375,519.0487060546875,-14.68784298451601,-59.5502513700676
12,7,610.317626953125,366.39501953125,8.082170536048466,-2.7792927799386007
12,7,607.9067993164062,362.52545166015625,10.33701789460656,1.147749607293406
12,7,607.7423706054688,364.28204345703125,10.368527568908803,-0.5734750257353198
12,7,608.5542602539062,362.62994384765625,9.666662817394695,1.0465869769838605
12,7,616.3497314453125,364.8126220703125,1.9515686260240273,-1.1812406539773406
12,7,610.6348876953125,361.97210693359375,7.710569546229635,1.5779720451142225
12,7,610.3653564453125,365.34625244140625,7.86010918221541,-1.6164605676297583
12,7,613.6922607421875,358.0096435546875,4.509382217091229,5.662308696599041
12,7,606.1699829101562,363.22576904296875,12.10356119305834,0.38979854647999446
10,8,507.2701416015625,439.1436767578125,0.016385326863257887,3.121289463957851
10,8,507.6719970703125,441.52508544921875,-0.45549459702186823,0.8055509071044185
10,8,510.06829833984375,443.40380859375,-2.8814620951531538,-1.0402996066414971
10,8,509.26617431640625,443.1123046875,-1.5669524130198056,-1.1358025303458703
10,8,510.39215087890625,443.94879150390625,-2.5884058988420975,-2.0249433472483815
10,8,512.9225463867188,442.30096435546875,-5.674667295204017,0.11159576266493332
10,8,509.6474609375,444.89422607421875,-2.7111999762570917,-2.4100781783536718
10,8,509.40673828125,439.1265869140625,-2.672225065673672,3.270204787521891
10,8,510.6856689453125,438.72686767578125,-3.9069944815209965,3.7117643215818816
10,8,511.76361083984375,443.29925537109375,-4.941043031804952,-0.8190369018745969
10,8,511.4097900390625,440.66241455078125,-4.5433288867764645,1.8593903902938678
10,8,507.73291015625,440.41046142578125,-0.9309368601769279,2.1559958822799103
10,8,510.25762939453125,443.68255615234375,-3.5619485041125927,-1.0754682174375603
10,8,511.44940185546875,443.229736328125,-4.849731212538984,-0.6756748236435328
10,8,512.3930053710938,441.32647705078125,-5.880229683354912,1.201589737744598
10,8,509.97125244140625,441.65673828125,-3.5297858946055953,0.8879533829985462
10,8,509.31298828125,441.62225341796875,-2.9428308753874717,0.9390631220025512
10,8,508.71282958984375,442.24334716796875,-2.375912606778286,0.3128074269516219
10,8,508.9752197265625,443.3055419921875,-2.0808596714036867,-1.0925989553739441
10,8,509.51580810546875,442.2506103515625,-2.4918868430007706,-0.16418214414943577
10,8,511.38775634765625,441.3892822265625,-4.891470419051075,0.9034280107536574
10,8,512.708251953125,441.75390625,-5.9722848954626215,0.2591695405762948
10,8,507.44097900390625,443.88458251953125,-0.26951743052546817,-2.269873572976735
10,8,506.310791015625,447.9700927734375,0.14143779593371164,-5.964109302291035
10,8,507.97198486328125,443.589599609375,-1.9700950419109517,-1.3572098976986808
10,8,510.128173828125,444.63726806640625,-4.177969478631326,-2.422900689469941
10,8,512.1666870117188,445.08404541015625,-6.248564724926894,-2.8097958070170534
10,8,514.2698364257812,442.44537353515625,-8.373609519728973,-0.0861015017343334
10,8,511.63824462890625,443.44781494140625,-5.721920597763983,-1.0388032442893973
10,8,507.9432373046875,443.39508056640625,-1.9608425649708465,-0.9507311514601042
10,9,504.669677734375,457.93682861328125,1.4447058613442891,-15.477409755721396
10,9,502.48101806640625,460.83892822265625,3.7496550106502013,-18.344829211916135
10,9,500.5269775390625,463.008056640625,5.8217428408311775,-20.48122343869403
9,9,498.9468994140625,461.21795654296875,7.602831898000034,-18.7599605617267
9,9,499.70330810546875,469.2357177734375,6.96960337702302,-26.834264540547224
9,9,496.892822265625,469.93267822265625,9.792655490277241,-27.570591045000867
9,9,497.6739501953125,465.58221435546875,8.989484981584212,-23.233878740964826
9,9,495.079345703125,466.87408447265625,11.544148062552438,-24.535285269347753
9,9,494.65411376953125,464.18389892578125,11.860398599888583,-21.897416061668366
9,9,496.83642578125,470.24176025390625,9.555324417967768,-28.01579507015441
9,9,494.569091796875,465.6656494140625,11.680954995562729,-23.51147474894475
9,9,495.085693359375,468.83148193359375,11.154388482820195,-26.639647040734246
9,9,496.9803466796875,464.575439453125,9.281475312867087,-22.306599864769623
9,9,494.7774658203125,467.37689208984375,11.403337003350828,-24.988938663473505
9,9,496.2530517578125,469.7950439453125,9.846821668357109,-27.288108662233128
9,9,493.47216796875,467.1708984375,12.546731656869042,-24.54491601663551
9,9,499.10308837890625,467.13885498046875,6.801456334178681,-24.524246168922843
9,9,496.46856689453125,466.19805908203125,9.327444057620824,-23.619980127291228
9,9,494.43023681640625,467.88970947265625,11.407704924535722,-25.205522708209912
9,9,498.48101806640625,467.6329345703125,7.372817172358793,-24.880931349240655
9,9,496.72491455078125,468.4761962890625,9.111623840352877,-25.704813240329315
9,9,492.54339599609375,463.1444091796875,13.294226043973083,-20.422285055460407
9,9,495.26776123046875,463.92919921875,10.577965617312941,-21.269905613406706
9,9,495.05133056640625,469.79058837890625,10.815979806125995,-27.13629181907612
9,9,496.40802001953125,461.064697265625,9.46241125748952,-18.586579862788938
9,9,495.93450927734375,455.59417724609375,10.012683022068757,-13.107972866935597
9,9,496.23779296875,459.88909912109375,9.830735563725739,-17.437032332910974
9,9,497.0706787109375,458.17071533203125,9.03263423862893,-15.72292405039508
9,9,495.85498046875,450.49066162109375,10.275820339510858,-8.044628389375248
9,9,497.4549560546875,455.704345703125,8.703500385002826,-13.26008125161951
