timestamp,diameter_left,diameter_right,gaze_x,gaze_y
1782130818.933954,3.5019803047180176,3.263125419616699,765.0465087890625,663.685302734375
1782130818.938954,3.6287572383880615,3.4725828170776367,788.26416015625,649.6337890625
1782130818.943954,3.5534260272979736,3.0683670043945312,783.7115478515625,642.620849609375
1782130818.948954,3.694901704788208,3.1253244876861572,778.700439453125,645.54541015625
1782130818.958954,3.4689083099365234,3.0040597915649414,783.1092529296875,638.08642578125
1782130818.963954,3.2392399311065674,3.0665295124053955,757.495849609375,634.70361328125
1782130818.968954,3.4927937984466553,3.340294122695923,802.80810546875,634.528564453125
1782130818.973954,3.50565505027771,2.9930357933044434,732.8360595703125,662.709716796875
1782130818.978954,3.4046010971069336,3.3752036094665527,753.474365234375,607.2685546875
1782130818.983954,3.3292698860168457,3.235565423965454,709.6058349609375,601.8162841796875
1782130818.988965,3.4064383506774902,3.384390354156494,773.4490966796875,602.89794921875
1782130818.993954,3.343968629837036,3.316408634185791,765.0340576171875,626.22998046875
1782130818.998954,3.2778241634368896,3.4395105838775635,761.8936767578125,627.404052734375
1782130819.003954,3.1639089584350586,2.891981840133667,745.970947265625,613.31005859375
1782130819.008954,3.4211373329162598,3.0610175132751465,815.184326171875,635.5191650390625
1782130819.013954,3.270474910736084,3.022433280944824,724.18212890625,610.31982421875
1782130819.018954,3.4909563064575195,3.062854766845703,783.5426025390625,594.938232421875
1782130819.023954,3.4578840732574463,3.32192063331604,755.7613525390625,613.072509765625
1782130819.028954,3.5038177967071533,3.2374026775360107,733.866943359375,606.510986328125
1782130819.033954,3.487281560897827,3.395414352416992,766.6466064453125,606.264404296875
1782130819.038954,3.7592086791992188,3.6691789627075195,730.1492919921875,604.4656982421875
1782130819.043954,3.5130045413970947,3.4725828170776367,781.640380859375,640.7923583984375
1782130819.048954,3.4799323081970215,3.332944631576538,765.7220458984375,634.421142578125
1782130819.053954,3.586498260498047,3.4983057975769043,712.52392578125,625.1263427734375
1782130819.059076,3.7096004486083984,3.5258657932281494,717.4573974609375,626.3177490234375
1782130819.064076,3.3770408630371094,3.400926351547241,727.3055419921875,626.4346923828125
1782130819.069076,3.487281560897827,3.5589380264282227,780.7540283203125,626.7117919921875
1782130819.074076,3.5534260272979736,3.213517189025879,771.5040283203125,585.42236328125
1782130819.084076,3.448697328567505,3.465233564376831,789.298828125,592.782470703125
1782130819.089077,3.564450263977051,3.384390354156494,722.712646484375,589.16552734375
1782130819.094076,3.340294122695923,3.5038177967071533,776.2330322265625,531.0916748046875
1782130819.099077,3.443185329437256,3.781256914138794,693.6466064453125,557.263671875
1782130819.104088,3.263125419616699,3.803305149078369,722.849609375,559.108642578125
1782130819.109076,3.3605048656463623,3.35683012008667,722.8629150390625,561.9224853515625
1782130819.114088,3.252101421356201,3.441348075866699,722.6387939453125,561.2525634765625
1782130819.124076,3.5828235149383545,3.9723408222198486,752.5203857421875,556.3101806640625
1782130819.129076,3.522191286087036,3.676528215408325,753.025146484375,561.12060546875
1782130819.134076,3.483607053756714,3.5901730060577393,747.0537109375,560.92333984375
1782130819.139076,3.4339985847473145,3.803305149078369,783.22216796875,601.5999755859375
1782130819.144076,3.5424020290374756,3.678365468978882,745.0035400390625,568.5419921875
1782130819.149076,3.3660168647766113,3.792280912399292,790.50146484375,609.35986328125
1782130819.159087,3.4284865856170654,3.724299192428589,765.722412109375,610.5103759765625
1782130819.164076,3.489119052886963,3.4119505882263184,727.8935546875,592.6280517578125
1782130819.169076,3.3549928665161133,3.395414352416992,820.5565185546875,612.0843505859375
1782130819.174076,3.3072218894958496,3.4505348205566406,826.35400390625,580.669189453125
1782130819.179076,3.2116799354553223,3.4799323081970215,819.6488037109375,584.4599609375
1782130819.184076,3.3237578868865967,3.5019803047180176,795.5860595703125,575.812255859375
1782130819.189076,3.3549928665161133,3.632431983947754,830.6334228515625,575.7607421875
1782130819.194221,3.292523145675659,3.621407985687256,826.5157470703125,582.5533447265625
1782130819.199199,3.3880650997161865,3.4046010971069336,777.625244140625,585.84033203125
1782130819.204199,3.1308367252349854,3.4211373329162598,768.173583984375,597.34912109375
1782130819.209199,3.454209327697754,3.4174625873565674,818.0438232421875,630.5838623046875
1782130819.214199,3.378878355026245,3.511167049407959,825.16259765625,603.668701171875
1782130819.219199,3.2337279319763184,3.299872398376465,826.835693359375,594.765625
1782130819.22421,3.3549928665161133,3.527703285217285,821.2711181640625,598.931396484375
1782130819.229199,3.3752036094665527,3.5258657932281494,840.2620849609375,587.71728515625
1782130819.23421,3.373366355895996,3.7096004486083984,830.5352783203125,584.5523681640625
1782130819.239199,3.2961976528167725,3.459721565246582,823.4298095703125,591.0816650390625
1782130819.244221,3.3990890979766846,3.527703285217285,829.455810546875,605.493408203125
1782130819.254199,3.3182458877563477,3.5717995166778564,826.6651611328125,602.174560546875
1782130819.259199,3.362342119216919,3.648967981338501,839.49169921875,580.482177734375
1782130819.264199,3.196981191635132,3.413787841796875,848.1092529296875,587.0089111328125
1782130819.269199,3.384390354156494,3.4909563064575195,868.80419921875,618.0245361328125
1782130819.274199,3.432161331176758,3.5717995166778564,843.264404296875,607.679931640625
1782130819.279199,3.305384397506714,3.252101421356201,839.4495849609375,621.5511474609375
1782130819.28421,3.3311073780059814,3.4339985847473145,795.0751953125,621.358642578125
1782130819.289199,3.516679286956787,3.5093297958374023,783.267333984375,587.1663818359375
1782130819.294199,3.483607053756714,3.454209327697754,794.6878662109375,619.156005859375
1782130819.299199,3.3549928665161133,3.2833364009857178,802.580078125,651.603759765625
1782130819.304199,3.378878355026245,3.5699622631073,780.9527587890625,644.401611328125
1782130819.30921,3.2227039337158203,3.292523145675659,829.3101806640625,631.3275146484375
1782130819.31421,3.305384397506714,3.5497515201568604,835.304443359375,598.430908203125
1782130819.319199,3.367854118347168,3.43583607673645,812.1796875,610.125
1782130819.324199,3.443185329437256,3.6452934741973877,823.5255126953125,606.217529296875
1782130819.334332,3.2447521686553955,3.5313780307769775,826.7354736328125,611.198974609375
1782130819.339332,3.4780948162078857,3.516679286956787,761.999267578125,574.8116455078125
1782130819.349332,3.3549928665161133,3.465233564376831,771.5712890625,574.1781005859375
1782130819.354343,3.426649332046509,3.3935770988464355,806.21435546875,579.4859619140625
1782130819.359332,3.259450912475586,3.5993597507476807,801.880615234375,582.543212890625
1782130819.364332,3.248426675796509,3.310896396636963,789.8424072265625,558.8236083984375
1782130819.369332,3.4119505882263184,3.4174625873565674,761.115478515625,565.96630859375
1782130819.374332,3.426649332046509,3.740835428237915,762.867431640625,570.0439453125
1782130819.379332,3.575474262237549,3.4119505882263184,774.775146484375,573.2425537109375
1782130819.384332,3.5717995166778564,3.821678638458252,784.03466796875,570.8414306640625
1782130819.389332,3.432161331176758,3.751859426498413,746.008056640625,558.6524658203125
1782130819.394332,3.294360399246216,3.621407985687256,752.5238037109375,557.6978759765625
1782130819.399343,3.384390354156494,3.6967389583587646,824.388916015625,564.0592041015625
1782130819.404343,3.4119505882263184,3.384390354156494,798.302978515625,557.069580078125
1782130819.409332,3.516679286956787,3.564450263977051,764.19287109375,574.5341796875
1782130819.414332,3.5424020290374756,3.5552635192871094,858.3104248046875,626.38916015625
1782130819.419332,3.2263786792755127,3.3605048656463623,828.2288818359375,622.8358154296875
1782130819.424332,3.110625743865967,3.016921281814575,818.6778564453125,620.6805419921875
1782130819.429332,2.684361696243286,2.914029836654663,815.923828125,620.7430419921875
1782130819.434332,3.1253244876861572,3.1933064460754395,814.7845458984375,638.590576171875
1782130819.444332,2.827674627304077,2.972825050354004,837.27490234375,695.3563232421875
1782130819.449332,2.8019518852233887,2.778066396713257,833.3931884765625,692.781494140625
1782130819.454332,2.7560181617736816,2.8148131370544434,832.0877685546875,689.5955810546875
1782130819.459332,2.748668670654297,2.7964398860931396,833.2523193359375,700.0972900390625
1782130819.464454,2.7909276485443115,3.116137981414795,828.0718994140625,697.1251220703125
1782130819.469454,2.741319417953491,2.8074638843536377,772.7005615234375,698.0623779296875
1782130819.484454,2.6531267166137695,2.6715002059936523,800.7437744140625,720.3189697265625
1782130819.489454,2.719271183013916,2.586982488632202,811.1923828125,727.9146728515625
1782130819.494454,2.8589096069335938,2.7505061626434326,844.5126953125,697.022216796875
1782130819.499454,2.8184878826141357,2.689873695373535,805.3350830078125,720.3323974609375
1782130819.504454,2.789090394973755,2.6935484409332275,807.1448974609375,721.62744140625
1782130819.509454,2.7670421600341797,2.6990604400634766,827.9931640625,734.7762451171875
1782130819.514454,2.6604762077331543,2.6825244426727295,848.3236083984375,721.5091552734375
1782130819.519454,2.925053834915161,2.684361696243286,841.8074951171875,718.0216064453125
1782130819.524454,2.9048430919647217,2.8258373737335205,848.8055419921875,732.1951904296875
1782130819.529454,2.8993310928344727,2.7339699268341064,840.159423828125,732.6063232421875
1782130819.534454,2.78174090385437,2.759692907333374,839.4044189453125,749.373046875
1782130819.539454,2.9471020698547363,2.7045724391937256,838.666259765625,741.15478515625
1782130819.544454,2.9930357933044434,2.816650629043579,859.4454345703125,733.8306884765625
1782130819.549454,2.926891326904297,2.719271183013916,827.2044677734375,750.1661376953125
1782130819.554454,2.9471020698547363,2.743156671524048,831.3790283203125,749.737060546875
1782130819.559454,3.046318769454956,2.778066396713257,854.817138671875,737.625
1782130819.564454,2.8552348613739014,2.7927651405334473,828.9534912109375,711.3369140625
1782130819.569454,2.862584114074707,2.592494487762451,830.6004638671875,723.9862060546875
1782130819.574454,2.914029836654663,2.7211086750030518,847.0113525390625,721.2059326171875
1782130819.579465,2.88095760345459,2.759692907333374,842.0130615234375,718.5406494140625
1782130819.584454,2.8258373737335205,2.7964398860931396,838.1846923828125,725.0311279296875
1782130819.589454,2.838698625564575,2.6145424842834473,842.7818603515625,727.0018310546875
1782130819.594454,3.196981191635132,3.057342767715454,863.6556396484375,719.2655029296875
1782130819.599576,2.932403326034546,2.925053834915161,858.74951171875,725.7850341796875
1782130819.604576,2.9066805839538574,3.0095717906951904,835.734375,729.800537109375
1782130819.614576,2.8956563472747803,2.8093011379241943,841.3505859375,732.6861572265625
1782130819.619576,2.9856863021850586,2.8772828578948975,825.219482421875,725.292236328125
1782130819.624588,2.851560115814209,3.119812488555908,839.360595703125,722.671630859375
1782130819.629576,2.982011556625366,3.1179752349853516,816.0330810546875,706.699951171875
1782130819.634576,2.8883070945739746,2.9581260681152344,823.4351806640625,712.57861328125
1782130819.639576,2.919541835784912,3.1418607234954834,843.1962890625,730.5775146484375
1782130819.644576,2.8313493728637695,2.8037891387939453,842.9134521484375,728.107666015625
1782130819.649576,3.086740255355835,3.2778241634368896,844.9072265625,760.8331298828125
1782130819.654576,3.0499935150146484,3.075716257095337,901.6197509765625,774.2451171875
1782130819.659576,3.127161979675293,3.1234872341156006,876.7313232421875,765.1876220703125
1782130819.664576,3.011409282684326,3.3586673736572266,852.7088623046875,735.5814208984375
1782130819.669576,2.8552348613739014,2.869933605194092,843.711181640625,739.3079833984375
1782130819.674577,3.160234212875366,3.1345112323760986,844.03662109375,737.4942626953125
1782130819.679588,3.007734537124634,3.195143699645996,860.8988037109375,747.0941162109375
1782130819.684587,3.070204257965088,3.1014389991760254,863.78564453125,746.35498046875
1782130819.689576,3.2098424434661865,3.224541187286377,846.077880859375,745.2403564453125
1782130819.694577,2.8313493728637695,2.9636383056640625,832.8736572265625,768.445556640625
1782130819.699576,2.970987558364868,3.0793910026550293,801.11181640625,782.0631103515625
1782130819.704576,2.862584114074707,2.8533973693847656,804.463623046875,780.4246826171875
1782130819.709588,3.051830768585205,2.9691503047943115,788.46728515625,760.6844482421875
1782130819.714576,2.9875237941741943,3.005897045135498,791.6744384765625,766.305419921875
1782130819.724576,3.119812488555908,2.925053834915161,789.724365234375,755.560791015625
1782130819.729588,3.1124632358551025,3.1712582111358643,823.5606689453125,777.0323486328125
1782130819.734699,2.9985477924346924,3.0830657482147217,817.6136474609375,777.6182861328125
1782130819.73971,3.2263786792755127,3.178607702255249,814.4693603515625,755.0982666015625
1782130819.744699,3.1528847217559814,3.138185977935791,796.061767578125,763.2752685546875
1782130819.749699,3.1363487243652344,3.1473727226257324,766.5523681640625,743.5810546875
1782130819.754699,3.0849030017852783,3.2741496562957764,851.951416015625,750.6160888671875
1782130819.759699,3.119812488555908,3.263125419616699,804.540771484375,771.3443603515625
1782130819.764699,3.0738790035247803,3.119812488555908,796.627685546875,755.9810791015625
1782130819.769699,3.1914689540863037,3.1179752349853516,821.29638671875,745.3428955078125
1782130819.774699,3.119812488555908,3.0536680221557617,790.600341796875,738.561279296875
1782130819.779699,3.189631700515747,3.1308367252349854,791.1767578125,739.0196533203125
1782130819.784699,3.040806770324707,2.919541835784912,795.24951171875,741.09130859375
1782130819.789699,3.3311073780059814,3.1822822093963623,797.6578369140625,744.09814453125
1782130819.79971,3.1822822093963623,2.9985477924346924,794.0087890625,773.5870361328125
1782130819.80471,2.9618008136749268,3.1014389991760254,781.569580078125,760.6029052734375
1782130819.809699,3.2741496562957764,3.288848400115967,778.4278564453125,745.577392578125
1782130819.819699,3.151047468185425,3.287010908126831,779.2716064453125,761.2337646484375
1782130819.824699,3.287010908126831,3.127161979675293,802.643310546875,750.611328125
1782130819.829699,3.362342119216919,3.1418607234954834,809.94921875,773.48193359375
1782130819.839699,3.1712582111358643,3.086740255355835,812.3563232421875,774.9156494140625
1782130819.849699,3.1308367252349854,3.298035144805908,804.9473876953125,764.785400390625
1782130819.854699,3.3255951404571533,3.2374026775360107,816.2197265625,782.62646484375
1782130819.859699,3.0371320247650146,2.9360780715942383,816.371337890625,783.5201416015625
1782130819.864699,3.1345112323760986,3.0830657482147217,826.6754150390625,777.90625
1782130819.86971,3.270474910736084,3.2374026775360107,803.96240234375,779.9642333984375
1782130819.874832,3.2447521686553955,3.127161979675293,813.39794921875,739.3111572265625
1782130819.879832,3.097764492034912,3.1694209575653076,824.2811279296875,776.8126220703125
1782130819.884843,3.1859569549560547,3.1345112323760986,779.46435546875,762.3045654296875
1782130819.889832,3.2116799354553223,3.224541187286377,822.53173828125,766.1881103515625
1782130819.894832,3.1528847217559814,3.20800518989563,806.7779541015625,762.902099609375
1782130819.899832,3.1988184452056885,3.263125419616699,791.3236083984375,762.6932373046875
1782130819.904832,3.075716257095337,3.081228256225586,796.517822265625,767.1474609375
1782130819.909832,3.2612881660461426,3.10878849029541,796.0126953125,770.391357421875
1782130819.914832,3.213517189025879,3.213517189025879,774.0428466796875,762.536865234375
1782130819.919832,3.178607702255249,3.3770408630371094,793.1712646484375,781.2119140625
1782130819.924832,3.178607702255249,3.1418607234954834,805.2646484375,759.6865234375
1782130819.929832,3.2227039337158203,3.2668001651763916,808.9677734375,773.94677734375
1782130819.934843,3.0940897464752197,3.0316200256347656,755.1134033203125,782.7894287109375
1782130819.944832,3.3660168647766113,3.2906856536865234,795.43310546875,778.6246337890625
1782130819.949832,2.9985477924346924,3.114300489425659,814.316650390625,779.97021484375
1782130819.954832,3.0261080265045166,3.05918025970459,818.935546875,776.255615234375
1782130819.959832,2.9985477924346924,2.967312812805176,802.48095703125,755.817138671875
1782130819.964832,3.035294771194458,3.086740255355835,805.6766357421875,756.58837890625
1782130819.969832,2.9967105388641357,2.9930357933044434,803.6781005859375,763.1129150390625
1782130819.974832,3.0316200256347656,3.206167697906494,808.30810546875,756.3515625
1782130819.979832,3.064692258834839,3.340294122695923,798.0579833984375,749.1285400390625
1782130819.984832,3.0904150009155273,3.3035471439361572,827.905029296875,767.938720703125
1782130819.989832,3.0316200256347656,3.1804449558258057,828.592041015625,760.66552734375
1782130819.994832,2.9985477924346924,2.875445604324341,823.421630859375,761.2969970703125
1782130819.999832,3.0940897464752197,2.9415900707244873,853.6553955078125,778.0684814453125
1782130820.004832,3.2227039337158203,3.2227039337158203,850.28173828125,775.44580078125
1782130820.009954,2.976499557495117,2.73213267326355,919.45361328125,814.1077880859375
1782130820.014954,3.151047468185425,3.05918025970459,827.4378662109375,748.9090576171875
1782130820.019954,3.0793910026550293,2.8497228622436523,825.2734375,760.1787109375
1782130820.024954,3.1345112323760986,3.1657462120056152,782.4927978515625,766.3594970703125
1782130820.029954,3.224541187286377,3.0793910026550293,792.1668701171875,771.6959228515625
1782130820.034954,3.3182458877563477,3.114300489425659,805.738525390625,760.9014892578125
1782130820.039965,3.2833364009857178,3.5938477516174316,814.584228515625,753.7447509765625
1782130820.044954,3.3090591430664062,3.1014389991760254,795.339111328125,774.746337890625
1782130820.049954,3.351318120956421,3.4211373329162598,803.189697265625,783.8272705078125
1782130820.054954,3.1308367252349854,2.9618008136749268,863.4891357421875,785.12841796875
1782130820.059954,3.1289992332458496,3.1914689540863037,848.7027587890625,782.6522216796875
1782130820.064954,3.097764492034912,3.064692258834839,805.366455078125,753.97314453125
1782130820.069954,3.1639089584350586,3.2043304443359375,731.0338134765625,743.7265625
1782130820.074954,3.1914689540863037,2.976499557495117,830.5137939453125,736.15478515625
1782130820.079954,3.162071466445923,3.3641796112060547,825.8643798828125,746.9810791015625
1782130820.084954,3.3917396068573,3.340294122695923,755.4896240234375,729.3795166015625
1782130820.089954,3.162071466445923,3.0022225379943848,836.3524169921875,763.5711669921875
1782130820.094954,3.1639089584350586,3.173095703125,822.3253173828125,780.44140625
1782130820.099954,3.1234872341156006,3.070204257965088,774.4012451171875,751.3187255859375
1782130820.104954,3.196981191635132,3.1639089584350586,794.4554443359375,755.1741943359375
1782130820.109954,3.2116799354553223,3.092252492904663,760.7301025390625,769.29931640625
1782130820.119954,3.4689083099365234,3.483607053756714,797.802001953125,753.818359375
1782130820.124954,3.1528847217559814,3.3586673736572266,811.66455078125,788.646728515625
1782130820.129954,3.592010259628296,3.630594491958618,803.113525390625,794.5360107421875
1782130820.134954,3.50565505027771,3.2778241634368896,796.5,788.6707763671875
1782130820.139965,3.4395105838775635,3.3182458877563477,757.796142578125,843.1031494140625
1782130820.150076,2.6641509532928467,2.00821852684021,857.3621826171875,672.1583251953125
1782130820.155077,2.805626392364502,1.7133246660232544,797.4949951171875,675.008544921875
1782130820.160076,2.88095760345459,1.9016525745391846,764.4761962890625,668.675048828125
1782130820.165076,2.7854156494140625,2.4399948120117188,762.820556640625,691.89013671875
1782130820.170076,2.932403326034546,2.3554768562316895,747.01953125,637.8203125
1782130820.175076,3.0261080265045166,2.5153260231018066,766.265869140625,688.2469482421875
1782130820.180076,2.8993310928344727,2.289332389831543,753.952392578125,681.3026123046875
1782130820.185076,2.9581260681152344,2.4657175540924072,738.846435546875,655.7015380859375
1782130820.190076,3.081228256225586,2.3371033668518066,740.628173828125,661.7818603515625
1782130820.195076,3.016921281814575,2.353639602661133,750.7734375,649.0755615234375
1782130820.200076,2.903005838394165,2.2856576442718506,782.4495849609375,571.427978515625
1782130820.205076,3.3182458877563477,2.451018810272217,782.375732421875,594.41552734375
1782130820.210088,3.007734537124634,2.2966818809509277,741.5133056640625,644.6766357421875
1782130820.215076,3.013246536254883,2.2746336460113525,735.75537109375,656.748779296875
1782130820.220076,2.800114393234253,1.9237006902694702,817.5028076171875,595.43310546875
1782130820.225076,2.6990604400634766,1.721592664718628,849.2447509765625,566.4781494140625
1782130820.230076,3.138185977935791,2.2617721557617188,806.85791015625,585.8709716796875
1782130820.235076,2.914029836654663,1.8685803413391113,826.2874755859375,544.816650390625
1782130820.240076,2.7560181617736816,1.9880077838897705,810.8260498046875,562.547119140625
1782130820.245076,2.822162628173828,1.9586102962493896,723.779296875,621.4091796875
1782130820.255088,2.857072114944458,2.214001178741455,737.6751708984375,611.9542236328125
1782130820.260077,3.167583465576172,2.265446901321411,798.8216552734375,671.7879638671875
1782130820.265076,3.0738790035247803,2.5722835063934326,747.6414794921875,675.831787109375
1782130820.270077,3.1051137447357178,2.776228904724121,714.9146728515625,727.1314697265625
1782130820.275199,3.196981191635132,3.0389692783355713,742.96484375,711.4102783203125
1782130820.285199,3.310896396636963,2.719271183013916,759.3690185546875,722.2095947265625
1782130820.290199,3.20800518989563,2.9985477924346924,789.60205078125,737.6968994140625
1782130820.30021,3.2502641677856445,3.1179752349853516,842.564208984375,725.7298583984375
1782130820.30521,3.3292698860168457,3.1363487243652344,858.8831787109375,738.767822265625
1782130820.310199,3.487281560897827,3.057342767715454,863.3275146484375,728.982421875
1782130820.315199,3.3182458877563477,2.8883070945739746,835.61962890625,669.2825927734375
1782130820.320199,3.5093297958374023,3.246589422225952,854.1544189453125,712.3372802734375
1782130820.330199,3.573637008666992,3.2227039337158203,850.1910400390625,710.1612548828125
1782130820.340199,3.4689083099365234,3.219029188156128,835.1279296875,712.3480224609375
1782130820.345199,3.400926351547241,3.294360399246216,772.9696044921875,711.2867431640625
1782130820.350199,3.4964683055877686,3.3586673736572266,722.499755859375,681.599609375
1782130820.355199,3.5607755184173584,3.1804449558258057,737.0069580078125,655.49755859375
1782130820.36021,3.4964683055877686,3.395414352416992,820.0513916015625,676.065185546875
1782130820.36521,3.659992218017578,3.173095703125,825.8873291015625,701.357666015625
1782130820.370199,3.659992218017578,3.10878849029541,786.3115234375,673.364501953125
1782130820.375199,3.3880650997161865,3.1418607234954834,827.2967529296875,682.050537109375
1782130820.38021,3.9319193363189697,3.189631700515747,809.421875,692.3887939453125
1782130820.385199,3.386227607727051,3.0481560230255127,831.716552734375,694.6505126953125
1782130820.390199,3.3752036094665527,3.1363487243652344,771.21728515625,684.815673828125
1782130820.395221,3.500143051147461,3.119812488555908,840.8651123046875,697.104736328125
1782130820.400199,3.4174625873565674,3.189631700515747,764.026123046875,673.7987060546875
1782130820.405199,3.5534260272979736,3.0940897464752197,764.6939697265625,673.6641845703125
1782130820.410332,3.6048717498779297,3.2043304443359375,791.1278076171875,687.1885986328125
1782130820.420332,3.2796616554260254,2.678849697113037,869.9913330078125,665.2767333984375
1782130820.425332,3.0444815158843994,2.81113862991333,809.7205810546875,655.580078125
1782130820.430321,3.378878355026245,2.7045724391937256,836.0103759765625,654.8695068359375
1782130820.435332,3.384390354156494,2.5667715072631836,863.7275390625,663.5843505859375
1782130820.440321,3.349480628967285,2.7670421600341797,841.4925537109375,625.841796875
1782130820.445321,3.448697328567505,3.119812488555908,810.5672607421875,670.346435546875
1782130820.450332,3.573637008666992,2.869933605194092,811.4420166015625,675.30810546875
1782130820.460332,3.3880650997161865,3.3990890979766846,791.5711669921875,677.80859375
1782130820.465343,3.2833364009857178,3.138185977935791,822.883056640625,692.5096435546875
1782130820.470332,3.32192063331604,2.954451560974121,820.106201171875,663.8917236328125
1782130820.475332,3.546076774597168,2.9581260681152344,819.0604248046875,658.4974365234375
1782130820.480332,3.579149007797241,3.1712582111358643,832.03369140625,644.499755859375
1782130820.490321,3.5313780307769775,3.443185329437256,814.3851318359375,637.80126953125
1782130820.495321,3.4505348205566406,3.7389979362487793,730.79736328125,629.8743896484375
1782130820.500321,3.2851736545562744,3.2851736545562744,747.899169921875,634.4793701171875
1782130820.505332,3.395414352416992,3.1988184452056885,752.3232421875,617.60595703125
1782130820.515332,3.4174625873565674,3.2043304443359375,744.6962890625,624.6536865234375
1782130820.520321,3.465233564376831,3.6158957481384277,704.06640625,683.1898193359375
1782130820.525332,3.241077423095703,3.4101130962371826,752.3433837890625,637.4949951171875
1782130820.530332,3.332944631576538,3.6857149600982666,746.2041015625,639.0489501953125
1782130820.540321,3.351318120956421,3.156559467315674,707.755615234375,623.072509765625
1782130820.545454,3.2447521686553955,3.138185977935791,764.4053955078125,634.7496337890625
1782130820.550454,3.1528847217559814,3.246589422225952,788.7801513671875,663.759033203125
1782130820.555454,3.1859569549560547,3.097764492034912,781.9827880859375,659.33056640625
1782130820.560454,3.3090591430664062,3.2116799354553223,780.3946533203125,653.4332275390625
1782130820.565454,3.413787841796875,3.3182458877563477,777.1744384765625,652.9967041015625
1782130820.570454,3.3421313762664795,3.20800518989563,680.75244140625,624.8746337890625
1782130820.575465,3.443185329437256,3.195143699645996,768.82568359375,662.4708251953125
1782130820.580454,3.25761342048645,3.3366193771362305,791.1485595703125,644.2593994140625
1782130820.585465,3.2668001651763916,3.2337279319763184,805.2659912109375,652.5096435546875
1782130820.590465,3.1179752349853516,3.345806121826172,789.6195068359375,635.6749267578125
1782130820.595454,3.160234212875366,3.3347818851470947,793.954833984375,641.6075439453125
1782130820.600454,3.1933064460754395,3.4615588188171387,785.6597900390625,642.076416015625
1782130820.605454,3.614058494567871,3.8988471031188965,755.00146484375,620.8485107421875
1782130820.610454,3.6361067295074463,3.4284865856170654,757.5435791015625,627.1507568359375
1782130820.615454,3.5093297958374023,3.3935770988464355,636.9154052734375,609.7908935546875
1782130820.620454,3.4780948162078857,3.213517189025879,710.4149169921875,684.061279296875
1782130820.625454,3.608546495437622,3.5662875175476074,717.7069091796875,670.5958251953125
1782130820.630454,3.2447521686553955,3.2906856536865234,714.0289306640625,654.06787109375
1782130820.635454,3.156559467315674,3.270474910736084,729.3717041015625,648.77490234375
1782130820.640454,3.494631052017212,3.4211373329162598,727.4161376953125,639.002197265625
1782130820.645454,3.5534260272979736,3.167583465576172,751.0582275390625,647.454833984375
1782130820.650454,3.5093297958374023,3.4229745864868164,745.224365234375,636.765869140625
1782130820.655454,3.6287572383880615,3.3696916103363037,721.95556640625,653.3438720703125
1782130820.660454,3.608546495437622,3.61957049369812,708.5184326171875,647.2236328125
1782130820.665454,3.5479140281677246,3.397251844406128,720.3758544921875,634.8651123046875
1782130820.670454,3.5479140281677246,3.413787841796875,722.053466796875,640.985595703125
1782130820.675454,3.4927937984466553,3.156559467315674,702.282958984375,647.002685546875
1782130820.680576,3.5717995166778564,3.3935770988464355,705.0028076171875,651.198974609375
1782130820.685576,3.343968629837036,3.459721565246582,720.6961669921875,655.6536865234375
1782130820.695576,3.5258657932281494,3.288848400115967,720.5447998046875,650.6402587890625
1782130820.700576,3.5130045413970947,3.61957049369812,722.8736572265625,648.091796875
1782130820.705576,3.4284865856170654,3.5607755184173584,717.842041015625,648.8291015625
1782130820.710576,3.5093297958374023,3.3292698860168457,720.15576171875,650.7904052734375
1782130820.715576,3.4799323081970215,3.682040214538574,730.0361328125,650.2708740234375
1782130820.720577,3.5368900299072266,3.61957049369812,729.8245849609375,643.1236572265625
1782130820.725576,3.441348075866699,3.4725828170776367,719.139404296875,619.0250244140625
1782130820.730577,3.4560468196868896,3.546076774597168,717.4429931640625,624.3687744140625
1782130820.735576,3.362342119216919,3.459721565246582,729.0433349609375,650.3619384765625
1782130820.740577,3.603034496307373,3.2833364009857178,738.925048828125,656.3466796875
1782130820.745576,3.294360399246216,3.4284865856170654,736.0018310546875,653.2115478515625
1782130820.750576,3.564450263977051,3.3311073780059814,717.8792724609375,648.0867919921875
1782130820.755576,3.6232452392578125,3.288848400115967,689.58837890625,635.114501953125
1782130820.760576,3.3127338886260986,3.299872398376465,747.5391845703125,642.66357421875
1782130820.765576,3.4615588188171387,3.4119505882263184,737.574951171875,635.2012939453125
1782130820.770576,3.4725828170776367,3.373366355895996,730.011474609375,658.8372802734375
1782130820.775588,3.2723121643066406,3.2374026775360107,761.511962890625,656.802490234375
1782130820.780576,3.316408634185791,3.2282159328460693,744.7943115234375,610.4329833984375
1782130820.790576,3.3292698860168457,3.219029188156128,732.7933349609375,638.0601806640625
1782130820.795576,3.400926351547241,3.219029188156128,733.9215087890625,640.6903076171875
1782130820.800576,3.476257562637329,3.3549928665161133,726.5048828125,637.09912109375
1782130820.805576,3.516679286956787,3.241077423095703,726.762939453125,651.344970703125
1782130820.810576,3.400926351547241,3.316408634185791,746.96142578125,644.5172119140625
1782130820.815576,3.2906856536865234,3.0279452800750732,744.573486328125,644.3214111328125
1782130820.820588,3.263125419616699,3.1400234699249268,732.034423828125,654.2216796875
1782130820.83071,3.448697328567505,3.2686376571655273,727.10498046875,637.6287841796875
1782130820.835699,3.483607053756714,3.1657462120056152,711.534423828125,634.6219482421875
1782130820.840699,3.373366355895996,3.2741496562957764,678.304931640625,619.641845703125
1782130820.845699,3.4983057975769043,3.0775535106658936,731.1832275390625,624.906494140625
1782130820.850699,3.4560468196868896,3.299872398376465,726.421630859375,627.982421875
1782130820.85571,3.586498260498047,3.1345112323760986,721.0538330078125,627.744140625
1782130820.860699,3.5901730060577393,3.4560468196868896,726.5357666015625,637.5692138671875
1782130820.865699,3.432161331176758,3.4101130962371826,729.19921875,645.0814208984375
1782130820.870699,3.522191286087036,3.4339985847473145,725.1085205078125,617.380615234375
1782130820.87571,3.5497515201568604,3.4523720741271973,749.67333984375,633.765869140625
1782130820.880699,3.4983057975769043,3.424811840057373,728.142822265625,650.035400390625
1782130820.885699,3.386227607727051,3.3200831413269043,750.0169677734375,632.1136474609375
1782130820.890699,3.252101421356201,3.1694209575653076,812.51611328125,642.841064453125
1782130820.900699,3.0022225379943848,2.965475559234619,800.670654296875,656.12353515625
1782130820.905699,3.184119701385498,3.3182458877563477,828.86865234375,657.9110107421875
1782130820.910699,3.156559467315674,3.0426440238952637,816.8388671875,640.3763427734375
1782130820.915699,3.2043304443359375,3.340294122695923,818.65869140625,630.692626953125
1782130820.920699,3.10878849029541,3.097764492034912,819.2698974609375,632.5283203125
1782130820.930699,2.9856863021850586,3.1988184452056885,809.90478515625,623.8271484375
1782130820.935699,3.2557761669158936,3.2043304443359375,811.3895263671875,631.9700927734375
1782130820.940699,3.110625743865967,3.196981191635132,805.8675537109375,643.3348388671875
1782130820.945699,2.989361047744751,3.046318769454956,794.5986328125,650.651123046875
1782130820.950821,3.0904150009155273,3.248426675796509,808.5780029296875,631.064697265625
1782130820.955832,3.0610175132751465,3.024270534515381,785.474609375,626.5457763671875
1782130820.965832,2.891981840133667,3.121649980545044,785.362548828125,635.9423828125
1782130820.970821,3.1528847217559814,3.0022225379943848,786.7442626953125,632.5018310546875
1782130820.975832,3.189631700515747,3.057342767715454,789.03564453125,629.3914794921875
1782130820.980821,3.0793910026550293,2.9360780715942383,790.348388671875,631.9345703125
1782130820.985821,3.0738790035247803,3.246589422225952,792.887451171875,625.6319580078125
1782130820.990821,3.005897045135498,3.196981191635132,792.9215087890625,623.364990234375
1782130820.995821,2.9985477924346924,3.1051137447357178,788.1986083984375,628.269287109375
1782130821.000821,3.1289992332458496,3.259450912475586,789.8135986328125,636.33203125
1782130821.005821,3.2741496562957764,3.103276491165161,794.1400146484375,636.439697265625
1782130821.010821,3.173095703125,3.2282159328460693,791.924072265625,637.14404296875
1782130821.015821,3.2961976528167725,3.2961976528167725,770.1319580078125,671.4952392578125
1782130821.020821,3.0316200256347656,3.160234212875366,799.32861328125,610.944580078125
1782130821.025821,3.013246536254883,2.9746623039245605,796.153564453125,621.551025390625
1782130821.030821,3.138185977935791,3.305384397506714,795.3614501953125,623.8663330078125
1782130821.035832,3.0720415115356445,3.075716257095337,798.1297607421875,623.822998046875
1782130821.040821,3.1400234699249268,3.132673978805542,798.241455078125,649.7982177734375
1782130821.045821,3.0444815158843994,3.2153544425964355,783.79296875,647.8516845703125
1782130821.050821,3.0499935150146484,3.3237578868865967,784.5892333984375,646.302978515625
1782130821.055821,3.0793910026550293,3.263125419616699,791.7413330078125,639.3314208984375
1782130821.060821,3.0536680221557617,3.2043304443359375,789.1461181640625,637.3555908203125
1782130821.065832,3.1877944469451904,3.1583967208862305,793.367431640625,637.5689697265625
1782130821.070832,3.121649980545044,3.2833364009857178,776.0933837890625,662.9969482421875
1782130821.075832,3.064692258834839,3.230053186416626,780.265625,659.2369384765625
1782130821.085954,3.4064383506774902,3.32192063331604,778.3575439453125,654.5782470703125
1782130821.090954,3.1308367252349854,3.138185977935791,783.68505859375,650.711181640625
1782130821.095954,3.035294771194458,3.1051137447357178,782.7266845703125,636.7117919921875
1782130821.100954,3.145535469055176,3.3292698860168457,782.496826171875,637.118408203125
1782130821.105954,3.2153544425964355,3.062854766845703,775.77734375,688.677001953125
1782130821.110954,2.989361047744751,3.195143699645996,754.9329833984375,665.908203125
1782130821.120954,3.275986909866333,3.10878849029541,753.2720947265625,675.4112548828125
1782130821.125954,3.1639089584350586,3.005897045135498,730.5230712890625,672.551513671875
1782130821.130954,2.9985477924346924,2.8093011379241943,732.1102294921875,681.2120361328125
1782130821.135965,3.0959270000457764,3.011409282684326,723.6219482421875,679.7744140625
1782130821.140954,3.1253244876861572,2.9507768154144287,693.4871826171875,699.5606689453125
1782130821.145954,3.1069512367248535,2.932403326034546,708.5653076171875,702.0157470703125
1782130821.155954,3.196981191635132,2.932403326034546,711.739501953125,698.00146484375
1782130821.160954,3.1822822093963623,2.9305660724639893,720.97900390625,691.25048828125
1782130821.165965,3.248426675796509,3.097764492034912,712.3094482421875,688.6099853515625
1782130821.170954,3.1914689540863037,2.948939323425293,710.2752685546875,724.19287109375
1782130821.175954,3.2778241634368896,3.145535469055176,734.2808837890625,706.6058349609375
1782130821.180954,3.1712582111358643,3.1528847217559814,700.86181640625,693.06689453125
1782130821.185954,3.2208666801452637,3.1418607234954834,702.0828857421875,693.463134765625
1782130821.190954,3.178607702255249,3.189631700515747,726.25390625,682.3748779296875
1782130821.195954,3.219029188156128,3.10878849029541,710.1046142578125,722.2994384765625
1782130821.200954,3.2502641677856445,3.3549928665161133,711.60791015625,719.4326171875
1782130821.205954,3.3549928665161133,3.151047468185425,722.384033203125,701.28125
1782130821.210954,3.173095703125,3.035294771194458,725.9761962890625,705.5924072265625
1782130821.215954,3.2833364009857178,3.3145711421966553,729.618408203125,685.37841796875
1782130821.221076,3.3090591430664062,3.1289992332458496,699.2750244140625,687.571533203125
1782130821.226088,3.230053186416626,3.2851736545562744,698.84716796875,701.633056640625
1782130821.231076,3.3292698860168457,3.3127338886260986,729.831787109375,710.1280517578125
1782130821.236076,3.248426675796509,3.327432632446289,725.1092529296875,705.1326904296875
1782130821.241076,3.1345112323760986,3.248426675796509,732.91796875,700.4898681640625
1782130821.246088,3.2392399311065674,3.1345112323760986,718.5673828125,704.677490234375
1782130821.256076,3.1933064460754395,3.230053186416626,726.68115234375,696.4666748046875
1782130821.261076,3.235565423965454,3.2796616554260254,733.20166015625,689.3128662109375
1782130821.266076,3.189631700515747,3.2686376571655273,729.8172607421875,718.478515625
1782130821.271076,3.127161979675293,3.0959270000457764,723.55322265625,683.425048828125
1782130821.276076,3.2612881660461426,3.213517189025879,742.80712890625,723.8389892578125
1782130821.281076,3.310896396636963,3.3880650997161865,728.191650390625,711.9322509765625
1782130821.286076,3.219029188156128,3.298035144805908,717.4525146484375,704.2659912109375
1782130821.291088,3.2337279319763184,3.178607702255249,716.7449951171875,706.0924072265625
1782130821.296076,3.1859569549560547,3.075716257095337,728.670166015625,668.0904541015625
1782130821.301076,3.3421313762664795,3.224541187286377,734.3387451171875,676.23046875
1782130821.306076,3.316408634185791,3.263125419616699,769.858154296875,670.80859375
1782130821.311076,3.2851736545562744,3.1014389991760254,771.2529296875,644.80078125
1782130821.316077,3.200655698776245,3.0683670043945312,788.4578857421875,653.7606201171875
1782130821.326077,3.3237578868865967,3.14369797706604,799.155517578125,644.3497314453125
1782130821.336076,3.3807156085968018,3.1363487243652344,798.2711181640625,635.920166015625
1782130821.341076,3.070204257965088,3.051830768585205,801.7646484375,639.54638671875
1782130821.346076,3.206167697906494,3.127161979675293,796.8177490234375,640.0631103515625
1782130821.351076,3.1804449558258057,3.114300489425659,793.9254150390625,635.4005126953125
1782130821.356087,3.2337279319763184,3.2612881660461426,783.206787109375,648.21435546875
1782130821.36121,3.1179752349853516,3.1822822093963623,798.8189697265625,669.5074462890625
1782130821.366087,3.20800518989563,3.1822822093963623,798.1497802734375,658.63671875
1782130821.371199,3.1933064460754395,3.3255951404571533,812.21533203125,674.7105712890625
1782130821.381199,3.343968629837036,3.241077423095703,810.0953369140625,657.7115478515625
1782130821.386199,3.200655698776245,3.189631700515747,807.651123046875,652.96142578125
1782130821.391199,3.2116799354553223,3.1639089584350586,816.0985107421875,688.6080322265625
1782130821.396199,3.230053186416626,3.0389692783355713,810.870361328125,688.265625
1782130821.406199,3.1859569549560547,3.1473727226257324,809.4051513671875,665.7227783203125
1782130821.411199,3.200655698776245,3.213517189025879,812.7022705078125,670.49560546875
1782130821.416199,3.402763843536377,3.3145711421966553,813.0181884765625,669.28955078125
1782130821.421199,3.3641796112060547,3.32192063331604,809.1033935546875,670.833984375
1782130821.426199,3.1749329566955566,3.119812488555908,811.558349609375,691.336669921875
1782130821.43121,3.149209976196289,3.248426675796509,789.7421875,668.7249755859375
1782130821.436199,3.1253244876861572,3.288848400115967,805.527099609375,655.2867431640625
1782130821.441199,3.064692258834839,3.1418607234954834,821.2559814453125,654.9984130859375
1782130821.446199,3.0610175132751465,3.0940897464752197,798.2720947265625,703.384765625
1782130821.451199,3.213517189025879,3.259450912475586,802.12744140625,696.9234619140625
1782130821.456199,3.097764492034912,3.119812488555908,803.3853759765625,693.2568359375
1782130821.461199,3.196981191635132,3.189631700515747,804.9215087890625,685.6494140625
1782130821.466199,3.1345112323760986,3.259450912475586,810.49365234375,677.2784423828125
1782130821.471199,3.195143699645996,3.299872398376465,806.28271484375,675.0111083984375
1782130821.476199,3.0444815158843994,3.057342767715454,802.8948974609375,657.8900146484375
1782130821.486199,3.0720415115356445,3.1988184452056885,788.3187255859375,652.37451171875
1782130821.491199,3.0022225379943848,3.121649980545044,795.171875,645.6099853515625
1782130821.49621,3.0426440238952637,3.02978253364563,792.6947021484375,645.8876953125
1782130821.50121,3.167583465576172,3.230053186416626,782.317138671875,638.07666015625
1782130821.506332,3.2263786792755127,3.2153544425964355,801.037109375,640.1778564453125
1782130821.511321,3.0150837898254395,3.2263786792755127,799.2391357421875,635.890625
1782130821.516321,3.189631700515747,3.2153544425964355,795.254638671875,623.2923583984375
1782130821.521321,3.230053186416626,3.288848400115967,798.8707275390625,638.03125
1782130821.526321,3.0959270000457764,3.1749329566955566,797.4388427734375,635.1844482421875
1782130821.531321,3.0536680221557617,3.2778241634368896,798.5718994140625,645.1689453125
1782130821.536321,3.3182458877563477,3.4744203090667725,798.83349609375,639.1866455078125
1782130821.541321,3.1308367252349854,3.10878849029541,767.8963623046875,661.5350341796875
1782130821.546321,3.0720415115356445,3.1418607234954834,771.3770751953125,651.6124267578125
1782130821.551321,3.1418607234954834,3.1583967208862305,783.5728759765625,642.1041259765625
1782130821.556321,3.1712582111358643,3.138185977935791,801.78759765625,615.4310302734375
1782130821.561321,3.1400234699249268,3.4468600749969482,799.6092529296875,625.2626953125
1782130821.566321,3.189631700515747,3.3292698860168457,798.1715087890625,633.6783447265625
1782130821.571321,3.1822822093963623,3.1363487243652344,806.4676513671875,621.317626953125
1782130821.576321,3.1051137447357178,3.3182458877563477,805.0936279296875,623.17041015625
1782130821.581321,3.05918025970459,3.1767702102661133,799.8616943359375,633.710205078125
1782130821.586332,3.1345112323760986,3.1639089584350586,793.672119140625,639.8868408203125
1782130821.591321,3.196981191635132,3.3549928665161133,787.431640625,637.740478515625
1782130821.596321,3.25761342048645,3.3255951404571533,783.913818359375,625.090576171875
1782130821.601321,3.173095703125,3.340294122695923,783.2650146484375,660.97802734375
1782130821.606321,3.310896396636963,3.3917396068573,799.614013671875,623.7442626953125
1782130821.611332,3.1418607234954834,3.086740255355835,800.050048828125,625.8438720703125
1782130821.616321,3.1528847217559814,3.2502641677856445,789.4608154296875,640.3289794921875
1782130821.621321,3.2392399311065674,3.248426675796509,782.172119140625,643.0338134765625
1782130821.626321,3.081228256225586,3.343968629837036,823.7239990234375,641.4886474609375
1782130821.631454,3.167583465576172,3.3825528621673584,801.8260498046875,643.6583251953125
1782130821.636454,3.1933064460754395,3.4468600749969482,794.6109619140625,622.595947265625
1782130821.641454,3.1014389991760254,3.5185165405273438,799.4100341796875,638.373779296875
1782130821.646454,3.145535469055176,3.395414352416992,797.484130859375,617.1239013671875
1782130821.651454,3.173095703125,3.4615588188171387,796.2305908203125,635.665771484375
1782130821.661454,3.0150837898254395,3.145535469055176,795.4249267578125,645.875244140625
1782130821.666454,3.3145711421966553,3.4615588188171387,778.672607421875,647.9876708984375
1782130821.671454,3.202493190765381,3.3017096519470215,784.696044921875,644.314697265625
1782130821.676454,3.070204257965088,3.3421313762664795,791.3184814453125,642.749267578125
1782130821.681454,3.219029188156128,3.259450912475586,800.897216796875,642.8856201171875
1782130821.686454,3.196981191635132,3.3311073780059814,802.3619384765625,641.5198974609375
1782130821.691454,3.062854766845703,3.25761342048645,798.388427734375,637.8480224609375
1782130821.696454,3.3770408630371094,3.4615588188171387,791.781494140625,631.283935546875
1782130821.701454,3.145535469055176,3.1749329566955566,808.55517578125,646.329833984375
1782130821.706454,3.110625743865967,3.25761342048645,762.8162841796875,643.89013671875
1782130821.711454,3.2318906784057617,3.145535469055176,765.8922119140625,648.8251953125
1782130821.716454,3.138185977935791,3.459721565246582,768.3128662109375,650.2611083984375
1782130821.721454,3.040806770324707,3.3311073780059814,786.6962890625,655.7674560546875
1782130821.726454,3.292523145675659,3.373366355895996,786.3564453125,652.4642333984375
1782130821.731454,3.2282159328460693,3.3549928665161133,788.2830810546875,647.44189453125
1782130821.736454,3.200655698776245,3.200655698776245,796.602294921875,646.099609375
1782130821.741454,3.2447521686553955,3.2668001651763916,779.9393310546875,686.803955078125
1782130821.746454,3.156559467315674,3.20800518989563,763.3604736328125,672.677490234375
1782130821.756465,3.156559467315674,3.351318120956421,766.906494140625,657.0048828125
1782130821.761454,3.189631700515747,3.219029188156128,806.056396484375,686.6522216796875
1782130821.766576,3.097764492034912,3.1639089584350586,792.9644775390625,680.3104248046875
1782130821.771576,3.0793910026550293,3.0738790035247803,794.2698974609375,672.32373046875
1782130821.776577,3.1712582111358643,3.5368900299072266,795.2196044921875,673.0352783203125
1782130821.786577,3.145535469055176,3.184119701385498,792.093994140625,674.11083984375
1782130821.796576,3.1363487243652344,3.248426675796509,786.75390625,675.723876953125
1782130821.806576,3.224541187286377,3.2098424434661865,792.3924560546875,668.6236572265625
1782130821.811576,3.2227039337158203,3.4284865856170654,793.033203125,667.78759765625
1782130821.816576,3.167583465576172,2.95996356010437,789.3077392578125,667.4691162109375
1782130821.821576,3.2447521686553955,3.1124632358551025,732.8111572265625,663.9364013671875
1782130821.826576,3.1583967208862305,2.9875237941741943,742.6275634765625,664.1507568359375
1782130821.831576,3.151047468185425,3.2374026775360107,747.96435546875,663.0015869140625
1782130821.836587,3.1069512367248535,3.097764492034912,753.0072021484375,661.39453125
1782130821.841576,3.086740255355835,3.1069512367248535,775.548583984375,680.0994873046875
1782130821.846576,3.1749329566955566,3.3880650997161865,773.0565185546875,679.52197265625
1782130821.851576,3.149209976196289,3.097764492034912,773.4793701171875,656.088623046875
1782130821.856576,3.0683670043945312,3.1639089584350586,777.1610107421875,656.1981201171875
1782130821.861576,3.196981191635132,3.351318120956421,785.5718994140625,674.3448486328125
1782130821.866576,3.219029188156128,3.2318906784057617,791.5152587890625,658.5179443359375
1782130821.871576,3.252101421356201,3.0940897464752197,795.5001220703125,653.94384765625
1782130821.876588,3.127161979675293,3.189631700515747,763.2027587890625,672.1260986328125
1782130821.881576,3.1289992332458496,3.1712582111358643,760.669189453125,651.740478515625
1782130821.886576,3.0830657482147217,3.1528847217559814,764.1600341796875,658.7757568359375
1782130821.891576,3.2557761669158936,3.0316200256347656,791.199462890625,668.1156005859375
1782130821.896576,3.263125419616699,3.3255951404571533,792.6112060546875,698.951416015625
1782130821.901699,3.162071466445923,3.252101421356201,757.9862060546875,658.444580078125
1782130821.906699,3.2961976528167725,3.241077423095703,770.864501953125,645.4085693359375
1782130821.91171,3.1712582111358643,3.2796616554260254,762.6219482421875,621.681884765625
1782130821.916699,3.3182458877563477,3.1804449558258057,767.048095703125,635.68017578125
1782130821.921699,3.2796616554260254,3.248426675796509,762.820068359375,639.4429931640625
1782130821.92606,3.3605048656463623,3.562612771987915,733.2791748046875,665.93017578125
1782130821.936071,3.196981191635132,3.2961976528167725,771.1602783203125,670.268798828125
1782130821.94106,3.4174625873565674,3.592010259628296,777.3541259765625,642.525634765625
1782130821.94606,3.3072218894958496,3.2227039337158203,779.1640625,642.6195068359375
1782130821.95106,3.2098424434661865,3.0683670043945312,805.5675048828125,640.01806640625
1782130821.95606,3.2153544425964355,3.483607053756714,739.999755859375,691.5950927734375
1782130821.96106,3.299872398376465,3.3990890979766846,751.766845703125,685.7132568359375
1782130821.97106,3.316408634185791,3.487281560897827,767.00439453125,665.9638671875
1782130821.97606,3.156559467315674,3.1528847217559814,787.8717041015625,659.998779296875
1782130821.981071,3.3237578868865967,3.4468600749969482,785.7608642578125,657.8499755859375
1782130821.986071,3.4854443073272705,3.586498260498047,816.0662841796875,648.78076171875
1782130821.99106,3.4229745864868164,3.2686376571655273,799.2628173828125,648.7342529296875
1782130821.99606,3.4339985847473145,3.705925703048706,745.3477783203125,669.8800048828125
1782130822.00106,3.2612881660461426,2.932403326034546,757.857666015625,672.4393310546875
1782130822.006071,3.2153544425964355,3.5240285396575928,771.04833984375,665.8599853515625
1782130822.011071,3.1069512367248535,3.1234872341156006,771.245849609375,658.10302734375
1782130822.01606,3.298035144805908,3.6930644512176514,771.3387451171875,656.9556884765625
1782130822.021071,3.3549928665161133,3.4505348205566406,780.7412109375,661.387939453125
1782130822.026071,3.1583967208862305,3.378878355026245,788.1422119140625,652.72119140625
1782130822.03106,3.2557761669158936,3.167583465576172,798.998046875,679.55029296875
1782130822.036182,3.338456630706787,3.4505348205566406,789.4434814453125,679.07763671875
1782130822.041182,3.4578840732574463,3.1933064460754395,763.1883544921875,663.4019775390625
1782130822.046182,3.4064383506774902,3.7151124477386475,766.4482421875,663.4219970703125
1782130822.051182,3.156559467315674,3.4615588188171387,772.1947021484375,662.0206298828125
1782130822.061182,3.200655698776245,3.3825528621673584,794.799072265625,648.0340576171875
1782130822.066182,3.1308367252349854,3.448697328567505,792.062744140625,646.4735107421875
1782130822.071193,3.0683670043945312,3.070204257965088,806.8099365234375,670.3834228515625
1782130822.076194,3.178607702255249,3.0389692783355713,816.8365478515625,674.5833740234375
1782130822.081182,3.362342119216919,3.516679286956787,798.14111328125,652.1695556640625
1782130822.086194,3.3586673736572266,3.5148417949676514,829.6611328125,673.2667236328125
1782130822.091182,3.2502641677856445,3.3476433753967285,798.850341796875,671.6297607421875
1782130822.096182,3.4284865856170654,3.332944631576538,816.20947265625,652.5594482421875
1782130822.101182,3.10878849029541,3.1124632358551025,788.3289794921875,648.802001953125
1782130822.106182,3.145535469055176,3.2906856536865234,790.1883544921875,648.8690185546875
1782130822.116182,3.2778241634368896,3.546076774597168,779.92529296875,656.114990234375
1782130822.121182,3.378878355026245,3.3127338886260986,779.154052734375,647.5142822265625
1782130822.126194,3.3476433753967285,3.332944631576538,831.6146240234375,656.6883544921875
1782130822.131182,3.1051137447357178,3.7886064052581787,821.4844970703125,656.8577880859375
1782130822.136194,3.2961976528167725,3.4284865856170654,815.579833984375,654.9735107421875
1782130822.141182,3.3366193771362305,3.597522497177124,777.0999755859375,640.8895263671875
1782130822.146194,3.3752036094665527,3.132673978805542,776.6646728515625,656.406005859375
1782130822.151182,3.3641796112060547,3.3641796112060547,761.1005859375,660.26123046875
1782130822.156182,3.230053186416626,2.915867328643799,784.1593017578125,679.193603515625
1782130822.166182,3.362342119216919,3.419299840927124,802.445556640625,660.3114013671875
1782130822.171316,3.4156250953674316,3.7426726818084717,802.3533935546875,667.6138916015625
1782130822.176316,3.465233564376831,3.4523720741271973,802.2958984375,654.1138916015625
1782130822.181316,3.0830657482147217,3.196981191635132,802.1185302734375,643.805419921875
1782130822.186305,3.338456630706787,3.4689083099365234,792.796142578125,640.36474609375
1782130822.191305,3.1289992332458496,3.294360399246216,832.68017578125,654.8629150390625
1782130822.196305,3.4229745864868164,3.4689083099365234,791.5050048828125,672.399169921875
1782130822.201305,3.408275842666626,3.362342119216919,794.4385986328125,669.534912109375
1782130822.206305,3.3311073780059814,3.43583607673645,791.6435546875,662.0498046875
1782130822.211305,3.332944631576538,3.4284865856170654,794.01220703125,661.1185302734375
1782130822.216305,3.3770408630371094,3.241077423095703,779.143310546875,647.486083984375
1782130822.221305,3.4064383506774902,3.2906856536865234,787.607421875,643.5792236328125
1782130822.226305,3.119812488555908,3.546076774597168,810.74755859375,667.502685546875
1782130822.231305,3.263125419616699,3.476257562637329,795.6112060546875,638.3878173828125
1782130822.236305,3.3825528621673584,3.0683670043945312,770.2017822265625,662.89013671875
1782130822.241305,3.4064383506774902,3.432161331176758,774.3656005859375,653.78515625
1782130822.246305,3.2153544425964355,3.1363487243652344,773.6708984375,652.250244140625
1782130822.251305,3.3182458877563477,3.263125419616699,762.6119384765625,624.163818359375
1782130822.256305,3.127161979675293,3.162071466445923,775.6806640625,631.5140380859375
1782130822.261305,3.2447521686553955,3.298035144805908,780.8433837890625,642.240234375
1782130822.266304,3.0904150009155273,3.0793910026550293,785.4146728515625,679.464111328125
1782130822.271305,3.2961976528167725,3.843726634979248,763.7926025390625,645.0687255859375
1782130822.276304,3.127161979675293,3.0481560230255127,759.4398193359375,643.88916015625
1782130822.286304,3.1749329566955566,3.2263786792755127,766.7982177734375,646.4476318359375
1782130822.291305,3.3880650997161865,3.2557761669158936,767.422119140625,659.167724609375
1782130822.296327,3.2686376571655273,3.671016216278076,768.1668701171875,655.297607421875
1782130822.301305,3.3127338886260986,3.3421313762664795,777.0811767578125,662.30078125
1782130822.306438,3.2906856536865234,3.2851736545562744,778.944580078125,662.175537109375
1782130822.311438,3.2263786792755127,3.0316200256347656,786.833251953125,677.0020751953125
1782130822.316438,3.248426675796509,3.173095703125,772.8973388671875,669.1292724609375
1782130822.321438,3.426649332046509,3.3072218894958496,783.253662109375,663.293212890625
1782130822.326438,3.213517189025879,3.0279452800750732,786.63134765625,645.9161376953125
1782130822.331438,3.4156250953674316,3.906196355819702,793.71923828125,633.104736328125
1782130822.336438,3.3035471439361572,3.3347818851470947,784.7864990234375,632.85400390625
1782130822.341438,3.3476433753967285,3.2851736545562744,772.4759521484375,655.025390625
1782130822.346438,3.4284865856170654,3.040806770324707,774.29150390625,645.488037109375
1782130822.351438,3.465233564376831,3.299872398376465,781.0361328125,642.6402587890625
1782130822.356438,3.138185977935791,3.1914689540863037,808.6241455078125,680.9814453125
1782130822.361438,3.310896396636963,3.351318120956421,803.0936279296875,657.0755615234375
1782130822.366438,3.2778241634368896,3.2557761669158936,806.1717529296875,645.12353515625
1782130822.371438,3.25761342048645,3.32192063331604,821.9150390625,655.732666015625
1782130822.376438,3.343968629837036,3.546076774597168,775.03955078125,645.6783447265625
1782130822.381438,3.3035471439361572,3.3660168647766113,778.531982421875,635.182373046875
1782130822.386449,3.288848400115967,3.3586673736572266,805.4190673828125,664.237548828125
1782130822.391438,3.3549928665161133,3.4211373329162598,802.69189453125,662.972412109375
1782130822.396438,3.287010908126831,3.373366355895996,790.1279296875,670.649169921875
1782130822.401438,3.3825528621673584,3.5717995166778564,786.8265380859375,667.33837890625
1782130822.406438,3.114300489425659,3.202493190765381,799.0062255859375,667.069091796875
1782130822.416438,3.2961976528167725,3.2961976528167725,792.45654296875,667.918212890625
1782130822.426438,3.3292698860168457,3.248426675796509,803.908935546875,653.2462158203125
1782130822.431449,3.2723121643066406,3.395414352416992,827.1968994140625,662.8817138671875
1782130822.436438,3.2337279319763184,3.2153544425964355,802.00390625,671.9686279296875
1782130822.44156,3.2502641677856445,3.373366355895996,800.6920166015625,675.9195556640625
1782130822.44656,3.575474262237549,3.3770408630371094,805.27490234375,661.859375
1782130822.45156,3.196981191635132,3.167583465576172,800.198974609375,651.5150146484375
1782130822.45656,3.413787841796875,3.5846610069274902,800.3671875,649.7838134765625
1782130822.46156,3.378878355026245,3.500143051147461,788.1461181640625,640.7025146484375
1782130822.46656,3.4505348205566406,3.3549928665161133,793.229248046875,631.7510986328125
1782130822.47156,3.487281560897827,3.5497515201568604,807.2578125,652.4837646484375
1782130822.476571,3.288848400115967,3.632431983947754,782.3505859375,655.6268310546875
1782130822.48156,3.4450228214263916,3.2374026775360107,784.1324462890625,652.4716796875
1782130822.48656,3.252101421356201,3.316408634185791,785.025390625,670.1959228515625
1782130822.49156,3.310896396636963,3.3752036094665527,785.0689697265625,682.163330078125
1782130822.49656,3.5185165405273438,3.47074556350708,772.7559814453125,666.1771240234375
1782130822.501571,3.343968629837036,3.5883357524871826,773.5362548828125,664.767822265625
1782130822.50656,3.0996017456054688,3.1124632358551025,778.8890380859375,661.550537109375
1782130822.51156,3.400926351547241,3.4964683055877686,818.647705078125,645.8486328125
1782130822.51656,3.246589422225952,3.432161331176758,790.3349609375,665.3150634765625
1782130822.52156,3.310896396636963,3.270474910736084,785.392333984375,646.638916015625
1782130822.53656,3.2116799354553223,3.3825528621673584,792.8916015625,645.939697265625
1782130822.54156,3.184119701385498,2.9048430919647217,809.7127685546875,664.099365234375
1782130822.54656,3.3072218894958496,3.5203537940979004,820.14208984375,681.831787109375
1782130822.55156,3.305384397506714,3.5828235149383545,786.6968994140625,657.419677734375
1782130822.556571,3.395414352416992,3.2171919345855713,786.4281005859375,648.7666015625
1782130822.56156,3.2796616554260254,3.0499935150146484,793.4996337890625,664.4217529296875
1782130822.56656,3.288848400115967,3.400926351547241,791.0238037109375,663.662109375
1782130822.57156,3.343968629837036,3.1418607234954834,802.7633056640625,647.3179931640625
1782130822.57656,3.316408634185791,3.43583607673645,781.1470947265625,660.642578125
1782130822.581682,3.413787841796875,3.4284865856170654,766.019287109375,649.075927734375
1782130822.586682,3.1712582111358643,2.965475559234619,773.63330078125,645.306640625
1782130822.591682,3.395414352416992,3.2557761669158936,792.2557373046875,685.19775390625
1782130822.596682,3.419299840927124,3.4964683055877686,795.25927734375,679.9490966796875
1782130822.601682,3.395414352416992,3.430323839187622,794.371826171875,670.713134765625
1782130822.606682,3.367854118347168,3.384390354156494,787.9329833984375,650.11572265625
1782130822.611682,3.2741496562957764,3.483607053756714,782.574462890625,641.9942626953125
1782130822.616682,3.270474910736084,3.202493190765381,790.9605712890625,659.607666015625
1782130822.621682,3.4101130962371826,3.494631052017212,799.8214111328125,640.0673828125
1782130822.626682,3.2337279319763184,3.1657462120056152,806.911865234375,714.1285400390625
1782130822.636682,3.4468600749969482,3.0536680221557617,804.07373046875,684.0611572265625
1782130822.641694,3.343968629837036,3.667341470718384,805.0537109375,671.13232421875
1782130822.646682,3.3549928665161133,3.116137981414795,800.411865234375,665.005126953125
1782130822.651682,3.316408634185791,3.3770408630371094,800.1533203125,657.4915771484375
1782130822.666693,3.384390354156494,3.4744203090667725,803.9539794921875,643.6065673828125
1782130822.671682,3.3200831413269043,3.0793910026550293,817.6822509765625,648.009033203125
1782130822.676682,3.4211373329162598,3.219029188156128,799.1046142578125,658.8231201171875
1782130822.681694,3.2961976528167725,3.419299840927124,799.252685546875,660.43310546875
1782130822.686682,3.2153544425964355,3.246589422225952,777.1121826171875,668.9566650390625
1782130822.691682,3.178607702255249,3.2796616554260254,806.3292236328125,637.233154296875
1782130822.696682,3.259450912475586,3.5424020290374756,799.005615234375,647.033935546875
1782130822.701682,3.389902353286743,3.349480628967285,800.4959716796875,685.0513916015625
1782130822.706682,3.1749329566955566,3.1933064460754395,749.0146484375,656.0908203125
1782130822.711694,3.3586673736572266,3.1051137447357178,737.3160400390625,670.34716796875
1782130822.716693,3.345806121826172,3.4450228214263916,797.0224609375,653.0167236328125
1782130822.721816,3.1124632358551025,3.400926351547241,797.306396484375,648.72021484375
1782130822.726804,3.3237578868865967,3.5938477516174316,764.790771484375,705.3758544921875
1782130822.731805,3.4046010971069336,3.5093297958374023,778.8873291015625,666.5291748046875
1782130822.736804,3.3255951404571533,3.4964683055877686,789.2000732421875,675.3433837890625
1782130822.741805,3.32192063331604,3.4615588188171387,793.801513671875,664.028564453125
1782130822.746804,3.25761342048645,3.7849316596984863,794.5994873046875,664.4639892578125
1782130822.751805,3.608546495437622,3.770232915878296,764.79443359375,633.9866943359375
1782130822.756805,3.395414352416992,3.2337279319763184,724.3668212890625,722.3765869140625
1782130822.761816,3.196981191635132,3.362342119216919,800.857666015625,661.1478271484375
1782130822.766805,3.4211373329162598,3.4101130962371826,789.4114990234375,671.2589111328125
1782130822.771816,3.489119052886963,3.1639089584350586,782.4697265625,653.388427734375
1782130822.776805,3.3641796112060547,3.483607053756714,809.50390625,660.3099365234375
1782130822.781805,3.2796616554260254,3.3292698860168457,771.4730224609375,662.1171875
1782130822.786805,3.3917396068573,3.454209327697754,818.6612548828125,669.3480224609375
1782130822.791805,3.281498908996582,3.3880650997161865,797.593505859375,658.500732421875
1782130822.796816,3.1988184452056885,3.4615588188171387,759.3729248046875,648.0191650390625
1782130822.801805,3.299872398376465,3.5883357524871826,803.6883544921875,661.6446533203125
1782130822.806816,3.4670708179473877,3.884148359298706,737.6407470703125,659.9110107421875
1782130822.811805,3.2171919345855713,3.384390354156494,751.5289306640625,647.8155517578125
1782130822.816816,3.4101130962371826,3.400926351547241,752.536376953125,651.5623779296875
1782130822.826805,3.3660168647766113,3.47074556350708,739.4642333984375,654.54052734375
1782130822.831816,3.6930644512176514,3.630594491958618,685.208251953125,662.6029052734375
1782130822.836805,3.248426675796509,2.919541835784912,793.1083984375,644.5672607421875
1782130822.841805,3.386227607727051,3.476257562637329,775.9893798828125,674.26171875
1782130822.846938,3.516679286956787,3.196981191635132,772.7484130859375,678.9652099609375
1782130822.851938,3.299872398376465,3.4964683055877686,771.2930908203125,677.6756591796875
1782130822.856938,3.196981191635132,3.298035144805908,758.9873046875,669.4395751953125
1782130822.861938,3.395414352416992,3.241077423095703,766.1864013671875,658.32177734375
1782130822.866938,3.4689083099365234,3.465233564376831,763.91455078125,660.3677978515625
1782130822.871938,3.6361067295074463,3.821678638458252,768.9127197265625,658.0225830078125
1782130822.876938,3.3715288639068604,3.626919984817505,769.6484375,655.708984375
1782130822.881938,3.3237578868865967,3.637943983078003,817.654052734375,669.2799072265625
1782130822.886938,3.3145711421966553,3.476257562637329,806.385986328125,671.9532470703125
1782130822.891938,3.5901730060577393,3.538727283477783,699.29833984375,654.896484375
1782130822.896938,3.2851736545562744,3.160234212875366,728.3897705078125,653.1614990234375
1782130822.901938,3.1528847217559814,3.6508054733276367,786.9473876953125,659.716064453125
1782130822.906938,3.4615588188171387,3.5497515201568604,717.6724853515625,662.162841796875
1782130822.911938,3.5130045413970947,3.3825528621673584,721.741455078125,630.9842529296875
1782130822.916938,3.288848400115967,3.384390354156494,794.9912109375,680.90576171875
1782130822.926938,3.430323839187622,3.051830768585205,768.582275390625,666.2354736328125
1782130822.931938,3.219029188156128,3.3090591430664062,764.1431884765625,660.3712158203125
1782130822.936938,3.378878355026245,3.2282159328460693,756.865478515625,654.42138671875
1782130822.941938,3.465233564376831,3.3366193771362305,708.4490966796875,658.5244140625
1782130822.946938,3.4046010971069336,3.5552635192871094,786.7593994140625,641.72314453125
1782130822.951938,3.448697328567505,3.292523145675659,785.603759765625,660.0823974609375
1782130822.956938,3.2153544425964355,3.1639089584350586,781.327392578125,659.156494140625
1782130822.961938,3.432161331176758,3.5019803047180176,709.008056640625,674.7412109375
1782130822.966938,3.637943983078003,3.340294122695923,710.86669921875,678.2440185546875
1782130822.971938,3.288848400115967,3.040806770324707,792.085693359375,671.31884765625
1782130822.976938,3.3935770988464355,3.5093297958374023,795.980712890625,672.0020751953125
1782130822.98206,3.3347818851470947,3.432161331176758,746.683349609375,641.655029296875
1782130822.98706,3.3072218894958496,3.310896396636963,783.1297607421875,638.45166015625
1782130822.99206,3.189631700515747,3.288848400115967,778.470703125,657.509521484375
1782130822.99706,3.3366193771362305,3.259450912475586,775.192138671875,641.7435302734375
1782130823.00206,3.3770408630371094,3.070204257965088,760.5718994140625,693.91357421875
1782130823.00706,3.413787841796875,3.343968629837036,787.2393798828125,648.8360595703125
1782130823.01206,3.3072218894958496,3.3549928665161133,786.806396484375,653.255859375
1782130823.01706,3.3660168647766113,3.3990890979766846,796.2843017578125,652.492919921875
1782130823.02206,3.443185329437256,3.4615588188171387,783.097412109375,637.4893798828125
1782130823.02706,3.351318120956421,3.316408634185791,789.1500244140625,649.8575439453125
1782130823.03206,3.0499935150146484,3.219029188156128,724.638916015625,649.207763671875
1782130823.03706,3.3035471439361572,3.127161979675293,737.45458984375,653.9761962890625
1782130823.04206,3.305384397506714,3.092252492904663,800.9990234375,659.4141845703125
1782130823.04706,3.2557761669158936,3.2263786792755127,758.3055419921875,664.8214111328125
1782130823.05206,3.50565505027771,3.3696916103363037,764.3538818359375,656.9375
1782130823.06206,3.189631700515747,3.086740255355835,770.248046875,658.282958984375
1782130823.067071,3.4578840732574463,3.4211373329162598,772.2059326171875,652.6824951171875
1782130823.07206,3.0940897464752197,3.443185329437256,775.7694091796875,650.3509521484375
1782130823.07706,3.189631700515747,3.2116799354553223,775.5621337890625,652.9234619140625
1782130823.08206,3.408275842666626,3.253938674926758,761.2679443359375,646.5396728515625
1782130823.087071,3.384390354156494,3.389902353286743,770.108642578125,647.050048828125
1782130823.09206,3.264962911605835,3.349480628967285,806.058837890625,668.199462890625
1782130823.09706,3.4339985847473145,3.340294122695923,806.0250244140625,668.1298828125
1782130823.10206,3.351318120956421,3.5534260272979736,804.3878173828125,666.8310546875
1782130823.107071,3.3127338886260986,3.564450263977051,783.3529052734375,655.633056640625
1782130823.11206,3.259450912475586,3.7426726818084717,789.409423828125,664.185791015625
1782130823.117182,3.10878849029541,3.378878355026245,836.625,653.346435546875
1782130823.122182,3.2098424434661865,3.694901704788208,850.76708984375,685.9781494140625
1782130823.127182,3.459721565246582,3.3200831413269043,841.777587890625,698.7476806640625
1782130823.132182,3.32192063331604,3.5424020290374756,843.416015625,699.0111083984375
1782130823.142182,3.362342119216919,3.3752036094665527,843.3238525390625,695.43994140625
1782130823.152182,3.287010908126831,3.4725828170776367,854.9849853515625,697.06982421875
1782130823.157182,3.1418607234954834,3.3072218894958496,832.449951171875,712.0277099609375
1782130823.162194,3.270474910736084,3.5240285396575928,849.08349609375,672.4541015625
1782130823.167182,3.61957049369812,3.735323190689087,834.0009765625,681.8563232421875
1782130823.172182,3.4909563064575195,3.597522497177124,820.3575439453125,663.455810546875
1782130823.177182,3.252101421356201,3.6875522136688232,812.954345703125,677.0595703125
1782130823.182182,3.402763843536377,3.729811191558838,848.335693359375,707.228515625
1782130823.187182,3.310896396636963,3.305384397506714,829.319091796875,678.9671630859375
1782130823.192194,3.160234212875366,3.4046010971069336,827.3515625,686.8624267578125
1782130823.197182,3.35683012008667,3.1859569549560547,849.8709716796875,691.2440185546875
1782130823.202182,3.1363487243652344,3.4064383506774902,847.2564697265625,689.1219482421875
1782130823.207182,3.1749329566955566,3.1877944469451904,849.3717041015625,683.494384765625
1782130823.212182,3.2263786792755127,3.1749329566955566,860.55322265625,683.9010009765625
1782130823.217182,3.2374026775360107,3.481769561767578,851.43505859375,680.7913818359375
1782130823.227194,3.4156250953674316,3.9172205924987793,851.0323486328125,678.982177734375
1782130823.232182,3.2612881660461426,3.1583967208862305,847.212646484375,669.9908447265625
1782130823.237182,3.327432632446289,3.4211373329162598,834.9322509765625,673.805908203125
1782130823.242182,3.3880650997161865,3.707763195037842,838.056396484375,683.3973388671875
1782130823.247194,3.281498908996582,3.47074556350708,812.6131591796875,665.4542236328125
1782130823.252305,3.402763843536377,3.3917396068573,815.8206787109375,676.5030517578125
1782130823.257305,3.351318120956421,3.2153544425964355,832.37353515625,670.5750732421875
1782130823.262305,3.4229745864868164,3.252101421356201,847.193115234375,653.0455322265625
1782130823.267305,3.437673330307007,3.196981191635132,844.5982666015625,671.0634765625
1782130823.282305,3.3825528621673584,3.4339985847473145,824.4188232421875,677.3875732421875
1782130823.287305,3.332944631576538,3.299872398376465,817.765869140625,668.6463623046875
1782130823.292305,3.5717995166778564,3.419299840927124,838.9837646484375,655.0174560546875
1782130823.297305,3.400926351547241,3.9392685890197754,827.6351318359375,651.3236083984375
1782130823.302316,3.4615588188171387,3.50565505027771,770.5684814453125,676.7933349609375
1782130823.307316,3.43583607673645,3.351318120956421,776.626953125,657.629638671875
1782130823.312304,3.305384397506714,3.430323839187622,743.6090087890625,677.3809814453125
1782130823.317305,3.3696916103363037,3.316408634185791,769.6005859375,642.40625
1782130823.322316,3.529540538787842,2.9691503047943115,717.6123046875,661.9857177734375
1782130823.327305,3.3255951404571533,3.682040214538574,765.449462890625,645.872314453125
1782130823.332304,3.516679286956787,3.443185329437256,792.195068359375,648.1595458984375
1782130823.342305,3.373366355895996,3.402763843536377,799.6673583984375,660.30517578125
1782130823.347305,3.2227039337158203,3.281498908996582,745.906982421875,643.9542236328125
1782130823.352316,3.5534260272979736,3.154722213745117,799.439208984375,681.5567626953125
1782130823.357305,3.5093297958374023,3.397251844406128,796.9566650390625,676.3782958984375
1782130823.362305,3.4927937984466553,3.4505348205566406,800.5247802734375,668.483642578125
1782130823.367305,3.3182458877563477,3.219029188156128,811.0443115234375,699.4517822265625
1782130823.377305,3.4505348205566406,3.5993597507476807,809.19140625,674.2679443359375
1782130823.382316,3.4211373329162598,3.219029188156128,797.413818359375,683.1773681640625
1782130823.387449,3.1583967208862305,3.1822822093963623,784.5367431640625,692.4541015625
1782130823.402438,3.178607702255249,3.2723121643066406,788.2325439453125,682.4639892578125
1782130823.407438,3.167583465576172,3.248426675796509,786.8572998046875,670.4522705078125
1782130823.412449,3.395414352416992,3.568124771118164,796.4708251953125,662.876220703125
1782130823.417438,3.3935770988464355,3.7371606826782227,803.304931640625,650.86767578125
1782130823.422438,3.43583607673645,3.4211373329162598,800.3485107421875,654.12646484375
1782130823.427438,3.206167697906494,3.5552635192871094,807.1832275390625,661.8975830078125
1782130823.432438,3.430323839187622,3.4505348205566406,786.2734375,686.57421875
1782130823.437438,3.25761342048645,3.2723121643066406,794.4022216796875,674.19580078125
1782130823.442438,3.3696916103363037,3.2778241634368896,796.854736328125,670.075439453125
1782130823.447438,3.511167049407959,3.270474910736084,797.21923828125,667.630615234375
1782130823.452438,3.373366355895996,3.6397812366485596,808.943603515625,673.1800537109375
1782130823.457438,3.481769561767578,3.626919984817505,800.2752685546875,662.821044921875
1782130823.462438,3.35683012008667,3.4780948162078857,838.6636962890625,685.2872314453125
1782130823.467438,3.384390354156494,3.3917396068573,827.435546875,694.4329833984375
1782130823.472438,3.4395105838775635,3.4211373329162598,829.0819091796875,722.51806640625
1782130823.477438,3.2741496562957764,3.2447521686553955,807.504638671875,699.47705078125
1782130823.482438,3.0849030017852783,3.119812488555908,882.3763427734375,739.4398193359375
1782130823.487438,3.2337279319763184,3.3880650997161865,850.734375,717.7249755859375
1782130823.492438,3.1418607234954834,3.1859569549560547,858.0377197265625,734.5880126953125
1782130823.497438,3.2116799354553223,3.305384397506714,851.7064208984375,729.71826171875
1782130823.502438,3.2741496562957764,3.465233564376831,824.4322509765625,689.0059814453125
1782130823.507438,3.1418607234954834,3.47074556350708,833.0499267578125,691.532470703125
1782130823.512438,3.116137981414795,2.9581260681152344,888.37353515625,706.03125
1782130823.517438,3.343968629837036,3.200655698776245,864.9788818359375,706.1474609375
1782130823.52256,3.2116799354553223,3.1712582111358643,878.638427734375,716.5531005859375
1782130823.52756,3.4615588188171387,3.4395105838775635,840.1046142578125,716.4554443359375
1782130823.53256,3.2116799354553223,3.219029188156128,864.5538330078125,708.84716796875
1782130823.537571,3.202493190765381,3.1418607234954834,802.5218505859375,708.1851806640625
1782130823.54256,3.103276491165161,3.3531553745269775,810.489501953125,708.0826416015625
1782130823.54756,3.246589422225952,3.4689083099365234,838.870849609375,720.2520751953125
1782130823.55256,3.476257562637329,3.6103837490081787,831.44775390625,712.969482421875
1782130823.55756,3.2723121643066406,3.5901730060577393,838.848388671875,715.20703125
1782130823.56256,3.3090591430664062,3.586498260498047,843.7293701171875,721.8250732421875
1782130823.56756,3.557100772857666,3.4854443073272705,835.1722412109375,700.8992919921875
1782130823.57256,3.2043304443359375,3.154722213745117,843.5045166015625,713.9637451171875
1782130823.57756,3.195143699645996,3.5313780307769775,834.8082275390625,695.991455078125
1782130823.58256,3.2668001651763916,3.5148417949676514,841.4512939453125,695.6466064453125
1782130823.58756,3.178607702255249,3.219029188156128,858.8994140625,710.764892578125
1782130823.59256,3.3127338886260986,3.288848400115967,866.3875732421875,706.2623291015625
1782130823.59756,3.1694209575653076,3.4156250953674316,852.340087890625,713.366943359375
1782130823.60256,3.343968629837036,3.167583465576172,864.4619140625,707.6724853515625
1782130823.60756,3.1712582111358643,3.3090591430664062,870.0166015625,707.20458984375
1782130823.61256,3.345806121826172,3.241077423095703,867.6619873046875,698.605224609375
1782130823.61756,3.2723121643066406,3.086740255355835,861.08056640625,696.3902587890625
1782130823.622571,3.533215284347534,3.4174625873565674,840.4251708984375,697.535400390625
1782130823.627571,3.2851736545562744,3.1234872341156006,854.9139404296875,701.766845703125
1782130823.63256,3.3035471439361572,2.954451560974121,850.8209228515625,705.4005126953125
1782130823.63756,3.299872398376465,3.189631700515747,822.4803466796875,698.61865234375
1782130823.64256,3.1988184452056885,3.1859569549560547,825.182861328125,704.109130859375
1782130823.64756,3.178607702255249,3.097764492034912,826.2977294921875,705.53564453125
1782130823.65256,3.3660168647766113,3.580986261367798,841.962890625,698.9779052734375
1782130823.657693,3.4046010971069336,3.2282159328460693,844.6610107421875,711.6173095703125
1782130823.662682,3.6287572383880615,3.2263786792755127,847.398681640625,712.08154296875
1782130823.667693,3.384390354156494,3.332944631576538,847.82421875,712.57861328125
1782130823.672693,3.516679286956787,3.632431983947754,794.9825439453125,641.4674072265625
1782130823.677682,3.6912269592285156,3.851076126098633,748.15087890625,652.9561767578125
1782130823.682682,3.3641796112060547,3.2906856536865234,767.148681640625,630.575927734375
1782130823.687682,3.2778241634368896,3.538727283477783,767.4256591796875,620.013427734375
1782130823.692682,3.5185165405273438,3.5497515201568604,688.8428955078125,665.0303955078125
1782130823.697682,3.6103837490081787,3.430323839187622,685.8062744140625,653.3865966796875
1782130823.702682,3.419299840927124,3.7261364459991455,739.549072265625,693.188232421875
1782130823.707682,3.6011970043182373,3.884148359298706,776.7373046875,646.861572265625
1782130823.712682,3.573637008666992,3.7592086791992188,795.9957275390625,653.5987548828125
1782130823.717682,3.5313780307769775,3.6416187286376953,785.965087890625,663.364501953125
1782130823.722682,3.4505348205566406,3.873124122619629,784.53515625,656.278564453125
1782130823.727682,3.395414352416992,3.6122212409973145,785.6448974609375,660.2227783203125
1782130823.732682,3.3917396068573,3.516679286956787,780.5118408203125,662.572509765625
1782130823.737682,3.487281560897827,3.8069796562194824,793.0391845703125,661.2138671875
1782130823.742693,3.6342692375183105,3.8253531455993652,749.391845703125,597.15673828125
1782130823.747682,3.5956850051879883,3.814329147338867,814.7564697265625,646.8277587890625
1782130823.752682,3.362342119216919,3.3990890979766846,785.188720703125,649.65625
1782130823.757682,3.338456630706787,3.4725828170776367,768.3326416015625,669.830078125
1782130823.762693,3.5313780307769775,3.7261364459991455,781.511474609375,654.7562255859375
1782130823.767682,3.294360399246216,3.678365468978882,737.4017333984375,655.3739013671875
1782130823.772682,3.373366355895996,3.648967981338501,746.7548828125,656.93798828125
1782130823.777682,3.4339985847473145,3.6361067295074463,760.1932373046875,658.705078125
1782130823.782682,3.535052537918091,3.7224619388580322,801.9720458984375,682.4097900390625
1782130823.787682,3.511167049407959,3.5424020290374756,786.2044677734375,679.5943603515625
1782130823.792804,3.230053186416626,3.551588773727417,780.9822998046875,652.784912109375
1782130823.797805,3.516679286956787,3.8804736137390137,781.2156982421875,656.004150390625
1782130823.802693,3.4725828170776367,3.557100772857666,737.8060302734375,640.043701171875
1782130823.807805,3.395414352416992,3.395414352416992,818.3468017578125,652.565185546875
1782130823.812805,3.781256914138794,3.924569845199585,735.3587646484375,664.45263671875
1782130823.817805,3.8253531455993652,3.8878228664398193,746.1435546875,667.135498046875
1782130823.822805,3.167583465576172,3.213517189025879,828.643798828125,677.4993896484375
1782130823.827816,3.4174625873565674,3.7886064052581787,728.0377197265625,662.81982421875
1782130823.832805,3.538727283477783,3.630594491958618,771.922119140625,644.9775390625
1782130823.837805,3.6361067295074463,3.689389705657959,718.203125,677.51904296875
1782130823.842805,3.400926351547241,3.5938477516174316,804.5537109375,658.75927734375
1782130823.847805,3.630594491958618,3.906196355819702,797.0379638671875,657.55224609375
1782130823.852805,3.4578840732574463,3.8474013805389404,792.2308349609375,658.65234375
1782130823.857805,3.665504217147827,3.7426726818084717,786.1075439453125,654.407470703125
1782130823.862805,3.6177332401275635,3.592010259628296,775.99658203125,653.9783935546875
1782130823.867805,3.3072218894958496,3.4744203090667725,772.57568359375,647.15185546875
1782130823.872816,3.50565505027771,3.5074925422668457,712.56005859375,668.169677734375
1782130823.877805,3.626919984817505,3.408275842666626,723.6080322265625,660.2525634765625
1782130823.882816,3.362342119216919,3.625082492828369,726.8802490234375,659.1444091796875
1782130823.887827,3.2263786792755127,3.275986909866333,768.72900390625,659.6109619140625
1782130823.892805,3.568124771118164,3.7426726818084717,705.4727783203125,691.524169921875
1782130823.897804,3.5093297958374023,3.6526427268981934,726.7103271484375,674.4664306640625
1782130823.902805,3.5368900299072266,3.7592086791992188,740.5572509765625,676.64453125
1782130823.907804,3.5846610069274902,3.349480628967285,743.26904296875,668.97119140625
1782130823.912816,3.5442392826080322,3.7445099353790283,703.634033203125,684.3961181640625
1782130823.917816,3.630594491958618,3.481769561767578,754.3814697265625,674.2156982421875
1782130823.927938,3.378878355026245,3.349480628967285,752.05712890625,679.106689453125
1782130823.932938,3.535052537918091,3.4119505882263184,721.493408203125,653.8248291015625
1782130823.937938,3.7592086791992188,3.6636667251586914,741.11328125,680.8594970703125
1782130823.942938,3.522191286087036,3.538727283477783,750.4862060546875,693.532470703125
1782130823.947938,3.6342692375183105,3.5699622631073,765.5975341796875,669.041259765625
1782130823.952938,3.4505348205566406,3.851076126098633,750.1812744140625,665.35302734375
1782130823.962949,3.3990890979766846,3.075716257095337,785.923828125,662.552001953125
1782130823.967938,3.551588773727417,3.4284865856170654,767.23583984375,668.6795654296875
1782130823.972938,3.4064383506774902,3.424811840057373,768.0533447265625,662.3558349609375
1782130823.977938,3.6930644512176514,3.676528215408325,784.76708984375,651.104736328125
1782130823.982938,3.43583607673645,3.494631052017212,758.8128662109375,658.965576171875
1782130823.987938,3.4211373329162598,3.511167049407959,681.058837890625,641.3743896484375
1782130823.992938,3.430323839187622,3.378878355026245,766.9891357421875,696.8759765625
1782130823.997938,3.5313780307769775,3.489119052886963,762.5965576171875,689.135986328125
1782130824.002938,3.47074556350708,3.5717995166778564,798.5030517578125,682.021728515625
1782130824.007938,3.854750633239746,3.735323190689087,777.9327392578125,639.545166015625
1782130824.012938,3.5607755184173584,3.568124771118164,813.597412109375,649.1263427734375
1782130824.017938,3.373366355895996,3.533215284347534,808.5982666015625,628.7340087890625
1782130824.022938,3.5038177967071533,3.4964683055877686,743.6224365234375,623.8812255859375
1782130824.027938,3.6177332401275635,3.6526427268981934,793.746337890625,614.033447265625
1782130824.032938,3.643455982208252,3.7261364459991455,788.6832275390625,662.3118896484375
1782130824.037938,3.551588773727417,3.6526427268981934,774.9588623046875,619.66259765625
1782130824.042938,3.4560468196868896,3.5130045413970947,779.43017578125,614.5010986328125
1782130824.047938,3.4211373329162598,3.4560468196868896,847.4056396484375,666.456298828125
1782130824.057938,3.4670708179473877,3.6930644512176514,830.0030517578125,665.73486328125
1782130824.063071,3.32192063331604,2.965475559234619,859.73095703125,629.797607421875
1782130824.06806,3.349480628967285,3.494631052017212,851.1614990234375,627.7418212890625
1782130824.07306,3.4505348205566406,3.648967981338501,748.0374755859375,620.8114013671875
1782130824.07806,3.219029188156128,3.4174625873565674,775.3140869140625,610.1522216796875
1782130824.08806,3.4560468196868896,3.676528215408325,814.9644775390625,620.3997802734375
1782130824.09806,3.202493190765381,3.6967389583587646,819.564208984375,652.1485595703125
1782130824.10306,3.408275842666626,3.71878719329834,775.7774658203125,625.38525390625
1782130824.10806,3.3017096519470215,3.516679286956787,783.78173828125,603.634521484375
1782130824.11306,3.389902353286743,3.7389979362487793,779.8448486328125,615.6705322265625
1782130824.11806,3.402763843536377,3.7040884494781494,787.59423828125,625.1953125
1782130824.12806,3.5203537940979004,3.5203537940979004,808.9813232421875,634.4271240234375
1782130824.13806,3.4689083099365234,3.4689083099365234,790.2427978515625,607.43359375
1782130824.14306,3.3549928665161133,3.5938477516174316,829.78515625,661.506591796875
1782130824.14806,3.71878719329834,3.5699622631073,805.283203125,639.697265625
1782130824.15306,3.3605048656463623,3.7665581703186035,802.3492431640625,633.6053466796875
1782130824.15806,3.6122212409973145,3.608546495437622,808.5135498046875,624.7108154296875
1782130824.16306,3.6232452392578125,3.5773115158081055,821.723876953125,628.328369140625
1782130824.16806,3.7040884494781494,3.7592086791992188,750.4085693359375,560.3292236328125
1782130824.173071,3.3935770988464355,3.533215284347534,704.4300537109375,564.2584228515625
1782130824.17806,3.5074925422668457,3.5699622631073,705.0264892578125,578.9962158203125
1782130824.18306,3.803305149078369,3.8804736137390137,751.5325927734375,579.8980712890625
1782130824.18806,3.575474262237549,4.115653991699219,737.562255859375,581.6517333984375
1782130824.19306,3.7739076614379883,3.851076126098633,744.74951171875,580.628173828125
1782130824.198182,3.546076774597168,3.854750633239746,743.426513671875,584.1407470703125
1782130824.203182,3.6985764503479004,3.6287572383880615,755.843505859375,560.864501953125
1782130824.208194,3.6930644512176514,3.843726634979248,816.81591796875,587.970458984375
1782130824.213182,3.608546495437622,3.8180038928985596,824.015869140625,551.546875
1782130824.218182,3.6526427268981934,4.023786544799805,787.7322998046875,574.429931640625
1782130824.223182,3.5479140281677246,3.9208950996398926,763.773193359375,663.165771484375
1782130824.233193,3.5938477516174316,3.913545846939087,783.93212890625,616.9483642578125
1782130824.238182,3.7592086791992188,3.8657748699188232,845.4688720703125,568.8839111328125
1782130824.243182,3.757371425628662,3.7610461711883545,902.916748046875,604.7586669921875
1782130824.248182,3.7279739379882812,3.9319193363189697,876.6085205078125,571.115966796875
1782130824.253182,3.6746909618377686,3.5846610069274902,834.6026611328125,590.052001953125
1782130824.263182,3.7040884494781494,3.7849316596984863,827.3746337890625,564.65625
1782130824.268182,3.4799323081970215,3.7849316596984863,844.2677001953125,586.6055908203125
1782130824.273182,3.6802029609680176,3.6158957481384277,845.7154541015625,584.1412353515625
1782130824.278182,3.8290278911590576,3.757371425628662,838.6300048828125,579.6856689453125
1782130824.283182,3.5846610069274902,3.7334859371185303,874.2708740234375,568.245849609375
1782130824.288193,3.6967389583587646,3.895172357559204,851.1427001953125,594.039306640625
1782130824.293194,3.7389979362487793,3.7279739379882812,832.2650146484375,585.498291015625
1782130824.298182,3.7261364459991455,3.7261364459991455,895.790283203125,586.302734375
1782130824.303182,3.575474262237549,3.8069796562194824,842.76611328125,562.7498779296875
1782130824.313182,3.7592086791992188,3.6563174724578857,855.3037109375,590.9766845703125
1782130824.318182,3.7040884494781494,3.7775821685791016,852.6041259765625,590.6673583984375
1782130824.323182,3.7481846809387207,3.8988471031188965,852.920654296875,586.2459716796875
1782130824.328182,3.8584253787994385,3.873124122619629,900.7757568359375,546.412109375
1782130824.333316,3.6967389583587646,3.5901730060577393,881.791015625,558.8177490234375
1782130824.338305,3.614058494567871,3.5828235149383545,879.823974609375,562.1353759765625
1782130824.343305,3.7959556579589844,3.626919984817505,819.97900390625,598.38330078125
1782130824.348305,3.6581547260284424,3.648967981338501,856.2908935546875,591.218505859375
1782130824.358305,3.7096004486083984,3.6158957481384277,856.8675537109375,586.6802978515625
1782130824.363305,3.814329147338867,3.821678638458252,830.3720703125,558.8609619140625
1782130824.368304,3.5993597507476807,3.4927937984466553,847.2701416015625,599.1856689453125
1782130824.373305,3.8290278911590576,3.671016216278076,843.4908447265625,536.8314208984375
1782130824.378304,3.6636667251586914,3.71878719329834,830.2178955078125,559.530517578125
1782130824.383305,3.8290278911590576,3.7996304035186768,821.9349365234375,567.188720703125
1782130824.388304,3.7279739379882812,3.6636667251586914,817.623046875,566.861083984375
1782130824.393305,3.7224619388580322,3.6857149600982666,821.016845703125,565.3714599609375
1782130824.398305,3.707763195037842,3.626919984817505,835.7567138671875,556.5323486328125
1782130824.403305,3.7481846809387207,3.511167049407959,810.30908203125,576.22607421875
1782130824.408305,3.643455982208252,3.6416187286376953,812.28076171875,571.9775390625
1782130824.413305,3.483607053756714,3.568124771118164,822.411865234375,572.951171875
1782130824.418305,3.7665581703186035,3.854750633239746,826.4732666015625,551.7818603515625
1782130824.423305,3.682040214538574,3.678365468978882,827.1580810546875,553.54736328125
1782130824.428305,3.6416187286376953,3.586498260498047,860.641845703125,556.6171875
1782130824.438305,3.597522497177124,3.483607053756714,844.794921875,544.7933349609375
1782130824.448305,3.5883357524871826,3.6287572383880615,823.316650390625,564.016357421875
1782130824.458305,3.516679286956787,3.540564775466919,857.1575927734375,592.997802734375
1782130824.463305,3.705925703048706,3.5313780307769775,851.2587890625,617.6661376953125
1782130824.468427,3.564450263977051,3.432161331176758,851.4246826171875,589.8302001953125
1782130824.473427,3.4284865856170654,3.437673330307007,856.8697509765625,591.260009765625
1782130824.478438,3.643455982208252,3.5552635192871094,854.4169921875,590.3658447265625
1782130824.483427,3.7426726818084717,3.5093297958374023,834.7469482421875,650.78466796875
1782130824.488427,3.489119052886963,3.511167049407959,884.2869873046875,584.0926513671875
1782130824.493427,3.580986261367798,3.432161331176758,870.112060546875,588.807861328125
1782130824.498427,3.4725828170776367,3.3880650997161865,867.056640625,593.829345703125
1782130824.503427,3.5424020290374756,3.4927937984466553,843.5118408203125,626.4151611328125
1782130824.508427,3.373366355895996,3.4633960723876953,851.140625,623.348876953125
1782130824.513438,3.454209327697754,3.441348075866699,849.199462890625,638.567138671875
1782130824.518427,3.3990890979766846,3.4284865856170654,857.1513671875,621.3121337890625
1782130824.523427,3.4505348205566406,3.597522497177124,856.009765625,632.8533935546875
1782130824.528427,3.4780948162078857,3.6158957481384277,858.3316650390625,626.7354736328125
1782130824.533427,3.4450228214263916,3.4211373329162598,870.8184814453125,577.8779296875
1782130824.538427,3.4064383506774902,3.529540538787842,851.6812744140625,605.5167236328125
1782130824.543427,3.4523720741271973,3.5185165405273438,854.44921875,604.604248046875
1782130824.548427,3.340294122695923,3.413787841796875,851.813232421875,603.1295166015625
1782130824.553427,3.3660168647766113,3.310896396636963,854.379150390625,596.7010498046875
1782130824.558427,3.540564775466919,3.386227607727051,880.9622802734375,599.937255859375
1782130824.563449,3.441348075866699,3.5313780307769775,848.5897216796875,595.2379150390625
1782130824.568427,3.3476433753967285,3.2686376571655273,887.763671875,591.0819091796875
1782130824.573427,3.3752036094665527,3.2337279319763184,848.7166748046875,623.4644775390625
1782130824.578427,3.373366355895996,3.305384397506714,845.9521484375,600.6103515625
1782130824.583438,3.4633960723876953,3.35683012008667,848.3179931640625,581.6292724609375
1782130824.593438,3.206167697906494,3.3880650997161865,863.06103515625,563.3853759765625
1782130824.598427,3.430323839187622,3.32192063331604,859.5621337890625,572.8511962890625
1782130824.60356,3.2778241634368896,3.3990890979766846,853.7821044921875,551.58740234375
1782130824.60856,3.4339985847473145,3.386227607727051,911.190185546875,568.4537353515625
1782130824.61356,3.281498908996582,3.5607755184173584,892.66552734375,572.663818359375
1782130824.62356,3.3292698860168457,3.299872398376465,858.9364013671875,572.3477783203125
1782130824.62856,3.2282159328460693,3.3715288639068604,827.1728515625,553.5946044921875
1782130824.63356,3.384390354156494,3.2392399311065674,846.028564453125,555.118896484375
1782130824.63856,3.50565505027771,3.4505348205566406,833.3720703125,603.65576171875
1782130824.64356,3.162071466445923,3.2851736545562744,833.796142578125,595.305908203125
1782130824.64856,3.3127338886260986,3.351318120956421,836.56591796875,585.8934326171875
1782130824.65356,3.432161331176758,3.386227607727051,828.6697998046875,608.33154296875
1782130824.658571,3.4983057975769043,3.362342119216919,856.31787109375,569.10888671875
1782130824.66356,3.459721565246582,3.5497515201568604,853.2822265625,596.880859375
1782130824.66856,3.432161331176758,3.489119052886963,873.2696533203125,578.773193359375
1782130824.67356,3.252101421356201,3.3752036094665527,868.2598876953125,577.9241943359375
1782130824.67856,3.248426675796509,3.305384397506714,857.3446044921875,571.8292236328125
1782130824.68356,3.3237578868865967,3.4229745864868164,847.3349609375,590.5975341796875
1782130824.68856,3.3035471439361572,3.3715288639068604,843.0687255859375,592.576416015625
1782130824.693571,3.4229745864868164,3.189631700515747,826.9150390625,617.4093017578125
1782130824.69856,3.402763843536377,3.516679286956787,850.0753173828125,545.16650390625
1782130824.70356,3.3696916103363037,3.4174625873565674,833.898193359375,584.32861328125
1782130824.70856,3.441348075866699,3.4064383506774902,827.765625,645.3466796875
1782130824.71356,3.402763843536377,3.3347818851470947,873.775634765625,558.5721435546875
1782130824.72356,3.4395105838775635,3.2961976528167725,842.19384765625,555.81982421875
1782130824.72856,3.4633960723876953,3.3807156085968018,854.2188720703125,563.42138671875
1782130824.73356,3.351318120956421,3.395414352416992,881.1885986328125,559.9974365234375
1782130824.738682,3.3182458877563477,3.2227039337158203,869.7705078125,589.29638671875
1782130824.743682,3.3090591430664062,3.3990890979766846,862.663330078125,577.47119140625
1782130824.748682,3.178607702255249,3.316408634185791,857.520751953125,578.4501953125
1782130824.753682,3.465233564376831,3.2796616554260254,839.6046142578125,575.1610107421875
1782130824.758682,3.454209327697754,3.332944631576538,835.2718505859375,571.2412109375
1782130824.763682,3.448697328567505,3.3531553745269775,812.9560546875,605.9637451171875
1782130824.768682,3.637943983078003,3.3990890979766846,846.090576171875,529.055908203125
1782130824.773682,3.389902353286743,3.32192063331604,845.1357421875,564.454833984375
1782130824.778682,3.3127338886260986,3.349480628967285,900.468994140625,589.140380859375
1782130824.788682,3.413787841796875,3.345806121826172,859.0074462890625,608.4755859375
1782130824.793682,3.2961976528167725,3.281498908996582,833.219482421875,615.509033203125
1782130824.798682,3.1859569549560547,3.2043304443359375,838.52099609375,601.2279052734375
1782130824.803682,3.4578840732574463,3.2906856536865234,836.1851806640625,596.830810546875
1782130824.813694,3.3292698860168457,3.299872398376465,842.4185791015625,586.7342529296875
1782130824.818682,3.373366355895996,3.3072218894958496,834.5299072265625,588.4400634765625
1782130824.823694,3.4284865856170654,3.3035471439361572,827.293212890625,592.04833984375
1782130824.828682,3.3090591430664062,3.2502641677856445,805.5335693359375,594.5584716796875
1782130824.833682,3.2723121643066406,3.4156250953674316,818.32861328125,595.99072265625
1782130824.838682,3.1767702102661133,3.1749329566955566,828.934814453125,588.1658935546875
1782130824.843682,3.2447521686553955,3.351318120956421,808.015869140625,576.125244140625
1782130824.853682,3.345806121826172,3.230053186416626,813.04638671875,584.5302734375
1782130824.858682,3.465233564376831,3.43583607673645,832.524169921875,563.021240234375
1782130824.863682,3.4046010971069336,3.14369797706604,838.4193115234375,561.05517578125
1782130824.868682,3.4725828170776367,3.2612881660461426,818.87353515625,573.714599609375
1782130824.873805,3.500143051147461,3.281498908996582,823.21435546875,562.34765625
1782130824.878805,3.4578840732574463,3.2612881660461426,823.16796875,562.8275146484375
1782130824.883805,3.4339985847473145,3.2374026775360107,823.345458984375,581.474853515625
1782130824.888805,3.4339985847473145,3.3072218894958496,818.7119140625,582.1497802734375
1782130824.893816,3.362342119216919,3.213517189025879,825.32958984375,582.336669921875
1782130824.898805,3.4395105838775635,3.0885777473449707,822.2742919921875,580.1212158203125
1782130824.908805,3.3715288639068604,3.1877944469451904,823.9552001953125,573.381591796875
1782130824.913805,3.65447998046875,3.3292698860168457,836.072021484375,583.26513671875
1782130824.918816,3.487281560897827,3.332944631576538,833.8333740234375,577.2364501953125
1782130824.923805,3.3200831413269043,3.206167697906494,826.5345458984375,574.8245849609375
1782130824.928805,3.586498260498047,3.263125419616699,847.3751220703125,601.601318359375
1782130824.933805,3.426649332046509,3.1639089584350586,822.6444091796875,611.8170166015625
1782130824.939707,3.288848400115967,3.3807156085968018,841.4541015625,573.697509765625
1782130824.944707,3.362342119216919,3.25761342048645,809.343505859375,590.012451171875
1782130824.949707,3.432161331176758,3.1804449558258057,815.07275390625,583.8140869140625
1782130824.954707,3.3549928665161133,3.3090591430664062,830.348876953125,601.5025634765625
1782130824.959707,3.3017096519470215,3.116137981414795,824.7601318359375,587.8231201171875
1782130824.964707,3.2392399311065674,3.288848400115967,830.97802734375,585.214599609375
1782130824.969707,3.3586673736572266,3.252101421356201,830.2003173828125,598.5146484375
1782130824.974718,3.167583465576172,3.2043304443359375,853.237060546875,582.0322265625
1782130824.979707,3.2723121643066406,3.202493190765381,821.1898193359375,563.2598876953125
1782130824.984707,3.219029188156128,3.248426675796509,835.3045654296875,590.6834716796875
1782130824.989707,3.316408634185791,3.2227039337158203,845.45556640625,600.8260498046875
1782130824.994707,3.3347818851470947,3.3200831413269043,840.417724609375,594.611328125
1782130824.999718,3.241077423095703,3.340294122695923,839.6614990234375,592.8077392578125
1782130825.004707,3.3292698860168457,3.3807156085968018,845.31396484375,596.804931640625
1782130825.014829,3.270474910736084,3.3072218894958496,853.002197265625,589.803466796875
1782130825.024829,3.5093297958374023,3.3549928665161133,846.977294921875,586.7503662109375
1782130825.02984,3.299872398376465,3.2447521686553955,826.44580078125,586.884521484375
1782130825.034852,3.489119052886963,3.4450228214263916,837.5072021484375,583.4111328125
1782130825.039829,3.2778241634368896,3.3347818851470947,844.374755859375,576.31591796875
1782130825.044829,3.200655698776245,3.097764492034912,871.00439453125,570.201171875
1782130825.049829,3.384390354156494,3.3072218894958496,866.2347412109375,572.292724609375
1782130825.054829,3.299872398376465,3.3292698860168457,832.634033203125,574.1600341796875
1782130825.059829,3.349480628967285,3.378878355026245,836.710693359375,576.200439453125
1782130825.064829,3.402763843536377,3.294360399246216,851.368896484375,585.737548828125
1782130825.069829,3.340294122695923,3.3549928665161133,849.390869140625,577.365478515625
1782130825.07483,3.275986909866333,3.1124632358551025,844.1256103515625,574.9066162109375
1782130825.079852,3.3145711421966553,3.299872398376465,845.84765625,572.9251708984375
1782130825.08483,3.2447521686553955,3.05918025970459,846.7755126953125,570.362548828125
1782130825.089829,3.349480628967285,3.3641796112060547,848.2684326171875,576.5906982421875
1782130825.094841,3.5607755184173584,3.2961976528167725,839.71875,608.5216064453125
1782130825.099841,3.3476433753967285,3.1657462120056152,833.7186279296875,563.41943359375
1782130825.10483,3.402763843536377,3.184119701385498,833.9476318359375,568.0142822265625
1782130825.109829,3.2208666801452637,3.1308367252349854,837.36474609375,566.3846435546875
1782130825.11483,3.50565505027771,3.3182458877563477,844.3406982421875,566.964599609375
1782130825.119829,3.343968629837036,3.2392399311065674,846.049072265625,571.9285888671875
1782130825.12483,3.4689083099365234,3.1234872341156006,845.9052734375,570.1739501953125
1782130825.129829,3.349480628967285,3.4339985847473145,840.9345703125,569.6717529296875
1782130825.13483,3.4064383506774902,3.2282159328460693,843.6114501953125,575.2767333984375
1782130825.139829,3.3605048656463623,3.3586673736572266,847.8914794921875,578.539794921875
1782130825.144974,3.384390354156494,3.349480628967285,843.6390380859375,572.2481689453125
1782130825.149852,3.252101421356201,3.3990890979766846,847.2183837890625,573.443359375
1782130825.154963,3.4211373329162598,3.35683012008667,846.5858154296875,579.8106689453125
1782130825.159963,3.5258657932281494,3.4578840732574463,808.50146484375,595.7130126953125
1782130825.164963,3.4064383506774902,3.3182458877563477,813.1236572265625,591.993408203125
1782130825.169963,3.432161331176758,3.3072218894958496,821.86328125,587.38134765625
1782130825.174963,3.3347818851470947,3.3641796112060547,825.6019287109375,581.8406982421875
1782130825.179963,3.32192063331604,3.465233564376831,825.909423828125,579.0401611328125
1782130825.184963,3.3880650997161865,3.05918025970459,828.0201416015625,576.8629150390625
1782130825.189963,3.3292698860168457,3.2282159328460693,830.1038818359375,581.765380859375
1782130825.194963,3.5717995166778564,3.3017096519470215,824.849609375,580.60009765625
1782130825.199963,3.2153544425964355,3.2796616554260254,842.6519775390625,562.863525390625
1782130825.204963,3.395414352416992,3.3990890979766846,833.9168701171875,578.8792724609375
1782130825.214974,3.3696916103363037,3.3531553745269775,840.9024658203125,570.94140625
1782130825.219963,3.340294122695923,3.3990890979766846,822.7032470703125,575.773193359375
1782130825.229963,3.4615588188171387,3.4689083099365234,828.5975341796875,605.282470703125
1782130825.234963,3.2961976528167725,3.397251844406128,858.5447998046875,564.955810546875
1782130825.239963,3.5185165405273438,3.3200831413269043,841.8895263671875,566.5994873046875
1782130825.249963,3.3549928665161133,3.263125419616699,844.0968017578125,567.1231689453125
1782130825.254963,3.4615588188171387,3.1804449558258057,830.93994140625,575.0537109375
1782130825.259963,3.4284865856170654,3.2502641677856445,829.9420166015625,576.7579345703125
1782130825.264963,3.443185329437256,3.1822822093963623,822.2340087890625,573.486572265625
1782130825.269963,3.2906856536865234,3.1657462120056152,835.4334716796875,567.620849609375
1782130825.274963,3.397251844406128,3.3017096519470215,851.8402099609375,585.79833984375
1782130825.280085,3.395414352416992,3.292523145675659,840.175048828125,583.1424560546875
1782130825.290085,3.465233564376831,3.160234212875366,827.0760498046875,578.538330078125
1782130825.300085,3.3531553745269775,3.5240285396575928,820.5408935546875,570.1314697265625
1782130825.305085,3.5828235149383545,3.1712582111358643,816.0042724609375,578.3709716796875
1782130825.310085,3.4450228214263916,3.3696916103363037,829.526611328125,576.5174560546875
1782130825.315085,3.2741496562957764,3.1345112323760986,832.2503662109375,586.42578125
1782130825.320085,3.4744203090667725,3.3549928665161133,835.248779296875,583.3060302734375
1782130825.325085,3.4633960723876953,3.395414352416992,841.4871826171875,564.106201171875
1782130825.330085,3.465233564376831,3.2337279319763184,842.4432373046875,566.5953369140625
1782130825.335085,3.3182458877563477,3.259450912475586,841.2486572265625,566.1644287109375
1782130825.340085,3.3476433753967285,3.3366193771362305,828.3900146484375,561.18505859375
1782130825.345085,3.3072218894958496,3.332944631576538,833.9625244140625,580.7197265625
1782130825.350085,3.3311073780059814,3.2374026775360107,831.730712890625,585.3331298828125
1782130825.355085,3.3549928665161133,3.3752036094665527,851.3128662109375,577.953857421875
1782130825.360085,3.3660168647766113,3.3090591430664062,825.3497314453125,540.8343505859375
1782130825.365085,3.2668001651763916,3.1749329566955566,835.5440673828125,580.7869873046875
1782130825.370085,3.299872398376465,3.397251844406128,843.410400390625,580.2550048828125
1782130825.375085,3.235565423965454,3.200655698776245,865.27392578125,576.25537109375
1782130825.380085,3.4156250953674316,3.200655698776245,869.3917236328125,574.679443359375
1782130825.385085,3.4284865856170654,3.2337279319763184,848.6883544921875,588.7255859375
1782130825.390085,3.373366355895996,3.178607702255249,844.6275634765625,576.8980712890625
1782130825.395085,3.4064383506774902,3.252101421356201,859.62744140625,561.6021728515625
1782130825.400096,3.362342119216919,3.2337279319763184,819.8677978515625,592.3824462890625
1782130825.405085,3.310896396636963,3.397251844406128,826.6187744140625,583.77685546875
1782130825.410085,3.529540538787842,3.384390354156494,832.1688232421875,571.375
1782130825.415207,3.529540538787842,3.4064383506774902,832.2708740234375,571.2974853515625
1782130825.420207,3.3127338886260986,3.1749329566955566,864.8665771484375,578.0968017578125
1782130825.425207,3.246589422225952,3.1859569549560547,852.98095703125,580.59375
1782130825.430207,3.3311073780059814,3.3035471439361572,826.0316162109375,605.9776611328125
1782130825.435207,3.2668001651763916,3.35683012008667,824.6871337890625,600.8359375
1782130825.440207,3.4174625873565674,3.2906856536865234,848.3583984375,581.4437255859375
1782130825.445207,3.483607053756714,3.248426675796509,839.658935546875,570.101806640625
1782130825.450207,3.343968629837036,3.14369797706604,841.1484375,603.6168212890625
1782130825.455207,3.362342119216919,3.2686376571655273,844.1976318359375,596.4962158203125
1782130825.460207,3.437673330307007,3.2851736545562744,845.5216064453125,598.9246826171875
1782130825.465207,3.4101130962371826,3.259450912475586,841.90185546875,596.3724365234375
1782130825.470207,3.3990890979766846,3.3935770988464355,859.6064453125,593.120849609375
1782130825.475207,3.351318120956421,3.281498908996582,856.1270751953125,591.6895751953125
1782130825.485207,3.299872398376465,3.167583465576172,851.4639892578125,586.887451171875
1782130825.490207,3.3311073780059814,3.3770408630371094,849.4818115234375,585.8648681640625
1782130825.495207,3.5258657932281494,3.2337279319763184,850.284423828125,587.35791015625
1782130825.500207,3.4799323081970215,3.349480628967285,846.3382568359375,589.8162841796875
1782130825.510207,3.3586673736572266,3.3917396068573,841.1507568359375,572.8963623046875
1782130825.515207,3.4450228214263916,3.378878355026245,852.14111328125,573.299072265625
1782130825.520218,3.230053186416626,3.246589422225952,830.3240966796875,584.783203125
1782130825.525207,3.5497515201568604,3.47074556350708,849.8739013671875,596.1319580078125
1782130825.530207,3.386227607727051,3.2668001651763916,853.5115966796875,588.7303466796875
1782130825.535218,3.535052537918091,3.2796616554260254,829.978515625,584.0543212890625
1782130825.540207,3.3182458877563477,3.202493190765381,833.286376953125,581.441162109375
1782130825.545207,3.5368900299072266,3.178607702255249,866.7166748046875,580.4188232421875
1782130825.550218,3.413787841796875,3.2686376571655273,857.9207763671875,607.811279296875
1782130825.560329,3.4284865856170654,3.310896396636963,839.294677734375,588.760498046875
1782130825.56533,3.4284865856170654,3.400926351547241,830.07958984375,613.3572998046875
1782130825.570329,3.4284865856170654,3.3549928665161133,864.970703125,581.41943359375
1782130825.57533,3.395414352416992,3.189631700515747,871.035400390625,586.09130859375
1782130825.580341,3.397251844406128,3.275986909866333,843.6610107421875,599.29052734375
1782130825.590329,3.373366355895996,3.384390354156494,846.7001953125,596.1937255859375
1782130825.59533,3.252101421356201,3.264962911605835,845.04541015625,580.1536865234375
1782130825.600329,3.3366193771362305,3.2741496562957764,845.3929443359375,592.234619140625
1782130825.60534,3.562612771987915,3.3990890979766846,845.3746337890625,605.9007568359375
1782130825.610329,3.345806121826172,3.3770408630371094,848.3626708984375,603.950439453125
1782130825.620329,3.35683012008667,3.246589422225952,832.822021484375,606.027099609375
1782130825.625329,3.4615588188171387,3.4211373329162598,850.985107421875,592.5804443359375
1782130825.630329,3.332944631576538,3.2282159328460693,849.19580078125,595.9520263671875
1782130825.635329,3.2778241634368896,3.351318120956421,847.8414306640625,590.49609375
1782130825.640329,3.1933064460754395,3.1933064460754395,842.0347900390625,586.4833984375
1782130825.645341,3.200655698776245,3.2227039337158203,843.1539306640625,595.09130859375
1782130825.655329,3.3660168647766113,3.2282159328460693,842.5985107421875,592.880615234375
1782130825.660341,3.213517189025879,3.332944631576538,845.9288330078125,585.5186767578125
1782130825.665329,3.4211373329162598,3.443185329437256,840.6180419921875,599.2904052734375
1782130825.67033,3.2557761669158936,3.3549928665161133,849.9599609375,594.3656005859375
1782130825.675329,3.3660168647766113,3.2851736545562744,853.8572998046875,587.102294921875
1782130825.68033,3.2557761669158936,3.189631700515747,849.08837890625,584.2724609375
1782130825.685463,3.2833364009857178,3.20800518989563,892.6859130859375,565.1483154296875
1782130825.690341,3.389902353286743,3.400926351547241,836.7109375,578.3829345703125
1782130825.695463,3.3825528621673584,3.1933064460754395,842.8677978515625,589.5452880859375
1782130825.705463,3.2833364009857178,3.075716257095337,846.59375,581.20166015625
1782130825.710463,3.3549928665161133,3.2961976528167725,848.2578125,593.985595703125
1782130825.715463,3.298035144805908,3.1253244876861572,864.4970703125,580.183837890625
1782130825.720463,3.3880650997161865,3.196981191635132,848.748291015625,598.513671875
1782130825.725463,3.345806121826172,3.3145711421966553,847.150390625,589.3199462890625
1782130825.730463,3.3347818851470947,3.20800518989563,827.23876953125,604.772216796875
1782130825.735463,3.373366355895996,3.2741496562957764,839.9898681640625,595.675537109375
1782130825.740463,3.4229745864868164,3.3366193771362305,855.9066162109375,558.2503662109375
1782130825.745463,3.351318120956421,3.340294122695923,853.87548828125,562.0802001953125
1782130825.750463,3.3421313762664795,3.2171919345855713,844.6063232421875,613.8287353515625
1782130825.755463,3.367854118347168,3.281498908996582,848.968994140625,594.418701171875
1782130825.760463,3.2153544425964355,3.2502641677856445,849.6234130859375,588.5914306640625
1782130825.765463,3.3237578868865967,3.3017096519470215,855.84423828125,614.818115234375
1782130825.770463,3.299872398376465,3.2263786792755127,822.9049072265625,583.3359375
1782130825.775463,3.343968629837036,3.3200831413269043,853.75732421875,570.7496337890625
1782130825.780463,3.500143051147461,3.4046010971069336,847.1546630859375,576.721923828125
1782130825.785463,3.195143699645996,3.299872398376465,842.2275390625,582.33544921875
1782130825.790463,3.281498908996582,3.292523145675659,841.7366943359375,584.3685302734375
1782130825.795474,3.200655698776245,3.0389692783355713,845.4949951171875,584.926025390625
1782130825.800463,3.351318120956421,3.3127338886260986,844.9091796875,583.7247314453125
1782130825.805463,3.292523145675659,3.2741496562957764,849.0235595703125,568.9559326171875
1782130825.810463,3.3237578868865967,3.241077423095703,848.9742431640625,565.22216796875
1782130825.815463,3.2668001651763916,3.127161979675293,832.3436279296875,587.8697509765625
1782130825.820585,3.3770408630371094,3.1583967208862305,835.4447021484375,590.980712890625
1782130825.825585,3.362342119216919,3.25761342048645,844.926513671875,558.2840576171875
1782130825.830585,3.2392399311065674,3.1859569549560547,846.8851318359375,559.5242919921875
1782130825.840585,3.3292698860168457,3.3072218894958496,845.8016357421875,572.435791015625
1782130825.845585,3.20800518989563,3.196981191635132,843.98681640625,593.4610595703125
1782130825.855585,3.2906856536865234,3.3127338886260986,856.946533203125,588.4698486328125
1782130825.860585,3.2263786792755127,3.1179752349853516,850.9566650390625,591.0638427734375
1782130825.865585,3.2318906784057617,3.2374026775360107,851.4876708984375,566.0042724609375
1782130825.870596,3.3237578868865967,3.4927937984466553,854.2889404296875,571.760986328125
1782130825.875585,3.288848400115967,3.2961976528167725,822.04541015625,594.90673828125
1782130825.880585,3.349480628967285,3.263125419616699,823.596435546875,587.841796875
1782130825.885585,3.270474910736084,3.310896396636963,829.790771484375,583.031494140625
1782130825.895585,3.294360399246216,3.1253244876861572,828.579833984375,582.4757080078125
1782130825.900585,3.351318120956421,3.2796616554260254,836.260986328125,574.1865234375
1782130825.905585,3.2612881660461426,3.259450912475586,839.3187255859375,581.2706298828125
1782130825.910585,3.1528847217559814,3.3255951404571533,828.5360107421875,567.5650634765625
1782130825.915585,3.4689083099365234,3.2374026775360107,806.9559326171875,601.537353515625
1782130825.920585,3.4395105838775635,3.248426675796509,783.0306396484375,605.9501953125
1782130825.925585,3.586498260498047,3.43583607673645,735.723388671875,615.8299560546875
1782130825.930585,3.580986261367798,3.8657748699188232,718.29052734375,639.3990478515625
1782130825.935585,3.3017096519470215,3.386227607727051,721.7457275390625,647.3040771484375
1782130825.940585,3.2778241634368896,3.5534260272979736,719.62158203125,632.3411865234375
1782130825.945585,3.2778241634368896,3.252101421356201,734.5634765625,647.802001953125
1782130825.955707,3.116137981414795,3.2392399311065674,743.8427734375,635.521484375
1782130825.960707,3.3366193771362305,3.2318906784057617,750.451416015625,640.28466796875
1782130825.965707,3.20800518989563,3.2116799354553223,752.8138427734375,638.9876708984375
1782130825.970707,3.3182458877563477,3.2447521686553955,748.2320556640625,640.0966796875
1782130825.975707,3.196981191635132,3.419299840927124,747.4486083984375,639.0828857421875
1782130825.980707,3.389902353286743,3.252101421356201,770.63916015625,643.455322265625
1782130825.985707,3.292523145675659,3.2796616554260254,750.29150390625,625.4764404296875
1782130825.990707,3.3549928665161133,3.3770408630371094,743.0125732421875,615.1707763671875
1782130825.995707,3.3660168647766113,3.2778241634368896,741.093994140625,624.310546875
1782130826.000707,3.259450912475586,3.378878355026245,740.54638671875,629.8353271484375
1782130826.005718,3.3182458877563477,3.443185329437256,743.561279296875,631.3692626953125
1782130826.010707,3.332944631576538,3.437673330307007,729.40576171875,631.1268310546875
1782130826.015707,3.1767702102661133,3.568124771118164,721.45947265625,634.127685546875
1782130826.020707,3.3311073780059814,3.454209327697754,716.75732421875,632.26611328125
1782130826.025707,3.3090591430664062,3.3825528621673584,716.791259765625,633.0760498046875
1782130826.030718,3.349480628967285,3.4909563064575195,702.1236572265625,628.0804443359375
1782130826.040707,3.5203537940979004,3.637943983078003,721.2255859375,627.5758056640625
1782130826.045707,3.3127338886260986,3.373366355895996,704.5927734375,607.3546142578125
1782130826.055707,3.546076774597168,3.4689083099365234,711.744873046875,619.4876708984375
1782130826.060707,3.2778241634368896,3.5240285396575928,714.07666015625,621.042724609375
1782130826.065707,3.3917396068573,3.400926351547241,715.529296875,623.4942626953125
1782130826.070707,3.3072218894958496,3.3770408630371094,715.392578125,623.9393310546875
1782130826.075707,3.351318120956421,3.4523720741271973,711.7716064453125,635.8834228515625
1782130826.080707,3.2337279319763184,3.270474910736084,711.9913330078125,635.8603515625
1782130826.085707,3.248426675796509,3.426649332046509,712.176025390625,619.1026611328125
1782130826.090829,3.2447521686553955,3.4119505882263184,711.604248046875,620.548583984375
1782130826.095829,3.3605048656463623,3.2686376571655273,722.5828857421875,613.7042236328125
1782130826.100841,3.281498908996582,3.395414352416992,721.267578125,622.425048828125
1782130826.105829,3.2392399311065674,3.3660168647766113,711.7061767578125,623.43994140625
1782130826.110829,3.367854118347168,3.6011970043182373,710.8994140625,629.1961669921875
1782130826.12083,3.248426675796509,3.4101130962371826,711.6953125,630.08935546875
1782130826.125829,3.362342119216919,3.4744203090667725,737.8797607421875,637.695556640625
1782130826.13083,3.5442392826080322,3.5773115158081055,735.4501953125,634.2611083984375
1782130826.135829,3.6011970043182373,3.5148417949676514,728.2939453125,624.831298828125
1782130826.14083,3.441348075866699,3.483607053756714,727.380859375,646.7806396484375
1782130826.145829,3.2227039337158203,3.400926351547241,733.1434326171875,615.760986328125
1782130826.15083,3.2961976528167725,3.47074556350708,718.697509765625,620.724365234375
1782130826.165829,3.5093297958374023,3.4174625873565674,709.1279296875,623.69140625
1782130826.17083,3.292523145675659,3.35683012008667,744.5478515625,604.636962890625
1782130826.175829,3.2741496562957764,3.4725828170776367,744.222900390625,605.17626953125
1782130826.18083,3.3072218894958496,3.5038177967071533,738.5826416015625,618.076416015625
1782130826.185829,3.349480628967285,3.476257562637329,733.611572265625,624.6558837890625
1782130826.19083,3.3255951404571533,3.395414352416992,733.564208984375,623.8935546875
1782130826.195829,3.373366355895996,3.2961976528167725,720.4620361328125,645.3380126953125
1782130826.20083,3.2778241634368896,3.3586673736572266,731.9755859375,631.7562255859375
1782130826.205829,3.3770408630371094,3.332944631576538,735.5191650390625,615.0968017578125
1782130826.210829,3.3347818851470947,3.430323839187622,744.11328125,651.4395751953125
1782130826.215829,3.4101130962371826,3.3035471439361572,740.71826171875,641.802001953125
1782130826.220829,3.3182458877563477,3.32192063331604,739.5316162109375,641.2506103515625
1782130826.225841,3.0610175132751465,3.3549928665161133,734.7496337890625,633.64599609375
1782130826.230841,3.338456630706787,3.430323839187622,734.490478515625,607.8717041015625
1782130826.235963,3.2741496562957764,3.252101421356201,728.7066650390625,617.498046875
1782130826.240963,3.3072218894958496,3.3770408630371094,729.93701171875,622.9029541015625
1782130826.245963,3.2906856536865234,3.351318120956421,730.2607421875,624.5516357421875
1782130826.250963,3.3641796112060547,3.3880650997161865,750.9627685546875,621.911865234375
1782130826.255963,3.3770408630371094,3.4064383506774902,750.900390625,619.2958984375
1782130826.260963,3.288848400115967,3.430323839187622,734.831787109375,656.7762451171875
1782130826.265963,3.3880650997161865,3.533215284347534,746.8819580078125,648.0789794921875
1782130826.270963,3.384390354156494,3.5424020290374756,746.7222900390625,642.0953369140625
1782130826.275963,3.3770408630371094,3.500143051147461,748.177734375,638.8905029296875
1782130826.280963,3.4211373329162598,3.6232452392578125,731.834228515625,633.8856201171875
1782130826.285963,3.316408634185791,3.632431983947754,741.71337890625,636.431640625
1782130826.290974,3.527703285217285,3.487281560897827,739.5638427734375,618.44091796875
1782130826.295963,3.4689083099365234,3.762883424758911,736.814697265625,617.02734375
1782130826.300963,3.489119052886963,3.522191286087036,734.04248046875,621.535400390625
1782130826.305963,3.4615588188171387,3.6342692375183105,717.4276123046875,617.47265625
1782130826.310963,3.6342692375183105,3.579149007797241,721.76123046875,621.428466796875
1782130826.315963,3.351318120956421,3.625082492828369,721.6458740234375,606.6212158203125
1782130826.320963,3.3807156085968018,3.621407985687256,711.2542724609375,629.1424560546875
1782130826.330963,3.3807156085968018,3.65447998046875,719.224365234375,625.387451171875
1782130826.335963,3.424811840057373,3.6232452392578125,725.9415283203125,611.3177490234375
1782130826.340963,3.575474262237549,3.5717995166778564,733.0050048828125,633.368896484375
1782130826.345963,3.448697328567505,3.5938477516174316,731.84228515625,629.7086181640625
1782130826.350963,3.4101130962371826,3.7389979362487793,729.7474365234375,625.986328125
1782130826.355963,3.527703285217285,3.694901704788208,729.6341552734375,624.0479736328125
1782130826.361085,3.424811840057373,3.729811191558838,729.347900390625,619.6771240234375
1782130826.366085,3.3825528621673584,3.511167049407959,741.2193603515625,640.5579833984375
1782130826.371085,3.3292698860168457,3.6471307277679443,750.6778564453125,618.2015380859375
1782130826.376085,3.340294122695923,3.637943983078003,726.123779296875,615.2392578125
1782130826.381085,3.5442392826080322,3.5956850051879883,718.1162109375,585.076171875
1782130826.386085,3.476257562637329,3.47074556350708,718.8623046875,590.1131591796875
1782130826.391085,3.3880650997161865,3.349480628967285,734.602783203125,605.7850341796875
1782130826.396085,3.4744203090667725,3.5424020290374756,733.2642822265625,597.9609375
1782130826.401085,3.707763195037842,3.562612771987915,722.646240234375,604.9798583984375
1782130826.406085,3.5038177967071533,3.6361067295074463,724.824462890625,606.01953125
1782130826.411085,3.4064383506774902,3.540564775466919,744.7991943359375,620.33544921875
1782130826.416085,3.538727283477783,3.5717995166778564,742.1258544921875,623.603515625
1782130826.421085,3.6011970043182373,3.481769561767578,736.2415771484375,627.9237060546875
1782130826.426085,3.579149007797241,3.5938477516174316,719.1514892578125,592.1669921875
1782130826.431085,3.705925703048706,3.7334859371185303,723.8175048828125,605.80810546875
1782130826.436085,3.792280912399292,3.5497515201568604,718.6253662109375,630.8072509765625
1782130826.441085,3.5901730060577393,3.713275194168091,741.9765625,645.3673095703125
1782130826.446085,3.580986261367798,3.6636667251586914,729.0054931640625,633.3819580078125
1782130826.451085,3.7610461711883545,3.8069796562194824,726.5628662109375,629.388427734375
1782130826.456085,3.7206244468688965,3.7096004486083984,726.62158203125,631.587890625
1782130826.461085,3.5130045413970947,3.9282445907592773,722.5892333984375,630.708984375
1782130826.466085,3.6526427268981934,3.7151124477386475,740.35009765625,655.987548828125
1782130826.471085,3.476257562637329,3.8069796562194824,740.6024169921875,636.968017578125
1782130826.486085,3.564450263977051,3.803305149078369,721.0526123046875,621.606201171875
1782130826.491085,3.5130045413970947,3.7261364459991455,723.18505859375,618.6856689453125
1782130826.496085,3.61957049369812,3.740835428237915,727.566650390625,624.51025390625
1782130826.501207,3.4064383506774902,3.792280912399292,736.39990234375,635.361083984375
1782130826.506207,3.6287572383880615,3.851076126098633,724.002685546875,621.392578125
1782130826.511207,3.5956850051879883,3.770232915878296,719.253173828125,653.124755859375
1782130826.516207,3.735323190689087,3.7500221729278564,721.4910888671875,649.8797607421875
1782130826.521207,3.50565505027771,3.6857149600982666,721.699951171875,651.183349609375
1782130826.526207,3.4560468196868896,3.895172357559204,718.321533203125,647.09716796875
1782130826.531207,3.895172357559204,3.7739076614379883,718.545166015625,644.591796875
1782130826.536207,3.6471307277679443,3.6746909618377686,725.021240234375,626.7000732421875
1782130826.541218,3.5130045413970947,3.4064383506774902,751.1297607421875,651.4940185546875
1782130826.546207,3.351318120956421,3.5883357524871826,758.833740234375,656.062255859375
1782130826.551207,3.5203537940979004,3.3807156085968018,756.5694580078125,642.1685791015625
1782130826.556207,3.4064383506774902,3.32192063331604,755.9881591796875,649.8846435546875
1782130826.561207,3.4670708179473877,3.189631700515747,756.9805908203125,646.7855224609375
1782130826.566207,3.4615588188171387,3.5203537940979004,768.6805419921875,630.680908203125
1782130826.571207,3.3696916103363037,3.3880650997161865,776.621337890625,635.39404296875
1782130826.576207,3.5552635192871094,3.395414352416992,771.8583984375,650.2391357421875
1782130826.581207,3.351318120956421,3.2778241634368896,779.3585205078125,648.71923828125
1782130826.591207,3.219029188156128,3.2098424434661865,786.3544921875,653.7388916015625
1782130826.596207,3.4468600749969482,3.281498908996582,807.51904296875,623.945068359375
1782130826.601207,3.327432632446289,3.20800518989563,803.6558837890625,629.3232421875
1782130826.606207,3.386227607727051,3.156559467315674,799.53759765625,630.9173583984375
1782130826.611207,3.2778241634368896,3.119812488555908,804.5863037109375,631.634033203125
1782130826.616207,3.465233564376831,3.3605048656463623,808.0169677734375,638.722900390625
1782130826.626207,3.362342119216919,3.3531553745269775,790.5758056640625,654.722412109375
1782130826.631207,3.2668001651763916,3.075716257095337,788.4952392578125,666.765380859375
1782130826.636329,3.3660168647766113,3.230053186416626,792.3001708984375,644.79296875
1782130826.64133,3.3421313762664795,3.1124632358551025,809.9197998046875,634.4635009765625
1782130826.646329,3.200655698776245,3.145535469055176,810.5662841796875,642.161376953125
1782130826.65133,3.288848400115967,3.1639089584350586,809.617919921875,635.126220703125
1782130826.656329,3.1289992332458496,3.0095717906951904,776.906494140625,644.8775634765625
1782130826.66133,3.2227039337158203,3.151047468185425,785.1256103515625,643.5623779296875
1782130826.666329,3.1639089584350586,2.967312812805176,780.8487548828125,660.051025390625
1782130826.67134,3.288848400115967,3.092252492904663,774.4786376953125,669.7943115234375
1782130826.676329,3.373366355895996,3.1639089584350586,768.417724609375,663.25732421875
1782130826.681329,3.5130045413970947,3.345806121826172,768.2449951171875,653.3885498046875
1782130826.686341,3.0904150009155273,3.127161979675293,800.536865234375,643.1075439453125
1782130826.691329,3.246589422225952,3.1583967208862305,812.663818359375,654.358642578125
1782130826.696341,3.1877944469451904,3.1289992332458496,813.730712890625,658.5404052734375
1782130826.701329,3.3127338886260986,3.1822822093963623,788.1607666015625,632.1263427734375
1782130826.711329,3.127161979675293,3.035294771194458,794.2266845703125,640.8033447265625
1782130826.71633,3.253938674926758,3.196981191635132,787.797607421875,649.878173828125
1782130826.731329,3.2502641677856445,3.3035471439361572,807.059814453125,629.55517578125
1782130826.73633,3.476257562637329,3.1694209575653076,804.17724609375,626.5325927734375
1782130826.741329,3.167583465576172,3.178607702255249,808.7972412109375,679.97998046875
1782130826.74633,3.075716257095337,3.151047468185425,808.7738037109375,669.2012939453125
1782130826.751352,3.213517189025879,3.160234212875366,791.73193359375,641.5916748046875
1782130826.756341,3.1914689540863037,3.200655698776245,792.9786376953125,642.436767578125
1782130826.761329,3.116137981414795,2.9746623039245605,825.5389404296875,647.262939453125
1782130826.76633,3.219029188156128,3.20800518989563,812.2449951171875,633.813720703125
1782130826.771452,2.9875237941741943,3.202493190765381,806.1986083984375,635.173828125
1782130826.776452,3.345806121826172,3.138185977935791,810.678466796875,633.6087646484375
1782130826.786463,3.0793910026550293,3.3237578868865967,816.7940673828125,631.23388671875
1782130826.791452,3.040806770324707,3.178607702255249,810.504638671875,638.42138671875
1782130826.796452,3.0536680221557617,3.189631700515747,814.1387939453125,620.85107421875
1782130826.801452,3.097764492034912,3.1418607234954834,823.7415771484375,664.6986083984375
1782130826.806452,3.040806770324707,3.1804449558258057,821.56689453125,659.5394287109375
1782130826.811452,3.173095703125,3.145535469055176,792.258056640625,631.992431640625
1782130826.816452,3.167583465576172,3.0261080265045166,795.9281005859375,633.1519775390625
1782130826.826452,3.046318769454956,3.097764492034912,811.281982421875,636.6495361328125
1782130826.831452,3.022433280944824,3.173095703125,803.09326171875,608.964599609375
1782130826.836452,3.138185977935791,3.0426440238952637,827.4818115234375,610.932373046875
1782130826.841452,3.1345112323760986,3.1712582111358643,816.095458984375,642.989013671875
1782130826.846452,3.0738790035247803,3.1639089584350586,816.3636474609375,638.69189453125
1782130826.851452,2.989361047744751,3.1051137447357178,857.7115478515625,663.614013671875
1782130826.856452,3.086740255355835,3.0536680221557617,850.7022705078125,660.0755615234375
1782130826.861452,3.05918025970459,3.057342767715454,844.4652099609375,651.9688720703125
1782130826.866452,3.0683670043945312,2.9856863021850586,833.4541015625,649.242919921875
1782130826.871474,2.965475559234619,3.252101421356201,838.5631103515625,644.3096923828125
1782130826.876452,3.167583465576172,2.8258373737335205,835.41064453125,650.67041015625
1782130826.881452,3.196981191635132,3.263125419616699,840.4345703125,645.1162109375
1782130826.886452,3.178607702255249,2.9911983013153076,839.10498046875,645.529296875
1782130826.891452,3.156559467315674,3.018758535385132,837.1004638671875,643.034423828125
1782130826.901452,3.3880650997161865,3.062854766845703,837.595947265625,638.431396484375
1782130826.906463,3.121649980545044,3.075716257095337,842.8134765625,637.1292724609375
1782130826.911585,3.1804449558258057,3.110625743865967,843.9833984375,655.39892578125
1782130826.916585,3.1749329566955566,3.20800518989563,844.1942138671875,642.6572265625
1782130826.921585,3.1914689540863037,2.88095760345459,842.301025390625,648.472412109375
1782130826.926585,3.0683670043945312,3.075716257095337,839.5948486328125,649.5677490234375
1782130826.931585,3.195143699645996,3.0316200256347656,835.71533203125,640.62841796875
1782130826.936585,3.013246536254883,3.0720415115356445,845.5257568359375,627.6500244140625
1782130826.941585,3.1694209575653076,3.114300489425659,847.5596923828125,629.8773193359375
1782130826.946585,3.20800518989563,3.2153544425964355,844.4876708984375,633.029296875
1782130826.951585,3.2227039337158203,3.1749329566955566,865.707763671875,620.925537109375
1782130826.956596,3.1767702102661133,3.10878849029541,864.148193359375,655.82861328125
1782130826.961585,3.3935770988464355,3.2778241634368896,856.9566650390625,664.5810546875
1782130826.966585,3.2686376571655273,3.1253244876861572,844.3319091796875,636.046142578125
1782130826.971585,3.3347818851470947,3.1822822093963623,831.8067626953125,664.2989501953125
1782130826.976585,3.1014389991760254,3.0316200256347656,844.3870849609375,654.4276123046875
1782130826.986585,3.2171919345855713,3.1583967208862305,835.063720703125,644.735595703125
1782130826.996585,3.196981191635132,3.086740255355835,845.5828857421875,643.9229736328125
1782130827.001585,3.14369797706604,3.057342767715454,856.5482177734375,602.390625
1782130827.006585,3.02978253364563,3.035294771194458,841.07666015625,657.7943115234375
1782130827.011585,3.1308367252349854,2.9911983013153076,843.085205078125,652.6468505859375
1782130827.016585,3.189631700515747,3.1694209575653076,835.994140625,651.881591796875
1782130827.021585,3.252101421356201,3.3531553745269775,847.6995849609375,635.0712890625
1782130827.026585,3.2337279319763184,3.200655698776245,833.804931640625,649.7196044921875
1782130827.031585,3.160234212875366,3.1694209575653076,854.0855712890625,622.375732421875
1782130827.036585,3.3072218894958496,3.338456630706787,850.9580078125,625.7152099609375
1782130827.041718,3.332944631576538,3.0555055141448975,818.0838623046875,632.264404296875
1782130827.046718,3.235565423965454,3.386227607727051,822.460205078125,629.2498779296875
1782130827.051707,3.5093297958374023,3.3549928665161133,861.3724365234375,639.5943603515625
1782130827.056707,3.103276491165161,3.02978253364563,857.3773193359375,636.85009765625
1782130827.061707,3.195143699645996,3.149209976196289,822.1446533203125,620.7191162109375
1782130827.066707,3.2686376571655273,3.299872398376465,849.7886962890625,644.156494140625
1782130827.071707,3.1694209575653076,3.3311073780059814,819.4744873046875,630.205810546875
1782130827.076707,3.145535469055176,3.2043304443359375,825.26123046875,635.3704833984375
1782130827.081707,3.1933064460754395,3.3182458877563477,825.2991943359375,636.456787109375
1782130827.086707,3.5093297958374023,3.2851736545562744,784.014404296875,651.0892333984375
1782130827.091707,3.408275842666626,3.2374026775360107,813.0306396484375,653.3778076171875
1782130827.096707,3.196981191635132,3.0444815158843994,807.9970703125,648.156982421875
1782130827.101707,3.1859569549560547,3.3090591430664062,780.2618408203125,674.26123046875
1782130827.106707,3.2447521686553955,2.983849048614502,778.806396484375,668.374755859375
1782130827.111707,3.5497515201568604,3.424811840057373,769.4515380859375,674.8603515625
1782130827.121707,3.310896396636963,2.9967105388641357,684.1717529296875,635.4913330078125
1782130827.126707,3.4156250953674316,3.2612881660461426,781.45556640625,644.484130859375
1782130827.131707,3.310896396636963,3.2282159328460693,762.2513427734375,655.2843017578125
1782130827.136718,3.1933064460754395,3.0481560230255127,782.3873291015625,638.6787109375
1782130827.141707,3.343968629837036,3.0040597915649414,767.8583984375,652.359375
1782130827.146707,3.2153544425964355,3.086740255355835,762.4576416015625,659.7308349609375
1782130827.151707,3.4450228214263916,2.932403326034546,705.3721923828125,632.72412109375
1782130827.156707,3.4505348205566406,3.5019803047180176,712.1878662109375,636.4405517578125
1782130827.161707,3.259450912475586,2.8093011379241943,735.5379638671875,648.467041015625
1782130827.166707,3.299872398376465,3.0996017456054688,762.148193359375,679.8189697265625
1782130827.171707,3.4983057975769043,3.1418607234954834,757.779541015625,676.5281982421875
1782130827.17683,3.384390354156494,3.2392399311065674,757.5335693359375,655.200927734375
1782130827.181718,3.384390354156494,3.248426675796509,703.5174560546875,642.28125
1782130827.18683,3.2961976528167725,3.086740255355835,718.69189453125,639.1956787109375
1782130827.191841,3.4284865856170654,3.0830657482147217,752.2401123046875,657.1878662109375
1782130827.19683,3.5479140281677246,3.2374026775360107,697.2987060546875,631.4666748046875
1782130827.201829,3.253938674926758,3.110625743865967,760.3817138671875,692.8599853515625
1782130827.20683,3.288848400115967,3.1859569549560547,771.9417724609375,667.197265625
1782130827.21683,3.476257562637329,3.3035471439361572,764.706787109375,663.3623046875
1782130827.221829,3.5038177967071533,2.9691503047943115,764.3277587890625,663.3558349609375
1782130827.22683,3.362342119216919,3.167583465576172,776.267333984375,662.772705078125
1782130827.231829,3.3935770988464355,3.2263786792755127,766.6300048828125,663.11083984375
1782130827.23683,3.1859569549560547,3.3880650997161865,761.048095703125,662.5623779296875
1782130827.241829,3.5258657932281494,3.546076774597168,771.593505859375,648.68359375
1782130827.24683,3.386227607727051,3.270474910736084,766.1739501953125,649.4879150390625
1782130827.251829,3.3200831413269043,2.9471020698547363,755.61083984375,620.127197265625
1782130827.25683,3.2778241634368896,3.200655698776245,764.9847412109375,677.7008056640625
1782130827.266829,3.3880650997161865,3.1418607234954834,773.580078125,665.1041259765625
1782130827.271829,3.3605048656463623,3.2557761669158936,753.6607666015625,657.6077880859375
1782130827.281829,3.3531553745269775,3.50565505027771,756.3118896484375,650.1151123046875
1782130827.286841,3.1749329566955566,3.0793910026550293,756.8795166015625,648.2374267578125
1782130827.291829,3.4211373329162598,3.527703285217285,749.849365234375,659.2005615234375
1782130827.30183,3.3090591430664062,3.2557761669158936,752.23388671875,653.8785400390625
1782130827.306841,3.487281560897827,3.332944631576538,773.27685546875,610.4697265625
1782130827.311952,3.5534260272979736,3.665504217147827,749.368896484375,649.36669921875
1782130827.316952,3.5717995166778564,3.4395105838775635,747.5152587890625,643.087158203125
1782130827.321952,3.25761342048645,3.3182458877563477,782.876220703125,648.6961669921875
1782130827.326952,3.5828235149383545,3.459721565246582,768.3753662109375,631.4259033203125
1782130827.336963,3.4395105838775635,3.814329147338867,763.1356201171875,629.9295654296875
1782130827.341952,3.5203537940979004,3.7481846809387207,767.123779296875,642.9755859375
1782130827.346952,3.3549928665161133,3.0205960273742676,747.488525390625,651.553466796875
1782130827.351952,3.454209327697754,3.378878355026245,760.71240234375,657.8553466796875
1782130827.356952,3.3311073780059814,3.50565505027771,757.0938720703125,657.5120849609375
1782130827.361952,3.3586673736572266,3.384390354156494,758.21484375,639.685302734375
1782130827.366963,3.384390354156494,3.343968629837036,762.75439453125,639.018310546875
1782130827.371952,3.5497515201568604,3.3017096519470215,729.3427734375,641.766357421875
1782130827.376963,3.4689083099365234,3.50565505027771,733.2412109375,641.5103759765625
1782130827.381952,3.3072218894958496,3.343968629837036,742.1873779296875,642.00634765625
1782130827.386952,3.533215284347534,3.689389705657959,762.7379150390625,651.6373291015625
1782130827.391952,3.4284865856170654,3.500143051147461,763.7724609375,667.8470458984375
1782130827.396963,3.4670708179473877,3.202493190765381,733.9267578125,625.5291748046875
1782130827.401963,3.481769561767578,3.4983057975769043,752.78076171875,655.38525390625
1782130827.406952,3.3990890979766846,3.2686376571655273,766.424072265625,639.2701416015625
1782130827.416952,3.432161331176758,3.1363487243652344,759.9888916015625,629.818115234375
1782130827.421952,3.5368900299072266,3.671016216278076,751.114501953125,627.4232177734375
1782130827.426952,3.4229745864868164,3.167583465576172,750.157470703125,653.4727783203125
1782130827.436952,3.4064383506774902,3.299872398376465,756.4420166015625,642.309814453125
1782130827.441952,3.4211373329162598,3.4395105838775635,760.0859375,642.5626220703125
1782130827.447085,3.4964683055877686,3.4284865856170654,759.6279296875,640.9532470703125
1782130827.452085,3.465233564376831,3.2227039337158203,755.015380859375,649.01953125
1782130827.457085,3.4284865856170654,3.20800518989563,757.5621337890625,628.6317138671875
1782130827.462085,3.516679286956787,3.3660168647766113,788.65380859375,633.6510009765625
1782130827.467085,3.465233564376831,3.5662875175476074,784.20703125,629.824951171875
1782130827.472085,3.20800518989563,3.241077423095703,781.9249267578125,643.9683837890625
1782130827.477085,3.5497515201568604,3.3421313762664795,778.9964599609375,643.49365234375
1782130827.482085,3.384390354156494,3.3917396068573,755.799072265625,638.64794921875
1782130827.487085,3.3880650997161865,3.4983057975769043,753.9534912109375,663.0250244140625
1782130827.492085,3.562612771987915,3.6287572383880615,757.3218994140625,635.94140625
1782130827.497085,3.419299840927124,3.6177332401275635,761.89306640625,634.616455078125
1782130827.502085,3.533215284347534,3.432161331176758,758.46728515625,639.8233642578125
1782130827.507085,3.6563174724578857,3.6232452392578125,741.855712890625,648.1820068359375
1782130827.512085,3.4578840732574463,3.6508054733276367,735.3756103515625,663.5035400390625
1782130827.517085,3.4211373329162598,3.3696916103363037,742.4583740234375,646.12255859375
1782130827.522085,3.432161331176758,3.4615588188171387,757.184326171875,642.3387451171875
1782130827.527085,3.4578840732574463,3.5424020290374756,759.2001953125,651.58251953125
1782130827.532085,3.5313780307769775,3.3549928665161133,789.730224609375,680.9134521484375
1782130827.537085,3.597522497177124,3.4284865856170654,773.9683837890625,667.1263427734375
1782130827.542085,3.6416187286376953,3.437673330307007,764.8095703125,660.0506591796875
1782130827.547085,3.4689083099365234,3.430323839187622,758.6304931640625,608.150390625
1782130827.552085,3.5662875175476074,3.4689083099365234,744.312744140625,620.073974609375
1782130827.557085,3.533215284347534,3.551588773727417,739.6644287109375,657.026611328125
1782130827.562085,3.5956850051879883,3.4395105838775635,743.9876708984375,640.1639404296875
1782130827.567085,3.4909563064575195,3.3311073780059814,751.0877685546875,633.6650390625
1782130827.572085,3.3586673736572266,3.1014389991760254,750.7720947265625,635.1044921875
1782130827.577085,3.419299840927124,3.270474910736084,745.7261962890625,647.5225830078125
1782130827.582207,3.5828235149383545,3.184119701385498,710.742431640625,628.1229248046875
1782130827.587207,3.408275842666626,3.426649332046509,766.70361328125,626.11181640625
1782130827.592207,3.5828235149383545,3.538727283477783,761.842041015625,626.883544921875
1782130827.597207,3.367854118347168,3.397251844406128,767.68603515625,653.032958984375
1782130827.602218,3.7426726818084717,3.7592086791992188,757.6800537109375,636.8726806640625
1782130827.612207,3.5497515201568604,3.400926351547241,759.86181640625,637.996826171875
1782130827.617207,3.3145711421966553,3.4339985847473145,762.6136474609375,630.930908203125
1782130827.622207,3.424811840057373,3.3549928665161133,759.0606689453125,628.5770263671875
1782130827.627207,3.281498908996582,3.294360399246216,754.01513671875,643.978759765625
1782130827.637207,3.5828235149383545,3.3586673736572266,757.9892578125,647.69970703125
1782130827.642207,3.343968629837036,3.5074925422668457,725.71630859375,626.045166015625
1782130827.652207,3.575474262237549,3.3292698860168457,733.67919921875,641.6583251953125
1782130827.657207,3.4468600749969482,3.395414352416992,739.18212890625,642.628173828125
1782130827.662207,3.3696916103363037,3.4395105838775635,745.7083740234375,631.6600341796875
1782130827.667207,3.551588773727417,3.3586673736572266,732.5242919921875,647.96044921875
1782130827.672207,3.476257562637329,3.432161331176758,740.56884765625,651.9061279296875
1782130827.677207,3.351318120956421,3.2116799354553223,739.2908935546875,644.45166015625
1782130827.682218,3.3237578868865967,3.252101421356201,772.89013671875,632.2294921875
1782130827.687207,3.167583465576172,3.2833364009857178,764.1600341796875,634.3922119140625
1782130827.692207,3.6177332401275635,3.443185329437256,754.392578125,642.2938232421875
1782130827.697207,3.533215284347534,3.3917396068573,710.56005859375,626.5751953125
1782130827.702207,3.338456630706787,3.4927937984466553,750.9415283203125,643.5770263671875
1782130827.707207,3.4211373329162598,3.288848400115967,747.102783203125,641.5654296875
1782130827.712218,3.395414352416992,3.235565423965454,743.101318359375,641.64453125
1782130827.71733,3.1933064460754395,3.263125419616699,742.301025390625,632.9803466796875
1782130827.722329,3.4450228214263916,3.4101130962371826,739.6766357421875,632.5596923828125
1782130827.727329,3.2668001651763916,3.0205960273742676,731.525146484375,626.8470458984375
1782130827.732329,3.465233564376831,3.3072218894958496,731.939208984375,662.1014404296875
1782130827.737329,3.4927937984466553,3.2282159328460693,735.2760009765625,650.6885986328125
1782130827.742329,3.4983057975769043,3.259450912475586,724.4896240234375,650.1485595703125
1782130827.747329,3.4964683055877686,3.494631052017212,743.4114990234375,637.7474365234375
1782130827.752329,3.351318120956421,3.338456630706787,744.8851318359375,634.178466796875
1782130827.757329,3.4780948162078857,3.5442392826080322,763.4947509765625,649.7813720703125
1782130827.76233,3.367854118347168,3.367854118347168,780.7200927734375,625.879638671875
1782130827.767329,3.3715288639068604,3.2043304443359375,781.7989501953125,633.4095458984375
1782130827.77233,3.557100772857666,3.3292698860168457,735.0838623046875,630.301513671875
1782130827.777329,3.4211373329162598,3.430323839187622,741.984375,646.6719970703125
1782130827.78233,3.3715288639068604,3.4101130962371826,737.5367431640625,637.8563232421875
1782130827.787329,3.43583607673645,3.02978253364563,755.0712890625,650.167236328125
1782130827.79233,3.3549928665161133,3.373366355895996,772.9678955078125,628.0064697265625
1782130827.797329,3.3366193771362305,3.224541187286377,762.2462158203125,637.3887939453125
1782130827.807341,3.546076774597168,3.0720415115356445,709.502685546875,620.302001953125
1782130827.817341,3.432161331176758,3.362342119216919,726.5621337890625,623.041259765625
1782130827.82233,3.3200831413269043,3.2447521686553955,739.9088134765625,616.119384765625
1782130827.827329,3.263125419616699,3.298035144805908,758.197998046875,641.8818359375
1782130827.83233,3.430323839187622,3.419299840927124,760.2293701171875,651.647216796875
1782130827.837341,3.4780948162078857,3.3641796112060547,763.743408203125,645.5064697265625
1782130827.84233,3.3880650997161865,3.2557761669158936,760.47509765625,647.4920654296875
1782130827.852452,3.5074925422668457,3.2429146766662598,758.510009765625,654.5264892578125
1782130827.857452,3.437673330307007,3.351318120956421,755.3702392578125,654.115966796875
1782130827.862452,3.4101130962371826,3.2171919345855713,754.9796142578125,652.5372314453125
1782130827.867452,3.432161331176758,3.345806121826172,761.5399169921875,648.2823486328125
1782130827.872452,3.32192063331604,3.219029188156128,749.9710693359375,640.759765625
1782130827.877452,3.384390354156494,3.430323839187622,739.6846923828125,641.390380859375
1782130827.887452,3.397251844406128,3.103276491165161,738.366943359375,656.908935546875
1782130827.892452,3.465233564376831,2.989361047744751,753.006591796875,653.2777099609375
1782130827.897452,3.3660168647766113,3.0499935150146484,763.9036865234375,646.7586669921875
1782130827.902452,3.332944631576538,3.1822822093963623,739.806884765625,645.6043701171875
1782130827.907452,3.386227607727051,3.0830657482147217,747.8560791015625,648.4061279296875
1782130827.917452,3.0940897464752197,3.1877944469451904,744.835205078125,651.0986328125
1782130827.922463,3.3660168647766113,3.259450912475586,748.2745361328125,631.5234375
1782130827.927452,3.343968629837036,3.454209327697754,775.78564453125,650.9873046875
1782130827.931623,3.432161331176758,3.3182458877563477,772.0447998046875,650.8045654296875
1782130827.936623,3.5038177967071533,3.430323839187622,738.0732421875,625.4124755859375
1782130827.941623,3.432161331176758,3.3660168647766113,746.610107421875,634.680419921875
1782130827.946634,3.32192063331604,3.167583465576172,748.689453125,637.3399658203125
1782130827.956623,3.465233564376831,3.430323839187622,741.6341552734375,623.0697021484375
1782130827.961623,3.4799323081970215,3.3182458877563477,744.1517333984375,633.9066162109375
1782130827.966623,3.4284865856170654,3.465233564376831,748.077392578125,606.3563232421875
1782130827.971634,3.230053186416626,3.3770408630371094,743.500732421875,624.3099365234375
1782130827.976623,3.5534260272979736,3.535052537918091,745.001953125,624.2830810546875
1782130827.986756,3.573637008666992,3.2227039337158203,732.256591796875,639.10791015625
1782130827.991756,3.5203537940979004,3.4468600749969482,733.7899169921875,630.4215087890625
1782130827.996756,3.5258657932281494,3.400926351547241,713.470458984375,630.330322265625
1782130828.001767,3.3605048656463623,3.4174625873565674,728.6121826171875,618.194580078125
1782130828.006756,3.5019803047180176,3.367854118347168,728.985107421875,618.0489501953125
1782130828.011756,3.5773115158081055,3.5883357524871826,742.963623046875,599.072998046875
1782130828.016756,3.476257562637329,3.614058494567871,756.0299072265625,608.006591796875
1782130828.021756,3.454209327697754,3.557100772857666,749.0830078125,653.94287109375
1782130828.026756,3.586498260498047,3.500143051147461,735.708984375,640.684814453125
1782130828.031756,3.5497515201568604,3.608546495437622,731.2935791015625,642.87451171875
1782130828.036756,3.4468600749969482,3.516679286956787,733.7213134765625,641.971435546875
1782130828.041756,3.6048717498779297,3.913545846939087,732.044677734375,636.935302734375
1782130828.046756,3.551588773727417,3.6397812366485596,716.0284423828125,639.66455078125
1782130828.051756,3.5130045413970947,3.6526427268981934,720.6826171875,636.8948974609375
1782130828.056756,3.5717995166778564,3.568124771118164,733.473388671875,680.494384765625
1782130828.061756,3.437673330307007,3.8584253787994385,709.760009765625,626.346923828125
1782130828.066756,3.6158957481384277,3.5717995166778564,705.8436279296875,637.8521728515625
1782130828.076756,3.5424020290374756,3.5148417949676514,710.9166259765625,648.96923828125
1782130828.081767,3.535052537918091,3.6177332401275635,716.2191162109375,642.475341796875
1782130828.086756,3.47074556350708,3.5497515201568604,702.95849609375,643.79345703125
1782130828.091756,3.332944631576538,3.386227607727051,757.6661376953125,652.7855224609375
1782130828.096756,3.5074925422668457,3.487281560897827,752.3487548828125,649.7945556640625
1782130828.106756,3.465233564376831,3.1528847217559814,758.3817138671875,659.727783203125
1782130828.111756,3.4505348205566406,3.2778241634368896,757.6121826171875,655.95068359375
1782130828.116756,3.384390354156494,3.6342692375183105,764.3841552734375,636.9661865234375
1782130828.121878,3.729811191558838,3.3586673736572266,772.6717529296875,646.031982421875
1782130828.126878,3.5589380264282227,3.3641796112060547,751.7388916015625,651.749755859375
1782130828.13189,3.5424020290374756,3.408275842666626,758.7059326171875,631.6646728515625
1782130828.136878,3.6618294715881348,3.7849316596984863,731.644287109375,640.5670166015625
1782130828.141879,3.5773115158081055,3.4468600749969482,748.45263671875,645.6298828125
1782130828.146878,3.4468600749969482,3.5901730060577393,747.413818359375,645.1083984375
1782130828.151879,3.481769561767578,3.5368900299072266,748.1041259765625,648.3980712890625
1782130828.156878,3.448697328567505,3.384390354156494,750.1640625,653.4027099609375
1782130828.161879,3.4064383506774902,3.448697328567505,775.607177734375,639.0062255859375
1782130828.166878,3.5938477516174316,3.9172205924987793,765.1329345703125,630.3380126953125
1782130828.171879,3.3586673736572266,3.3586673736572266,788.1685791015625,626.633544921875
1782130828.17689,3.494631052017212,3.2723121643066406,779.10498046875,651.34619140625
1782130828.181879,3.4615588188171387,3.1822822093963623,777.904296875,661.0552978515625
1782130828.186878,3.3182458877563477,3.538727283477783,761.6212158203125,640.8590087890625
1782130828.191879,3.3990890979766846,3.294360399246216,764.75390625,655.22119140625
1782130828.196878,3.61957049369812,3.6581547260284424,765.391845703125,655.189208984375
1782130828.201879,3.395414352416992,3.1859569549560547,759.3370361328125,656.8529052734375
1782130828.206878,3.6011970043182373,3.4064383506774902,745.4354248046875,642.55029296875
1782130828.211879,3.522191286087036,3.443185329437256,768.92578125,673.3109130859375
1782130828.216878,3.476257562637329,3.408275842666626,758.0789794921875,662.14599609375
1782130828.221879,3.4983057975769043,3.349480628967285,752.14404296875,654.770263671875
1782130828.226878,3.5828235149383545,3.500143051147461,750.2830810546875,614.8592529296875
1782130828.231879,3.413787841796875,3.1822822093963623,765.141845703125,637.595458984375
1782130828.236878,3.6857149600982666,3.4689083099365234,762.89013671875,640.09716796875
1782130828.241879,3.424811840057373,3.5185165405273438,643.82763671875,650.2135009765625
1782130828.246878,3.592010259628296,3.4983057975769043,746.7818603515625,647.09521484375
1782130828.251878,3.5185165405273438,3.253938674926758,749.0716552734375,637.6151123046875
1782130828.257001,3.5662875175476074,3.5368900299072266,718.5228271484375,644.729248046875
1782130828.262001,3.792280912399292,3.50565505027771,726.5625,645.98828125
1782130828.272001,3.4156250953674316,3.0426440238952637,748.5941162109375,646.736328125
1782130828.277001,3.6452934741973877,3.4505348205566406,762.0726318359375,627.630615234375
1782130828.282001,3.487281560897827,3.770232915878296,757.109619140625,629.788818359375
1782130828.292012,3.6746909618377686,3.50565505027771,752.0609130859375,645.0966796875
1782130828.297001,3.4983057975769043,3.2961976528167725,750.625244140625,653.6439208984375
1782130828.302012,3.4744203090667725,3.3476433753967285,721.0657958984375,659.0391845703125
1782130828.307001,3.43583607673645,3.6122212409973145,733.1702880859375,652.10009765625
1782130828.312001,3.3017096519470215,3.4101130962371826,725.27880859375,646.5648193359375
1782130828.317001,3.5717995166778564,3.5240285396575928,735.135498046875,649.2896728515625
1782130828.322001,3.4964683055877686,3.6342692375183105,736.6566162109375,649.67041015625
1782130828.327012,3.5442392826080322,3.2851736545562744,733.1402587890625,649.22119140625
1782130828.332001,3.770232915878296,3.7849316596984863,711.5894775390625,639.945556640625
1782130828.337001,3.7959556579589844,3.5589380264282227,710.9532470703125,650.1302490234375
1782130828.342001,3.6361067295074463,3.6361067295074463,713.4351806640625,631.1494140625
1782130828.347001,3.345806121826172,3.5901730060577393,717.8843994140625,632.5633544921875
1782130828.352001,3.432161331176758,3.4211373329162598,745.186767578125,628.200439453125
1782130828.357001,3.5607755184173584,3.6067090034484863,707.273193359375,645.4697265625
1782130828.362001,3.384390354156494,3.4395105838775635,743.2967529296875,674.4461669921875
1782130828.367001,3.4780948162078857,3.2686376571655273,752.253662109375,659.0914306640625
1782130828.372001,3.3641796112060547,3.2447521686553955,739.0709228515625,676.1182861328125
1782130828.377012,3.378878355026245,3.3825528621673584,743.7044677734375,657.7508544921875
1782130828.382001,3.5424020290374756,3.3421313762664795,740.260986328125,645.1090087890625
1782130828.387012,3.3990890979766846,3.432161331176758,731.7412109375,636.315673828125
1782130828.392123,3.2668001651763916,3.1051137447357178,733.3519287109375,635.40087890625
1782130828.397123,3.6067090034484863,3.7334859371185303,719.7952880859375,637.1685791015625
1782130828.402145,3.533215284347534,3.327432632446289,765.098876953125,621.7315673828125
1782130828.407123,3.729811191558838,3.7481846809387207,763.5380859375,629.67138671875
1782130828.427134,3.5038177967071533,3.43583607673645,747.03955078125,622.28662109375
1782130828.432123,3.3660168647766113,3.248426675796509,785.08837890625,631.5325927734375
1782130828.437123,3.476257562637329,3.4101130962371826,751.88720703125,653.7373046875
1782130828.442123,3.4725828170776367,3.3696916103363037,744.6453857421875,637.5078125
1782130828.447123,3.338456630706787,3.3660168647766113,740.70947265625,636.97216796875
1782130828.452123,3.4064383506774902,3.419299840927124,743.3076171875,636.347412109375
1782130828.457123,3.4578840732574463,3.373366355895996,769.173095703125,625.8017578125
1782130828.462123,3.770232915878296,3.5240285396575928,734.232177734375,649.22265625
1782130828.467123,3.6416187286376953,3.483607053756714,738.1361083984375,647.588623046875
1782130828.472123,3.386227607727051,3.3292698860168457,740.37744140625,644.469482421875
1782130828.477123,3.35683012008667,2.873608350753784,757.0955810546875,634.3271484375
1782130828.482123,3.4064383506774902,3.2741496562957764,751.427490234375,653.1837158203125
1782130828.492123,3.5038177967071533,3.527703285217285,760.8699951171875,654.125
1782130828.497123,3.4505348205566406,3.3200831413269043,734.0220947265625,615.9696044921875
1782130828.502123,3.362342119216919,3.424811840057373,757.0272216796875,609.5174560546875
1782130828.507123,3.4284865856170654,3.2686376571655273,754.835693359375,618.8680419921875
1782130828.517123,3.4229745864868164,3.389902353286743,748.8245849609375,611.8338623046875
1782130828.527256,3.448697328567505,3.4119505882263184,746.2154541015625,616.928466796875
1782130828.532134,3.397251844406128,3.2906856536865234,747.6531982421875,645.1907958984375
1782130828.537256,3.481769561767578,3.395414352416992,746.7142333984375,638.0638427734375
1782130828.542256,3.4046010971069336,3.5717995166778564,754.3936767578125,621.048095703125
1782130828.547256,3.5258657932281494,3.3660168647766113,761.020751953125,633.865234375
1782130828.552256,3.4395105838775635,3.3182458877563477,751.3028564453125,632.422607421875
1782130828.557256,3.340294122695923,3.2557761669158936,752.300048828125,633.3162841796875
1782130828.562256,3.2961976528167725,3.476257562637329,746.1988525390625,617.6549072265625
1782130828.567256,3.2796616554260254,3.189631700515747,751.09228515625,626.9462890625
1782130828.572256,3.432161331176758,2.994873046875,755.49169921875,624.134521484375
1782130828.577267,3.386227607727051,3.3292698860168457,769.9493408203125,652.0035400390625
1782130828.582256,3.3990890979766846,3.3017096519470215,757.884033203125,633.4056396484375
1782130828.592256,3.4101130962371826,3.4780948162078857,749.9034423828125,627.564697265625
1782130828.597267,3.4156250953674316,3.151047468185425,745.6927490234375,625.4964599609375
1782130828.602256,3.332944631576538,3.178607702255249,750.760986328125,631.7872314453125
1782130828.607256,3.4156250953674316,3.5313780307769775,766.388916015625,647.3046875
1782130828.617256,3.4101130962371826,3.430323839187622,750.7398681640625,640.8402099609375
1782130828.622256,3.6416187286376953,3.5534260272979736,739.9342041015625,607.0579833984375
1782130828.627256,3.5883357524871826,3.408275842666626,739.453369140625,609.712646484375
1782130828.632256,3.4689083099365234,3.432161331176758,739.49755859375,614.601318359375
1782130828.637256,3.6416187286376953,3.8584253787994385,738.88623046875,624.8092041015625
1782130828.642267,3.516679286956787,3.568124771118164,733.2900390625,615.212158203125
1782130828.647256,3.5589380264282227,3.483607053756714,731.357666015625,612.512939453125
1782130828.657256,3.4156250953674316,3.288848400115967,727.5426025390625,639.7841796875
1782130828.662256,3.597522497177124,3.489119052886963,726.408935546875,640.7373046875
1782130828.667378,3.5258657932281494,3.288848400115967,733.6385498046875,625.5626220703125
1782130828.672379,3.4211373329162598,3.086740255355835,745.9051513671875,631.4769287109375
1782130828.677378,3.459721565246582,3.4744203090667725,743.9122314453125,635.47412109375
1782130828.682379,3.4523720741271973,3.5938477516174316,743.8402099609375,636.5966796875
1782130828.687378,3.4633960723876953,3.4615588188171387,745.08642578125,636.0440673828125
1782130828.69239,3.538727283477783,3.7849316596984863,723.7296142578125,642.7296142578125
1782130828.697378,3.5074925422668457,3.3127338886260986,733.9305419921875,643.454833984375
1782130828.702379,3.7500221729278564,3.575474262237549,732.8309326171875,632.379638671875
1782130828.712379,3.4983057975769043,3.3990890979766846,741.96826171875,629.0499267578125
1782130828.717379,3.3935770988464355,3.395414352416992,739.150146484375,623.5362548828125
1782130828.727379,3.4174625873565674,3.413787841796875,727.06298828125,628.055908203125
1782130828.732378,3.3917396068573,3.432161331176758,767.6259765625,617.98583984375
1782130828.737379,3.4964683055877686,3.443185329437256,751.703857421875,617.918701171875
1782130828.74239,3.5773115158081055,3.35683012008667,705.70947265625,613.7486572265625
1782130828.747379,3.4395105838775635,3.4229745864868164,697.95849609375,619.98046875
1782130828.752378,3.50565505027771,3.540564775466919,750.4503173828125,608.3712158203125
1782130828.757379,3.5828235149383545,3.3770408630371094,750.1319580078125,605.7281494140625
1782130828.762378,4.064208030700684,3.895172357559204,718.2154541015625,620.3031005859375
1782130828.76739,3.5552635192871094,3.7206244468688965,730.218505859375,636.6370849609375
1782130828.772378,3.332944631576538,3.432161331176758,735.326416015625,627.582275390625
1782130828.777379,3.50565505027771,3.5901730060577393,733.6656494140625,626.5982666015625
1782130828.782378,3.573637008666992,3.3660168647766113,733.0908203125,633.77734375
1782130828.78739,3.5258657932281494,3.4725828170776367,736.648193359375,630.1119384765625
1782130828.792378,3.419299840927124,3.3990890979766846,738.2806396484375,629.4039306640625
1782130828.797501,3.5534260272979736,3.395414352416992,738.1265869140625,629.4591064453125
1782130828.802501,3.6158957481384277,3.494631052017212,728.8494873046875,611.7791748046875
1782130828.807501,3.4046010971069336,3.71878719329834,729.556396484375,618.816650390625
1782130828.812501,3.4799323081970215,3.527703285217285,727.6378173828125,616.5369873046875
1782130828.817501,3.419299840927124,3.3770408630371094,731.9078369140625,617.2783203125
1782130828.822501,3.4064383506774902,3.408275842666626,732.7271728515625,625.0858154296875
1782130828.827501,3.68387770652771,3.6011970043182373,732.858642578125,628.4381103515625
1782130828.832501,3.432161331176758,3.138185977935791,734.3492431640625,627.2027587890625
1782130828.842501,3.4523720741271973,3.252101421356201,734.532470703125,629.8135986328125
1782130828.847501,3.2723121643066406,3.0334572792053223,740.217529296875,612.3094482421875
1782130828.857501,3.6452934741973877,3.224541187286377,744.1229248046875,621.9765625
1782130828.862501,3.340294122695923,3.2961976528167725,750.482421875,635.0704345703125
1782130828.867501,3.630594491958618,3.351318120956421,724.3309326171875,638.2823486328125
1782130828.872501,3.340294122695923,3.5442392826080322,742.9791259765625,643.4749755859375
1782130828.882501,3.432161331176758,3.343968629837036,729.2427978515625,625.24072265625
1782130828.887501,3.2741496562957764,3.3880650997161865,734.5714111328125,616.6092529296875
1782130828.892501,3.3770408630371094,3.538727283477783,733.87939453125,616.6563720703125
1782130828.897501,3.3182458877563477,3.5938477516174316,732.597412109375,618.5301513671875
1782130828.902501,3.252101421356201,3.2337279319763184,717.8045654296875,645.3883056640625
1782130828.907501,3.340294122695923,3.3586673736572266,731.6280517578125,632.8018798828125
1782130828.912501,3.538727283477783,3.3182458877563477,714.7926025390625,630.8311767578125
1782130828.917501,3.432161331176758,3.3715288639068604,723.1585693359375,615.87255859375
1782130828.922501,3.3807156085968018,3.3990890979766846,728.7391357421875,622.949951171875
1782130828.927501,3.430323839187622,3.3990890979766846,723.1480712890625,624.8707275390625
1782130828.932623,3.61957049369812,3.4578840732574463,732.8455810546875,637.483154296875
1782130828.937623,3.400926351547241,3.3641796112060547,739.6119384765625,639.901611328125
1782130828.942623,3.579149007797241,3.648967981338501,744.335693359375,639.79052734375
1782130828.947623,3.3880650997161865,3.200655698776245,736.98095703125,628.7144775390625
1782130828.952623,3.362342119216919,3.162071466445923,722.8511962890625,626.9071044921875
1782130828.957623,3.200655698776245,3.4174625873565674,728.76123046875,627.4810791015625
1782130828.962623,3.386227607727051,3.351318120956421,731.0010986328125,640.10009765625
1782130828.967634,3.3549928665161133,3.4468600749969482,743.803955078125,628.983154296875
1782130828.972634,3.5074925422668457,3.4615588188171387,738.8848876953125,629.6173095703125
1782130828.977623,3.384390354156494,3.3641796112060547,731.9212646484375,632.45556640625
1782130828.982623,3.362342119216919,3.189631700515747,727.298828125,628.5872802734375
1782130828.992634,3.3476433753967285,3.178607702255249,728.6947021484375,623.7410888671875
1782130828.997623,3.241077423095703,3.248426675796509,727.81689453125,619.96923828125
1782130829.002634,3.413787841796875,3.61957049369812,732.6859130859375,649.5850830078125
1782130829.007623,3.3990890979766846,3.546076774597168,734.5567626953125,644.2760009765625
1782130829.012634,3.4229745864868164,3.2851736545562744,747.668212890625,640.1153564453125
1782130829.017623,3.735323190689087,3.4395105838775635,709.03759765625,636.01220703125
1782130829.022623,3.332944631576538,3.2851736545562744,711.852783203125,623.817626953125
1782130829.027623,3.5662875175476074,3.2741496562957764,705.8748779296875,648.341064453125
1782130829.032623,3.332944631576538,3.362342119216919,723.538818359375,642.7138671875
1782130829.037634,3.3292698860168457,3.1712582111358643,725.069091796875,641.4019775390625
1782130829.042623,3.3182458877563477,3.3660168647766113,721.01708984375,638.2822265625
1782130829.047623,3.6452934741973877,3.465233564376831,726.5086669921875,630.4625244140625
1782130829.052623,3.3476433753967285,3.419299840927124,707.293212890625,644.5130615234375
1782130829.057623,3.648967981338501,3.310896396636963,752.4122314453125,620.8592529296875
1782130829.062623,3.540564775466919,3.5497515201568604,745.572998046875,618.841064453125
1782130829.067634,3.3752036094665527,3.351318120956421,728.2410888671875,638.5885009765625
1782130829.072745,3.665504217147827,3.792280912399292,729.97900390625,636.812744140625
1782130829.077745,3.459721565246582,3.373366355895996,773.8775634765625,627.992431640625
1782130829.082745,3.4725828170776367,3.119812488555908,826.0960693359375,648.330810546875
1782130829.087745,3.3696916103363037,3.1749329566955566,808.667724609375,655.257568359375
1782130829.092745,3.3200831413269043,3.288848400115967,816.634521484375,629.8077392578125
1782130829.097745,3.535052537918091,3.6158957481384277,817.717041015625,622.450927734375
1782130829.102756,3.2741496562957764,3.4983057975769043,786.3304443359375,595.2020263671875
1782130829.107745,3.5093297958374023,3.564450263977051,785.894775390625,656.0850830078125
1782130829.117756,3.5424020290374756,3.729811191558838,818.31591796875,654.6871337890625
1782130829.122745,3.5130045413970947,3.6802029609680176,835.2606201171875,706.51171875
1782130829.127756,3.432161331176758,3.61957049369812,856.2921142578125,633.5238037109375
1782130829.132745,3.3586673736572266,3.770232915878296,843.085205078125,645.4718017578125
1782130829.137745,3.6122212409973145,3.5607755184173584,861.9940185546875,649.8245849609375
1782130829.142745,3.3880650997161865,3.632431983947754,873.8975830078125,584.7950439453125
1782130829.147745,3.603034496307373,3.7151124477386475,852.3138427734375,608.2215576171875
1782130829.152745,3.4229745864868164,3.5424020290374756,851.741455078125,611.0390625
1782130829.157745,3.3605048656463623,3.527703285217285,875.4969482421875,638.625732421875
1782130829.162745,3.575474262237549,3.575474262237549,909.055908203125,638.73095703125
1782130829.167745,3.3641796112060547,3.8290278911590576,844.9683837890625,647.1993408203125
1782130829.177745,3.483607053756714,3.562612771987915,857.7794189453125,643.1204833984375
1782130829.182756,3.4064383506774902,3.4909563064575195,883.1807861328125,629.0062255859375
1782130829.187745,3.50565505027771,3.4744203090667725,863.6544189453125,606.2093505859375
1782130829.192745,3.5019803047180176,3.573637008666992,876.4117431640625,642.5501708984375
1782130829.202878,3.5019803047180176,3.751859426498413,858.6923828125,637.8385009765625
1782130829.207879,3.529540538787842,3.4689083099365234,867.8739013671875,639.62451171875
1782130829.212878,3.4174625873565674,3.5479140281677246,871.953857421875,632.1982421875
1782130829.217879,3.400926351547241,3.395414352416992,903.6131591796875,617.3905029296875
1782130829.222878,3.3641796112060547,3.7371606826782227,883.3125,626.531005859375
1782130829.22789,3.4578840732574463,3.672853469848633,860.1826171875,652.408203125
1782130829.232878,3.4174625873565674,3.7592086791992188,894.420166015625,603.5733642578125
1782130829.237879,3.4284865856170654,3.61957049369812,888.72119140625,606.1419677734375
1782130829.247879,3.4450228214263916,3.500143051147461,838.3792724609375,565.3961181640625
1782130829.252878,3.299872398376465,3.443185329437256,878.0706787109375,640.034423828125
1782130829.257879,3.6912269592285156,3.707763195037842,862.7672119140625,635.7265625
1782130829.262878,3.4064383506774902,3.8804736137390137,859.1561279296875,602.649169921875
1782130829.267879,3.397251844406128,3.716949939727783,913.6268310546875,611.8477783203125
1782130829.272878,3.362342119216919,3.659992218017578,903.764892578125,612.766357421875
1782130829.277879,3.5828235149383545,3.6232452392578125,845.66650390625,593.0279541015625
1782130829.282878,3.252101421356201,3.68387770652771,907.8155517578125,613.6068115234375
1782130829.287879,3.4119505882263184,3.630594491958618,890.173828125,591.2484130859375
1782130829.292878,3.4064383506774902,3.6416187286376953,877.5550537109375,595.7049560546875
1782130829.297879,3.5846610069274902,3.608546495437622,861.7742919921875,635.6922607421875
1782130829.302878,3.4780948162078857,3.713275194168091,861.262451171875,630.141357421875
1782130829.307878,3.494631052017212,3.4395105838775635,780.2421875,657.0194091796875
1782130829.312879,3.494631052017212,3.5938477516174316,802.675537109375,635.1246337890625
1782130829.317878,3.6526427268981934,3.71878719329834,813.7967529296875,640.0904541015625
1782130829.322879,3.6158957481384277,3.7739076614379883,803.435791015625,590.99169921875
1782130829.327878,3.6471307277679443,3.5313780307769775,785.91748046875,637.475830078125
1782130829.332879,3.5424020290374756,3.792280912399292,855.226806640625,639.317626953125
1782130829.338001,3.4780948162078857,3.3660168647766113,846.7318115234375,640.186279296875
1782130829.343001,3.682040214538574,3.6636667251586914,836.287353515625,645.4202880859375
1782130829.358001,3.5442392826080322,3.5589380264282227,829.6409912109375,643.4295654296875
1782130829.363012,3.7389979362487793,3.7224619388580322,827.20458984375,657.270263671875
1782130829.368001,3.5074925422668457,3.592010259628296,789.6090087890625,620.517578125
1782130829.373001,3.648967981338501,3.694901704788208,827.3302001953125,613.83056640625
1782130829.378001,3.65447998046875,3.511167049407959,854.3436279296875,624.4552001953125
1782130829.383001,3.9907143115997314,3.8878228664398193,838.995849609375,614.348876953125
1782130829.388001,3.6618294715881348,4.108304500579834,812.3936767578125,607.1690673828125
1782130829.398001,3.5534260272979736,3.6526427268981934,822.3338623046875,603.03955078125
1782130829.403001,3.608546495437622,3.884148359298706,829.423095703125,606.967041015625
1782130829.413012,3.71878719329834,3.6912269592285156,816.823486328125,620.929443359375
1782130829.423001,3.671016216278076,3.5203537940979004,806.415283203125,627.805419921875
1782130829.428001,3.454209327697754,3.713275194168091,868.4984130859375,590.17919921875
1782130829.433001,3.5828235149383545,3.637943983078003,854.5047607421875,608.67431640625
1782130829.438001,3.6857149600982666,3.659992218017578,853.7607421875,600.9027099609375
1782130829.443012,3.6636667251586914,3.792280912399292,837.32080078125,655.8804931640625
1782130829.448001,3.672853469848633,3.6508054733276367,854.7801513671875,672.5137939453125
1782130829.453012,3.630594491958618,3.862100124359131,846.219482421875,682.1258544921875
1782130829.458001,3.6067090034484863,3.8253531455993652,863.1124267578125,667.5450439453125
1782130829.463001,3.6048717498779297,3.6122212409973145,802.5528564453125,694.6566162109375
1782130829.468001,3.7849316596984863,3.814329147338867,815.683837890625,688.6845703125
1782130829.473001,3.6232452392578125,3.7996304035186768,803.1741943359375,682.2698974609375
1782130829.478134,3.603034496307373,3.682040214538574,823.78369140625,676.4644775390625
1782130829.488134,3.757371425628662,3.9282445907592773,848.2470703125,676.37890625
1782130829.498123,3.586498260498047,3.751859426498413,847.994384765625,674.577392578125
1782130829.503134,3.6563174724578857,3.4854443073272705,841.168701171875,658.0596923828125
1782130829.508123,3.7389979362487793,3.770232915878296,838.965087890625,666.4168701171875
1782130829.513134,3.564450263977051,3.7775821685791016,834.6859130859375,671.1025390625
1782130829.518123,3.6563174724578857,3.5424020290374756,815.09228515625,656.1502685546875
1782130829.523123,3.762883424758911,3.5607755184173584,819.4415283203125,619.34130859375
1782130829.528123,3.713275194168091,3.564450263977051,813.3299560546875,624.7281494140625
1782130829.533123,3.6067090034484863,3.592010259628296,854.1123046875,644.94921875
1782130829.538123,3.579149007797241,3.4633960723876953,840.375732421875,591.6160888671875
1782130829.543123,3.678365468978882,3.4983057975769043,825.26123046875,611.0447998046875
1782130829.553123,3.4633960723876953,3.586498260498047,828.6224365234375,609.842529296875
1782130829.558123,3.4725828170776367,3.4983057975769043,839.254150390625,615.2874755859375
1782130829.563123,3.5313780307769775,3.483607053756714,812.20654296875,642.875244140625
1782130829.568123,3.6342692375183105,3.4229745864868164,787.556396484375,634.7149658203125
1782130829.578123,3.694901704788208,3.65447998046875,814.824462890625,630.743408203125
1782130829.588134,3.8290278911590576,3.5534260272979736,819.1368408203125,622.535888671875
1782130829.593123,3.5938477516174316,3.340294122695923,814.32666015625,617.847900390625
1782130829.598123,3.535052537918091,3.527703285217285,824.513916015625,635.9884033203125
1782130829.603123,3.5717995166778564,3.6122212409973145,848.2001953125,604.5614013671875
1782130829.608245,3.6691789627075195,3.5846610069274902,848.3837890625,629.29833984375
1782130829.613256,3.707763195037842,3.7151124477386475,855.2647705078125,626.6483154296875
1782130829.618245,3.4670708179473877,3.665504217147827,815.055419921875,588.60791015625
1782130829.623245,3.632431983947754,3.4468600749969482,801.56689453125,587.347900390625
1782130829.628245,3.751859426498413,3.7334859371185303,839.9869384765625,619.9786376953125
1782130829.633245,3.4284865856170654,3.5424020290374756,827.676025390625,622.8345947265625
1782130829.638267,3.516679286956787,3.432161331176758,802.9122314453125,634.862548828125
1782130829.643245,3.384390354156494,3.408275842666626,825.346435546875,583.679443359375
1782130829.648256,3.476257562637329,3.454209327697754,850.201171875,610.8955078125
1782130829.663245,3.4689083099365234,3.465233564376831,833.006591796875,614.2298583984375
1782130829.668245,3.5717995166778564,3.4633960723876953,760.0440673828125,649.357177734375
1782130829.673245,3.6011970043182373,3.4468600749969482,742.1788330078125,622.6435546875
1782130829.678245,3.4064383506774902,3.3935770988464355,829.187744140625,649.4073486328125
1782130829.693245,3.5883357524871826,3.626919984817505,772.4267578125,643.303466796875
1782130829.698245,3.516679286956787,3.5589380264282227,789.7996826171875,587.0396728515625
1782130829.703245,3.5699622631073,3.50565505027771,802.168701171875,615.27587890625
1782130829.708245,3.5534260272979736,3.6158957481384277,790.986572265625,616.875244140625
1782130829.718245,3.535052537918091,3.5607755184173584,791.5836181640625,615.7032470703125
1782130829.723245,3.5038177967071533,3.7261364459991455,798.8551025390625,604.9013671875
1782130829.728245,3.5130045413970947,3.682040214538574,803.8360595703125,622.8045654296875
1782130829.733245,3.5038177967071533,3.4670708179473877,803.22216796875,618.535400390625
1782130829.738245,3.50565505027771,3.71878719329834,811.35888671875,614.6158447265625
1782130829.743256,3.5130045413970947,3.529540538787842,796.3660888671875,613.93408203125
1782130829.748379,3.608546495437622,3.678365468978882,827.53369140625,615.06396484375
1782130829.758379,3.465233564376831,3.6802029609680176,813.392578125,612.3905029296875
1782130829.763378,3.378878355026245,3.546076774597168,769.8037109375,608.865478515625
1782130829.768378,3.527703285217285,3.5607755184173584,819.1781005859375,599.5220947265625
1782130829.773379,3.441348075866699,3.7206244468688965,822.144775390625,629.02490234375
1782130829.778378,3.487281560897827,3.5313780307769775,814.643310546875,622.383544921875
1782130829.783379,3.5038177967071533,3.575474262237549,824.9276123046875,625.83154296875
1782130829.788378,3.443185329437256,3.7151124477386475,828.18505859375,629.7877197265625
1782130829.793379,3.386227607727051,3.5497515201568604,774.583984375,616.9622802734375
1782130829.798378,3.3990890979766846,3.5552635192871094,807.4583740234375,625.5732421875
1782130829.803379,3.4046010971069336,3.511167049407959,815.445556640625,607.84423828125
1782130829.808378,3.397251844406128,3.7334859371185303,801.3477783203125,609.275390625
1782130829.813379,3.465233564376831,3.516679286956787,755.0791015625,643.1470947265625
1782130829.818378,3.4174625873565674,3.4799323081970215,846.844482421875,622.2677001953125
1782130829.823379,3.6011970043182373,3.810654401779175,759.6524658203125,599.8734130859375
1782130829.828378,3.3807156085968018,3.5497515201568604,801.41015625,592.1943359375
1782130829.833379,3.4046010971069336,3.4395105838775635,813.358642578125,612.90185546875
1782130829.83839,3.465233564376831,3.6563174724578857,787.0516357421875,619.439208984375
1782130829.843379,3.4615588188171387,3.7040884494781494,815.1204833984375,625.287353515625
1782130829.848378,3.5828235149383545,3.538727283477783,814.3419189453125,622.6995849609375
1782130829.853379,3.4395105838775635,3.6067090034484863,771.94384765625,645.937255859375
1782130829.858378,3.448697328567505,3.575474262237549,804.4345703125,610.9022216796875
1782130829.863379,3.432161331176758,3.643455982208252,792.0640869140625,605.5174560546875
1782130829.873379,3.4927937984466553,3.483607053756714,780.4315185546875,585.65771484375
1782130829.878512,3.5019803047180176,3.6397812366485596,788.429443359375,603.590087890625
1782130829.883501,3.6397812366485596,3.5534260272979736,790.8404541015625,627.228271484375
1782130829.888501,3.395414352416992,3.529540538787842,814.7506103515625,646.6654052734375
1782130829.893501,3.384390354156494,3.621407985687256,764.6209716796875,625.1199951171875
1782130829.898512,3.4578840732574463,3.592010259628296,813.3446044921875,633.1385498046875
1782130829.903501,3.4505348205566406,3.637943983078003,814.7548828125,631.1796875
1782130829.908501,3.5313780307769775,3.3770408630371094,811.9609375,628.4642333984375
1782130829.913501,3.5019803047180176,3.7040884494781494,810.405029296875,630.3792724609375
1782130829.918501,3.441348075866699,3.575474262237549,805.330078125,641.7684326171875
1782130829.923501,3.4450228214263916,3.5552635192871094,818.4678955078125,622.1798095703125
1782130829.933501,3.430323839187622,3.527703285217285,803.0299072265625,637.76123046875
1782130829.938501,3.5185165405273438,3.614058494567871,764.0291748046875,607.00634765625
1782130829.943501,3.487281560897827,3.7555341720581055,726.3717041015625,591.8704833984375
1782130829.948501,3.3549928665161133,3.6103837490081787,773.808349609375,600.0682373046875
1782130829.953501,3.5717995166778564,3.6912269592285156,796.3453369140625,613.158935546875
1782130829.958501,3.4468600749969482,3.6416187286376953,788.7276611328125,614.4022216796875
1782130829.963501,3.465233564376831,3.5883357524871826,820.3575439453125,628.4674072265625
1782130829.968501,3.4983057975769043,3.5699622631073,759.6968994140625,620.3450927734375
1782130829.973501,3.50565505027771,3.6875522136688232,762.292724609375,622.856201171875
1782130829.978501,3.465233564376831,3.535052537918091,841.263671875,612.09033203125
1782130829.983501,3.43583607673645,3.50565505027771,778.4127197265625,583.0081787109375
1782130829.988501,3.3990890979766846,3.384390354156494,767.0877685546875,604.9034423828125
1782130829.993501,3.575474262237549,3.676528215408325,773.5018310546875,637.028564453125
1782130829.998501,3.4909563064575195,3.6526427268981934,775.708251953125,634.5762939453125
1782130830.003501,3.4046010971069336,3.659992218017578,813.9012451171875,647.0244140625
1782130830.008501,3.327432632446289,3.4505348205566406,755.0941162109375,623.0765380859375
1782130830.013623,3.448697328567505,3.5497515201568604,822.076416015625,627.3199462890625
1782130830.018623,3.50565505027771,3.6636667251586914,817.4158935546875,615.921142578125
1782130830.023623,3.5368900299072266,3.597522497177124,809.76318359375,617.211669921875
1782130830.028623,3.5846610069274902,3.626919984817505,821.7835693359375,620.828857421875
1782130830.033623,3.419299840927124,3.5313780307769775,823.383544921875,633.513916015625
1782130830.038623,3.4064383506774902,3.4927937984466553,797.4259033203125,649.037841796875
1782130830.043623,3.4983057975769043,3.6746909618377686,779.650634765625,618.5047607421875
1782130830.048623,3.483607053756714,3.4505348205566406,784.1280517578125,621.2467041015625
1782130830.053623,3.4064383506774902,3.659992218017578,802.8585205078125,613.221923828125
1782130830.058623,3.424811840057373,3.6967389583587646,801.7100830078125,609.6202392578125
1782130830.063623,3.4909563064575195,3.5901730060577393,806.9849853515625,629.805908203125
1782130830.068623,3.6232452392578125,3.6930644512176514,846.4866943359375,607.94482421875
1782130830.073623,3.5185165405273438,3.586498260498047,814.474609375,602.803955078125
1782130830.078623,3.5479140281677246,3.5497515201568604,808.94140625,610.5364990234375
1782130830.083623,3.432161331176758,3.6048717498779297,791.9625244140625,619.4000244140625
1782130830.088623,3.465233564376831,3.803305149078369,792.4674072265625,624.97314453125
1782130830.093623,3.402763843536377,3.5185165405273438,755.6485595703125,627.4825439453125
1782130830.098623,3.4689083099365234,3.6581547260284424,822.4176025390625,609.4735107421875
1782130830.103623,3.3660168647766113,3.5424020290374756,808.2928466796875,634.495849609375
1782130830.108634,3.50565505027771,3.8069796562194824,816.447265625,652.6044921875
1782130830.118623,3.5203537940979004,3.625082492828369,834.805908203125,614.4248046875
1782130830.123623,3.4284865856170654,3.597522497177124,830.0555419921875,618.1798095703125
1782130830.128623,3.4725828170776367,3.5368900299072266,804.70849609375,608.0400390625
1782130830.133623,3.373366355895996,3.5552635192871094,806.5892333984375,609.8546142578125
1782130830.138623,3.4927937984466553,3.672853469848633,790.3250732421875,611.0247802734375
1782130830.143623,3.4744203090667725,3.5019803047180176,809.7122802734375,612.4464111328125
1782130830.148634,3.424811840057373,3.5185165405273438,790.68310546875,667.318603515625
1782130830.153745,3.586498260498047,3.682040214538574,802.951416015625,658.7308349609375
1782130830.158634,3.4339985847473145,3.535052537918091,805.8773193359375,654.9765625
1782130830.163745,3.481769561767578,3.5130045413970947,805.604736328125,652.58642578125
1782130830.168745,3.4523720741271973,3.729811191558838,806.25,646.462646484375
1782130830.173745,3.4505348205566406,3.424811840057373,804.72119140625,637.2886962890625
1782130830.178745,3.454209327697754,3.4505348205566406,828.9697265625,635.013427734375
1782130830.183745,3.465233564376831,3.648967981338501,763.6492919921875,605.216796875
1782130830.188745,3.4983057975769043,3.494631052017212,773.302490234375,612.1533203125
1782130830.193745,3.332944631576538,3.562612771987915,816.6669921875,653.3919677734375
1782130830.198745,3.465233564376831,3.4744203090667725,816.8099365234375,651.384765625
1782130830.203745,3.465233564376831,3.4983057975769043,794.1617431640625,639.7706298828125
1782130830.208745,3.4395105838775635,3.494631052017212,776.1363525390625,634.6962890625
1782130830.213745,3.3880650997161865,3.50565505027771,791.8104248046875,616.8399658203125
1782130830.218745,3.4670708179473877,3.5313780307769775,789.087890625,622.8721923828125
1782130830.223745,3.432161331176758,3.5828235149383545,832.8984375,605.4090576171875
1782130830.228745,3.5093297958374023,3.630594491958618,816.031494140625,622.874755859375
1782130830.233745,3.4615588188171387,3.5093297958374023,760.8572998046875,652.9427490234375
1782130830.238745,3.5074925422668457,3.4064383506774902,827.1837158203125,631.0916748046875
1782130830.243745,3.437673330307007,3.432161331176758,823.1077880859375,632.263671875
1782130830.248745,3.4799323081970215,3.5258657932281494,756.72216796875,645.4718017578125
1782130830.253767,3.538727283477783,3.4689083099365234,790.7242431640625,590.8836669921875
1782130830.258745,3.3660168647766113,3.4119505882263184,802.6715087890625,619.2257080078125
1782130830.263745,3.443185329437256,3.3347818851470947,804.8563232421875,624.850341796875
1782130830.268745,3.6416187286376953,3.483607053756714,738.80029296875,613.7181396484375
1782130830.273745,3.351318120956421,3.4505348205566406,796.184326171875,595.40234375
1782130830.278745,3.430323839187622,3.568124771118164,795.9901123046875,607.4681396484375
1782130830.283756,3.4689083099365234,3.4780948162078857,795.5811767578125,610.482177734375
1782130830.288878,3.4174625873565674,3.6158957481384277,805.6934814453125,613.14990234375
1782130830.293879,3.4633960723876953,3.6361067295074463,807.588623046875,642.308837890625
1782130830.298878,3.5717995166778564,3.7959556579589844,795.394775390625,636.96533203125
1782130830.303879,3.5497515201568604,3.332944631576538,796.20556640625,637.6331787109375
1782130830.308878,3.459721565246582,3.597522497177124,795.2210693359375,634.1097412109375
1782130830.313879,3.522191286087036,3.4744203090667725,789.5712890625,628.34033203125
1782130830.318878,3.400926351547241,3.4615588188171387,790.09130859375,630.565673828125
1782130830.323879,3.432161331176758,3.4780948162078857,796.8641357421875,635.5518798828125
1782130830.328878,3.4174625873565674,3.483607053756714,780.1173095703125,617.174560546875
1782130830.333879,3.50565505027771,3.437673330307007,782.5367431640625,618.78564453125
1782130830.338878,3.522191286087036,3.4780948162078857,786.1248779296875,626.7755126953125
1782130830.343879,3.4101130962371826,3.592010259628296,784.970703125,623.1973876953125
1782130830.348878,3.4854443073272705,3.5442392826080322,808.0706787109375,623.9049072265625
1782130830.353878,3.4284865856170654,3.426649332046509,780.1754150390625,605.68115234375
1782130830.358879,3.443185329437256,3.4450228214263916,808.9189453125,625.9326171875
1782130830.363878,3.483607053756714,3.3641796112060547,810.7447509765625,626.9195556640625
1782130830.368879,3.4725828170776367,3.626919984817505,805.2279052734375,621.2789306640625
1782130830.373878,3.351318120956421,3.4339985847473145,841.8330078125,617.2923583984375
1782130830.37889,3.4505348205566406,3.4523720741271973,799.6204833984375,610.8009033203125
1782130830.38389,3.465233564376831,3.608546495437622,804.520751953125,610.7061767578125
1782130830.388879,3.4505348205566406,3.575474262237549,818.918701171875,623.048583984375
1782130830.393878,3.4101130962371826,3.665504217147827,812.7890625,612.4151611328125
1782130830.398879,3.4284865856170654,3.395414352416992,812.156494140625,618.3505859375
1782130830.403878,3.3531553745269775,3.351318120956421,808.2667236328125,614.843505859375
1782130830.408879,3.7022509574890137,3.630594491958618,807.9942626953125,613.6126708984375
1782130830.413878,3.511167049407959,3.5883357524871826,784.205078125,601.029541015625
1782130830.419001,3.3935770988464355,3.3696916103363037,786.749267578125,613.3604736328125
1782130830.423878,3.465233564376831,3.351318120956421,814.3021240234375,621.7279052734375
1782130830.429012,3.5497515201568604,3.5717995166778564,784.82470703125,607.0211181640625
1782130830.434001,3.4615588188171387,3.3072218894958496,801.81201171875,632.841796875
1782130830.439001,3.483607053756714,3.5699622631073,797.95263671875,606.5428466796875
1782130830.444001,3.5901730060577393,3.6177332401275635,782.0299072265625,592.392578125
1782130830.449012,3.4633960723876953,3.516679286956787,776.1123046875,595.919921875
1782130830.454001,3.5442392826080322,3.608546495437622,794.630859375,599.2069091796875
1782130830.459001,3.5534260272979736,3.5203537940979004,805.875244140625,641.6646728515625
1782130830.464001,3.50565505027771,3.4578840732574463,794.85205078125,639.7440185546875
1782130830.469001,3.4964683055877686,3.3292698860168457,794.0599365234375,638.7740478515625
1782130830.474001,3.5497515201568604,3.5093297958374023,811.15478515625,622.9937744140625
1782130830.479001,3.5607755184173584,3.6618294715881348,803.739501953125,594.99267578125
1782130830.484001,3.443185329437256,3.5258657932281494,774.365478515625,622.211669921875
1782130830.489001,3.4284865856170654,3.47074556350708,806.86669921875,620.36279296875
1782130830.494001,3.494631052017212,3.5479140281677246,824.3721923828125,630.9256591796875
1782130830.499001,3.4174625873565674,3.5185165405273438,757.3240966796875,629.3204345703125
1782130830.504001,3.3917396068573,3.575474262237549,762.152099609375,626.2705078125
1782130830.509001,3.4174625873565674,3.494631052017212,808.480712890625,621.928955078125
1782130830.514001,3.4744203090667725,3.4578840732574463,814.7532958984375,611.1727294921875
1782130830.519012,3.4174625873565674,3.5038177967071533,816.9332275390625,608.8673095703125
1782130830.524001,3.5130045413970947,3.4560468196868896,780.8656005859375,633.80322265625
1782130830.529001,3.413787841796875,3.50565505027771,790.373779296875,627.9798583984375
1782130830.534001,3.3990890979766846,3.3531553745269775,791.586181640625,629.72802734375
1782130830.539001,3.489119052886963,3.740835428237915,809.024658203125,635.1439208984375
1782130830.544001,3.4909563064575195,3.4854443073272705,785.4932861328125,608.04736328125
1782130830.549001,3.426649332046509,3.5497515201568604,796.8533935546875,610.5240478515625
1782130830.554123,3.564450263977051,3.6802029609680176,807.2220458984375,627.8543701171875
1782130830.559012,3.5883357524871826,3.5717995166778564,779.572021484375,638.634033203125
1782130830.564123,3.6232452392578125,3.535052537918091,746.0096435546875,606.5634765625
1782130830.569123,3.5074925422668457,3.564450263977051,823.0849609375,619.677978515625
1782130830.574123,3.4744203090667725,3.5424020290374756,811.39990234375,616.7039794921875
1782130830.579134,3.443185329437256,3.3807156085968018,830.2095947265625,645.1473388671875
1782130830.584123,3.4964683055877686,3.402763843536377,823.3099365234375,637.1021728515625
1782130830.589123,3.551588773727417,3.6048717498779297,820.248779296875,634.56103515625
1782130830.594123,3.3935770988464355,3.5258657932281494,816.5733642578125,626.4384765625
1782130830.599123,3.527703285217285,3.5313780307769775,791.148681640625,635.3770751953125
1782130830.604123,3.5240285396575928,3.608546495437622,817.5706787109375,622.265625
1782130830.609134,3.4615588188171387,3.3200831413269043,795.794677734375,614.0994873046875
1782130830.614134,3.522191286087036,3.50565505027771,805.6539306640625,613.775634765625
1782130830.619123,3.483607053756714,3.573637008666992,782.9674072265625,645.335205078125
1782130830.624123,3.50565505027771,3.678365468978882,784.7557373046875,608.716796875
1782130830.629123,3.4101130962371826,3.551588773727417,753.9886474609375,613.0010986328125
1782130830.634134,3.413787841796875,3.3935770988464355,804.9056396484375,643.09521484375
1782130830.639123,3.465233564376831,3.7261364459991455,809.7496337890625,597.126708984375
1782130830.644123,3.4725828170776367,3.5534260272979736,816.869384765625,614.3544921875
1782130830.649123,3.432161331176758,3.419299840927124,766.5416259765625,629.5791015625
1782130830.654123,3.494631052017212,3.459721565246582,774.1968994140625,633.01953125
1782130830.659123,3.349480628967285,3.288848400115967,790.981689453125,630.798583984375
1782130830.664123,3.4799323081970215,3.5203537940979004,801.56982421875,600.9447021484375
1782130830.669123,3.557100772857666,3.459721565246582,779.939697265625,601.5675048828125
1782130830.674123,3.4615588188171387,3.5093297958374023,795.6767578125,617.4158935546875
1782130830.679134,3.4156250953674316,3.384390354156494,811.0142822265625,618.1151123046875
1782130830.684134,3.3605048656463623,3.4101130962371826,832.9490966796875,635.4395751953125
1782130830.689245,3.389902353286743,3.419299840927124,823.4427490234375,628.724853515625
1782130830.694134,3.527703285217285,3.4615588188171387,829.208984375,646.8734130859375
1782130830.699245,3.4505348205566406,3.448697328567505,806.42724609375,627.3365478515625
1782130830.704245,3.5093297958374023,3.630594491958618,772.138916015625,605.421875
1782130830.709245,3.5240285396575928,3.4468600749969482,778.85595703125,607.9188232421875
1782130830.714245,3.426649332046509,3.395414352416992,787.74951171875,612.19921875
1782130830.719245,3.489119052886963,3.4633960723876953,743.987060546875,611.4024658203125
1782130830.724245,3.3990890979766846,3.3605048656463623,798.8616943359375,668.477294921875
1782130830.729245,3.362342119216919,3.4395105838775635,788.4122314453125,609.2933349609375
1782130830.734256,3.5130045413970947,3.5074925422668457,796.48681640625,604.052001953125
1782130830.739256,3.5093297958374023,3.6048717498779297,790.0712890625,607.1070556640625
1782130830.744256,3.395414352416992,3.500143051147461,817.572265625,600.9996337890625
1782130830.749245,3.4211373329162598,3.5479140281677246,801.5279541015625,616.667724609375
1782130830.754245,3.489119052886963,3.7996304035186768,804.9129638671875,622.6251220703125
1782130830.759245,3.459721565246582,3.4064383506774902,748.8824462890625,609.00732421875
1782130830.764256,3.527703285217285,3.6508054733276367,756.0220947265625,612.0362548828125
1782130830.769245,3.5534260272979736,3.4983057975769043,759.4476318359375,613.2169189453125
1782130830.779245,3.562612771987915,3.4854443073272705,764.550537109375,616.8829345703125
1782130830.789256,3.5185165405273438,3.4725828170776367,804.73779296875,639.07080078125
1782130830.794245,3.362342119216919,3.340294122695923,802.2115478515625,630.7255859375
1782130830.799245,3.4780948162078857,3.659992218017578,828.3685302734375,612.306396484375
1782130830.804245,3.43583607673645,3.3990890979766846,819.3809814453125,629.9285888671875
1782130830.809245,3.5479140281677246,3.516679286956787,815.1756591796875,630.5166015625
1782130830.814245,3.487281560897827,3.4064383506774902,814.1104736328125,626.90185546875
1782130830.819245,3.4174625873565674,3.4615588188171387,853.3729248046875,645.10400390625
1782130830.824378,3.5074925422668457,3.4689083099365234,849.9049072265625,646.212158203125
1782130830.829367,3.3035471439361572,3.4780948162078857,841.7271728515625,638.531494140625
1782130830.834378,3.419299840927124,3.4633960723876953,820.52490234375,629.779052734375
1782130830.839379,3.4670708179473877,3.465233564376831,818.8677978515625,631.381591796875
1782130830.844378,3.4211373329162598,3.4615588188171387,821.6910400390625,616.3348388671875
1782130830.849379,3.4101130962371826,3.564450263977051,826.421630859375,625.7071533203125
1782130830.854367,3.454209327697754,3.3917396068573,780.800048828125,598.3035888671875
1782130830.859367,3.4046010971069336,3.5442392826080322,807.5147705078125,612.552490234375
1782130830.864378,3.5607755184173584,3.562612771987915,811.87548828125,617.8543701171875
1782130830.869379,3.4101130962371826,3.349480628967285,804.9033203125,627.9822998046875
1782130830.874367,3.459721565246582,3.465233564376831,801.6951904296875,640.370361328125
1782130830.879367,3.4174625873565674,3.4468600749969482,801.7159423828125,638.625
1782130830.889367,3.6067090034484863,3.575474262237549,814.6707763671875,635.8551025390625
1782130830.894378,3.4670708179473877,3.621407985687256,812.500244140625,588.74462890625
1782130830.899379,3.424811840057373,3.597522497177124,828.5941162109375,611.2652587890625
1782130830.90439,3.4744203090667725,3.5148417949676514,785.4315185546875,630.411865234375
1782130830.909367,3.5717995166778564,3.4505348205566406,778.5224609375,618.8134765625
1782130830.914367,3.5148417949676514,3.6122212409973145,815.91650390625,642.01123046875
1782130830.919367,3.454209327697754,3.430323839187622,798.2279052734375,631.5443115234375
1782130830.924367,3.4211373329162598,3.533215284347534,818.3175048828125,642.631103515625
1782130830.929367,3.432161331176758,3.2227039337158203,810.4173583984375,620.125244140625
1782130830.935045,3.5662875175476074,3.538727283477783,846.485107421875,621.0137939453125
1782130830.940056,3.4799323081970215,3.5846610069274902,841.4027099609375,623.356201171875
1782130830.945045,3.432161331176758,3.3366193771362305,801.90576171875,661.290283203125
1782130830.950056,3.43583607673645,3.3200831413269043,822.9674072265625,653.09814453125
1782130830.955045,3.4064383506774902,3.332944631576538,831.4757080078125,653.9598388671875
1782130830.96019,3.3660168647766113,3.281498908996582,760.590576171875,624.2142333984375
1782130830.965178,3.4101130962371826,3.3531553745269775,823.0067138671875,598.312255859375
1782130830.970179,3.4670708179473877,3.432161331176758,820.443603515625,603.7789306640625
1782130830.975178,3.476257562637329,3.522191286087036,817.7650146484375,608.296875
1782130830.980179,3.3935770988464355,3.3072218894958496,807.6953125,614.4498291015625
1782130830.985178,3.4854443073272705,3.4211373329162598,761.84912109375,628.97119140625
1782130830.990179,3.4799323081970215,3.5717995166778564,794.9544677734375,623.009765625
1782130830.995178,3.4284865856170654,3.3935770988464355,793.584228515625,621.0535888671875
1782130831.015178,3.4468600749969482,3.4615588188171387,792.6395263671875,622.214599609375
1782130831.020179,3.516679286956787,3.4744203090667725,765.8505859375,614.5174560546875
1782130831.025178,3.481769561767578,3.6471307277679443,811.9251708984375,595.6231689453125
1782130831.030179,3.4229745864868164,3.573637008666992,777.214111328125,604.094482421875
1782130831.035179,3.50565505027771,3.608546495437622,794.65771484375,616.57080078125
1782130831.040179,3.540564775466919,3.3347818851470947,794.3343505859375,616.4228515625
1782130831.045179,3.4909563064575195,3.4633960723876953,794.3355712890625,616.7628173828125
1782130831.050179,3.373366355895996,3.489119052886963,744.8515625,590.8541259765625
1782130831.055179,3.343968629837036,3.4211373329162598,799.276611328125,613.03076171875
1782130831.060179,3.5148417949676514,3.395414352416992,795.8045654296875,613.0780029296875
1782130831.065179,3.4468600749969482,3.6857149600982666,793.194580078125,608.464111328125
1782130831.075179,3.5038177967071533,3.3072218894958496,800.5238037109375,620.270263671875
1782130831.080178,3.597522497177124,3.5993597507476807,804.8050537109375,621.2105712890625
1782130831.085179,3.4670708179473877,3.5093297958374023,802.290283203125,626.09765625
1782130831.090178,3.5203537940979004,3.5497515201568604,795.25634765625,608.77392578125
1782130831.095301,3.5368900299072266,3.5130045413970947,796.4376220703125,612.093505859375
1782130831.100312,3.47074556350708,3.5552635192871094,801.9085693359375,603.4735107421875
1782130831.105301,3.6636667251586914,3.5074925422668457,765.811767578125,611.2235107421875
1782130831.110301,3.340294122695923,3.5148417949676514,845.246337890625,610.145263671875
1782130831.115301,3.4799323081970215,3.6526427268981934,792.9578857421875,632.6414794921875
1782130831.120301,3.443185329437256,3.4339985847473145,793.6011962890625,630.037353515625
1782130831.125301,3.437673330307007,3.3531553745269775,808.59033203125,639.5159912109375
1782130831.130312,3.424811840057373,3.6985764503479004,792.27001953125,629.251708984375
1782130831.135301,3.538727283477783,3.6103837490081787,785.3577880859375,617.5140380859375
1782130831.140301,3.454209327697754,3.648967981338501,790.332275390625,630.3731689453125
1782130831.145301,3.4505348205566406,3.3366193771362305,807.3013916015625,635.25927734375
1782130831.150301,3.500143051147461,3.351318120956421,816.757568359375,608.087890625
1782130831.155301,3.6581547260284424,3.5093297958374023,774.2841796875,625.7213134765625
1782130831.160301,3.476257562637329,3.637943983078003,780.93798828125,626.0499267578125
1782130831.165301,3.4983057975769043,3.597522497177124,699.43408203125,606.9122314453125
1782130831.170312,3.441348075866699,3.4505348205566406,817.766357421875,633.8248291015625
1782130831.175301,3.465233564376831,3.483607053756714,811.8260498046875,603.718994140625
1782130831.180312,3.3311073780059814,3.343968629837036,803.1043701171875,626.4010009765625
1782130831.185301,3.3935770988464355,3.426649332046509,773.6468505859375,624.2156982421875
1782130831.195301,3.0849030017852783,3.057342767715454,811.7913818359375,668.8905029296875
1782130831.200301,3.2447521686553955,3.0683670043945312,811.7100830078125,663.5885009765625
1782130831.205301,3.292523145675659,3.051830768585205,778.013671875,638.0179443359375
1782130831.210301,3.062854766845703,2.7927651405334473,782.8348388671875,629.39306640625
1782130831.215301,3.4211373329162598,3.298035144805908,785.8006591796875,628.85888671875
1782130831.225301,3.1639089584350586,3.0316200256347656,791.84619140625,627.6689453125
1782130831.230423,3.32192063331604,3.1473727226257324,792.9310302734375,630.190185546875
1782130831.235423,3.230053186416626,3.057342767715454,799.35693359375,628.8707275390625
1782130831.240423,3.3182458877563477,3.064692258834839,809.0245361328125,653.474853515625
1782130831.245423,3.500143051147461,3.0775535106658936,781.9149169921875,629.4869384765625
1782130831.250434,3.343968629837036,3.219029188156128,777.389404296875,626.2763671875
1782130831.260423,3.1914689540863037,3.116137981414795,782.5986328125,639.4482421875
1782130831.265423,3.50565505027771,3.2171919345855713,784.573974609375,643.3580322265625
1782130831.270423,3.1749329566955566,2.9507768154144287,792.6982421875,646.27880859375
1782130831.275434,3.0610175132751465,3.103276491165161,793.7017822265625,645.3741455078125
1782130831.280423,3.219029188156128,2.8993310928344727,793.71337890625,647.13916015625
1782130831.285423,3.343968629837036,3.145535469055176,787.6837158203125,667.2308349609375
1782130831.295423,3.121649980545044,3.057342767715454,797.749267578125,660.0557861328125
1782130831.300423,3.3935770988464355,2.9103550910949707,800.56787109375,656.6109619140625
1782130831.305423,3.200655698776245,2.9287285804748535,797.9638671875,656.2452392578125
1782130831.310423,3.138185977935791,2.9746623039245605,801.41650390625,656.676513671875
1782130831.315423,3.465233564376831,3.2557761669158936,807.4197998046875,637.5606689453125
1782130831.320423,3.292523145675659,3.1345112323760986,804.1834716796875,649.573486328125
1782130831.325423,3.310896396636963,3.0536680221557617,801.295654296875,662.1719970703125
1782130831.330423,3.384390354156494,3.1859569549560547,794.49560546875,638.5927734375
1782130831.335423,3.196981191635132,3.0610175132751465,795.9248046875,642.706787109375
1782130831.340434,3.2668001651763916,3.1914689540863037,794.9552001953125,672.5362548828125
1782130831.345423,3.3182458877563477,3.0499935150146484,812.8992919921875,657.255615234375
1782130831.365556,3.5534260272979736,3.579149007797241,801.9208984375,658.55419921875
1782130831.370545,3.4119505882263184,3.2447521686553955,797.20556640625,660.9046630859375
1782130831.375545,3.476257562637329,3.3660168647766113,802.93408203125,646.5966796875
1782130831.380545,3.3825528621673584,3.167583465576172,839.5443115234375,618.123779296875
1782130831.385545,3.3035471439361572,3.189631700515747,836.1551513671875,633.8232421875
1782130831.390545,3.3255951404571533,3.614058494567871,803.7984619140625,649.247802734375
1782130831.395545,3.4211373329162598,3.511167049407959,819.38330078125,666.31640625
1782130831.400545,3.4284865856170654,3.340294122695923,850.27783203125,666.4378662109375
1782130831.405545,3.5497515201568604,3.448697328567505,827.0421142578125,656.9130859375
1782130831.410545,3.476257562637329,3.397251844406128,823.4029541015625,654.991943359375
1782130831.415556,3.5424020290374756,3.3421313762664795,788.5025634765625,659.403564453125
1782130831.420545,3.3917396068573,3.288848400115967,835.177490234375,628.846435546875
1782130831.425545,3.4101130962371826,3.3917396068573,826.43896484375,616.5013427734375
1782130831.430545,3.4229745864868164,3.3035471439361572,832.1993408203125,620.24560546875
1782130831.435556,3.3770408630371094,3.235565423965454,853.67138671875,664.9759521484375
1782130831.440545,3.4854443073272705,3.3880650997161865,850.1859130859375,661.324462890625
1782130831.445545,3.3880650997161865,3.43583607673645,816.7989501953125,627.2880859375
1782130831.450545,3.389902353286743,3.3127338886260986,798.4769287109375,656.78369140625
1782130831.455556,3.483607053756714,3.263125419616699,807.204833984375,650.642333984375
1782130831.460545,3.4578840732574463,3.5424020290374756,807.3587646484375,677.8804931640625
1782130831.465545,3.378878355026245,3.397251844406128,881.844482421875,625.57666015625
1782130831.470556,3.454209327697754,3.516679286956787,862.89794921875,629.758056640625
1782130831.475556,3.397251844406128,3.343968629837036,848.272216796875,659.2435302734375
1782130831.480556,3.4174625873565674,3.3880650997161865,825.6295166015625,653.88525390625
1782130831.485545,3.476257562637329,3.5148417949676514,821.63623046875,630.7255859375
1782130831.490567,3.4799323081970215,3.4101130962371826,872.75927734375,655.0142822265625
1782130831.495545,3.3715288639068604,3.241077423095703,827.9837646484375,652.712890625
1782130831.500679,3.443185329437256,3.3255951404571533,798.7706298828125,633.6663818359375
1782130831.505679,3.4174625873565674,3.389902353286743,791.270751953125,596.2510986328125
1782130831.510679,3.494631052017212,3.4046010971069336,795.3929443359375,606.937744140625
1782130831.515679,3.448697328567505,3.2686376571655273,801.4993896484375,627.485595703125
1782130831.52069,3.546076774597168,3.351318120956421,760.9241943359375,655.6339111328125
1782130831.525679,3.494631052017212,3.5203537940979004,828.9971923828125,641.3992919921875
1782130831.530679,3.432161331176758,3.4468600749969482,820.1328125,643.1295166015625
1782130831.535679,3.4284865856170654,3.160234212875366,812.8446044921875,639.7958984375
1782130831.540679,3.408275842666626,3.476257562637329,811.928955078125,598.9241943359375
1782130831.54569,3.4523720741271973,3.430323839187622,806.488525390625,606.65283203125
1782130831.550678,3.4523720741271973,3.557100772857666,812.46484375,640.125732421875
1782130831.555679,3.4064383506774902,3.252101421356201,742.4947509765625,642.9141845703125
1782130831.560678,3.5019803047180176,3.6067090034484863,753.4781494140625,643.982666015625
1782130831.565679,3.343968629837036,3.47074556350708,824.6246337890625,622.8106689453125
1782130831.570678,3.4725828170776367,3.4064383506774902,831.656494140625,612.9736328125
1782130831.575679,3.579149007797241,3.465233564376831,810.1199951171875,633.8414306640625
1782130831.580678,3.586498260498047,3.4909563064575195,825.467529296875,592.68115234375
1782130831.585679,3.400926351547241,3.3880650997161865,828.0394287109375,613.0361328125
1782130831.590678,3.4101130962371826,3.522191286087036,798.6358642578125,698.5223388671875
1782130831.595679,3.3825528621673584,3.3935770988464355,758.688720703125,675.08203125
1782130831.600678,3.4725828170776367,3.4395105838775635,829.4735107421875,617.0408935546875
1782130831.605679,3.4523720741271973,3.580986261367798,813.312744140625,626.397216796875
1782130831.610678,3.424811840057373,3.395414352416992,800.8953857421875,615.2900390625
1782130831.620679,3.5497515201568604,3.6930644512176514,788.388671875,634.3131103515625
1782130831.625679,3.4211373329162598,3.437673330307007,819.8990478515625,620.9193115234375
1782130831.630679,3.3421313762664795,3.3660168647766113,815.9608154296875,626.2135009765625
1782130831.635679,3.4799323081970215,3.395414352416992,833.5899658203125,635.9114990234375
1782130831.640801,3.511167049407959,3.305384397506714,794.0025634765625,672.2926025390625
1782130831.645812,3.487281560897827,3.3935770988464355,807.666748046875,665.8092041015625
1782130831.650801,3.4450228214263916,3.4523720741271973,767.5421142578125,643.092529296875
1782130831.660801,3.487281560897827,3.2741496562957764,763.395263671875,608.024658203125
1782130831.665801,3.50565505027771,3.430323839187622,797.1175537109375,612.2791748046875
1782130831.670801,3.5185165405273438,3.400926351547241,832.484375,650.30029296875
1782130831.675801,3.3347818851470947,3.378878355026245,785.752685546875,653.3638916015625
1782130831.680801,3.443185329437256,3.5534260272979736,810.1868896484375,662.254150390625
1782130831.685801,3.4505348205566406,3.4395105838775635,796.64501953125,631.578125
1782130831.690801,3.4450228214263916,3.3182458877563477,756.436279296875,670.3394775390625
1782130831.695801,3.4578840732574463,3.3072218894958496,778.4022216796875,610.1580810546875
1782130831.700801,3.527703285217285,3.4578840732574463,788.2666015625,677.203369140625
1782130831.705801,3.494631052017212,3.5699622631073,812.6837158203125,609.424072265625
1782130831.710801,3.533215284347534,3.476257562637329,833.484619140625,600.078125
1782130831.715801,3.3770408630371094,3.5185165405273438,825.300537109375,608.724365234375
1782130831.720801,3.5130045413970947,3.4523720741271973,806.06640625,664.773681640625
1782130831.725801,3.4983057975769043,3.483607053756714,817.4306640625,655.32666015625
1782130831.730801,3.378878355026245,3.4983057975769043,817.776611328125,652.3614501953125
1782130831.735801,3.5497515201568604,3.489119052886963,820.1531982421875,655.534423828125
1782130831.740801,3.3715288639068604,3.343968629837036,785.244384765625,610.3963623046875
1782130831.745801,3.4909563064575195,3.4064383506774902,701.0947265625,699.621337890625
1782130831.755801,3.400926351547241,3.340294122695923,820.6234130859375,655.42041015625
1782130831.760801,3.3605048656463623,3.3641796112060547,826.501220703125,652.4273681640625
1782130831.765801,3.362342119216919,3.3641796112060547,818.108154296875,659.8753662109375
1782130831.770801,3.454209327697754,3.408275842666626,824.4268798828125,630.564697265625
1782130831.775923,3.402763843536377,3.373366355895996,858.954833984375,613.747802734375
1782130831.785923,3.413787841796875,3.419299840927124,841.852783203125,620.5166015625
1782130831.790923,3.4983057975769043,3.4689083099365234,838.366943359375,612.1512451171875
1782130831.795923,3.437673330307007,3.413787841796875,795.0987548828125,635.2125244140625
1782130831.800923,3.5203537940979004,3.3917396068573,791.40673828125,633.6650390625
1782130831.805923,3.5203537940979004,3.4689083099365234,782.143798828125,637.9453125
1782130831.810923,3.362342119216919,3.288848400115967,841.129150390625,652.389892578125
1782130831.820923,3.5258657932281494,3.4468600749969482,819.3037109375,634.715087890625
1782130831.825923,3.5717995166778564,3.4119505882263184,812.4940185546875,652.1641845703125
1782130831.830923,3.3990890979766846,3.43583607673645,795.14013671875,653.8017578125
1782130831.835934,3.4560468196868896,3.395414352416992,816.439453125,636.0684814453125
1782130831.840923,3.5534260272979736,3.4670708179473877,819.7261962890625,652.5458984375
1782130831.845923,3.487281560897827,3.573637008666992,793.51513671875,644.6339111328125
1782130831.850923,3.3807156085968018,3.4854443073272705,795.7056884765625,646.1170654296875
1782130831.855923,3.4744203090667725,3.5093297958374023,825.6300048828125,645.8497314453125
1782130831.860923,3.597522497177124,3.5846610069274902,824.6396484375,664.6380615234375
1782130831.865934,3.538727283477783,3.310896396636963,821.0643310546875,663.1737060546875
1782130831.870923,3.6416187286376953,3.630594491958618,723.4713134765625,614.7242431640625
1782130831.875923,3.3990890979766846,3.402763843536377,830.849853515625,664.3896484375
1782130831.880934,3.5699622631073,3.3917396068573,797.27001953125,638.429931640625
1782130831.885923,3.5552635192871094,3.494631052017212,824.99853515625,654.3880615234375
1782130831.890923,3.4615588188171387,3.32192063331604,764.15966796875,602.7845458984375
1782130831.895923,3.4615588188171387,3.4689083099365234,746.347412109375,711.17333984375
1782130831.900923,3.6122212409973145,3.4395105838775635,772.1163330078125,624.1590576171875
1782130831.905923,3.6930644512176514,3.682040214538574,814.440185546875,635.416748046875
1782130831.910934,3.5773115158081055,3.5828235149383545,794.7215576171875,630.2720947265625
1782130831.915934,3.4854443073272705,3.443185329437256,776.0750732421875,636.397705078125
1782130831.926045,3.527703285217285,3.533215284347534,702.52734375,610.5257568359375
1782130831.931045,3.5883357524871826,3.608546495437622,866.38525390625,632.7822265625
1782130831.936045,3.592010259628296,3.419299840927124,835.154052734375,629.22900390625
1782130831.941045,3.5938477516174316,3.564450263977051,824.3333740234375,627.91650390625
1782130831.946045,3.476257562637329,3.4174625873565674,867.1807861328125,640.687255859375
1782130831.951067,3.516679286956787,3.327432632446289,841.312255859375,671.5264892578125
1782130831.956045,3.6691789627075195,3.443185329437256,791.047607421875,660.7210693359375
1782130831.961045,3.535052537918091,3.538727283477783,794.072998046875,676.31201171875
1782130831.966056,3.5313780307769775,3.65447998046875,795.9095458984375,659.9381103515625
1782130831.971045,3.494631052017212,3.395414352416992,817.5572509765625,664.445068359375
1782130831.976045,3.448697328567505,3.5093297958374023,818.723876953125,672.9735107421875
1782130831.981045,3.500143051147461,3.713275194168091,780.26171875,662.5372314453125
1782130831.986045,3.61957049369812,3.6526427268981934,791.6900634765625,644.515380859375
1782130831.991045,3.3237578868865967,3.4229745864868164,729.701416015625,654.0322265625
1782130831.996045,3.332944631576538,3.465233564376831,790.7606201171875,652.3360595703125
1782130832.001045,3.454209327697754,3.5185165405273438,839.7353515625,633.9212646484375
1782130832.006045,3.4578840732574463,3.5148417949676514,825.262939453125,635.9195556640625
1782130832.011045,3.4799323081970215,3.487281560897827,829.8211669921875,616.7745361328125
1782130832.016045,3.4395105838775635,3.3880650997161865,847.0010986328125,642.3572998046875
1782130832.021045,3.351318120956421,3.362342119216919,846.7139892578125,641.4005126953125
1782130832.026045,3.32192063331604,3.3127338886260986,851.175537109375,636.33740234375
1782130832.031045,3.481769561767578,3.389902353286743,822.1004638671875,636.1937255859375
1782130832.036045,3.4468600749969482,3.1767702102661133,812.6671142578125,644.8115234375
1782130832.041045,3.432161331176758,3.4744203090667725,797.9990234375,624.9327392578125
1782130832.046179,3.402763843536377,3.454209327697754,831.6148681640625,627.17431640625
1782130832.056179,3.343968629837036,3.424811840057373,823.53076171875,633.7142333984375
1782130832.061178,3.4395105838775635,3.432161331176758,769.8677978515625,609.500732421875
1782130832.066179,3.3770408630371094,3.400926351547241,787.3739013671875,618.007080078125
1782130832.071178,3.3072218894958496,3.2557761669158936,798.0467529296875,612.0745849609375
1782130832.076179,3.400926351547241,3.395414352416992,818.9039306640625,619.6046142578125
1782130832.081178,3.43583607673645,3.454209327697754,820.413818359375,614.03857421875
1782130832.086179,3.3200831413269043,3.50565505027771,814.8270263671875,611.6439208984375
1782130832.091179,3.241077423095703,3.2116799354553223,850.36865234375,614.7330322265625
1782130832.096179,3.3182458877563477,3.189631700515747,847.29931640625,615.263916015625
1782130832.101179,3.3696916103363037,3.4615588188171387,824.180908203125,665.148193359375
1782130832.106179,3.454209327697754,3.362342119216919,849.5704345703125,579.4375
1782130832.111179,3.494631052017212,3.3182458877563477,826.22900390625,625.697265625
1782130832.11619,3.3072218894958496,3.219029188156128,839.226318359375,648.869384765625
1782130832.121179,3.400926351547241,3.3770408630371094,818.1265869140625,632.7669677734375
1782130832.126179,3.2851736545562744,3.3935770988464355,829.84423828125,644.8848876953125
1782130832.131179,3.4101130962371826,3.3917396068573,829.65625,652.317138671875
1782130832.136178,3.3990890979766846,3.483607053756714,829.424072265625,647.454833984375
1782130832.141179,3.3311073780059814,3.340294122695923,827.7781982421875,646.0584716796875
1782130832.146178,3.4560468196868896,3.2906856536865234,825.9962158203125,638.101318359375
1782130832.151179,3.5424020290374756,3.4395105838775635,835.034423828125,644.2919921875
1782130832.156178,3.3770408630371094,3.5038177967071533,789.4892578125,609.2852783203125
1782130832.161179,3.3770408630371094,3.2961976528167725,835.928466796875,642.2628173828125
1782130832.166178,3.3825528621673584,3.3017096519470215,815.7928466796875,685.2547607421875
1782130832.171179,3.4395105838775635,3.3127338886260986,822.1656494140625,674.392333984375
1782130832.176178,3.3090591430664062,3.395414352416992,829.4100341796875,662.0469970703125
1782130832.181301,3.430323839187622,3.340294122695923,831.3876953125,649.7225341796875
1782130832.186301,3.50565505027771,3.5313780307769775,825.4090576171875,638.18603515625
1782130832.191301,3.4615588188171387,3.481769561767578,824.2042236328125,657.0247802734375
1782130832.196301,3.437673330307007,3.4725828170776367,790.88232421875,605.0196533203125
1782130832.201301,3.5424020290374756,3.4064383506774902,806.0675048828125,703.178466796875
1782130832.206312,3.3935770988464355,3.400926351547241,806.3870849609375,692.162353515625
1782130832.211301,3.608546495437622,3.6158957481384277,835.58203125,691.6622314453125
1782130832.216301,3.487281560897827,3.516679286956787,835.0487060546875,683.47998046875
1782130832.221301,3.389902353286743,3.603034496307373,855.4036865234375,652.569091796875
1782130832.226301,3.3770408630371094,3.4560468196868896,803.6832275390625,690.5787353515625
1782130832.231301,3.4983057975769043,3.621407985687256,806.104248046875,679.8118896484375
1782130832.236301,3.4211373329162598,3.5093297958374023,794.430419921875,690.2152099609375
1782130832.241301,3.5093297958374023,3.373366355895996,801.1082763671875,661.2437744140625
1782130832.246301,3.481769561767578,3.4927937984466553,837.753662109375,662.2139892578125
1782130832.251301,3.4101130962371826,3.397251844406128,791.28564453125,699.9364013671875
1782130832.256301,3.6158957481384277,3.6967389583587646,799.98974609375,687.356689453125
1782130832.261301,3.3770408630371094,3.5368900299072266,835.2530517578125,690.8206787109375
1782130832.266301,3.626919984817505,3.621407985687256,833.158935546875,690.3538818359375
1782130832.271301,3.5662875175476074,3.608546495437622,828.8648681640625,696.3790283203125
1782130832.276301,3.47074556350708,3.4983057975769043,761.203369140625,670.2991943359375
1782130832.281301,3.597522497177124,3.573637008666992,830.5057373046875,682.000244140625
1782130832.286301,3.443185329437256,3.448697328567505,812.3424072265625,715.8934326171875
1782130832.291301,3.454209327697754,3.5424020290374756,839.7791748046875,698.8507080078125
1782130832.296301,3.5938477516174316,3.6691789627075195,837.4381103515625,698.7076416015625
1782130832.301301,3.6526427268981934,3.5534260272979736,851.427490234375,701.98046875
1782130832.306301,3.4119505882263184,3.362342119216919,840.7694091796875,720.9229736328125
1782130832.311301,3.6581547260284424,3.603034496307373,839.007568359375,710.54150390625
1782130832.316423,3.50565505027771,3.61957049369812,840.51220703125,732.5762939453125
1782130832.321423,3.424811840057373,3.7592086791992188,802.243408203125,670.9217529296875
1782130832.331423,3.494631052017212,3.362342119216919,824.75244140625,687.8663330078125
1782130832.336423,3.535052537918091,3.4725828170776367,837.939453125,668.287109375
1782130832.341423,3.637943983078003,3.757371425628662,839.7698974609375,673.9327392578125
1782130832.346423,3.540564775466919,3.580986261367798,837.5733642578125,677.29541015625
1782130832.351434,3.632431983947754,3.413787841796875,859.748779296875,691.9976806640625
1782130832.361423,3.564450263977051,3.7261364459991455,843.5362548828125,690.36083984375
1782130832.366423,3.481769561767578,3.4064383506774902,855.15966796875,711.385498046875
1782130832.371423,3.489119052886963,3.487281560897827,806.1429443359375,724.2642822265625
1782130832.376423,3.351318120956421,3.5497515201568604,856.218505859375,717.7015380859375
1782130832.386423,3.5148417949676514,3.61957049369812,854.73974609375,731.5401611328125
1782130832.391423,3.373366355895996,3.643455982208252,855.638671875,702.729736328125
1782130832.396423,3.682040214538574,3.402763843536377,856.491455078125,699.3038330078125
1782130832.401423,3.614058494567871,3.5442392826080322,853.9512939453125,703.23095703125
1782130832.411423,3.575474262237549,3.792280912399292,845.601318359375,698.2333984375
1782130832.416423,3.637943983078003,3.6158957481384277,825.991943359375,715.9757080078125
1782130832.421423,3.6048717498779297,3.6526427268981934,836.7716064453125,717.3773193359375
1782130832.426423,3.522191286087036,3.6746909618377686,837.621826171875,716.02490234375
1782130832.431423,3.740835428237915,3.6802029609680176,806.573486328125,705.832763671875
1782130832.436434,3.724299192428589,3.6122212409973145,809.3214111328125,705.2615966796875
1782130832.441423,3.5956850051879883,3.5479140281677246,844.31396484375,725.95361328125
1782130832.446423,3.476257562637329,3.6875522136688232,853.0484619140625,733.0123291015625
1782130832.451545,3.5607755184173584,3.5607755184173584,856.212890625,721.0147705078125
1782130832.456545,3.7739076614379883,3.6857149600982666,839.8326416015625,749.8084716796875
1782130832.461545,3.413787841796875,3.3990890979766846,840.8819580078125,719.064697265625
1782130832.471545,3.540564775466919,3.724299192428589,836.9010009765625,735.607421875
1782130832.476545,3.3090591430664062,3.6011970043182373,838.9703369140625,724.1478271484375
1782130832.481556,3.694901704788208,3.4101130962371826,812.9420166015625,768.151123046875
1782130832.486545,3.6011970043182373,3.443185329437256,814.0087890625,760.8143310546875
1782130832.491545,3.5662875175476074,3.575474262237549,847.7852783203125,704.1676025390625
1782130832.496545,3.3990890979766846,3.5019803047180176,848.3441162109375,709.490478515625
1782130832.501545,3.597522497177124,3.586498260498047,845.8170166015625,726.3143310546875
1782130832.506556,3.4284865856170654,3.5497515201568604,831.43408203125,701.70166015625
1782130832.511545,3.5258657932281494,3.6875522136688232,827.81201171875,704.6751708984375
1782130832.516556,3.5479140281677246,3.4101130962371826,869.3721923828125,717.3603515625
1782130832.521545,3.4064383506774902,3.5203537940979004,862.479736328125,723.625732421875
1782130832.526556,3.3917396068573,3.522191286087036,859.3316650390625,713.00732421875
1782130832.531545,3.3990890979766846,3.575474262237549,815.9722900390625,730.166259765625
1782130832.536545,3.50565505027771,3.437673330307007,832.4190673828125,733.781005859375
1782130832.541545,3.454209327697754,3.5148417949676514,834.7939453125,676.6082763671875
1782130832.546545,3.3825528621673584,3.50565505027771,817.0595703125,720.873779296875
1782130832.551545,3.586498260498047,3.527703285217285,857.149169921875,725.911865234375
1782130832.556556,3.564450263977051,3.608546495437622,866.2562255859375,756.33544921875
1782130832.561545,3.762883424758911,3.568124771118164,861.9000244140625,752.837646484375
1782130832.566545,3.5607755184173584,3.511167049407959,843.27099609375,743.0283203125
1782130832.571556,3.5956850051879883,3.481769561767578,814.6463623046875,733.031982421875
1782130832.576545,3.586498260498047,3.5699622631073,822.0167236328125,764.3896484375
1782130832.581545,3.5038177967071533,3.751859426498413,861.99072265625,673.3023681640625
1782130832.591667,3.821678638458252,3.6967389583587646,862.3084716796875,697.64990234375
1782130832.596678,3.5607755184173584,3.5074925422668457,840.44189453125,694.853515625
1782130832.601667,3.740835428237915,3.538727283477783,837.188720703125,698.85546875
1782130832.606678,3.592010259628296,3.5130045413970947,837.326416015625,706.85302734375
1782130832.611679,3.430323839187622,3.6177332401275635,871.242919921875,702.2406005859375
1782130832.616668,3.6103837490081787,3.614058494567871,858.4136962890625,686.771240234375
1782130832.621667,3.511167049407959,3.6158957481384277,871.1966552734375,694.86474609375
1782130832.626678,3.454209327697754,3.5038177967071533,837.247802734375,694.755859375
1782130832.631667,3.500143051147461,3.4119505882263184,865.4105224609375,706.6654052734375
1782130832.636667,3.4284865856170654,3.400926351547241,864.2777099609375,675.1005859375
1782130832.641667,3.5313780307769775,3.511167049407959,860.6192626953125,678.03662109375
1782130832.646667,3.4505348205566406,3.4964683055877686,861.225830078125,698.6905517578125
1782130832.651667,3.551588773727417,3.487281560897827,863.6015625,691.9478759765625
1782130832.656667,3.707763195037842,3.6508054733276367,845.8009033203125,705.2503662109375
1782130832.661667,3.5497515201568604,3.5203537940979004,866.0245361328125,710.7738037109375
1782130832.666667,3.5534260272979736,3.6746909618377686,881.4259033203125,711.3929443359375
1782130832.671667,3.4064383506774902,3.4505348205566406,868.2587890625,665.47705078125
1782130832.676679,3.7371606826782227,3.7426726818084717,805.952392578125,686.285888671875
1782130832.681667,3.700413703918457,3.5717995166778564,827.631103515625,688.658935546875
1782130832.686667,3.538727283477783,3.397251844406128,852.115234375,684.2833251953125
1782130832.691667,3.6618294715881348,3.527703285217285,834.2823486328125,685.005859375
1782130832.701679,3.7426726818084717,3.6746909618377686,838.70703125,706.37744140625
1782130832.706667,3.6416187286376953,3.494631052017212,851.763916015625,723.87646484375
1782130832.716667,3.481769561767578,3.459721565246582,859.788330078125,726.3057861328125
1782130832.721801,3.5148417949676514,3.454209327697754,839.7496337890625,744.8310546875
1782130832.726801,3.6581547260284424,3.6067090034484863,865.0289306640625,717.7130126953125
1782130832.731801,3.4670708179473877,3.465233564376831,850.025390625,688.888916015625
1782130832.736801,3.408275842666626,3.6802029609680176,851.025146484375,692.26318359375
1782130832.741812,3.4854443073272705,3.50565505027771,831.6048583984375,727.08056640625
1782130832.746801,3.7849316596984863,3.7592086791992188,866.3409423828125,693.769287109375
1782130832.751801,3.6930644512176514,3.5368900299072266,875.083984375,659.599853515625
1782130832.756801,3.626919984817505,3.770232915878296,873.5345458984375,662.7607421875
1782130832.761801,3.5203537940979004,3.6232452392578125,863.22412109375,674.13134765625
1782130832.766801,3.551588773727417,3.535052537918091,865.2196044921875,677.2447509765625
1782130832.771812,3.5203537940979004,3.562612771987915,821.31298828125,685.7396240234375
1782130832.776801,3.7206244468688965,3.626919984817505,876.37109375,702.792724609375
1782130832.781801,3.648967981338501,3.5424020290374756,867.57275390625,696.8985595703125
1782130832.786801,3.5993597507476807,3.6048717498779297,874.017578125,686.929931640625
1782130832.791801,3.5424020290374756,3.5828235149383545,865.252685546875,657.0723876953125
1782130832.796801,3.4395105838775635,3.538727283477783,863.95703125,668.5841064453125
1782130832.801801,3.6067090034484863,3.5148417949676514,877.0035400390625,660.264892578125
1782130832.806801,3.4744203090667725,3.614058494567871,852.452392578125,686.06689453125
1782130832.811801,3.5717995166778564,3.516679286956787,832.6099853515625,679.439697265625
1782130832.816812,3.5846610069274902,3.2906856536865234,845.9140625,682.0992431640625
1782130832.826801,3.7206244468688965,3.770232915878296,845.3739013671875,640.866455078125
1782130832.831801,3.487281560897827,3.465233564376831,894.675537109375,679.807373046875
1782130832.836801,3.487281560897827,3.5534260272979736,890.8770751953125,670.8291015625
1782130832.841801,3.746347427368164,3.4064383506774902,893.4268798828125,672.2862548828125
1782130832.846801,3.6158957481384277,3.626919984817505,844.6424560546875,648.8597412109375
1782130832.851801,3.3990890979766846,3.3641796112060547,848.4783935546875,653.6353759765625
1782130832.856923,3.6177332401275635,3.7096004486083984,838.74609375,691.8033447265625
1782130832.861923,3.3880650997161865,3.0720415115356445,879.1473388671875,683.583740234375
1782130832.866923,3.6342692375183105,3.538727283477783,875.9888916015625,675.593994140625
1782130832.871923,3.4211373329162598,3.5552635192871094,857.728271484375,703.3077392578125
1782130832.876923,3.413787841796875,3.400926351547241,876.8443603515625,640.2523193359375
1782130832.881923,3.340294122695923,3.597522497177124,850.3336181640625,692.6405029296875
1782130832.886923,3.4450228214263916,3.343968629837036,859.9276123046875,685.438232421875
1782130832.891923,3.61957049369812,3.568124771118164,871.571044921875,676.6968994140625
1782130832.896923,3.603034496307373,3.5534260272979736,853.8695068359375,680.817626953125
1782130832.906923,3.4211373329162598,3.5717995166778564,864.37353515625,710.72216796875
1782130832.911923,3.3935770988464355,3.292523145675659,800.4539794921875,661.6217041015625
1782130832.916923,3.395414352416992,3.4064383506774902,822.670654296875,703.4583740234375
1782130832.921923,3.630594491958618,3.500143051147461,871.2191162109375,709.8829345703125
1782130832.926923,3.459721565246582,3.3752036094665527,854.529052734375,714.0736083984375
1782130832.931923,3.487281560897827,3.424811840057373,861.78564453125,703.5787353515625
1782130832.936923,3.6287572383880615,3.4964683055877686,861.614501953125,706.2718505859375
1782130832.941923,3.65447998046875,3.637943983078003,861.13427734375,677.6142578125
1782130832.951923,3.4670708179473877,3.483607053756714,857.255126953125,680.32470703125
1782130832.956934,3.6526427268981934,3.4101130962371826,820.54833984375,772.2315673828125
1782130832.961923,3.332944631576538,3.483607053756714,879.4193115234375,721.14892578125
1782130832.971934,3.5607755184173584,3.540564775466919,855.724609375,693.606689453125
1782130832.976923,3.4211373329162598,3.426649332046509,849.5804443359375,649.7347412109375
1782130832.986923,3.5185165405273438,3.4854443073272705,859.6573486328125,677.616943359375
1782130832.992045,3.489119052886963,3.5479140281677246,862.0875244140625,691.3109130859375
1782130832.997045,3.4468600749969482,3.2668001651763916,856.7783203125,683.01123046875
1782130833.002045,3.580986261367798,3.459721565246582,860.6510009765625,689.5650634765625
1782130833.007045,3.2961976528167725,3.397251844406128,860.522216796875,705.049072265625
1782130833.012045,3.4615588188171387,3.189631700515747,861.7000732421875,712.240234375
1782130833.017045,3.4101130962371826,3.395414352416992,855.7967529296875,705.4388427734375
1782130833.022045,3.4725828170776367,3.494631052017212,855.11083984375,707.5013427734375
1782130833.027045,3.4339985847473145,3.465233564376831,816.3563232421875,728.2525634765625
1782130833.032045,3.564450263977051,3.546076774597168,876.8280029296875,674.4525146484375
1782130833.037045,3.3311073780059814,3.299872398376465,896.5711669921875,695.2864990234375
1782130833.042045,3.4174625873565674,3.3990890979766846,873.991943359375,710.9754638671875
1782130833.052045,3.527703285217285,3.5424020290374756,862.801025390625,715.5955810546875
1782130833.057045,3.551588773727417,3.4633960723876953,852.289794921875,713.33544921875
1782130833.062045,3.481769561767578,3.32192063331604,853.8636474609375,694.644775390625
1782130833.067056,3.487281560897827,3.5938477516174316,877.2672119140625,691.364013671875
1782130833.072045,3.3807156085968018,3.4983057975769043,861.185302734375,690.0440673828125
1782130833.077045,3.4523720741271973,3.5534260272979736,858.99658203125,699.9163818359375
1782130833.087045,3.443185329437256,3.3200831413269043,860.6605224609375,708.5340576171875
1782130833.092045,3.4211373329162598,3.5938477516174316,837.781005859375,720.7802734375
1782130833.097045,3.637943983078003,3.4523720741271973,848.301025390625,719.9031982421875
1782130833.102045,3.540564775466919,3.6122212409973145,890.6708984375,676.227783203125
1782130833.107045,3.4633960723876953,3.522191286087036,833.3946533203125,675.9329833984375
1782130833.112045,3.4174625873565674,3.632431983947754,875.257568359375,653.0384521484375
1782130833.122045,3.5019803047180176,3.483607053756714,866.0487060546875,659.9461669921875
1782130833.127167,3.546076774597168,3.408275842666626,822.71142578125,657.80419921875
1782130833.132179,3.2833364009857178,3.2043304443359375,862.171875,659.2513427734375
1782130833.137167,3.573637008666992,3.630594491958618,867.3414306640625,663.280029296875
1782130833.142167,3.5185165405273438,3.465233564376831,874.791015625,663.435302734375
1782130833.147167,3.3347818851470947,3.299872398376465,874.8272705078125,644.25634765625
1782130833.152167,3.5442392826080322,3.597522497177124,878.3095703125,653.69873046875
1782130833.16219,3.5534260272979736,3.6158957481384277,890.5015869140625,637.410400390625
1782130833.167179,3.603034496307373,3.4284865856170654,843.113037109375,665.9124755859375
1782130833.172168,3.4119505882263184,3.5901730060577393,858.6197509765625,634.1651611328125
1782130833.177179,3.522191286087036,3.3825528621673584,892.0048828125,659.2806396484375
1782130833.182168,3.3696916103363037,3.476257562637329,891.8673095703125,669.7431640625
1782130833.187179,3.643455982208252,3.5258657932281494,889.6614990234375,666.3916015625
1782130833.192168,3.5240285396575928,3.487281560897827,897.8094482421875,646.5185546875
1782130833.197167,3.437673330307007,3.7040884494781494,880.5289306640625,657.0833740234375
1782130833.202178,3.511167049407959,3.4799323081970215,886.9114990234375,657.1448974609375
1782130833.207167,3.3880650997161865,3.3072218894958496,846.51171875,690.6031494140625
1782130833.212168,3.4395105838775635,3.343968629837036,885.8905029296875,656.8109130859375
1782130833.217167,3.340294122695923,3.443185329437256,888.75927734375,704.448486328125
1782130833.222167,3.5534260272979736,3.6526427268981934,888.526123046875,699.071044921875
1782130833.227179,3.4854443073272705,3.4211373329162598,849.96240234375,641.3726806640625
1782130833.232167,3.700413703918457,3.5130045413970947,891.650634765625,631.881103515625
1782130833.237179,3.5534260272979736,3.5424020290374756,889.7420654296875,637.469482421875
1782130833.242167,3.603034496307373,3.6177332401275635,890.56201171875,656.6988525390625
1782130833.247179,3.5019803047180176,3.6048717498779297,891.6456298828125,656.4227294921875
1782130833.252167,3.5240285396575928,3.437673330307007,888.177978515625,655.4881591796875
1782130833.257167,3.408275842666626,3.608546495437622,868.6143798828125,662.3189697265625
1782130833.262301,3.4101130962371826,3.5534260272979736,872.09375,663.89208984375
1782130833.26719,3.6416187286376953,3.6857149600982666,871.9581298828125,644.88330078125
1782130833.272301,3.538727283477783,3.5607755184173584,834.0499267578125,700.3258056640625
1782130833.277301,3.2851736545562744,3.424811840057373,881.654052734375,664.6910400390625
1782130833.282301,3.564450263977051,3.4633960723876953,858.927978515625,700.018310546875
1782130833.287301,3.7206244468688965,3.5093297958374023,862.4996337890625,701.352783203125
1782130833.292301,3.5442392826080322,3.586498260498047,865.86279296875,690.7559814453125
1782130833.297301,3.35683012008667,3.511167049407959,849.312255859375,711.1314697265625
1782130833.302301,3.671016216278076,3.4468600749969482,826.469482421875,692.962646484375
1782130833.307301,3.3605048656463623,3.4983057975769043,842.492431640625,708.5340576171875
1782130833.317301,3.3880650997161865,3.3182458877563477,846.9161376953125,710.3228759765625
1782130833.322301,3.4725828170776367,3.5534260272979736,847.0001220703125,711.2947998046875
1782130833.327301,3.454209327697754,3.4560468196868896,844.671875,710.5335693359375
1782130833.337301,3.3660168647766113,3.500143051147461,847.5760498046875,713.4129638671875
1782130833.342301,3.3641796112060547,3.4909563064575195,845.055419921875,703.16064453125
1782130833.352301,3.50565505027771,3.50565505027771,850.5980224609375,720.642578125
1782130833.357301,3.527703285217285,3.6416187286376953,816.95751953125,725.0548095703125
1782130833.362301,3.43583607673645,3.4615588188171387,835.5047607421875,732.5692138671875
1782130833.367301,3.4119505882263184,3.4046010971069336,826.4033203125,738.29541015625
1782130833.372301,3.5717995166778564,3.527703285217285,833.247314453125,725.52197265625
1782130833.377301,3.487281560897827,3.575474262237549,851.999267578125,729.6495361328125
1782130833.382301,3.3807156085968018,3.5534260272979736,835.30615234375,733.19677734375
1782130833.387301,3.43583607673645,3.5424020290374756,820.0814208984375,716.6790771484375
1782130833.392301,3.343968629837036,3.32192063331604,872.80322265625,748.67822265625
1782130833.397423,3.4505348205566406,3.4560468196868896,844.600830078125,750.9013671875
1782130833.402423,3.4983057975769043,3.4927937984466553,847.42626953125,720.2659912109375
1782130833.407434,3.481769561767578,3.4744203090667725,845.479248046875,718.28955078125
1782130833.412423,3.424811840057373,3.5534260272979736,833.766357421875,758.6790771484375
1782130833.417423,3.426649332046509,3.3696916103363037,841.7679443359375,704.859375
1782130833.422423,3.5883357524871826,3.3586673736572266,834.073974609375,765.1502685546875
1782130833.427423,3.564450263977051,3.5717995166778564,820.34375,747.7899169921875
1782130833.432423,3.4615588188171387,3.4670708179473877,823.1949462890625,733.9873046875
1782130833.437434,3.6636667251586914,3.4523720741271973,847.198486328125,721.4202880859375
1782130833.442423,3.50565505027771,3.50565505027771,825.1376953125,720.4267578125
1782130833.447423,3.459721565246582,3.3311073780059814,853.4661865234375,775.1204833984375
1782130833.452423,3.5607755184173584,3.454209327697754,857.67578125,746.7520751953125
1782130833.457423,3.367854118347168,3.2741496562957764,850.3062744140625,739.71875
1782130833.462423,3.562612771987915,3.4560468196868896,850.3155517578125,737.42822265625
1782130833.467423,3.4523720741271973,3.373366355895996,847.00341796875,740.4857177734375
1782130833.472423,3.5093297958374023,3.7775821685791016,850.7164306640625,728.1495361328125
1782130833.477423,3.564450263977051,3.5203537940979004,847.3948974609375,713.767333984375
1782130833.482423,3.4284865856170654,3.5368900299072266,797.66357421875,713.69873046875
1782130833.487423,3.516679286956787,3.4927937984466553,832.3994140625,756.880615234375
1782130833.492423,3.3641796112060547,3.6618294715881348,829.600830078125,752.6612548828125
1782130833.497423,3.443185329437256,3.4927937984466553,871.1309814453125,737.207275390625
1782130833.502423,3.538727283477783,3.454209327697754,865.35400390625,734.62255859375
1782130833.507423,3.6067090034484863,3.6158957481384277,863.1337890625,736.2677001953125
1782130833.512423,3.511167049407959,3.443185329437256,831.7615966796875,736.88720703125
1782130833.517423,3.395414352416992,3.6287572383880615,828.814697265625,733.5439453125
1782130833.522434,3.288848400115967,3.4101130962371826,833.989013671875,706.054931640625
1782130833.527423,3.5038177967071533,3.511167049407959,824.283447265625,714.8739013671875
1782130833.532545,3.200655698776245,3.241077423095703,848.987060546875,682.881591796875
1782130833.537545,3.2741496562957764,3.3605048656463623,781.2086181640625,721.9937744140625
1782130833.542434,3.4725828170776367,3.2686376571655273,853.4678955078125,671.3599853515625
1782130833.547545,3.288848400115967,3.2557761669158936,837.1507568359375,713.0517578125
1782130833.552545,3.264962911605835,3.2741496562957764,831.8751220703125,724.05517578125
1782130833.557545,3.389902353286743,3.443185329437256,808.050048828125,736.8314208984375
1782130833.562545,3.2741496562957764,3.2171919345855713,838.501220703125,723.5230712890625
1782130833.567545,3.1988184452056885,3.299872398376465,838.2584228515625,722.634765625
1782130833.577556,3.310896396636963,3.230053186416626,832.2525634765625,720.5224609375
1782130833.582545,3.4211373329162598,3.349480628967285,843.9400634765625,717.2012939453125
1782130833.587545,3.3145711421966553,3.395414352416992,837.969970703125,711.5509033203125
1782130833.592545,3.3660168647766113,3.4211373329162598,832.9068603515625,697.4522705078125
1782130833.597545,3.235565423965454,3.25761342048645,841.882080078125,705.0762939453125
1782130833.602545,3.2741496562957764,3.50565505027771,814.794921875,731.4393310546875
1782130833.607545,3.340294122695923,3.4578840732574463,806.3336181640625,728.45947265625
1782130833.612545,3.299872398376465,3.3292698860168457,837.630859375,771.3997802734375
1782130833.617545,3.3347818851470947,3.4523720741271973,843.1396484375,699.1956787109375
1782130833.622545,3.20800518989563,3.2778241634368896,840.4144287109375,709.5562744140625
1782130833.627545,3.3549928665161133,3.43583607673645,848.3909912109375,726.884765625
1782130833.637545,3.219029188156128,3.349480628967285,851.7996826171875,727.298583984375
1782130833.642545,3.3752036094665527,3.4101130962371826,824.55810546875,716.415771484375
1782130833.647545,3.459721565246582,3.454209327697754,802.138916015625,728.856689453125
1782130833.652545,3.3531553745269775,3.586498260498047,817.609619140625,730.4263916015625
1782130833.657545,3.1712582111358643,3.426649332046509,821.279296875,703.756591796875
1782130833.662545,3.310896396636963,3.3421313762664795,821.43017578125,706.1446533203125
1782130833.667556,3.4450228214263916,3.516679286956787,830.2705078125,726.664794921875
1782130833.672556,3.189631700515747,3.443185329437256,827.83837890625,723.2855224609375
1782130833.677667,3.5699622631073,3.4339985847473145,862.78369140625,717.1246337890625
1782130833.682678,3.3072218894958496,3.4633960723876953,852.0244140625,720.9078369140625
1782130833.687667,3.3072218894958496,3.132673978805542,849.31005859375,725.3529052734375
1782130833.692667,3.426649332046509,3.384390354156494,840.5867919921875,698.1829833984375
1782130833.697667,3.343968629837036,3.47074556350708,859.0167236328125,712.187744140625
1782130833.702678,3.35683012008667,3.367854118347168,856.593505859375,721.1646728515625
1782130833.707667,3.241077423095703,3.516679286956787,849.3836669921875,727.7340087890625
1782130833.712667,3.3090591430664062,3.4174625873565674,827.215087890625,736.68408203125
1782130833.717667,3.4395105838775635,3.5846610069274902,798.486572265625,719.3837890625
1782130833.727667,3.3880650997161865,3.4854443073272705,868.352294921875,651.6927490234375
1782130833.732667,3.424811840057373,3.373366355895996,836.296630859375,682.961181640625
1782130833.737667,3.213517189025879,2.8258373737335205,834.73046875,683.7198486328125
1782130833.742667,3.305384397506714,2.948939323425293,833.380859375,657.77734375
1782130833.747679,3.1933064460754395,3.064692258834839,838.88134765625,630.65380859375
1782130833.752667,3.2851736545562744,2.6715002059936523,838.6746826171875,637.03466796875
1782130833.757668,3.1124632358551025,2.9103550910949707,819.9073486328125,653.631103515625
1782130833.762667,3.0793910026550293,2.8589096069335938,812.6571044921875,639.51611328125
1782130833.767678,2.873608350753784,2.8607468605041504,794.0533447265625,642.9805908203125
1782130833.772667,3.2116799354553223,2.932403326034546,797.908935546875,655.7183837890625
1782130833.777668,2.9103550910949707,3.086740255355835,801.5765380859375,660.521240234375
1782130833.782667,3.0316200256347656,2.9066805839538574,802.62109375,623.882080078125
1782130833.787668,3.1933064460754395,3.075716257095337,802.0048828125,643.836669921875
1782130833.792667,2.983849048614502,2.9397528171539307,815.5806884765625,626.778076171875
1782130833.797668,3.075716257095337,3.1014389991760254,805.97412109375,648.7701416015625
1782130833.802801,3.0683670043945312,2.6990604400634766,809.2877197265625,632.1512451171875
1782130833.807801,3.2851736545562744,3.086740255355835,805.9752197265625,686.7354736328125
1782130833.812801,3.189631700515747,3.0793910026550293,767.4908447265625,660.772216796875
1782130833.817801,3.1014389991760254,3.016921281814575,773.1038818359375,659.235107421875
1782130833.822801,3.2723121643066406,3.086740255355835,781.5679931640625,662.09619140625
1782130833.827801,3.294360399246216,3.189631700515747,817.1900634765625,663.975341796875
1782130833.832801,3.310896396636963,2.9581260681152344,816.55419921875,654.5028076171875
1782130833.837812,2.9985477924346924,2.8258373737335205,789.65576171875,633.3841552734375
1782130833.842801,3.127161979675293,3.1473727226257324,808.52001953125,663.0576171875
1782130833.847801,3.0720415115356445,2.891981840133667,805.5025634765625,662.4559326171875
1782130833.852801,3.162071466445923,3.340294122695923,814.22900390625,657.5472412109375
1782130833.857801,3.0959270000457764,2.925053834915161,812.24658203125,660.407470703125
1782130833.862801,3.110625743865967,3.075716257095337,802.155517578125,640.5455322265625
1782130833.867801,3.340294122695923,2.932403326034546,823.3597412109375,665.4195556640625
1782130833.872801,3.1822822093963623,3.138185977935791,817.1998291015625,661.398681640625
1782130833.877801,3.1308367252349854,2.9066805839538574,810.4658203125,660.72119140625
1782130833.882801,3.0959270000457764,2.921379327774048,801.493408203125,653.79248046875
1782130833.887801,3.1639089584350586,3.0738790035247803,800.9384765625,653.407958984375
1782130833.892801,3.1234872341156006,3.081228256225586,804.6497802734375,636.434814453125
1782130833.897801,3.1933064460754395,2.873608350753784,797.3927001953125,633.40869140625
1782130833.902801,3.2392399311065674,2.915867328643799,803.697265625,626.1873779296875
1782130833.907801,3.160234212875366,3.081228256225586,797.5345458984375,641.69140625
1782130833.912801,3.114300489425659,3.013246536254883,802.6796875,665.9046630859375
1782130833.917801,2.9801743030548096,2.970987558364868,815.6260986328125,646.8948974609375
1782130833.927801,3.145535469055176,2.754180908203125,799.875,646.1241455078125
1782130833.932801,3.1694209575653076,3.0426440238952637,784.2694091796875,633.3153076171875
1782130833.937923,2.9691503047943115,2.9121925830841064,815.5274658203125,662.0621337890625
1782130833.942668,3.0996017456054688,3.1051137447357178,804.82470703125,652.17236328125
1782130833.947657,3.253938674926758,3.156559467315674,833.2886962890625,660.1287841796875
1782130833.952657,3.1051137447357178,2.7982771396636963,818.4423828125,626.142333984375
1782130833.957657,3.20800518989563,3.145535469055176,805.9345703125,651.1124267578125
1782130833.962657,3.2429146766662598,3.2043304443359375,800.0228271484375,657.39794921875
1782130833.967657,3.145535469055176,3.057342767715454,805.3955078125,655.724609375
1782130833.972668,3.32192063331604,3.1345112323760986,809.8095703125,651.95947265625
1782130833.977657,3.114300489425659,3.167583465576172,813.6597900390625,655.015625
1782130833.982657,3.0279452800750732,3.035294771194458,817.753173828125,665.03466796875
1782130833.992657,3.127161979675293,2.9581260681152344,811.72314453125,659.7125244140625
1782130833.997657,3.270474910736084,3.1308367252349854,807.02734375,661.8714599609375
1782130834.002657,3.0720415115356445,2.9360780715942383,849.4840087890625,661.0565185546875
1782130834.007657,3.299872398376465,3.1712582111358643,852.23193359375,656.4298095703125
1782130834.012657,3.178607702255249,3.4174625873565674,831.5606689453125,647.80712890625
1782130834.017657,3.3696916103363037,3.489119052886963,843.2921142578125,662.755126953125
1782130834.022657,3.4064383506774902,3.4689083099365234,893.133544921875,650.0361328125
1782130834.027668,3.4101130962371826,3.814329147338867,878.1383056640625,655.3819580078125
1782130834.032657,3.384390354156494,3.6967389583587646,858.5406494140625,627.1165771484375
1782130834.037657,3.4395105838775635,3.575474262237549,863.1923828125,670.69775390625
1782130834.042657,3.6361067295074463,3.7849316596984863,852.5888671875,672.6759033203125
1782130834.047657,3.6342692375183105,3.516679286956787,898.1187744140625,666.237548828125
1782130834.052657,3.4468600749969482,3.4505348205566406,892.0223388671875,668.556884765625
1782130834.057657,3.665504217147827,3.672853469848633,885.171142578125,671.2139892578125
1782130834.062657,3.4983057975769043,3.5479140281677246,906.0404052734375,664.176025390625
1782130834.067657,3.648967981338501,3.821678638458252,838.4739990234375,655.822265625
1782130834.072779,3.6158957481384277,3.770232915878296,835.665283203125,688.746826171875
1782130834.077779,3.586498260498047,3.5552635192871094,823.88134765625,677.6483154296875
1782130834.082779,3.608546495437622,3.9172205924987793,878.643310546875,650.9366455078125
1782130834.087779,3.580986261367798,4.012762546539307,871.05419921875,655.0919189453125
1782130834.092779,3.573637008666992,4.1450514793396,882.0250244140625,646.1854248046875
1782130834.097779,3.713275194168091,3.953967332839966,865.199951171875,657.1282958984375
1782130834.102779,3.895172357559204,4.023786544799805,799.735595703125,643.781494140625
1782130834.10779,3.7316486835479736,3.814329147338867,834.7064208984375,638.48828125
1782130834.117779,3.5589380264282227,3.3641796112060547,841.6536865234375,660.5198974609375
1782130834.122779,3.6416187286376953,3.671016216278076,854.160400390625,646.6295166015625
1782130834.127779,3.689389705657959,3.6967389583587646,854.53076171875,647.06787109375
1782130834.132779,3.630594491958618,3.8253531455993652,882.4302978515625,660.89013671875
1782130834.137779,3.659992218017578,3.913545846939087,864.2525634765625,637.5770263671875
1782130834.142779,3.6581547260284424,3.9282445907592773,845.369384765625,644.0782470703125
1782130834.147779,3.6857149600982666,3.924569845199585,858.9971923828125,711.055908203125
1782130834.15279,3.6967389583587646,3.9686660766601562,886.1204833984375,660.7724609375
1782130834.157779,3.395414352416992,3.9686660766601562,843.7685546875,695.7694091796875
1782130834.167779,3.626919984817505,3.50565505027771,870.10400390625,625.6689453125
1782130834.177779,3.5662875175476074,3.724299192428589,858.7054443359375,651.292724609375
1782130834.182779,3.3917396068573,3.5717995166778564,862.5565185546875,643.4383544921875
1782130834.187779,3.402763843536377,3.781256914138794,846.4659423828125,647.3763427734375
1782130834.192779,3.3549928665161133,3.597522497177124,871.3992919921875,685.2374267578125
1782130834.197779,3.608546495437622,3.6103837490081787,868.76611328125,681.363037109375
1782130834.202779,3.61957049369812,3.7279739379882812,891.1607666015625,669.25634765625
1782130834.207901,3.349480628967285,3.4780948162078857,901.1396484375,670.097900390625
1782130834.212924,3.5607755184173584,3.614058494567871,811.728271484375,681.265625
1782130834.217912,3.5828235149383545,3.7775821685791016,854.2337646484375,661.1549072265625
1782130834.222901,3.6397812366485596,3.906196355819702,872.1966552734375,632.057861328125
1782130834.227901,3.481769561767578,3.7996304035186768,855.7064208984375,677.1580810546875
1782130834.232901,3.389902353286743,3.621407985687256,838.4425048828125,666.27099609375
1782130834.237901,3.6967389583587646,3.6967389583587646,833.6585693359375,700.625
1782130834.247901,3.4615588188171387,3.659992218017578,837.943359375,681.0811767578125
1782130834.252901,3.579149007797241,3.5093297958374023,843.8013916015625,676.9652099609375
1782130834.257901,3.6930644512176514,3.998063802719116,849.9002685546875,673.4283447265625
1782130834.262901,3.3641796112060547,3.481769561767578,849.333251953125,668.21240234375
1782130834.267901,3.3752036094665527,3.707763195037842,888.745361328125,699.689453125
1782130834.272913,3.5956850051879883,3.6048717498779297,845.5682373046875,645.43359375
1782130834.277901,3.643455982208252,3.4211373329162598,859.685546875,647.8448486328125
1782130834.282901,3.7279739379882812,3.8069796562194824,923.3167724609375,636.2047119140625
1782130834.287901,3.4560468196868896,3.424811840057373,903.1246337890625,638.868896484375
1782130834.292901,3.6618294715881348,3.6746909618377686,829.0390625,699.0169677734375
1782130834.297901,3.3807156085968018,3.7775821685791016,823.02587890625,637.92236328125
1782130834.302901,3.32192063331604,3.71878719329834,830.6104736328125,761.55419921875
1782130834.307901,3.4964683055877686,3.253938674926758,864.3466796875,663.8421630859375
1782130834.312901,3.305384397506714,3.241077423095703,876.9407958984375,665.4532470703125
1782130834.317901,3.4174625873565674,3.4156250953674316,870.609375,668.5732421875
1782130834.322901,3.32192063331604,3.454209327697754,878.6038818359375,651.244140625
1782130834.327901,3.43583607673645,3.4174625873565674,867.4736328125,653.370361328125
1782130834.332901,3.408275842666626,3.200655698776245,889.117919921875,662.0162353515625
1782130834.337901,3.3237578868865967,3.2116799354553223,883.8609619140625,657.4539794921875
1782130834.343035,3.551588773727417,3.2906856536865234,857.24169921875,701.437744140625
1782130834.353035,3.597522497177124,3.50565505027771,854.99462890625,678.526611328125
1782130834.363024,3.3292698860168457,3.160234212875366,858.647216796875,662.67822265625
1782130834.368035,3.3127338886260986,3.5074925422668457,884.073974609375,663.7855224609375
1782130834.373035,3.362342119216919,3.630594491958618,879.7655029296875,661.23974609375
1782130834.378024,3.400926351547241,3.246589422225952,880.5863037109375,662.109619140625
1782130834.383035,3.340294122695923,3.2318906784057617,889.7784423828125,671.3616943359375
1782130834.388024,3.2263786792755127,3.3641796112060547,876.2313232421875,658.8284912109375
1782130834.393023,3.3292698860168457,3.3072218894958496,875.2100830078125,648.6697998046875
1782130834.398024,3.294360399246216,3.294360399246216,857.6580810546875,670.12939453125
1782130834.403035,3.5607755184173584,3.064692258834839,889.8917236328125,670.6441650390625
1782130834.408035,3.2374026775360107,3.0793910026550293,885.922119140625,663.2630615234375
1782130834.413023,3.389902353286743,3.3531553745269775,884.9683837890625,658.704345703125
1782130834.418035,3.3752036094665527,3.386227607727051,883.748046875,662.288330078125
1782130834.423035,3.2796616554260254,3.4395105838775635,859.1190185546875,639.3643798828125
1782130834.428035,3.5497515201568604,3.3127338886260986,869.8140869140625,670.087890625
1782130834.433024,3.5093297958374023,3.575474262237549,859.2008056640625,699.2626953125
1782130834.438035,3.50565505027771,3.184119701385498,859.1256103515625,632.785888671875
1782130834.443035,3.327432632446289,3.389902353286743,882.0640869140625,645.788330078125
1782130834.448024,3.2741496562957764,3.430323839187622,839.5731201171875,686.0596923828125
1782130834.458024,3.700413703918457,3.437673330307007,852.8953857421875,677.76416015625
1782130834.463024,3.3586673736572266,3.3072218894958496,868.6292724609375,656.71923828125
1782130834.468024,3.481769561767578,3.94661808013916,851.4813232421875,725.9473876953125
1782130834.473024,3.3770408630371094,3.7224619388580322,789.4078369140625,772.37060546875
1782130834.478157,3.5773115158081055,3.9392685890197754,788.7574462890625,690.6328125
1782130834.483035,3.546076774597168,3.5479140281677246,813.113037109375,622.33642578125
1782130834.488168,3.6618294715881348,3.8400518894195557,802.716552734375,632.858642578125
1782130834.493157,3.5185165405273438,3.7775821685791016,832.2132568359375,684.169921875
1782130834.498157,3.665504217147827,3.5424020290374756,825.6519775390625,682.6121826171875
1782130834.503157,3.7371606826782227,3.5479140281677246,804.657470703125,671.6148681640625
1782130834.508168,3.735323190689087,3.873124122619629,841.8387451171875,640.6630859375
1782130834.513157,3.5993597507476807,3.6122212409973145,799.3995361328125,685.341796875
1782130834.518157,3.61957049369812,3.7151124477386475,868.434326171875,690.0968017578125
1782130834.523157,3.575474262237549,3.689389705657959,843.9326171875,679.465576171875
1782130834.528157,3.575474262237549,3.35683012008667,802.50732421875,715.67138671875
1782130834.533157,3.7040884494781494,3.50565505027771,847.807861328125,692.6025390625
1782130834.538157,3.5203537940979004,3.487281560897827,796.666015625,732.3731689453125
1782130834.543157,3.4983057975769043,3.4339985847473145,802.76953125,702.1824951171875
1782130834.548157,3.7481846809387207,3.7481846809387207,812.4722900390625,679.049072265625
1782130834.553168,3.5442392826080322,3.762883424758911,828.255615234375,691.744873046875
1782130834.563157,3.5038177967071533,3.7739076614379883,832.827880859375,681.568603515625
1782130834.578157,3.7481846809387207,3.682040214538574,779.571533203125,724.3746337890625
1782130834.588157,3.6048717498779297,3.529540538787842,811.5791015625,710.725341796875
1782130834.593157,3.5534260272979736,3.5607755184173584,830.6632080078125,712.5601806640625
1782130834.598157,3.538727283477783,3.4689083099365234,833.4755859375,698.4339599609375
1782130834.603157,3.5074925422668457,3.5938477516174316,808.1522216796875,672.6937255859375
1782130834.608157,3.61957049369812,3.540564775466919,823.4046630859375,691.312744140625
1782130834.613279,3.4505348205566406,3.7445099353790283,825.5867919921875,698.6217041015625
1782130834.618279,3.6581547260284424,3.626919984817505,812.96875,686.2235107421875
1782130834.623279,3.7206244468688965,3.4964683055877686,789.1236572265625,695.502197265625
1782130834.628279,3.4615588188171387,3.465233564376831,812.6474609375,715.322265625
1782130834.633279,3.5074925422668457,3.4927937984466553,816.61376953125,710.9609375
1782130834.63829,3.608546495437622,3.546076774597168,815.396728515625,716.1956787109375
1782130834.643279,3.529540538787842,3.481769561767578,836.994384765625,673.4327392578125
1782130834.653279,3.6122212409973145,3.637943983078003,830.3212890625,697.466552734375
1782130834.663279,3.4725828170776367,3.349480628967285,829.1248779296875,704.3861083984375
1782130834.668279,3.5846610069274902,3.362342119216919,839.296142578125,704.714111328125
1782130834.673279,3.4046010971069336,3.2447521686553955,827.6444091796875,704.3795166015625
1782130834.678279,3.5938477516174316,3.5993597507476807,837.921875,738.556884765625
1782130834.68329,3.402763843536377,3.327432632446289,843.73828125,684.1912841796875
1782130834.688279,3.689389705657959,3.4780948162078857,831.9176025390625,700.10791015625
1782130834.693279,3.5240285396575928,3.5424020290374756,825.2852783203125,715.05615234375
1782130834.698279,3.724299192428589,3.437673330307007,817.78173828125,731.390625
1782130834.703279,3.4725828170776367,3.3660168647766113,856.8189697265625,695.0152587890625
1782130834.708279,3.5313780307769775,3.340294122695923,850.6402587890625,715.1405029296875
1782130834.718279,3.5258657932281494,3.4468600749969482,849.72900390625,735.7437744140625
1782130834.723279,3.3990890979766846,3.494631052017212,849.6463623046875,735.591552734375
1782130834.728279,3.637943983078003,3.3696916103363037,852.421142578125,726.3004150390625
1782130834.733279,3.630594491958618,3.373366355895996,785.7872314453125,731.4237060546875
1782130834.738279,3.5093297958374023,3.3182458877563477,857.236328125,680.935302734375
1782130834.743279,3.671016216278076,3.3549928665161133,861.0177001953125,670.1485595703125
1782130834.753401,3.608546495437622,3.4064383506774902,864.493408203125,697.6717529296875
1782130834.758401,3.659992218017578,3.351318120956421,848.1317138671875,688.724365234375
1782130834.763401,3.4101130962371826,3.443185329437256,849.5889892578125,684.5689697265625
1782130834.768401,3.3696916103363037,3.3182458877563477,844.6650390625,680.91357421875
1782130834.773412,3.5203537940979004,3.2227039337158203,846.6024169921875,683.7322998046875
1782130834.783401,3.511167049407959,3.4339985847473145,844.8819580078125,659.832763671875
1782130834.788401,3.4964683055877686,3.500143051147461,845.26513671875,656.9200439453125
1782130834.793401,3.4064383506774902,3.195143699645996,833.0006103515625,691.2513427734375
1782130834.798401,3.592010259628296,3.3549928665161133,835.750732421875,696.6368408203125
1782130834.803401,3.5773115158081055,3.4615588188171387,838.7037353515625,695.7264404296875
1782130834.808401,3.489119052886963,3.4174625873565674,791.611083984375,677.6409912109375
1782130834.813401,3.5828235149383545,3.4780948162078857,828.7763671875,693.51904296875
1782130834.818401,3.562612771987915,3.351318120956421,827.3651123046875,692.9169921875
1782130834.828401,3.441348075866699,3.3347818851470947,826.0982666015625,667.0081787109375
1782130834.833412,3.573637008666992,3.3017096519470215,760.03076171875,663.78759765625
1782130834.838401,3.2447521686553955,3.2961976528167725,821.703125,638.4945068359375
1782130834.843401,3.384390354156494,3.1418607234954834,817.7420654296875,633.8236083984375
1782130834.848401,3.643455982208252,3.3292698860168457,814.50048828125,675.8009033203125
1782130834.853401,3.3549928665161133,3.3237578868865967,810.7890625,656.8284912109375
1782130834.858401,3.3770408630371094,3.3880650997161865,810.9090576171875,655.187744140625
1782130834.863401,3.3715288639068604,3.4523720741271973,817.4503173828125,661.76025390625
1782130834.868401,3.351318120956421,3.3200831413269043,813.038330078125,631.8865966796875
1782130834.873412,3.535052537918091,3.489119052886963,816.2666015625,626.33544921875
1782130834.878412,3.4284865856170654,3.2851736545562744,799.13720703125,635.4139404296875
1782130834.883412,3.5534260272979736,3.5424020290374756,808.85009765625,631.3367919921875
1782130834.888524,3.3660168647766113,3.332944631576538,810.3907470703125,632.6357421875
1782130834.893535,3.362342119216919,3.25761342048645,814.3544921875,637.0545654296875
1782130834.898524,3.459721565246582,3.3660168647766113,813.8056640625,640.1953125
1782130834.903524,3.3641796112060547,3.3255951404571533,824.4498291015625,645.00634765625
1782130834.913535,3.299872398376465,3.219029188156128,833.2413330078125,645.6484375
1782130834.923524,3.432161331176758,3.373366355895996,839.293212890625,628.2646484375
1782130834.928524,3.351318120956421,3.340294122695923,838.4981689453125,632.172119140625
1782130834.933524,3.3072218894958496,3.3660168647766113,838.0711669921875,641.5281982421875
1782130834.938524,3.343968629837036,3.386227607727051,843.397216796875,633.0076904296875
1782130834.943535,3.3715288639068604,3.2282159328460693,835.954833984375,635.973388671875
1782130834.948535,3.3292698860168457,3.3311073780059814,834.5870361328125,649.5166015625
1782130834.953524,3.3696916103363037,3.310896396636963,822.0467529296875,658.345947265625
1782130834.958524,3.219029188156128,3.119812488555908,840.8616943359375,647.7235107421875
1782130834.963524,3.481769561767578,3.2374026775360107,829.5782470703125,655.0177001953125
1782130834.973535,3.264962911605835,3.1822822093963623,820.4310302734375,631.9979248046875
1782130834.978523,3.397251844406128,3.154722213745117,839.2000732421875,651.6845703125
1782130834.983524,3.4578840732574463,3.2778241634368896,814.3868408203125,701.3660888671875
1782130834.988535,3.395414352416992,3.4854443073272705,833.9837646484375,622.510009765625
1782130834.993524,3.432161331176758,3.4101130962371826,791.7235107421875,645.0113525390625
1782130834.998523,3.4983057975769043,3.3605048656463623,795.8970947265625,638.7401123046875
1782130835.003524,3.4615588188171387,3.4909563064575195,800.3370361328125,625.0455322265625
1782130835.008523,3.441348075866699,3.4744203090667725,798.0,627.816162109375
1782130835.013524,3.4799323081970215,3.2668001651763916,795.294677734375,642.5155029296875
1782130835.018535,3.4211373329162598,3.340294122695923,794.1888427734375,635.3126220703125
1782130835.028657,3.5313780307769775,3.294360399246216,797.4896240234375,637.40283203125
1782130835.038657,3.4119505882263184,3.2447521686553955,811.9503173828125,640.58642578125
1782130835.048657,3.5773115158081055,3.2337279319763184,813.259521484375,653.3477783203125
1782130835.053657,3.4780948162078857,3.046318769454956,761.7169189453125,638.895751953125
1782130835.058657,3.4744203090667725,3.070204257965088,800.22900390625,639.3798828125
1782130835.063657,3.538727283477783,3.4725828170776367,799.2178955078125,637.7147216796875
1782130835.068657,3.568124771118164,3.1933064460754395,797.3031005859375,645.652587890625
1782130835.073657,3.516679286956787,3.340294122695923,798.2535400390625,643.5897216796875
1782130835.078657,3.3990890979766846,3.252101421356201,783.13623046875,677.4305419921875
1782130835.083657,3.551588773727417,3.443185329437256,807.3134765625,658.3759765625
1782130835.088657,3.4119505882263184,3.2447521686553955,777.7962646484375,677.0726318359375
1782130835.093657,3.3990890979766846,3.3531553745269775,775.17333984375,703.90869140625
1782130835.098657,3.465233564376831,3.248426675796509,810.1771240234375,629.453369140625
1782130835.103657,3.5424020290374756,3.2557761669158936,755.2166748046875,647.677490234375
1782130835.108657,3.5093297958374023,3.3696916103363037,812.408447265625,652.0428466796875
1782130835.113668,3.459721565246582,3.10878849029541,814.5333251953125,638.319091796875
1782130835.118657,3.4211373329162598,3.0665295124053955,827.21484375,612.5965576171875
1782130835.123657,3.4964683055877686,3.2043304443359375,783.42236328125,643.96826171875
1782130835.128657,3.5019803047180176,3.2557761669158936,816.989501953125,685.61181640625
1782130835.133657,3.476257562637329,3.156559467315674,710.1337890625,650.642333984375
1782130835.138657,3.5240285396575928,3.2282159328460693,813.001953125,658.2138671875
1782130835.143657,3.349480628967285,3.2227039337158203,797.93603515625,652.7896728515625
1782130835.148657,3.4101130962371826,3.3237578868865967,802.7291259765625,649.4581298828125
1782130835.153779,3.494631052017212,3.3255951404571533,801.1463623046875,650.7353515625
1782130835.158779,3.4854443073272705,3.160234212875366,805.1280517578125,653.8658447265625
1782130835.163779,3.384390354156494,3.3421313762664795,762.691162109375,632.23291015625
1782130835.16879,3.2741496562957764,3.1051137447357178,761.689697265625,632.61669921875
1782130835.173779,3.481769561767578,3.263125419616699,710.9691162109375,660.4578857421875
1782130835.178779,3.4560468196868896,3.281498908996582,801.0679931640625,673.677978515625
1782130835.183779,3.3182458877563477,3.3660168647766113,793.0057373046875,659.6141357421875
1782130835.193779,3.432161331176758,3.051830768585205,812.464111328125,652.0340576171875
1782130835.198779,3.5497515201568604,3.1712582111358643,768.577392578125,656.6475830078125
1782130835.203779,3.4615588188171387,3.2263786792755127,791.7601318359375,652.009765625
1782130835.213779,3.5130045413970947,3.2723121643066406,815.582275390625,672.709716796875
1782130835.218779,3.3696916103363037,3.0683670043945312,809.6463623046875,664.86474609375
1782130835.223779,3.465233564376831,3.275986909866333,797.3782958984375,654.771240234375
1782130835.228779,3.362342119216919,3.0720415115356445,799.2864990234375,660.9991455078125
1782130835.233779,3.5607755184173584,3.241077423095703,789.510986328125,662.9774169921875
1782130835.238779,3.626919984817505,3.557100772857666,793.9801025390625,656.3548583984375
1782130835.243779,3.4156250953674316,3.081228256225586,817.225830078125,662.0198974609375
1782130835.248779,3.527703285217285,3.2833364009857178,752.788818359375,678.0443115234375
1782130835.258779,3.5846610069274902,3.196981191635132,784.870849609375,649.518798828125
1782130835.263779,3.47074556350708,3.252101421356201,782.729248046875,644.0081787109375
1782130835.268779,3.3549928665161133,3.0904150009155273,850.016357421875,661.82763671875
1782130835.273779,3.3476433753967285,3.1639089584350586,826.084228515625,664.4693603515625
1782130835.278779,3.378878355026245,3.288848400115967,737.6414794921875,664.4146728515625
1782130835.283779,3.557100772857666,3.3807156085968018,801.2806396484375,622.747802734375
1782130835.288779,3.3660168647766113,3.092252492904663,791.972412109375,650.4853515625
1782130835.293901,3.4468600749969482,3.432161331176758,817.7379150390625,616.4298095703125
1782130835.298901,3.2906856536865234,3.178607702255249,806.43408203125,649.2437744140625
1782130835.303901,3.5148417949676514,3.200655698776245,795.56787109375,649.6832275390625
1782130835.308913,3.4983057975769043,3.2392399311065674,786.9344482421875,648.1260986328125
1782130835.318901,3.2668001651763916,3.0830657482147217,750.7572021484375,655.4498291015625
1782130835.328901,3.3549928665161133,3.119812488555908,758.260009765625,656.4517822265625
1782130835.333901,3.298035144805908,3.2282159328460693,818.9346923828125,658.4503173828125
1782130835.338901,3.4523720741271973,3.057342767715454,733.475830078125,703.146484375
1782130835.343901,3.5019803047180176,3.2741496562957764,796.8399658203125,610.6324462890625
1782130835.353901,3.535052537918091,3.4927937984466553,790.41259765625,648.91552734375
1782130835.358901,3.4174625873565674,3.299872398376465,806.474365234375,638.118408203125
1782130835.363901,3.4505348205566406,3.3990890979766846,818.1490478515625,627.585205078125
1782130835.368901,3.6048717498779297,3.454209327697754,803.6092529296875,603.5936279296875
1782130835.373901,3.4450228214263916,3.3825528621673584,803.0008544921875,620.71630859375
1782130835.378901,3.384390354156494,3.3182458877563477,709.1064453125,610.522705078125
1782130835.383901,3.3660168647766113,3.3990890979766846,789.5469970703125,638.2496337890625
1782130835.388901,3.4927937984466553,3.4689083099365234,770.15185546875,657.423828125
1782130835.393901,3.5424020290374756,3.3072218894958496,800.2967529296875,644.4600830078125
1782130835.398901,3.487281560897827,3.5589380264282227,811.029541015625,643.4283447265625
1782130835.403901,3.281498908996582,3.511167049407959,778.4639892578125,639.950439453125
1782130835.408901,3.3605048656463623,3.1253244876861572,737.727783203125,612.309326171875
1782130835.418901,3.4854443073272705,2.667825698852539,901.322021484375,701.5360107421875
1782130835.424024,3.2227039337158203,2.462042808532715,748.8604736328125,733.95166015625
1782130835.428912,3.057342767715454,2.3260793685913086,824.933837890625,690.104736328125
1782130835.434024,3.035294771194458,2.1019232273101807,834.9757080078125,639.5216064453125
1782130835.439035,2.982011556625366,1.9714716672897339,877.8060302734375,625.7484130859375
1782130835.444024,3.116137981414795,2.1386702060699463,751.9930419921875,615.364501953125
1782130835.449023,3.1418607234954834,2.3444528579711914,822.982421875,583.0333251953125
1782130835.459023,3.200655698776245,2.0468027591705322,811.980224609375,594.157958984375
1782130835.464024,3.259450912475586,2.359151601791382,783.1229248046875,581.1854248046875
1782130835.469023,3.0610175132751465,2.3334286212921143,786.031494140625,584.844970703125
1782130835.474024,2.8552348613739014,1.953098177909851,776.7662353515625,593.180908203125
1782130835.479035,2.7523434162139893,2.065176248550415,735.6513671875,565.62744140625
1782130835.484024,2.9232165813446045,2.3334286212921143,812.9351806640625,579.658203125
1782130835.494024,2.754180908203125,1.8713363409042358,791.7283935546875,567.149169921875
1782130835.499035,2.616379976272583,2.2011399269104004,796.8848876953125,555.5245361328125
1782130835.504024,3.1639089584350586,2.197465181350708,796.7025146484375,557.6029052734375
1782130835.509024,3.035294771194458,1.741803526878357,792.275390625,590.183837890625
1782130835.514035,2.822162628173828,1.9328874349594116,779.3145751953125,604.403076171875
1782130835.519024,2.8589096069335938,1.629725456237793,828.483154296875,598.737060546875
1782130835.524035,2.914029836654663,2.054152250289917,846.260986328125,648.1434326171875
1782130835.529024,2.776228904724121,2.0284292697906494,767.7957763671875,666.252685546875
1782130835.534024,2.7064099311828613,2.0045437812805176,817.4141845703125,582.0736083984375
1782130835.539024,3.013246536254883,1.890628457069397,782.6185302734375,564.1358642578125
1782130835.544035,3.1914689540863037,2.63291597366333,817.5733642578125,574.151123046875
1782130835.549024,3.1933064460754395,2.2250254154205322,814.63427734375,647.79052734375
1782130835.554024,3.413787841796875,2.800114393234253,839.4635009765625,670.065185546875
1782130835.559157,3.343968629837036,2.4308080673217773,891.75048828125,687.2894287109375
1782130835.564157,3.310896396636963,2.903005838394165,818.6134033203125,699.182373046875
1782130835.569157,3.2116799354553223,2.7982771396636963,786.8543701171875,666.031982421875
1782130835.574157,3.200655698776245,2.700897693634033,847.0999755859375,698.4385986328125
1782130835.579157,3.459721565246582,3.0205960273742676,824.8851318359375,633.6666259765625
1782130835.584157,3.2961976528167725,3.5828235149383545,759.423583984375,698.9537353515625
1782130835.589157,3.430323839187622,3.557100772857666,739.50927734375,637.651611328125
1782130835.594157,3.3531553745269775,3.305384397506714,832.0638427734375,685.3697509765625
1782130835.599157,3.4689083099365234,3.5130045413970947,789.2860107421875,636.5882568359375
1782130835.604157,3.259450912475586,3.7481846809387207,841.2366943359375,680.131591796875
1782130835.609157,3.564450263977051,3.6967389583587646,767.149658203125,624.256591796875
1782130835.614157,3.851076126098633,3.9319193363189697,779.9188232421875,626.1014404296875
1782130835.619157,3.275986909866333,3.557100772857666,789.223876953125,665.79833984375
1782130835.624157,3.564450263977051,3.6618294715881348,707.4388427734375,604.8212890625
1782130835.629157,3.3255951404571533,3.362342119216919,824.9390869140625,650.7867431640625
1782130835.634157,3.4927937984466553,3.562612771987915,813.4443359375,634.616943359375
1782130835.639157,3.5093297958374023,3.4156250953674316,824.699951171875,633.3140869140625
1782130835.644157,3.487281560897827,3.246589422225952,731.7630615234375,620.959716796875
1782130835.649157,3.6618294715881348,3.8400518894195557,782.8353271484375,631.53271484375
1782130835.654157,3.533215284347534,3.20800518989563,791.0472412109375,669.7977294921875
1782130835.659157,3.4744203090667725,3.5828235149383545,709.450927734375,602.939697265625
1782130835.664157,3.4339985847473145,3.2723121643066406,817.4410400390625,665.8472900390625
1782130835.669157,3.586498260498047,3.4523720741271973,761.1751708984375,636.586181640625
1782130835.674157,3.8290278911590576,3.632431983947754,809.9031982421875,628.7030029296875
1782130835.679157,3.6011970043182373,3.614058494567871,819.2520751953125,643.564208984375
1782130835.684157,3.8804736137390137,3.716949939727783,810.559814453125,641.282958984375
1782130835.689157,3.6103837490081787,3.564450263977051,801.7130126953125,593.535400390625
1782130835.694279,3.5479140281677246,3.6857149600982666,805.843505859375,618.097412109375
1782130835.699279,3.6985764503479004,4.038485527038574,843.662841796875,613.6053466796875
1782130835.704279,3.671016216278076,3.71878719329834,851.599853515625,608.85205078125
1782130835.709279,3.426649332046509,3.68387770652771,876.8983154296875,642.623291015625
1782130835.714279,3.362342119216919,3.667341470718384,873.6300048828125,645.04345703125
1782130835.71929,3.454209327697754,3.3255951404571533,822.58984375,680.55126953125
1782130835.724279,3.2153544425964355,3.024270534515381,806.8385009765625,673.1005859375
1782130835.729279,3.332944631576538,3.000385046005249,786.4664306640625,651.39599609375
1782130835.734279,3.1712582111358643,2.983849048614502,780.07177734375,656.6092529296875
1782130835.739279,3.395414352416992,3.1914689540863037,785.2513427734375,660.5029296875
1782130835.744279,3.0904150009155273,2.9011683464050293,776.4237060546875,657.0010986328125
1782130835.74929,3.167583465576172,2.965475559234619,779.367919921875,659.5738525390625
1782130835.754279,3.413787841796875,3.437673330307007,770.3441162109375,649.6602783203125
1782130835.759279,3.0426440238952637,3.0279452800750732,755.689697265625,637.204833984375
1782130835.769279,3.224541187286377,3.288848400115967,769.670166015625,671.0074462890625
1782130835.779279,3.2153544425964355,3.1234872341156006,778.15283203125,678.3197021484375
1782130835.784279,3.2741496562957764,3.219029188156128,780.15625,689.751220703125
1782130835.78929,3.1657462120056152,2.9930357933044434,775.907470703125,676.2667236328125
1782130835.794279,3.1749329566955566,3.064692258834839,784.998779296875,660.7398681640625
1782130835.799279,3.1234872341156006,3.2263786792755127,782.7689208984375,663.246337890625
1782130835.804279,3.224541187286377,3.3127338886260986,818.8316650390625,698.9293212890625
1782130835.809279,3.195143699645996,3.2833364009857178,810.4727783203125,697.513671875
1782130835.814279,3.1914689540863037,3.057342767715454,788.184326171875,668.51611328125
1782130835.819279,3.0904150009155273,3.046318769454956,793.409912109375,671.1663818359375
1782130835.824279,3.070204257965088,3.2502641677856445,802.4405517578125,652.0106201171875
1782130835.82929,3.0665295124053955,3.1914689540863037,799.159423828125,659.51025390625
1782130835.834401,3.0959270000457764,3.05918025970459,798.5390625,664.06298828125
1782130835.844401,3.0536680221557617,3.0775535106658936,794.36962890625,672.58056640625
1782130835.849401,3.051830768585205,2.9856863021850586,792.7720947265625,670.715087890625
1782130835.854401,3.1877944469451904,2.829511880874634,788.656005859375,674.7193603515625
1782130835.859401,3.1859569549560547,3.1400234699249268,802.45849609375,680.4056396484375
1782130835.864401,3.0996017456054688,3.0371320247650146,799.14697265625,680.6583251953125
1782130835.869401,3.202493190765381,3.224541187286377,803.8438720703125,681.3017578125
1782130835.874401,3.10878849029541,2.8093011379241943,791.118896484375,665.8570556640625
1782130835.879401,3.2208666801452637,2.9471020698547363,783.9249267578125,681.1568603515625
1782130835.884401,3.0904150009155273,2.9618008136749268,782.2064208984375,661.4241943359375
1782130835.889412,3.149209976196289,3.0904150009155273,784.1900634765625,659.818359375
1782130835.894401,3.1014389991760254,2.8533973693847656,788.0234375,661.48681640625
1782130835.899401,3.0499935150146484,3.1308367252349854,798.3135986328125,668.3958740234375
1782130835.904401,3.20800518989563,3.2153544425964355,781.9810791015625,667.6109619140625
1782130835.909401,3.097764492034912,3.3531553745269775,785.2818603515625,673.7635498046875
1782130835.914401,3.1859569549560547,3.1528847217559814,776.1134033203125,673.186279296875
1782130835.919401,3.1289992332458496,3.0904150009155273,789.355712890625,683.0169677734375
1782130835.929401,3.1179752349853516,3.14369797706604,801.78076171875,667.6483154296875
1782130835.939401,3.213517189025879,2.840536117553711,795.487548828125,673.3961181640625
1782130835.944401,3.092252492904663,3.156559467315674,794.9449462890625,669.25830078125
1782130835.949401,3.1179752349853516,3.0499935150146484,782.320556640625,673.0677490234375
1782130835.954401,3.202493190765381,3.046318769454956,783.0208740234375,670.62109375
1782130835.959401,3.0481560230255127,3.2153544425964355,809.177490234375,670.8856201171875
1782130835.964524,3.1014389991760254,3.0904150009155273,791.07177734375,687.490966796875
1782130835.969524,3.114300489425659,2.903005838394165,794.5025634765625,690.2506103515625
1782130835.974524,3.10878849029541,3.241077423095703,816.29052734375,690.9779052734375
1782130835.979524,3.024270534515381,3.0095717906951904,808.386474609375,669.8909912109375
1782130835.989524,3.288848400115967,3.1289992332458496,775.024169921875,673.86328125
1782130835.994524,3.178607702255249,3.007734537124634,780.982666015625,684.033935546875
1782130835.999524,3.151047468185425,3.3586673736572266,784.2489013671875,666.980224609375
1782130836.004524,3.1253244876861572,3.119812488555908,788.7694091796875,670.8546142578125
1782130836.009524,3.0040597915649414,2.983849048614502,796.60546875,695.9541015625
1782130836.014524,3.196981191635132,2.9801743030548096,823.7542724609375,676.060546875
1782130836.019535,3.1859569549560547,3.2282159328460693,807.884765625,680.7918701171875
1782130836.024523,3.178607702255249,3.196981191635132,794.13818359375,684.99365234375
1782130836.029524,3.196981191635132,3.0426440238952637,785.253173828125,684.6876220703125
1782130836.034523,3.097764492034912,3.2392399311065674,786.3062744140625,679.4691162109375
1782130836.039524,2.976499557495117,2.921379327774048,788.0625,670.0899658203125
1782130836.044523,3.1400234699249268,3.1749329566955566,788.6746826171875,674.562744140625
1782130836.049535,3.0683670043945312,2.994873046875,806.64794921875,673.64794921875
1782130836.054523,3.294360399246216,3.1418607234954834,771.3817138671875,642.468994140625
1782130836.059535,2.983849048614502,2.9342405796051025,790.3438720703125,664.743896484375
1782130836.064524,3.070204257965088,3.1749329566955566,775.94482421875,664.34033203125
1782130836.069524,3.062854766845703,2.9415900707244873,774.3624267578125,665.7347412109375
1782130836.079524,3.114300489425659,3.0683670043945312,794.5352783203125,674.8258056640625
1782130836.084524,3.1822822093963623,3.1418607234954834,801.131591796875,666.58154296875
1782130836.089524,3.1363487243652344,3.2282159328460693,805.6260986328125,675.33154296875
1782130836.094524,3.1234872341156006,3.1859569549560547,797.439697265625,676.078857421875
1782130836.099535,3.349480628967285,3.1933064460754395,796.339599609375,677.15185546875
1782130836.104657,3.0793910026550293,3.0959270000457764,797.5137939453125,674.295166015625
1782130836.109657,3.395414352416992,3.0610175132751465,796.52880859375,665.8126220703125
1782130836.114657,3.2723121643066406,3.145535469055176,797.1011962890625,670.5731201171875
1782130836.119657,3.0849030017852783,3.114300489425659,780.9114990234375,657.454345703125
1782130836.129657,3.2851736545562744,3.035294771194458,775.650146484375,666.921142578125
1782130836.134657,3.156559467315674,3.1418607234954834,776.1815185546875,667.1932373046875
1782130836.139657,3.0665295124053955,3.156559467315674,769.9892578125,676.660400390625
1782130836.144657,3.1657462120056152,3.246589422225952,774.8887939453125,683.20458984375
1782130836.149657,3.299872398376465,3.327432632446289,776.6015625,683.494140625
1782130836.154657,3.224541187286377,3.160234212875366,773.3192138671875,660.8101806640625
1782130836.159657,3.281498908996582,3.332944631576538,774.0308837890625,664.7200927734375
1782130836.164657,3.189631700515747,3.189631700515747,779.935546875,668.7176513671875
1782130836.169657,3.288848400115967,3.2208666801452637,774.7645263671875,669.5955810546875
1782130836.174657,3.230053186416626,3.648967981338501,774.3017578125,667.1141357421875
1782130836.179657,3.1767702102661133,3.3072218894958496,782.9603271484375,671.2159423828125
1782130836.184657,3.316408634185791,3.103276491165161,768.8944091796875,693.1048583984375
1782130836.189657,3.1528847217559814,3.149209976196289,763.3370361328125,690.4146728515625
1782130836.194657,3.1767702102661133,3.20800518989563,768.5574951171875,681.9730224609375
1782130836.199657,3.1804449558258057,3.1308367252349854,778.2138671875,681.7916259765625
1782130836.204657,3.2374026775360107,3.419299840927124,766.63671875,681.128662109375
1782130836.209657,3.3182458877563477,3.1124632358551025,772.169921875,677.478271484375
1782130836.214657,3.2429146766662598,3.2116799354553223,753.118408203125,632.7052001953125
1782130836.224657,3.14369797706604,3.362342119216919,762.6148681640625,648.907958984375
1782130836.229657,3.432161331176758,3.2906856536865234,765.45849609375,647.5467529296875
1782130836.234779,3.3807156085968018,3.316408634185791,766.037353515625,652.5440673828125
1782130836.239779,3.3549928665161133,3.4211373329162598,766.1365966796875,647.33740234375
1782130836.249779,3.2116799354553223,3.4395105838775635,770.19580078125,641.489501953125
1782130836.254779,3.2153544425964355,3.4119505882263184,767.910888671875,650.2635498046875
1782130836.259779,3.419299840927124,3.7592086791992188,778.9490966796875,650.95361328125
1782130836.264779,3.2337279319763184,3.395414352416992,781.9620361328125,657.9119873046875
1782130836.269779,3.145535469055176,3.3035471439361572,776.1822509765625,662.0093994140625
1782130836.274779,3.2668001651763916,3.3255951404571533,769.049072265625,669.4921875
1782130836.279779,3.1859569549560547,3.443185329437256,740.8206787109375,649.24658203125
1782130836.284779,3.32192063331604,3.0389692783355713,750.41015625,655.9195556640625
1782130836.289779,3.5552635192871094,3.178607702255249,777.1634521484375,664.7786865234375
1782130836.294779,3.5828235149383545,3.395414352416992,786.0048828125,680.1219482421875
1782130836.299779,3.3017096519470215,3.316408634185791,781.5233154296875,677.3328857421875
1782130836.30479,3.213517189025879,3.1657462120056152,784.224853515625,671.69677734375
1782130836.309779,3.178607702255249,3.1822822093963623,759.166259765625,653.7640380859375
1782130836.314779,3.299872398376465,3.046318769454956,762.09033203125,655.23583984375
1782130836.324779,3.196981191635132,3.007734537124634,760.959716796875,648.6414794921875
1782130836.329779,3.349480628967285,3.1345112323760986,752.26171875,643.2081298828125
1782130836.334779,3.2171919345855713,2.903005838394165,771.01171875,674.3394775390625
1782130836.339779,3.241077423095703,2.9911983013153076,778.151123046875,674.544189453125
1782130836.344779,3.160234212875366,3.1914689540863037,782.796875,671.0997314453125
1782130836.349779,3.0683670043945312,2.9305660724639893,790.727294921875,671.0042724609375
1782130836.354779,3.4468600749969482,3.086740255355835,781.5791015625,667.069580078125
1782130836.364779,3.437673330307007,3.2282159328460693,782.62353515625,667.20361328125
1782130836.369901,3.200655698776245,2.8662588596343994,783.8211669921875,668.24755859375
1782130836.374901,3.241077423095703,3.4395105838775635,783.586669921875,666.9134521484375
1782130836.379901,3.413787841796875,3.1051137447357178,797.843017578125,660.5819091796875
1782130836.384901,3.1749329566955566,2.908517837524414,796.1015625,649.7939453125
1782130836.394901,3.551588773727417,3.4983057975769043,736.191650390625,658.5426025390625
1782130836.399901,3.3660168647766113,2.7633676528930664,810.1746826171875,670.5439453125
1782130836.404901,3.248426675796509,2.8993310928344727,800.5771484375,665.20947265625
1782130836.409901,3.432161331176758,2.8993310928344727,776.3291015625,682.6339111328125
1782130836.414901,3.25761342048645,3.3347818851470947,744.23681640625,667.619873046875
1782130836.419901,3.2833364009857178,2.546560764312744,775.8746337890625,660.201416015625
1782130836.424901,3.4156250953674316,3.230053186416626,775.82177734375,662.34765625
1782130836.429901,3.252101421356201,2.88095760345459,800.268798828125,681.0614013671875
1782130836.434901,3.332944631576538,2.627403974533081,788.665771484375,644.0687255859375
1782130836.444912,3.2337279319763184,2.7100844383239746,793.173828125,659.5584716796875
1782130836.449901,3.299872398376465,3.1749329566955566,752.98486328125,668.52099609375
1782130836.454901,3.200655698776245,3.162071466445923,801.2000732421875,669.0462646484375
1782130836.459913,3.343968629837036,2.7339699268341064,797.3790283203125,666.21435546875
1782130836.464901,3.10878849029541,3.114300489425659,774.752685546875,658.61669921875
1782130836.469901,3.3237578868865967,2.972825050354004,780.7142333984375,663.3751220703125
1782130836.474901,3.2851736545562744,2.7688796520233154,839.0718994140625,679.72216796875
1782130836.479901,3.151047468185425,2.9618008136749268,775.887451171875,642.1317138671875
1782130836.484901,3.248426675796509,2.835024118423462,771.7781982421875,674.46728515625
1782130836.489901,3.1069512367248535,2.9581260681152344,800.5167236328125,665.7099609375
1782130836.494901,3.219029188156128,3.1822822093963623,815.825927734375,677.0120849609375
1782130836.499901,3.2337279319763184,3.351318120956421,813.9967041015625,676.1654052734375
1782130836.504912,3.4211373329162598,2.954451560974121,779.7283935546875,707.3262939453125
1782130836.510024,3.516679286956787,3.206167697906494,776.5260009765625,684.5782470703125
1782130836.515023,3.1069512367248535,2.8772828578948975,779.971923828125,679.37841796875
1782130836.520024,3.2043304443359375,3.0610175132751465,770.8912353515625,662.2890625
1782130836.525024,3.3145711421966553,3.1308367252349854,785.450927734375,651.8416748046875
1782130836.530035,3.2851736545562744,3.156559467315674,832.7802734375,670.089599609375
1782130836.540024,3.400926351547241,3.0022225379943848,802.8905029296875,665.16748046875
1782130836.545024,2.976499557495117,2.970987558364868,791.7099609375,668.0078125
1782130836.550024,3.035294771194458,2.937915325164795,750.224365234375,659.0404052734375
1782130836.555035,3.241077423095703,2.9287285804748535,777.57861328125,683.7474365234375
1782130836.560024,3.1253244876861572,2.943427324295044,772.8004150390625,658.2313232421875
1782130836.565024,3.332944631576538,2.9875237941741943,760.92431640625,674.1982421875
1782130836.570024,3.145535469055176,3.1583967208862305,763.9459228515625,674.1971435546875
1782130836.575024,3.189631700515747,3.1400234699249268,798.029052734375,677.668701171875
1782130836.580024,3.3770408630371094,2.869933605194092,820.826904296875,663.51171875
1782130836.585035,3.14369797706604,2.921379327774048,804.233642578125,664.1832275390625
1782130836.590035,3.156559467315674,2.9985477924346924,797.1900634765625,658.76953125
1782130836.595024,3.02978253364563,2.9875237941741943,799.9544677734375,666.537841796875
1782130836.605024,3.0610175132751465,3.2668001651763916,790.4254150390625,668.2586669921875
1782130836.610023,3.167583465576172,3.086740255355835,791.986572265625,671.496826171875
1782130836.615035,3.3825528621673584,3.3696916103363037,756.1956787109375,652.9681396484375
1782130836.620023,3.119812488555908,2.8239998817443848,752.8865966796875,666.3912353515625
1782130836.625024,3.2612881660461426,3.013246536254883,790.211181640625,662.5657958984375
1782130836.630023,3.057342767715454,3.0499935150146484,776.698486328125,672.72705078125
1782130836.635024,3.2282159328460693,2.8607468605041504,805.704345703125,678.3470458984375
1782130836.640146,3.145535469055176,3.097764492034912,803.920166015625,674.506103515625
1782130836.645146,3.1014389991760254,3.0205960273742676,798.6583251953125,674.497802734375
1782130836.650168,3.263125419616699,2.9691503047943115,805.9271240234375,676.9097900390625
1782130836.655146,3.1657462120056152,2.932403326034546,802.5736083984375,674.9462890625
1782130836.660146,3.4064383506774902,2.9452648162841797,787.8939208984375,664.2861328125
1782130836.670146,3.1345112323760986,3.0738790035247803,804.34765625,668.0306396484375
1782130836.675157,3.2796616554260254,2.9581260681152344,789.1773681640625,681.400146484375
1782130836.685157,3.0904150009155273,3.0665295124053955,784.0870361328125,671.525146484375
1782130836.690146,3.3200831413269043,2.8993310928344727,786.50048828125,670.7757568359375
1782130836.695146,3.1069512367248535,3.057342767715454,780.41748046875,678.9114990234375
1782130836.700146,3.0793910026550293,3.007734537124634,790.4844970703125,679.609130859375
1782130836.705146,3.0683670043945312,3.10878849029541,753.9298095703125,637.3399658203125
1782130836.710146,3.263125419616699,2.9618008136749268,805.3333740234375,653.06640625
1782130836.715146,3.189631700515747,3.1712582111358643,800.94482421875,659.62255859375
1782130836.720146,3.2374026775360107,3.086740255355835,801.1934814453125,659.0274658203125
1782130836.725157,3.230053186416626,2.9177045822143555,778.07177734375,666.8043212890625
1782130836.730146,3.1749329566955566,3.0959270000457764,781.9122314453125,674.323974609375
1782130836.735146,3.263125419616699,2.9581260681152344,781.4967041015625,666.282470703125
1782130836.740157,3.2116799354553223,3.0022225379943848,794.551025390625,672.9063720703125
1782130836.745146,3.3200831413269043,3.035294771194458,782.701416015625,662.8890380859375
1782130836.750146,3.397251844406128,3.138185977935791,804.890869140625,684.1614990234375
1782130836.755157,3.3421313762664795,2.9636383056640625,795.687744140625,680.4815673828125
1782130836.760146,3.1822822093963623,3.013246536254883,792.368896484375,660.2923583984375
1782130836.765146,3.2337279319763184,2.9930357933044434,790.544189453125,679.6334228515625
1782130836.770146,3.288848400115967,3.0720415115356445,790.12744140625,672.417724609375
1782130836.775279,3.2906856536865234,3.20800518989563,791.885009765625,665.0263671875
1782130836.780279,3.288848400115967,3.1749329566955566,842.116943359375,671.5833740234375
1782130836.785279,3.160234212875366,2.891981840133667,804.4783935546875,671.87548828125
1782130836.790279,3.4174625873565674,2.948939323425293,753.9879150390625,659.140380859375
1782130836.795279,3.1822822093963623,2.9691503047943115,815.0986328125,661.3096923828125
1782130836.800279,3.2227039337158203,2.994873046875,824.1500244140625,708.447265625
1782130836.805279,3.057342767715454,3.057342767715454,807.921142578125,675.780029296875
1782130836.810279,3.332944631576538,2.9103550910949707,814.194091796875,682.672119140625
1782130836.815279,3.20800518989563,2.8772828578948975,804.16796875,656.4342041015625
1782130836.820279,3.1418607234954834,2.8938190937042236,837.0531005859375,690.6796875
1782130836.825279,3.2833364009857178,3.070204257965088,827.95849609375,689.343994140625
1782130836.830279,3.252101421356201,3.0738790035247803,798.190673828125,699.144287109375
1782130836.840279,3.327432632446289,2.8239998817443848,777.56591796875,677.1959228515625
1782130836.845279,3.3292698860168457,3.0610175132751465,787.4227294921875,661.676025390625
1782130836.850279,3.2337279319763184,2.4399948120117188,788.8416748046875,663.115966796875
1782130836.855279,3.378878355026245,2.9875237941741943,779.525634765625,666.964111328125
1782130836.860279,3.43583607673645,3.057342767715454,773.767333984375,652.3515625
1782130836.865279,3.288848400115967,3.0426440238952637,813.9658203125,673.608642578125
1782130836.870279,3.230053186416626,2.7927651405334473,811.0052490234375,668.6993408203125
1782130836.875279,3.3255951404571533,3.075716257095337,809.0985107421875,665.142578125
1782130836.880279,3.252101421356201,2.8772828578948975,828.324951171875,662.4801025390625
1782130836.890279,3.116137981414795,2.9397528171539307,779.5189208984375,658.0703125
1782130836.895279,3.3807156085968018,3.086740255355835,790.00146484375,667.3292236328125
1782130836.900279,3.3549928665161133,3.0095717906951904,771.27490234375,665.756591796875
1782130836.905279,3.224541187286377,2.9911983013153076,773.1939697265625,665.1502685546875
1782130836.910279,3.195143699645996,3.0316200256347656,785.292236328125,669.009765625
1782130836.915401,3.1418607234954834,3.2153544425964355,775.614990234375,670.1009521484375
1782130836.920401,3.3549928665161133,3.0444815158843994,781.4886474609375,662.6656494140625
1782130836.925401,3.2778241634368896,2.994873046875,778.9959716796875,660.8104248046875
1782130836.930401,3.2116799354553223,2.7927651405334473,767.7493896484375,700.4351806640625
1782130836.935401,3.281498908996582,2.838698625564575,793.9134521484375,657.1256103515625
1782130836.940427,3.5479140281677246,3.367854118347168,774.9896240234375,684.2735595703125
1782130836.945416,3.270474910736084,3.2043304443359375,824.5552978515625,687.2593994140625
1782130836.950416,3.3586673736572266,3.064692258834839,816.2637939453125,688.4180908203125
1782130836.955416,3.4046010971069336,3.035294771194458,804.482666015625,682.3016357421875
1782130836.960416,3.424811840057373,3.1528847217559814,802.4962158203125,649.14404296875
1782130836.965416,3.235565423965454,3.064692258834839,756.824462890625,648.4852294921875
1782130836.970416,3.3752036094665527,3.0793910026550293,761.57958984375,650.649658203125
1782130836.975416,3.4744203090667725,3.086740255355835,779.7049560546875,667.139404296875
1782130836.980416,3.2337279319763184,2.88095760345459,735.369140625,669.0689697265625
1782130836.990416,3.4211373329162598,2.8607468605041504,766.257080078125,644.596923828125
1782130837.000416,3.2392399311065674,3.230053186416626,783.7783203125,650.8834228515625
1782130837.005416,3.3990890979766846,3.1234872341156006,744.522216796875,655.419921875
1782130837.010416,3.4101130962371826,2.970987558364868,741.683837890625,640.709716796875
1782130837.015416,3.196981191635132,3.2227039337158203,760.91748046875,661.6187744140625
1782130837.020416,3.4174625873565674,3.1767702102661133,810.1390380859375,652.5946044921875
1782130837.030416,3.378878355026245,2.862584114074707,806.89306640625,661.573486328125
1782130837.035427,3.343968629837036,2.851560115814209,806.5567626953125,666.1539306640625
1782130837.040416,3.4046010971069336,2.9618008136749268,800.556640625,640.335693359375
1782130837.045538,3.2741496562957764,2.770716905593872,785.08056640625,669.106201171875
1782130837.050538,3.2778241634368896,2.983849048614502,783.34033203125,657.3116455078125
1782130837.055549,3.2833364009857178,3.0499935150146484,779.920654296875,653.6546630859375
1782130837.060549,3.3715288639068604,3.1583967208862305,783.721923828125,652.00048828125
1782130837.065538,3.206167697906494,2.8993310928344727,787.52294921875,652.1170654296875
1782130837.070538,3.575474262237549,3.1749329566955566,788.506103515625,652.5069580078125
1782130837.075538,3.20800518989563,3.075716257095337,782.38916015625,653.3433837890625
1782130837.080538,3.3660168647766113,3.1234872341156006,784.9954833984375,659.358642578125
1782130837.08555,3.4725828170776367,3.1822822093963623,787.9688720703125,653.5894775390625
1782130837.090538,3.270474910736084,3.0205960273742676,784.0882568359375,665.758544921875
1782130837.095538,3.2778241634368896,2.8993310928344727,784.02392578125,662.1556396484375
1782130837.100549,3.476257562637329,3.2392399311065674,787.0218505859375,668.06787109375
1782130837.10555,3.127161979675293,2.748668670654297,786.09765625,667.076904296875
1782130837.110538,3.288848400115967,3.127161979675293,777.9521484375,666.4591064453125
1782130837.115538,3.432161331176758,2.8589096069335938,788.181640625,661.563232421875
1782130837.120549,3.219029188156128,3.062854766845703,802.7752685546875,679.6351318359375
1782130837.125538,3.2153544425964355,3.0444815158843994,790.49365234375,674.03271484375
1782130837.130538,3.299872398376465,2.9526140689849854,791.05859375,670.8572998046875
1782130837.135538,3.476257562637329,3.0610175132751465,796.8397216796875,680.044921875
1782130837.140538,3.4339985847473145,3.1583967208862305,797.7269287109375,679.251708984375
1782130837.145538,3.2741496562957764,3.156559467315674,804.029052734375,660.53369140625
1782130837.150538,3.2851736545562744,3.288848400115967,800.7861328125,652.7967529296875
1782130837.155538,3.2502641677856445,3.10878849029541,810.7764892578125,656.349853515625
1782130837.160549,3.349480628967285,3.114300489425659,792.504150390625,678.0118408203125
1782130837.16555,3.2961976528167725,3.246589422225952,787.1900634765625,684.3931884765625
1782130837.170538,3.3347818851470947,2.7854156494140625,803.1761474609375,662.933837890625
1782130837.175538,3.2612881660461426,3.1014389991760254,821.054931640625,670.6817626953125
1782130837.18066,3.408275842666626,2.9066805839538574,807.1494140625,669.5318603515625
1782130837.185672,3.2723121643066406,2.9618008136749268,810.509765625,670.4471435546875
1782130837.19066,3.4284865856170654,2.9746623039245605,794.5272216796875,650.768798828125
1782130837.195661,3.3072218894958496,2.954451560974121,790.0537109375,655.873779296875
1782130837.20066,3.3476433753967285,2.822162628173828,795.05908203125,654.4962158203125
1782130837.205661,3.340294122695923,3.1014389991760254,802.96044921875,656.830810546875
1782130837.210661,3.43583607673645,2.851560115814209,804.5992431640625,652.6129150390625
1782130837.215661,3.2337279319763184,3.02978253364563,789.6873779296875,668.4622802734375
1782130837.220661,3.3549928665161133,2.759692907333374,794.9185791015625,665.3304443359375
1782130837.225661,3.351318120956421,2.8258373737335205,804.82470703125,681.3289794921875
1782130837.230661,3.154722213745117,2.8129758834838867,768.7530517578125,663.3052978515625
1782130837.235661,3.2374026775360107,3.156559467315674,766.1209716796875,672.374267578125
1782130837.240661,3.5956850051879883,2.7174339294433594,795.3358154296875,694.4124755859375
1782130837.245683,3.3990890979766846,3.195143699645996,790.375732421875,668.535400390625
1782130837.250661,3.3127338886260986,2.9636383056640625,794.315673828125,674.9710693359375
1782130837.255672,3.50565505027771,3.1749329566955566,796.2896728515625,675.1446533203125
1782130837.260672,3.2447521686553955,2.8258373737335205,794.201416015625,660.5968017578125
1782130837.265661,3.4523720741271973,3.145535469055176,826.589599609375,687.812744140625
1782130837.270661,3.4174625873565674,3.013246536254883,820.230224609375,685.5157470703125
1782130837.275672,3.4505348205566406,2.8258373737335205,764.6051025390625,655.0369873046875
1782130837.280672,3.575474262237549,3.0904150009155273,791.5205078125,659.143798828125
1782130837.285661,3.2851736545562744,2.8497228622436523,789.707763671875,658.137451171875
1782130837.290661,3.3935770988464355,2.616379976272583,782.7413330078125,667.336181640625
1782130837.29566,3.4229745864868164,3.1639089584350586,780.7635498046875,669.2894287109375
1782130837.300661,3.3770408630371094,3.145535469055176,796.0198974609375,658.6163330078125
1782130837.305672,3.1657462120056152,2.9177045822143555,805.3128662109375,665.9864501953125
1782130837.310661,3.119812488555908,3.086740255355835,777.3541259765625,697.94384765625
1782130837.315794,3.288848400115967,2.7872531414031982,784.4862060546875,662.86669921875
1782130837.320794,3.4505348205566406,2.869933605194092,795.5242919921875,660.58349609375
1782130837.325794,3.3255951404571533,2.994873046875,806.1514892578125,646.9432373046875
1782130837.330794,3.500143051147461,2.948939323425293,809.5631103515625,656.2677001953125
1782130837.335794,3.1345112323760986,2.972825050354004,783.65185546875,660.143310546875
1782130837.340794,3.3660168647766113,2.914029836654663,793.6224365234375,659.0242919921875
1782130837.345794,3.3660168647766113,2.838698625564575,822.0859375,635.5638427734375
1782130837.350794,3.154722213745117,2.8258373737335205,805.49951171875,637.8345947265625
1782130837.355794,3.281498908996582,2.914029836654663,801.990966796875,636.4599609375
1782130837.360805,3.1694209575653076,2.827674627304077,782.25634765625,651.9615478515625
1782130837.365794,3.2282159328460693,2.919541835784912,782.62060546875,656.563720703125
1782130837.370794,3.4101130962371826,3.013246536254883,790.11669921875,652.1832275390625
1782130837.375794,3.4909563064575195,2.7964398860931396,784.3271484375,668.5091552734375
1782130837.380794,3.1308367252349854,2.605355739593506,783.13818359375,669.0650634765625
1782130837.395794,3.3549928665161133,2.789090394973755,784.202880859375,660.0859375
1782130837.400794,3.43583607673645,2.925053834915161,757.2718505859375,659.91259765625
1782130837.405794,3.2612881660461426,3.213517189025879,780.752685546875,656.8875732421875
1782130837.415805,3.568124771118164,3.051830768585205,740.9427490234375,650.3072509765625
1782130837.420794,3.32192063331604,2.9875237941741943,772.0804443359375,662.064208984375
1782130837.425794,3.3035471439361572,2.921379327774048,796.3153076171875,651.862060546875
1782130837.430794,3.3586673736572266,2.37017560005188,789.3336181640625,651.3092041015625
1782130837.435805,3.1914689540863037,3.086740255355835,794.056396484375,666.41357421875
1782130837.440794,3.32192063331604,2.7394821643829346,809.8751220703125,689.1658935546875
1782130837.445794,3.263125419616699,2.748668670654297,807.3443603515625,686.745361328125
1782130837.450794,3.196981191635132,2.833186626434326,793.0401611328125,667.373046875
1782130837.460916,3.252101421356201,2.9305660724639893,793.3643798828125,674.7708740234375
1782130837.475916,3.529540538787842,3.040806770324707,787.290771484375,675.684326171875
1782130837.480916,3.248426675796509,2.908517837524414,827.8389892578125,674.4498291015625
1782130837.485916,3.3990890979766846,2.6531267166137695,801.756103515625,672.19287109375
1782130837.490916,3.3880650997161865,2.9415900707244873,803.2979736328125,675.253662109375
1782130837.495916,3.338456630706787,3.2447521686553955,826.0660400390625,662.525390625
1782130837.500916,3.2227039337158203,3.064692258834839,782.3946533203125,664.5802001953125
1782130837.505916,3.196981191635132,2.667825698852539,788.55029296875,661.703369140625
1782130837.510916,3.292523145675659,3.0205960273742676,773.2567138671875,658.1563720703125
1782130837.515916,3.430323839187622,2.8827950954437256,765.062255859375,643.9769287109375
1782130837.525916,3.2833364009857178,3.0389692783355713,771.9127197265625,654.386962890625
1782130837.530916,3.327432632446289,2.851560115814209,775.1595458984375,663.19384765625
1782130837.535916,3.1859569549560547,2.8607468605041504,783.70751953125,660.4185791015625
1782130837.540916,3.206167697906494,2.8827950954437256,782.5140380859375,661.9349365234375
1782130837.545916,3.264962911605835,2.700897693634033,812.9342041015625,682.887939453125
1782130837.550916,3.2557761669158936,2.44918155670166,814.5042724609375,677.1893310546875
1782130837.555916,3.3990890979766846,3.0720415115356445,802.7965087890625,678.3880615234375
1782130837.560916,3.252101421356201,3.040806770324707,789.4544677734375,662.0355224609375
1782130837.565916,3.2282159328460693,3.05918025970459,845.8873291015625,685.160400390625
1782130837.570916,3.281498908996582,2.6237292289733887,790.6090087890625,660.1002197265625
1782130837.575916,3.0959270000457764,3.035294771194458,786.0579833984375,694.6273193359375
1782130837.580916,3.235565423965454,3.057342767715454,823.432861328125,642.0797119140625
1782130837.585916,3.349480628967285,2.564934253692627,776.6971435546875,660.2667236328125
1782130837.591038,3.1822822093963623,2.353639602661133,786.9599609375,659.428466796875
1782130837.596038,3.270474910736084,2.78174090385437,806.5015869140625,667.7208251953125
1782130837.601049,3.432161331176758,2.9507768154144287,828.575439453125,678.2005615234375
1782130837.606038,3.298035144805908,3.1528847217559814,828.1307373046875,674.1397705078125
1782130837.611038,3.1639089584350586,2.719271183013916,824.8446044921875,676.411376953125
1782130837.616038,3.127161979675293,2.684361696243286,818.4146728515625,670.7666015625
1782130837.621038,3.252101421356201,2.8258373737335205,870.3477783203125,702.2156982421875
1782130837.631038,3.2337279319763184,2.840536117553711,861.817138671875,691.1380615234375
1782130837.636038,2.9875237941741943,2.640265464782715,850.6768798828125,723.8201904296875
1782130837.641038,3.114300489425659,2.6935484409332275,821.606689453125,701.5272216796875
1782130837.646038,3.162071466445923,2.7449941635131836,858.4205322265625,694.0706787109375
1782130837.651038,3.288848400115967,2.495115041732788,838.6075439453125,694.3551025390625
1782130837.661038,3.2263786792755127,2.8589096069335938,848.292236328125,676.1002197265625
1782130837.666038,3.4174625873565674,2.7799036502838135,864.0028076171875,686.888671875
1782130837.671038,3.3182458877563477,2.3315913677215576,874.8876953125,721.0975341796875
1782130837.676038,3.018758535385132,2.495115041732788,871.892333984375,713.1475830078125
1782130837.681038,3.2778241634368896,2.73213267326355,871.2149658203125,706.6824951171875
1782130837.686049,3.2392399311065674,3.022433280944824,849.4849853515625,704.520751953125
1782130837.691038,2.897493839263916,2.7119219303131104,843.9024658203125,682.7919921875
1782130837.696038,3.0683670043945312,2.4399948120117188,847.7822265625,685.8243408203125
1782130837.70105,3.2961976528167725,3.119812488555908,846.0194091796875,698.97265625
1782130837.706038,3.092252492904663,2.7064099311828613,842.414794921875,689.171142578125
1782130837.711038,3.1345112323760986,2.3609888553619385,817.1456298828125,694.1671142578125
1782130837.716038,3.1914689540863037,2.8258373737335205,842.7257080078125,678.2315673828125
1782130837.721038,3.1418607234954834,2.634753465652466,842.3603515625,679.253662109375
1782130837.731161,3.3752036094665527,2.9103550910949707,865.2122802734375,694.75146484375
1782130837.736183,3.1712582111358643,2.4987897872924805,803.1883544921875,658.416748046875
1782130837.741172,3.0555055141448975,2.5208380222320557,858.491943359375,667.0008544921875
1782130837.746161,3.3072218894958496,2.6310787200927734,881.6429443359375,715.55615234375
1782130837.751161,3.1345112323760986,2.4014105796813965,816.915771484375,691.950927734375
1782130837.75616,3.1400234699249268,2.800114393234253,824.5018310546875,689.80517578125
1782130837.761161,3.332944631576538,2.4693922996520996,845.593994140625,688.0421142578125
1782130837.76616,3.3237578868865967,3.127161979675293,820.23828125,667.8916015625
1782130837.771161,3.0849030017852783,3.0205960273742676,825.1318359375,698.825927734375
1782130837.776172,3.35683012008667,2.48409104347229,905.1243896484375,719.5654296875
1782130837.781161,3.252101421356201,2.8662588596343994,888.9818115234375,713.3165283203125
1782130837.78616,3.4615588188171387,3.1289992332458496,820.947265625,683.1986083984375
1782130837.791494,3.151047468185425,3.0095717906951904,834.3623046875,686.6612548828125
1782130837.796494,3.151047468185425,2.4987897872924805,878.611083984375,714.661865234375
1782130837.801494,3.292523145675659,3.1400234699249268,870.254638671875,711.1802978515625
1782130837.806494,3.5368900299072266,2.8717708587646484,833.4490966796875,702.15234375
1782130837.811494,3.252101421356201,2.8497228622436523,799.1455078125,684.602294921875
1782130837.816494,3.2318906784057617,2.851560115814209,823.7650146484375,707.87255859375
1782130837.821494,3.310896396636963,2.581470251083374,867.39453125,704.717041015625
1782130837.826494,3.270474910736084,2.3885490894317627,833.58447265625,682.795654296875
1782130837.831494,3.343968629837036,2.9618008136749268,835.1712646484375,684.3466796875
1782130837.836494,3.4450228214263916,2.965475559234619,832.690185546875,688.9051513671875
1782130837.846494,3.040806770324707,2.822162628173828,815.5126953125,663.9427490234375
1782130837.851494,3.0389692783355713,2.9636383056640625,826.3385009765625,715.1715087890625
1782130837.861505,3.3292698860168457,2.708247184753418,832.140869140625,702.1182861328125
1782130837.866616,3.2263786792755127,2.564934253692627,845.23583984375,686.85302734375
1782130837.871616,3.2116799354553223,2.9471020698547363,842.0267333984375,682.5526123046875
1782130837.881616,3.0481560230255127,2.5630970001220703,840.3419189453125,682.783935546875
1782130837.886616,3.189631700515747,3.0150837898254395,807.0826416015625,668.353515625
1782130837.896616,3.2337279319763184,3.0279452800750732,776.70166015625,641.42236328125
1782130837.901616,3.189631700515747,3.0426440238952637,787.269287109375,677.5611572265625
1782130837.906616,3.1822822093963623,3.189631700515747,781.2498779296875,677.2958984375
1782130837.911616,3.2668001651763916,3.0481560230255127,794.88720703125,649.435546875
1782130837.916616,3.213517189025879,3.064692258834839,797.466552734375,656.9381103515625
1782130837.921616,3.4615588188171387,3.0426440238952637,790.4229736328125,666.605712890625
1782130837.926616,3.281498908996582,2.9471020698547363,823.6395263671875,654.0411376953125
1782130837.931616,3.4046010971069336,3.0793910026550293,816.3880615234375,666.4979248046875
1782130837.936616,3.259450912475586,2.7964398860931396,760.599853515625,665.1134033203125
1782130837.941616,3.298035144805908,2.7045724391937256,772.6326904296875,672.8492431640625
1782130837.946616,3.1988184452056885,2.8993310928344727,787.6358642578125,667.69091796875
1782130837.956616,3.551588773727417,2.5906569957733154,812.963134765625,648.0804443359375
1782130837.961616,3.3311073780059814,3.097764492034912,770.096923828125,673.751708984375
1782130837.966616,3.1528847217559814,3.116137981414795,757.118896484375,671.0426025390625
1782130837.971616,3.1914689540863037,3.016921281814575,791.3919677734375,629.9407958984375
1782130837.976616,3.3347818851470947,3.1124632358551025,829.648681640625,697.8616943359375
1782130837.981616,3.2116799354553223,3.288848400115967,818.78076171875,689.481201171875
1782130837.986627,3.476257562637329,3.1418607234954834,773.5738525390625,681.009765625
1782130837.996738,3.630594491958618,3.0720415115356445,793.3323974609375,661.1595458984375
1782130838.001738,3.389902353286743,3.097764492034912,789.4559326171875,655.996826171875
1782130838.006738,3.4064383506774902,3.230053186416626,811.0245361328125,661.3912353515625
1782130838.016738,3.2741496562957764,2.903005838394165,787.2943115234375,672.569580078125
1782130838.021738,3.3292698860168457,3.2227039337158203,792.5714111328125,671.076171875
1782130838.026749,3.465233564376831,3.378878355026245,792.6629638671875,681.3961181640625
1782130838.031749,3.299872398376465,2.9562888145446777,792.505126953125,661.3743896484375
1782130838.036738,3.3807156085968018,3.213517189025879,791.094970703125,668.68896484375
1782130838.041738,3.263125419616699,2.8607468605041504,794.2012939453125,660.6610107421875
1782130838.046738,3.4395105838775635,3.230053186416626,801.4344482421875,663.4951171875
1782130838.051738,3.413787841796875,3.299872398376465,777.9478759765625,659.9906005859375
1782130838.056738,3.3660168647766113,3.4468600749969482,801.3978271484375,661.9100341796875
1782130838.061738,3.3531553745269775,2.6421027183532715,799.395751953125,663.0233154296875
1782130838.066738,3.343968629837036,2.6825244426727295,790.7152099609375,663.71484375
1782130838.071738,3.408275842666626,3.178607702255249,789.0931396484375,665.7510986328125
1782130838.076738,3.263125419616699,2.8313493728637695,776.2802734375,663.128173828125
1782130838.086738,3.5901730060577393,3.2557761669158936,771.3013916015625,656.0362548828125
1782130838.091738,3.057342767715454,3.005897045135498,769.1361083984375,667.564453125
1782130838.096738,3.386227607727051,2.9875237941741943,783.403076171875,646.7572021484375
1782130838.101749,3.2961976528167725,3.2116799354553223,786.795166015625,648.763916015625
1782130838.106738,3.2668001651763916,2.9967105388641357,774.9371337890625,680.664794921875
1782130838.111738,3.345806121826172,2.8589096069335938,777.2314453125,678.860107421875
1782130838.121738,3.035294771194458,3.1712582111358643,789.8046875,657.71826171875
1782130838.126738,3.3017096519470215,2.800114393234253,758.2493896484375,649.3685302734375
1782130838.131872,3.408275842666626,3.0481560230255127,770.990234375,673.8809814453125
1782130838.136872,3.259450912475586,2.6604762077331543,800.335205078125,658.993408203125
1782130838.141872,3.230053186416626,3.189631700515747,764.404541015625,647.168701171875
1782130838.146872,3.156559467315674,3.086740255355835,764.247314453125,646.0743408203125
1782130838.151872,3.4229745864868164,2.6127052307128906,766.6322021484375,673.2789306640625
1782130838.156872,3.288848400115967,3.005897045135498,768.090576171875,669.0865478515625
1782130838.161872,3.7096004486083984,2.789090394973755,765.7470703125,668.2816162109375
1782130838.166872,3.465233564376831,2.9287285804748535,779.649169921875,653.1727294921875
1782130838.176872,3.343968629837036,2.891981840133667,791.142822265625,666.7318115234375
1782130838.181872,3.3660168647766113,3.1363487243652344,784.9598388671875,663.24853515625
1782130838.186872,3.281498908996582,3.310896396636963,793.70263671875,652.12451171875
1782130838.191872,3.4983057975769043,3.005897045135498,793.426025390625,654.1724853515625
1782130838.196872,3.252101421356201,2.794602394104004,789.7569580078125,655.4212646484375
1782130838.201872,3.1473727226257324,2.873608350753784,788.60888671875,655.151611328125
1782130838.206872,3.345806121826172,3.024270534515381,789.4678955078125,655.938232421875
1782130838.211872,3.443185329437256,3.035294771194458,789.6826171875,646.6234130859375
1782130838.216883,3.4927937984466553,3.1528847217559814,807.219970703125,661.9796142578125
1782130838.221872,3.3660168647766113,2.9856863021850586,778.0975341796875,662.6453857421875
1782130838.226872,3.2851736545562744,2.8148131370544434,778.55810546875,665.0045166015625
1782130838.231872,3.3990890979766846,2.8607468605041504,778.2216796875,672.4482421875
1782130838.236872,3.2741496562957764,2.989361047744751,796.60498046875,685.3896484375
1782130838.241872,3.5497515201568604,3.1712582111358643,790.7357177734375,654.249267578125
1782130838.246883,3.338456630706787,2.937915325164795,813.724609375,669.787841796875
1782130838.251872,3.459721565246582,3.3531553745269775,792.9017333984375,678.00146484375
1782130838.256872,3.25761342048645,2.6365907192230225,790.5635986328125,677.100830078125
1782130838.261872,3.2374026775360107,2.9856863021850586,796.2391357421875,675.0531005859375
1782130838.266994,3.483607053756714,2.937915325164795,798.164306640625,673.27197265625
1782130838.271994,3.5185165405273438,2.869933605194092,804.372314453125,639.761962890625
1782130838.281994,3.294360399246216,2.770716905593872,768.129638671875,650.9964599609375
1782130838.286994,3.3090591430664062,3.018758535385132,797.0950927734375,645.7476806640625
1782130838.291994,3.3347818851470947,3.0499935150146484,784.98291015625,652.4329833984375
1782130838.296994,3.1859569549560547,2.9232165813446045,774.8677978515625,638.8487548828125
1782130838.302005,3.2741496562957764,2.9618008136749268,805.9090576171875,658.5513916015625
1782130838.306994,3.362342119216919,2.7523434162139893,871.4071044921875,705.047607421875
1782130838.311994,3.3549928665161133,3.2227039337158203,845.771240234375,699.3948974609375
1782130838.316994,3.500143051147461,2.9048430919647217,811.733642578125,651.49609375
1782130838.321994,3.389902353286743,3.1014389991760254,816.0716552734375,655.0557861328125
1782130838.327005,3.1749329566955566,2.886469602584839,820.8404541015625,661.7943115234375
1782130838.331994,3.2282159328460693,2.954451560974121,815.477294921875,689.87841796875
1782130838.336994,3.397251844406128,2.9875237941741943,812.726806640625,660.6783447265625
1782130838.346994,3.3917396068573,3.332944631576538,833.934326171875,662.402587890625
1782130838.351994,3.2429146766662598,3.081228256225586,802.466064453125,658.1484375
1782130838.356994,3.4211373329162598,3.0371320247650146,846.3795166015625,661.414794921875
1782130838.361994,3.3880650997161865,3.0904150009155273,811.5506591796875,679.937255859375
1782130838.366994,3.173095703125,2.8993310928344727,805.750732421875,672.6385498046875
1782130838.371994,3.2557761669158936,2.673337697982788,808.4730224609375,672.7537841796875
1782130838.376994,3.378878355026245,3.0316200256347656,833.7972412109375,684.2354736328125
1782130838.382005,3.288848400115967,3.184119701385498,837.2041015625,680.852294921875
1782130838.386994,3.3770408630371094,2.5373740196228027,816.0509033203125,623.6287841796875
1782130838.391994,3.340294122695923,3.062854766845703,818.74072265625,647.9801025390625
1782130838.396994,3.2227039337158203,2.9526140689849854,834.129150390625,661.882568359375
1782130838.402116,3.173095703125,3.0499935150146484,804.0863037109375,659.034423828125
1782130838.412116,3.3660168647766113,2.9177045822143555,809.5897216796875,663.811767578125
1782130838.417116,3.332944631576538,2.965475559234619,839.4876708984375,665.4276123046875
1782130838.422116,3.281498908996582,3.10878849029541,837.32080078125,665.46337890625
1782130838.427127,3.402763843536377,3.0499935150146484,832.243408203125,661.918212890625
1782130838.432116,3.202493190765381,2.8497228622436523,824.4176025390625,672.3773193359375
1782130838.437116,3.351318120956421,3.0793910026550293,778.8741455078125,646.06787109375
1782130838.442116,3.408275842666626,3.20800518989563,785.419921875,648.1688232421875
1782130838.447116,3.362342119216919,3.0316200256347656,788.5985107421875,652.1439208984375
1782130838.452116,3.1933064460754395,2.925053834915161,788.343017578125,653.4786376953125
1782130838.457127,3.316408634185791,3.013246536254883,789.8372802734375,656.8897705078125
1782130838.462116,3.432161331176758,3.0205960273742676,792.1873779296875,643.8380126953125
1782130838.467116,3.384390354156494,3.200655698776245,790.3828125,642.7115478515625
1782130838.472127,3.3035471439361572,3.160234212875366,800.5977783203125,656.4569091796875
1782130838.477127,3.20800518989563,3.3145711421966553,810.05810546875,669.8330078125
1782130838.482116,3.448697328567505,3.1528847217559814,809.3995361328125,669.1953125
1782130838.487116,3.2741496562957764,2.95996356010437,812.18701171875,686.490966796875
1782130838.492116,3.3549928665161133,2.926891326904297,811.5089111328125,668.80029296875
1782130838.497116,3.235565423965454,2.5281872749328613,797.6534423828125,632.658935546875
1782130838.502116,3.195143699645996,3.092252492904663,793.8946533203125,650.0816650390625
1782130838.507116,3.2723121643066406,3.292523145675659,775.2833251953125,640.5181884765625
1782130838.512116,3.1418607234954834,2.9581260681152344,777.6171875,641.060791015625
1782130838.517116,3.2668001651763916,2.9930357933044434,797.7371826171875,670.7183837890625
1782130838.522116,3.316408634185791,2.943427324295044,795.284912109375,663.7742919921875
1782130838.527116,3.327432632446289,3.1528847217559814,753.898193359375,652.152587890625
1782130838.532116,3.213517189025879,3.0499935150146484,796.6666259765625,657.3494873046875
1782130838.53725,3.338456630706787,3.1308367252349854,801.614990234375,675.822998046875
1782130838.542238,3.3311073780059814,2.9103550910949707,806.220947265625,676.9969482421875
1782130838.547238,3.196981191635132,2.943427324295044,767.8128662109375,643.35791015625
1782130838.557238,3.200655698776245,3.1473727226257324,783.5166015625,654.289794921875
1782130838.562249,3.1234872341156006,2.914029836654663,784.0845947265625,653.0421142578125
1782130838.567238,3.327432632446289,3.062854766845703,786.9334716796875,648.5635986328125
1782130838.572238,3.167583465576172,2.9397528171539307,797.5096435546875,656.79638671875
1782130838.577238,3.213517189025879,2.868096351623535,795.974609375,658.5792236328125
1782130838.592238,3.160234212875366,2.667825698852539,791.1348876953125,673.63232421875
1782130838.597238,3.241077423095703,2.9691503047943115,778.47802734375,674.4227294921875
1782130838.602238,3.0316200256347656,2.8589096069335938,783.84423828125,661.56884765625
1782130838.607238,3.2778241634368896,3.3660168647766113,808.8018798828125,668.30859375
1782130838.612238,3.235565423965454,2.794602394104004,796.2412109375,652.9351806640625
1782130838.617238,3.2374026775360107,2.84604811668396,784.7562255859375,663.05322265625
1782130838.622249,3.2153544425964355,3.1639089584350586,790.84912109375,636.0660400390625
1782130838.627238,3.1822822093963623,2.9066805839538574,794.885009765625,650.251220703125
1782130838.632238,3.2851736545562744,3.3807156085968018,783.4285888671875,665.13232421875
1782130838.637238,3.1877944469451904,3.062854766845703,779.91259765625,666.3372802734375
1782130838.652238,3.219029188156128,2.605355739593506,768.0926513671875,664.2501220703125
1782130838.657238,3.459721565246582,3.0279452800750732,791.8809814453125,648.5379638671875
1782130838.662238,3.2043304443359375,2.862584114074707,787.7740478515625,653.66064453125
1782130838.667238,3.2447521686553955,2.873608350753784,850.986083984375,691.2860107421875
1782130838.672372,3.659992218017578,3.005897045135498,681.8997802734375,622.2784423828125
1782130838.682372,3.3605048656463623,2.3885490894317627,741.90478515625,738.378662109375
1782130838.687372,2.88095760345459,2.2231879234313965,813.9847412109375,680.4923095703125
1782130838.692372,2.392223834991455,2.1074352264404297,831.7091064453125,642.2431640625
1782130838.697372,2.575958251953125,2.243398904800415,840.0699462890625,658.528076171875
1782130838.702372,2.7560181617736816,1.7482341527938843,783.9234619140625,651.3436279296875
1782130838.707372,2.833186626434326,2.3665008544921875,812.76123046875,570.0938720703125
1782130838.712372,3.0389692783355713,2.1496942043304443,837.22900390625,601.0059814453125
1782130838.717372,2.965475559234619,2.1441822052001953,835.59716796875,607.1444091796875
1782130838.722372,2.851560115814209,2.1313207149505615,790.02978515625,642.5494384765625
1782130838.727372,3.1345112323760986,2.4859282970428467,826.8341064453125,593.2371826171875
1782130838.732372,3.230053186416626,2.2286999225616455,806.6019287109375,609.787109375
1782130838.737372,3.2392399311065674,1.852962851524353,803.2281494140625,610.4266357421875
1782130838.742372,3.25761342048645,2.1552062034606934,808.95654296875,617.2694091796875
1782130838.747372,2.972825050354004,2.3995730876922607,805.786865234375,613.0079345703125
1782130838.752372,3.024270534515381,1.9457488059997559,771.2003173828125,594.9864501953125
1782130838.757372,3.013246536254883,2.0982484817504883,801.2274169921875,607.9759521484375
1782130838.762372,3.0683670043945312,2.1588809490203857,828.305419921875,637.9202880859375
1782130838.767372,3.219029188156128,1.9824957847595215,845.901611328125,607.91064453125
1782130838.772372,2.8772828578948975,1.999031901359558,822.7537841796875,592.10693359375
1782130838.777372,2.8037891387939453,1.798761248588562,810.199951171875,580.9913330078125
1782130838.782383,2.656801462173462,1.9071645736694336,796.1990966796875,637.521484375
1782130838.787372,2.741319417953491,1.9457488059997559,812.80908203125,641.0430908203125
1782130838.792372,2.8423733711242676,1.741803526878357,758.4976806640625,590.084716796875
1782130838.797372,2.869933605194092,2.2121639251708984,774.99072265625,653.9117431640625
1782130838.802372,2.730295419692993,2.4124345779418945,810.1070556640625,623.15380859375
1782130838.807494,2.932403326034546,1.9714716672897339,817.8973388671875,663.12548828125
1782130838.812494,2.829511880874634,2.1827664375305176,813.8623046875,657.670654296875
1782130838.817494,2.737644672393799,1.829996109008789,766.9742431640625,608.259033203125
1782130838.822494,2.6494522094726562,2.496952533721924,796.2364501953125,662.0267333984375
1782130838.827494,2.78174090385437,2.2562601566314697,822.6998291015625,702.7821044921875
1782130838.832494,2.862584114074707,2.300356388092041,826.7745361328125,716.7769775390625
1782130838.837494,2.7523434162139893,2.1552062034606934,789.85498046875,685.6815185546875
1782130838.842505,2.9397528171539307,2.8478853702545166,774.79248046875,661.7427978515625
1782130838.847494,3.097764492034912,2.4014105796813965,788.8101806640625,672.5482177734375
1782130838.852494,3.0904150009155273,2.18644118309021,773.450439453125,703.541259765625
1782130838.857494,3.367854118347168,2.5392115116119385,778.2056884765625,734.5570068359375
1782130838.862494,3.25761342048645,2.5686089992523193,770.9888916015625,690.5892333984375
1782130838.867494,3.1749329566955566,2.4473440647125244,763.98681640625,743.6317138671875
1782130838.872494,3.241077423095703,2.4822537899017334,762.67578125,736.6539306640625
1782130838.877494,3.540564775466919,2.3481273651123047,803.5113525390625,695.4525146484375
1782130838.882494,3.10878849029541,2.7523434162139893,756.2015380859375,655.18798828125
1782130838.887505,3.3990890979766846,2.3940610885620117,760.688232421875,673.314208984375
1782130838.892494,3.270474910736084,2.673337697982788,784.6505126953125,740.1781005859375
1782130838.897494,3.5717995166778564,2.7964398860931396,766.087646484375,664.0333251953125
1782130838.902494,3.1859569549560547,2.994873046875,757.3243408203125,671.3565673828125
1782130838.907494,3.4560468196868896,2.678849697113037,752.0877685546875,697.450439453125
1782130838.912494,3.3549928665161133,2.6549642086029053,756.4671630859375,699.1151123046875
1782130838.917494,3.5442392826080322,3.189631700515747,803.651123046875,665.8310546875
1782130838.922494,3.487281560897827,2.8552348613739014,779.9334716796875,666.773681640625
1782130838.927494,3.5258657932281494,2.8239998817443848,808.9046630859375,675.35986328125
1782130838.932494,3.792280912399292,3.0261080265045166,784.521728515625,677.0146484375
1782130838.937494,3.6416187286376953,3.1234872341156006,771.6805419921875,663.4251708984375
1782130838.972616,3.345806121826172,2.9103550910949707,728.8048095703125,650.778564453125
1782130838.977616,3.746347427368164,3.3127338886260986,769.2052001953125,677.2120361328125
1782130838.982616,3.3476433753967285,2.965475559234619,742.3636474609375,635.0457763671875
1782130838.987627,3.4064383506774902,3.062854766845703,785.47412109375,676.0615234375
1782130838.992616,3.465233564376831,2.9360780715942383,789.333251953125,659.54736328125
1782130839.002616,3.3715288639068604,2.869933605194092,824.6651611328125,669.7213134765625
1782130839.007616,3.316408634185791,2.9801743030548096,846.7581787109375,668.9251708984375
1782130839.012616,3.14369797706604,2.9177045822143555,842.6082763671875,668.7750244140625
1782130839.017627,3.138185977935791,2.862584114074707,837.834228515625,674.189208984375
1782130839.022616,3.0940897464752197,2.748668670654297,833.661865234375,671.1224365234375
1782130839.027616,3.178607702255249,2.873608350753784,819.509765625,666.798583984375
1782130839.032616,3.230053186416626,2.8184878826141357,821.2890625,667.0208740234375
1782130839.037616,3.2851736545562744,3.1528847217559814,819.6595458984375,670.8692626953125
1782130839.042616,3.4119505882263184,3.167583465576172,808.53857421875,657.26611328125
1782130839.047627,3.1363487243652344,3.0775535106658936,827.1669921875,664.9539794921875
1782130839.052627,3.0426440238952637,2.9581260681152344,816.246337890625,662.00537109375
1782130839.057627,3.241077423095703,3.432161331176758,784.3720703125,685.200439453125
1782130839.067616,3.1528847217559814,3.3990890979766846,782.063232421875,664.685302734375
1782130839.072616,3.1933064460754395,3.2851736545562744,790.22705078125,644.558349609375
1782130839.077738,3.2961976528167725,3.1345112323760986,776.4432373046875,648.8896484375
1782130839.082738,3.20800518989563,3.3421313762664795,790.757080078125,668.883544921875
1782130839.087738,3.4615588188171387,3.4670708179473877,805.796142578125,665.556396484375
1782130839.092738,3.3017096519470215,3.6232452392578125,848.9830322265625,660.90673828125
1782130839.10275,3.395414352416992,3.4101130962371826,828.5516357421875,659.8023681640625
1782130839.107749,3.32192063331604,3.2741496562957764,863.859619140625,624.6767578125
1782130839.112738,3.2043304443359375,3.119812488555908,855.1990966796875,643.9595947265625
1782130839.117738,3.4450228214263916,3.551588773727417,843.021728515625,650.7735595703125
1782130839.122738,3.3255951404571533,3.288848400115967,855.0552978515625,645.484375
1782130839.127738,3.1014389991760254,3.343968629837036,887.3944091796875,650.510498046875
1782130839.132738,3.178607702255249,3.167583465576172,856.0423583984375,631.325927734375
1782130839.137738,3.3880650997161865,3.1345112323760986,860.0128173828125,636.3818359375
1782130839.142738,3.3825528621673584,3.1859569549560547,849.447509765625,616.6180419921875
1782130839.147738,3.3366193771362305,2.9985477924346924,850.4627685546875,610.8883056640625
1782130839.152738,3.1639089584350586,3.0095717906951904,854.0552978515625,612.4844970703125
1782130839.157738,3.294360399246216,3.0830657482147217,853.3135986328125,608.9228515625
1782130839.162738,3.178607702255249,3.075716257095337,868.564208984375,602.8140869140625
1782130839.167738,3.259450912475586,2.9581260681152344,864.45703125,601.22119140625
1782130839.177738,3.1418607234954834,3.156559467315674,867.974853515625,607.20751953125
1782130839.182738,3.119812488555908,2.943427324295044,867.49755859375,615.98583984375
1782130839.187749,3.149209976196289,2.8993310928344727,855.8201904296875,612.4056396484375
1782130839.19275,3.0830657482147217,3.1345112323760986,885.8258056640625,636.77490234375
1782130839.197761,3.1528847217559814,3.0316200256347656,880.594482421875,660.50390625
1782130839.207749,3.1014389991760254,2.989361047744751,873.0704345703125,647.248291015625
1782130839.212872,3.0095717906951904,3.092252492904663,889.639404296875,643.5167236328125
1782130839.217872,3.132673978805542,3.0904150009155273,891.1763916015625,636.127197265625
1782130839.222872,3.178607702255249,3.3366193771362305,894.198974609375,631.3170166015625
1782130839.227872,3.149209976196289,3.345806121826172,875.2110595703125,619.7564697265625
1782130839.232872,3.1804449558258057,2.9911983013153076,876.953125,630.455322265625
1782130839.237872,2.965475559234619,3.167583465576172,878.23095703125,630.300537109375
1782130839.242872,3.0683670043945312,3.178607702255249,873.4952392578125,630.8343505859375
1782130839.247872,3.0904150009155273,3.235565423965454,873.753173828125,624.845947265625
1782130839.252883,3.0316200256347656,3.2153544425964355,908.2066650390625,609.01904296875
1782130839.257872,3.3770408630371094,3.4211373329162598,907.176513671875,612.25244140625
1782130839.267872,3.075716257095337,3.1418607234954834,900.4869384765625,609.802978515625
1782130839.272872,3.1859569549560547,3.1749329566955566,874.166748046875,634.284912109375
1782130839.277872,3.1308367252349854,3.20800518989563,882.26123046875,663.4088134765625
1782130839.282872,3.196981191635132,3.1528847217559814,881.7364501953125,647.5552978515625
1782130839.292872,3.1822822093963623,3.1694209575653076,866.9969482421875,654.343505859375
1782130839.297872,3.2796616554260254,3.184119701385498,835.72802734375,620.4429931640625
1782130839.302872,3.086740255355835,3.167583465576172,874.1053466796875,600.3731689453125
1782130839.307872,3.057342767715454,3.2171919345855713,869.822021484375,604.42138671875
1782130839.312872,3.156559467315674,3.1859569549560547,865.564208984375,611.027587890625
1782130839.317872,3.0426440238952637,3.2227039337158203,848.541259765625,687.9342041015625
1782130839.322872,3.0316200256347656,3.013246536254883,871.8397216796875,674.1009521484375
1782130839.327872,3.0040597915649414,2.9287285804748535,815.0177001953125,663.572509765625
1782130839.332872,3.0793910026550293,2.9581260681152344,819.285400390625,657.9742431640625
1782130839.337872,3.149209976196289,3.064692258834839,813.9835205078125,644.1300048828125
1782130839.342872,2.9636383056640625,3.0205960273742676,784.87451171875,676.641845703125
1782130839.347994,3.1473727226257324,3.2796616554260254,787.0272216796875,667.6942138671875
1782130839.352994,3.057342767715454,2.9746623039245605,788.3802490234375,665.0362548828125
1782130839.357994,2.9875237941741943,3.013246536254883,788.5228271484375,663.6693115234375
1782130839.363005,3.0499935150146484,2.921379327774048,785.809814453125,661.9365234375
1782130839.367994,2.9911983013153076,3.2208666801452637,784.170166015625,669.3291015625
1782130839.372994,3.057342767715454,2.9911983013153076,787.018310546875,666.733642578125
1782130839.377994,2.983849048614502,3.016921281814575,784.5819091796875,688.04931640625
1782130839.382994,3.202493190765381,2.851560115814209,782.4322509765625,659.901611328125
1782130839.387994,3.1308367252349854,3.0499935150146484,783.16552734375,659.304443359375
1782130839.393005,3.0205960273742676,2.9691503047943115,795.351806640625,674.9149169921875
1782130839.402994,3.046318769454956,3.0775535106658936,791.8787841796875,676.2891845703125
1782130839.407994,2.965475559234619,2.9636383056640625,786.6181640625,669.6446533203125
1782130839.417994,3.0720415115356445,2.8607468605041504,795.9119873046875,664.561279296875
1782130839.427994,2.982011556625366,2.8956563472747803,805.98095703125,671.045166015625
1782130839.432994,3.024270534515381,3.1234872341156006,802.4176025390625,669.951171875
1782130839.437994,3.075716257095337,3.1308367252349854,791.0408935546875,654.8223876953125
1782130839.448005,2.9177045822143555,2.965475559234619,799.8802490234375,668.927734375
1782130839.457994,3.0940897464752197,3.1639089584350586,791.149658203125,675.208251953125
1782130839.462994,2.970987558364868,3.110625743865967,797.347412109375,673.7012939453125
1782130839.467994,2.9985477924346924,3.119812488555908,796.8118896484375,663.8505859375
1782130839.472994,3.035294771194458,3.0904150009155273,799.871337890625,668.1671142578125
1782130839.477994,3.0316200256347656,3.051830768585205,801.6923828125,665.9488525390625
1782130839.483116,2.9360780715942383,2.9930357933044434,796.1685791015625,660.68408203125
1782130839.488116,3.0536680221557617,2.9875237941741943,794.5384521484375,663.359619140625
1782130839.493116,3.0279452800750732,3.013246536254883,801.3779296875,662.4515380859375
1782130839.498127,3.051830768585205,2.976499557495117,801.8331298828125,662.22021484375
1782130839.508116,2.9526140689849854,2.926891326904297,798.0826416015625,664.2823486328125
1782130839.513116,3.007734537124634,3.1400234699249268,786.3414306640625,697.029296875
1782130839.523116,3.1179752349853516,2.9875237941741943,788.9273681640625,685.605712890625
1782130839.528116,2.9287285804748535,2.9875237941741943,788.710693359375,675.6484375
1782130839.533116,2.982011556625366,2.989361047744751,797.1868896484375,701.7738037109375
1782130839.538116,2.891981840133667,2.932403326034546,799.3260498046875,674.70703125
1782130839.543116,3.035294771194458,3.0426440238952637,801.3817138671875,673.214599609375
1782130839.548116,3.0150837898254395,2.9581260681152344,804.7945556640625,676.1275634765625
1782130839.553127,2.965475559234619,2.9507768154144287,794.779541015625,693.7281494140625
1782130839.558127,3.0022225379943848,3.02978253364563,802.482177734375,671.355712890625
1782130839.563127,2.970987558364868,2.915867328643799,801.7322998046875,670.20166015625
1782130839.568116,3.0683670043945312,3.0389692783355713,804.3802490234375,661.572021484375
1782130839.573116,3.121649980545044,2.972825050354004,798.376708984375,660.572021484375
1782130839.578127,2.982011556625366,2.873608350753784,798.5218505859375,671.891357421875
1782130839.588116,3.040806770324707,2.9691503047943115,790.52392578125,658.7579345703125
1782130839.593116,2.921379327774048,2.9066805839538574,788.3271484375,657.45458984375
1782130839.598116,3.1051137447357178,3.000385046005249,789.4393310546875,658.1429443359375
1782130839.603116,3.292523145675659,3.0830657482147217,764.4046630859375,661.189697265625
1782130839.608127,3.637943983078003,3.5828235149383545,771.6181640625,653.7523193359375
1782130839.618238,3.564450263977051,3.1528847217559814,737.690673828125,656.026611328125
1782130839.628238,2.5061392784118652,2.5392115116119385,773.8712158203125,725.822509765625
1782130839.633238,2.8589096069335938,2.214001178741455,782.7152099609375,653.153076171875
1782130839.638238,2.6715002059936523,2.414271831512451,828.1136474609375,594.4366455078125
1782130839.643238,3.1345112323760986,2.180928945541382,783.933837890625,552.6871337890625
1782130839.648249,2.6494522094726562,2.0284292697906494,794.5101318359375,626.66064453125
1782130839.653238,3.0738790035247803,2.3021938800811768,748.87255859375,681.3687744140625
1782130839.663249,2.9360780715942383,2.353639602661133,764.5677490234375,642.804931640625
1782130839.668238,3.0940897464752197,2.00821852684021,770.2833251953125,634.3209228515625
1782130839.683238,3.0610175132751465,2.2525854110717773,808.6434326171875,622.8558349609375
1782130839.693238,2.8368613719940186,2.0229172706604004,793.7547607421875,613.7320556640625
1782130839.69825,2.7743916511535645,1.7831437587738037,815.7353515625,591.4912109375
1782130839.703238,3.1308367252349854,2.318729877471924,829.4072265625,580.9554443359375
1782130839.708238,2.800114393234253,2.1202967166900635,808.7457275390625,614.25927734375
1782130839.713238,3.196981191635132,2.1019232273101807,760.7587890625,546.6458740234375
1782130839.718238,2.6935484409332275,1.921863317489624,768.99609375,571.9388427734375
1782130839.723238,2.4804162979125977,1.8143786191940308,830.8211669921875,564.10009765625
1782130839.728238,2.994873046875,2.1643929481506348,814.770751953125,653.2803955078125
1782130839.733238,2.8148131370544434,2.215838670730591,860.76904296875,570.2996826171875
1782130839.743238,2.8993310928344727,2.259934902191162,757.4884033203125,689.4862060546875
1782130839.74825,3.1069512367248535,2.127645969390869,765.7596435546875,722.32763671875
1782130839.753372,3.373366355895996,2.638427972793579,748.89794921875,618.632568359375
1782130839.758372,3.0536680221557617,2.454693555831909,776.266357421875,641.7225341796875
1782130839.763372,3.2227039337158203,2.7155966758728027,760.1710205078125,671.7313232421875
1782130839.768372,3.2337279319763184,2.6604762077331543,762.2890625,680.6844482421875
1782130839.773372,3.408275842666626,2.6531267166137695,775.5726318359375,678.609619140625
1782130839.778372,3.196981191635132,2.789090394973755,809.0863037109375,697.1953125
1782130839.783372,3.5258657932281494,2.994873046875,850.582275390625,648.130126953125
1782130839.788372,3.4505348205566406,3.046318769454956,825.1807861328125,717.719482421875
1782130839.793372,3.288848400115967,3.097764492034912,834.818115234375,714.7672119140625
1782130839.798372,3.1933064460754395,2.8552348613739014,814.198974609375,709.367431640625
1782130839.803372,3.47074556350708,3.2668001651763916,856.1392822265625,721.2139892578125
1782130839.808372,3.2153544425964355,3.219029188156128,851.0994873046875,719.8564453125
1782130839.818372,3.4505348205566406,3.2098424434661865,823.8070068359375,707.060791015625
1782130839.823372,3.378878355026245,3.195143699645996,807.250732421875,654.2528076171875
1782130839.828372,3.3880650997161865,3.419299840927124,853.2012939453125,699.1671142578125
1782130839.833372,3.579149007797241,3.1418607234954834,809.251953125,679.8115234375
1782130839.838372,3.5479140281677246,3.5993597507476807,815.9249267578125,680.5841064453125
1782130839.843372,3.4983057975769043,3.432161331176758,817.14404296875,678.0438232421875
1782130839.848372,3.4174625873565674,3.5607755184173584,826.7996826171875,691.697021484375
1782130839.853372,3.424811840057373,3.3182458877563477,748.375732421875,657.611083984375
1782130839.858372,3.32192063331604,3.4450228214263916,827.15625,636.0628662109375
1782130839.863372,3.50565505027771,3.7206244468688965,823.2066650390625,644.8985595703125
1782130839.868372,3.5313780307769775,3.9502928256988525,823.7296142578125,650.6373291015625
1782130839.873372,3.413787841796875,3.626919984817505,822.952392578125,655.64013671875
1782130839.878372,3.3770408630371094,3.68387770652771,827.047119140625,653.90185546875
1782130839.883372,3.4064383506774902,3.6452934741973877,821.3284912109375,653.4019775390625
1782130839.893383,3.332944631576538,3.3347818851470947,757.8887939453125,656.0887451171875
1782130839.898494,3.299872398376465,3.178607702255249,784.998291015625,669.130615234375
1782130839.918494,3.529540538787842,3.575474262237549,853.777099609375,675.7320556640625
1782130839.923494,3.332944631576538,3.400926351547241,860.8995361328125,647.7840576171875
1782130839.928494,3.3641796112060547,3.630594491958618,891.994384765625,625.831787109375
1782130839.933494,3.2778241634368896,3.465233564376831,892.0404052734375,643.6109619140625
1782130839.938494,3.3237578868865967,3.3641796112060547,882.76708984375,660.3980712890625
1782130839.943494,3.327432632446289,3.50565505027771,881.3154296875,648.06005859375
1782130839.958124,3.2153544425964355,3.114300489425659,865.853759765625,645.734375
1782130839.963124,3.0738790035247803,3.064692258834839,861.952392578125,647.151123046875
1782130839.968124,3.046318769454956,3.1418607234954834,828.10986328125,623.8995361328125
1782130839.973124,3.2263786792755127,3.2208666801452637,842.349365234375,627.37548828125
1782130839.978124,3.0793910026550293,3.3660168647766113,842.88671875,641.0797119140625
1782130839.983124,3.160234212875366,3.3200831413269043,873.3265380859375,638.7119140625
1782130839.988124,3.0389692783355713,3.145535469055176,873.8258056640625,638.8115234375
1782130839.993135,3.0610175132751465,3.219029188156128,853.1072998046875,588.91650390625
1782130839.998124,3.0940897464752197,3.3549928665161133,883.882080078125,577.0447998046875
1782130840.003124,3.005897045135498,3.3752036094665527,889.178466796875,575.5496826171875
1782130840.008124,3.0481560230255127,3.1877944469451904,860.6295166015625,614.5107421875
1782130840.013124,3.024270534515381,3.402763843536377,874.26953125,614.113037109375
1782130840.018124,3.035294771194458,3.432161331176758,902.2646484375,613.1912841796875
1782130840.023246,3.0793910026550293,3.343968629837036,896.849853515625,624.800048828125
1782130840.028257,2.8993310928344727,3.1859569549560547,905.841552734375,606.306640625
1782130840.033257,2.9360780715942383,3.1804449558258057,896.367919921875,601.8017578125
1782130840.038246,2.976499557495117,3.20800518989563,870.708984375,635.4344482421875
1782130840.043246,2.8533973693847656,3.1253244876861572,886.68017578125,610.6014404296875
1782130840.048246,2.897493839263916,3.1051137447357178,879.3673095703125,605.1978759765625
1782130840.053246,3.013246536254883,3.1822822093963623,863.88134765625,620.392333984375
1782130840.058246,3.0371320247650146,3.189631700515747,868.0338134765625,620.37548828125
1782130840.063246,3.0261080265045166,3.1583967208862305,875.68505859375,624.0133056640625
1782130840.068246,3.1051137447357178,3.219029188156128,870.9945068359375,615.0535888671875
1782130840.073246,3.196981191635132,3.292523145675659,864.858154296875,625.0509033203125
1782130840.078246,3.384390354156494,3.4211373329162598,827.833251953125,603.196044921875
1782130840.083246,3.6287572383880615,3.4468600749969482,800.032470703125,594.884033203125
1782130840.088246,3.5938477516174316,3.500143051147461,763.9884033203125,601.207763671875
1782130840.093246,3.659992218017578,3.459721565246582,762.02587890625,566.338134765625
1782130840.098257,3.626919984817505,3.288848400115967,790.919921875,575.5902099609375
1782130840.103246,3.700413703918457,3.4339985847473145,788.6646728515625,574.4652099609375
1782130840.108246,3.672853469848633,3.4284865856170654,786.206787109375,583.7611083984375
1782130840.113246,3.579149007797241,3.373366355895996,746.65576171875,561.1456298828125
1782130840.118246,3.4983057975769043,3.4395105838775635,756.8597412109375,603.5699462890625
1782130840.123246,3.568124771118164,3.3935770988464355,757.117919921875,599.67919921875
1782130840.128246,3.792280912399292,3.489119052886963,749.7503662109375,594.9320068359375
1782130840.133246,3.735323190689087,3.5019803047180176,755.9783935546875,579.94677734375
1782130840.138246,3.6048717498779297,3.4983057975769043,740.7156982421875,594.78515625
1782130840.143246,3.6691789627075195,3.443185329437256,741.48828125,596.4786376953125
1782130840.148257,3.5019803047180176,3.408275842666626,746.3756103515625,575.4998779296875
1782130840.153257,3.7261364459991455,3.6158957481384277,740.737548828125,603.3128662109375
1782130840.163368,3.6048717498779297,3.7022509574890137,739.3660888671875,594.5755615234375
1782130840.168368,3.8253531455993652,3.5607755184173584,746.2076416015625,594.3812255859375
1782130840.173368,3.7996304035186768,3.873124122619629,748.32177734375,594.49169921875
1782130840.178368,3.671016216278076,3.5313780307769775,760.06884765625,591.5174560546875
1782130840.183379,3.5717995166778564,3.626919984817505,751.052001953125,583.98486328125
1782130840.188368,3.5956850051879883,3.5203537940979004,757.2991943359375,588.4713134765625
1782130840.193379,3.4983057975769043,3.630594491958618,747.467041015625,578.1759033203125
1782130840.198368,3.4725828170776367,3.426649332046509,745.9918212890625,572.64697265625
1782130840.203368,3.465233564376831,3.50565505027771,765.4622802734375,586.2423095703125
1782130840.208368,3.6416187286376953,3.4633960723876953,765.5360107421875,587.9979248046875
1782130840.213368,3.5497515201568604,3.533215284347534,764.027099609375,585.5845947265625
1782130840.218368,3.5093297958374023,3.535052537918091,759.52001953125,586.77685546875
1782130840.223368,3.5093297958374023,3.597522497177124,758.0904541015625,580.9217529296875
1782130840.228379,3.5717995166778564,3.7481846809387207,754.2874755859375,585.187255859375
1782130840.233368,3.5258657932281494,3.626919984817505,750.5240478515625,569.8031005859375
1782130840.238368,3.465233564376831,3.4615588188171387,750.6246337890625,575.4632568359375
1782130840.243368,3.6048717498779297,3.529540538787842,761.00537109375,578.1448974609375
1782130840.248368,3.3696916103363037,3.5497515201568604,763.880126953125,558.358642578125
1782130840.253368,3.5203537940979004,3.476257562637329,759.5301513671875,576.5262451171875
1782130840.258368,3.483607053756714,3.3182458877563477,773.30712890625,520.7877807617188
1782130840.263368,3.389902353286743,3.4101130962371826,789.7869873046875,529.3599243164062
1782130840.268368,3.3770408630371094,3.3917396068573,763.04638671875,535.0810546875
1782130840.273368,3.424811840057373,3.426649332046509,754.6986083984375,528.7868041992188
1782130840.278368,3.551588773727417,3.5093297958374023,770.1959228515625,537.8048095703125
1782130840.283379,3.3917396068573,3.426649332046509,772.58984375,536.218505859375
1782130840.288368,3.4174625873565674,3.481769561767578,763.4630126953125,567.20849609375
1782130840.293501,3.5552635192871094,3.6232452392578125,776.6944580078125,542.735107421875
1782130840.29839,3.408275842666626,3.395414352416992,774.5767822265625,530.1112060546875
1782130840.303513,3.476257562637329,3.465233564376831,779.597900390625,528.088623046875
1782130840.313501,3.4505348205566406,3.562612771987915,771.6014404296875,540.658447265625
1782130840.318501,3.465233564376831,3.426649332046509,787.3062744140625,540.486572265625
1782130840.328501,3.3917396068573,3.2961976528167725,772.1319580078125,540.4197998046875
1782130840.333501,3.4468600749969482,3.4799323081970215,771.487060546875,531.1551513671875
1782130840.338501,3.3549928665161133,3.32192063331604,741.3546142578125,524.5831298828125
1782130840.348501,3.3347818851470947,3.424811840057373,767.6312255859375,527.8407592773438
1782130840.353513,3.3935770988464355,3.3200831413269043,754.3013916015625,532.1448974609375
1782130840.358501,3.2851736545562744,3.2668001651763916,774.717529296875,541.05908203125
1782130840.363502,3.1124632358551025,3.343968629837036,756.310791015625,558.572265625
1782130840.368501,3.3807156085968018,3.3660168647766113,752.859130859375,551.2369384765625
1782130840.373502,3.2263786792755127,3.400926351547241,775.8712158203125,561.7845458984375
1782130840.378501,3.162071466445923,3.1859569549560547,758.96630859375,582.1510009765625
1782130840.383502,3.202493190765381,3.2337279319763184,790.154296875,569.4007568359375
1782130840.388501,3.3586673736572266,3.310896396636963,782.8306884765625,573.2938232421875
1782130840.393502,3.3200831413269043,3.3182458877563477,774.6728515625,552.8807373046875
1782130840.398501,3.20800518989563,3.3255951404571533,791.5606689453125,525.8909912109375
1782130840.403502,3.2263786792755127,3.241077423095703,789.8795166015625,536.409423828125
1782130840.408501,3.119812488555908,3.3935770988464355,792.105712890625,545.3037109375
1782130840.413502,3.343968629837036,3.2961976528167725,755.0208740234375,572.576416015625
1782130840.418501,3.2116799354553223,3.241077423095703,777.8114013671875,554.49658203125
1782130840.428624,3.062854766845703,3.20800518989563,802.1531982421875,536.5164794921875
1782130840.433624,3.156559467315674,3.189631700515747,778.5721435546875,599.3876953125
1782130840.438624,3.288848400115967,3.2171919345855713,801.4320068359375,577.230224609375
1782130840.443624,3.1583967208862305,3.178607702255249,799.66845703125,588.6201171875
1782130840.448624,3.1345112323760986,3.2723121643066406,790.38232421875,518.4916381835938
1782130840.453624,3.246589422225952,3.2668001651763916,812.893310546875,596.93798828125
1782130840.458624,3.2208666801452637,3.4156250953674316,778.45751953125,549.0440673828125
1782130840.463635,3.310896396636963,3.340294122695923,781.253173828125,552.7977294921875
1782130840.468624,3.196981191635132,3.248426675796509,786.9912109375,553.396240234375
1782130840.473635,3.196981191635132,3.167583465576172,801.0234375,590.7762451171875
1782130840.478624,3.219029188156128,3.252101421356201,803.9605712890625,586.9873046875
1782130840.483624,3.2723121643066406,3.2851736545562744,792.822021484375,578.6793212890625
1782130840.488624,3.2796616554260254,3.189631700515747,796.8399658203125,542.9334716796875
1782130840.493624,3.2447521686553955,3.275986909866333,818.2860107421875,561.9039306640625
1782130840.498635,3.2741496562957764,3.2116799354553223,808.9036865234375,553.7664794921875
1782130840.503624,3.1859569549560547,3.3586673736572266,807.1685791015625,558.13037109375
1782130840.508624,3.281498908996582,3.1933064460754395,802.0755615234375,554.6160888671875
1782130840.513624,3.189631700515747,3.2741496562957764,794.321044921875,563.421875
1782130840.518624,3.1859569549560547,3.230053186416626,780.5848388671875,533.9114990234375
1782130840.523635,3.184119701385498,3.0738790035247803,816.7041015625,559.2513427734375
1782130840.528624,3.1749329566955566,3.3035471439361572,806.221923828125,523.4443359375
1782130840.533624,3.1933064460754395,3.167583465576172,796.1004638671875,547.81494140625
1782130840.538624,3.1528847217559814,3.114300489425659,791.0184326171875,557.969482421875
1782130840.543624,3.351318120956421,3.288848400115967,801.391357421875,593.8404541015625
1782130840.548624,3.1345112323760986,3.10878849029541,805.10693359375,526.58740234375
1782130840.558624,3.2502641677856445,3.3017096519470215,801.8509521484375,541.8370361328125
1782130840.563757,3.132673978805542,3.219029188156128,796.5594482421875,541.1326904296875
1782130840.568746,3.2374026775360107,3.292523145675659,795.4139404296875,547.32861328125
1782130840.573746,3.2741496562957764,3.2263786792755127,803.2584228515625,553.211181640625
1782130840.578746,3.10878849029541,3.184119701385498,797.650634765625,550.8792724609375
1782130840.583746,3.1914689540863037,3.1528847217559814,798.5408935546875,559.318115234375
1782130840.588746,3.2282159328460693,3.040806770324707,805.7662353515625,560.214111328125
1782130840.593746,3.2778241634368896,3.2337279319763184,770.514892578125,563.0081787109375
1782130840.598746,3.1014389991760254,3.016921281814575,800.348388671875,554.5333251953125
1782130840.603746,3.160234212875366,3.1124632358551025,797.7835693359375,543.4215087890625
1782130840.608746,3.230053186416626,3.156559467315674,793.8245849609375,542.0887451171875
1782130840.613746,3.1749329566955566,3.2557761669158936,801.576171875,544.514404296875
1782130840.618746,3.1124632358551025,3.362342119216919,770.0819091796875,594.590087890625
1782130840.623757,3.138185977935791,3.167583465576172,777.788330078125,561.82421875
1782130840.628757,3.0830657482147217,3.2557761669158936,802.4989013671875,508.9271545410156
1782130840.633746,3.235565423965454,3.2392399311065674,799.5205078125,546.9683837890625
1782130840.638746,3.160234212875366,3.1712582111358643,795.1339111328125,543.2958984375
1782130840.643746,3.230053186416626,3.3200831413269043,798.622314453125,523.5516357421875
1782130840.648746,3.2153544425964355,3.3182458877563477,819.5032958984375,532.183837890625
1782130840.653757,3.1583967208862305,3.024270534515381,818.5771484375,513.528076171875
1782130840.658746,3.230053186416626,3.287010908126831,777.01025390625,570.823486328125
1782130840.668746,3.1822822093963623,3.196981191635132,789.0069580078125,544.734130859375
1782130840.673746,3.230053186416626,3.2337279319763184,792.274169921875,536.7872314453125
1782130840.683746,3.05918025970459,3.149209976196289,775.45068359375,538.4407958984375
1782130840.688757,3.1014389991760254,3.2153544425964355,769.4083251953125,532.713134765625
1782130840.693746,3.062854766845703,3.1712582111358643,789.869384765625,514.4828491210938
1782130840.698868,3.1473727226257324,3.3476433753967285,779.7154541015625,538.0673828125
1782130840.703868,3.1877944469451904,3.2741496562957764,761.57568359375,523.1696166992188
1782130840.708868,3.3017096519470215,3.3880650997161865,760.32373046875,524.40966796875
1782130840.713868,3.1014389991760254,3.270474910736084,753.4156494140625,555.272705078125
1782130840.718879,3.138185977935791,3.2392399311065674,764.3602294921875,546.817626953125
1782130840.723868,3.119812488555908,3.127161979675293,785.248291015625,539.16064453125
1782130840.728868,3.189631700515747,3.386227607727051,773.1614990234375,531.0488891601562
1782130840.733879,3.20800518989563,3.263125419616699,799.0655517578125,539.3494873046875
1782130840.738879,3.127161979675293,3.097764492034912,765.3861083984375,539.7099609375
1782130840.743868,3.2851736545562744,3.343968629837036,775.44970703125,531.263671875
1782130840.748868,3.160234212875366,3.373366355895996,798.8199462890625,500.7893371582031
1782130840.753868,3.119812488555908,3.1712582111358643,781.41162109375,508.6284484863281
1782130840.758879,3.160234212875366,3.3660168647766113,779.6458740234375,512.9483642578125
1782130840.763868,3.2153544425964355,3.3311073780059814,787.30029296875,527.9620361328125
1782130840.768879,3.292523145675659,3.2502641677856445,800.5135498046875,548.7159423828125
1782130840.783868,3.1069512367248535,3.288848400115967,786.7327880859375,537.1951904296875
1782130840.788868,3.0683670043945312,3.338456630706787,765.478759765625,545.5274658203125
1782130840.793879,3.263125419616699,3.2374026775360107,787.5009765625,537.6552734375
1782130840.798868,3.4064383506774902,3.395414352416992,801.409912109375,522.1831665039062
1782130840.803868,3.3586673736572266,3.3807156085968018,792.221923828125,525.44921875
1782130840.808868,3.2116799354553223,3.2282159328460693,785.892333984375,520.9725952148438
1782130840.813868,3.1363487243652344,3.395414352416992,804.1553955078125,510.9140625
1782130840.823879,3.149209976196289,3.2833364009857178,783.155029296875,518.2289428710938
1782130840.828868,3.1528847217559814,3.1528847217559814,781.2689208984375,524.201904296875
1782130840.834002,3.127161979675293,3.32192063331604,801.7552490234375,525.818115234375
1782130840.839001,3.086740255355835,3.4284865856170654,801.692138671875,535.8402099609375
1782130840.844002,3.2227039337158203,3.3476433753967285,797.15234375,536.235595703125
1782130840.849001,3.138185977935791,3.2796616554260254,792.5888671875,529.3260498046875
1782130840.854002,3.1308367252349854,3.327432632446289,794.8653564453125,514.0277099609375
1782130840.859001,3.127161979675293,3.248426675796509,788.4080810546875,527.0909423828125
1782130840.864002,3.0959270000457764,3.127161979675293,780.3360595703125,518.3903198242188
1782130840.869001,3.2723121643066406,3.200655698776245,780.72900390625,518.8291015625
1782130840.874002,3.0793910026550293,3.178607702255249,795.0509033203125,523.673095703125
1782130840.879001,3.1749329566955566,3.263125419616699,802.0064697265625,521.4134521484375
1782130840.884001,3.018758535385132,3.160234212875366,814.8597412109375,518.7355346679688
1782130840.889001,3.092252492904663,3.3017096519470215,799.006103515625,524.6166381835938
1782130840.914001,3.1400234699249268,3.2043304443359375,794.348388671875,541.52685546875
1782130840.924001,3.064692258834839,3.2447521686553955,796.5379638671875,539.6981201171875
1782130840.929001,3.156559467315674,3.259450912475586,813.9896240234375,538.2203369140625
1782130840.934001,3.206167697906494,3.3531553745269775,801.071044921875,533.8484497070312
1782130840.939001,3.160234212875366,3.224541187286377,803.8612060546875,522.8655395507812
1782130840.944001,3.114300489425659,3.1694209575653076,798.239501953125,524.18896484375
1782130840.949002,3.1749329566955566,3.196981191635132,773.867919921875,527.8777465820312
1782130840.954001,3.156559467315674,3.2778241634368896,775.5048828125,553.564208984375
1782130840.959002,3.202493190765381,3.241077423095703,802.20703125,520.156494140625
1782130840.964001,3.0426440238952637,3.1639089584350586,791.7015380859375,514.7227783203125
1782130840.974124,3.1914689540863037,3.2116799354553223,778.2303466796875,530.2608642578125
1782130840.979012,3.2668001651763916,3.264962911605835,779.58056640625,517.5992431640625
1782130840.984135,3.0683670043945312,3.10878849029541,787.089599609375,550.953125
1782130840.989124,3.2116799354553223,3.4101130962371826,783.9903564453125,547.966552734375
1782130840.994124,3.075716257095337,3.292523145675659,780.2252197265625,540.192138671875
1782130840.999124,3.213517189025879,3.259450912475586,775.028076171875,543.973388671875
1782130841.004124,3.0996017456054688,3.195143699645996,778.8809814453125,540.0771484375
1782130841.009124,3.1804449558258057,3.343968629837036,784.0111083984375,537.37939453125
1782130841.014135,3.2851736545562744,3.4101130962371826,799.6136474609375,524.760009765625
1782130841.019124,3.145535469055176,3.3549928665161133,798.915283203125,541.42919921875
1782130841.024124,3.219029188156128,3.2778241634368896,772.03271484375,519.370361328125
1782130841.034124,3.2153544425964355,3.281498908996582,760.6722412109375,557.110107421875
1782130841.039124,3.1363487243652344,3.281498908996582,761.8883056640625,555.55615234375
1782130841.044124,3.2502641677856445,3.448697328567505,793.39892578125,543.633056640625
1782130841.049124,3.0775535106658936,3.367854118347168,792.00732421875,545.6304931640625
1782130841.054124,3.2043304443359375,3.1749329566955566,780.3572998046875,551.5728759765625
1782130841.059124,3.149209976196289,3.32192063331604,777.11572265625,530.3193359375
1782130841.064124,3.20800518989563,3.4670708179473877,766.9481201171875,540.5535888671875
1782130841.069124,3.1234872341156006,3.1289992332458496,834.030517578125,534.24853515625
1782130841.074124,3.2374026775360107,3.4101130962371826,822.013427734375,538.59765625
1782130841.079124,3.213517189025879,3.160234212875366,815.08203125,535.850341796875
1782130841.084135,3.160234212875366,3.151047468185425,802.233154296875,549.73974609375
1782130841.089124,3.092252492904663,3.2447521686553955,794.39111328125,528.29345703125
1782130841.099124,3.156559467315674,3.1749329566955566,795.97509765625,529.2850341796875
1782130841.104246,3.1914689540863037,3.432161331176758,780.38671875,523.349609375
1782130841.109135,3.1308367252349854,3.4174625873565674,775.873291015625,539.314453125
1782130841.114246,3.224541187286377,3.4523720741271973,778.5479736328125,550.43505859375
1782130841.119246,3.305384397506714,3.3660168647766113,745.861328125,530.966064453125
1782130841.124246,3.1749329566955566,3.241077423095703,774.3836669921875,551.670654296875
1782130841.129246,3.0720415115356445,3.2227039337158203,775.2615966796875,543.567138671875
1782130841.134246,3.0720415115356445,3.20800518989563,772.2208251953125,547.692138671875
1782130841.139246,3.1639089584350586,3.2043304443359375,796.0419921875,542.08544921875
1782130841.144246,3.114300489425659,3.1014389991760254,777.9039306640625,543.983154296875
1782130841.149246,3.160234212875366,3.2153544425964355,786.40673828125,501.7608337402344
1782130841.154257,3.062854766845703,3.2116799354553223,790.2542724609375,516.264892578125
1782130841.164246,3.2153544425964355,3.294360399246216,793.3052978515625,517.96826171875
1782130841.169246,3.151047468185425,3.2668001651763916,803.914306640625,521.4066772460938
1782130841.174246,3.230053186416626,3.367854118347168,788.668701171875,535.5465087890625
1782130841.179246,3.160234212875366,3.32192063331604,773.352294921875,549.1680908203125
1782130841.184246,3.178607702255249,3.430323839187622,773.4154052734375,544.3983154296875
1782130841.189246,3.0904150009155273,3.154722213745117,787.9300537109375,540.443359375
1782130841.194246,3.1859569549560547,3.1712582111358643,785.613525390625,525.760986328125
1782130841.199246,3.246589422225952,3.2668001651763916,786.447998046875,520.3132934570312
1782130841.204257,3.154722213745117,3.2778241634368896,784.5247802734375,524.72509765625
1782130841.209246,3.075716257095337,3.395414352416992,774.3665771484375,558.640869140625
1782130841.214246,3.119812488555908,3.0536680221557617,784.1627197265625,545.5452880859375
1782130841.219246,3.2263786792755127,3.2778241634368896,794.431640625,548.8533935546875
1782130841.224246,3.196981191635132,3.3255951404571533,793.203125,544.0621337890625
1782130841.229246,3.075716257095337,3.2557761669158936,786.2880859375,534.5648193359375
1782130841.234246,3.151047468185425,3.206167697906494,787.33642578125,535.3460693359375
1782130841.239368,3.1859569549560547,3.395414352416992,773.5166015625,541.1051025390625
1782130841.244379,3.121649980545044,3.3072218894958496,769.9803466796875,527.9335327148438
1782130841.249379,3.1179752349853516,3.2429146766662598,795.0308837890625,530.192138671875
1782130841.254368,3.2043304443359375,3.3200831413269043,756.8797607421875,547.494140625
1782130841.259379,3.1234872341156006,3.2153544425964355,762.8099365234375,542.194091796875
1782130841.264368,3.178607702255249,3.299872398376465,775.8858642578125,530.1312255859375
1782130841.269368,3.195143699645996,3.2227039337158203,779.9942626953125,530.5128784179688
1782130841.274379,3.259450912475586,3.437673330307007,771.9644775390625,537.9364013671875
1782130841.279368,3.018758535385132,3.1363487243652344,777.3743896484375,546.6710205078125
1782130841.284368,3.1694209575653076,3.343968629837036,776.614013671875,546.0283203125
1782130841.289368,3.145535469055176,3.2263786792755127,781.213623046875,537.028564453125
1782130841.294368,3.162071466445923,3.160234212875366,762.714599609375,539.0689697265625
1782130841.299379,3.016921281814575,3.1583967208862305,747.4248046875,549.5634765625
1782130841.304368,3.1234872341156006,3.3182458877563477,772.6578369140625,527.6144409179688
1782130841.309379,3.263125419616699,3.373366355895996,777.7958984375,527.7060546875
1782130841.314379,3.224541187286377,3.349480628967285,774.1029052734375,527.6640625
1782130841.324368,3.064692258834839,3.2686376571655273,773.0595703125,535.5546875
1782130841.329379,3.2374026775360107,3.2961976528167725,755.5513916015625,525.8939208984375
1782130841.334379,3.2741496562957764,3.4284865856170654,761.2843017578125,538.79541015625
1782130841.339379,3.195143699645996,3.1859569549560547,769.0443115234375,535.1082763671875
1782130841.344379,3.127161979675293,3.241077423095703,798.830078125,520.459228515625
1782130841.349368,3.252101421356201,3.2961976528167725,786.0419921875,518.9314575195312
1782130841.354368,3.1308367252349854,3.2153544425964355,793.3367919921875,533.1585693359375
1782130841.359368,3.0959270000457764,3.1694209575653076,795.8365478515625,533.1024169921875
1782130841.364368,3.20800518989563,3.253938674926758,767.120361328125,544.753662109375
1782130841.369368,3.173095703125,3.2374026775360107,782.1160888671875,567.208251953125
1782130841.374501,3.0959270000457764,3.1289992332458496,780.7720947265625,538.439453125
1782130841.379501,3.2337279319763184,3.1528847217559814,797.5609130859375,556.1539306640625
1782130841.384501,3.057342767715454,3.32192063331604,746.25048828125,506.9237976074219
1782130841.389501,3.3237578868865967,3.2208666801452637,766.2669677734375,523.3746948242188
1782130841.394513,3.246589422225952,3.3770408630371094,773.4854736328125,547.8997802734375
1782130841.399501,3.1418607234954834,3.110625743865967,772.7342529296875,553.38330078125
1782130841.404501,3.1345112323760986,3.3017096519470215,776.7408447265625,546.230712890625
1782130841.409501,3.2668001651763916,3.189631700515747,778.52099609375,533.961181640625
1782130841.414501,3.127161979675293,3.119812488555908,789.9976806640625,534.232666015625
1782130841.419502,3.310896396636963,3.3017096519470215,786.4630126953125,534.643310546875
1782130841.424501,3.3182458877563477,3.373366355895996,779.3153076171875,538.3194580078125
1782130841.429502,3.024270534515381,3.1363487243652344,785.6856689453125,542.4222412109375
1782130841.434501,3.1712582111358643,3.114300489425659,805.3426513671875,543.3099365234375
1782130841.439502,3.32192063331604,3.5093297958374023,780.498291015625,558.1888427734375
1782130841.444501,3.046318769454956,3.097764492034912,770.798583984375,513.399658203125
1782130841.454513,3.2374026775360107,3.2961976528167725,782.5770263671875,501.0881652832031
1782130841.464501,3.0499935150146484,3.3366193771362305,781.299072265625,540.3076171875
1782130841.469501,3.151047468185425,3.1712582111358643,786.1065673828125,552.165283203125
1782130841.474501,3.1859569549560547,3.1804449558258057,797.18017578125,530.1084594726562
1782130841.479501,3.241077423095703,3.292523145675659,788.82470703125,533.6240234375
1782130841.484501,3.1014389991760254,3.252101421356201,795.3660888671875,527.1383666992188
1782130841.489501,3.1749329566955566,3.259450912475586,785.290771484375,528.4024658203125
1782130841.494501,3.32192063331604,3.2741496562957764,780.9471435546875,531.8491821289062
1782130841.499501,3.10878849029541,3.3807156085968018,779.8538818359375,532.8526000976562
1782130841.504501,3.086740255355835,3.2429146766662598,793.0035400390625,491.3568420410156
1782130841.509624,3.252101421356201,3.1933064460754395,788.457275390625,556.9207763671875
1782130841.514624,3.2833364009857178,3.1179752349853516,786.6663818359375,551.99658203125
1782130841.519624,3.1179752349853516,3.2906856536865234,797.39990234375,556.2227783203125
1782130841.524635,3.1639089584350586,3.287010908126831,829.5302734375,501.7393798828125
1782130841.529624,3.3182458877563477,3.362342119216919,830.8193359375,509.8285827636719
1782130841.539624,3.2263786792755127,3.2851736545562744,827.083984375,529.2479858398438
1782130841.544624,3.2116799354553223,3.3660168647766113,809.7646484375,503.6447448730469
1782130841.549624,3.219029188156128,3.340294122695923,802.1888427734375,506.0942687988281
1782130841.554624,3.196981191635132,3.443185329437256,803.2225341796875,508.0841369628906
1782130841.559624,3.2337279319763184,3.1749329566955566,813.022705078125,512.1395263671875
1782130841.564624,3.3347818851470947,3.3531553745269775,800.5697021484375,527.6979370117188
1782130841.569624,3.1400234699249268,3.252101421356201,798.35009765625,526.082763671875
1782130841.574624,3.253938674926758,3.3017096519470215,796.2667236328125,529.8909301757812
1782130841.579624,3.0904150009155273,3.2171919345855713,815.7474365234375,551.393310546875
1782130841.584624,3.1859569549560547,3.5093297958374023,780.1402587890625,555.1007080078125
1782130841.594624,3.4284865856170654,3.305384397506714,787.3970947265625,548.739501953125
1782130841.599624,3.2171919345855713,3.343968629837036,795.7734375,550.419189453125
1782130841.604635,3.1289992332458496,3.1933064460754395,796.269775390625,528.9503784179688
1782130841.609624,3.362342119216919,3.343968629837036,788.655517578125,531.167724609375
1782130841.614624,3.3182458877563477,3.2263786792755127,825.1671142578125,529.6176147460938
1782130841.619624,3.2337279319763184,3.275986909866333,825.1817626953125,536.0191650390625
1782130841.624624,3.189631700515747,3.3347818851470947,777.7593994140625,558.0311279296875
1782130841.629635,3.3935770988464355,3.3605048656463623,792.9774169921875,551.920654296875
1782130841.634624,3.2374026775360107,3.3072218894958496,813.741455078125,517.5973510742188
1782130841.644746,3.2337279319763184,3.3182458877563477,812.07080078125,545.20458984375
1782130841.649746,3.3311073780059814,3.3605048656463623,794.5247802734375,517.7605590820312
1782130841.654746,3.367854118347168,3.4156250953674316,794.528076171875,503.2864685058594
1782130841.664746,3.400926351547241,3.4395105838775635,788.5533447265625,523.6260375976562
1782130841.669746,3.253938674926758,3.402763843536377,807.8035888671875,526.5479125976562
1782130841.674746,3.246589422225952,3.4633960723876953,802.6165771484375,532.1190185546875
1782130841.679746,3.2318906784057617,3.3549928665161133,801.18408203125,505.8997497558594
1782130841.684746,3.2668001651763916,3.3311073780059814,798.8759765625,511.3466796875
1782130841.689746,3.3035471439361572,3.50565505027771,785.75146484375,526.0501708984375
1782130841.694746,3.362342119216919,3.32192063331604,792.1094970703125,495.8862609863281
1782130841.699746,3.1657462120056152,3.213517189025879,801.4608154296875,500.7687072753906
1782130841.704746,3.288848400115967,3.3292698860168457,806.9371337890625,522.4871826171875
1782130841.709746,3.3421313762664795,3.3182458877563477,830.148681640625,540.132080078125
1782130841.714757,3.4615588188171387,3.252101421356201,816.3419189453125,533.8032836914062
1782130841.719746,3.3549928665161133,3.2906856536865234,772.03466796875,528.5856323242188
1782130841.724746,3.3035471439361572,3.3696916103363037,757.9110107421875,536.9097900390625
1782130841.729746,3.511167049407959,3.310896396636963,765.7314453125,532.18017578125
1782130841.734746,3.378878355026245,3.3347818851470947,767.9454345703125,530.758056640625
1782130841.744746,3.338456630706787,3.2557761669158936,792.168701171875,511.20074462890625
1782130841.749746,3.3421313762664795,3.3292698860168457,809.5072021484375,510.9786071777344
1782130841.754746,3.340294122695923,3.259450912475586,809.3040771484375,510.992431640625
1782130841.759746,3.397251844406128,3.292523145675659,784.14404296875,512.826904296875
1782130841.764746,3.3145711421966553,3.241077423095703,795.0997314453125,494.529296875
1782130841.769746,3.340294122695923,3.3549928665161133,835.234375,488.067626953125
1782130841.774746,3.373366355895996,3.3292698860168457,766.4320068359375,509.3781433105469
1782130841.779868,3.2668001651763916,3.1933064460754395,823.5218505859375,506.0418395996094
1782130841.784868,3.535052537918091,3.2961976528167725,814.468017578125,510.734375
1782130841.789879,3.4174625873565674,3.2778241634368896,812.6888427734375,506.5263366699219
1782130841.794868,3.338456630706787,3.3586673736572266,818.095947265625,494.54571533203125
1782130841.799879,3.454209327697754,3.395414352416992,813.8067626953125,506.7408752441406
1782130841.804879,3.2961976528167725,3.138185977935791,825.214111328125,505.2097473144531
1782130841.809879,3.2796616554260254,3.206167697906494,793.0704345703125,543.991455078125
1782130841.814868,3.3715288639068604,3.200655698776245,804.09033203125,523.2626953125
1782130841.819879,3.4064383506774902,3.4174625873565674,792.6041259765625,523.2711181640625
1782130841.824879,3.441348075866699,3.4211373329162598,795.7420654296875,524.330810546875
1782130841.829868,3.298035144805908,3.3660168647766113,826.3236083984375,490.415283203125
1782130841.834879,3.343968629837036,3.4744203090667725,819.534423828125,492.23370361328125
1782130841.839868,3.3641796112060547,3.219029188156128,839.7076416015625,517.5869140625
1782130841.844868,3.4615588188171387,3.340294122695923,838.343994140625,512.6702880859375
1782130841.849868,3.340294122695923,3.3421313762664795,823.333984375,528.486083984375
1782130841.854879,3.2502641677856445,3.1528847217559814,838.05859375,482.36737060546875
1782130841.859868,3.4064383506774902,3.4505348205566406,819.59716796875,502.1555480957031
1782130841.864879,3.3715288639068604,3.2502641677856445,817.6171875,498.1274108886719
1782130841.869879,3.3715288639068604,3.3182458877563477,803.972412109375,501.12030029296875
1782130841.874868,3.246589422225952,3.1749329566955566,810.9476318359375,501.754638671875
1782130841.879879,3.3200831413269043,3.1418607234954834,805.35546875,504.05694580078125
1782130841.894868,3.5368900299072266,3.4229745864868164,814.4573974609375,505.73992919921875
1782130841.904868,3.4615588188171387,3.437673330307007,815.362060546875,512.2198486328125
1782130841.909879,3.400926351547241,3.4689083099365234,841.6571044921875,518.2588500976562
1782130841.920002,3.378878355026245,3.4744203090667725,836.96044921875,514.371337890625
1782130841.925001,3.351318120956421,3.3017096519470215,830.2044677734375,512.9620361328125
1782130841.930001,3.3200831413269043,3.419299840927124,836.9345703125,513.6190185546875
1782130841.935001,3.3917396068573,3.489119052886963,813.8690185546875,515.11328125
1782130841.940012,3.2961976528167725,3.4744203090667725,827.123046875,522.033447265625
1782130841.945001,3.2741496562957764,3.343968629837036,832.9849853515625,499.8970947265625
1782130841.950001,3.3366193771362305,3.3182458877563477,837.2862548828125,541.9254150390625
1782130841.955001,3.441348075866699,3.4670708179473877,833.3382568359375,529.7103271484375
1782130841.960001,3.373366355895996,3.4615588188171387,827.2890625,490.423583984375
1782130841.965001,3.426649332046509,3.413787841796875,825.1082763671875,494.987548828125
1782130841.970001,3.4064383506774902,3.5093297958374023,834.2137451171875,498.70257568359375
1782130841.975001,3.373366355895996,3.2447521686553955,831.121337890625,498.972900390625
1782130841.980013,3.3660168647766113,3.3182458877563477,834.49560546875,527.2655029296875
1782130841.990001,3.4229745864868164,3.3072218894958496,827.5670166015625,519.8419189453125
1782130841.995001,3.648967981338501,3.4284865856170654,835.614013671875,515.8592529296875
1782130842.000001,3.5203537940979004,3.4909563064575195,827.80029296875,520.5712890625
1782130842.005002,3.351318120956421,3.310896396636963,846.876220703125,514.18798828125
1782130842.010001,3.3935770988464355,3.349480628967285,836.0771484375,515.51171875
1782130842.015002,3.483607053756714,3.305384397506714,829.4034423828125,470.7109680175781
1782130842.025002,3.378878355026245,3.2098424434661865,806.1318359375,501.04742431640625
1782130842.030001,3.3825528621673584,3.2557761669158936,804.4227294921875,530.655517578125
1782130842.035002,3.50565505027771,3.5497515201568604,806.1536865234375,529.742919921875
1782130842.040001,3.338456630706787,3.2741496562957764,817.8472900390625,524.21484375
1782130842.045002,3.343968629837036,3.4560468196868896,831.515869140625,503.96832275390625
1782130842.050124,3.4799323081970215,3.5607755184173584,833.501220703125,538.515869140625
1782130842.055135,3.476257562637329,3.340294122695923,832.7982177734375,535.7979736328125
1782130842.060124,3.3292698860168457,3.4101130962371826,829.1993408203125,535.4951171875
1782130842.065124,3.597522497177124,3.4615588188171387,835.1724853515625,497.6499328613281
1782130842.070124,3.4229745864868164,3.426649332046509,832.5518798828125,500.976318359375
1782130842.075124,3.441348075866699,3.395414352416992,847.81884765625,526.0342407226562
1782130842.080135,3.3476433753967285,3.3770408630371094,836.7689208984375,547.492919921875
1782130842.085124,3.527703285217285,3.4615588188171387,824.2432861328125,541.70849609375
1782130842.090124,3.351318120956421,3.481769561767578,831.7891845703125,506.9527282714844
1782130842.095124,3.4101130962371826,3.3807156085968018,790.6619873046875,576.1361083984375
1782130842.100124,3.441348075866699,3.4744203090667725,837.6802978515625,515.12841796875
1782130842.110124,3.332944631576538,3.4780948162078857,810.8165283203125,496.17327880859375
1782130842.115124,3.4983057975769043,3.3696916103363037,834.196044921875,521.660400390625
1782130842.120124,3.516679286956787,3.4983057975769043,826.1097412109375,547.4200439453125
1782130842.125124,3.5185165405273438,3.389902353286743,825.219970703125,544.3131103515625
1782130842.130124,3.3549928665161133,3.252101421356201,823.33740234375,528.6689453125
1782130842.135124,3.500143051147461,3.603034496307373,803.5411376953125,512.7637939453125
1782130842.140124,3.487281560897827,3.4725828170776367,808.1385498046875,512.5247802734375
1782130842.145124,3.5607755184173584,3.395414352416992,810.3428955078125,534.609619140625
1782130842.150124,3.533215284347534,3.310896396636963,826.7156982421875,503.74041748046875
1782130842.155135,3.6416187286376953,3.4983057975769043,810.343017578125,540.2767333984375
1782130842.160124,3.5901730060577393,3.4174625873565674,811.2435302734375,540.3953857421875
1782130842.165124,3.432161331176758,3.4395105838775635,843.745361328125,532.1251220703125
1782130842.170124,3.4560468196868896,3.3182458877563477,826.6090087890625,514.8319091796875
1782130842.175124,3.4983057975769043,3.3917396068573,818.1612548828125,525.3697509765625
1782130842.180124,3.4633960723876953,3.6508054733276367,823.3353271484375,518.0823364257812
1782130842.185135,3.4983057975769043,3.3770408630371094,816.0989990234375,526.2184448242188
1782130842.190246,3.6361067295074463,3.4505348205566406,817.4947509765625,511.63543701171875
1782130842.195246,3.483607053756714,3.4560468196868896,817.17138671875,511.089599609375
1782130842.200257,3.419299840927124,3.626919984817505,813.4315185546875,514.2738037109375
1782130842.205246,3.540564775466919,3.621407985687256,818.8876953125,528.782470703125
1782130842.210257,3.487281560897827,3.259450912475586,816.5050048828125,517.34716796875
1782130842.215257,3.4339985847473145,3.3017096519470215,824.548828125,513.87353515625
1782130842.220246,3.579149007797241,3.5203537940979004,806.4293212890625,519.4762573242188
1782130842.225246,3.592010259628296,3.4156250953674316,806.6490478515625,526.3651123046875
1782130842.230246,3.5203537940979004,3.408275842666626,814.0501708984375,516.0211181640625
1782130842.235246,3.351318120956421,3.4064383506774902,818.4798583984375,503.80218505859375
1782130842.240246,3.3917396068573,3.288848400115967,815.6990966796875,500.20489501953125
1782130842.245246,3.4725828170776367,3.400926351547241,816.0242919921875,500.72796630859375
1782130842.250246,3.5828235149383545,3.682040214538574,809.9422607421875,502.0664978027344
1782130842.255246,3.4101130962371826,3.443185329437256,814.1275634765625,508.8157043457031
1782130842.260246,3.413787841796875,3.3292698860168457,817.0643310546875,506.9324951171875
1782130842.265246,3.5019803047180176,3.494631052017212,812.4786376953125,506.3208923339844
1782130842.270246,3.4101130962371826,3.481769561767578,813.0098876953125,505.0403747558594
1782130842.275257,3.4229745864868164,3.378878355026245,820.625244140625,500.7630615234375
1782130842.280257,3.5846610069274902,3.5185165405273438,820.6929931640625,503.2089538574219
1782130842.285246,3.4450228214263916,3.630594491958618,812.7646484375,487.4710388183594
1782130842.290246,3.483607053756714,3.3917396068573,842.9498291015625,498.5838317871094
1782130842.295246,3.426649332046509,3.310896396636963,832.697998046875,490.68231201171875
1782130842.300246,3.299872398376465,3.362342119216919,816.529541015625,540.694091796875
1782130842.310246,3.592010259628296,3.625082492828369,803.1114501953125,526.5430297851562
1782130842.315246,3.529540538787842,3.4983057975769043,820.468505859375,511.9011535644531
1782130842.320379,3.68387770652771,3.5130045413970947,804.1046142578125,568.1468505859375
1782130842.330368,3.4983057975769043,3.4983057975769043,810.046142578125,546.5537109375
1782130842.335379,3.648967981338501,3.5479140281677246,811.498779296875,543.418212890625
1782130842.340379,3.465233564376831,3.4523720741271973,825.5494384765625,537.7061767578125
1782130842.345379,3.535052537918091,3.6342692375183105,825.3309326171875,519.1337890625
1782130842.350379,3.50565505027771,3.5313780307769775,822.5577392578125,522.97509765625
1782130842.355379,3.5552635192871094,3.5185165405273438,777.4700927734375,515.97412109375
1782130842.365379,3.5148417949676514,3.5240285396575928,798.294189453125,513.2445678710938
1782130842.370379,3.6967389583587646,3.6875522136688232,822.2938232421875,526.77294921875
1782130842.375379,3.516679286956787,3.5717995166778564,811.5950927734375,518.3924560546875
1782130842.380379,3.487281560897827,3.465233564376831,818.4178466796875,514.091064453125
1782130842.385379,3.5424020290374756,3.481769561767578,798.403564453125,540.8843994140625
1782130842.390379,3.437673330307007,3.516679286956787,829.9105224609375,513.7618408203125
1782130842.395379,3.5130045413970947,3.3715288639068604,830.2491455078125,535.6259765625
1782130842.400379,3.4964683055877686,3.5552635192871094,833.260498046875,526.30810546875
1782130842.405379,3.632431983947754,3.4156250953674316,787.1097412109375,489.49676513671875
1782130842.410379,3.4119505882263184,3.3935770988464355,804.5830078125,510.2465515136719
1782130842.415379,3.551588773727417,3.5497515201568604,807.603759765625,514.2777099609375
1782130842.420379,3.3421313762664795,3.400926351547241,817.6529541015625,513.5263061523438
1782130842.425379,3.4468600749969482,3.4725828170776367,820.5557861328125,508.52276611328125
1782130842.430379,3.4505348205566406,3.6103837490081787,821.423583984375,504.4905090332031
1782130842.435379,3.481769561767578,3.5240285396575928,820.3353271484375,517.1363525390625
1782130842.440379,3.540564775466919,3.564450263977051,797.9510498046875,550.7491455078125
1782130842.445379,3.3421313762664795,3.5938477516174316,834.6492919921875,529.4659423828125
1782130842.45039,3.5479140281677246,3.4505348205566406,827.7264404296875,527.7303466796875
1782130842.455501,3.426649332046509,3.443185329437256,829.7813720703125,526.03564453125
1782130842.460501,3.4799323081970215,3.5368900299072266,803.8280029296875,527.8068237304688
1782130842.465502,3.443185329437256,3.630594491958618,807.5670166015625,521.841064453125
1782130842.470501,3.5534260272979736,3.533215284347534,809.958984375,537.7137451171875
1782130842.475502,3.5424020290374756,3.437673330307007,838.9541015625,498.4316101074219
1782130842.485502,3.476257562637329,3.476257562637329,829.491455078125,511.16326904296875
1782130842.495502,3.4615588188171387,3.630594491958618,828.615966796875,523.805908203125
1782130842.500501,3.35683012008667,3.4523720741271973,816.924072265625,521.1580810546875
1782130842.510501,3.3696916103363037,3.5717995166778564,818.5147705078125,517.0057373046875
1782130842.515501,3.6397812366485596,3.454209327697754,813.065673828125,507.0628967285156
1782130842.520501,3.557100772857666,3.5534260272979736,812.29931640625,509.0347595214844
1782130842.525501,3.5240285396575928,3.4523720741271973,811.05029296875,513.268798828125
1782130842.535501,3.6122212409973145,3.4395105838775635,809.1839599609375,517.75537109375
1782130842.540501,3.540564775466919,3.4983057975769043,811.3897705078125,524.224609375
1782130842.545501,3.6416187286376953,3.568124771118164,811.446533203125,519.1014404296875
1782130842.550501,3.4284865856170654,3.454209327697754,815.9273681640625,518.9559936523438
1782130842.555501,3.4156250953674316,3.5074925422668457,810.741943359375,529.7308349609375
1782130842.560501,3.6967389583587646,3.671016216278076,812.5333251953125,527.2257690429688
1782130842.565501,3.603034496307373,3.5938477516174316,818.1162109375,521.35693359375
1782130842.570513,3.527703285217285,3.395414352416992,850.802734375,493.522705078125
1782130842.575501,3.5717995166778564,3.345806121826172,842.1905517578125,494.5441589355469
1782130842.585501,3.667341470718384,3.443185329437256,829.557861328125,508.66607666015625
1782130842.590624,3.4909563064575195,3.6508054733276367,822.3704833984375,529.0552978515625
1782130842.595624,3.751859426498413,3.538727283477783,818.7850341796875,505.0745849609375
1782130842.600624,3.7261364459991455,3.476257562637329,812.9716796875,482.19256591796875
1782130842.605624,3.626919984817505,3.4983057975769043,818.1533203125,528.3824462890625
1782130842.610635,3.770232915878296,3.535052537918091,820.7647705078125,528.2308349609375
1782130842.615624,3.792280912399292,3.689389705657959,796.6588134765625,534.8338623046875
1782130842.620624,3.7886064052581787,3.400926351547241,813.85595703125,550.1923828125
1782130842.625635,3.9172205924987793,3.5203537940979004,802.58837890625,585.19189453125
1782130842.630624,3.7316486835479736,3.4395105838775635,794.1407470703125,568.620849609375
1782130842.635624,3.83270263671875,3.511167049407959,799.858642578125,565.6041259765625
1782130842.640624,4.012762546539307,3.5938477516174316,790.2357177734375,491.7457275390625
1782130842.645624,3.8474013805389404,3.4927937984466553,799.171875,507.6903381347656
1782130842.650624,3.83270263671875,3.608546495437622,820.6422119140625,586.68701171875
1782130842.655624,3.851076126098633,3.4780948162078857,796.041748046875,610.300048828125
1782130842.660624,3.8474013805389404,3.5240285396575928,784.6246337890625,578.710693359375
1782130842.665635,3.7279739379882812,3.443185329437256,799.2098388671875,557.4356689453125
1782130842.670624,3.5717995166778564,3.5203537940979004,823.338134765625,552.180908203125
1782130842.675624,3.770232915878296,3.4983057975769043,824.211181640625,537.544189453125
1782130842.680624,3.8290278911590576,3.6103837490081787,763.1734619140625,567.1697998046875
1782130842.685624,3.895172357559204,3.5093297958374023,757.6529541015625,590.2392578125
1782130842.690624,3.9613168239593506,3.5148417949676514,799.0064697265625,553.4710693359375
1782130842.695624,3.8290278911590576,3.608546495437622,805.5667724609375,591.5887451171875
1782130842.700635,3.9392685890197754,3.562612771987915,805.3309326171875,578.9508056640625
1782130842.705624,3.998063802719116,3.5019803047180176,781.456787109375,555.79638671875
1782130842.710624,3.9025216102600098,3.6177332401275635,794.940673828125,518.33984375
1782130842.715624,3.810654401779175,3.546076774597168,839.569091796875,565.500732421875
1782130842.720635,4.078907012939453,3.50565505027771,818.6759033203125,563.937255859375
1782130842.725746,3.8804736137390137,3.3660168647766113,815.6207275390625,563.1441650390625
1782130842.730746,3.8180038928985596,3.5828235149383545,812.0302734375,554.1204833984375
1782130842.735746,3.9392685890197754,3.527703285217285,780.1102294921875,568.0858154296875
1782130842.740746,3.924569845199585,3.448697328567505,807.9051513671875,559.0216064453125
1782130842.745746,3.964991569519043,3.6875522136688232,815.5185546875,571.2772216796875
1782130842.750746,3.957642078399658,3.7279739379882812,807.130859375,538.135986328125
1782130842.755746,3.821678638458252,3.851076126098633,797.227783203125,526.0985717773438
1782130842.760746,3.884148359298706,3.4468600749969482,801.1185302734375,557.498291015625
1782130842.765746,3.762883424758911,3.397251844406128,806.7728271484375,552.074951171875
1782130842.770757,3.9502928256988525,3.597522497177124,820.7689208984375,544.072021484375
1782130842.775757,3.9025216102600098,3.5074925422668457,807.00537109375,484.66796875
1782130842.780757,3.9392685890197754,3.597522497177124,804.1614990234375,561.934814453125
1782130842.785746,3.9392685890197754,3.573637008666992,832.43701171875,494.9646911621094
1782130842.790746,3.7959556579589844,3.522191286087036,830.72509765625,548.361572265625
1782130842.805746,3.913545846939087,3.61957049369812,804.7025146484375,540.207275390625
1782130842.810746,3.770232915878296,3.5828235149383545,808.425048828125,534.772216796875
1782130842.815746,3.8363773822784424,3.597522497177124,802.515625,536.41748046875
1782130842.820757,4.211195945739746,3.5240285396575928,804.9549560546875,531.3665771484375
1782130842.825746,3.9686660766601562,3.6471307277679443,816.1923828125,548.602783203125
1782130842.830746,3.8804736137390137,3.5240285396575928,774.05126953125,558.4833984375
1782130842.835746,3.994389057159424,3.6526427268981934,778.133056640625,554.4425048828125
1782130842.840746,3.9319193363189697,3.562612771987915,797.3636474609375,572.1954345703125
1782130842.845746,3.7775821685791016,3.7849316596984863,829.003173828125,530.3502197265625
1782130842.850746,3.4560468196868896,3.4964683055877686,825.3956298828125,534.8238525390625
1782130842.855746,3.7849316596984863,3.6416187286376953,803.6158447265625,522.2586669921875
1782130842.860879,3.538727283477783,3.586498260498047,793.603271484375,526.159912109375
1782130842.865879,3.6618294715881348,3.8657748699188232,753.088134765625,569.225830078125
1782130842.87089,3.659992218017578,3.873124122619629,766.529541015625,615.3284912109375
1782130842.875879,3.395414352416992,3.20800518989563,782.0709228515625,613.841796875
1782130842.880879,3.3072218894958496,3.263125419616699,817.1561279296875,603.4080810546875
1782130842.885879,3.373366355895996,3.3366193771362305,810.076416015625,588.7125244140625
1782130842.890879,3.2337279319763184,3.2227039337158203,804.865966796875,602.65087890625
1782130842.895879,3.2723121643066406,3.145535469055176,809.3486328125,624.6656494140625
1782130842.900879,3.437673330307007,3.2208666801452637,798.3367919921875,602.951171875
1782130842.905879,3.4505348205566406,3.2612881660461426,798.1787109375,602.147705078125
1782130842.910879,3.395414352416992,3.32192063331604,810.246337890625,568.2191162109375
1782130842.920879,3.340294122695923,3.1988184452056885,800.0411376953125,588.8411865234375
1782130842.925879,3.332944631576538,3.351318120956421,823.1636962890625,567.3284912109375
1782130842.930879,3.3825528621673584,3.189631700515747,811.3546142578125,582.2003173828125
1782130842.93589,3.3825528621673584,3.1694209575653076,792.7626953125,577.5626220703125
1782130842.940879,3.343968629837036,3.0793910026550293,805.6470947265625,578.508056640625
1782130842.945879,3.6416187286376953,3.287010908126831,823.853759765625,607.3509521484375
1782130842.951216,3.5607755184173584,3.294360399246216,817.7545166015625,601.6119384765625
1782130842.956216,3.4156250953674316,3.3880650997161865,828.7706298828125,601.5960693359375
1782130842.966216,3.4284865856170654,3.2796616554260254,822.9681396484375,601.0205078125
1782130842.971216,3.3605048656463623,3.145535469055176,813.5147705078125,603.8544921875
1782130842.976216,3.402763843536377,3.3017096519470215,809.256103515625,613.023681640625
1782130842.981216,3.426649332046509,3.156559467315674,818.9542236328125,611.4754638671875
1782130842.986216,3.5589380264282227,3.154722213745117,822.53076171875,606.08984375
1782130842.991216,3.4633960723876953,3.2116799354553223,826.8206787109375,620.7825927734375
1782130842.996338,3.4744203090667725,3.1877944469451904,810.3514404296875,609.2420654296875
1782130843.006338,3.6011970043182373,3.3366193771362305,815.1236572265625,612.526123046875
1782130843.011338,3.3347818851470947,3.0499935150146484,811.2967529296875,608.46435546875
1782130843.016338,3.432161331176758,3.1859569549560547,815.3634033203125,648.9818115234375
1782130843.021338,3.413787841796875,3.075716257095337,798.372314453125,645.9100341796875
1782130843.026338,3.562612771987915,3.2961976528167725,812.850341796875,684.1187744140625
1782130843.031338,3.4725828170776367,3.1822822093963623,812.87451171875,679.1617431640625
1782130843.036338,3.500143051147461,3.2318906784057617,827.4454345703125,659.757568359375
1782130843.041338,3.298035144805908,3.241077423095703,814.9730224609375,633.9476318359375
1782130843.046338,3.32192063331604,3.2778241634368896,810.4998779296875,648.1744384765625
1782130843.051349,3.292523145675659,3.2851736545562744,831.786376953125,641.8463134765625
1782130843.056338,3.3990890979766846,3.252101421356201,841.2425537109375,625.638427734375
1782130843.061338,3.3807156085968018,3.443185329437256,839.1533203125,630.800048828125
1782130843.066338,3.4578840732574463,3.299872398376465,849.049072265625,600.7706298828125
1782130843.071338,3.3660168647766113,3.4450228214263916,848.61865234375,606.1060791015625
1782130843.076349,3.389902353286743,3.4284865856170654,847.781494140625,610.3597412109375
1782130843.081338,3.3017096519470215,3.395414352416992,843.2220458984375,612.8031005859375
1782130843.086338,3.3237578868865967,3.3935770988464355,836.9049072265625,619.966796875
1782130843.091338,3.3641796112060547,3.4560468196868896,828.3922119140625,620.420654296875
1782130843.096338,3.437673330307007,3.3531553745269775,819.2158203125,612.5257568359375
1782130843.101338,3.386227607727051,3.310896396636963,821.55712890625,617.9735107421875
1782130843.106338,3.3237578868865967,3.2796616554260254,821.964599609375,616.524169921875
1782130843.111338,3.2778241634368896,3.1639089584350586,824.62939453125,618.0782470703125
1782130843.116338,3.2851736545562744,3.2686376571655273,800.3463134765625,606.31005859375
1782130843.121338,3.419299840927124,3.332944631576538,833.5040283203125,608.06396484375
1782130843.126338,3.3292698860168457,3.332944631576538,831.280517578125,618.7562255859375
1782130843.13146,3.3182458877563477,3.0738790035247803,825.3717041015625,623.2491455078125
1782130843.14146,3.373366355895996,3.343968629837036,816.2513427734375,624.7421875
1782130843.14646,3.3825528621673584,3.386227607727051,813.60888671875,636.209716796875
1782130843.15146,3.2741496562957764,3.522191286087036,853.4056396484375,587.2783203125
1782130843.15646,3.4983057975769043,3.5313780307769775,837.655029296875,638.4671630859375
1782130843.16146,3.4578840732574463,3.71878719329834,766.70947265625,619.523193359375
1782130843.16646,3.3917396068573,3.751859426498413,837.6151123046875,621.9080810546875
1782130843.17146,3.2961976528167725,3.4064383506774902,797.975341796875,643.21337890625
1782130843.19646,3.0885777473449707,2.6016812324523926,715.4871826171875,699.293212890625
1782130843.20146,2.9415900707244873,1.9549355506896973,778.6517333984375,695.4183349609375
1782130843.20646,2.919541835784912,1.9494235515594482,748.5472412109375,679.0145263671875
1782130843.211471,2.8533973693847656,1.9457488059997559,823.0008544921875,676.8062744140625
1782130843.21646,3.1051137447357178,1.7684450149536133,761.4423828125,632.4871826171875
1782130843.22146,2.851560115814209,2.1993024349212646,767.5604248046875,607.6881103515625
1782130843.22646,3.0205960273742676,1.8704177141189575,768.4569091796875,622.2950439453125
1782130843.23146,3.1859569549560547,1.7050565481185913,790.2054443359375,601.91015625
1782130843.23646,3.10878849029541,2.318729877471924,730.063720703125,635.7154541015625
1782130843.24146,3.0279452800750732,1.8437761068344116,777.7525634765625,594.410400390625
1782130843.24646,3.156559467315674,1.8033545017242432,740.765869140625,583.4000244140625
1782130843.25146,2.8497228622436523,2.4234585762023926,744.9837646484375,584.154052734375
1782130843.25646,2.627403974533081,2.1533689498901367,718.48681640625,701.3548583984375
1782130843.26146,2.897493839263916,2.1037604808807373,715.55859375,669.050048828125
1782130843.266582,2.886469602584839,2.2636096477508545,758.8226318359375,695.3511962890625
1782130843.271472,2.8956563472747803,2.1496942043304443,766.94873046875,650.208740234375
1782130843.276582,3.0371320247650146,2.3444528579711914,753.1607666015625,649.204345703125
1782130843.281583,3.2318906784057617,2.640265464782715,681.8897705078125,731.834716796875
1782130843.286582,3.132673978805542,2.495115041732788,676.2633056640625,636.50439453125
1782130843.291583,3.6048717498779297,2.4179465770721436,643.718505859375,687.65283203125
1782130843.296582,3.1124632358551025,2.886469602584839,658.8695068359375,680.98583984375
1782130843.301594,3.0830657482147217,3.064692258834839,682.8994140625,660.119384765625
1782130843.306582,3.0279452800750732,3.024270534515381,708.34033203125,671.72705078125
1782130843.311594,3.3770408630371094,2.976499557495117,714.9212646484375,681.907470703125
1782130843.316582,3.432161331176758,2.6751749515533447,711.4368896484375,670.188232421875
1782130843.321583,3.6067090034484863,2.9856863021850586,640.46240234375,695.4898681640625
1782130843.326594,3.6361067295074463,3.022433280944824,651.8428955078125,693.1318359375
1782130843.331583,3.5901730060577393,2.9360780715942383,697.053466796875,626.595458984375
1782130843.336582,3.432161331176758,3.3017096519470215,764.573974609375,685.17822265625
1782130843.341583,3.7151124477386475,3.476257562637329,661.4493408203125,648.8812255859375
1782130843.346594,3.8584253787994385,3.200655698776245,663.710205078125,615.78125
1782130843.351583,3.586498260498047,2.6531267166137695,800.47021484375,701.7763671875
1782130843.356583,3.408275842666626,2.7100844383239746,791.96337890625,664.371337890625
1782130843.361583,3.316408634185791,2.8883070945739746,772.505859375,665.8609619140625
1782130843.366583,3.4964683055877686,2.8772828578948975,767.9664306640625,683.30859375
1782130843.371583,3.608546495437622,2.9471020698547363,775.5684814453125,706.421875
1782130843.376583,3.6397812366485596,3.5019803047180176,735.3699951171875,644.4766845703125
1782130843.381582,3.5589380264282227,3.151047468185425,757.9747314453125,708.6224365234375
1782130843.386583,3.6158957481384277,3.4064383506774902,745.23779296875,701.578369140625
1782130843.391582,3.648967981338501,3.5240285396575928,742.580322265625,695.385009765625
1782130843.401582,3.671016216278076,3.151047468185425,652.9693603515625,650.970703125
1782130843.406594,3.5019803047180176,3.2116799354553223,777.0828857421875,687.597900390625
1782130843.411716,3.4615588188171387,3.540564775466919,685.09521484375,628.4071044921875
1782130843.416716,3.4909563064575195,3.2961976528167725,776.4757080078125,661.4593505859375
1782130843.421716,3.5828235149383545,2.989361047744751,807.7799072265625,677.0440673828125
1782130843.426716,3.603034496307373,3.1657462120056152,756.9837646484375,651.256103515625
1782130843.436716,3.6232452392578125,2.4657175540924072,827.5081787109375,668.9149169921875
1782130843.441716,3.6342692375183105,3.2116799354553223,784.8133544921875,724.384765625
1782130843.446716,3.395414352416992,3.0316200256347656,713.1204833984375,663.6612548828125
1782130843.451716,3.592010259628296,3.1877944469451904,788.5712890625,655.910400390625
1782130843.456716,3.454209327697754,3.5497515201568604,788.14794921875,625.4273681640625
1782130843.461716,3.487281560897827,3.5717995166778564,849.3394775390625,677.87255859375
1782130843.471716,3.626919984817505,3.1822822093963623,814.5928955078125,670.526611328125
1782130843.476716,3.3531553745269775,3.3586673736572266,797.440185546875,646.620849609375
1782130843.481716,3.6287572383880615,3.20800518989563,692.8021240234375,612.769775390625
1782130843.486716,3.626919984817505,3.248426675796509,790.3287353515625,656.1014404296875
1782130843.491716,3.483607053756714,3.206167697906494,793.34326171875,680.5675048828125
1782130843.496716,3.707763195037842,3.6177332401275635,668.570068359375,629.04296875
1782130843.501716,3.3770408630371094,3.1014389991760254,599.0709228515625,636.44775390625
1782130843.506716,3.448697328567505,3.127161979675293,647.5557861328125,591.6329345703125
1782130843.511716,3.4523720741271973,3.2557761669158936,643.1751708984375,589.1907958984375
1782130843.516716,3.50565505027771,3.1234872341156006,759.3599853515625,622.9796142578125
1782130843.521716,3.3311073780059814,3.1400234699249268,743.86474609375,620.1583251953125
1782130843.526716,3.65447998046875,3.43583607673645,704.3768310546875,629.5982666015625
1782130843.531716,3.7334859371185303,3.4927937984466553,702.371826171875,627.9329833984375
1782130843.536716,3.3182458877563477,2.586982488632202,619.488037109375,604.2000732421875
1782130843.541838,3.448697328567505,3.1014389991760254,726.78369140625,633.3792724609375
1782130843.546838,3.557100772857666,3.3549928665161133,695.6434326171875,624.4573974609375
1782130843.551838,3.2282159328460693,3.316408634185791,700.4541015625,620.1099853515625
1782130843.556838,3.4156250953674316,3.0683670043945312,725.7174072265625,647.3177490234375
1782130843.561838,3.349480628967285,3.138185977935791,738.164794921875,637.1322021484375
1782130843.566838,3.3549928665161133,3.527703285217285,693.6356201171875,639.0482177734375
1782130843.571838,3.522191286087036,3.533215284347534,696.0416259765625,638.5625
1782130843.576838,3.316408634185791,3.263125419616699,621.9752197265625,593.37255859375
1782130843.581838,3.5442392826080322,2.7064099311828613,708.8096923828125,638.111328125
1782130843.586838,3.3715288639068604,3.288848400115967,693.037109375,625.678466796875
1782130843.591838,3.2741496562957764,2.8772828578948975,760.35498046875,624.30029296875
1782130843.596838,3.2851736545562744,3.3660168647766113,668.449462890625,618.2208251953125
1782130843.601838,3.2392399311065674,3.196981191635132,712.72314453125,614.852294921875
1782130843.606849,3.538727283477783,2.915867328643799,794.8787841796875,658.30615234375
1782130843.611849,3.4468600749969482,3.494631052017212,646.7601318359375,606.318603515625
1782130843.616838,3.50565505027771,3.241077423095703,677.3087158203125,599.0155029296875
1782130843.621838,3.310896396636963,3.2557761669158936,722.1044921875,633.466552734375
1782130843.626838,3.6452934741973877,3.5240285396575928,677.6583251953125,595.6220703125
1782130843.631838,3.332944631576538,2.8313493728637695,655.0770263671875,648.5234375
1782130843.636838,3.4101130962371826,3.259450912475586,698.413818359375,612.5072021484375
1782130843.641838,3.224541187286377,3.20800518989563,792.6593017578125,630.8262939453125
1782130843.646838,3.4505348205566406,3.6361067295074463,758.1510009765625,613.6737060546875
1782130843.651838,3.2116799354553223,3.1069512367248535,668.3228759765625,635.4451904296875
1782130843.656838,3.345806121826172,3.3807156085968018,678.8955078125,626.3729248046875
1782130843.661838,3.263125419616699,3.332944631576538,781.6220703125,650.6630859375
1782130843.666838,3.219029188156128,3.02978253364563,770.449951171875,643.6202392578125
1782130843.671838,3.487281560897827,3.4064383506774902,675.2645263671875,623.4881591796875
1782130843.67696,3.32192063331604,3.046318769454956,662.9669189453125,621.0421142578125
1782130843.68196,3.4689083099365234,3.0665295124053955,692.5137939453125,627.7109375
1782130843.69196,3.332944631576538,3.487281560897827,712.36328125,620.227783203125
1782130843.69696,3.430323839187622,3.3696916103363037,766.611083984375,663.7916259765625
1782130843.70196,3.579149007797241,3.5074925422668457,726.0,639.8050537109375
1782130843.70696,3.173095703125,3.246589422225952,686.5810546875,615.3067626953125
1782130843.716971,3.487281560897827,2.948939323425293,703.712890625,615.499755859375
1782130843.72196,3.586498260498047,3.529540538787842,699.560791015625,629.31005859375
1782130843.72696,3.3292698860168457,3.2374026775360107,636.772216796875,601.712890625
1782130843.73196,3.2778241634368896,3.167583465576172,689.189697265625,638.0087890625
1782130843.73696,3.25761342048645,3.0316200256347656,791.3145751953125,646.809326171875
1782130843.74196,3.3990890979766846,2.9415900707244873,689.71875,652.2281494140625
1782130843.74696,3.275986909866333,3.0316200256347656,690.7938232421875,626.8614501953125
1782130843.75196,3.678365468978882,2.978337049484253,637.7464599609375,641.6505126953125
1782130843.75696,3.5828235149383545,3.3660168647766113,625.60986328125,629.00537109375
1782130843.76196,3.299872398376465,3.270474910736084,730.53662109375,647.0323486328125
1782130843.76696,3.2429146766662598,2.778066396713257,770.872802734375,641.05615234375
1782130843.771971,3.3807156085968018,3.3072218894958496,631.7620849609375,631.3826904296875
1782130843.77696,3.4339985847473145,2.8993310928344727,720.3973388671875,640.6309814453125
1782130843.781971,3.621407985687256,3.400926351547241,714.558837890625,644.9678955078125
1782130843.78696,3.4156250953674316,3.340294122695923,701.312255859375,636.14599609375
1782130843.79696,3.3660168647766113,3.362342119216919,721.48388671875,640.7711181640625
1782130843.80196,3.2282159328460693,3.1804449558258057,696.6253662109375,647.822509765625
1782130843.80696,3.3292698860168457,2.9911983013153076,741.682861328125,646.5299072265625
1782130843.812094,3.3880650997161865,3.127161979675293,726.189453125,647.63232421875
1782130843.817094,3.206167697906494,3.1804449558258057,726.031982421875,644.3917236328125
1782130843.822083,3.516679286956787,3.287010908126831,798.3974609375,637.0382080078125
1782130843.827083,3.4046010971069336,3.5938477516174316,735.9034423828125,661.310302734375
1782130843.832094,3.5607755184173584,3.167583465576172,708.2734375,640.879638671875
1782130843.837083,3.540564775466919,3.551588773727417,701.70654296875,635.4871826171875
1782130843.842083,3.3182458877563477,3.270474910736084,779.80029296875,640.501220703125
1782130843.847094,3.3531553745269775,3.465233564376831,669.03173828125,622.2711181640625
1782130843.852082,3.395414352416992,3.6636667251586914,774.9097900390625,664.9818115234375
1782130843.857083,3.413787841796875,3.310896396636963,692.819580078125,632.1917724609375
1782130843.862082,3.378878355026245,3.614058494567871,765.15966796875,656.9398193359375
1782130843.867083,3.3880650997161865,3.459721565246582,761.5301513671875,657.756591796875
1782130843.872082,3.4229745864868164,3.437673330307007,690.135986328125,660.9071044921875
1782130843.877083,3.432161331176758,3.2741496562957764,697.967529296875,658.9151611328125
1782130843.882082,3.4046010971069336,3.4174625873565674,705.6051025390625,658.6268310546875
1782130843.887083,3.362342119216919,3.1583967208862305,724.70703125,649.734375
1782130843.892094,3.294360399246216,3.4101130962371826,724.4072265625,650.1458740234375
1782130843.897083,3.3347818851470947,3.454209327697754,746.2764892578125,651.3880615234375
1782130843.902082,3.3660168647766113,3.4633960723876953,750.119140625,640.1658935546875
1782130843.907083,3.511167049407959,3.4560468196868896,784.0966796875,692.16259765625
1782130843.912082,3.2851736545562744,3.441348075866699,775.5330810546875,685.262451171875
1782130843.917083,3.3752036094665527,3.2906856536865234,767.472900390625,652.3218994140625
1782130843.922082,3.384390354156494,3.535052537918091,725.5238037109375,640.9534912109375
1782130843.927094,3.248426675796509,3.3770408630371094,778.20458984375,688.9354248046875
1782130843.932082,3.189631700515747,3.310896396636963,773.816162109375,680.76171875
1782130843.937083,3.476257562637329,3.2741496562957764,756.710205078125,656.7125244140625
1782130843.942082,3.3990890979766846,3.2851736545562744,755.3148193359375,651.492431640625
1782130843.947216,3.454209327697754,3.2447521686553955,767.850830078125,640.9232177734375
1782130843.952094,3.5074925422668457,3.4780948162078857,720.4471435546875,655.265380859375
1782130843.962216,3.3641796112060547,3.294360399246216,749.2724609375,637.012939453125
1782130843.967216,3.3641796112060547,3.057342767715454,818.1422119140625,651.2373046875
1782130843.972216,3.332944631576538,3.4799323081970215,705.84521484375,662.951171875
1782130843.977216,3.4725828170776367,3.527703285217285,722.3638916015625,659.4051513671875
1782130843.982216,3.3880650997161865,3.487281560897827,727.1776123046875,678.1241455078125
1782130843.987216,3.426649332046509,3.2429146766662598,806.2615966796875,658.7109375
1782130843.992216,3.476257562637329,3.4744203090667725,715.0682373046875,651.9954833984375
1782130843.997216,3.608546495437622,3.1289992332458496,723.10107421875,653.77294921875
1782130844.002216,3.35683012008667,3.1473727226257324,782.1871337890625,625.490966796875
1782130844.007216,3.448697328567505,3.432161331176758,785.058349609375,643.4599609375
1782130844.012216,3.4284865856170654,3.4505348205566406,708.2156982421875,624.4388427734375
1782130844.022216,3.316408634185791,3.0481560230255127,750.7069091796875,658.0118408203125
1782130844.027216,3.476257562637329,3.3880650997161865,698.78173828125,654.386474609375
1782130844.032216,3.4578840732574463,3.5424020290374756,703.0433349609375,640.8668212890625
1782130844.042216,3.4468600749969482,3.4174625873565674,745.693115234375,639.2774658203125
1782130844.047216,3.4578840732574463,3.25761342048645,764.2032470703125,622.2384033203125
1782130844.052216,3.500143051147461,3.332944631576538,765.73974609375,627.2510986328125
1782130844.057216,3.4505348205566406,3.413787841796875,761.2677001953125,636.910400390625
1782130844.062216,3.529540538787842,3.4505348205566406,776.729248046875,636.3548583984375
1782130844.067216,3.4284865856170654,3.241077423095703,780.4384765625,633.89990234375
1782130844.072216,3.4964683055877686,3.4046010971069336,703.2091064453125,625.9686279296875
1782130844.077216,3.4284865856170654,3.3476433753967285,794.9879150390625,663.39990234375
1782130844.087227,3.573637008666992,3.500143051147461,669.1357421875,622.3502197265625
1782130844.092338,3.432161331176758,3.5828235149383545,774.14404296875,638.618896484375
1782130844.097338,3.592010259628296,3.4174625873565674,645.7449951171875,607.3367919921875
1782130844.102338,3.3715288639068604,3.3752036094665527,728.965087890625,647.833984375
1782130844.107338,3.316408634185791,3.3347818851470947,790.7635498046875,639.38037109375
1782130844.112338,3.441348075866699,3.4450228214263916,796.1019287109375,635.9725341796875
1782130844.117338,3.270474910736084,3.5258657932281494,805.8154296875,646.319091796875
1782130844.127338,3.3292698860168457,3.6103837490081787,795.0174560546875,639.26220703125
1782130844.132338,3.494631052017212,3.402763843536377,743.453857421875,625.9407958984375
1782130844.137338,3.362342119216919,3.2961976528167725,786.0120849609375,627.99560546875
1782130844.142338,3.487281560897827,3.151047468185425,722.1678466796875,639.0616455078125
1782130844.147338,3.6691789627075195,3.843726634979248,750.742431640625,660.2733154296875
1782130844.157338,3.573637008666992,3.4064383506774902,745.6708984375,647.0670166015625
1782130844.162338,3.395414352416992,3.5203537940979004,762.3714599609375,628.3182373046875
1782130844.167338,3.637943983078003,3.6122212409973145,769.997314453125,650.6787109375
1782130844.172338,3.4615588188171387,3.4229745864868164,774.4051513671875,647.9967041015625
1782130844.177338,3.682040214538574,3.6618294715881348,757.9368896484375,634.763427734375
1782130844.182338,3.476257562637329,3.678365468978882,764.5849609375,630.3695068359375
1782130844.187338,3.437673330307007,3.4046010971069336,763.9742431640625,640.7406005859375
1782130844.192338,3.5093297958374023,3.6875522136688232,763.7618408203125,641.040771484375
1782130844.197338,3.4101130962371826,3.2741496562957764,774.982666015625,628.6036376953125
1782130844.202338,3.4799323081970215,3.7279739379882812,772.726318359375,625.5731201171875
1782130844.207338,3.373366355895996,3.5717995166778564,746.66357421875,604.1795654296875
1782130844.212338,3.437673330307007,3.3292698860168457,714.77392578125,604.04638671875
1782130844.217471,3.3880650997161865,3.487281560897827,779.72705078125,647.5189208984375
1782130844.22246,3.4560468196868896,3.476257562637329,722.497314453125,633.126953125
1782130844.22746,3.3990890979766846,3.3990890979766846,755.2164306640625,639.2603759765625
1782130844.23246,3.564450263977051,3.443185329437256,746.8603515625,643.6749267578125
1782130844.23746,3.397251844406128,3.3641796112060547,758.6956787109375,646.5174560546875
1782130844.24246,3.533215284347534,3.4101130962371826,769.8944091796875,633.0225830078125
1782130844.24746,3.4983057975769043,3.4633960723876953,762.356201171875,630.8677978515625
1782130844.25246,3.367854118347168,3.2337279319763184,797.223388671875,656.41552734375
1782130844.25746,3.4670708179473877,3.4395105838775635,791.1025390625,624.5865478515625
1782130844.26246,3.400926351547241,3.241077423095703,790.7518310546875,625.200439453125
1782130844.26746,3.3935770988464355,3.432161331176758,793.9268798828125,626.510986328125
1782130844.27246,3.3549928665161133,3.196981191635132,789.844970703125,638.2330322265625
1782130844.27746,3.32192063331604,3.3237578868865967,779.3653564453125,637.9119873046875
1782130844.28746,3.3990890979766846,3.3255951404571533,782.5802001953125,632.6129150390625
1782130844.29246,3.465233564376831,3.384390354156494,775.215576171875,631.182373046875
1782130844.297472,3.4156250953674316,3.527703285217285,782.61767578125,627.3006591796875
1782130844.30246,3.3549928665161133,3.1528847217559814,782.7464599609375,619.06591796875
1782130844.307472,3.50565505027771,3.3715288639068604,768.104736328125,652.9627685546875
1782130844.31246,3.395414352416992,3.3641796112060547,774.8536376953125,654.9464111328125
1782130844.31746,3.4174625873565674,3.32192063331604,781.3990478515625,640.7060546875
1782130844.32246,3.4523720741271973,3.338456630706787,759.42138671875,618.7569580078125
1782130844.32746,3.3935770988464355,3.340294122695923,797.65380859375,632.1275634765625
1782130844.33246,3.3237578868865967,3.2741496562957764,767.7984619140625,605.6339111328125
1782130844.33746,3.483607053756714,3.4854443073272705,775.704345703125,614.0035400390625
1782130844.34746,3.5479140281677246,3.8694496154785156,786.8631591796875,630.6644287109375
1782130844.352582,3.3366193771362305,3.3145711421966553,801.905517578125,640.37255859375
1782130844.357583,3.3549928665161133,3.4505348205566406,808.8052978515625,634.77490234375
1782130844.362582,3.3825528621673584,3.4983057975769043,806.1910400390625,633.0355224609375
1782130844.367583,3.4284865856170654,3.621407985687256,766.621337890625,642.519287109375
1782130844.382582,3.3347818851470947,3.1988184452056885,791.3699951171875,645.1943359375
1782130844.387583,3.4211373329162598,3.4101130962371826,774.3157958984375,630.37109375
1782130844.392582,3.386227607727051,3.6232452392578125,800.3009033203125,629.0841064453125
1782130844.397583,3.4156250953674316,3.5589380264282227,809.3739013671875,634.6368408203125
1782130844.402582,3.4725828170776367,3.402763843536377,750.4130859375,636.5064697265625
1782130844.407583,3.443185329437256,3.7151124477386475,776.6737060546875,628.271484375
1782130844.412583,3.5203537940979004,3.7096004486083984,781.15380859375,626.606689453125
1782130844.417594,3.441348075866699,3.487281560897827,810.3878173828125,616.344482421875
1782130844.422583,3.332944631576538,3.338456630706787,802.572998046875,632.0694580078125
1782130844.427583,3.316408634185791,3.316408634185791,805.5836181640625,627.9102783203125
1782130844.432583,3.529540538787842,3.3715288639068604,806.6475830078125,659.11669921875
1782130844.437582,3.4284865856170654,3.441348075866699,825.802490234375,646.2076416015625
1782130844.442583,3.3237578868865967,3.2668001651763916,823.991455078125,676.0162353515625
1782130844.447582,3.4064383506774902,3.3035471439361572,821.023681640625,662.971923828125
1782130844.452594,3.476257562637329,2.9746623039245605,824.2677001953125,661.87890625
1782130844.457594,3.3696916103363037,3.1694209575653076,821.453857421875,638.5443115234375
1782130844.462583,3.3605048656463623,3.189631700515747,827.8359375,639.31591796875
1782130844.467582,3.4064383506774902,3.4174625873565674,801.589111328125,636.47412109375
1782130844.472583,3.305384397506714,3.189631700515747,827.0096435546875,634.6705322265625
1782130844.477582,3.3935770988464355,3.200655698776245,835.0443115234375,643.9814453125
1782130844.482594,3.3421313762664795,3.32192063331604,791.1131591796875,617.0965576171875
1782130844.487716,3.443185329437256,3.5424020290374756,832.852783203125,645.0709228515625
1782130844.492716,3.351318120956421,3.481769561767578,844.1993408203125,646.62353515625
1782130844.497716,3.5203537940979004,3.4854443073272705,842.0020751953125,651.677734375
1782130844.502727,3.3017096519470215,3.2337279319763184,853.4468994140625,638.1072998046875
1782130844.517716,3.408275842666626,3.546076774597168,827.74169921875,612.08349609375
1782130844.522716,3.3549928665161133,3.343968629837036,839.2301025390625,656.7529296875
1782130844.527716,3.4983057975769043,3.3825528621673584,795.921142578125,625.7806396484375
1782130844.532716,3.413787841796875,3.630594491958618,869.39892578125,646.340087890625
1782130844.537716,3.494631052017212,3.413787841796875,858.884033203125,644.8114013671875
1782130844.547716,3.4101130962371826,3.5038177967071533,847.873046875,636.5238037109375
1782130844.552727,3.4799323081970215,3.3696916103363037,719.9503173828125,632.84765625
1782130844.562716,3.483607053756714,3.2337279319763184,784.1300048828125,647.165283203125
1782130844.567716,3.516679286956787,3.814329147338867,825.33544921875,631.265869140625
1782130844.572716,3.343968629837036,3.0536680221557617,804.154052734375,619.4444580078125
1782130844.577716,3.413787841796875,3.5313780307769775,823.760498046875,651.841552734375
1782130844.582716,3.50565505027771,3.6158957481384277,825.3402099609375,641.738037109375
1782130844.587727,3.3770408630371094,3.4101130962371826,824.2691650390625,642.6497802734375
1782130844.592716,3.432161331176758,3.1712582111358643,806.2486572265625,636.7816162109375
1782130844.597716,3.3807156085968018,3.483607053756714,818.71923828125,635.06689453125
1782130844.602716,3.465233564376831,3.6857149600982666,820.9432373046875,632.1680908203125
1782130844.607716,3.454209327697754,3.3752036094665527,814.9541015625,630.869140625
1782130844.612716,3.395414352416992,3.4119505882263184,824.0902099609375,625.2818603515625
1782130844.617716,3.4523720741271973,3.3935770988464355,822.686279296875,620.902587890625
1782130844.622838,3.4101130962371826,3.3807156085968018,846.882080078125,661.8057861328125
1782130844.627838,3.395414352416992,3.25761342048645,851.25390625,646.1300048828125
1782130844.632838,3.5240285396575928,3.50565505027771,810.984375,621.60546875
1782130844.637838,3.3641796112060547,3.432161331176758,813.031494140625,627.056396484375
1782130844.642838,3.4670708179473877,3.0940897464752197,815.2862548828125,629.738525390625
1782130844.647838,3.4395105838775635,3.5589380264282227,814.8348388671875,626.9595947265625
1782130844.652838,3.4156250953674316,3.327432632446289,819.6641845703125,635.6298828125
1782130844.657838,3.4689083099365234,3.4450228214263916,839.5206298828125,649.311279296875
1782130844.662838,3.367854118347168,3.5828235149383545,783.220703125,625.437744140625
1782130844.667838,3.4101130962371826,3.43583607673645,821.7071533203125,630.89501953125
1782130844.677838,3.483607053756714,3.2337279319763184,808.944580078125,648.6317138671875
1782130844.682838,3.4615588188171387,3.3880650997161865,821.838623046875,619.6434326171875
1782130844.687838,3.5019803047180176,3.4689083099365234,819.083251953125,622.7799072265625
1782130844.692838,3.6048717498779297,3.5093297958374023,812.97509765625,624.334716796875
1782130844.697838,3.575474262237549,3.4670708179473877,810.414306640625,637.4317626953125
1782130844.707838,3.4174625873565674,3.465233564376831,864.2264404296875,641.964599609375
1782130844.712838,3.476257562637329,3.586498260498047,845.5037841796875,638.0545654296875
1782130844.717838,3.4339985847473145,3.3660168647766113,830.5184326171875,634.4818115234375
1782130844.722838,3.4523720741271973,3.6397812366485596,826.0953369140625,634.6114501953125
1782130844.732838,3.443185329437256,3.413787841796875,817.0943603515625,643.0772705078125
1782130844.737838,3.345806121826172,3.362342119216919,833.7584228515625,649.4495849609375
1782130844.742838,3.465233564376831,3.476257562637329,834.4749755859375,628.841064453125
1782130844.747838,3.426649332046509,3.4101130962371826,835.8751220703125,632.455810546875
1782130844.752838,3.476257562637329,3.3807156085968018,849.3912353515625,663.4698486328125
1782130844.75796,3.3586673736572266,3.259450912475586,838.698486328125,653.62255859375
1782130844.76296,3.608546495437622,3.384390354156494,832.2711181640625,630.621826171875
1782130844.76796,3.4395105838775635,3.465233564376831,831.9605712890625,628.7821044921875
1782130844.77296,3.4633960723876953,3.71878719329834,831.942138671875,651.7550048828125
1782130844.77796,3.413787841796875,3.592010259628296,817.3948974609375,613.0028076171875
1782130844.78296,3.367854118347168,3.4523720741271973,823.4246826171875,641.11083984375
1782130844.78796,3.4395105838775635,3.5607755184173584,828.5130615234375,639.31201171875
1782130844.79296,3.4046010971069336,3.408275842666626,790.1612548828125,649.2342529296875
1782130844.79796,3.4119505882263184,3.7775821685791016,828.701416015625,639.531982421875
1782130844.802971,3.516679286956787,3.781256914138794,839.9044189453125,657.85205078125
1782130844.80796,3.50565505027771,3.671016216278076,821.7042236328125,651.8026123046875
1782130844.81296,3.4101130962371826,3.195143699645996,831.0560302734375,650.756591796875
1782130844.81796,3.432161331176758,3.310896396636963,803.2872314453125,624.5257568359375
1782130844.82296,3.299872398376465,3.287010908126831,850.106689453125,639.3475341796875
1782130844.82796,3.476257562637329,3.5093297958374023,846.2421875,639.22412109375
1782130844.83296,3.3990890979766846,3.4450228214263916,744.517578125,620.4537353515625
1782130844.83796,3.3421313762664795,3.432161331176758,846.53955078125,631.83203125
1782130844.84296,3.5552635192871094,3.4339985847473145,810.1971435546875,644.4876708984375
1782130844.84796,3.5368900299072266,3.527703285217285,751.448974609375,597.80419921875
1782130844.85296,3.395414352416992,3.195143699645996,855.009033203125,645.925537109375
1782130844.85796,3.4523720741271973,3.310896396636963,816.4957275390625,611.8040771484375
1782130844.86296,3.384390354156494,3.4854443073272705,813.198974609375,622.5751953125
1782130844.86796,3.3715288639068604,3.4284865856170654,775.6309814453125,660.482666015625
1782130844.87296,3.345806121826172,3.5203537940979004,831.0535888671875,647.312255859375
1782130844.87796,3.408275842666626,3.4689083099365234,822.4224853515625,626.9224853515625
1782130844.88296,3.3770408630371094,3.2612881660461426,840.172119140625,631.8447265625
1782130844.88796,3.430323839187622,3.3752036094665527,853.690673828125,633.710205078125
1782130844.893083,3.4505348205566406,3.4395105838775635,830.6102294921875,629.9073486328125
1782130844.898082,3.4927937984466553,3.481769561767578,819.16259765625,639.7471923828125
1782130844.903083,3.35683012008667,3.3586673736572266,851.8155517578125,656.640625
1782130844.908082,3.3825528621673584,3.575474262237549,839.2684326171875,656.6304931640625
1782130844.913083,3.597522497177124,3.568124771118164,834.3607177734375,624.837646484375
1782130844.918094,3.4780948162078857,3.459721565246582,809.2406005859375,653.7540283203125
1782130844.928082,3.3825528621673584,3.551588773727417,802.6806640625,619.5718994140625
1782130844.933083,3.4395105838775635,3.5442392826080322,839.02734375,624.21337890625
1782130844.938082,3.6232452392578125,3.5148417949676514,804.219970703125,645.55859375
1782130844.943083,3.4284865856170654,3.4119505882263184,831.0108642578125,650.2698974609375
1782130844.948082,3.3990890979766846,3.516679286956787,829.6494140625,647.934326171875
1782130844.953094,3.597522497177124,3.8584253787994385,794.3673095703125,646.7713623046875
1782130844.958082,3.4725828170776367,3.5203537940979004,793.548583984375,646.924560546875
1782130844.968082,3.459721565246582,3.564450263977051,818.8736572265625,638.4263916015625
1782130844.973083,3.6636667251586914,3.511167049407959,817.2279052734375,637.2598876953125
1782130844.978082,3.443185329437256,3.3366193771362305,833.001708984375,634.4725341796875
1782130844.983083,3.487281560897827,3.4101130962371826,828.535400390625,637.89990234375
1782130844.988082,3.454209327697754,3.500143051147461,823.2713623046875,641.132568359375
1782130844.993083,3.5203537940979004,3.494631052017212,795.9390869140625,654.937744140625
1782130844.998083,3.4983057975769043,3.397251844406128,805.41357421875,631.8636474609375
1782130845.003083,3.384390354156494,3.5019803047180176,773.3641357421875,666.1624755859375
1782130845.008094,3.5424020290374756,3.6636667251586914,784.87646484375,612.2828369140625
1782130845.013094,3.367854118347168,3.4505348205566406,834.444091796875,627.0450439453125
1782130845.018083,3.424811840057373,3.538727283477783,820.71630859375,620.853515625
1782130845.023082,3.573637008666992,3.6397812366485596,798.5810546875,616.959228515625
1782130845.028216,3.597522497177124,3.362342119216919,798.503662109375,619.4622802734375
1782130845.033216,3.4505348205566406,3.568124771118164,818.0535888671875,628.1365966796875
1782130845.038216,3.626919984817505,3.608546495437622,826.62744140625,620.5439453125
1782130845.043216,3.4689083099365234,3.413787841796875,812.9708251953125,627.7681884765625
1782130845.048216,3.448697328567505,3.426649332046509,821.40087890625,626.14990234375
1782130845.053216,3.3990890979766846,3.4615588188171387,801.829345703125,653.9111328125
1782130845.058216,3.419299840927124,3.345806121826172,810.359375,644.308837890625
1782130845.063216,3.3476433753967285,3.557100772857666,805.8096923828125,650.1485595703125
1782130845.068216,3.5497515201568604,3.4744203090667725,804.2216796875,643.0941162109375
1782130845.073216,3.4174625873565674,3.7371606826782227,774.5780029296875,626.483642578125
1782130845.078216,3.351318120956421,3.2741496562957764,785.1517333984375,636.1209716796875
1782130845.083216,3.538727283477783,3.557100772857666,753.6602783203125,611.3406982421875
1782130845.088216,3.3752036094665527,3.5203537940979004,801.2586669921875,615.8525390625
1782130845.093216,3.5038177967071533,3.476257562637329,805.5333251953125,616.68798828125
1782130845.098216,3.3531553745269775,3.527703285217285,809.521728515625,640.66064453125
1782130845.118216,3.443185329437256,3.5717995166778564,814.58203125,625.67138671875
1782130845.123216,3.3770408630371094,3.4339985847473145,815.8702392578125,621.820068359375
1782130845.128216,3.4174625873565674,3.270474910736084,830.8763427734375,648.4677734375
1782130845.133216,3.4174625873565674,3.2778241634368896,823.486083984375,643.9881591796875
1782130845.138216,3.6857149600982666,3.637943983078003,790.5272216796875,628.48681640625
1782130845.143216,3.454209327697754,3.5093297958374023,754.4210205078125,615.6376953125
1782130845.153216,3.448697328567505,3.343968629837036,773.59375,634.21728515625
1782130845.158216,3.424811840057373,3.5901730060577393,778.752197265625,636.240966796875
1782130845.163216,3.522191286087036,3.5828235149383545,824.28173828125,638.463623046875
1782130845.168338,3.430323839187622,3.4670708179473877,820.0955810546875,639.91845703125
1782130845.173338,3.351318120956421,3.3605048656463623,822.9991455078125,643.68798828125
1782130845.178338,3.2906856536865234,3.013246536254883,819.943603515625,624.1309814453125
1782130845.183338,3.500143051147461,3.367854118347168,814.8280029296875,652.01171875
1782130845.188349,3.448697328567505,3.527703285217285,833.7825927734375,634.9288330078125
1782130845.193338,3.3990890979766846,3.50565505027771,803.7557373046875,642.6964111328125
1782130845.198338,3.516679286956787,3.527703285217285,806.796875,642.176513671875
1782130845.203338,3.4119505882263184,3.448697328567505,804.7193603515625,634.932373046875
1782130845.208338,3.443185329437256,3.005897045135498,847.38720703125,651.50439453125
1782130845.213338,3.4211373329162598,3.483607053756714,818.8765869140625,638.07421875
1782130845.218338,3.3292698860168457,3.2851736545562744,823.791748046875,633.5233154296875
1782130845.223338,3.5442392826080322,3.4983057975769043,800.2320556640625,629.9798583984375
1782130845.228338,3.3935770988464355,3.1069512367248535,800.2628173828125,630.3505859375
1782130845.233338,3.3292698860168457,3.3752036094665527,775.2252197265625,634.5604248046875
1782130845.238349,3.367854118347168,3.362342119216919,797.119384765625,630.36669921875
1782130845.243338,3.408275842666626,3.2337279319763184,817.468505859375,635.89208984375
1782130845.248338,3.270474910736084,3.395414352416992,787.513671875,657.1815185546875
1782130845.253338,3.2778241634368896,3.3421313762664795,791.7039794921875,650.8138427734375
1782130845.258338,3.1914689540863037,3.0499935150146484,835.3753662109375,685.7344970703125
1782130845.263338,3.075716257095337,2.8772828578948975,863.6328125,709.4310302734375
1782130845.268338,3.2392399311065674,3.3035471439361572,839.9710693359375,662.8212890625
1782130845.273338,3.340294122695923,3.2796616554260254,841.7374267578125,662.3564453125
1782130845.278338,3.206167697906494,2.800114393234253,832.837158203125,658.62841796875
1782130845.283338,3.219029188156128,3.062854766845703,812.3875732421875,662.681640625
1782130845.288349,2.8956563472747803,2.932403326034546,821.313232421875,669.660400390625
1782130845.293349,3.195143699645996,3.292523145675659,788.886962890625,649.4150390625
1782130845.29846,3.32192063331604,3.3292698860168457,772.00048828125,641.377197265625
1782130845.30346,3.0885777473449707,3.2961976528167725,801.15869140625,653.360595703125
1782130845.30846,3.0830657482147217,3.3476433753967285,766.615234375,661.0167236328125
1782130845.31346,3.1308367252349854,3.0720415115356445,825.9095458984375,668.897216796875
1782130845.323471,3.2851736545562744,2.6715002059936523,769.669921875,641.0938720703125
1782130845.33346,3.05918025970459,3.022433280944824,766.8785400390625,646.6015625
1782130845.33846,3.248426675796509,3.156559467315674,744.318359375,648.23974609375
1782130845.343472,3.4101130962371826,3.160234212875366,789.537841796875,666.80859375
1782130845.34846,3.332944631576538,3.0389692783355713,740.1728515625,653.945556640625
1782130845.35346,3.011409282684326,2.800114393234253,799.90283203125,682.0869140625
1782130845.35846,2.9287285804748535,2.7284579277038574,812.8929443359375,662.8717041015625
1782130845.36846,3.292523145675659,3.252101421356201,796.346435546875,659.828369140625
1782130845.38346,3.1859569549560547,2.8258373737335205,794.969482421875,655.9140625
1782130845.38846,2.9048430919647217,3.051830768585205,800.8614501953125,667.85986328125
1782130845.39346,2.9360780715942383,2.8478853702545166,765.5335693359375,626.9539794921875
1782130845.398471,3.1418607234954834,3.1694209575653076,867.0223388671875,668.2279052734375
1782130845.40346,3.097764492034912,2.915867328643799,853.0699462890625,664.8958740234375
1782130845.40846,3.0536680221557617,2.9930357933044434,820.2972412109375,659.2197265625
1782130845.41346,3.057342767715454,3.288848400115967,818.56640625,656.8817138671875
1782130845.41846,2.976499557495117,3.1014389991760254,814.78955078125,661.18896484375
1782130845.42346,3.4560468196868896,3.116137981414795,799.1282958984375,674.310302734375
1782130845.42846,2.9911983013153076,3.013246536254883,802.5960693359375,662.6546630859375
1782130845.433583,2.972825050354004,2.869933605194092,799.5379638671875,656.5665283203125
1782130845.438582,3.184119701385498,2.8956563472747803,772.632080078125,654.365966796875
1782130845.443583,3.016921281814575,2.873608350753784,781.0518798828125,664.130615234375
1782130845.448582,2.9801743030548096,2.840536117553711,813.244140625,687.248291015625
1782130845.453583,3.1308367252349854,3.2337279319763184,806.2860107421875,675.908447265625
1782130845.458583,2.9875237941741943,2.81113862991333,804.38916015625,672.309814453125
1782130845.463594,3.081228256225586,2.8442108631134033,829.3582763671875,664.9647216796875
1782130845.468583,3.3549928665161133,3.538727283477783,803.3162841796875,658.0001220703125
1782130845.473583,3.2263786792755127,3.173095703125,797.205322265625,641.1229248046875
1782130845.478583,3.3292698860168457,3.6232452392578125,795.7913818359375,646.298095703125
1782130845.483594,3.2374026775360107,3.1014389991760254,741.8897705078125,654.9903564453125
1782130845.488594,3.2153544425964355,2.6549642086029053,686.703125,677.3660888671875
1782130845.498583,3.608546495437622,2.9967105388641357,727.41650390625,668.2293701171875
1782130845.503582,3.4156250953674316,3.8180038928985596,752.994140625,655.4171142578125
1782130845.508583,3.489119052886963,3.2447521686553955,776.2713623046875,659.123046875
1782130845.518583,3.4064383506774902,3.7996304035186768,843.7852783203125,667.47509765625
1782130845.523582,3.32192063331604,2.937915325164795,743.409912109375,673.8682861328125
1782130845.528583,3.35683012008667,3.386227607727051,802.6580810546875,649.8922119140625
1782130845.533582,3.264962911605835,3.1639089584350586,795.8154296875,668.44921875
1782130845.538583,3.5368900299072266,2.9875237941741943,801.447021484375,659.4761962890625
1782130845.543582,3.5093297958374023,3.476257562637329,794.6768798828125,665.1571044921875
1782130845.548583,3.1859569549560547,3.2447521686553955,704.1207275390625,645.6722412109375
1782130845.553594,3.448697328567505,3.3990890979766846,735.7342529296875,648.5406494140625
1782130845.558583,3.305384397506714,3.4725828170776367,807.69384765625,650.103515625
1782130845.563582,3.3531553745269775,2.9581260681152344,831.469482421875,648.4871826171875
1782130845.568594,3.5497515201568604,3.1289992332458496,825.3946533203125,660.396484375
1782130845.573716,3.305384397506714,3.189631700515747,800.5609130859375,679.81884765625
1782130845.583716,3.546076774597168,3.5203537940979004,830.01513671875,671.910888671875
1782130845.588716,3.196981191635132,3.378878355026245,761.29296875,684.8463134765625
1782130845.593716,3.327432632446289,3.3880650997161865,772.012451171875,653.7720947265625
1782130845.598716,3.400926351547241,3.5240285396575928,824.142822265625,672.2054443359375
1782130845.608716,3.4799323081970215,3.395414352416992,822.037109375,671.0732421875
1782130845.613716,3.608546495437622,3.8290278911590576,819.662109375,673.1292724609375
1782130845.618716,3.3696916103363037,3.25761342048645,821.2537841796875,698.6361083984375
1782130845.623716,3.3605048656463623,3.219029188156128,815.943603515625,667.993896484375
1782130845.633716,3.3660168647766113,3.3586673736572266,805.7415771484375,671.7528076171875
1782130845.638716,3.3549928665161133,2.9360780715942383,781.13720703125,668.017333984375
1782130845.643716,3.4174625873565674,3.259450912475586,790.6346435546875,645.340576171875
1782130845.648716,3.5442392826080322,3.395414352416992,726.69189453125,674.6229248046875
1782130845.653716,3.2778241634368896,3.3770408630371094,832.31591796875,686.446044921875
1782130845.658716,3.5497515201568604,3.4395105838775635,753.563720703125,660.954833984375
1782130845.663716,3.343968629837036,2.9911983013153076,849.71630859375,682.786865234375
1782130845.668716,3.086740255355835,3.167583465576172,773.2137451171875,668.381591796875
1782130845.673716,3.443185329437256,3.013246536254883,781.079833984375,668.484130859375
1782130845.678716,3.384390354156494,3.465233564376831,853.1910400390625,668.960205078125
1782130845.683727,3.2337279319763184,3.310896396636963,829.1414794921875,670.3681640625
1782130845.688716,3.384390354156494,3.419299840927124,769.91748046875,644.3719482421875
1782130845.693716,3.2668001651763916,3.4174625873565674,825.6666259765625,679.3626708984375
1782130845.698716,3.5589380264282227,3.735323190689087,804.16650390625,634.2286376953125
1782130845.703838,3.3990890979766846,3.2447521686553955,785.7049560546875,634.530029296875
1782130845.708838,3.2447521686553955,3.729811191558838,793.8702392578125,646.7081298828125
1782130845.723838,3.6158957481384277,3.3549928665161133,804.1497802734375,665.4990234375
1782130845.728838,3.5313780307769775,3.3660168647766113,802.7930908203125,663.3349609375
1782130845.733838,3.5699622631073,3.5993597507476807,764.4990234375,636.1474609375
1782130845.738838,3.3182458877563477,2.8478853702545166,803.296142578125,672.11083984375
1782130845.743838,3.50565505027771,2.5667715072631836,795.5465087890625,668.1890869140625
1782130845.748838,3.4983057975769043,3.424811840057373,879.69775390625,674.122314453125
1782130845.753849,3.564450263977051,3.097764492034912,860.2867431640625,671.719482421875
1782130845.763838,3.413787841796875,3.511167049407959,848.2171630859375,676.63720703125
1782130845.768838,3.332944631576538,3.0959270000457764,914.7550048828125,656.286376953125
1782130845.773838,3.310896396636963,2.8846323490142822,778.1627197265625,664.9095458984375
1782130845.778838,3.419299840927124,3.3549928665161133,796.9713134765625,662.8458251953125
1782130845.783838,3.413787841796875,3.0683670043945312,821.732666015625,653.62548828125
1782130845.788838,3.3660168647766113,3.2171919345855713,782.7822265625,659.7427978515625
1782130845.793849,3.3770408630371094,3.1014389991760254,789.0335693359375,657.076171875
1782130845.798838,3.500143051147461,2.7229459285736084,745.531005859375,621.376708984375
1782130845.803838,3.1914689540863037,3.263125419616699,795.013427734375,656.7991943359375
1782130845.808838,3.2778241634368896,2.9581260681152344,838.6617431640625,652.7540283203125
1782130845.813838,3.476257562637329,3.024270534515381,793.2393798828125,628.4610595703125
1782130845.818838,3.4174625873565674,3.0738790035247803,836.6392822265625,672.8687744140625
1782130845.828838,3.454209327697754,3.4725828170776367,818.855712890625,685.3646240234375
1782130845.833849,3.345806121826172,2.5777957439422607,822.29345703125,682.653076171875
1782130845.83896,3.2668001651763916,3.397251844406128,827.0064697265625,675.1251220703125
1782130845.84396,3.373366355895996,3.1473727226257324,867.87744140625,677.8109130859375
1782130845.848971,3.386227607727051,3.3292698860168457,808.0111083984375,652.8621826171875
1782130845.85396,3.2557761669158936,3.145535469055176,775.5250244140625,650.3109130859375
1782130845.85896,3.3035471439361572,3.189631700515747,785.92138671875,651.0118408203125
1782130845.86396,3.419299840927124,3.614058494567871,800.28173828125,658.873779296875
1782130845.86896,3.3641796112060547,3.3237578868865967,800.1795654296875,659.5458984375
1782130845.87396,3.527703285217285,3.0499935150146484,804.2335205078125,666.662353515625
1782130845.87896,3.5901730060577393,3.711437702178955,803.0765380859375,665.9451904296875
1782130845.88396,3.5313780307769775,3.413787841796875,790.3829345703125,652.938232421875
1782130845.88896,3.2741496562957764,3.013246536254883,813.53564453125,645.7222900390625
1782130845.89396,3.2723121643066406,3.097764492034912,817.6005859375,651.870849609375
1782130845.89896,3.332944631576538,3.3696916103363037,803.1141357421875,660.4906005859375
1782130845.90896,3.432161331176758,3.1583967208862305,839.8819580078125,671.9901123046875
1782130845.91396,3.395414352416992,2.868096351623535,842.4278564453125,680.7908935546875
1782130845.91896,3.3347818851470947,3.2796616554260254,832.7786865234375,676.4488525390625
1782130845.92396,3.373366355895996,2.8938190937042236,831.1495361328125,678.9681396484375
1782130845.93396,3.384390354156494,3.138185977935791,814.99609375,681.8629150390625
1782130845.93896,3.362342119216919,3.213517189025879,764.5379638671875,673.1285400390625
1782130845.943971,3.3990890979766846,3.151047468185425,840.8084716796875,681.0054931640625
1782130845.948972,3.441348075866699,3.0683670043945312,836.5479736328125,669.4344482421875
1782130845.953609,3.527703285217285,3.529540538787842,833.8182373046875,672.5191650390625
1782130845.958608,3.2723121643066406,3.011409282684326,877.836181640625,660.8062744140625
1782130845.968608,3.459721565246582,3.47074556350708,856.330078125,680.7879638671875
1782130845.973731,3.6232452392578125,3.343968629837036,812.055908203125,673.882080078125
1782130845.978731,3.522191286087036,2.948939323425293,829.90185546875,678.1888427734375
1782130845.983742,3.4523720741271973,3.327432632446289,798.1019287109375,657.1126708984375
1782130845.988731,3.288848400115967,3.119812488555908,773.12109375,653.3858642578125
1782130845.998731,3.3476433753967285,2.965475559234619,852.9981689453125,671.2923583984375
1782130846.003731,3.626919984817505,3.516679286956787,807.79248046875,672.7606201171875
1782130846.008731,3.5313780307769775,3.2723121643066406,844.4158935546875,691.9947509765625
1782130846.013731,3.626919984817505,3.443185329437256,844.838623046875,650.8287353515625
1782130846.018742,3.4395105838775635,3.2833364009857178,847.9693603515625,665.3070068359375
1782130846.023731,3.6232452392578125,3.851076126098633,829.11962890625,664.914306640625
1782130846.028742,3.3880650997161865,3.5993597507476807,811.1612548828125,649.7630615234375
1782130846.038731,3.432161331176758,3.4983057975769043,814.9886474609375,682.1453857421875
1782130846.043731,3.310896396636963,3.2686376571655273,811.7559814453125,651.962646484375
1782130846.048742,3.3990890979766846,3.362342119216919,820.0328369140625,651.6971435546875
1782130846.053731,3.4560468196868896,3.3549928665161133,817.926513671875,653.1905517578125
1782130846.058731,3.3825528621673584,3.402763843536377,810.628173828125,631.4329833984375
1782130846.063731,3.564450263977051,3.4064383506774902,799.6297607421875,651.1529541015625
1782130846.068731,3.2961976528167725,3.3127338886260986,788.8748779296875,652.6484375
1782130846.073731,3.659992218017578,3.4615588188171387,873.39453125,648.84716796875
1782130846.078731,3.413787841796875,3.248426675796509,852.5189208984375,641.589599609375
1782130846.083731,3.294360399246216,3.4339985847473145,859.8670654296875,666.825439453125
1782130846.088742,3.3347818851470947,3.533215284347534,801.6707763671875,646.2537841796875
1782130846.098731,3.345806121826172,3.5074925422668457,818.742431640625,636.445068359375
1782130846.103731,3.327432632446289,3.516679286956787,816.926025390625,646.6070556640625
1782130846.108864,3.3880650997161865,3.3145711421966553,846.2183837890625,659.4122314453125
1782130846.113864,3.3696916103363037,3.3311073780059814,806.1856689453125,674.992919921875
1782130846.118864,3.494631052017212,3.4211373329162598,815.0457763671875,664.8988037109375
1782130846.123864,3.432161331176758,3.395414352416992,771.726806640625,647.923583984375
1782130846.128864,3.0793910026550293,3.3347818851470947,822.886962890625,677.89404296875
1782130846.133864,3.25761342048645,3.5589380264282227,825.7183837890625,666.6785888671875
1782130846.138864,3.167583465576172,3.4578840732574463,812.2042236328125,677.26416015625
1782130846.143864,3.5883357524871826,3.6967389583587646,825.2015380859375,644.882080078125
1782130846.148864,3.4670708179473877,3.476257562637329,788.7230224609375,653.8616943359375
1782130846.158864,3.441348075866699,3.3237578868865967,809.0772705078125,659.8841552734375
1782130846.163864,3.4983057975769043,3.270474910736084,807.093994140625,646.4930419921875
1782130846.168864,3.4284865856170654,3.1179752349853516,814.0279541015625,648.670654296875
1782130846.178864,3.6471307277679443,3.2153544425964355,760.51708984375,642.640625
1782130846.183864,3.5203537940979004,3.32192063331604,777.9237060546875,650.5975341796875
1782130846.188864,3.299872398376465,3.47074556350708,773.6171875,656.300048828125
1782130846.193864,3.47074556350708,3.424811840057373,769.897705078125,645.9893798828125
1782130846.198864,3.3935770988464355,3.538727283477783,795.3828125,649.7066650390625
1782130846.203864,3.6416187286376953,3.4064383506774902,785.552978515625,677.081787109375
1782130846.208864,3.557100772857666,3.408275842666626,825.176025390625,651.553955078125
1782130846.213864,3.3641796112060547,3.310896396636963,818.568115234375,646.162841796875
1782130846.218864,3.4064383506774902,3.3366193771362305,797.7796630859375,613.13671875
1782130846.223864,3.395414352416992,3.4064383506774902,807.6728515625,657.77001953125
1782130846.228864,3.476257562637329,3.7040884494781494,770.933837890625,661.83837890625
1782130846.233864,3.535052537918091,3.7224619388580322,730.0477294921875,638.7933349609375
1782130846.238864,3.3476433753967285,3.224541187286377,755.7138671875,630.8316650390625
1782130846.243986,3.5901730060577393,3.2851736545562744,769.0736083984375,639.3291015625
1782130846.248986,3.4670708179473877,3.397251844406128,796.6824951171875,644.7412109375
1782130846.253986,3.4505348205566406,3.263125419616699,738.8856201171875,628.0465087890625
1782130846.258986,3.2961976528167725,3.4689083099365234,803.8670654296875,660.3404541015625
1782130846.263986,3.5313780307769775,3.219029188156128,798.8936767578125,660.02099609375
1782130846.268986,3.4211373329162598,3.4064383506774902,796.7069091796875,655.8448486328125
1782130846.273986,3.6287572383880615,3.4064383506774902,758.3675537109375,640.732666015625
1782130846.278986,3.248426675796509,3.5258657932281494,795.181884765625,656.384033203125
1782130846.283986,3.4964683055877686,3.35683012008667,782.400634765625,663.382080078125
1782130846.288986,3.50565505027771,3.1639089584350586,785.2901611328125,654.580078125
1782130846.293986,3.3696916103363037,3.4615588188171387,778.3079833984375,664.141845703125
1782130846.298986,3.248426675796509,3.1749329566955566,780.7159423828125,642.9228515625
1782130846.303986,3.0536680221557617,3.3660168647766113,790.932861328125,626.4013671875
1782130846.313986,3.299872398376465,3.075716257095337,781.1412353515625,616.7979736328125
1782130846.323986,3.4909563064575195,3.426649332046509,721.0623779296875,629.474609375
1782130846.328986,3.2392399311065674,3.0793910026550293,726.03466796875,630.4930419921875
1782130846.333986,3.3880650997161865,3.592010259628296,739.3948974609375,631.3115234375
1782130846.338986,3.1804449558258057,3.432161331176758,746.0277099609375,627.8309326171875
1782130846.343997,3.476257562637329,3.2502641677856445,747.050537109375,627.4112548828125
1782130846.348986,3.6857149600982666,3.287010908126831,748.583251953125,628.913818359375
1782130846.353986,3.7022509574890137,3.5534260272979736,767.009521484375,630.6881103515625
1782130846.358986,3.443185329437256,3.5846610069274902,769.1328125,629.5126953125
1782130846.363986,3.230053186416626,3.3421313762664795,767.764404296875,635.9476318359375
1782130846.368986,3.454209327697754,3.200655698776245,771.0631103515625,633.2481689453125
1782130846.373986,3.310896396636963,3.235565423965454,800.9759521484375,650.4212646484375
1782130846.379108,3.351318120956421,3.092252492904663,721.542236328125,650.3909912109375
1782130846.384108,3.2668001651763916,3.3311073780059814,737.0816650390625,629.5699462890625
1782130846.389108,3.568124771118164,3.3531553745269775,714.839111328125,641.453125
1782130846.39412,3.119812488555908,3.138185977935791,803.508056640625,676.0369873046875
1782130846.399108,3.0481560230255127,2.9581260681152344,791.3817138671875,656.2147216796875
1782130846.404108,3.3770408630371094,3.1124632358551025,775.162109375,646.452880859375
1782130846.409108,3.2502641677856445,3.0536680221557617,836.1171875,670.9342041015625
1782130846.414109,3.040806770324707,3.1289992332458496,765.6817626953125,674.7711181640625
1782130846.419108,3.0940897464752197,3.248426675796509,769.9862060546875,658.4365234375
1782130846.424109,3.230053186416626,2.982011556625366,771.329833984375,658.794677734375
1782130846.429108,3.119812488555908,3.057342767715454,783.2611083984375,656.2684326171875
1782130846.434108,3.1124632358551025,2.737644672393799,734.3175048828125,647.006591796875
1782130846.439108,3.61957049369812,3.32192063331604,741.993896484375,645.3699951171875
1782130846.444108,3.4854443073272705,3.149209976196289,785.67724609375,644.0477294921875
1782130846.449108,3.1400234699249268,3.263125419616699,782.6378173828125,644.6695556640625
1782130846.454108,3.362342119216919,3.1363487243652344,778.0623779296875,652.64306640625
1782130846.459108,3.241077423095703,3.527703285217285,744.3980712890625,642.998046875
1782130846.464108,3.119812488555908,2.869933605194092,796.784912109375,656.6478271484375
1782130846.46912,3.2374026775360107,3.0499935150146484,762.4044189453125,678.395751953125
1782130846.474108,3.1528847217559814,3.3715288639068604,766.3572998046875,670.95361328125
1782130846.479108,3.184119701385498,3.3770408630371094,768.38134765625,668.836181640625
1782130846.484108,3.064692258834839,3.0389692783355713,816.5423583984375,653.1614990234375
1782130846.489108,3.443185329437256,3.332944631576538,764.1575927734375,641.8994140625
1782130846.494108,3.196981191635132,3.2723121643066406,738.130859375,635.8572998046875
1782130846.499108,3.3531553745269775,3.075716257095337,785.31591796875,668.5703125
1782130846.504108,3.1933064460754395,3.1308367252349854,731.9376220703125,639.4239501953125
1782130846.509108,3.4064383506774902,3.562612771987915,683.600830078125,616.7095947265625
1782130846.514242,3.0959270000457764,3.086740255355835,773.8291015625,619.8956298828125
1782130846.524231,3.288848400115967,3.178607702255249,780.53759765625,647.98681640625
1782130846.529231,3.081228256225586,2.8589096069335938,761.2362060546875,655.0833740234375
1782130846.534231,3.0481560230255127,3.035294771194458,776.7630615234375,660.7161865234375
1782130846.539231,3.294360399246216,3.298035144805908,771.6866455078125,658.8743896484375
1782130846.544231,3.0904150009155273,3.252101421356201,824.775390625,665.0582275390625
1782130846.549242,3.2686376571655273,3.32192063331604,800.7506103515625,653.1253662109375
1782130846.554231,3.241077423095703,2.9507768154144287,799.4287109375,654.069580078125
1782130846.559242,3.149209976196289,2.500627040863037,829.3232421875,679.16455078125
1782130846.564231,3.0940897464752197,3.1933064460754395,824.3665771484375,670.1771240234375
1782130846.574231,3.219029188156128,3.476257562637329,803.3516845703125,649.3118896484375
1782130846.579231,3.202493190765381,2.6531267166137695,788.208251953125,680.0755615234375
1782130846.584231,3.4046010971069336,3.1528847217559814,799.37158203125,653.6531982421875
1782130846.589242,3.0665295124053955,3.0793910026550293,804.4669189453125,685.1741943359375
1782130846.594231,3.0940897464752197,2.838698625564575,798.800048828125,668.07763671875
1782130846.599231,3.016921281814575,3.0095717906951904,787.1258544921875,655.9544677734375
1782130846.604231,3.046318769454956,3.288848400115967,744.1658935546875,643.393310546875
1782130846.609231,3.1179752349853516,3.1583967208862305,744.1798095703125,646.38623046875
1782130846.614231,2.9618008136749268,2.7633676528930664,807.00634765625,677.7364501953125
1782130846.619231,3.263125419616699,3.259450912475586,799.3389892578125,674.40283203125
1782130846.624231,3.3421313762664795,3.281498908996582,740.6558837890625,657.45458984375
1782130846.62923,3.241077423095703,3.0738790035247803,726.20654296875,616.544189453125
1782130846.634231,3.10878849029541,3.0536680221557617,762.5377197265625,652.564208984375
1782130846.639231,3.2686376571655273,3.200655698776245,775.6435546875,653.8623046875
1782130846.644231,3.213517189025879,3.362342119216919,790.011474609375,646.2215576171875
1782130846.649364,3.02978253364563,3.070204257965088,811.7523193359375,639.0523681640625
1782130846.659375,3.400926351547241,3.224541187286377,794.8509521484375,652.3370361328125
1782130846.664364,3.1345112323760986,3.0959270000457764,744.6455078125,632.894287109375
1782130846.669364,3.1014389991760254,3.0279452800750732,770.174560546875,657.2320556640625
1782130846.674364,3.1933064460754395,3.097764492034912,791.1016845703125,662.8248291015625
1782130846.679364,3.332944631576538,3.1639089584350586,793.8756103515625,639.1358642578125
1782130846.689364,3.292523145675659,3.292523145675659,733.840576171875,614.981689453125
1782130846.699364,3.362342119216919,3.1822822093963623,751.1529541015625,634.2137451171875
1782130846.704364,3.2171919345855713,3.402763843536377,804.3975830078125,631.947021484375
1782130846.709364,3.213517189025879,3.1639089584350586,789.7117919921875,635.900146484375
1782130846.714364,3.299872398376465,3.2282159328460693,758.9776611328125,634.49755859375
1782130846.719364,3.575474262237549,3.2116799354553223,775.974365234375,633.2623291015625
1782130846.729364,3.281498908996582,3.3935770988464355,781.2318115234375,634.573486328125
1782130846.734364,3.443185329437256,3.2961976528167725,780.8524169921875,636.9254150390625
1782130846.739364,3.2778241634368896,3.3752036094665527,731.2457275390625,654.4512939453125
1782130846.744375,3.4339985847473145,3.213517189025879,738.755126953125,652.9239501953125
1782130846.749375,3.3660168647766113,3.1418607234954834,810.1923828125,668.855712890625
1782130846.754364,3.299872398376465,3.173095703125,733.60986328125,630.392822265625
1782130846.759364,3.4523720741271973,3.299872398376465,787.05322265625,673.14501953125
1782130846.764364,3.138185977935791,3.2833364009857178,815.3709716796875,641.4849853515625
1782130846.769364,3.1988184452056885,3.1308367252349854,805.423583984375,640.089111328125
1782130846.774364,3.327432632446289,3.3182458877563477,725.4658203125,634.627197265625
1782130846.779364,3.3641796112060547,3.2116799354553223,809.7047119140625,657.903564453125
1782130846.784364,3.3696916103363037,3.3366193771362305,767.82177734375,642.3096923828125
1782130846.789486,3.4119505882263184,3.1712582111358643,751.6171875,642.959228515625
1782130846.794486,3.2429146766662598,3.1859569549560547,746.396484375,654.6746826171875
1782130846.799486,3.2778241634368896,3.2098424434661865,748.232666015625,656.17041015625
1782130846.804486,3.2116799354553223,3.0720415115356445,753.2548828125,661.763427734375
1782130846.809486,3.3476433753967285,3.299872398376465,752.7216796875,658.859130859375
1782130846.814486,3.2318906784057617,3.3880650997161865,756.6270751953125,652.072998046875
1782130846.819486,3.3090591430664062,2.7339699268341064,758.4071044921875,654.03662109375
1782130846.824486,3.1712582111358643,2.9856863021850586,756.692626953125,675.3070068359375
1782130846.829486,3.546076774597168,3.3421313762664795,772.201171875,661.2596435546875
1782130846.834486,3.1933064460754395,3.8363773822784424,760.6943359375,672.5755615234375
1782130846.839486,3.2337279319763184,3.426649332046509,774.99609375,646.1697998046875
1782130846.844486,3.3090591430664062,3.3715288639068604,775.5447998046875,652.5753173828125
1782130846.849486,3.305384397506714,3.288848400115967,776.542236328125,650.9625244140625
1782130846.854486,3.3605048656463623,3.167583465576172,780.728759765625,648.9898681640625
1782130846.864486,3.167583465576172,3.018758535385132,778.8975830078125,645.2843017578125
1782130846.869486,3.32192063331604,3.3035471439361572,795.5020751953125,646.8782958984375
1782130846.874486,3.1473727226257324,3.018758535385132,748.9290771484375,666.55712890625
1782130846.879486,3.2796616554260254,3.608546495437622,746.447998046875,653.520751953125
1782130846.884486,3.2741496562957764,3.3549928665161133,757.701416015625,662.242919921875
1782130846.889486,3.373366355895996,3.263125419616699,763.47216796875,659.727294921875
1782130846.894486,3.2668001651763916,3.614058494567871,775.357177734375,652.6876220703125
1782130846.899486,3.241077423095703,3.0095717906951904,774.5010986328125,651.504150390625
1782130846.904486,3.1988184452056885,2.730295419692993,778.2066650390625,675.035888671875
1782130846.909497,3.5883357524871826,3.2429146766662598,774.259033203125,683.373046875
1782130846.914486,3.4211373329162598,3.4064383506774902,762.5775146484375,626.749755859375
1782130846.919486,3.2282159328460693,3.1712582111358643,767.1781005859375,633.5538330078125
1782130846.924608,3.3255951404571533,3.0793910026550293,750.284912109375,649.47119140625
1782130846.929608,3.483607053756714,3.441348075866699,772.4849853515625,664.2152099609375
1782130846.934608,3.1657462120056152,2.9618008136749268,802.066162109375,656.427490234375
1782130846.939608,3.2778241634368896,3.119812488555908,783.7637939453125,663.6451416015625
1782130846.944619,3.264962911605835,3.343968629837036,725.2462158203125,634.148193359375
1782130846.949608,3.305384397506714,3.378878355026245,733.985107421875,645.9466552734375
1782130846.954608,3.3255951404571533,3.3366193771362305,744.9794921875,652.36767578125
1782130846.959608,3.4450228214263916,3.814329147338867,785.1671142578125,658.450439453125
1782130846.964608,3.2337279319763184,3.4505348205566406,752.13037109375,663.62890625
1782130846.969608,3.1914689540863037,3.151047468185425,760.1182861328125,659.6195068359375
1782130846.974619,3.4101130962371826,3.441348075866699,755.723876953125,665.6666259765625
1782130846.97962,3.413787841796875,3.61957049369812,756.4361572265625,624.5625
1782130846.984608,3.384390354156494,3.603034496307373,727.9093017578125,663.0926513671875
1782130846.989608,3.4211373329162598,3.32192063331604,731.094970703125,660.1573486328125
1782130846.994608,3.395414352416992,3.2337279319763184,753.03125,653.077880859375
1782130846.999608,3.1822822093963623,3.3476433753967285,781.6033935546875,671.0147705078125
1782130847.004608,3.3182458877563477,3.1418607234954834,776.848876953125,662.299560546875
1782130847.009619,3.154722213745117,3.189631700515747,771.4134521484375,663.32958984375
1782130847.014608,3.202493190765381,2.9507768154144287,785.9532470703125,659.49560546875
1782130847.019608,3.119812488555908,3.051830768585205,783.9256591796875,662.2752685546875
1782130847.024608,3.448697328567505,3.263125419616699,777.8680419921875,657.0078125
1782130847.029608,3.119812488555908,3.149209976196289,779.9365234375,651.891845703125
1782130847.034608,3.3549928665161133,3.1822822093963623,779.2657470703125,652.8035888671875
1782130847.039619,3.2116799354553223,3.2098424434661865,785.61669921875,657.60498046875
1782130847.044608,3.189631700515747,2.95996356010437,801.1063232421875,641.3040771484375
1782130847.049619,3.292523145675659,3.0316200256347656,808.0257568359375,640.1978759765625
1782130847.054731,3.340294122695923,3.1914689540863037,806.166015625,640.576416015625
1782130847.059619,3.3072218894958496,2.943427324295044,801.4095458984375,607.8167724609375
1782130847.064731,3.248426675796509,2.645777463912964,764.625732421875,633.11376953125
1782130847.069731,3.3292698860168457,2.840536117553711,757.27197265625,639.596435546875
1782130847.074731,3.3752036094665527,3.2227039337158203,761.3218994140625,636.6676025390625
1782130847.079742,3.0996017456054688,2.78174090385437,787.9591064453125,662.634765625
1782130847.084742,3.213517189025879,3.196981191635132,816.2939453125,664.351806640625
1782130847.089731,3.230053186416626,3.1859569549560547,788.2288818359375,662.8218994140625
1782130847.094731,3.1528847217559814,2.9471020698547363,813.5252685546875,668.4259033203125
1782130847.099742,3.367854118347168,2.869933605194092,811.4521484375,668.9136962890625
1782130847.104731,3.345806121826172,3.1859569549560547,767.1507568359375,659.2545166015625
1782130847.114731,3.178607702255249,2.794602394104004,785.540771484375,653.9705810546875
1782130847.119731,3.2153544425964355,3.2043304443359375,775.2672119140625,647.63916015625
1782130847.124731,2.9801743030548096,3.0316200256347656,778.7806396484375,643.863525390625
1782130847.129742,3.0205960273742676,3.2557761669158936,741.715576171875,678.19384765625
1782130847.134731,3.145535469055176,3.200655698776245,805.834228515625,655.934326171875
1782130847.139742,3.05918025970459,3.075716257095337,798.33642578125,658.905029296875
1782130847.144742,3.1418607234954834,3.114300489425659,796.1353759765625,660.8675537109375
1782130847.149731,3.248426675796509,3.035294771194458,793.114501953125,648.1337890625
1782130847.154742,3.081228256225586,3.062854766845703,794.947265625,649.6075439453125
1782130847.159731,3.0793910026550293,3.0316200256347656,792.0048828125,658.0299072265625
1782130847.164731,3.1345112323760986,2.9415900707244873,818.6920166015625,658.572509765625
1782130847.169742,3.1639089584350586,3.0683670043945312,784.3431396484375,646.9764404296875
1782130847.174731,3.200655698776245,3.119812488555908,800.83154296875,620.2686767578125
1782130847.179731,3.2961976528167725,3.3090591430664062,800.9595947265625,638.9212646484375
1782130847.184731,3.3090591430664062,3.241077423095703,806.800048828125,644.58154296875
1782130847.189742,2.9801743030548096,3.3807156085968018,790.2884521484375,658.0404052734375
1782130847.194864,3.219029188156128,3.1859569549560547,811.4295654296875,663.458251953125
1782130847.199864,3.127161979675293,3.0279452800750732,797.1810302734375,655.4212646484375
1782130847.204864,2.9801743030548096,2.8956563472747803,791.791259765625,656.7314453125
1782130847.209864,3.116137981414795,3.3072218894958496,787.3699951171875,680.737060546875
1782130847.214864,3.154722213745117,3.2227039337158203,811.72412109375,657.4132080078125
1782130847.219864,3.119812488555908,2.9985477924346924,803.54443359375,663.034423828125
1782130847.224864,3.299872398376465,3.294360399246216,804.042724609375,664.249267578125
1782130847.229864,3.0316200256347656,3.046318769454956,797.94287109375,661.352783203125
1782130847.234864,2.869933605194092,3.156559467315674,802.4678955078125,657.6484375
1782130847.239864,2.9103550910949707,2.794602394104004,784.196044921875,694.2506103515625
1782130847.244864,3.202493190765381,3.1694209575653076,816.33447265625,674.7064208984375
1782130847.254864,3.2043304443359375,2.932403326034546,808.7996826171875,676.2232666015625
1782130847.259864,2.9581260681152344,3.10878849029541,803.1634521484375,669.2342529296875
1782130847.264864,2.9801743030548096,2.954451560974121,808.4896240234375,664.57080078125
1782130847.269864,3.14369797706604,3.173095703125,830.7454833984375,678.7288818359375
1782130847.274864,2.994873046875,2.8037891387939453,811.7099609375,684.0655517578125
1782130847.279864,2.891981840133667,2.689873695373535,832.5037841796875,674.2032470703125
1782130847.284864,3.275986909866333,2.9287285804748535,829.2022705078125,671.229248046875
1782130847.289875,2.9911983013153076,2.903005838394165,801.283203125,657.700927734375
1782130847.294875,3.0371320247650146,3.1345112323760986,815.970458984375,654.8729248046875
1782130847.299864,2.943427324295044,3.1822822093963623,814.6295166015625,660.4246826171875
1782130847.304864,3.195143699645996,2.965475559234619,816.5054931640625,658.8973388671875
1782130847.309864,3.10878849029541,3.0499935150146484,814.1214599609375,661.2747802734375
1782130847.314864,3.0481560230255127,3.0499935150146484,807.94287109375,662.926513671875
1782130847.319864,3.046318769454956,3.0683670043945312,813.9215087890625,661.5762939453125
1782130847.324986,2.976499557495117,3.1749329566955566,833.2501220703125,669.0262451171875
1782130847.329986,3.0683670043945312,2.7560181617736816,814.2265625,681.526123046875
1782130847.334997,2.9691503047943115,3.0610175132751465,796.9073486328125,636.08935546875
1782130847.339986,3.057342767715454,2.914029836654663,812.0303955078125,646.7608642578125
1782130847.344986,2.932403326034546,2.6604762077331543,814.7427978515625,669.0064697265625
1782130847.349986,3.2153544425964355,2.862584114074707,811.8944091796875,669.6317138671875
1782130847.354997,3.035294771194458,2.6770122051239014,803.5880126953125,663.2894287109375
1782130847.359986,3.241077423095703,2.9581260681152344,812.183837890625,657.2890625
1782130847.369986,3.1749329566955566,3.022433280944824,839.8223876953125,672.7547607421875
1782130847.374986,3.064692258834839,3.1308367252349854,845.15771484375,705.3873291015625
1782130847.379997,2.932403326034546,2.9581260681152344,805.79443359375,658.3616943359375
1782130847.384986,2.9930357933044434,2.5153260231018066,808.72119140625,678.7889404296875
1782130847.399986,2.9801743030548096,2.695385694503784,809.6873779296875,676.2265625
1782130847.404986,2.926891326904297,2.9801743030548096,766.106201171875,631.6895751953125
1782130847.409986,2.9801743030548096,2.972825050354004,790.5380859375,649.66943359375
1782130847.414986,3.0793910026550293,3.022433280944824,788.866455078125,659.490234375
1782130847.419986,3.149209976196289,3.230053186416626,772.5428466796875,643.912353515625
1782130847.424986,3.5589380264282227,3.156559467315674,770.5125732421875,671.27294921875
1782130847.429986,3.2227039337158203,3.103276491165161,769.8817138671875,663.86474609375
1782130847.439986,3.3200831413269043,3.02978253364563,774.572265625,662.948974609375
1782130847.444986,3.3366193771362305,2.897493839263916,801.103759765625,655.470703125
1782130847.449986,3.263125419616699,2.8827950954437256,795.554931640625,643.083251953125
1782130847.454986,3.2337279319763184,2.8148131370544434,788.1812744140625,643.4010009765625
1782130847.460108,3.195143699645996,2.737644672393799,774.617431640625,651.9180908203125
1782130847.46512,3.2098424434661865,3.013246536254883,774.9384765625,648.682373046875
1782130847.470109,3.316408634185791,3.332944631576538,775.12939453125,654.6240234375
1782130847.475108,3.2723121643066406,3.235565423965454,775.6280517578125,657.62548828125
1782130847.480119,3.25761342048645,3.349480628967285,798.2777099609375,666.2515869140625
1782130847.485108,3.2778241634368896,3.132673978805542,796.52978515625,671.73974609375
1782130847.490108,3.2116799354553223,3.263125419616699,803.1514892578125,668.178466796875
1782130847.495108,3.2116799354553223,3.200655698776245,798.7242431640625,668.6041259765625
1782130847.500108,3.3072218894958496,3.1639089584350586,796.90478515625,665.697021484375
1782130847.505108,3.1804449558258057,2.9691503047943115,792.4620361328125,660.1929931640625
1782130847.510108,3.3660168647766113,2.8662588596343994,779.2806396484375,654.14794921875
1782130847.515108,3.3366193771362305,3.235565423965454,759.2867431640625,660.9453125
1782130847.520108,3.1253244876861572,3.340294122695923,781.8170166015625,680.1038818359375
1782130847.525108,3.2686376571655273,2.638427972793579,778.2298583984375,673.7738037109375
1782130847.530108,3.3660168647766113,3.0665295124053955,776.734375,674.9052734375
1782130847.535108,3.235565423965454,3.2557761669158936,810.30517578125,670.4267578125
1782130847.540108,3.252101421356201,2.9618008136749268,794.806396484375,659.890625
1782130847.545108,3.298035144805908,2.735807418823242,784.1201171875,662.65673828125
1782130847.550119,3.340294122695923,2.9526140689849854,783.8551025390625,661.1470947265625
1782130847.555108,3.1933064460754395,2.7854156494140625,791.0811767578125,668.93505859375
1782130847.560108,3.3752036094665527,3.149209976196289,791.2593994140625,621.8944091796875
1782130847.565108,3.397251844406128,3.167583465576172,794.40478515625,626.2314453125
1782130847.575108,3.259450912475586,2.921379327774048,788.97119140625,635.604248046875
1782130847.58012,3.47074556350708,2.9103550910949707,790.9281005859375,649.1806640625
1782130847.585108,3.395414352416992,2.7394821643829346,782.30859375,641.1905517578125
1782130847.590108,3.3586673736572266,2.9618008136749268,791.754638671875,670.8111572265625
1782130847.595231,3.252101421356201,3.040806770324707,788.3857421875,664.5716552734375
1782130847.600231,3.3017096519470215,2.616379976272583,789.7933349609375,664.734375
1782130847.605231,3.3935770988464355,3.1345112323760986,781.813232421875,641.9951171875
1782130847.610231,3.3292698860168457,3.4725828170776367,780.6279296875,646.1671142578125
1782130847.615242,3.1014389991760254,3.119812488555908,796.652099609375,670.294677734375
1782130847.620231,3.4523720741271973,3.373366355895996,799.95947265625,672.6317138671875
1782130847.630231,3.632431983947754,3.294360399246216,779.067138671875,672.546142578125
1782130847.635231,3.4211373329162598,3.151047468185425,780.378662109375,668.599609375
1782130847.640253,3.4395105838775635,3.2557761669158936,783.49267578125,652.8724365234375
1782130847.645231,3.343968629837036,3.200655698776245,788.818115234375,657.1712646484375
1782130847.650231,3.1914689540863037,2.9287285804748535,769.360595703125,654.84228515625
1782130847.655231,3.384390354156494,3.527703285217285,773.9351806640625,653.4583740234375
1782130847.660231,3.2227039337158203,2.8846323490142822,772.3568115234375,663.6064453125
1782130847.665231,3.476257562637329,3.167583465576172,774.8232421875,661.7149658203125
1782130847.670253,3.2429146766662598,3.0940897464752197,778.2186279296875,657.401611328125
1782130847.675231,3.200655698776245,3.0205960273742676,777.33203125,663.7076416015625
1782130847.680231,3.35683012008667,3.0426440238952637,777.8350830078125,662.381103515625
1782130847.685231,3.3531553745269775,3.2961976528167725,778.6815185546875,655.5628662109375
1782130847.690242,3.345806121826172,3.1528847217559814,794.091064453125,637.9998779296875
1782130847.695231,3.252101421356201,3.3292698860168457,796.9395751953125,654.1455078125
1782130847.700231,3.3825528621673584,3.3715288639068604,777.596923828125,640.242431640625
1782130847.705231,3.340294122695923,2.9562888145446777,775.236083984375,642.4610595703125
1782130847.710231,3.384390354156494,3.005897045135498,785.105224609375,672.28857421875
1782130847.715231,3.1639089584350586,2.726620674133301,767.5946044921875,665.7867431640625
1782130847.720231,3.4229745864868164,3.4101130962371826,784.4786376953125,662.3720703125
1782130847.725231,3.362342119216919,3.5313780307769775,776.9404296875,658.1666259765625
1782130847.730364,3.2263786792755127,2.9618008136749268,801.1236572265625,668.592529296875
1782130847.735364,3.384390354156494,3.0205960273742676,801.8701171875,665.79931640625
1782130847.740364,3.3586673736572266,3.564450263977051,771.6572265625,657.240966796875
1782130847.745364,3.2741496562957764,2.5153260231018066,776.302001953125,660.4146728515625
1782130847.750364,3.1694209575653076,3.0316200256347656,780.4537353515625,657.698486328125
