timestamp,event_type,amplitude_px,duration_ms,mean_velocity
1779803171.676481,Fixation,6.235611438751221,310.251,457.2345275878906
1779803171.696481,Saccade,16.369441986083984,20.0,886.1453857421875
1779803171.856603,Fixation,1.7961210012435913,160.126,390.57733154296875
1779803171.901625,Saccade,11.159753799438477,45.012,1016.1458129882812
1779803172.412114,Fixation,3.3919098377227783,510.491,437.7708740234375
1779803172.522236,Saccade,6.877870082855225,110.125,1072.3533935546875
1779803172.622359,Fixation,40.37038803100586,100.126,441.8573303222656
1779803172.647358,Saccade,27.1676082611084,25.0,1053.220947265625
1779803173.162858,Fixation,27.168004989624023,515.502,697.3690795898438
1779803173.182858,Saccade,8.899991035461426,20.0,2121.94775390625
1779803173.382992,Fixation,18.617313385009766,200.126,970.9570922851562
1779803173.418114,Saccade,16.236738204956055,35.125,2125.014892578125
1779803173.513114,Fixation,52.37666320800781,95.001,1545.6590576171875
1779803173.69837,Saccade,53.30706787109375,185.25,3603.357666015625
1779803173.943614,Fixation,16.967517852783203,245.252,2224.77587890625
1779803174.048614,Saccade,9.214202880859375,105.0,4100.98876953125
1779803174.21887,Fixation,9.232061386108398,170.251,1050.5892333984375
1779803174.24387,Saccade,17.92624855041504,25.0,1831.608154296875
1779803174.373992,Fixation,23.570276260375977,130.126,971.0469970703125
1779803174.514518,Saccade,79.31491088867188,140.125,3895.9775390625
1779803174.609641,Fixation,15.342945098876953,95.126,1369.70849609375
1779803174.629641,Saccade,31.228031158447266,20.0,2026.48095703125
1779803174.849763,Fixation,27.59910774230957,220.126,1130.6265869140625
1779803174.914885,Saccade,11.600348472595215,65.125,2707.55517578125
1779803175.004896,Fixation,63.66761016845703,90.001,851.00537109375
1779803175.630518,Saccade,303.5552978515625,625.627,3392.14892578125
1779803175.81564,Fixation,36.58609390258789,185.126,503.6991882324219
1779803176.005896,Saccade,273.4614562988281,190.251,3807.1904296875
1779803176.481274,Fixation,451.4745178222656,475.377,627.1812133789062
1779803176.576396,Saccade,213.67327880859375,95.126,3848.895263671875
1779803176.791652,Fixation,165.000732421875,215.251,468.87384033203125
1779803176.821652,Saccade,57.32626724243164,30.004,2602.43115234375
1779803176.936774,Fixation,223.69239807128906,115.121,884.8837280273438
1779803177.096896,Saccade,745.0703125,160.127,7507.5068359375
1779803177.382152,Fixation,206.28848266601562,285.251,747.57666015625
1779803177.548927,Saccade,718.5958251953125,167.079,7697.93017578125
1779803178.032471,Fixation,718.140380859375,483.548,664.8392944335938
1779803178.072482,Saccade,86.65393829345703,40.001,2483.856689453125
1779803178.597982,Fixation,97.7568130493164,525.502,207.1007843017578
1779803178.632982,Saccade,93.98941040039062,35.0,2800.524169921875
1779803179.02336,Fixation,91.57611083984375,390.377,324.93438720703125
1779803179.103482,Saccade,12.368142127990723,80.125,1784.44287109375
1779803179.939238,Fixation,111.5636978149414,835.754,332.0459289550781
1779803179.959238,Saccade,25.8841495513916,20.0,1112.6771240234375
1779803180.12436,Fixation,22.074562072753906,165.126,272.5832214355469
1779803180.179482,Saccade,269.1405334472656,55.126,4953.4169921875
1779803180.404615,Fixation,209.82208251953125,225.131,461.29681396484375
1779803180.499738,Saccade,458.4124450683594,95.12,5931.28759765625
1779803180.739536,Fixation,208.06106567382812,240.251,560.1569213867188
1779803180.784536,Saccade,153.0917205810547,45.0,3345.06103515625
1779803184.052611,Fixation,148.20993041992188,3268.016,268.9371032714844
1779803184.142733,Saccade,402.3509826660156,90.125,4702.10546875
1779803184.307867,Fixation,75.28727722167969,165.126,612.7948608398438
1779803184.342867,Saccade,115.09838104248047,35.007,3965.24755859375
1779803185.794255,Fixation,333.2224426269531,1451.385,235.9027099609375
1779803185.839366,Saccade,152.4091796875,45.115,3382.67236328125
1779803186.104622,Fixation,6.028697490692139,265.252,203.75022888183594
1779803186.124622,Saccade,18.9980525970459,20.0,941.2811889648438
1779803186.389878,Fixation,6.759144306182861,265.251,212.92881774902344
1779803186.419878,Saccade,44.3038215637207,30.0,1474.5423583984375
1779803186.64,Fixation,18.406076431274414,220.126,245.39410400390625
1779803186.660226,Saccade,24.214725494384766,20.125,1237.428955078125
1779803187.651103,Fixation,159.99716186523438,990.88,239.0135498046875
1779803187.786237,Saccade,107.46178436279297,135.126,2620.927001953125
1779803188.641993,Fixation,148.52870178222656,855.754,235.92025756835938
1779803188.672126,Saccade,39.18564987182617,30.133,1332.14990234375
1779803189.207493,Fixation,4.145488262176514,535.37,210.2891082763672
1779803189.252615,Saccade,165.8419647216797,45.125,3720.0830078125
1779803189.687993,Fixation,49.286373138427734,435.377,225.9732208251953
1779803189.73841,Saccade,191.98912048339844,50.0,3894.023681640625
1779803189.903666,Fixation,11.772530555725098,165.251,226.08958435058594
1779803189.953665,Saccade,199.49769592285156,50.0,3703.484375
1779803190.098788,Fixation,19.64879035949707,145.126,279.8959655761719
1779803190.148788,Saccade,194.22064208984375,50.0,3896.918212890625
1779803190.674288,Fixation,62.721439361572266,525.503,220.5518035888672
1779803190.699299,Saccade,37.750457763671875,25.008,1411.1971435546875
1779803191.204788,Fixation,130.77459716796875,505.495,240.22776794433594
1779803191.249921,Saccade,9.956147193908691,45.125,1792.74169921875
1779803192.135677,Fixation,62.0142936706543,885.764,199.875732421875
1779803192.450921,Saccade,66.90877532958984,315.242,3245.166015625
1779803192.841249,Fixation,69.85957336425781,390.377,358.5430908203125
1779803192.911371,Saccade,54.089698791503906,70.125,1158.485595703125
1779803193.091505,Fixation,46.602317810058594,180.127,377.8448791503906
1779803193.106505,Saccade,24.415252685546875,14.999,1230.9166259765625
1779803193.787127,Fixation,32.40511703491211,680.628,449.51495361328125
1779803193.82726,Saccade,113.52261352539062,40.13,3037.896484375
1779803193.962382,Fixation,62.977691650390625,135.121,280.6502990722656
1779803193.997382,Saccade,56.83406448364258,35.005,1764.7208251953125
1779803194.147516,Fixation,64.2160415649414,150.126,351.3143005371094
1779803194.252638,Saccade,424.74237060546875,105.125,4932.1533203125
1779803194.43776,Fixation,364.54937744140625,185.121,999.3425903320312
1779803194.46776,Saccade,45.58334732055664,30.001,1983.9654541015625
1779803197.039959,Fixation,486.1454162597656,2572.387,265.89190673828125
1779803197.165081,Saccade,305.1368103027344,125.126,2574.89453125
1779803197.765714,Fixation,796.1884155273438,600.628,591.2778930664062
1779803197.800725,Saccade,64.06402587890625,35.012,2123.57275390625
1779803198.055959,Fixation,10.759222984313965,255.239,198.8933563232422
1779803198.216092,Saccade,98.07935333251953,160.126,2301.1298828125
1779803198.421336,Fixation,11.038561820983887,205.251,184.22943115234375
1779803198.481337,Saccade,261.8362731933594,60.0,4236.8623046875
1779803199.282067,Fixation,149.77728271484375,800.754,254.56704711914062
1779803199.322067,Saccade,82.57784271240234,40.001,2162.003173828125
1779803199.707456,Fixation,27.664772033691406,385.388,186.9849853515625
1779803199.742445,Saccade,78.19300079345703,34.989,2311.693115234375
1779803200.328078,Fixation,118.10094451904297,585.629,204.3059539794922
1779803200.393078,Saccade,22.09059715270996,64.999,4502.9453125
1779803200.468211,Fixation,21.38422393798828,75.139,313.80487060546875
1779803200.503211,Saccade,58.72297668457031,34.996,1897.5709228515625
1779803200.648322,Fixation,8.644967079162598,145.116,216.2679443359375
1779803200.693322,Saccade,138.92648315429688,45.0,3177.306640625
1779803200.828444,Fixation,15.173121452331543,135.126,239.90443420410156
1779803200.858578,Saccade,33.146060943603516,30.125,1273.4239501953125
1779803201.123822,Fixation,52.5411262512207,265.251,346.000244140625
1779803201.173822,Saccade,203.59474182128906,50.001,3801.449462890625
1779803201.844456,Fixation,32.29836654663086,670.634,213.6053009033203
1779803201.884365,Saccade,94.63912200927734,39.994,2371.341552734375
1779803202.229743,Fixation,27.9282169342041,345.382,231.47906494140625
1779803202.269743,Saccade,106.275146484375,39.995,2692.819580078125
1779803202.369876,Fixation,7.232558250427246,100.131,226.53424072265625
1779803202.424865,Saccade,234.15621948242188,54.995,4300.23681640625
1779803202.615121,Fixation,19.488525390625,190.251,179.46075439453125
1779803202.665121,Saccade,135.88816833496094,50.0,2795.792236328125
1779803202.790243,Fixation,10.94340991973877,125.126,283.5459899902344
1779803202.830243,Saccade,86.98274230957031,40.0,2224.107177734375
1779803203.070499,Fixation,24.75930404663086,240.251,224.54139709472656
1779803203.120499,Saccade,157.45106506347656,50.0,3253.811279296875
1779803203.375743,Fixation,70.29302215576172,255.252,322.5462341308594
1779803203.395754,Saccade,24.20745849609375,20.004,1440.991943359375
1779803203.711121,Fixation,120.0718002319336,315.372,333.3871154785156
1779803203.761132,Saccade,198.42672729492188,50.005,4316.00146484375
1779803203.941254,Fixation,126.97502899169922,180.13,364.8929138183594
1779803203.971376,Saccade,51.76363754272461,30.122,2314.64111328125
1779803204.10151,Fixation,89.17427062988281,130.135,501.20098876953125
1779803204.17651,Saccade,400.76556396484375,74.997,5974.00927734375
1779803204.887102,Fixation,223.10125732421875,710.617,300.83502197265625
1779803204.942225,Saccade,8.347277641296387,55.125,3196.791259765625
1779803207.349491,Fixation,493.41033935546875,2407.266,308.8230895996094
1779803207.459491,Saccade,473.38677978515625,109.997,4880.67919921875
1779803207.714736,Fixation,345.6911926269531,255.251,569.2551879882812
1779803207.754869,Saccade,144.97596740722656,40.125,3954.57861328125
1779803208.21508,Fixation,104.72733306884766,460.377,207.869140625
1779803208.240092,Saccade,32.21782302856445,25.001,1249.873779296875
1779803208.825592,Fixation,15.376860618591309,585.503,260.48687744140625
1779803208.985836,Saccade,21.026918411254883,160.25,3051.01806640625
1779803209.256092,Fixation,3.7377068996429443,270.252,205.9205322265625
1779803209.301092,Saccade,117.94742584228516,45.0,2645.521728515625
1779803209.451225,Fixation,25.87815284729004,150.133,243.74159240722656
1779803209.491214,Saccade,85.00391387939453,39.993,2290.09033203125
1779803210.056847,Fixation,107.33647155761719,565.628,230.71397399902344
1779803210.091847,Saccade,60.52902603149414,35.0,2042.5916748046875
1779803210.387092,Fixation,20.46806526184082,295.251,205.62466430664062
1779803210.422092,Saccade,117.02052307128906,35.0,3367.804931640625
1779803210.892603,Fixation,254.3519287109375,470.503,306.1082458496094
1779803210.917382,Saccade,59.837303161621094,25.0,1599.7681884765625
1779803211.102504,Fixation,62.1357307434082,185.126,282.05224609375
1779803211.147626,Saccade,157.08059692382812,45.126,3550.900634765625
1779803211.633004,Fixation,32.666297912597656,485.377,203.50648498535156
1779803211.653004,Saccade,26.5240478515625,20.0,1283.588134765625
1779803211.818259,Fixation,116.29472351074219,165.25,438.628173828125
1779803211.958393,Saccade,530.466552734375,140.135,5013.19482421875
1779803216.397546,Fixation,471.1971435546875,4439.013,260.55352783203125
1779803216.597801,Saccade,323.7118835449219,200.255,2767.816162109375
1779803217.829199,Fixation,630.9805908203125,1231.127,369.77191162109375
1779803217.924321,Saccade,107.86251831054688,95.126,1814.5706787109375
1779803218.329699,Fixation,577.70751953125,405.382,648.2069091796875
1779803218.459821,Saccade,531.17822265625,130.12,5543.13623046875
1779803218.559821,Fixation,80.56000518798828,100.001,506.9218444824219
1779803218.604943,Saccade,33.048336029052734,45.125,2740.329833984375
1779803220.786934,Fixation,516.5853271484375,2182.011,303.299560546875
1779803221.04219,Saccade,109.66761016845703,255.251,3221.025634765625
1779803221.752823,Fixation,891.39794921875,710.629,529.9204711914062
1779803221.792823,Saccade,131.54888916015625,40.0,3318.866943359375
1779803222.463456,Fixation,25.44402503967285,670.638,175.4229278564453
1779803222.503567,Saccade,129.11610412597656,40.116,3252.0068359375
1779803222.698701,Fixation,13.480207443237305,195.126,198.017333984375
1779803222.743701,Saccade,110.19647979736328,45.0,2228.429443359375
1779803222.958945,Fixation,8.463872909545898,215.252,231.986572265625
1779803222.998945,Saccade,114.46723175048828,39.999,2868.226318359375
1779803223.129079,Fixation,7.36140251159668,130.126,282.6517028808594
1779803223.199403,Saccade,295.0815124511719,70.125,4187.814453125
1779803223.784903,Fixation,211.7584686279297,585.503,320.561767578125
1779803223.809903,Saccade,36.860260009765625,25.0,1342.767822265625
1779803224.180281,Fixation,94.06108856201172,370.377,252.55789184570312
1779803224.210281,Saccade,39.61349868774414,30.0,1288.7371826171875
1779803224.580659,Fixation,43.226280212402344,370.377,217.81149291992188
1779803224.625659,Saccade,146.3827667236328,45.0,3255.19970703125
1779803225.031037,Fixation,14.320499420166016,405.377,169.08258056640625
1779803225.066037,Saccade,69.85477447509766,35.0,1874.652587890625
1779803225.511537,Fixation,35.71937561035156,445.503,168.2244110107422
1779803225.591537,Saccade,281.22271728515625,80.0,3469.0498046875
1779803227.263273,Fixation,42.43485641479492,1671.633,192.36634826660156
1779803227.293284,Saccade,33.49148941040039,30.006,1124.5205078125
1779803227.578529,Fixation,5.652525424957275,285.25,153.14451599121094
1779803227.60854,Saccade,37.97610855102539,30.006,1281.8643798828125
1779803227.833784,Fixation,3.0109188556671143,225.241,210.1146240234375
1779803228.038918,Saccade,710.306396484375,205.134,4059.23291015625
1779803228.149029,Fixation,5.961831092834473,110.117,702.3352661132812
1779803228.279151,Saccade,72.92277526855469,130.126,1575.70654296875
1779803228.454406,Fixation,61.39949035644531,175.251,650.33984375
1779803228.474406,Saccade,10.175793647766113,20.0,1445.2431640625
1779803228.594529,Fixation,13.528746604919434,120.126,521.1915283203125
1779803228.609529,Saccade,19.633508682250977,15.0,1173.1717529296875
1779803228.904784,Fixation,49.74177932739258,295.251,483.1247253417969
1779803228.929784,Saccade,17.453405380249023,25.0,988.1631469726562
1779803229.054907,Fixation,15.935225486755371,125.126,542.3298950195312
1779803229.220174,Saccade,50.69725036621094,165.126,1211.810302734375
1779803229.475418,Fixation,5.570562839508057,255.254,483.8515625
1779803229.670674,Saccade,785.9132080078125,195.248,5476.982421875
1779803229.800674,Fixation,121.59532928466797,130.001,510.7145080566406
1779803229.835796,Saccade,130.5315704345703,35.125,3011.716796875
1779803230.356296,Fixation,235.7159423828125,520.502,289.4124450683594
1779803230.411296,Saccade,242.97274780273438,55.001,4483.6064453125
1779803230.946807,Fixation,36.3274040222168,535.502,246.8872833251953
1779803230.996807,Saccade,192.0854949951172,50.001,3890.216552734375
1779803231.232051,Fixation,134.18775939941406,235.251,446.2786560058594
1779803231.372185,Saccade,479.3567810058594,140.125,5205.6591796875
1779803231.562307,Fixation,224.32281494140625,190.126,823.5524291992188
1779803231.57744,Saccade,30.179792404174805,15.138,1464.65625
1779803233.389087,Fixation,307.70562744140625,1811.621,453.4888916015625
1779803233.52922,Saccade,801.2902221679688,140.126,6217.20166015625
1779803233.864587,Fixation,269.2197265625,335.377,442.89208984375
1779803234.10972,Saccade,19.21102523803711,245.126,2969.1748046875
1779803234.425098,Fixation,20.782255172729492,315.377,201.044677734375
1779803234.455098,Saccade,41.05112838745117,30.0,1414.947998046875
1779803234.965598,Fixation,30.337055206298828,510.502,201.81712341308594
1779803235.15072,Saccade,21.24277687072754,185.126,2509.972412109375
1779803235.610918,Fixation,53.041595458984375,460.377,219.05795288085938
1779803235.666051,Saccade,176.93191528320312,55.126,3309.256591796875
1779803236.216552,Fixation,34.76335906982422,550.502,207.1756591796875
1779803236.271551,Saccade,211.9462890625,55.001,3908.63623046875
1779803236.441796,Fixation,9.780068397521973,170.251,217.95314025878906
1779803236.481796,Saccade,83.11902618408203,40.0,2093.25146484375
1779803236.651929,Fixation,3.679661750793457,170.126,235.41329956054688
1779803236.681929,Saccade,37.27611541748047,30.0,1266.6937255859375
1779803236.947174,Fixation,23.402706146240234,265.251,223.802001953125
1779803236.997307,Saccade,266.87969970703125,50.125,4925.8603515625
1779803237.107307,Fixation,13.906927108764648,110.001,273.029296875
1779803237.257551,Saccade,594.2400512695312,150.25,5162.8544921875
1779803237.407685,Fixation,295.0325012207031,150.133,743.7247314453125
1779803237.432674,Saccade,79.15941619873047,24.993,2549.02685546875
1779803237.813063,Fixation,83.97188568115234,380.382,518.3713989257812
1779803237.958196,Saccade,708.3306884765625,145.136,5114.517578125
1779803238.433844,Fixation,92.61622619628906,475.368,397.8142395019531
1779803238.463966,Saccade,68.3814697265625,30.12,2956.847900390625
1779803238.834221,Fixation,310.87359619140625,370.256,581.2279052734375
1779803238.864222,Saccade,40.51005935668945,29.996,1641.4249267578125
1779803239.09041,Fixation,111.58258056640625,226.187,433.0475158691406
1779803239.204599,Saccade,13.376421928405762,114.189,2554.7314453125
1779803240.285599,Fixation,267.32806396484375,1081.01,305.3561096191406
1779803240.305599,Saccade,17.533632278442383,19.996,909.6954956054688
1779803240.595855,Fixation,67.1310043334961,290.256,338.6855163574219
1779803240.836099,Saccade,438.80926513671875,240.246,5746.400390625
1779803240.961233,Fixation,353.0260009765625,125.126,847.43505859375
1779803241.001233,Saccade,202.83607482910156,40.0,4517.556640625
1779803241.186488,Fixation,116.23602294921875,185.261,502.14068603515625
1779803241.236477,Saccade,241.77017211914062,49.99,5441.404296875
1779803241.34661,Fixation,133.6982879638672,110.126,513.67431640625
1779803241.446375,Saccade,417.5024719238281,100.125,6367.494140625
1779803241.616498,Fixation,393.5776672363281,170.126,747.648681640625
1779803241.656497,Saccade,165.47776794433594,40.0,5091.6025390625
1779803241.79662,Fixation,69.55188751220703,140.126,321.1776428222656
1779803241.81662,Saccade,36.00115966796875,20.0,1459.654541015625
1779803242.076875,Fixation,60.0283317565918,260.251,438.23211669921875
1779803242.267131,Saccade,683.295166015625,190.251,6608.216796875
1779803242.502253,Fixation,547.8253173828125,235.127,748.6475830078125
1779803242.522253,Saccade,36.306419372558594,20.0,2057.478515625
1779803242.757509,Fixation,92.06661987304688,235.251,263.28692626953125
1779803242.792509,Saccade,70.21726989746094,35.0,2170.246337890625
1779803243.223009,Fixation,30.56769561767578,430.502,249.93948364257812
1779803243.298008,Saccade,359.81805419921875,75.0,5129.1474609375
1779803243.593264,Fixation,73.14898681640625,295.252,329.4736328125
1779803243.738386,Saccade,372.4934997558594,145.126,3359.98974609375
1779803244.083764,Fixation,37.08257293701172,345.376,254.05055236816406
1779803244.123764,Saccade,97.3559341430664,40.001,2454.767333984375
1779803244.489374,Fixation,33.41334533691406,365.376,232.1017608642578
1779803244.569496,Saccade,348.68487548828125,80.126,4463.974609375
1779803244.739618,Fixation,20.2365665435791,170.126,271.9574279785156
1779803244.779618,Saccade,126.61419677734375,40.0,2991.102783203125
1779803245.575374,Fixation,73.3404312133789,795.754,200.79920959472656
1779803245.630374,Saccade,231.46820068359375,55.0,4801.84130859375
1779803245.855629,Fixation,74.24270629882812,225.251,364.8528137207031
1779803245.885629,Saccade,76.85943603515625,30.0,2809.59765625
1779803246.095874,Fixation,85.27273559570312,210.251,392.9491271972656
1779803246.130874,Saccade,108.23149108886719,35.0,2885.974609375
1779803246.491251,Fixation,147.1071014404297,360.377,380.1798400878906
1779803246.526251,Saccade,119.75796508789062,35.0,3427.818115234375
1779803246.721396,Fixation,99.95818328857422,195.137,551.538818359375
1779803246.736507,Saccade,25.589920043945312,15.115,1361.923095703125
1779803247.476694,Fixation,26.529478073120117,740.628,326.0118103027344
1779803247.71195,Saccade,567.4053344726562,235.251,4116.83154296875
1779803247.967205,Fixation,305.86822509765625,255.252,854.0984497070312
1779803248.072328,Saccade,310.4621887207031,105.125,3057.3916015625
1779803248.22245,Fixation,23.342697143554688,150.126,766.5404052734375
1779803248.26245,Saccade,17.629478454589844,40.0,1523.1495361328125
1779803248.352583,Fixation,26.01821517944336,90.126,748.7416381835938
1779803248.412583,Saccade,187.98867797851562,60.007,3286.99267578125
1779803248.577705,Fixation,73.3508529663086,165.119,682.4891967773438
1779803248.943083,Saccade,134.8274383544922,365.377,3146.40234375
1779803249.023205,Fixation,51.83843994140625,80.125,777.3897705078125
1779803249.113205,Saccade,22.81209945678711,90.0,1347.24658203125
1779803249.248339,Fixation,56.51885223388672,135.126,576.7940063476562
1779803249.283339,Saccade,61.6959342956543,35.0,1755.1612548828125
1779803249.518583,Fixation,71.06979370117188,235.251,508.3089294433594
1779803249.638705,Saccade,658.4907836914062,120.126,5804.49755859375
1779803249.823839,Fixation,252.3746337890625,185.126,819.6019897460938
1779803249.848972,Saccade,45.69764709472656,25.134,2419.694091796875
1779803250.134217,Fixation,118.8476333618164,285.242,352.1818542480469
1779803250.169216,Saccade,48.382511138916016,35.0,1446.6700439453125
1779803250.439461,Fixation,82.54267120361328,270.252,338.7967834472656
1779803250.494171,Saccade,21.67009162902832,55.0,1917.4002685546875
1779803251.309926,Fixation,89.71756744384766,815.754,200.5421905517578
1779803251.340049,Saccade,29.81507682800293,30.125,995.03759765625
1779803251.630304,Fixation,22.42313003540039,290.252,184.22052001953125
1779803252.145804,Saccade,544.2866821289062,515.502,3844.429443359375
1779803252.255804,Fixation,98.46378326416016,110.001,772.7659912109375
1779803252.43606,Saccade,110.2099609375,180.251,1521.8870849609375
1779803252.641182,Fixation,68.41230010986328,205.126,537.000244140625
1779803253.271815,Saccade,411.4971618652344,630.628,3924.925048828125
1779803253.717365,Fixation,132.31103515625,445.377,401.8798828125
1779803253.752376,Saccade,84.52265930175781,35.012,2554.961181640625
1779803253.91261,Fixation,34.11686325073242,160.239,335.65478515625
1779803253.93761,Saccade,18.9193172454834,25.0,1070.0953369140625
1779803254.297998,Fixation,44.88589859008789,360.388,271.4937744140625
1779803254.347987,Saccade,116.80829620361328,49.989,2377.36865234375
1779803254.663243,Fixation,20.92630386352539,315.252,271.88580322265625
1779803254.688243,Saccade,53.56460189819336,25.0,1482.7674560546875
1779803257.290687,Fixation,91.97435760498047,2602.513,158.6217041015625
1779803257.310687,Saccade,22.5089054107666,20.0,1250.4307861328125
1779803259.747655,Fixation,139.69757080078125,2436.801,168.4884490966797
1779803259.807655,Saccade,134.19459533691406,59.992,2760.86767578125
1779803260.012899,Fixation,16.47119903564453,205.247,202.76669311523438
1779803260.067899,Saccade,135.65841674804688,55.0,2543.48193359375
1779803260.408266,Fixation,19.599763870239258,340.375,267.0857238769531
1779803260.823643,Saccade,198.57374572753906,415.375,3292.8154296875
1779803261.424144,Fixation,38.32035446166992,600.5,331.9073791503906
1779803261.649399,Saccade,21.738927841186523,225.25,3183.904541015625
1779803263.220907,Fixation,5.795910358428955,1571.375,189.0257568359375
1779803263.30104,Saccade,235.3170623779297,80.125,2688.950927734375
1779803263.446162,Fixation,19.09931755065918,145.125,454.8168640136719
1779803263.561296,Saccade,222.56704711914062,115.134,2631.01416015625
1779803263.711407,Fixation,46.56787109375,150.116,266.27581787109375
1779803263.746407,Saccade,66.05062866210938,35.0,1987.532470703125
1779803263.83654,Fixation,8.926396369934082,90.125,272.69610595703125
1779803263.87154,Saccade,72.50325775146484,35.0,2205.638916015625
1779803264.507163,Fixation,25.315935134887695,635.625,212.37669372558594
1779803264.552162,Saccade,181.8271942138672,44.999,4011.032958984375
1779803267.454697,Fixation,79.793701171875,2902.762,172.2517852783203
1779803267.479708,Saccade,29.540992736816406,25.002,1179.2509765625
1779803271.088381,Fixation,30.2283992767334,3608.36,169.025146484375
1779803271.148381,Saccade,171.43739318847656,60.0,2938.44140625
1779803271.343514,Fixation,8.34000015258789,195.135,197.82534790039062
1779803271.408636,Saccade,118.44727325439453,65.115,2224.1416015625
1779803271.783751,Fixation,13.919153213500977,375.375,169.43374633789062
1779803271.843751,Saccade,234.17840576171875,60.0,3934.454345703125
1779803271.978884,Fixation,26.335588455200195,135.125,299.2955322265625
1779803272.013884,Saccade,37.24402618408203,35.0,1082.875
1779803276.388247,Fixation,145.2700653076172,4374.124,172.97792053222656
1779803276.433248,Saccade,90.33170318603516,45.008,1978.3248291015625
1779803276.638503,Fixation,11.451299667358398,205.251,227.56227111816406
1779803276.703492,Saccade,125.7439956665039,64.991,1945.4967041015625
1779803277.04887,Fixation,6.9694504737854,345.375,237.3196563720703
1779803277.228992,Saccade,192.7432098388672,180.125,2964.19580078125
1779803278.980242,Fixation,73.65250396728516,1751.627,199.53436279296875
1779803279.005231,Saccade,29.298479080200195,24.998,1178.349853515625
1779803279.135365,Fixation,8.860123634338379,130.13,217.3486328125
1779803279.205498,Saccade,315.82440185546875,70.131,4325.7626953125
1779803279.385609,Fixation,5.230372428894043,180.114,281.99462890625
1779803279.405609,Saccade,20.48847007751465,20.0,1023.7803955078125
1779803279.525742,Fixation,8.763093948364258,120.135,217.561767578125
1779803279.555731,Saccade,39.35080337524414,29.99,1322.5025634765625
1779803279.650864,Fixation,4.445973873138428,95.124,228.0704345703125
1779803279.705876,Saccade,218.98526000976562,55.012,4008.083984375
1779803282.35902,Fixation,68.89608764648438,2652.491,195.2808837890625
1779803282.444142,Saccade,260.8276062011719,85.122,3130.1025390625
1779803282.95952,Fixation,15.431638717651367,515.375,214.9383544921875
1779803283.069642,Saccade,379.4308166503906,110.125,3473.259521484375
1779803283.174764,Fixation,5.164870738983154,105.125,242.69525146484375
1779803283.214764,Saccade,67.84007263183594,40.0,1699.7435302734375
1779803284.115699,Fixation,18.279966354370117,900.874,170.59814453125
1779803284.185699,Saccade,392.1582946777344,70.0,6145.6328125
1779803284.310821,Fixation,12.18087100982666,125.126,321.3533630371094
1779803284.405943,Saccade,122.19125366210938,95.124,1799.954833984375
1779803284.521077,Fixation,6.960124492645264,115.125,297.4595947265625
1779803284.556077,Saccade,62.04368591308594,35.01,1568.6318359375
1779803287.162977,Fixation,17.495994567871094,2607.365,172.20867919921875
1779803287.19811,Saccade,72.61122131347656,35.125,2068.9853515625
1779803287.348232,Fixation,10.791921615600586,150.126,201.6483917236328
1779803287.373232,Saccade,27.05754852294922,24.999,1081.570556640625
1779803287.593477,Fixation,9.535903930664062,220.25,197.89163208007812
1779803287.623477,Saccade,35.91020584106445,30.0,1207.8460693359375
1779803289.074854,Fixation,42.08331298828125,1451.374,190.34909057617188
1779803289.099854,Saccade,21.821842193603516,25.0,888.7362060546875
1779803289.735354,Fixation,21.932741165161133,635.5,201.1101837158203
1779803289.790132,Saccade,137.5577850341797,55.134,2770.564697265625
1779803290.180499,Fixation,26.445035934448242,390.366,249.5014190673828
1779803290.210499,Saccade,52.737159729003906,30.0,1771.197509765625
1779803290.490743,Fixation,10.041852951049805,280.25,224.2298126220703
1779803290.545743,Saccade,143.82131958007812,55.0,2620.076416015625
1779803291.977121,Fixation,20.521289825439453,1431.375,217.62281799316406
1779803292.032121,Saccade,184.8805389404297,55.0,3451.072021484375
1779803292.507621,Fixation,8.74010181427002,475.499,246.1376190185547
1779803292.647743,Saccade,235.74647521972656,140.125,3415.981201171875
1779803292.993803,Fixation,20.24588394165039,345.375,238.807861328125
1779803293.033803,Saccade,96.99065399169922,40.0,2427.921142578125
1779803293.148925,Fixation,5.44671630859375,115.125,246.99383544921875
1779803293.193925,Saccade,109.55294799804688,45.0,2508.951904296875
1779803294.02968,Fixation,8.945279121398926,835.75,144.43472290039062
1779803294.089803,Saccade,227.24887084960938,60.125,4032.8359375
1779803294.635303,Fixation,31.254228591918945,545.5,243.3191375732422
1779803294.695302,Saccade,317.2443542480469,60.0,4189.2431640625
1779803295.866425,Fixation,12.010551452636719,1171.125,190.54083251953125
1779803295.941105,Saccade,312.9862976074219,74.999,4583.1552734375
1779803296.586739,Fixation,30.1600399017334,645.626,281.6242370605469
1779803296.706861,Saccade,323.3779296875,120.125,2943.562255859375
1779803298.338361,Fixation,26.759756088256836,1631.499,175.52105712890625
1779803298.468483,Saccade,103.83877563476562,130.129,2319.407470703125
1779803300.760586,Fixation,15.72769546508789,2292.12,167.33656311035156
1779803300.800586,Saccade,82.2872085571289,40.0,1973.0491943359375
1779803300.885709,Fixation,18.224220275878906,85.125,306.829833984375
1779803301.075842,Saccade,32.3420524597168,190.125,2814.390625
1779803304.869617,Fixation,86.27574920654297,3793.499,178.86447143554688
1779803304.92974,Saccade,187.84576416015625,60.125,3424.688720703125
1779803305.604971,Fixation,21.67648696899414,675.625,200.93955993652344
1779803305.725094,Saccade,222.851806640625,120.125,2523.925048828125
1779803307.411594,Fixation,44.8537483215332,1686.499,204.28199768066406
1779803307.471727,Saccade,0.9732984304428101,60.125,4472.59814453125
1779803310.163852,Fixation,21.667829513549805,2692.375,161.917724609375
1779803310.243986,Saccade,274.35101318359375,80.125,3831.1953125
1779803310.784475,Fixation,23.593591690063477,540.499,237.0122528076172
1779803310.894608,Saccade,153.62367248535156,110.125,1791.95068359375
1779803313.082231,Fixation,39.87712097167969,2187.012,167.15220642089844
1779803313.137219,Saccade,128.52896118164062,54.988,2335.948974609375
1779803313.747842,Fixation,17.840551376342773,610.625,241.91026306152344
1779803313.802853,Saccade,226.52394104003906,55.013,3041.239013671875
1779803315.358616,Fixation,40.51454544067383,1556.486,209.05319213867188
1779803315.438616,Saccade,284.88330078125,80.0,3809.474853515625
1779803316.20436,Fixation,24.700071334838867,765.75,337.5151672363281
1779803316.259494,Saccade,167.67991638183594,55.125,2862.9365234375
1779803316.394616,Fixation,18.578372955322266,135.125,261.1583557128906
1779803316.429616,Saccade,65.40153503417969,35.0,1643.5423583984375
1779803316.594738,Fixation,8.850722312927246,165.125,232.4206085205078
1779803316.614738,Saccade,18.533388137817383,20.0,926.7992553710938
1779803317.85632,Fixation,4.803782939910889,1241.124,219.59642028808594
1779803317.926442,Saccade,136.02975463867188,70.125,1986.0645751953125
1779803318.35682,Fixation,14.687017440795898,430.375,335.9315490722656
1779803318.516942,Saccade,400.5190734863281,160.125,3295.048583984375
1779803318.647076,Fixation,9.15001392364502,130.128,267.4906311035156
1779803318.677076,Saccade,30.27753448486328,29.997,1019.1749877929688
1779803318.977442,Fixation,16.60865020751953,300.375,184.3324737548828
1779803319.037453,Saccade,203.1277313232422,60.005,3514.8427734375
1779803320.509132,Fixation,11.732658386230469,1471.369,206.05880737304688
1779803320.574132,Saccade,396.6484375,65.002,6253.6123046875
1779803320.849388,Fixation,16.33624839782715,275.248,229.1526641845703
1779803320.88951,Saccade,80.33598327636719,40.125,2009.3551025390625
1779803322.951399,Fixation,19.610950469970703,2061.886,151.6895751953125
1779803323.006388,Saccade,248.14381408691406,54.989,4535.39892578125
1779803323.12151,Fixation,3.6242563724517822,115.124,371.39630126953125
1779803323.14151,Saccade,15.85535717010498,20.0,808.3883056640625
1779803323.451643,Fixation,5.885581970214844,310.376,289.320556640625
1779803323.566643,Saccade,214.24525451660156,115.008,2361.44921875
1779803325.338388,Fixation,96.63233947753906,1771.745,193.98751831054688
1779803325.47851,Saccade,546.995361328125,140.121,3885.284423828125
1779803325.718643,Fixation,11.010981559753418,240.125,290.4809875488281
1779803326.139132,Saccade,45.07594680786133,420.499,4403.2080078125
1779803327.534994,Fixation,570.6394653320312,1396.26,352.7173767089844
1779803327.559983,Saccade,64.71946716308594,24.99,3059.62255859375
1779803327.845227,Fixation,466.0477600097656,285.25,656.8085327148438
1779803327.870227,Saccade,74.73230743408203,25.0,2348.296142578125
1779803328.120483,Fixation,85.2097396850586,250.255,397.9404296875
1779803328.250605,Saccade,645.9047241210938,130.12,5465.55859375
1779803328.846227,Fixation,62.514488220214844,595.624,271.6555480957031
1779803328.99136,Saccade,14.017487525939941,145.126,1675.544921875
1779803335.977976,Fixation,284.5125732421875,6986.372,186.8901824951172
1779803336.223232,Saccade,899.881103515625,245.25,4121.03466796875
1779803336.688731,Fixation,434.1644287109375,465.5,469.63897705078125
1779803336.703732,Saccade,16.570571899414062,15.0,2013.6240234375
1779803337.038976,Fixation,231.0160369873047,335.25,369.7560119628906
1779803337.094098,Saccade,22.169565200805664,55.125,2647.30126953125
1779803338.651078,Fixation,25.4243221282959,1556.38,201.80213928222656
1779803338.766189,Saccade,11.216368675231934,115.119,1463.906982421875
1779803339.331689,Fixation,17.98558807373047,565.5,289.4583740234375
1779803339.787067,Saccade,253.59738159179688,455.375,4099.45947265625
1779803339.917189,Fixation,41.674652099609375,130.125,573.4049072265625
1779803339.947323,Saccade,48.5997314453125,30.125,1446.955078125
1779803345.141751,Fixation,163.50112915039062,5194.752,235.35177612304688
1779803345.381995,Saccade,953.1884765625,240.246,4687.57763671875
1779803345.852373,Fixation,488.3022155761719,470.375,586.36328125
1779803345.877384,Saccade,46.485755920410156,25.008,2909.09326171875
1779803346.557995,Fixation,180.0935821533203,680.617,212.03475952148438
1779803346.643129,Saccade,107.59587860107422,85.124,1857.4801025390625
1779803347.033495,Fixation,22.015329360961914,390.375,211.9373779296875
1779803347.063495,Saccade,53.117122650146484,30.0,1782.1094970703125
1779803347.713987,Fixation,3.9320762157440186,650.625,167.5364990234375
1779803347.844109,Saccade,19.067949295043945,130.125,1355.895263671875
1779803348.064354,Fixation,25.66925811767578,220.25,284.7351379394531
1779803348.099354,Saccade,57.762168884277344,35.0,1652.0159912109375
1779803348.474731,Fixation,26.527353286743164,375.375,191.80081176757812
1779803348.514731,Saccade,104.65233612060547,40.0,2667.27685546875
1779803348.834987,Fixation,136.6008758544922,320.25,368.4614562988281
1779803348.965109,Saccade,573.1766967773438,130.125,6205.08935546875
1779803349.140365,Fixation,213.0861358642578,175.253,805.5833129882812
1779803349.165354,Saccade,40.83572769165039,24.997,2284.897216796875
1779803352.062849,Fixation,135.69802856445312,2897.624,234.91075134277344
1779803352.237983,Saccade,922.1636962890625,175.125,5187.29443359375
1779803353.349105,Fixation,6.855078220367432,1111.124,290.3106994628906
1779803353.494227,Saccade,905.5580444335938,145.125,5816.55078125
1779803353.649235,Fixation,11.92704963684082,155.13,298.98541259765625
1779803353.674224,Saccade,25.349658966064453,24.995,980.5525512695312
1779803355.080479,Fixation,18.7183780670166,1406.25,248.99801635742188
1779803355.260724,Saccade,908.9615478515625,180.249,5173.09716796875
1779803355.400857,Fixation,13.462774276733398,140.128,279.2106628417969
1779803355.420857,Saccade,21.392593383789062,19.997,1055.7156982421875
1779803356.672696,Fixation,2.8436295986175537,1251.125,248.98785400390625
1779803356.712818,Saccade,63.03921890258789,40.125,1427.5889892578125
1779803356.89794,Fixation,6.062360763549805,185.127,361.9097900390625
1779803356.937952,Saccade,61.39828109741211,40.006,1564.763427734375
1779803357.528574,Fixation,19.08002471923828,590.617,324.7921447753906
1779803357.593574,Saccade,31.50650405883789,65.0,2346.58251953125
1779803357.863818,Fixation,7.139804840087891,270.249,330.9800109863281
1779803358.01394,Saccade,926.7280883789062,150.125,6223.03369140625
1779803359.200063,Fixation,8.611238479614258,1186.125,209.15513610839844
1779803359.345196,Saccade,858.009765625,145.125,5937.220703125
1779803359.819776,Fixation,7.543946743011475,475.5,319.790771484375
1779803359.839776,Saccade,32.734825134277344,20.0,1808.6304931640625
1779803360.270143,Fixation,36.39942169189453,430.374,275.98870849609375
1779803360.425287,Saccade,884.2015991210938,155.136,5760.6572265625
1779803360.595398,Fixation,12.312599182128906,170.114,294.24163818359375
1779803360.620398,Saccade,29.329177856445312,25.0,1184.5780029296875
1779803362.026776,Fixation,18.439117431640625,1406.375,227.3407440185547
1779803362.201898,Saccade,896.7433471679688,175.125,5327.39990234375
1779803363.03794,Fixation,18.113862991333008,835.749,263.7377014160156
1779803363.193074,Saccade,886.2706909179688,155.135,5879.58447265625
1779803363.298196,Fixation,7.98850679397583,105.115,302.8420104980469
1779803363.333196,Saccade,51.394161224365234,35.0,1485.09619140625
1779803364.374196,Fixation,1.7675464153289795,1041.0,295.1081237792969
1779803364.439318,Saccade,10.191763877868652,65.125,5591.83642578125
1779803366.305864,Fixation,19.24299430847168,1866.624,221.5662841796875
1779803366.335986,Saccade,64.17252349853516,30.125,2154.939208984375
1779803366.656242,Fixation,5.77616024017334,320.25,268.097412109375
1779803366.706253,Saccade,3.92905330657959,50.01,2478.990966796875
1779803367.57712,Fixation,4.3499650955200195,870.865,232.7410888671875
1779803368.017486,Saccade,835.789306640625,440.374,5261.11279296875
1779803368.547986,Fixation,473.14141845703125,530.5,434.53155517578125
1779803368.748407,Saccade,79.71658325195312,200.25,2440.87841796875
1779803369.549029,Fixation,28.658859252929688,800.625,205.66098022460938
1779803369.589151,Saccade,75.86922454833984,40.125,2105.52978515625
1779803369.919407,Fixation,184.64248657226562,330.25,366.5367736816406
1779803370.124651,Saccade,479.5601501464844,205.25,5132.349609375
1779803370.239784,Fixation,135.7621612548828,115.125,1165.7698974609375
1779803370.419907,Saccade,421.5274658203125,180.125,4844.34765625
1779803370.62004,Fixation,103.05397033691406,200.13,1220.3023681640625
1779803370.820285,Saccade,25.044570922851562,200.244,2483.520263671875
1779803370.895285,Fixation,41.670928955078125,75.006,1647.314697265625
1779803370.930407,Saccade,37.62709045410156,35.12,2549.288818359375
1779803371.075529,Fixation,56.706119537353516,145.128,1128.97021484375
1779803371.090529,Saccade,26.022512435913086,14.996,3240.4990234375
1779803371.210662,Fixation,28.98294448852539,120.13,2117.42919921875
1779803371.325784,Saccade,17.88863182067871,115.12,4038.475830078125
1779803371.861053,Fixation,39.185306549072266,535.5,933.4698486328125
1779803372.061175,Saccade,12.97749137878418,200.125,2098.075927734375
1779803372.421553,Fixation,27.729610443115234,360.375,426.5852355957031
1779803372.441553,Saccade,19.41560935974121,20.0,982.888427734375
1779803372.646675,Fixation,22.099565505981445,205.125,379.12762451171875
1779803372.661675,Saccade,16.095523834228516,15.0,1099.6116943359375
1779803372.92692,Fixation,1.5868051052093506,265.25,366.4407958984375
1779803373.082175,Saccade,20.18881607055664,155.25,1111.750244140625
1779803373.34742,Fixation,17.316926956176758,265.249,485.2801513671875
1779803373.39242,Saccade,10.926578521728516,45.0,1295.474853515625
1779803373.96292,Fixation,11.07357406616211,570.5,443.88751220703125
1779803373.97792,Saccade,15.695077896118164,15.0,1030.30078125
1779803374.153042,Fixation,17.64689826965332,175.125,384.1572570800781
1779803374.168175,Saccade,15.528997421264648,15.125,978.4417724609375
1779803374.393309,Fixation,14.135047912597656,225.134,438.4147644042969
1779803374.43342,Saccade,9.46441650390625,40.116,1316.072265625
1779803374.748675,Fixation,14.367321968078613,315.25,425.9811096191406
1779803374.763636,Saccade,25.03264808654785,15.0,1228.137939453125
1779803375.129014,Fixation,9.215592384338379,365.379,452.7030944824219
1779803375.379258,Saccade,26.05618667602539,250.25,1260.50537109375
1779803375.469258,Fixation,20.743223190307617,89.996,531.26171875
1779803375.489269,Saccade,24.834012985229492,20.015,1084.635986328125
1779803375.784636,Fixation,4.400847434997559,295.36,467.2970275878906
1779803375.804636,Saccade,20.324047088623047,19.999,950.6016235351562
1779803375.989758,Fixation,28.543630599975586,185.126,435.3667907714844
1779803376.009758,Saccade,22.716005325317383,19.999,1128.2249755859375
1779803376.12488,Fixation,18.875654220581055,115.125,415.10089111328125
1779803376.15488,Saccade,21.040311813354492,30.0,980.86376953125
1779803376.935636,Fixation,4.995201587677002,780.75,384.01849365234375
1779803376.955636,Saccade,20.32093048095703,20.0,1207.46044921875
1779803377.130758,Fixation,16.791032791137695,175.125,460.1177978515625
1779803377.20088,Saccade,1.377803921699524,70.125,971.876220703125
1779803377.396002,Fixation,18.825674057006836,195.125,359.7771301269531
1779803377.441136,Saccade,5.728106498718262,45.125,1180.780029296875
1779803377.586258,Fixation,3.210704803466797,145.125,436.6186828613281
1779803377.606258,Saccade,20.93277931213379,20.0,1062.671875
1779803377.73138,Fixation,10.132259368896484,125.125,422.50830078125
1779803377.74638,Saccade,8.539010047912598,15.0,1236.05322265625
1779803377.851502,Fixation,24.845245361328125,105.125,431.07696533203125
1779803377.882291,Saccade,36.7915153503418,30.008,1284.6734619140625
1779803377.962414,Fixation,17.775548934936523,80.117,360.4407653808594
1779803377.977414,Saccade,14.925507545471191,14.999,1142.7249755859375
1779803378.202536,Fixation,21.46665382385254,225.125,522.7720336914062
1779803378.217658,Saccade,6.484296798706055,15.125,888.6544189453125
1779803378.41278,Fixation,8.872119903564453,195.125,404.4680480957031
1779803378.512914,Saccade,25.20137596130371,100.125,1296.0101318359375
1779803378.678036,Fixation,15.984659194946289,165.125,348.5987243652344
1779803378.838158,Saccade,5.581283092498779,160.125,1179.4822998046875
1779803378.99328,Fixation,6.11307430267334,155.125,343.7920837402344
1779803379.01328,Saccade,24.20954132080078,20.0,1166.55615234375
1779803379.418658,Fixation,24.240713119506836,405.375,440.3606872558594
1779803379.438792,Saccade,22.987194061279297,20.132,1153.221923828125
1779803380.03428,Fixation,32.01903533935547,595.493,381.9228515625
1779803380.05428,Saccade,29.21282958984375,20.0,1289.3865966796875
1779803380.309536,Fixation,4.021241664886475,255.25,388.5941162109375
1779803380.329536,Saccade,14.263368606567383,19.999,1230.021484375
1779803380.924342,Fixation,13.432616233825684,595.625,377.5983581542969
1779803380.944342,Saccade,19.94684410095215,20.0,1111.133056640625
1779803381.209586,Fixation,22.634212493896484,265.25,378.3353576660156
1779803381.239597,Saccade,25.306283950805664,30.006,1123.849853515625
1779803381.324586,Fixation,27.36867904663086,84.994,440.18658447265625
1779803381.34472,Saccade,23.022823333740234,20.125,1097.6123046875
1779803382.280586,Fixation,5.350227355957031,935.875,387.3113098144531
1779803382.295586,Saccade,20.13844108581543,15.0,1231.538330078125
1779803382.47072,Fixation,21.68905258178711,175.125,471.64764404296875
1779803382.49072,Saccade,25.32630157470703,20.0,1121.8465576171875
1779803382.790964,Fixation,15.062427520751953,300.252,405.3564453125
1779803382.810964,Saccade,20.505460739135742,20.001,1101.20751953125
1779803383.306475,Fixation,15.730973243713379,495.501,424.1947021484375
1779803383.326464,Saccade,20.400846481323242,19.995,1103.9761962890625
1779803383.416586,Fixation,20.768327713012695,90.125,344.3862609863281
1779803383.436586,Saccade,10.516823768615723,20.0,989.0922241210938
1779803383.922643,Fixation,3.4576656818389893,485.5,404.49249267578125
1779803384.137776,Saccade,7.105994701385498,215.125,1119.3968505859375
1779803384.338021,Fixation,7.845892906188965,200.25,440.93975830078125
1779803384.363021,Saccade,17.060035705566406,25.001,983.52587890625
1779803384.573143,Fixation,16.05301856994629,210.124,319.5367126464844
1779803384.643276,Saccade,5.6985344886779785,70.129,1198.04736328125
1779803384.993643,Fixation,24.73659896850586,350.371,429.4385070800781
1779803385.013643,Saccade,24.882522583007812,20.0,1153.580322265625
1779803385.574154,Fixation,11.33393669128418,560.508,425.1740417480469
1779803385.594143,Saccade,30.560516357421875,19.991,1304.2176513671875
1779803386.444899,Fixation,20.10222816467285,850.75,391.5879821777344
1779803386.459899,Saccade,12.060480117797852,15.0,828.2122192382812
1779803386.640143,Fixation,17.29947280883789,180.25,419.7789306640625
1779803386.655154,Saccade,14.781898498535156,15.007,962.3560791015625
1779803387.265186,Fixation,22.295066833496094,610.493,398.7001037597656
1779803387.290308,Saccade,25.626428604125977,25.125,1031.071044921875
1779803387.405308,Fixation,7.150448799133301,115.0,480.66644287109375
1779803387.435442,Saccade,27.879993438720703,30.124,1209.744384765625
1779803389.47732,Fixation,27.211809158325195,2041.879,378.060791015625
1779803389.527308,Saccade,5.511857509613037,49.996,1488.0250244140625
1779803389.867686,Fixation,10.155360221862793,340.376,430.5752258300781
1779803389.882686,Saccade,12.483732223510742,14.998,917.7892456054688
1779803390.148547,Fixation,17.92568016052246,265.259,373.04315185546875
1779803390.168558,Saccade,16.973464965820312,20.005,991.5302734375
1779803391.134414,Fixation,12.6597261428833,965.861,372.6451110839844
1779803391.149414,Saccade,16.169395446777344,15.002,1007.5770263671875
1779803391.469669,Fixation,8.587547302246094,320.248,391.30108642578125
1779803391.484792,Saccade,12.548213005065918,15.127,866.7605590820312
1779803391.785047,Fixation,14.656350135803223,300.248,469.7756652832031
1779803391.895169,Saccade,19.09184455871582,110.125,1182.70556640625
1779803392.320536,Fixation,21.579805374145508,425.374,403.4263000488281
1779803392.340547,Saccade,19.842748641967773,20.001,1095.462158203125
1779803393.131134,Fixation,26.604610443115234,790.749,392.9190979003906
1779803393.151134,Saccade,22.939472198486328,20.0,1058.7261962890625
1779803394.312134,Fixation,7.879024505615234,1161.0,394.11090087890625
1779803394.332256,Saccade,25.352846145629883,20.125,1282.75048828125
1779803394.492389,Fixation,29.733680725097656,160.131,400.9063415527344
1779803394.512378,Saccade,21.515710830688477,19.994,1107.680419921875
1779803394.597512,Fixation,12.021864891052246,85.128,412.7408752441406
1779803394.657512,Saccade,1.7736597061157227,59.996,1143.8775634765625
1779803394.892756,Fixation,7.931960582733154,235.25,438.1845703125
1779803394.912756,Saccade,21.237295150756836,20.0,1035.5556640625
1779803395.233012,Fixation,6.657445430755615,320.25,411.4317932128906
1779803395.248012,Saccade,17.86618995666504,15.007,1206.3956298828125
1779803396.043756,Fixation,15.427284240722656,795.743,367.1507263183594
1779803396.063115,Saccade,13.00777530670166,20.0,968.055908203125
1779803396.788871,Fixation,17.972946166992188,725.75,361.6297302246094
1779803396.833871,Saccade,12.455310821533203,45.0,1176.122314453125
1779803397.239237,Fixation,16.536365509033203,405.374,407.7806396484375
1779803397.259248,Saccade,18.529008865356445,20.011,957.772705078125
1779803397.379371,Fixation,7.6039628982543945,120.114,454.6934509277344
1779803397.399371,Saccade,23.357030868530273,20.0,1129.643798828125
1779803397.584615,Fixation,7.554564476013184,185.25,350.4295959472656
1779803397.604615,Saccade,21.18927574157715,20.0,1069.6810302734375
1779803397.789737,Fixation,28.984434127807617,185.125,379.6634826660156
1779803397.809737,Saccade,18.092491149902344,20.0,1002.056396484375
1779803398.009993,Fixation,2.4423394203186035,200.25,398.00543212890625
1779803398.024993,Saccade,14.991436004638672,15.0,956.6928100585938
1779803398.575493,Fixation,14.433558464050293,550.5,354.70965576171875
1779803398.615493,Saccade,15.754565238952637,40.0,930.7360229492188
1779803398.850737,Fixation,16.567413330078125,235.25,408.18829345703125
1779803398.870749,Saccade,17.840051651000977,20.011,955.484130859375
1779803399.256667,Fixation,20.82863426208496,385.363,378.55645751953125
1779803399.271667,Saccade,14.18687629699707,15.0,920.3369140625
1779803399.43179,Fixation,5.481298923492432,160.125,342.5938720703125
1779803399.45179,Saccade,18.948196411132812,20.001,923.2225341796875
1779803399.827167,Fixation,11.623769760131836,375.375,326.2959899902344
1779803399.90229,Saccade,7.382331848144531,75.124,957.3712768554688
1779803400.177545,Fixation,16.460418701171875,275.255,377.15557861328125
1779803400.272667,Saccade,6.790890216827393,95.12,1105.625732421875
1779803401.258545,Fixation,8.494797706604004,985.875,400.97589111328125
1779803401.283545,Saccade,25.827434539794922,25.0,1310.519287109375
1779803402.08929,Fixation,18.67975616455078,805.749,439.2104797363281
1779803402.139584,Saccade,5.303207874298096,50.0,1370.05322265625
1779803402.254706,Fixation,0.6002956032752991,115.125,421.40802001953125
1779803402.299839,Saccade,16.310564041137695,45.125,1180.870361328125
1779803403.185584,Fixation,18.605985641479492,885.75,407.6712951660156
1779803403.205584,Saccade,28.30565071105957,20.0,1235.9085693359375
1779803403.335706,Fixation,26.677003860473633,130.125,493.58843994140625
1779803403.360706,Saccade,15.119828224182129,25.0,1009.0077514648438
1779803403.465839,Fixation,17.34223175048828,105.129,414.72869873046875
1779803403.570961,Saccade,15.583562850952148,105.121,1073.2236328125
1779803404.236583,Fixation,16.542999267578125,665.624,416.4859924316406
1779803404.276584,Saccade,11.665717124938965,40.0,1078.7388916015625
1779803404.666961,Fixation,23.271080017089844,390.375,397.79779052734375
1779803404.691961,Saccade,27.07636833190918,25.0,1112.059814453125
1779803404.972206,Fixation,8.964269638061523,280.25,434.8272705078125
1779803405.007339,Saccade,5.283391952514648,35.125,948.5199584960938
1779803405.127339,Fixation,1.584911584854126,120.004,437.4339904785156
1779803405.17211,Saccade,4.983712196350098,45.121,1226.4910888671875
1779803405.297232,Fixation,6.025753498077393,125.127,455.1429443359375
1779803405.317232,Saccade,14.014745712280273,19.998,1044.0968017578125
1779803405.71261,Fixation,13.477898597717285,395.375,383.4734802246094
1779803405.73261,Saccade,11.225218772888184,20.007,853.9730834960938
1779803405.847732,Fixation,7.726258754730225,115.118,350.2115783691406
1779803405.927732,Saccade,11.463172912597656,80.004,1043.1470947265625
1779803406.618366,Fixation,28.742265701293945,690.625,398.2753601074219
1779803406.638499,Saccade,22.150894165039062,20.132,1043.2391357421875
1779803407.258977,Fixation,10.163257598876953,620.488,404.4368896484375
1779803407.278977,Saccade,19.396093368530273,20.0,937.1356811523438
1779803407.449232,Fixation,2.7555038928985596,170.25,374.6570129394531
1779803407.494232,Saccade,5.143117427825928,45.0,1402.888916015625
1779803407.604355,Fixation,11.570466995239258,110.125,450.01458740234375
1779803407.639355,Saccade,13.730947494506836,35.0,1040.4058837890625
1779803407.739488,Fixation,10.741866111755371,100.126,394.915283203125
1779803407.804477,Saccade,15.15615463256836,64.999,1646.739501953125
1779803408.014732,Fixation,13.833904266357422,210.25,432.42706298828125
1779803408.034744,Saccade,12.973044395446777,20.01,981.8619384765625
1779803408.865822,Fixation,20.6202335357666,830.739,405.7864685058594
1779803408.885833,Saccade,13.762924194335938,20.006,981.7377319335938
1779803409.396322,Fixation,7.244881629943848,510.494,399.58740234375
1779803409.416322,Saccade,20.944866180419922,20.0,1049.380859375
1779803409.531455,Fixation,16.620683670043945,115.125,329.8632507324219
1779803409.626578,Saccade,1.3004186153411865,95.125,1310.58203125
1779803409.996822,Fixation,8.17949390411377,370.25,414.05853271484375
1779803410.011955,Saccade,12.862772941589355,15.125,862.0663452148438
1779803410.8977,Fixation,11.026959419250488,885.749,398.2337341308594
1779803410.9177,Saccade,20.869449615478516,20.0,1091.84033203125
1779803411.367444,Fixation,11.645398139953613,450.514,419.3103332519531
1779803411.457432,Saccade,19.03658676147461,89.986,1021.8204956054688
1779803411.587555,Fixation,10.8272066116333,130.125,444.9630432128906
1779803411.602555,Saccade,13.121899604797363,15.0,986.0517578125
1779803411.972932,Fixation,12.8824462890625,370.375,410.3343505859375
1779803411.997932,Saccade,32.46520233154297,25.0,1345.3995361328125
1779803412.30331,Fixation,13.231104850769043,305.38,388.4730529785156
1779803412.32331,Saccade,20.36860466003418,19.995,966.3632202148438
1779803412.643555,Fixation,20.69672966003418,320.25,402.3192443847656
1779803412.668555,Saccade,26.220346450805664,24.999,1070.1192626953125
1779803412.92881,Fixation,17.215925216674805,260.25,423.5087585449219
1779803412.94381,Saccade,11.921239852905273,15.001,1006.0843505859375
1779803413.098932,Fixation,13.055910110473633,155.126,410.6363525390625
1779803413.118943,Saccade,19.98064613342285,20.011,1034.891357421875
1779803414.19577,Fixation,7.254937171936035,1075.987,410.85516357421875
1779803414.215892,Saccade,20.076597213745117,20.125,1038.4964599609375
1779803414.576148,Fixation,10.726176261901855,360.25,425.6908264160156
1779803414.63127,Saccade,13.900228500366211,55.127,1339.4912109375
1779803414.71627,Fixation,18.077659606933594,84.998,342.22161865234375
1779803414.741392,Saccade,15.0760498046875,25.125,963.1774291992188
1779803414.826392,Fixation,19.376766204833984,85.0,509.5522155761719
1779803414.856392,Saccade,24.1038875579834,29.999,1136.0703125
1779803415.427014,Fixation,9.527619361877441,570.625,402.50616455078125
1779803415.447014,Saccade,4.442637920379639,20.0,1087.415771484375
1779803416.693147,Fixation,15.477120399475098,1246.125,362.85809326171875
1779803416.713147,Saccade,27.477201461791992,20.0,1266.3092041015625
1779803416.81327,Fixation,15.648515701293945,100.125,495.8831787109375
1779803416.84327,Saccade,14.110345840454102,30.0,1102.738037109375
1779803416.963392,Fixation,12.189738273620605,120.125,450.0288391113281
1779803416.988392,Saccade,7.333615779876709,24.999,1237.3031005859375
1779803417.133514,Fixation,20.51751708984375,145.125,342.6156921386719
1779803417.148054,Saccade,17.599285125732422,15.0,1001.0667724609375
1779803417.228176,Fixation,5.845852375030518,80.125,466.7861633300781
1779803417.243188,Saccade,16.690696716308594,15.002,1167.8807373046875
1779803417.34331,Fixation,9.826519966125488,100.13,575.3818969726562
1779803417.42831,Saccade,12.886984825134277,84.995,1714.2861328125
1779803417.543432,Fixation,40.39863967895508,115.123,803.9815063476562
1779803417.643554,Saccade,15.502105712890625,100.125,2047.17919921875
1779803417.87381,Fixation,30.9467716217041,230.25,954.7549438476562
1779803418.018932,Saccade,48.02248764038086,145.125,3339.446533203125
1779803418.139054,Fixation,24.952863693237305,120.125,1648.092041015625
1779803418.289176,Saccade,2.8199615478515625,150.125,2777.957275390625
1779803418.554432,Fixation,91.8705062866211,265.25,1975.67822265625
1779803418.859676,Saccade,45.238502502441406,305.25,3079.705078125
1779803419.079932,Fixation,49.81198501586914,220.25,916.1705932617188
1779803419.159932,Saccade,88.01224517822266,80.0,2386.304931640625
1779803419.270054,Fixation,144.947265625,110.125,1138.4033203125
1779803419.335054,Saccade,166.70448303222656,64.999,3824.67333984375
1779803419.415199,Fixation,62.882659912109375,80.138,1077.2706298828125
1779803419.52531,Saccade,272.1631774902344,110.117,3218.1904296875
1779803419.615432,Fixation,32.51325225830078,90.12,868.7015991210938
1779803419.650432,Saccade,92.13158416748047,35.0,2598.795654296875
1779803420.11581,Fixation,100.20873260498047,465.375,540.983154296875
1779803420.14081,Saccade,25.81338119506836,25.0,1300.2176513671875
1779803420.561513,Fixation,396.6413269042969,420.51,624.7747802734375
1779803420.576502,Saccade,25.67711639404297,14.99,1810.8797607421875
1779803421.457247,Fixation,346.1906433105469,880.749,514.4566650390625
1779803421.632369,Saccade,58.1412239074707,175.125,1432.1605224609375
1779803422.208002,Fixation,164.90487670898438,575.625,579.1826782226562
1779803422.223002,Saccade,56.85031509399414,15.0,2204.786865234375
1779803423.558833,Fixation,962.6671752929688,1336.25,562.49755859375
1779803423.718956,Saccade,677.1539916992188,160.124,4567.4560546875
1779803423.859078,Fixation,108.55154418945312,140.125,475.6131286621094
1779803424.004211,Saccade,474.6120300292969,145.125,5173.93017578125
1779803424.194333,Fixation,390.4169921875,190.126,665.091552734375
1779803424.354589,Saccade,254.285400390625,160.253,5462.15576171875
1779803424.654833,Fixation,140.87399291992188,300.246,420.8162841796875
1779803425.000078,Saccade,625.5415649414062,345.25,5255.82080078125
1779803425.905955,Fixation,1036.035888671875,905.875,579.826904296875
1779803425.920955,Saccade,28.557533264160156,15.001,1348.1785888671875
1779803426.191211,Fixation,47.612060546875,270.248,530.3955688476562
1779803426.206211,Saccade,17.70359992980957,15.0,1115.83837890625
1779803426.341695,Fixation,45.04690170288086,135.125,505.48651123046875
1779803426.361695,Saccade,19.866641998291016,20.0,1046.377685546875
1779803426.852195,Fixation,60.75688552856445,490.5,468.6385192871094
1779803427.152451,Saccade,382.9101867675781,300.262,5410.49267578125
1779803427.397695,Fixation,376.6700439453125,245.238,748.9336547851562
1779803427.417695,Saccade,26.30513572692871,20.0,1900.36865234375
1779803428.003317,Fixation,192.49110412597656,585.624,442.71588134765625
1779803428.033328,Saccade,48.18989944458008,30.007,1712.269775390625
1779803428.133439,Fixation,44.34843826293945,100.118,400.9067077636719
1779803428.423695,Saccade,773.5166625976562,290.256,6871.75341796875
1779803429.049195,Fixation,516.23291015625,625.494,519.5811157226562
1779803429.089328,Saccade,117.91555786132812,40.138,2776.434326171875
1779803429.40959,Fixation,74.80357360839844,320.237,269.25177001953125
1779803429.579713,Saccade,145.03709411621094,170.125,2363.708984375
1779803429.799957,Fixation,143.00498962402344,220.25,460.0151062011719
1779803429.824957,Saccade,24.756330490112305,25.0,1420.23779296875
1779803429.960091,Fixation,25.734622955322266,135.125,219.12249755859375
1779803429.99509,Saccade,42.521881103515625,35.0,1305.669921875
1779803430.450579,Fixation,91.11565399169922,455.499,251.40589904785156
1779803430.46558,Saccade,15.558516502380371,15.0,1046.2286376953125
1779803430.730835,Fixation,36.937740325927734,265.255,296.1565246582031
1779803430.750835,Saccade,22.438493728637695,19.995,1108.8818359375
1779803431.661713,Fixation,203.07252502441406,910.875,342.0122375488281
1779803431.726713,Saccade,193.68931579589844,65.0,3639.841064453125
1779803433.718194,Fixation,45.900611877441406,1991.874,213.26980590820312
1779803433.773216,Saccade,230.49717712402344,55.016,4200.78076171875
1779803434.413827,Fixation,27.32818603515625,640.609,281.3841247558594
1779803434.428827,Saccade,15.0479097366333,15.0,999.6851196289062
1779803434.61395,Fixation,6.542281627655029,185.125,297.6363525390625
1779803434.674072,Saccade,152.91934204101562,60.125,2634.65234375
1779803435.594783,Fixation,38.423702239990234,920.874,294.4715576171875
1779803435.639783,Saccade,119.63630676269531,45.007,2233.908203125
1779803436.110283,Fixation,42.281776428222656,470.493,332.3991394042969
1779803436.150283,Saccade,100.1180191040039,40.0,3238.01025390625
1779803436.575661,Fixation,169.97964477539062,425.375,367.3389587402344
1779803436.615661,Saccade,105.3238525390625,40.0,2700.67333984375
1779803436.905905,Fixation,29.72193717956543,290.25,312.6912536621094
1779803436.966028,Saccade,245.14822387695312,60.124,4163.38720703125
1779803437.276283,Fixation,184.715576171875,310.25,552.052978515625
1779803437.451406,Saccade,168.4087371826172,175.125,3392.50390625
1779803437.556528,Fixation,41.63447570800781,105.125,412.08502197265625
1779803437.681661,Saccade,190.52467346191406,125.132,2655.041748046875
1779803437.916905,Fixation,21.770938873291016,235.243,304.7881164550781
1779803437.941905,Saccade,24.755996704101562,25.0,1057.31640625
1779803438.672558,Fixation,29.303625106811523,730.625,234.7200164794922
1779803438.702692,Saccade,37.17805480957031,30.137,1244.1131591796875
1779803438.957936,Fixation,5.10249662399292,255.238,241.59762573242188
1779803438.992936,Saccade,64.10175323486328,35.0,1901.86181640625
1779803439.30318,Fixation,6.461644649505615,310.25,274.6712341308594
1779803439.378314,Saccade,221.43772888183594,75.13,3144.625
1779803439.483325,Fixation,12.466249465942383,105.011,409.31927490234375
1779803439.573436,Saccade,54.16289138793945,90.109,1085.1297607421875
1779803441.620795,Fixation,531.5543823242188,2046.873,336.5777587890625
1779803441.755928,Saccade,571.984130859375,135.125,4898.87255859375
1779803441.996172,Fixation,119.47294616699219,240.25,481.7271728515625
1779803442.031172,Saccade,114.02081298828125,35.0,3166.730712890625
1779803442.186295,Fixation,54.83555603027344,155.125,461.5489501953125
1779803442.206428,Saccade,28.727741241455078,20.125,1305.21240234375
1779803442.89705,Fixation,21.25467300415039,690.625,216.85098266601562
1779803442.92205,Saccade,28.68014907836914,25.005,1138.989013671875
1779803443.752795,Fixation,19.589128494262695,830.745,212.47555541992188
1779803444.05305,Saccade,14.522546768188477,300.249,1634.2669677734375
1779803444.228295,Fixation,13.091080665588379,175.25,286.97430419921875
1779803444.278295,Saccade,182.6182098388672,50.001,3712.8349609375
1779803444.623862,Fixation,29.571941375732422,345.249,345.5752258300781
1779803444.673995,Saccade,181.26055908203125,50.137,3620.447265625
1779803446.430607,Fixation,107.07553100585938,1756.613,279.239013671875
1779803446.495607,Saccade,173.56158447265625,65.0,2797.801025390625
1779803446.745862,Fixation,54.099342346191406,250.25,310.6964416503906
1779803446.930984,Saccade,263.7099914550781,185.128,2499.201416015625
1779803447.006118,Fixation,37.575111389160156,75.126,589.210693359375
1779803447.041107,Saccade,60.77717590332031,34.995,1638.0169677734375
1779803449.012731,Fixation,270.420166015625,1971.875,309.5211486816406
1779803449.02773,Saccade,13.986794471740723,14.999,925.0645141601562
1779803449.112853,Fixation,25.17500114440918,85.125,414.1932373046875
1779803449.222853,Saccade,38.19853591918945,110.0,973.9764404296875
1779803449.373108,Fixation,49.499671936035156,150.25,467.6507263183594
1779803449.488108,Saccade,547.8971557617188,115.0,5058.4375
1779803449.63323,Fixation,20.4193115234375,145.125,381.42742919921875
1779803449.658353,Saccade,40.46416091918945,25.125,1486.6011962890625
1779803449.773475,Fixation,39.549171447753906,115.125,259.9381408691406
1779803449.823475,Saccade,188.13351440429688,50.0,4128.02978515625
1779803451.019852,Fixation,95.0556640625,1196.125,226.50299072265625
1779803451.189974,Saccade,95.90384674072266,170.125,1636.373779296875
1779803451.655352,Fixation,107.9469223022461,465.374,469.728515625
1779803451.760474,Saccade,357.101318359375,105.125,4254.3564453125
1779803455.683378,Fixation,234.705078125,3923.624,277.61138916015625
1779803455.698378,Saccade,13.262222290039062,15.0,922.6700439453125
1779803455.963633,Fixation,29.575641632080078,265.25,292.93963623046875
1779803456.063766,Saccade,339.1355895996094,100.134,3658.451904296875
1779803456.399,Fixation,400.59039306640625,335.24,471.3445129394531
1779803456.444122,Saccade,159.7998504638672,45.125,4249.30078125
1779803457.30974,Fixation,71.68909454345703,865.75,239.1819610595703
1779803457.359862,Saccade,179.6601104736328,50.125,3404.03369140625
1779803457.740117,Fixation,71.59667205810547,380.25,307.3880920410156
1779803457.785239,Saccade,188.6050262451172,45.125,4048.678466796875
1779803458.36574,Fixation,117.44942474365234,580.5,286.47882080078125
1779803458.390739,Saccade,31.107351303100586,25.006,1112.6201171875
1779803458.660995,Fixation,6.887588977813721,270.252,289.4367980957031
1779803458.701117,Saccade,119.15266418457031,40.117,3023.88671875
1779803458.926239,Fixation,9.212175369262695,225.124,272.38385009765625
1779803458.976362,Saccade,121.83650207519531,50.125,2428.8916015625
1779803459.141484,Fixation,19.07109260559082,165.125,316.5431213378906
1779803459.236484,Saccade,373.8423767089844,95.001,3926.55712890625
1779803459.37674,Fixation,95.8971939086914,140.249,497.4894104003906
1779803459.48174,Saccade,96.52291870117188,105.0,1450.86962890625
1779803460.613423,Fixation,32.929935455322266,1131.125,332.8872375488281
1779803460.628423,Saccade,13.566194534301758,15.0,874.542724609375
1779803461.624301,Fixation,15.729698181152344,995.874,392.2799987792969
1779803461.769434,Saccade,351.4136657714844,145.132,3814.17236328125
1779803461.879545,Fixation,38.22526168823242,110.118,429.50555419921875
1779803461.914546,Saccade,67.6764144897461,35.0,2312.042724609375
1779803463.220837,Fixation,22.130512237548828,1306.25,332.0351867675781
1779803463.37596,Saccade,261.49603271484375,155.125,2151.609130859375
1779803463.451093,Fixation,7.711832523345947,75.131,392.5700378417969
1779803463.84646,Saccade,59.836090087890625,395.369,5037.625
1779803466.108451,Fixation,20.786916732788086,2261.999,336.75299072265625
1779803466.198573,Saccade,249.59254455566406,90.125,3313.302734375
1779803466.278696,Fixation,5.909212112426758,80.125,447.1076354980469
1779803466.318696,Saccade,98.5899887084961,39.999,2254.276611328125
1779803466.433829,Fixation,6.97450065612793,115.127,285.70172119140625
1779803466.453829,Saccade,22.411758422851562,19.999,1132.0997314453125
1779803469.601164,Fixation,33.1910285949707,3147.873,308.6788635253906
1779803469.656297,Saccade,209.682373046875,55.129,3850.406982421875
1779803469.756286,Fixation,14.765586853027344,99.996,373.14129638671875
1779803469.776286,Saccade,25.22109603881836,20.0,1249.1214599609375
1779803470.572042,Fixation,11.980949401855469,795.75,340.19085693359375
1779803470.592041,Saccade,19.015090942382812,20.0,911.5392456054688
1779803470.672164,Fixation,8.807872772216797,80.125,441.5372619628906
1779803470.692164,Saccade,21.52001190185547,20.0,1054.1318359375
1779803471.377786,Fixation,19.57865333557129,685.625,345.9447326660156
1779803471.397786,Saccade,17.862932205200195,19.999,921.7022094726562
1779803471.838278,Fixation,16.6866455078125,440.5,375.08148193359375
1779803472.013411,Saccade,220.0107421875,175.125,2451.60693359375
1779803474.615778,Fixation,34.03129577636719,2602.374,335.9539794921875
1779803474.696452,Saccade,211.9830780029297,80.125,2918.78125
1779803474.816585,Fixation,23.464324951171875,120.142,324.4481506347656
1779803474.841574,Saccade,34.21920394897461,24.983,1266.5509033203125
1779803475.086818,Fixation,10.689708709716797,245.25,291.6468200683594
1779803475.106818,Saccade,24.23662567138672,20.0,1067.3231201171875
1779803475.19683,Fixation,34.44648361206055,90.009,482.5267333984375
1779803475.211952,Saccade,12.932336807250977,15.116,912.2391967773438
1779803476.683207,Fixation,31.19435691833496,1471.265,320.3238830566406
1779803476.728318,Saccade,157.60003662109375,45.109,2785.527099609375
1779803477.253819,Fixation,20.142333984375,525.5,377.40338134765625
1779803477.268818,Saccade,14.607678413391113,15.001,982.7749633789062
1779803479.525561,Fixation,70.93650817871094,2256.998,337.1521911621094
1779803479.580683,Saccade,166.33538818359375,55.125,2741.81787109375
1779803479.700817,Fixation,6.321125030517578,120.125,316.8200988769531
1779803479.720817,Saccade,17.41383934020996,20.0,875.5780639648438
1779803480.056061,Fixation,11.789830207824707,335.25,347.96844482421875
1779803480.076183,Saccade,16.761930465698242,20.125,897.0406494140625
1779803480.846867,Fixation,13.123329162597656,770.624,347.64862060546875
1779803480.941989,Saccade,272.7799377441406,95.125,4098.78125
1779803481.027,Fixation,14.106375694274902,85.009,505.4977722167969
1779803481.122111,Saccade,26.777820587158203,95.116,931.3857421875
1779803481.937867,Fixation,7.880118370056152,815.75,350.4002380371094
1779803481.947867,Saccade,13.29511833190918,10.002,901.2680053710938
1779803482.763611,Fixation,27.21124839782715,815.747,351.7591552734375
1779803482.893733,Saccade,250.98983764648438,130.125,2639.54541015625
1779803485.030808,Fixation,26.337142944335938,2137.0,319.0968322753906
1779803485.12593,Saccade,228.73440551757812,95.124,2972.696044921875
1779803485.841563,Fixation,27.287744522094727,715.625,330.0131530761719
1779803485.856563,Saccade,12.326475143432617,15.0,968.0735473632812
1779803488.15902,Fixation,51.9425048828125,2302.132,362.2685241699219
1779803488.234142,Saccade,210.09251403808594,75.117,2570.974365234375
1779803489.72552,Fixation,30.29291534423828,1491.374,311.62164306640625
1779803489.775492,Saccade,102.43965911865234,50.001,2180.224609375
1779803490.200859,Fixation,11.98660659790039,425.374,393.7186279296875
1779803490.21587,Saccade,15.273423194885254,15.006,1028.513427734375
1779803490.471114,Fixation,18.290342330932617,255.244,428.3311462402344
1779803490.641358,Saccade,274.801025390625,170.25,2336.30859375
1779803492.948068,Fixation,40.90216827392578,2307.124,326.465576171875
1779803493.18319,Saccade,263.28729248046875,235.125,3293.339111328125
1779803493.423446,Fixation,12.199745178222656,240.252,365.0614929199219
1779803493.443434,Saccade,18.927940368652344,19.998,998.97998046875
1779803494.939812,Fixation,34.189002990722656,1496.374,335.1091003417969
1779803495.33019,Saccade,333.39605712890625,390.375,3601.1240234375
1779803495.515435,Fixation,159.90826416015625,185.25,569.529052734375
1779803495.540435,Saccade,42.569252014160156,25.0,1334.5343017578125
1779803495.96045,Fixation,23.40268898010254,420.375,290.38623046875
1779803496.080572,Saccade,140.9785919189453,120.125,2054.3486328125
1779803496.696072,Fixation,99.24998474121094,615.499,346.4861145019531
1779803496.746195,Saccade,179.74497985839844,50.125,3027.1123046875
1779803497.471828,Fixation,64.35409545898438,725.625,291.1556701660156
1779803497.54695,Saccade,181.80870056152344,75.125,3245.27294921875
1779803497.847195,Fixation,21.921165466308594,300.25,387.99395751953125
1779803497.967328,Saccade,51.13504409790039,120.125,1883.309326171875
1779803498.17745,Fixation,53.295597076416016,210.125,338.6505126953125
1779803498.227584,Saccade,182.67945861816406,50.129,3251.879150390625
1779803498.964035,Fixation,71.59370422363281,735.62,320.3941955566406
1779803498.984035,Saccade,28.83003044128418,20.0,1332.54150390625
1779803499.359413,Fixation,43.6026611328125,375.375,282.853759765625
1779803499.379413,Saccade,20.396501541137695,20.002,1037.484130859375
1779803501.686535,Fixation,43.17469024658203,2307.122,276.464599609375
1779803501.76668,Saccade,430.25177001953125,80.137,4908.89111328125
1779803501.876791,Fixation,2.96091890335083,110.113,439.5858459472656
1779803501.906791,Saccade,37.25794219970703,30.005,1192.2255859375
1779803502.691778,Fixation,10.263379096984863,785.75,428.114501953125
1779803502.711767,Saccade,16.347679138183594,19.996,874.4978637695312
1779803503.132144,Fixation,15.770193099975586,420.374,390.55511474609375
1779803503.227278,Saccade,426.5700988769531,95.133,4359.04638671875
1779803503.922889,Fixation,11.084514617919922,695.616,308.7542724609375
1779803504.053022,Saccade,10.133755683898926,130.125,1399.0152587890625
1779803504.963889,Fixation,31.356948852539062,910.875,290.24456787109375
1779803505.049056,Saccade,345.5101013183594,85.0,4196.55712890625
1779803505.204189,Fixation,28.86159324645996,155.125,408.4328308105469
1779803505.229189,Saccade,31.830528259277344,25.0,1331.44921875
1779803506.515445,Fixation,18.91607666015625,1286.256,308.1340026855469
1779803506.680556,Saccade,413.6669921875,165.118,3242.717041015625
1779803506.805689,Fixation,6.182767391204834,125.125,260.5641174316406
1779803506.820689,Saccade,16.52461051940918,15.0,1120.92919921875
1779803508.322312,Fixation,32.83942413330078,1501.387,293.03076171875
1779803508.352423,Saccade,75.72496795654297,30.112,2150.865234375
1779803508.807801,Fixation,24.164283752441406,455.375,334.58294677734375
1779803508.842801,Saccade,78.31382751464844,35.0,2073.8662109375
1779803510.479301,Fixation,537.709228515625,1636.5,504.45806884765625
1779803510.534423,Saccade,82.60816955566406,55.125,2419.6005859375
1779803512.100478,Fixation,129.12118530273438,1566.382,664.3517456054688
1779803512.115467,Saccade,37.41847229003906,14.992,1997.23583984375
1779803512.961345,Fixation,844.9952392578125,845.875,627.3117065429688
1779803512.976345,Saccade,30.316736221313477,15.0,1419.83251953125
1779803513.26159,Fixation,215.9480438232422,285.25,511.2403564453125
1779803513.28159,Saccade,19.051937103271484,19.999,1117.37109375
1779803514.502728,Fixation,34.602073669433594,1221.129,480.66693115234375
1779803514.552728,Saccade,13.972146034240723,50.0,1034.6968994140625
1779803514.968105,Fixation,7.632206916809082,415.377,460.113525390625
1779803515.018228,Saccade,16.011112213134766,50.119,961.2603759765625
1779803515.12335,Fixation,9.787067413330078,105.125,433.58502197265625
1779803515.17835,Saccade,10.378451347351074,55.005,1394.818115234375
1779803515.288472,Fixation,6.648900032043457,110.12,462.41424560546875
1779803515.338472,Saccade,94.11679077148438,50.0,1693.906982421875
1779803515.66385,Fixation,17.21588706970215,325.374,390.2708740234375
1779803515.863972,Saccade,162.44154357910156,200.125,5282.82275390625
1779803516.469594,Fixation,551.366943359375,605.625,558.0098266601562
1779803516.514606,Saccade,202.30052185058594,45.005,3790.9169921875
1779803516.78485,Fixation,131.20013427734375,270.245,466.0818176269531
1779803516.81485,Saccade,41.43857955932617,30.002,1243.331787109375
1779803516.979972,Fixation,32.0554084777832,165.123,468.5589904785156
1779803517.000105,Saccade,20.25303077697754,20.131,979.3192138671875
1779803517.105094,Fixation,23.204998016357422,104.994,330.87176513671875
1779803517.255735,Saccade,188.3694610595703,150.125,2431.5205078125
1779803517.816369,Fixation,24.823732376098633,560.633,343.1520690917969
1779803517.871369,Saccade,130.10728454589844,54.992,2670.18896484375
1779803518.066491,Fixation,21.69795036315918,195.125,271.6454162597656
1779803518.111613,Saccade,146.93441772460938,45.124,3339.104736328125
1779803518.837235,Fixation,22.48929786682129,725.625,289.09698486328125
1779803518.892235,Saccade,165.81304931640625,55.0,2774.75830078125
1779803519.417735,Fixation,16.207788467407227,525.5,344.4314880371094
1779803519.457869,Saccade,30.39957046508789,40.125,990.7418823242188
1779803519.963258,Fixation,25.014177322387695,505.388,357.68194580078125
1779803519.988369,Saccade,42.105491638183594,25.112,1313.0592041015625
1779803520.338454,Fixation,32.069419860839844,350.249,333.0982666015625
1779803520.353465,Saccade,14.323734283447266,15.008,1000.9371948242188
1779803521.974954,Fixation,76.33384704589844,1621.492,291.09942626953125
1779803522.065077,Saccade,184.6922149658203,90.125,2725.2001953125
1779803523.40168,Fixation,43.739444732666016,1336.249,317.0571594238281
1779803523.46668,Saccade,205.8682403564453,65.0,3377.370361328125
1779803525.398547,Fixation,27.160951614379883,1931.874,301.1064453125
1779803525.428569,Saccade,21.575117111206055,30.014,882.82470703125
1779803525.58868,Fixation,9.468995094299316,160.111,249.81304931640625
1779803525.64368,Saccade,144.3144989013672,55.0,2725.966796875
1779803525.773802,Fixation,10.485686302185059,130.125,404.283935546875
1779803525.798935,Saccade,41.5218391418457,25.14,1570.4219970703125
1779803527.575457,Fixation,24.862918853759766,1776.61,315.07305908203125
1779803527.595457,Saccade,17.58877944946289,20.0,896.1307983398438
1779803527.765579,Fixation,15.510863304138184,170.124,328.3660583496094
1779803527.80559,Saccade,157.8663787841797,40.005,3156.465576171875
1779803527.965835,Fixation,10.102438926696777,160.245,481.5888977050781
1779803527.985846,Saccade,22.670330047607422,20.007,1136.674560546875
1779803529.171835,Fixation,29.281604766845703,1185.993,290.3658752441406
1779803529.236594,Saccade,170.6982421875,65.125,2588.17529296875
1779803531.413594,Fixation,35.608951568603516,2176.999,348.7245178222656
1779803531.458594,Saccade,173.24258422851562,45.0,3561.849853515625
1779803531.538716,Fixation,15.081286430358887,80.125,390.56396484375
1779803531.563716,Saccade,34.77861404418945,25.0,1359.0382080078125
1779803534.696242,Fixation,31.88505744934082,3132.874,303.31201171875
1779803534.766364,Saccade,249.28697204589844,70.124,3647.615234375
1779803534.901498,Fixation,18.333492279052734,135.126,362.58343505859375
1779803534.921498,Saccade,23.961828231811523,20.0,1162.33935546875
1779803535.642809,Fixation,18.791419982910156,720.624,372.6469421386719
1779803535.717931,Saccade,4.891587734222412,75.125,4304.27197265625
1779803536.543687,Fixation,1.7788681983947754,825.758,350.4598693847656
1779803536.693809,Saccade,269.8539123535156,150.117,2300.33837890625
1779803538.810106,Fixation,17.712295532226562,2116.999,345.73443603515625
1779803538.885106,Saccade,255.65139770507812,75.0,3236.333251953125
1779803539.010239,Fixation,0.2885936200618744,125.135,316.6524353027344
1779803539.040228,Saccade,46.62456130981445,29.99,1407.77685546875
1779803540.481606,Fixation,13.732808113098145,1441.374,371.9385681152344
1779803540.551739,Saccade,299.1322021484375,70.138,3959.171875
1779803541.122228,Fixation,5.699455738067627,570.487,332.00408935546875
1779803541.147228,Saccade,29.503400802612305,25.0,1165.2772216796875
1779803541.28235,Fixation,8.25682258605957,135.125,332.38922119140625
1779803541.347548,Saccade,201.1842041015625,65.001,3259.210693359375
1779803541.697926,Fixation,21.653396606445312,350.374,303.8758544921875
1779803541.722925,Saccade,26.565515518188477,25.0,1069.081787109375
1779803542.228426,Fixation,14.567148208618164,505.499,288.6752014160156
1779803542.708925,Saccade,189.24981689453125,480.5,3244.4208984375
1779803543.10417,Fixation,19.03689956665039,395.25,312.30157470703125
1779803543.134292,Saccade,38.81318283081055,30.125,1316.050537109375
1779803543.714792,Fixation,16.54222297668457,580.5,299.3995056152344
1779803543.779792,Saccade,303.4229431152344,65.0,4233.69287109375
1779803544.575625,Fixation,17.12510871887207,795.749,311.7658996582031
1779803544.660748,Saccade,334.6180114746094,85.125,3932.873046875
1779803544.85087,Fixation,11.609965324401855,190.125,334.3442077636719
1779803544.886003,Saccade,57.315189361572266,35.125,1406.91357421875
1779803545.30637,Fixation,8.152735710144043,420.375,394.2846374511719
1779803545.406503,Saccade,372.4294128417969,100.125,3926.330322265625
1779803545.536503,Fixation,15.102486610412598,130.0,383.9927062988281
1779803545.556625,Saccade,23.157024383544922,20.125,1201.4091796875
1779803545.84187,Fixation,4.484973430633545,285.25,351.76739501953125
1779803546.47737,Saccade,117.20211791992188,635.499,3150.51904296875
1779803546.607503,Fixation,19.51457405090332,130.128,233.56845092773438
1779803546.642625,Saccade,101.2676773071289,35.122,2828.1083984375
1779803546.897881,Fixation,4.485770225524902,255.255,290.99652099609375
1779803546.94287,Saccade,162.49679565429688,44.995,3699.992919921875
1779803547.388247,Fixation,439.5503845214844,445.375,688.1467895507812
1779803547.583992,Saccade,772.5969848632812,195.261,5942.9638671875
1779803547.709103,Fixation,285.6752014160156,125.119,1279.062255859375
1779803547.734102,Saccade,89.92195892333984,24.995,4747.84716796875
1779803547.864225,Fixation,167.1900634765625,130.125,781.528564453125
1779803548.064347,Saccade,239.92471313476562,200.125,4418.7158203125
1779803548.18448,Fixation,96.06031799316406,120.125,593.9854125976562
1779803548.324603,Saccade,129.73477172851562,140.125,2568.301025390625
1779803548.454725,Fixation,63.131019592285156,130.124,631.5564575195312
1779803548.499725,Saccade,189.78604125976562,45.001,4960.4638671875
1779803548.574847,Fixation,35.1668586730957,75.124,705.6905517578125
1779803548.644847,Saccade,236.89163208007812,70.001,3924.636962890625
1779803548.749969,Fixation,78.94812774658203,105.124,756.759033203125
1779803548.790102,Saccade,191.180908203125,40.128,4447.27978515625
1779803548.940225,Fixation,41.81107711791992,150.122,682.1187744140625
1779803549.020225,Saccade,380.16656494140625,80.004,5223.2685546875
1779803549.145347,Fixation,13.790528297424316,125.121,562.1273803710938
1779803549.175347,Saccade,49.81156539916992,30.0,1535.742431640625
1779803549.510725,Fixation,78.54229736328125,335.375,567.2706909179688
1779803549.555725,Saccade,104.05106353759766,45.004,2552.095458984375
1779803549.680847,Fixation,23.585865020751953,125.121,743.4334106445312
1779803549.715847,Saccade,115.26095581054688,35.0,2741.104736328125
1779803550.161347,Fixation,96.21080780029297,445.5,617.5691528320312
1779803550.256347,Saccade,399.4149169921875,95.0,4321.57763671875
1779803550.540929,Fixation,132.03271484375,285.25,463.79229736328125
1779803550.571051,Saccade,77.67918395996094,30.125,2387.095458984375
1779803550.926295,Fixation,228.440185546875,355.25,581.1658325195312
1779803551.211551,Saccade,388.00347900390625,285.249,2989.10009765625
1779803551.832184,Fixation,43.404029846191406,620.632,325.4371337890625
1779803551.907195,Saccade,362.5881652832031,75.009,4795.0615234375
1779803552.017295,Fixation,56.582366943359375,110.109,480.380126953125
1779803552.04744,Saccade,79.02625274658203,30.136,2096.02880859375
1779803552.247551,Fixation,42.7239990234375,200.114,404.0303039550781
1779803552.272551,Saccade,24.044132232666016,25.0,1104.2725830078125
1779803552.973184,Fixation,40.7844123840332,700.636,296.1697082519531
1779803552.998295,Saccade,34.546531677246094,25.114,1341.3316650390625
1779803553.563845,Fixation,27.66407012939453,565.499,285.09783935546875
1779803553.718979,Saccade,904.2996215820312,155.125,5219.95263671875
1779803553.899101,Fixation,43.804443359375,180.125,435.1494445800781
1779803553.924101,Saccade,31.018558502197266,25.0,1289.5986328125
1779803554.799978,Fixation,9.359736442565918,875.875,389.54962158203125
1779803555.500601,Saccade,511.9407958984375,700.624,3670.094482421875
1779803555.615723,Fixation,28.592365264892578,115.125,527.563720703125
1779803555.655723,Saccade,54.574180603027344,40.004,1881.9703369140625
1779803555.780845,Fixation,8.077496528625488,125.121,531.9657592773438
1779803556.236345,Saccade,34.37347412109375,455.5,1778.8614501953125
1779803556.311345,Fixation,20.195711135864258,75.0,540.59765625
1779803557.107135,Saccade,49.56939697265625,795.75,1545.6380615234375
1779803557.187257,Fixation,11.610878944396973,80.125,593.1781005859375
1779803558.343257,Saccade,24.692617416381836,1155.999,1601.6925048828125
1779803558.42339,Fixation,11.640893936157227,80.133,551.851806640625
1779803558.533502,Saccade,41.25020217895508,110.117,1451.08935546875
1779803558.623502,Fixation,23.822059631347656,90.0,743.9678344726562
1779803558.953879,Saccade,108.25193786621094,330.375,2930.2353515625
1779803559.074002,Fixation,30.74336051940918,120.125,934.225341796875
1779803559.199002,Saccade,44.664649963378906,125.0,1759.5372314453125
1779803560.069807,Fixation,21.12204360961914,870.874,520.0015258789062
1779803560.084807,Saccade,20.108171463012695,15.005,1278.5054931640625
1779803560.445185,Fixation,8.853998184204102,360.37,404.910888671875
1779803560.495185,Saccade,6.814700126647949,50.0,1402.6214599609375
1779803560.73043,Fixation,15.356507301330566,235.25,357.420166015625
1779803560.840552,Saccade,18.231517791748047,110.125,1034.9813232421875
1779803562.43193,Fixation,43.37667465209961,1591.375,410.8108825683594
1779803562.462052,Saccade,23.351612091064453,30.124,1446.5494384765625
1779803562.632219,Fixation,11.587390899658203,170.125,602.478759765625
1779803562.677219,Saccade,9.499333381652832,45.005,1427.3389892578125
1779803563.467963,Fixation,25.887548446655273,790.745,418.41925048828125
1779803563.487963,Saccade,13.651511192321777,20.0,1801.3782958984375
1779803563.583086,Fixation,26.214096069335938,95.125,1185.4464111328125
1779803563.728219,Saccade,87.359375,145.125,3594.013916015625
1779803563.923341,Fixation,43.44646453857422,195.125,1248.948974609375
1779803564.003464,Saccade,40.073692321777344,80.125,2723.7822265625
1779803564.288719,Fixation,40.4952392578125,285.25,1057.564453125
1779803564.308719,Saccade,34.29928970336914,20.0,2286.99560546875
1779803564.709086,Fixation,43.60005569458008,400.374,830.308349609375
1779803564.739086,Saccade,12.518171310424805,30.001,1321.1934814453125
1779803565.119475,Fixation,3.781022071838379,380.385,620.4661254882812
1779803565.149463,Saccade,3.539917230606079,29.989,1545.9102783203125
1779803565.319719,Fixation,4.858765602111816,170.25,601.1217651367188
1779803565.334719,Saccade,3.6657724380493164,15.0,1630.756103515625
1779803569.874477,Fixation,15.215389251708984,4539.123,407.4276428222656
1779803569.92961,Saccade,8.077811241149902,55.138,2712.10693359375
1779803574.438699,Fixation,8.62054443359375,4509.11,371.98980712890625
1779803574.453699,Saccade,13.455920219421387,15.001,1399.801025390625
1779803575.104032,Fixation,4.943521976470947,650.624,733.506591796875
1779803575.119032,Saccade,7.710098743438721,15.0,1684.8465576171875
1779803575.374288,Fixation,6.931337833404541,255.25,1284.0595703125
1779803575.404288,Saccade,8.874490737915039,30.003,2657.700927734375
1779803575.749654,Fixation,7.659888744354248,345.372,1245.4251708984375
1779803575.774654,Saccade,8.437395095825195,25.0,2046.0989990234375
1779803575.964788,Fixation,4.41091251373291,190.125,1472.7420654296875
1779803575.99491,Saccade,4.846121311187744,30.125,2207.40771484375
1779803576.340154,Fixation,11.861851692199707,345.25,849.5511474609375
1779803576.470288,Saccade,3.3792691230773926,130.125,2962.80908203125
1779803576.555421,Fixation,6.97801399230957,85.132,2175.685791015625
1779803576.58041,Saccade,5.65831184387207,24.992,2597.230224609375
1779803576.715532,Fixation,10.487464904785156,135.125,1774.5006103515625
1779803576.760532,Saccade,15.994359016418457,45.0,2155.647216796875
1779803576.845654,Fixation,5.098373889923096,85.125,1517.6453857421875
1779803577.015788,Saccade,27.92119598388672,170.125,2156.267822265625
1779803577.15091,Fixation,15.302874565124512,135.125,594.8487548828125
1779803577.216043,Saccade,28.436471939086914,65.131,1556.495361328125
1779803578.356578,Fixation,14.853073120117188,1140.994,370.0671691894531
1779803578.406579,Saccade,6.4681501388549805,50.0,1202.4619140625
1779803578.932078,Fixation,15.665203094482422,525.499,316.76202392578125
1779803578.957201,Saccade,32.53284454345703,25.125,1221.4263916015625
1779803580.603701,Fixation,26.987207412719727,1646.5,349.21258544921875
1779803580.618701,Saccade,14.929122924804688,15.0,958.454833984375
1779803581.229972,Fixation,2.627736806869507,610.499,379.3003845214844
1779803581.249983,Saccade,20.670804977416992,20.012,1191.7530517578125
1779803582.015738,Fixation,22.796823501586914,765.748,337.974365234375
1779803582.08085,Saccade,16.18788719177246,65.115,1116.947021484375
1779803583.20685,Fixation,13.18166446685791,1126.004,356.6107482910156
1779803583.22685,Saccade,23.36917495727539,19.996,1102.7667236328125
1779803583.346972,Fixation,4.766060829162598,120.124,342.6312255859375
1779803583.361972,Saccade,7.772012233734131,15.001,1162.5107421875
1779803583.457116,Fixation,19.969655990600586,95.137,383.0334167480469
1779803583.477094,Saccade,20.68511962890625,19.988,1052.9083251953125
1779803583.83683,Fixation,9.220491409301758,360.374,343.6557312011719
1779803583.85683,Saccade,16.489986419677734,20.0,946.4028930664062
1779803586.919458,Fixation,14.665131568908691,3062.76,341.7506408691406
1779803586.93958,Saccade,20.87932014465332,20.122,1046.713623046875
1779803588.14058,Fixation,12.661745071411133,1200.992,313.6317443847656
1779803588.210703,Saccade,5.852667808532715,70.125,1185.894775390625
1779803588.951325,Fixation,6.230745315551758,740.624,351.09368896484375
1779803588.966447,Saccade,18.09220314025879,15.125,1019.4255981445312
1779803589.381825,Fixation,10.207261085510254,415.375,365.7881774902344
1779803589.401825,Saccade,21.27589225769043,20.0,1033.08251953125
1779803590.077514,Fixation,7.565117359161377,675.635,354.50128173828125
1779803590.097503,Saccade,18.532926559448242,19.99,979.8316040039062
1779803590.733136,Fixation,15.13265609741211,635.625,377.0914306640625
1779803590.778136,Saccade,8.45993709564209,45.0,1149.758544921875
1779803591.393636,Fixation,16.384349822998047,615.5,356.9357604980469
1779803591.408758,Saccade,13.065840721130371,15.124,858.045654296875
1779803591.974258,Fixation,11.382607460021973,565.5,352.0738525390625
1779803591.994258,Saccade,27.51773452758789,20.0,1302.4078369140625
1779803594.096975,Fixation,9.022071838378906,2101.881,347.857177734375
1779803594.112097,Saccade,4.659181594848633,15.125,1102.5064697265625
1779803595.047853,Fixation,11.19559097290039,935.748,356.27593994140625
1779803595.062963,Saccade,14.105172157287598,15.12,886.84912109375
1779803595.583352,Fixation,3.951503276824951,520.384,376.807861328125
1779803595.653464,Saccade,18.80790901184082,70.116,1091.74365234375
1779803595.738597,Fixation,13.265788078308105,85.125,342.7940979003906
1779803595.753597,Saccade,15.979007720947266,15.0,935.6134643554688
1779803597.47502,Fixation,4.304058074951172,1721.508,346.1137390136719
1779803597.495142,Saccade,18.78036117553711,20.116,914.7169189453125
1779803597.675265,Fixation,4.981226921081543,180.125,404.8377380371094
1779803597.725265,Saccade,6.635609149932861,50.0,969.4984130859375
1779803598.691142,Fixation,21.869779586791992,965.875,362.9147033691406
1779803598.711265,Saccade,20.97420883178711,20.125,1047.5416259765625
1779803598.871387,Fixation,7.6539764404296875,160.125,391.5987854003906
1779803598.941341,Saccade,18.719478607177734,70.0,964.38916015625
1779803599.151597,Fixation,8.309651374816895,210.249,336.07342529296875
1779803599.171597,Saccade,17.05466651916504,20.001,1133.96240234375
1779803599.316719,Fixation,11.413182258605957,145.124,412.3517761230469
1779803599.331719,Saccade,7.721761226654053,15.0,1155.5582275390625
1779803599.471842,Fixation,11.868870735168457,140.125,442.1888732910156
1779803599.486841,Saccade,19.244291305541992,15.0,1161.001953125
1779803600.027341,Fixation,8.773658752441406,540.5,370.44580078125
1779803600.177475,Saccade,10.533553123474121,150.13,1231.7535400390625
1779803600.477853,Fixation,2.879829168319702,300.375,421.6895446777344
1779803600.497841,Saccade,22.390247344970703,19.995,1076.708251953125
1779803601.268475,Fixation,10.682719230651855,770.625,329.17010498046875
1779803601.288597,Saccade,22.52434539794922,20.125,1180.680908203125
1779803601.808964,Fixation,29.168333053588867,520.374,390.6263427734375
1779803601.869097,Saccade,5.236131191253662,60.125,1237.2950439453125
1779803603.640616,Fixation,23.347095489501953,1771.625,341.14422607421875
1779803603.660616,Saccade,17.5607852935791,20.0,912.6871948242188
1779803604.176116,Fixation,11.940489768981934,515.5,306.7383117675781
1779803604.191116,Saccade,18.132204055786133,15.0,1186.7698974609375
1779803604.92686,Fixation,17.8532657623291,735.749,369.9578857421875
1779803604.94186,Saccade,14.637124061584473,15.0,1070.2335205078125
1779803605.332318,Fixation,17.471637725830078,390.255,357.4759521484375
1779803605.347441,Saccade,19.037771224975586,15.121,1328.4510498046875
1779803605.457441,Fixation,10.309957504272461,109.999,274.0587463378906
1779803605.487563,Saccade,13.262198448181152,30.125,1187.017333984375
1779803605.882941,Fixation,23.319721221923828,395.375,417.44683837890625
1779803605.907941,Saccade,28.198925018310547,25.0,1156.29541015625
1779803606.123074,Fixation,23.020017623901367,215.127,354.2446594238281
1779803606.203196,Saccade,6.0982184410095215,80.123,993.8394775390625
1779803606.548563,Fixation,13.53935718536377,345.375,392.8846435546875
1779803606.568563,Saccade,22.674562454223633,20.0,1065.401123046875
1779803607.594441,Fixation,16.903736114501953,1025.874,322.0152587890625
1779803607.614441,Saccade,19.409042358398438,20.0,962.6895751953125
1779803607.689563,Fixation,6.147393226623535,75.125,254.82630920410156
1779803607.709563,Saccade,22.236175537109375,20.0,1180.8311767578125
1779803608.014818,Fixation,26.499755859375,305.25,336.364013671875
1779803608.08445,Saccade,24.63418197631836,70.125,1152.7647705078125
1779803608.730072,Fixation,13.023431777954102,645.625,329.97967529296875
1779803608.750072,Saccade,21.18294334411621,20.0,1161.8970947265625
1779803609.70095,Fixation,10.011006355285645,950.874,375.9971618652344
1779803609.72095,Saccade,23.8431396484375,20.0,1013.9802856445312
1779803610.86195,Fixation,17.159082412719727,1141.0,361.5888366699219
1779803610.87695,Saccade,15.713910102844238,15.004,1055.5281982421875
1779803611.067194,Fixation,22.539348602294922,190.246,336.5045166015625
1779803611.087194,Saccade,18.539716720581055,20.0,1032.5362548828125
1779803611.938053,Fixation,19.96579933166504,850.749,364.92974853515625
1779803611.953053,Saccade,19.724056243896484,15.001,1251.2152099609375
1779803612.128298,Fixation,21.844383239746094,175.249,460.7702941894531
1779803612.148298,Saccade,21.006343841552734,20.001,1054.33642578125
1779803612.533675,Fixation,16.353445053100586,385.374,372.69659423828125
1779803612.588675,Saccade,2.8084161281585693,55.0,1050.843994140625
1779803613.194309,Fixation,8.41402530670166,605.636,348.7037048339844
1779803613.214298,Saccade,4.082909107208252,19.989,1085.559814453125
1779803613.859931,Fixation,6.526268005371094,645.625,342.9889831542969
1779803613.969931,Saccade,22.56069564819336,110.0,1282.9134521484375
1779803614.255035,Fixation,18.598148345947266,285.249,348.6566162109375
1779803614.270158,Saccade,13.148870468139648,15.125,1015.8580322265625
1779803614.390158,Fixation,6.763124942779541,120.001,409.8193359375
1779803614.455291,Saccade,6.0232110023498535,65.126,1097.333740234375
1779803615.506291,Fixation,3.124046802520752,1050.998,339.1068115234375
1779803615.621413,Saccade,8.208608627319336,115.13,1184.127685546875
1779803616.922535,Fixation,22.368974685668945,1301.12,386.73297119140625
1779803616.942535,Saccade,19.55718231201172,20.0,1017.1033935546875
1779803617.994074,Fixation,12.351648330688477,1051.011,335.5013732910156
1779803618.014063,Saccade,19.75229835510254,19.988,1082.3004150390625
1779803618.719686,Fixation,6.493459224700928,705.625,334.0781555175781
1779803618.734808,Saccade,15.96336841583252,15.125,1029.29248046875
1779803619.310308,Fixation,14.024774551391602,575.5,345.7454528808594
1779803619.330308,Saccade,12.961830139160156,20.0,1063.5902099609375
1779803620.101063,Fixation,13.494932174682617,770.749,352.3901672363281
1779803620.121063,Saccade,19.606460571289062,20.0,1094.9503173828125
1779803621.70173,Fixation,7.752908706665039,1581.504,381.7774353027344
1779803621.72173,Saccade,18.82221221923828,19.996,927.168212890625
1779803621.911852,Fixation,24.1364688873291,190.125,400.1036071777344
1779803621.926852,Saccade,16.36932373046875,15.0,1133.15234375
1779803623.924489,Fixation,19.37476348876953,1996.874,317.63568115234375
1779803623.944489,Saccade,21.6009521484375,20.0,973.5172119140625
1779803624.149733,Fixation,22.845291137695312,205.25,316.81866455078125
1779803624.204733,Saccade,0.8725865483283997,55.0,1205.918212890625
1779803624.364856,Fixation,7.264946937561035,160.125,396.953857421875
1779803624.494989,Saccade,5.680917263031006,130.125,1234.6405029296875
1779803625.410856,Fixation,2.759942054748535,915.874,353.2730712890625
1779803625.430856,Saccade,23.553800582885742,20.001,1000.244384765625
1779803626.501333,Fixation,15.380940437316895,1070.999,320.23126220703125
1779803626.526334,Saccade,13.630184173583984,25.0,991.2774047851562
1779803626.646467,Fixation,1.7579904794692993,120.125,335.36297607421875
1779803626.666467,Saccade,21.952476501464844,20.008,1013.9570922851562
1779803627.297089,Fixation,14.697059631347656,630.617,356.6474914550781
1779803627.312089,Saccade,14.801895141601562,15.0,969.1093139648438
1779803627.687467,Fixation,11.244810104370117,375.375,355.6670837402344
1779803627.702467,Saccade,15.69812297821045,15.0,1169.382080078125
1779803628.182833,Fixation,27.093061447143555,480.374,399.2549133300781
1779803628.227967,Saccade,3.752901554107666,45.134,1065.5687255859375
1779803629.278967,Fixation,15.395973205566406,1050.991,375.4270935058594
1779803629.299442,Saccade,22.250606536865234,20.011,1208.782958984375
1779803629.399431,Fixation,17.644195556640625,99.989,450.7384338378906
1779803629.414553,Saccade,15.340901374816895,15.125,1105.9049072265625
1779803629.814798,Fixation,27.403465270996094,400.25,388.55889892578125
1779803629.829931,Saccade,13.868778228759766,15.133,1011.5252685546875
1779803631.101053,Fixation,14.77232551574707,1271.116,380.81842041015625
1779803631.121053,Saccade,21.25362777709961,20.0,1096.2772216796875
1779803631.651553,Fixation,5.373300552368164,530.5,390.1046142578125
1779803631.666553,Saccade,19.681915283203125,15.0,1241.2647705078125
1779803631.951798,Fixation,19.683320999145508,285.25,423.8196105957031
1779803631.971798,Saccade,26.31940460205078,20.0,1275.03515625
1779803632.567222,Fixation,29.88953399658203,595.629,343.2611389160156
1779803632.587211,Saccade,17.531639099121094,19.996,904.2186279296875
1779803633.693211,Fixation,8.159749984741211,1105.999,327.2915954589844
1779803633.718222,Saccade,15.980602264404297,25.007,943.1217041015625
1779803633.928467,Fixation,19.912965774536133,210.243,346.7665100097656
1779803633.953467,Saccade,17.02926254272461,25.0,1163.3099365234375
1779803634.093589,Fixation,5.653026580810547,140.126,402.13629150390625
1779803634.138589,Saccade,6.92798376083374,44.999,1013.6949462890625
1779803634.574089,Fixation,12.811650276184082,435.5,411.0947570800781
1779803634.589089,Saccade,13.157630920410156,15.0,918.4752807617188
1779803635.389529,Fixation,16.63260841369629,800.75,347.62249755859375
1779803635.414529,Saccade,22.883148193359375,25.0,899.6409912109375
1779803636.070151,Fixation,21.08260726928711,655.625,320.9439697265625
1779803636.090151,Saccade,20.02187156677246,19.999,1031.0009765625
1779803636.525529,Fixation,5.241611957550049,435.375,360.86846923828125
1779803636.550529,Saccade,18.306947708129883,25.0,926.6939086914062
1779803636.825774,Fixation,16.064590454101562,275.251,280.5328369140625
1779803636.875896,Saccade,16.94908332824707,50.124,1034.7786865234375
1779803637.366274,Fixation,1.4777472019195557,490.375,317.8395080566406
1779803637.466396,Saccade,7.460867404937744,100.125,931.0809936523438
1779803638.547241,Fixation,3.96062970161438,1081.0,346.0098876953125
1779803638.562241,Saccade,13.36464786529541,15.0,997.6085815429688
1779803638.987619,Fixation,10.957817077636719,425.374,320.02490234375
1779803639.002619,Saccade,6.098700523376465,15.0,1099.39990234375
1779803639.498119,Fixation,4.305299282073975,495.5,350.8514404296875
1779803639.518119,Saccade,9.007814407348633,20.0,931.8821411132812
1779803639.598241,Fixation,6.6060943603515625,80.125,344.75830078125
1779803639.613241,Saccade,25.72752571105957,15.0,1185.2230224609375
1779803639.748363,Fixation,13.881476402282715,135.125,402.76953125
1779803639.798374,Saccade,3.336733102798462,50.002,1064.537841796875
1779803640.674241,Fixation,10.877391815185547,875.873,374.5447998046875
1779803640.694241,Saccade,20.63913345336914,20.0,1118.4388427734375
1779803641.129619,Fixation,5.801828861236572,435.375,364.1883850097656
1779803641.149619,Saccade,22.921165466308594,20.0,1193.1986083984375
1779803641.404863,Fixation,5.16780948638916,255.249,410.511474609375
1779803641.425196,Saccade,20.746416091918945,20.0,1117.201904296875
1779803643.607219,Fixation,13.825510025024414,2182.013,344.68218994140625
1779803643.842452,Saccade,7.878912448883057,235.236,1212.7457275390625
1779803644.227841,Fixation,4.5014238357543945,385.388,370.7489013671875
1779803644.24783,Saccade,16.701810836791992,19.987,894.1209106445312
1779803644.688651,Fixation,22.409996032714844,440.38,363.14263916015625
1779803644.703773,Saccade,16.96315574645996,15.125,1100.950927734375
1779803645.689651,Fixation,1.8066927194595337,985.874,356.05517578125
1779803645.74464,Saccade,9.368356704711914,54.996,1198.2811279296875
1779803645.884773,Fixation,4.888491153717041,140.125,319.35302734375
1779803645.904773,Saccade,12.518647193908691,20.0,912.1329345703125
1779803646.029895,Fixation,25.959320068359375,125.125,359.37103271484375
1779803646.050017,Saccade,27.15819549560547,20.125,1319.42724609375
1779803646.25514,Fixation,17.07680892944336,205.125,396.08074951171875
1779803646.27514,Saccade,22.721179962158203,20.0,1138.6771240234375
1779803646.380273,Fixation,27.629833221435547,105.131,455.4390563964844
1779803646.465395,Saccade,14.075766563415527,85.119,1043.7374267578125
1779803647.931523,Fixation,2.6449363231658936,1466.249,343.76153564453125
1779803647.956645,Saccade,6.88249397277832,25.125,867.86181640625
1779803648.081779,Fixation,10.891852378845215,125.125,312.395751953125
1779803648.106779,Saccade,18.83331871032715,25.0,1139.2762451171875
1779803648.582145,Fixation,3.7812297344207764,475.375,377.6850891113281
1779803648.632279,Saccade,6.248169898986816,50.125,1334.0255126953125
1779803648.722279,Fixation,9.598030090332031,90.0,299.21649169921875
1779803648.752279,Saccade,19.870040893554688,30.0,1258.2159423828125
1779803648.897523,Fixation,14.397536277770996,145.25,342.20025634765625
1779803648.912523,Saccade,14.840023040771484,15.0,1047.3541259765625
1779803649.548023,Fixation,18.456743240356445,635.5,349.5774230957031
1779803649.563023,Saccade,12.596879005432129,15.0,886.2051391601562
1779803649.968401,Fixation,10.414139747619629,405.374,402.5652770996094
1779803650.013523,Saccade,4.511843204498291,45.125,1169.52294921875
1779803651.319649,Fixation,15.62271785736084,1306.125,356.5973205566406
1779803651.339783,Saccade,22.56938362121582,20.125,1122.59326171875
1779803651.419783,Fixation,24.18278694152832,80.0,394.92608642578125
1779803651.464905,Saccade,9.833776473999023,45.125,1300.0792236328125
1779803651.605027,Fixation,1.0892542600631714,140.125,396.2515563964844
1779803651.710027,Saccade,9.727937698364258,105.004,1167.5321044921875
1779803652.180527,Fixation,6.463553428649902,470.496,401.5696105957031
1779803652.200527,Saccade,17.783220291137695,20.0,882.818359375
1779803652.781027,Fixation,17.662538528442383,580.499,348.7317810058594
1779803652.806027,Saccade,18.769954681396484,25.001,1189.69775390625
1779803653.241527,Fixation,3.9975802898406982,435.503,365.0684814453125
1779803653.291527,Saccade,4.665130138397217,49.996,1087.418212890625
1779803653.696417,Fixation,15.305349349975586,405.375,366.9466857910156
1779803653.716417,Saccade,22.597959518432617,20.0,1429.97314453125
1779803655.968539,Fixation,15.210773468017578,2252.125,360.1429443359375
1779803655.983539,Saccade,6.67581844329834,14.999,1125.572265625
1779803656.579298,Fixation,5.7729315757751465,595.5,374.7626647949219
1779803656.599298,Saccade,18.02250099182129,20.0,991.407958984375
1779803657.19492,Fixation,21.21104621887207,595.625,362.3648681640625
1779803657.285042,Saccade,17.543853759765625,90.125,1119.47705078125
1779803657.405042,Fixation,15.617684364318848,120.0,469.29864501953125
1779803657.425175,Saccade,32.6243896484375,20.125,1516.2838134765625
1779803659.236809,Fixation,33.28580093383789,1811.633,351.6493835449219
1779803659.261797,Saccade,26.923879623413086,24.991,1280.88671875
1779803659.482042,Fixation,13.329893112182617,220.25,343.5352783203125
1779803659.542429,Saccade,4.880276203155518,60.0,1719.951416015625
1779803659.692562,Fixation,16.3443603515625,150.125,364.2651672363281
1779803659.712684,Saccade,21.465341567993164,20.125,1049.15673828125
1779803659.802696,Fixation,17.223220825195312,90.011,369.90399169921875
1779803659.822685,Saccade,19.164840698242188,19.989,1012.556396484375
1779803660.478307,Fixation,13.391254425048828,655.625,373.09417724609375
1779803660.588429,Saccade,16.347122192382812,110.125,1265.048095703125
1779803661.269051,Fixation,25.30179214477539,680.624,400.97198486328125
1779803661.314062,Saccade,5.9787516593933105,45.006,1234.978759765625
1779803661.449184,Fixation,17.541690826416016,135.119,369.5193176269531
1779803661.469184,Saccade,17.39027976989746,20.0,876.53515625
1779803661.829551,Fixation,16.453556060791016,360.375,327.9475402832031
1779803661.849551,Saccade,20.218246459960938,20.0,1057.7530517578125
1779803662.475184,Fixation,4.843541145324707,625.625,349.92034912109375
1779803662.495184,Saccade,17.488252639770508,20.0,1042.41064453125
1779803663.485389,Fixation,4.899496078491211,990.875,340.4869689941406
1779803663.510522,Saccade,31.220260620117188,25.125,1213.31005859375
1779803664.656522,Fixation,35.302032470703125,1145.999,307.6149597167969
1779803664.681522,Saccade,31.1549015045166,25.0,1373.474365234375
1779803665.297144,Fixation,9.670778274536133,615.625,360.1502990722656
1779803665.312144,Saccade,17.403078079223633,15.0,1095.8106689453125
1779803665.582389,Fixation,5.662904262542725,270.25,276.48077392578125
1779803665.602343,Saccade,23.73979949951172,20.008,1198.485107421875
1779803666.102832,Fixation,23.151884078979492,500.492,378.77227783203125
1779803666.122832,Saccade,18.39129066467285,20.0,1077.0595703125
1779803667.418965,Fixation,24.57960319519043,1296.124,353.62152099609375
1779803667.434088,Saccade,16.648120880126953,15.125,1127.2454833984375
1779803667.68421,Fixation,15.92103099822998,250.125,384.340087890625
1779803667.704332,Saccade,20.485349655151367,20.125,1059.26513671875
1779803668.269832,Fixation,7.529165267944336,565.5,402.5286560058594
1779803668.284832,Saccade,17.38916015625,15.0,1160.631591796875
1779803668.690513,Fixation,8.403326988220215,405.375,387.46142578125
1779803668.725513,Saccade,13.228798866271973,35.0,1350.8067626953125
1779803670.297013,Fixation,27.318326950073242,1571.499,335.46026611328125
1779803670.347024,Saccade,5.535372734069824,50.008,1269.419677734375
1779803671.633268,Fixation,24.24280548095703,1286.251,363.7198486328125
1779803671.648462,Saccade,21.33018684387207,15.0,1287.4725341796875
1779803672.253951,Fixation,27.484416961669922,605.491,370.9601135253906
1779803672.273951,Saccade,25.179222106933594,20.0,1275.98095703125
1779803672.429207,Fixation,15.489092826843262,155.249,332.1943054199219
1779803672.479207,Saccade,3.1834897994995117,50.0,1149.4903564453125
1779803672.914584,Fixation,6.135371685028076,435.375,377.46038818359375
1779803672.929585,Saccade,20.989887237548828,15.0,1089.5147705078125
1779803673.359951,Fixation,31.892925262451172,430.375,337.19219970703125
1779803673.380085,Saccade,22.112611770629883,20.126,877.6870727539062
1779803675.011724,Fixation,11.142053604125977,1631.499,340.466796875
1779803675.066724,Saccade,21.128358840942383,54.999,1429.481689453125
1779803675.256846,Fixation,14.450834274291992,190.125,370.18218994140625
1779803675.316968,Saccade,9.407669067382812,60.125,1199.358642578125
1779803675.767346,Fixation,3.889481782913208,450.375,321.1907653808594
1779803675.787346,Saccade,20.6761417388916,20.0,1020.5296020507812
1779803677.833469,Fixation,8.657135009765625,2046.88,367.9855651855469
1779803677.848591,Saccade,17.892732620239258,15.12,1032.5048828125
1779803680.876965,Fixation,29.551313400268555,3027.748,374.5368957519531
1779803680.891976,Saccade,19.990009307861328,15.008,1197.0347900390625
1779803681.012087,Fixation,4.909196376800537,120.117,315.8531799316406
1779803681.027087,Saccade,14.32820987701416,15.0,906.064453125
1779803682.213221,Fixation,23.982139587402344,1186.125,340.338623046875
1779803682.238221,Saccade,27.33103370666504,25.0,1138.3134765625
1779803682.478476,Fixation,11.475152969360352,240.258,334.6227111816406
1779803682.493465,Saccade,20.06911849975586,14.995,974.9176025390625
1779803682.573965,Fixation,31.560726165771484,80.494,459.1175231933594
1779803682.663599,Saccade,5.116293430328369,89.64,1072.5836181640625
1779803683.649465,Fixation,1.845839262008667,985.863,334.2757263183594
1779803683.664587,Saccade,4.435829162597656,15.125,837.7097778320312
1779803685.431051,Fixation,7.408656120300293,1766.624,343.746826171875
1779803685.451051,Saccade,11.6332426071167,20.007,1031.59716796875
1779803686.131674,Fixation,2.8022422790527344,680.618,352.635986328125
1779803686.196674,Saccade,16.675451278686523,65.0,1248.599609375
1779803686.281796,Fixation,12.904377937316895,85.125,265.57574462890625
1779803686.301796,Saccade,17.602035522460938,20.0,929.21484375
1779803686.697174,Fixation,4.113364219665527,395.374,399.2193603515625
1779803686.747174,Saccade,2.7991843223571777,50.0,1099.0928955078125
1779803687.837637,Fixation,8.979018211364746,1091.0,397.8307189941406
1779803687.857759,Saccade,22.53510856628418,20.125,1205.3238525390625
1779803689.604259,Fixation,19.906354904174805,1746.499,382.4566650390625
1779803689.619382,Saccade,14.41873550415039,15.127,964.4400024414062
1779803689.960334,Fixation,25.58407211303711,340.248,384.6689758300781
1779803689.985334,Saccade,24.311424255371094,25.0,1003.6798095703125
1779803690.8312,Fixation,4.103501319885254,845.875,323.72265625
1779803690.851212,Saccade,17.99015235900879,20.004,927.4895629882812
1779803691.286578,Fixation,11.388051986694336,435.371,371.9006042480469
1779803691.306578,Saccade,31.587875366210938,20.0,1213.322021484375
1779803691.586834,Fixation,4.134726047515869,280.25,326.6325988769531
1779803691.606834,Saccade,17.67902374267578,20.0,945.5216064453125
1779803691.857078,Fixation,7.939956188201904,250.25,360.8413391113281
1779803691.907078,Saccade,10.09029483795166,50.0,1035.510009765625
1779803692.082334,Fixation,16.65987205505371,175.25,324.749267578125
1779803692.132334,Saccade,15.180330276489258,50.0,1311.315673828125
1779803692.692823,Fixation,8.86555004119873,560.499,357.31378173828125
1779803692.717823,Saccade,27.887685775756836,25.0,1184.474853515625
1779803694.81414,Fixation,12.621563911437988,2096.999,323.56353759765625
1779803694.85914,Saccade,6.499577045440674,45.0,1096.4910888671875
1779803695.114396,Fixation,7.061652183532715,255.25,416.0021057128906
1779803695.134396,Saccade,22.996118545532227,20.0,1151.811279296875
1779803695.534774,Fixation,1.8735679388046265,400.375,357.9638671875
1779803695.554774,Saccade,19.285667419433594,20.004,980.3119506835938
1779803695.825018,Fixation,12.408660888671875,270.246,370.8326416015625
1779803695.83514,Saccade,12.331637382507324,10.125,832.5692138671875
1779803696.110353,Fixation,7.374411106109619,275.25,396.32305908203125
1779803696.135353,Saccade,19.973304748535156,25.0,1430.42578125
1779803696.620731,Fixation,27.196918487548828,485.375,367.7113342285156
1779803696.635731,Saccade,15.099111557006836,15.0,987.3170166015625
1779803698.001986,Fixation,14.284872055053711,1366.258,364.90203857421875
1779803698.017097,Saccade,15.437880516052246,15.116,1031.455322265625
1779803698.257231,Fixation,6.3816118240356445,240.125,428.3651123046875
1779803698.297353,Saccade,9.461641311645508,40.125,1190.67041015625
1779803699.048171,Fixation,21.64138412475586,750.625,348.9908142089844
1779803699.068171,Saccade,26.057695388793945,20.001,1287.5438232421875
1779803699.373549,Fixation,23.6857967376709,305.374,283.52752685546875
1779803699.39356,Saccade,22.970090866088867,20.008,1275.615234375
1779803699.608671,Fixation,24.643220901489258,215.117,373.9504699707031
1779803699.643793,Saccade,12.851947784423828,35.125,1152.1839599609375
1779803700.534549,Fixation,10.096443176269531,890.756,349.4737548828125
1779803700.554549,Saccade,18.057775497436523,19.998,908.3319091796875
1779803700.809793,Fixation,1.9493982791900635,255.245,354.4040832519531
1779803700.869915,Saccade,7.84135627746582,60.125,1111.403564453125
1779803701.305293,Fixation,11.170083999633789,435.375,323.0499267578125
1779803701.325293,Saccade,19.5905818939209,20.0,1022.83642578125
1779803702.366536,Fixation,25.153411865234375,1041.0,363.5456237792969
1779803702.426536,Saccade,1.14248788356781,60.0,1159.76416015625
1779803703.277414,Fixation,7.99502420425415,850.874,381.8628234863281
1779803703.377414,Saccade,11.209905624389648,100.0,1316.3514404296875
1779803704.703669,Fixation,21.879636764526367,1326.254,363.27349853515625
1779803704.723658,Saccade,22.094247817993164,19.996,1100.4942626953125
1779803705.158568,Fixation,21.99752426147461,435.375,319.2650451660156
1779803705.18369,Saccade,23.270700454711914,25.125,960.237060546875
1779803705.819201,Fixation,2.5714924335479736,635.509,362.918212890625
1779803705.884324,Saccade,8.607582092285156,65.115,1099.9661865234375
1779803706.219568,Fixation,3.7901971340179443,335.25,346.84149169921875
1779803706.239568,Saccade,19.12159538269043,20.0,1023.3598022460938
1779803707.41569,Fixation,25.058320999145508,1176.125,316.6396789550781
1779803707.43569,Saccade,24.034881591796875,20.0,1055.537353515625
1779803707.936201,Fixation,19.437095642089844,500.503,310.7647399902344
1779803708.111883,Saccade,3.6037704944610596,175.13,1361.7666015625
1779803708.707505,Fixation,5.855579376220703,595.616,362.9937744140625
1779803708.762506,Saccade,3.663740396499634,55.0,1135.535400390625
1779803709.51825,Fixation,16.797775268554688,755.75,329.26385498046875
1779803709.53825,Saccade,23.88601303100586,20.0,1133.0194091796875
1779803710.233872,Fixation,9.367022514343262,695.625,380.6762390136719
1779803710.248872,Saccade,12.317305564880371,15.0,879.533447265625
1779803710.579261,Fixation,13.099793434143066,330.384,386.5352783203125
1779803710.604261,Saccade,22.866682052612305,24.999,894.5385131835938
1779803711.119781,Fixation,5.179851055145264,515.491,366.6401672363281
1779803711.134792,Saccade,17.367847442626953,15.014,1092.908447265625
1779803711.244781,Fixation,20.131179809570312,109.986,312.4830627441406
1779803711.259903,Saccade,14.196224212646484,15.125,1142.2049560546875
1779803712.84128,Fixation,20.260944366455078,1581.375,357.6506652832031
1779803712.86128,Saccade,19.066757202148438,20.0,1046.8377685546875
1779803713.637036,Fixation,20.167316436767578,775.749,338.32049560546875
1779803713.652036,Saccade,14.844392776489258,15.01,954.4984741210938
1779803715.037972,Fixation,11.43730354309082,1386.24,328.5739440917969
1779803715.128094,Saccade,12.003806114196777,90.125,1062.211669921875
1779803717.575261,Fixation,15.911506652832031,2447.249,344.2299499511719
1779803717.595261,Saccade,20.81277084350586,20.0,1058.5704345703125
1779803718.331006,Fixation,17.996122360229492,735.75,372.3363952636719
1779803718.381006,Saccade,5.78541374206543,50.0,1071.7078857421875
1779803718.466128,Fixation,9.484369277954102,85.125,446.9689636230469
1779803718.481128,Saccade,19.996780395507812,15.0,1272.6048583984375
1779803718.911505,Fixation,23.139827728271484,430.375,390.3343505859375
1779803718.931505,Saccade,25.975780487060547,19.999,1190.5289306640625
1779803719.141761,Fixation,5.552456855773926,210.251,310.69952392578125
1779803719.161761,Saccade,13.550589561462402,19.999,896.7158813476562
1779803719.437006,Fixation,11.298205375671387,275.25,314.16448974609375
1779803719.457006,Saccade,18.301958084106445,20.0,1026.76708984375
1779803719.642261,Fixation,2.8757522106170654,185.258,363.7033996582031
1779803719.662261,Saccade,23.37437629699707,19.992,1070.6947021484375
1779803719.847383,Fixation,3.824617385864258,185.125,384.7648620605469
1779803719.932506,Saccade,7.769533634185791,85.125,1005.2562866210938
1779803722.985163,Fixation,3.223884105682373,3052.758,352.663330078125
1779803723.015174,Saccade,27.0616397857666,30.005,1220.0662841796875
1779803723.391377,Fixation,7.829835891723633,375.361,389.761962890625
1779803723.411377,Saccade,21.199453353881836,20.0,1184.9310302734375
1779803724.142133,Fixation,7.457879543304443,730.75,356.3160705566406
1779803724.157132,Saccade,16.201745986938477,15.0,1007.9795532226562
1779803724.507377,Fixation,11.98050594329834,350.249,356.7727355957031
1779803724.53251,Saccade,25.819950103759766,25.127,1056.2669677734375
1779803725.288144,Fixation,7.651375770568848,755.635,387.1802673339844
1779803725.338255,Saccade,6.189653396606445,50.113,1247.2672119140625
1779803726.218999,Fixation,6.276785850524902,880.75,358.9194641113281
1779803726.233187,Saccade,15.21192741394043,15.0,1002.7559814453125
1779803726.673687,Fixation,20.127296447753906,440.5,297.3293151855469
1779803726.688687,Saccade,23.001117706298828,15.0,1387.6854248046875
1779803727.774687,Fixation,8.383526802062988,1085.999,365.3735656738281
1779803727.794687,Saccade,16.002092361450195,20.0,953.12890625
1779803728.054943,Fixation,19.98666000366211,260.25,333.4136047363281
1779803728.074943,Saccade,15.800867080688477,20.0,1102.049072265625
1779803728.430198,Fixation,6.444269180297852,355.262,395.57061767578125
1779803728.445321,Saccade,18.384113311767578,15.113,1146.052001953125
1779803730.15697,Fixation,4.666499137878418,1711.499,336.3501281738281
1779803730.17197,Saccade,17.148338317871094,15.0,1054.2735595703125
1779803731.042848,Fixation,7.762490749359131,870.875,359.4696960449219
1779803731.062848,Saccade,21.880020141601562,20.0,1149.5576171875
1779803731.368103,Fixation,30.632795333862305,305.25,300.3607177734375
1779803731.418226,Saccade,2.2332355976104736,50.125,1229.38818359375
1779803732.444407,Fixation,7.743316173553467,1025.874,365.413330078125
1779803732.459418,Saccade,16.05767059326172,15.01,975.4827880859375
1779803732.644651,Fixation,8.017361640930176,185.24,303.91729736328125
1779803732.659651,Saccade,19.635683059692383,15.0,1142.3365478515625
1779803734.596406,Fixation,2.2685117721557617,1936.75,375.9442443847656
1779803734.616407,Saccade,22.85978126525879,20.0,1107.125732421875
1779803734.826651,Fixation,29.263498306274414,210.25,350.203125
1779803734.841651,Saccade,14.105106353759766,15.0,897.8399658203125
1779803735.316617,Fixation,9.174938201904297,475.375,387.78912353515625
1779803735.361751,Saccade,2.5622897148132324,45.131,1015.4847412109375
1779803735.561873,Fixation,9.609034538269043,200.125,395.9766540527344
1779803735.606995,Saccade,8.181370735168457,45.118,1168.582275390625
1779803736.137362,Fixation,13.052660942077637,530.375,345.67864990234375
1779803736.202495,Saccade,13.340295791625977,65.125,1208.25830078125
1779803736.54274,Fixation,8.309122085571289,340.25,324.6406555175781
1779803736.557873,Saccade,19.315670013427734,15.135,1122.88671875
1779803736.732995,Fixation,8.796201705932617,175.115,343.24639892578125
1779803736.777995,Saccade,13.224387168884277,45.0,1799.9654541015625
1779803736.878129,Fixation,23.614543914794922,100.138,397.61114501953125
1779803736.893117,Saccade,28.2177734375,14.987,1596.583251953125
1779803737.108362,Fixation,23.373456954956055,215.25,345.9466857910156
1779803737.168362,Saccade,4.181060314178467,60.0,1260.2547607421875
1779803737.50374,Fixation,16.983383178710938,335.375,341.5343017578125
1779803737.54374,Saccade,5.619344711303711,40.0,1010.468994140625
1779803739.790782,Fixation,3.2035951614379883,2246.999,359.03204345703125
1779803739.810905,Saccade,20.114215850830078,20.125,1012.2219848632812
1779803739.920916,Fixation,14.59288501739502,110.004,425.9762878417969
1779803739.971027,Saccade,10.712137222290039,50.121,1132.1790771484375
1779803741.347758,Fixation,12.157757759094238,1376.249,363.9557189941406
1779803741.362758,Saccade,15.155487060546875,15.0,946.4540405273438
1779803741.658014,Fixation,24.600399017333984,295.259,364.30908203125
1779803741.678003,Saccade,19.249794006347656,19.991,985.3836669921875
1779803741.858258,Fixation,5.982703685760498,180.25,350.9425964355469
1779803741.878258,Saccade,21.793027877807617,20.0,1119.98583984375
1779803742.784136,Fixation,8.388901710510254,905.875,371.5936279296875
1779803742.804136,Saccade,18.264427185058594,20.002,967.70751953125
1779803743.730003,Fixation,11.312360763549805,925.872,350.26788330078125
1779803743.785003,Saccade,3.8006186485290527,55.0,1175.4305419921875
1779803744.025258,Fixation,17.924640655517578,240.25,383.0962829589844
1779803744.075258,Saccade,1.1775097846984863,50.0,962.588134765625
1779803744.320503,Fixation,22.450239181518555,245.25,438.2149658203125
1779803744.345426,Saccade,27.345903396606445,25.0,1115.245849609375
1779803744.790804,Fixation,3.923610210418701,445.375,372.187744140625
1779803744.845937,Saccade,7.451084613800049,55.13,1494.118408203125
1779803746.247182,Fixation,14.150364875793457,1401.245,385.63458251953125
1779803746.272182,Saccade,26.413087844848633,25.0,1091.3270263671875
1779803746.822682,Fixation,16.02823829650879,550.5,320.0732727050781
1779803746.837815,Saccade,18.141643524169922,15.132,1198.7261962890625
1779803748.003979,Fixation,4.027781009674072,1165.993,345.2230529785156
1779803748.023979,Saccade,19.819137573242188,19.999,1049.5150146484375
1779803748.754723,Fixation,12.566278457641602,730.75,371.96136474609375
1779803748.774723,Saccade,21.81001091003418,20.0,1052.1533203125
1779803749.01499,Fixation,15.097241401672363,240.261,333.48699951171875
1779803749.054979,Saccade,3.7951998710632324,39.989,1305.9100341796875
1779803751.21639,Fixation,9.953625679016113,2162.003,343.6647644042969
1779803751.23639,Saccade,30.7969913482666,19.996,1330.904052734375
1779803752.652768,Fixation,7.467170715332031,1416.374,369.72540283203125
1779803752.702768,Saccade,12.43852710723877,50.001,1438.1488037109375
1779803753.724284,Fixation,6.58544397354126,1020.874,353.4726257324219
1779803753.739418,Saccade,18.620267868041992,15.125,1155.7332763671875
1779803754.274918,Fixation,7.179352760314941,535.5,369.8792724609375
1779803754.289917,Saccade,15.195966720581055,15.0,1035.2498779296875
1779803754.760284,Fixation,5.903670310974121,470.375,359.97296142578125
1779803754.775284,Saccade,16.85005760192871,15.0,1251.380126953125
1779803755.240795,Fixation,13.172922134399414,465.504,384.181396484375
1779803755.265784,Saccade,25.144893646240234,24.996,1015.7509155273438
1779803755.480906,Fixation,10.444486618041992,215.124,280.6705017089844
1779803755.50104,Saccade,23.195890426635742,20.13,1160.7884521484375
1779803756.872081,Fixation,10.081857681274414,1371.245,365.6326904296875
1779803756.892081,Saccade,13.336963653564453,20.0,893.175537109375
1779803758.588581,Fixation,19.6810245513916,1696.499,366.4942932128906
1779803758.663715,Saccade,8.818231582641602,75.127,1569.73193359375
1779803759.534674,Fixation,5.079662322998047,870.748,383.5098571777344
1779803759.554796,Saccade,20.596309661865234,20.125,1215.287353515625
1779803760.195296,Fixation,24.494394302368164,640.504,319.0419616699219
1779803760.220296,Saccade,28.2490177154541,24.996,1213.059814453125
1779803761.081174,Fixation,5.926513671875,860.875,406.6224670410156
1779803761.111185,Saccade,32.55451202392578,30.013,1129.5714111328125
1779803761.411418,Fixation,23.662490844726562,300.236,423.86431884765625
1779803761.431418,Saccade,22.446613311767578,20.0,1154.2733154296875
1779803762.10204,Fixation,7.562708377838135,670.625,366.7129211425781
1779803762.117174,Saccade,18.021636962890625,15.125,1149.0118408203125
1779803762.292296,Fixation,12.187602043151855,175.125,438.953125
1779803762.362296,Saccade,8.804503440856934,70.0,1014.4032592773438
1779803762.53754,Fixation,4.139605522155762,175.25,367.51739501953125
1779803762.552196,Saccade,20.20785903930664,15.0,961.318115234375
1779803764.038574,Fixation,23.79529571533203,1486.375,360.9035339355469
1779803764.078574,Saccade,14.441604614257812,40.001,1198.2705078125
1779803764.39384,Fixation,6.907388210296631,315.259,379.4365234375
1779803764.443951,Saccade,10.893924713134766,50.114,1260.4791259765625
1779803765.910145,Fixation,28.971561431884766,1466.375,346.00048828125
1779803765.930145,Saccade,30.56489372253418,20.004,1454.4378662109375
1779803766.490645,Fixation,4.235213756561279,560.496,356.34844970703125
1779803766.545645,Saccade,8.853446006774902,55.0,1069.02490234375
1779803766.750889,Fixation,3.2453112602233887,205.249,335.18194580078125
1779803766.7709,Saccade,24.002113342285156,20.01,1125.0609130859375
1779803766.866011,Fixation,21.406692504882812,95.115,399.64471435546875
1779803766.881011,Saccade,14.619479179382324,15.0,975.342529296875
1779803768.177145,Fixation,4.180478572845459,1296.13,337.222900390625
1779803768.192145,Saccade,15.138157844543457,14.999,1007.4849853515625
1779803768.512511,Fixation,23.1639404296875,320.371,326.8348083496094
1779803768.537511,Saccade,24.529531478881836,25.0,951.7725830078125
1779803768.758121,Fixation,17.292200088500977,220.25,411.8274230957031
1779803768.77312,Saccade,13.029465675354004,15.006,842.1848754882812
1779803769.89412,Fixation,18.544965744018555,1120.993,380.39178466796875
1779803769.969243,Saccade,4.65031099319458,75.125,1153.5142822265625
1779803770.049243,Fixation,23.29793930053711,80.0,465.8904113769531
1779803770.154365,Saccade,11.931431770324707,105.125,1493.0831298828125
1779803770.894987,Fixation,23.39105224609375,740.625,369.7793273925781
1779803770.93512,Saccade,5.377584934234619,40.125,1362.4500732421875
1779803771.230365,Fixation,15.357687950134277,295.25,379.821533203125
1779803771.250365,Saccade,26.240549087524414,20.0,1424.75732421875
1779803771.420487,Fixation,28.903919219970703,170.125,381.7586975097656
1779803771.47062,Saccade,10.399563789367676,50.125,1126.9190673828125
1779803772.040972,Fixation,14.878591537475586,570.499,365.15179443359375
1779803772.065972,Saccade,30.300453186035156,25.0,1113.3614501953125
1779803772.456339,Fixation,3.3075144290924072,390.375,416.71038818359375
1779803772.476339,Saccade,28.440317153930664,20.0,1203.207763671875
1779803773.186972,Fixation,19.044845581054688,710.625,348.0816650390625
1779803773.206972,Saccade,19.18636703491211,20.0,904.2861938476562
1779803774.368094,Fixation,13.464911460876465,1161.125,379.3800354003906
1779803774.478217,Saccade,11.58730411529541,110.125,916.0585327148438
1779803776.265031,Fixation,4.9234490394592285,1786.624,349.66802978515625
1779803776.290042,Saccade,20.190946578979492,25.012,1150.8568115234375
1779803776.510287,Fixation,10.418482780456543,220.238,359.2921447753906
1779803776.525286,Saccade,17.54317283630371,15.0,1119.2940673828125
1779803776.715409,Fixation,4.455193996429443,190.125,413.0478820800781
1779803776.730542,Saccade,15.199311256408691,15.13,993.4998779296875
1779803776.965664,Fixation,12.884427070617676,235.12,307.5359802246094
1779803777.105787,Saccade,12.410659790039062,140.125,1165.39990234375
1779803778.656979,Fixation,10.66280460357666,1551.499,367.48504638671875
1779803778.671979,Saccade,16.637174606323242,15.0,1017.9479370117188
1779803779.697845,Fixation,2.7047441005706787,1025.875,358.9551696777344
1779803779.712979,Saccade,17.324039459228516,15.125,1056.1805419921875
1779803780.088223,Fixation,4.804636478424072,375.25,379.1800537109375
1779803780.108346,Saccade,20.49713897705078,20.125,943.3651123046875
1779803781.299174,Fixation,6.720160484313965,1190.999,355.9598388671875
1779803781.314174,Saccade,6.424123287200928,15.0,1189.5169677734375
1779803781.469429,Fixation,9.4915771484375,155.25,419.58734130859375
1779803781.494429,Saccade,4.562340259552002,25.0,1060.283935546875
1779803781.979807,Fixation,16.346179962158203,485.375,356.17645263671875
1779803782.029929,Saccade,7.766297340393066,50.125,1349.3570556640625
1779803782.940674,Fixation,9.131304740905762,910.75,387.34161376953125
1779803782.990807,Saccade,18.298742294311523,50.125,1329.3421630859375
1779803783.351052,Fixation,6.2081098556518555,360.25,409.42144775390625
1779803783.371185,Saccade,27.327220916748047,20.129,1214.7763671875
1779803783.736855,Fixation,5.347641944885254,365.246,345.4060974121094
1779803783.756855,Saccade,22.926408767700195,20.0,1211.9945068359375
1779803783.9721,Fixation,19.977428436279297,215.249,345.33349609375
1779803784.062233,Saccade,12.85597038269043,90.126,900.5786743164062
1779803784.852988,Fixation,9.237980842590332,790.765,347.5595397949219
1779803784.872977,Saccade,18.194091796875,19.984,941.0628662109375
1779803785.483477,Fixation,18.971406936645508,610.5,350.4192810058594
1779803785.578599,Saccade,4.824585914611816,95.125,1051.242431640625
1779803785.923866,Fixation,4.0970540046691895,345.261,393.6532287597656
1779803785.943977,Saccade,20.896276473999023,20.114,1002.1478271484375
1779803786.379355,Fixation,2.356203079223633,435.375,392.46221923828125
1779803786.399355,Saccade,20.171772003173828,20.0,1037.87255859375
1779803787.470278,Fixation,16.342445373535156,1070.999,342.4978332519531
1779803787.490278,Saccade,17.81782341003418,20.004,983.5516967773438
1779803787.955655,Fixation,23.297767639160156,465.381,432.1857604980469
1779803787.970778,Saccade,15.594808578491211,15.115,1065.7325439453125
1779803788.591278,Fixation,3.929532527923584,620.5,383.9177551269531
1779803788.608778,Saccade,18.290809631347656,17.508,925.0455322265625
1779803789.056778,Fixation,7.383154392242432,447.992,379.733642578125
1779803789.076778,Saccade,19.827693939208984,20.0,1108.1231689453125
1779803790.327451,Fixation,8.253281593322754,1251.125,357.3069152832031
1779803790.34745,Saccade,18.41415786743164,19.999,953.2833862304688
1779803790.432573,Fixation,14.739215850830078,85.125,289.8807067871094
1779803790.447573,Saccade,15.632237434387207,15.0,1233.60986328125
1779803790.722828,Fixation,4.537513256072998,275.25,385.1836853027344
1779803790.782828,Saccade,2.571049928665161,60.001,1191.281494140625
1779803791.138195,Fixation,8.082112312316895,355.374,357.063720703125
1779803791.153195,Saccade,13.864163398742676,15.0,954.2568969726562
1779803792.229195,Fixation,6.768113613128662,1076.0,343.9419250488281
1779803792.254195,Saccade,18.778564453125,25.0,1111.6141357421875
1779803793.856394,Fixation,6.776201248168945,1601.499,327.80621337890625
1779803793.876405,Saccade,18.86475372314453,20.005,962.5291748046875
1779803794.05165,Fixation,3.695232629776001,175.246,374.4967041015625
1779803794.11165,Saccade,1.383781909942627,59.999,1204.7608642578125
1779803795.982609,Fixation,19.062833786010742,1871.755,337.84625244140625
1779803796.002598,Saccade,18.448047637939453,19.995,926.1458740234375
1779803796.878353,Fixation,23.805105209350586,875.749,359.4809265136719
1779803796.988476,Saccade,5.8504862785339355,110.126,1230.326904296875
1779803797.068598,Fixation,18.500898361206055,80.124,406.8644714355469
1779803797.113609,Saccade,12.0398588180542,45.008,1158.0078125
1779803797.403853,Fixation,6.676788330078125,290.242,364.00213623046875
1779803797.418853,Saccade,14.014976501464844,15.0,920.1287841796875
1779803797.72922,Fixation,21.604312896728516,310.375,398.0157775878906
1779803797.75422,Saccade,29.79584312438965,25.0,1085.560546875
1779803798.820231,Fixation,24.798681259155273,1066.006,346.07000732421875
1779803798.841074,Saccade,21.87763786315918,19.994,978.5718994140625
1779803799.60683,Fixation,19.932552337646484,765.75,382.6033935546875
1779803799.62683,Saccade,23.2419376373291,20.0,1075.5946044921875
1779803800.112208,Fixation,11.220494270324707,485.374,359.8310241699219
1779803800.16233,Saccade,0.6411293148994446,50.126,989.0122680664062
1779803800.567708,Fixation,3.258559465408325,405.379,332.2623596191406
1779803800.587708,Saccade,18.1992244720459,19.996,925.5186157226562
1779803801.198208,Fixation,19.19645118713379,610.499,381.1690368652344
1779803801.21333,Saccade,14.721343040466309,15.125,1042.5126953125
1779803801.933417,Fixation,7.528901100158691,720.625,387.8080139160156
1779803801.948417,Saccade,20.589733123779297,15.0,1086.4345703125
1779803802.103539,Fixation,3.657379627227783,155.125,372.8825988769531
1779803802.128539,Saccade,20.46335792541504,25.0,853.239501953125
1779803802.413795,Fixation,21.049270629882812,285.25,361.5702209472656
1779803802.433917,Saccade,20.943674087524414,20.125,1058.739990234375
1779803802.659039,Fixation,9.591796875,225.125,425.6750793457031
1779803802.679039,Saccade,21.000577926635742,20.0,1063.9949951171875
1779803803.084417,Fixation,21.262332916259766,405.375,354.9083251953125
1779803803.109428,Saccade,31.578664779663086,25.005,1391.4857177734375
1779803803.795172,Fixation,29.271278381347656,685.745,355.0917053222656
1779803803.940295,Saccade,11.3102388381958,145.125,1225.7032470703125
1779803804.801039,Fixation,5.7356061935424805,860.749,367.3342590332031
1779803804.846561,Saccade,2.3346095085144043,45.0,996.1502075195312
1779803805.096817,Fixation,3.0580027103424072,250.25,403.2892761230469
1779803805.111817,Saccade,13.328596115112305,15.0,997.8364868164062
1779803805.657317,Fixation,9.861096382141113,545.5,374.9860534667969
1779803805.747439,Saccade,34.61894226074219,90.125,1216.8701171875
1779803805.862573,Fixation,11.89367961883545,115.131,294.23370361328125
1779803805.942561,Saccade,3.002479076385498,79.994,1063.4268798828125
1779803806.257939,Fixation,4.03705358505249,315.375,455.6609802246094
1779803806.272939,Saccade,20.819854736328125,15.004,1269.4217529296875
1779803806.658317,Fixation,17.69564437866211,385.371,416.3224182128906
1779803806.673317,Saccade,15.490610122680664,15.0,1080.0447998046875
1779803806.763328,Fixation,3.571518659591675,90.011,349.8320617675781
1779803806.783439,Saccade,18.793184280395508,20.114,1163.876953125
1779803809.019619,Fixation,28.342304229736328,2236.999,373.38726806640625
1779803809.149752,Saccade,31.52297019958496,130.135,1011.80322265625
1779803809.249863,Fixation,3.0077037811279297,100.115,427.1380920410156
1779803809.269875,Saccade,31.410268783569336,20.009,1434.65966796875
1779803809.424997,Fixation,14.553932189941406,155.116,355.01666259765625
1779803809.465119,Saccade,9.0139799118042,40.125,1301.921142578125
1779803810.09563,Fixation,8.591565132141113,630.509,329.9259033203125
1779803810.110619,Saccade,14.628268241882324,14.991,920.657470703125
1779803810.480997,Fixation,5.45565128326416,370.375,343.0749816894531
1779803810.500997,Saccade,20.18543815612793,20.0,1000.7465209960938
1779803810.826375,Fixation,26.33021354675293,325.379,387.3040771484375
1779803810.881363,Saccade,11.519925117492676,54.995,1080.6925048828125
1779803811.63298,Fixation,1.952082872390747,750.75,357.20904541015625
1779803811.67798,Saccade,5.727299690246582,45.003,1285.0894775390625
1779803811.838102,Fixation,6.091485023498535,160.122,274.7718505859375
1779803811.858102,Saccade,19.24277114868164,20.0,1077.5467529296875
1779803812.018224,Fixation,22.23249626159668,160.125,400.9849548339844
1779803812.043358,Saccade,12.317955017089844,25.125,1074.2706298828125
1779803812.348602,Fixation,6.947282314300537,305.25,384.6496887207031
1779803812.368602,Saccade,21.13962173461914,20.0,1056.51904296875
1779803812.518724,Fixation,21.73069953918457,150.125,386.5043640136719
1779803812.563725,Saccade,0.6087034344673157,45.0,1126.209228515625
1779803813.774858,Fixation,24.377323150634766,1211.135,375.0660705566406
1779803813.86998,Saccade,28.297475814819336,95.115,1057.6641845703125
1779803813.995102,Fixation,7.866244316101074,125.125,410.6015930175781
1779803814.014754,Saccade,17.36495590209961,20.0,904.324951171875
1779803815.025754,Fixation,7.015032768249512,1010.999,353.5189514160156
1779803815.050754,Saccade,32.394554138183594,25.0,1449.3388671875
1779803815.215876,Fixation,35.06005859375,165.125,302.6111755371094
1779803815.230876,Saccade,15.40197467803955,15.003,976.9188842773438
1779803815.721387,Fixation,24.67544937133789,490.503,363.5289001464844
1779803815.741376,Saccade,17.958049774169922,19.994,906.771240234375
1779803816.081632,Fixation,9.892434120178223,340.25,320.608642578125
1779803816.141754,Saccade,8.269424438476562,60.125,1142.589111328125
1779803816.817376,Fixation,7.812408924102783,675.625,351.326904296875
1779803816.862376,Saccade,2.8336539268493652,45.0,1201.8096923828125
1779803817.25279,Fixation,4.704469203948975,390.375,342.75238037109375
1779803817.27279,Saccade,25.7603702545166,20.0,1237.0535888671875
1779803817.888412,Fixation,32.63831329345703,615.624,371.93212890625
1779803817.903413,Saccade,16.588401794433594,15.001,1030.87451171875
1779803819.064413,Fixation,7.955704212188721,1160.999,370.7197570800781
1779803819.079535,Saccade,18.70860481262207,15.125,1117.660400390625
1779803820.15994,Fixation,12.560035705566406,1081.0,355.9515686035156
1779803820.22494,Saccade,4.098686218261719,65.0,922.3616333007812
1779803821.065696,Fixation,8.047647476196289,840.75,322.18817138671875
1779803821.115818,Saccade,11.368396759033203,50.125,1547.485595703125
1779803822.106696,Fixation,6.691534042358398,990.874,340.8985290527344
1779803822.126696,Saccade,20.286865234375,20.0,1076.322998046875
1779803822.44194,Fixation,5.387454986572266,315.25,388.5870666503906
1779803822.456951,Saccade,16.7271671295166,15.008,1113.5166015625
1779803822.617196,Fixation,7.502824783325195,160.246,426.48162841796875
1779803822.637196,Saccade,21.85969352722168,19.996,1167.2266845703125
1779803823.017574,Fixation,10.214922904968262,380.375,412.907958984375
1779803823.033487,Saccade,15.679332733154297,15.017,1096.2459716796875
1779803823.29872,Fixation,33.24225997924805,265.233,343.4649353027344
1779803823.438843,Saccade,5.750023365020752,140.125,1168.1234130859375
1779803823.87922,Fixation,13.504453659057617,440.375,350.7598876953125
1779803823.89422,Saccade,11.947010040283203,15.005,864.7344970703125
1779803825.305598,Fixation,20.903076171875,1411.369,364.6988830566406
1779803825.325598,Saccade,19.74852752685547,20.0,962.2186889648438
1779803827.306786,Fixation,24.413021087646484,1981.75,350.81085205078125
1779803827.331797,Saccade,26.029054641723633,25.009,1019.0825805664062
1779803827.747286,Fixation,12.144673347473145,415.491,349.76812744140625
1779803827.762286,Saccade,4.896085262298584,15.0,884.3352661132812
1779803828.052541,Fixation,14.450251579284668,290.25,400.29986572265625
1779803828.067541,Saccade,12.40552806854248,15.0,842.9556274414062
1779803828.583041,Fixation,8.623254776000977,515.499,369.5364990234375
1779803828.598042,Saccade,15.721599578857422,15.0,1087.239013671875
1779803828.793164,Fixation,17.801054000854492,195.125,417.1296081542969
1779803828.858286,Saccade,26.083528518676758,65.125,1084.5281982421875
1779803829.058408,Fixation,20.69504165649414,200.125,338.20379638671875
1779803829.078779,Saccade,19.661396026611328,20.0,975.7305908203125
1779803829.629412,Fixation,20.772661209106445,550.629,354.12640380859375
1779803829.649412,Saccade,11.713117599487305,19.996,1177.28466796875
1779803830.024656,Fixation,18.77325439453125,375.25,357.8536682128906
1779803830.039779,Saccade,15.204360008239746,15.125,1002.1731567382812
1779803830.575279,Fixation,5.919191837310791,535.5,373.6814880371094
1779803830.595279,Saccade,20.664596557617188,20.0,1100.398193359375
1779803831.636156,Fixation,4.512905120849609,1040.875,350.5785217285156
1779803831.651156,Saccade,17.127199172973633,14.999,1151.1190185546875
1779803833.642952,Fixation,6.258401393890381,1991.875,356.24127197265625
1779803833.662952,Saccade,23.951675415039062,20.0,1153.119140625
1779803833.758074,Fixation,25.487272262573242,95.125,391.4940185546875
1779803833.863196,Saccade,35.634742736816406,105.125,1211.77099609375
1779803834.353574,Fixation,13.101604461669922,490.375,398.0989074707031
1779803834.368696,Saccade,22.983287811279297,15.125,1356.984375
1779803834.62883,Fixation,2.5443291664123535,260.126,365.70172119140625
1779803834.648963,Saccade,21.71682357788086,20.137,1085.076904296875
1779803836.35498,Fixation,18.681699752807617,1706.486,362.6719665527344
1779803836.37498,Saccade,15.781537055969238,20.0,847.5827026367188
1779803837.180725,Fixation,14.96601390838623,805.75,399.6340026855469
1779803837.230847,Saccade,19.897480010986328,50.125,1404.1705322265625
1779803837.541102,Fixation,21.273744583129883,310.25,329.8853454589844
1779803837.561102,Saccade,24.06207275390625,20.0,1353.695556640625
1779803838.212361,Fixation,8.309616088867188,650.625,397.64239501953125
1779803838.232361,Saccade,18.46841049194336,20.0,955.3530883789062
1779803838.862983,Fixation,5.5601301193237305,630.624,363.5982971191406
1779803838.877983,Saccade,12.093308448791504,15.001,851.4677124023438
1779803839.573616,Fixation,2.2969918251037598,695.624,347.5647888183594
1779803839.628616,Saccade,5.153570652008057,55.0,1070.9964599609375
1779803843.202016,Fixation,3.736936569213867,3573.374,351.3504943847656
1779803843.227027,Saccade,28.550329208374023,25.006,1098.7015380859375
1779803844.562972,Fixation,12.184957504272461,1336.244,363.4020080566406
1779803844.582972,Saccade,22.60005760192871,20.008,1082.7760009765625
1779803845.623972,Fixation,17.471538543701172,1040.992,350.47216796875
1779803845.643972,Saccade,22.84801483154297,20.0,1134.2740478515625
1779803845.849094,Fixation,8.563878059387207,205.128,354.344482421875
1779803845.864216,Saccade,15.40125846862793,15.122,1108.4625244140625
1779803846.514727,Fixation,34.16725540161133,650.508,367.06170654296875
1779803846.529716,Saccade,27.773639678955078,14.992,1681.6810302734375
1779803846.830094,Fixation,12.743330001831055,300.374,1248.0283203125
1779803847.15035,Saccade,33.33082580566406,320.26,3964.880126953125
1779803847.45028,Fixation,19.013582229614258,300.24,1333.53662109375
1779803847.495403,Saccade,22.635581970214844,45.125,3792.212158203125
1779803847.575402,Fixation,13.19964599609375,80.0,1286.4617919921875
1779803847.625525,Saccade,17.82563591003418,50.125,3473.1240234375
1779803847.810658,Fixation,97.74757385253906,185.125,1680.35302734375
1779803847.885658,Saccade,124.91545104980469,75.0,3526.209228515625
1779803848.00578,Fixation,62.76203536987305,120.129,1195.5943603515625
1779803848.54628,Saccade,33.13203048706055,540.496,3072.070556640625
1779803848.671402,Fixation,50.47747039794922,125.125,909.19384765625
1779803848.711525,Saccade,18.039670944213867,40.125,2039.8209228515625
1779803848.866669,Fixation,41.1669921875,155.138,744.5166625976562
1779803848.891658,Saccade,28.762157440185547,24.987,2341.904052734375
1779803849.02678,Fixation,45.96726989746094,135.125,1280.2208251953125
1779803849.10178,Saccade,13.669530868530273,75.0,1773.067626953125
1779803849.282025,Fixation,71.19001770019531,180.25,801.41357421875
1779803849.647403,Saccade,354.9484558105469,365.375,3869.5283203125
1779803849.837525,Fixation,55.26537322998047,190.125,632.4412841796875
1779803849.882525,Saccade,105.46379089355469,45.0,2699.041259765625
1779803849.982658,Fixation,39.5477409362793,100.124,560.1968383789062
1779803850.298036,Saccade,1081.9638671875,315.25,4609.1748046875
1779803850.453158,Fixation,293.7823791503906,155.125,1018.76513671875
1779803850.488292,Saccade,200.87130737304688,35.125,3601.12646484375
1779803850.748547,Fixation,135.6805419921875,260.257,719.5234375
1779803850.813536,Saccade,84.8016128540039,64.993,1950.9510498046875
1779803850.888658,Fixation,24.932594299316406,75.125,718.2933349609375
1779803851.334047,Saccade,566.5308837890625,445.386,3860.9677734375
1779803851.664292,Fixation,205.09957885742188,330.239,500.0752868652344
1779803851.694414,Saccade,38.16266632080078,30.125,2257.31005859375
1779803852.094792,Fixation,198.6962432861328,400.375,522.1908569335938
1779803852.169792,Saccade,341.3428649902344,75.0,4718.5341796875
1779803852.299914,Fixation,133.87710571289062,130.125,566.3922119140625
1779803852.495158,Saccade,509.76123046875,195.25,6308.611328125
1779803852.700292,Fixation,338.7449645996094,205.125,800.944580078125
1779803852.720292,Saccade,25.299285888671875,20.0,2215.192138671875
1779803853.050658,Fixation,174.75369262695312,330.375,435.2604064941406
1779803853.085658,Saccade,93.25939178466797,35.0,2619.988525390625
1779803853.275792,Fixation,10.977588653564453,190.125,285.380126953125
1779803853.301204,Saccade,27.618518829345703,25.125,1226.79345703125
1779803853.441326,Fixation,45.8772087097168,140.125,380.690673828125
1779803853.591449,Saccade,89.39797973632812,150.124,3237.33642578125
1779803853.671449,Fixation,85.5679931640625,80.0,614.5862426757812
1779803853.691449,Saccade,47.437015533447266,20.0,1716.2462158203125
1779803855.393071,Fixation,46.80791473388672,1701.625,358.8724670410156
1779803855.408071,Saccade,17.567235946655273,15.0,1194.6513671875
1779803855.538204,Fixation,20.278560638427734,130.125,377.5205993652344
1779803855.553204,Saccade,14.859517097473145,15.004,976.5516357421875
1779803855.683326,Fixation,18.135160446166992,130.121,423.1685485839844
1779803855.703326,Saccade,20.551183700561523,20.0,1090.052001953125
1779803856.484169,Fixation,76.32852935791016,780.75,311.7844543457031
1779803856.509169,Saccade,24.80863380432129,25.0,1003.510986328125
1779803856.714425,Fixation,27.48310089111328,205.25,343.1049499511719
1779803856.799425,Saccade,19.305065155029297,85.0,1576.5972900390625
1779803857.635303,Fixation,249.7370147705078,835.874,335.1988830566406
1779803857.785425,Saccade,476.2450256347656,150.125,6512.85693359375
1779803858.380925,Fixation,230.06158447265625,595.5,421.88690185546875
1779803858.405925,Saccade,25.400917053222656,25.0,1069.2298583984375
1779803858.741302,Fixation,14.887832641601562,335.375,253.71865844726562
1779803858.776303,Saccade,38.456600189208984,35.0,1052.0966796875
1779803859.211669,Fixation,251.05348205566406,435.375,446.37945556640625
1779803859.386301,Saccade,161.59385681152344,175.254,2426.2490234375
1779803859.561423,Fixation,164.2957305908203,175.121,666.5125732421875
1779803859.591434,Saccade,50.91266632080078,30.01,1410.1611328125
1779803859.861679,Fixation,136.17161560058594,270.24,529.4759521484375
1779803859.881679,Saccade,20.478349685668945,20.0,1217.1898193359375
1779803860.031801,Fixation,45.75065231323242,150.125,339.33349609375
1779803860.076923,Saccade,14.191083908081055,45.125,1388.2281494140625
1779803860.382179,Fixation,31.29416275024414,305.25,471.8226623535156
1779803860.40219,Saccade,20.268310546875,20.01,974.1139526367188
1779803861.137801,Fixation,59.655521392822266,735.615,387.9247131347656
1779803861.247923,Saccade,54.6761474609375,110.124,1007.4450073242188
1779803861.373045,Fixation,7.849076747894287,125.125,418.784423828125
1779803861.398045,Saccade,24.314607620239258,25.001,995.2785034179688
1779803861.813434,Fixation,35.4781494140625,415.385,314.48663330078125
1779803861.828545,Saccade,23.58465003967285,15.114,948.7979125976562
1779803864.776521,Fixation,571.3018798828125,2947.629,403.244140625
1779803864.886643,Saccade,579.4078979492188,110.121,5936.44189453125
1779803865.176887,Fixation,320.58526611328125,290.25,598.7938232421875
1779803865.20701,Saccade,72.86637878417969,30.124,2072.166259765625
1779803865.337009,Fixation,63.087337493896484,130.0,439.22088623046875
1779803865.377124,Saccade,165.1828155517578,40.125,4512.9599609375
1779803866.177868,Fixation,40.4990234375,800.753,238.17050170898438
1779803866.323002,Saccade,16.50035285949707,145.124,2251.703125
1779803866.738368,Fixation,28.70930290222168,415.373,311.3606872558594
1779803866.783368,Saccade,141.0070037841797,45.0,3212.02197265625
1779803866.86849,Fixation,58.850242614746094,85.125,575.483154296875
1779803866.923491,Saccade,29.190425872802734,55.0,5817.49951171875
1779803867.188746,Fixation,200.8179931640625,265.25,532.3177490234375
1779803867.268868,Saccade,33.58004379272461,80.125,1607.399169921875
1779803869.285693,Fixation,123.31295776367188,2016.874,317.3968505859375
1779803869.415816,Saccade,185.02268981933594,130.125,3350.434814453125
1779803870.076449,Fixation,253.35691833496094,660.627,360.04998779296875
1779803870.091438,Saccade,19.32454490661621,14.998,933.2090454101562
1779803870.616949,Fixation,21.99812126159668,525.504,251.9733123779297
1779803870.661949,Saccade,139.40609741210938,45.003,3550.05908203125
1779803871.212438,Fixation,28.437286376953125,550.493,345.4548034667969
1779803871.252438,Saccade,127.49430847167969,40.0,3281.55224609375
1779803872.053726,Fixation,87.49378967285156,800.75,322.8284912109375
1779803872.073726,Saccade,24.6857852935791,20.0,1038.9066162109375
1779803872.574226,Fixation,17.710227966308594,500.5,338.47235107421875
1779803872.664348,Saccade,437.5879821777344,90.125,5186.232421875
1779803872.764348,Fixation,50.05282211303711,100.0,420.1124267578125
1779803872.779348,Saccade,16.338130950927734,15.0,1312.169677734375
1779803873.580104,Fixation,30.687366485595703,800.75,301.3640441894531
1779803873.605226,Saccade,23.05600929260254,25.125,934.7950439453125
1779803876.597492,Fixation,231.83642578125,2992.749,303.4783935546875
1779803876.622492,Saccade,26.66204071044922,25.0,1180.89404296875
1779803876.972747,Fixation,59.749874114990234,350.25,416.04046630859375
1779803877.122992,Saccade,688.645263671875,150.25,5245.6796875
1779803878.013315,Fixation,112.9993667602539,890.75,358.15521240234375
1779803878.113437,Saccade,35.44357681274414,100.124,1932.4249267578125
1779803878.348682,Fixation,29.657169342041016,235.25,400.32952880859375
1779803878.398682,Saccade,148.36679077148438,50.0,3131.026123046875
1779803878.969182,Fixation,109.90814971923828,570.5,343.5196838378906
1779803878.989182,Saccade,32.15431594848633,20.0,1420.04052734375
1779803879.434693,Fixation,56.17646026611328,445.505,288.735107421875
1779803879.474682,Saccade,139.33790588378906,39.995,3157.514892578125
1779803879.960193,Fixation,28.421676635742188,485.505,322.8562316894531
1779803880.005182,Saccade,132.27178955078125,44.995,2988.599853515625
1779803880.69173,Fixation,33.77518081665039,685.625,265.89013671875
1779803880.72673,Saccade,45.14583969116211,35.0,1330.36181640625
1779803880.996975,Fixation,243.24392700195312,270.25,620.62255859375
1779803881.011975,Saccade,43.0329704284668,15.0,1810.17529296875
1779803881.397352,Fixation,316.2345275878906,385.375,542.39892578125
1779803881.417352,Saccade,29.263113021850586,20.0,1212.065673828125
1779803882.163097,Fixation,242.4100341796875,745.75,490.60260009765625
1779803882.178097,Saccade,19.970218658447266,15.0,1423.9583740234375
1779803882.648475,Fixation,155.62744140625,470.375,564.0003051757812
1779803882.678597,Saccade,48.87672424316406,30.124,1571.195068359375
1779803882.758597,Fixation,14.729799270629883,80.001,450.33306884765625
1779803882.84373,Saccade,7.856377124786377,85.128,1166.5850830078125
1779803883.569165,Fixation,213.08016967773438,725.625,578.3170776367188
1779803883.594165,Saccade,48.811092376708984,24.996,1577.4268798828125
1779803884.109665,Fixation,318.8173828125,515.5,594.9196166992188
1779803884.169799,Saccade,33.47254943847656,60.136,1751.6419677734375
1779803884.31491,Fixation,88.43250274658203,145.114,761.5250854492188
1779803884.33491,Saccade,21.29349136352539,20.0,1657.291259765625
1779803884.610165,Fixation,148.68849182128906,275.25,660.671142578125
1779803884.635165,Saccade,34.18680191040039,25.005,1226.7711181640625
1779803885.225665,Fixation,171.65162658691406,590.495,545.1640014648438
1779803885.240788,Saccade,16.971778869628906,15.125,1100.2840576171875
1779803886.03641,Fixation,180.8853759765625,795.625,485.5699768066406
1779803886.056543,Saccade,27.803701400756836,20.134,1476.4842529296875
1779803886.446799,Fixation,75.48410034179688,390.252,554.0684814453125
1779803886.46691,Saccade,26.897117614746094,20.114,1264.5938720703125
1779803888.358726,Fixation,527.4844360351562,1891.75,515.6168823242188
1779803888.65397,Saccade,1026.3695068359375,295.249,4759.73779296875
1779803888.794093,Fixation,300.02166748046875,140.125,1079.34423828125
1779803888.829104,Saccade,128.125,35.005,4826.9013671875
1779803888.964237,Fixation,120.84153747558594,135.131,502.0498962402344
1779803889.014226,Saccade,248.205810546875,49.989,4871.853515625
1779803889.129348,Fixation,47.79599380493164,115.125,455.2799987792969
1779803889.179471,Saccade,105.96668243408203,50.125,2698.851318359375
1779803889.289604,Fixation,84.58802032470703,110.126,717.1668090820312
1779803889.344604,Saccade,162.90042114257812,55.001,3495.28466796875
1779803889.534726,Fixation,78.29829406738281,190.13,371.39825439453125
1779803889.584296,Saccade,184.2211151123047,50.118,2796.40966796875
1779803889.684296,Fixation,69.19868469238281,100.005,602.8807983398438
1779803889.744418,Saccade,343.69696044921875,60.12,5553.49951171875
1779803889.94954,Fixation,222.3466796875,205.125,723.6663208007812
1779803890.064674,Saccade,93.4414291381836,115.125,2348.763671875
1779803890.224807,Fixation,35.5064582824707,160.139,701.7440185546875
1779803890.319918,Saccade,403.3423156738281,95.111,5146.77880859375
1779803890.540174,Fixation,198.83856201171875,220.25,994.745849609375
1779803890.620174,Saccade,304.4293518066406,80.0,4168.83349609375
1779803890.875418,Fixation,102.58372497558594,255.25,698.0254516601562
1779803891.080674,Saccade,178.89437866210938,205.25,1828.747314453125
1779803891.235796,Fixation,18.605884552001953,155.125,534.0341186523438
1779803891.330929,Saccade,139.4842071533203,95.129,2877.406494140625
1779803891.721185,Fixation,144.83998107910156,390.255,780.8026123046875
1779803891.746296,Saccade,38.66233444213867,25.116,1978.3526611328125
1779803891.831296,Fixation,38.358619689941406,85.0,615.7141723632812
1779803892.00154,Saccade,214.6114044189453,170.25,1972.82177734375
1779803892.146685,Fixation,65.69723510742188,145.141,541.9441528320312
1779803892.251674,Saccade,444.1683044433594,104.984,4010.62060546875
1779803892.456918,Fixation,41.173221588134766,205.25,378.1702575683594
1779803892.471918,Saccade,26.615922927856445,14.999,1323.772216796875
1779803892.782766,Fixation,94.36650848388672,310.258,510.861572265625
1779803892.892888,Saccade,641.2682495117188,110.117,6054.82958984375
1779803893.05801,Fixation,13.494168281555176,165.125,419.3166809082031
1779803893.088132,Saccade,31.59654998779297,30.125,1100.524169921875
1779803893.323266,Fixation,22.484695434570312,235.125,258.78826904296875
1779803893.393388,Saccade,298.41156005859375,70.125,4172.7314453125
1779803893.628632,Fixation,36.858917236328125,235.25,395.5648193359375
1779803893.833766,Saccade,134.847412109375,205.125,1522.9075927734375
1779803894.03401,Fixation,6.8995561599731445,200.25,403.0286560058594
1779803894.159132,Saccade,306.18646240234375,125.125,2496.25048828125
1779803894.469388,Fixation,17.20628547668457,310.25,393.01092529296875
1779803894.614521,Saccade,463.50054931640625,145.129,4127.83203125
1779803894.704632,Fixation,7.946598052978516,90.121,424.67681884765625
1779803894.744643,Saccade,83.21961212158203,40.002,1841.1578369140625
1779803895.240144,Fixation,6.869788646697998,495.502,453.572509765625
1779803895.280132,Saccade,81.34795379638672,39.996,1802.0335693359375
1779803895.67551,Fixation,3.9670066833496094,395.375,356.1181640625
1779803895.714772,Saccade,55.16069030761719,40.007,1391.5294189453125
1779803895.829884,Fixation,8.613550186157227,115.118,461.9591064453125
1779803895.909883,Saccade,250.01174926757812,80.0,2664.85009765625
1779803896.190261,Fixation,32.435646057128906,280.375,429.1535339355469
1779803896.260272,Saccade,45.956478118896484,70.004,1243.3941650390625
1779803896.475517,Fixation,19.71529197692871,215.248,442.5486145019531
1779803896.567228,Saccade,184.50057983398438,91.711,2699.17431640625
1779803896.645639,Fixation,21.647748947143555,78.412,389.49517822265625
1779803896.685639,Saccade,111.42427062988281,40.004,2601.341064453125
1779803896.855761,Fixation,14.294648170471191,170.121,418.4214172363281
1779803897.001017,Saccade,291.0323181152344,145.249,2183.827880859375
1779803897.136139,Fixation,11.706196784973145,135.125,276.0901184082031
1779803897.261139,Saccade,320.29345703125,125.0,3068.949951171875
1779803897.421383,Fixation,2.765171766281128,160.25,496.8018798828125
1779803897.696639,Saccade,482.706298828125,275.251,2741.7861328125
1779803897.776639,Fixation,8.197319984436035,79.999,500.4967956542969
1779803897.816761,Saccade,40.564048767089844,40.126,1163.2022705078125
1779803898.056884,Fixation,13.538573265075684,240.124,405.133544921875
1779803898.252139,Saccade,333.2828674316406,195.25,2620.53564453125
1779803898.342139,Fixation,21.96918296813965,90.001,474.533203125
1779803898.377261,Saccade,84.94636535644531,35.124,2470.23779296875
1779803898.902905,Fixation,15.890835762023926,525.387,343.57110595703125
1779803899.028016,Saccade,285.32147216796875,125.116,2529.341552734375
1779803899.203271,Fixation,25.729476928710938,175.247,403.1043395996094
1779803899.288271,Saccade,31.409330368041992,85.01,1114.383056640625
1779803899.448516,Fixation,11.298099517822266,160.24,488.7615051269531
1779803899.663638,Saccade,189.50318908691406,215.125,1489.5830078125
1779803899.773772,Fixation,25.083786010742188,110.125,500.56427001953125
1779803899.838771,Saccade,116.76428985595703,65.007,1889.920166015625
1779803899.938894,Fixation,9.769537925720215,100.118,405.7987365722656
1779803900.009016,Saccade,181.9997100830078,70.125,2919.458740234375
1779803900.214138,Fixation,13.177834510803223,205.125,399.5929260253906
1779803900.249283,Saccade,68.08426666259766,35.137,1840.4378662109375
1779803900.489394,Fixation,13.046065330505371,240.114,383.8033447265625
1779803900.624527,Saccade,161.05934143066406,135.13,1807.4608154296875
1779803900.829772,Fixation,11.200716018676758,205.244,360.5453796386719
1779803900.869771,Saccade,92.53715515136719,40.0,2085.2578125
1779803901.014894,Fixation,6.639387130737305,145.125,404.2621765136719
1779803901.240138,Saccade,350.05078125,225.25,2990.09912109375
1779803901.365271,Fixation,11.974334716796875,125.125,267.89190673828125
1779803901.420271,Saccade,166.17822265625,55.007,2792.26611328125
1779803901.655516,Fixation,10.440242767333984,235.243,432.1684875488281
1779803901.775327,Saccade,330.66094970703125,120.125,2582.955810546875
1779803902.075583,Fixation,28.012248992919922,300.257,361.6806335449219
1779803902.115582,Saccade,109.59976959228516,39.993,2401.1728515625
1779803902.275705,Fixation,21.306583404541016,160.129,302.8041076660156
1779803902.300827,Saccade,30.790346145629883,25.121,1297.58935546875
1779803902.47596,Fixation,23.971464157104492,175.125,329.1953125
1779803902.621083,Saccade,385.540771484375,145.125,2715.10595703125
1779803902.826327,Fixation,18.74755859375,205.252,365.8228759765625
1779803902.851327,Saccade,37.405670166015625,24.998,1479.8756103515625
1779803903.206594,Fixation,76.02995300292969,355.263,386.32916259765625
1779803903.226705,Saccade,30.54551887512207,20.115,1219.498046875
1779803903.371827,Fixation,70.9571762084961,145.121,292.6161193847656
1779803903.416827,Saccade,14.082223892211914,45.001,1938.859375
1779803903.53696,Fixation,26.612098693847656,120.127,359.7051696777344
1779803903.586949,Saccade,118.18512725830078,49.997,2133.470947265625
1779803903.917327,Fixation,102.41698455810547,330.375,352.5513610839844
1779803903.972327,Saccade,166.86428833007812,55.0,3363.457763671875
1779803904.172583,Fixation,41.726783752441406,200.25,365.0774230957031
1779803904.232583,Saccade,236.7360076904297,60.005,3887.71533203125
1779803904.387705,Fixation,14.059942245483398,155.12,241.06643676757812
1779803904.437705,Saccade,184.1064453125,50.0,3814.120849609375
1779803904.723083,Fixation,21.995807647705078,285.375,324.87255859375
1779803904.898739,Saccade,332.091796875,175.133,2773.900146484375
1779803904.978728,Fixation,32.39359664916992,79.992,591.3284301757812
1779803905.02885,Saccade,196.9970245361328,50.125,4415.16845703125
1779803905.123861,Fixation,102.08613586425781,95.01,734.6818237304688
1779803905.233973,Saccade,457.9496154785156,110.115,5581.8466796875
1779803905.409228,Fixation,316.5238037109375,175.25,744.7711791992188
1779803905.439228,Saccade,47.92888641357422,30.0,2593.64990234375
1779803905.53935,Fixation,46.7239875793457,100.125,588.3650512695312
1779803905.62935,Saccade,555.1495971679688,90.0,6282.353515625
1779803905.759473,Fixation,101.95978546142578,130.125,644.8693237304688
1779803905.824606,Saccade,466.3395690917969,65.125,6863.29150390625
1779803905.934728,Fixation,44.38618087768555,110.125,471.0060119628906
1779803905.969728,Saccade,125.63770294189453,35.0,2695.45947265625
1779803906.09485,Fixation,33.548397064208984,125.125,684.6595458984375
1779803906.18985,Saccade,704.4470825195312,95.0,7697.208984375
1779803906.440117,Fixation,182.09071350097656,250.261,626.9288940429688
1779803906.490228,Saccade,262.2655334472656,50.114,4934.775390625
1779803906.830472,Fixation,72.96450805664062,340.25,507.8880310058594
1779803906.850472,Saccade,28.54051399230957,20.0,1449.1754150390625
1779803906.925606,Fixation,16.55325698852539,75.133,565.145751953125
1779803906.975606,Saccade,208.0334930419922,49.992,2923.864501953125
1779803907.15585,Fixation,53.31010818481445,180.25,681.8255615234375
1779803907.24585,Saccade,465.6640319824219,90.0,5973.5634765625
1779803907.390984,Fixation,85.02272033691406,145.126,615.1216430664062
1779803907.431106,Saccade,147.89093017578125,40.124,3636.34521484375
1779803907.621239,Fixation,46.547481536865234,190.131,446.40240478515625
1779803907.686228,Saccade,90.92562103271484,64.994,1654.2603759765625
1779803908.016647,Fixation,106.95967864990234,330.375,464.94122314453125
1779803908.036647,Saccade,15.883682250976562,20.0,977.1031494140625
1779803908.256891,Fixation,35.167476654052734,220.25,435.12994384765625
1779803908.361891,Saccade,180.40565490722656,105.0,2841.07177734375
1779803908.522147,Fixation,16.985557556152344,160.254,489.1110534667969
1779803908.697269,Saccade,163.15185546875,175.121,2327.672607421875
1779803908.807391,Fixation,85.8781509399414,110.125,480.03057861328125
1779803909.137647,Saccade,786.8565673828125,330.249,5032.130859375
1779803909.21278,Fixation,59.097442626953125,75.138,1277.4910888671875
1779803909.252769,Saccade,81.761962890625,39.993,3199.953125
1779803909.453024,Fixation,92.28829956054688,200.249,765.966552734375
1779803909.548013,Saccade,586.7039794921875,94.996,6442.9619140625
1779803909.793269,Fixation,166.72393798828125,245.249,517.3818359375
1779803909.888391,Saccade,393.342041015625,95.125,4609.4267578125
1779803909.988513,Fixation,96.4122543334961,100.125,686.9122314453125
1779803910.243647,Saccade,164.4202423095703,255.132,2609.51318359375
1779803910.328769,Fixation,47.6908073425293,85.118,577.037841796875
1779803910.473891,Saccade,556.5250854492188,145.125,4514.66064453125
1779803910.584024,Fixation,59.230499267578125,110.135,590.4429321289062
1779803910.704147,Saccade,647.9199829101562,120.115,6144.51513671875
1779803910.818825,Fixation,60.9699592590332,115.125,435.5709228515625
1779803910.853825,Saccade,104.90129852294922,35.0,2961.344482421875
1779803911.063947,Fixation,71.6246337890625,210.125,362.5372314453125
1779803911.114069,Saccade,157.2364501953125,50.125,3628.156982421875
1779803911.459325,Fixation,149.82481384277344,345.25,421.9041748046875
1779803911.524447,Saccade,316.2100830078125,65.125,5163.89306640625
1779803911.63458,Fixation,126.5272216796875,110.128,603.45751953125
1779803911.689569,Saccade,205.43515014648438,54.997,4212.3154296875
1779803911.919836,Fixation,142.21315002441406,230.265,538.7772827148438
1779803912.094958,Saccade,126.49104309082031,175.116,2949.62060546875
1779803912.200069,Fixation,70.58257293701172,105.119,667.7511596679688
1779803912.240069,Saccade,79.13709259033203,40.0,2419.271240234375
1779803912.320202,Fixation,20.59662628173828,80.125,541.694580078125
1779803912.360203,Saccade,102.22798919677734,40.0,2735.616455078125
1779803912.435325,Fixation,61.10251998901367,75.125,602.3801879882812
1779803912.560447,Saccade,86.97223663330078,125.125,3080.136474609375
1779803913.080825,Fixation,38.24784469604492,520.381,364.2423400878906
1779803913.130947,Saccade,61.641807556152344,50.119,1689.115478515625
1779803913.361069,Fixation,62.328269958496094,230.125,321.9869079589844
1779803913.396203,Saccade,72.39989471435547,35.129,1921.960693359375
1779803913.581325,Fixation,12.292588233947754,185.121,255.69277954101562
1779803913.616325,Saccade,57.581138610839844,35.0,1632.9486083984375
1779803913.886687,Fixation,26.73796844482422,270.25,293.9490661621094
1779803914.437187,Saccade,51.07414627075195,550.5,2592.381591796875
1779803914.842576,Fixation,64.71263885498047,405.387,393.6744079589844
1779803914.892687,Saccade,133.69708251953125,50.113,2588.953857421875
1779803915.02282,Fixation,9.4794921875,130.125,426.5067138671875
1779803915.10782,Saccade,24.529172897338867,85.0,2216.136962890625
1779803915.56332,Fixation,14.354761123657227,455.509,391.1546936035156
1779803915.748442,Saccade,58.161293029785156,185.116,2175.214111328125
1779803915.913565,Fixation,14.052505493164062,165.124,452.3135070800781
1779803916.323942,Saccade,269.2481689453125,410.375,4296.20068359375
1779803916.489187,Fixation,63.613189697265625,165.25,805.5355834960938
1779803916.794277,Saccade,76.18212890625,305.25,1798.418701171875
1779803916.874288,Fixation,25.164306640625,80.014,605.63818359375
1779803916.90441,Saccade,60.8639030456543,30.117,1684.5445556640625
1779803917.089521,Fixation,36.45644760131836,185.119,645.8485717773438
1779803917.129532,Saccade,40.4046745300293,40.008,1744.34521484375
1779803917.204654,Fixation,34.289154052734375,75.117,556.0103149414062
1779803917.219655,Saccade,22.33077621459961,15.0,1412.27392578125
1779803917.439899,Fixation,33.244937896728516,220.25,493.5529479980469
1779803917.625021,Saccade,6.137058734893799,185.125,1248.12060546875
1779803917.860277,Fixation,17.580768585205078,235.254,586.2387084960938
1779803917.880277,Saccade,32.36265563964844,19.996,1270.496337890625
1779803918.090399,Fixation,27.624420166015625,210.125,618.5810546875
1779803918.120521,Saccade,91.97979736328125,30.125,2199.251708984375
1779803918.220521,Fixation,50.77585220336914,100.0,657.1243896484375
1779803918.505777,Saccade,76.98487091064453,285.257,1829.1229248046875
1779803918.605899,Fixation,14.652608871459961,100.118,501.9483947753906
1779803918.661021,Saccade,10.077174186706543,55.125,1405.11083984375
1779803918.826154,Fixation,28.78485679626465,165.13,581.9281005859375
1779803918.851155,Saccade,25.254535675048828,24.995,1186.40234375
1779803918.976277,Fixation,27.436777114868164,125.127,537.9268188476562
1779803919.031277,Saccade,129.98707580566406,54.998,2176.550537109375
1779803919.106399,Fixation,24.02518081665039,75.128,512.4567260742188
1779803919.772021,Saccade,684.9251708984375,665.622,3820.097412109375
1779803919.937223,Fixation,179.23858642578125,165.125,760.3280639648438
1779803920.227467,Saccade,455.44830322265625,290.253,3714.465087890625
1779803920.552845,Fixation,66.93688201904297,325.372,393.6157531738281
1779803920.647845,Saccade,159.4110870361328,95.0,2629.072509765625
1779803920.732967,Fixation,31.693349838256836,85.125,446.00592041015625
1779803920.772967,Saccade,116.08753967285156,40.0,2861.34375
1779803920.858089,Fixation,32.673954010009766,85.125,531.2730102539062
1779803920.898089,Saccade,99.6126708984375,40.0,2891.77099609375
1779803921.343478,Fixation,24.259716033935547,445.385,369.3614807128906
1779803921.438601,Saccade,495.61151123046875,95.126,5242.07177734375
1779803921.588723,Fixation,27.97832489013672,150.114,379.4039001464844
1779803921.633856,Saccade,101.56297302246094,45.135,2322.864990234375
1779803921.728845,Fixation,9.17310619354248,94.989,448.3328552246094
1779803921.783967,Saccade,275.6128234863281,55.125,4344.17041015625
1779803921.899089,Fixation,34.7985954284668,115.125,432.2388916015625
1779803921.939089,Saccade,84.4791259765625,40.0,1784.69482421875
1779803922.024089,Fixation,16.20794105529785,85.0,475.7809753417969
1779803922.164212,Saccade,647.1716918945312,140.125,5335.9375
1779803922.319467,Fixation,38.57566833496094,155.25,356.4866943359375
1779803922.399467,Saccade,455.77972412109375,80.0,5664.1796875
1779803922.474589,Fixation,6.180980682373047,75.125,432.45220947265625
1779803923.025449,Saccade,97.49047088623047,550.501,2657.179443359375
1779803923.12046,Fixation,29.817081451416016,95.009,518.5567016601562
1779803923.180571,Saccade,190.20986938476562,60.115,3523.939208984375
1779803924.006327,Fixation,59.7696647644043,825.75,385.7602233886719
1779803924.266571,Saccade,535.876220703125,260.25,2805.084228515625
1779803924.867071,Fixation,11.080890655517578,600.5,303.3172607421875
1779803924.937205,Saccade,308.69976806640625,70.125,4267.3271484375
1779803925.172449,Fixation,22.153453826904297,235.25,320.3397521972656
1779803925.20746,Saccade,84.25923919677734,35.004,2417.3330078125
1779803926.148452,Fixation,24.519168853759766,940.871,245.40377807617188
1779803926.59383,Saccade,480.3750305175781,445.375,2399.302734375
1779803926.673952,Fixation,27.876262664794922,80.125,472.7941589355469
1779803926.768963,Saccade,39.988712310791016,95.011,1363.9814453125
1779803926.959197,Fixation,16.31890106201172,190.239,446.3614807128906
1779803927.389585,Saccade,18.283405303955078,430.386,1187.921875
1779803927.61983,Fixation,8.993682861328125,230.238,463.4369201660156
1779803927.855074,Saccade,535.8236694335938,235.25,3682.955810546875
1779803927.975074,Fixation,30.38211441040039,120.0,377.05755615234375
1779803928.095196,Saccade,171.37200927734375,120.126,2163.508544921875
1779803928.460574,Fixation,27.152395248413086,365.375,274.9045715332031
1779803928.555696,Saccade,474.8857421875,95.124,5031.05810546875
1779803928.73583,Fixation,61.103050231933594,180.125,481.3581237792969
1779803929.011205,Saccade,241.35848999023438,275.25,2508.836669921875
1779803929.106327,Fixation,46.92892074584961,95.125,474.88665771484375
1779803929.21646,Saccade,117.45633697509766,110.131,2132.667236328125
1779803929.371583,Fixation,6.015917778015137,155.12,500.6746520996094
1779803929.561705,Saccade,301.8548583984375,190.124,2140.79931640625
1779803929.641827,Fixation,9.99150276184082,80.125,411.8656311035156
1779803929.691827,Saccade,102.77423858642578,50.0,2516.22900390625
1779803930.197327,Fixation,9.757394790649414,505.5,345.7707824707031
1779803930.257327,Saccade,237.36422729492188,60.0,3521.59375
1779803930.487583,Fixation,15.918415069580078,230.25,372.3826904296875
1779803930.557705,Saccade,291.4805908203125,70.125,4273.60546875
1779803930.802827,Fixation,17.29412841796875,245.125,361.3870849609375
1779803930.892961,Saccade,534.47021484375,90.125,5502.59814453125
1779803931.128216,Fixation,21.596084594726562,235.258,321.0732727050781
1779803931.163205,Saccade,52.598243713378906,34.992,1508.69091796875
1779803931.438461,Fixation,8.97168254852295,275.25,371.93609619140625
1779803931.508594,Saccade,103.66932678222656,70.138,2319.17919921875
1779803931.603583,Fixation,6.934911251068115,94.987,377.31915283203125
1779803931.633583,Saccade,78.60993957519531,30.0,2097.678955078125
1779803931.783827,Fixation,12.355266571044922,150.25,282.21331787109375
1779803931.818838,Saccade,69.74166107177734,35.008,2002.0455322265625
1779803931.983961,Fixation,9.30202865600586,165.117,295.1983337402344
1779803932.064134,Saccade,353.86004638671875,80.125,4062.750244140625
1779803932.349379,Fixation,15.858899116516113,285.25,436.5235595703125
1779803932.679634,Saccade,516.2610473632812,330.25,3267.242431640625
1779803932.759757,Fixation,9.451927185058594,80.125,279.15521240234375
1779803932.854757,Saccade,301.9111022949219,95.004,3400.906005859375
1779803932.93489,Fixation,12.186609268188477,80.123,453.2142639160156
1779803932.974879,Saccade,131.0240478515625,39.998,3014.775634765625
1779803933.320256,Fixation,7.478241920471191,345.375,326.63824462890625
1779803933.365257,Saccade,198.44110107421875,45.0,4449.44091796875
1779803933.515379,Fixation,10.05190658569336,150.125,260.62506103515625
1779803933.570512,Saccade,172.8425750732422,55.125,3256.049560546875
1779803933.710634,Fixation,7.73381233215332,140.125,295.2078857421875
1779803933.740634,Saccade,47.291046142578125,30.0,1491.0985107421875
1779803933.870756,Fixation,9.90153694152832,130.125,286.2896728515625
1779803934.691512,Saccade,208.5623779296875,820.75,2952.654052734375
1779803934.776634,Fixation,29.04697036743164,85.125,585.857177734375
1779803934.826634,Saccade,195.90582275390625,50.0,3812.60302734375
1779803935.006757,Fixation,113.24217224121094,180.124,504.58642578125
1779803935.116612,Saccade,362.004150390625,110.125,4308.3916015625
1779803935.907367,Fixation,177.5254364013672,790.751,347.73846435546875
1779803935.937367,Saccade,39.727386474609375,30.007,1332.0477294921875
1779803936.152612,Fixation,11.64737606048584,215.244,222.99647521972656
1779803936.247745,Saccade,570.0296020507812,95.124,6098.20166015625
1779803936.507867,Fixation,186.2277069091797,260.127,572.8228759765625
1779803936.572989,Saccade,313.1942443847656,65.122,4733.521484375
1779803936.718112,Fixation,95.26162719726562,145.125,583.710693359375
1779803936.753112,Saccade,102.13517761230469,35.0,3118.7509765625
1779803937.64399,Fixation,64.5796890258789,890.875,412.51849365234375
1779803937.69399,Saccade,141.8871307373047,50.0,3075.2431640625
1779803937.974245,Fixation,114.23490905761719,280.25,416.4519348144531
1779803938.008761,Saccade,110.84608459472656,35.125,2342.00927734375
1779803938.128762,Fixation,62.373313903808594,120.0,509.71435546875
1779803938.173884,Saccade,124.3952407836914,45.125,2198.685302734375
1779803938.294006,Fixation,26.953990936279297,120.125,530.9385986328125
1779803938.309006,Saccade,28.397743225097656,15.0,1580.24853515625
1779803938.454139,Fixation,20.847904205322266,145.125,479.5471496582031
1779803938.474139,Saccade,31.52013397216797,20.009,1387.236572265625
1779803938.674261,Fixation,31.78544044494629,200.123,574.8966064453125
1779803938.719384,Saccade,112.30260467529297,45.118,2048.3037109375
1779803938.839517,Fixation,34.894161224365234,120.137,514.4531860351562
1779803939.029639,Saccade,169.48435974121094,190.113,1737.535888671875
1779803939.199761,Fixation,52.175907135009766,170.125,369.01983642578125
1779803939.254884,Saccade,173.89308166503906,55.13,3350.13916015625
1779803939.430006,Fixation,25.739046096801758,175.12,371.4410095214844
1779803939.890384,Saccade,130.990234375,460.375,2321.611572265625
1779803940.235761,Fixation,34.44957733154297,345.375,327.003662109375
1779803940.370884,Saccade,256.8384094238281,135.125,3044.2734375
1779803940.586139,Fixation,45.438602447509766,215.25,411.9398193359375
1779803940.621139,Saccade,55.93801498413086,35.0,1468.722900390625
1779803940.921384,Fixation,41.92069625854492,300.254,452.58172607421875
1779803941.187284,Saccade,405.2197265625,265.246,3157.734130859375
1779803941.312407,Fixation,15.257234573364258,125.128,350.761474609375
1779803941.357407,Saccade,162.61676025390625,44.997,3614.9453125
1779803941.432529,Fixation,5.2394185066223145,75.125,389.6136779785156
1779803941.482529,Saccade,182.1279296875,50.0,3766.16455078125
1779803941.617651,Fixation,3.392930269241333,135.125,249.21136474609375
1779803941.662784,Saccade,98.005126953125,45.125,2359.078369140625
1779803942.008029,Fixation,7.210766792297363,345.25,314.31982421875
1779803942.048029,Saccade,77.431640625,40.0,1768.6361083984375
1779803942.188151,Fixation,3.4784152507781982,140.125,329.2573547363281
1779803942.248284,Saccade,126.24603271484375,60.125,2171.83544921875
1779803942.358407,Fixation,20.04047393798828,110.125,313.74395751953125
1779803942.47354,Saccade,494.4508056640625,115.132,4237.828125
1779803942.573529,Fixation,20.305871963500977,99.993,521.836669921875
1779803942.593529,Saccade,37.75893020629883,20.0,1707.19775390625
1779803942.723651,Fixation,10.268309593200684,130.125,344.7233581542969
1779803943.149162,Saccade,1127.884765625,425.507,4051.705078125
1779803943.299284,Fixation,212.05133056640625,150.118,953.2778930664062
1779803943.719651,Saccade,666.275634765625,420.375,4279.24365234375
1779803943.869784,Fixation,126.75902557373047,150.125,531.4255981445312
1779803943.894773,Saccade,37.55424118041992,24.999,1941.1070556640625
1779803943.979907,Fixation,68.90564727783203,85.126,569.7516479492188
1779803944.014907,Saccade,71.80467987060547,35.0,2198.697509765625
1779803944.300094,Fixation,109.29598999023438,285.254,378.12298583984375
1779803944.325083,Saccade,41.04540252685547,24.995,1509.935791015625
1779803944.525338,Fixation,11.235712051391602,200.251,385.3609619140625
1779803944.560338,Saccade,78.59404754638672,34.999,2153.6787109375
1779803944.945705,Fixation,180.12167358398438,385.375,413.2840881347656
1779803945.035838,Saccade,418.43621826171875,90.126,5353.75439453125
1779803945.366083,Fixation,47.16504669189453,330.249,566.8684692382812
1779803945.446205,Saccade,509.14752197265625,80.125,5328.6484375
1779803945.661338,Fixation,204.3362274169922,215.125,492.1876525878906
1779803945.691338,Saccade,68.31780242919922,30.0,2803.392822265625
1779803945.911583,Fixation,100.04114532470703,220.25,615.0249633789062
1779803946.081705,Saccade,132.679931640625,170.125,2766.980712890625
1779803946.547205,Fixation,155.63226318359375,465.5,415.70074462890625
1779803946.582216,Saccade,68.54981231689453,35.009,1990.6417236328125
1779803947.352437,Fixation,237.44293212890625,770.741,459.8811950683594
1779803947.387438,Saccade,63.87675094604492,35.0,2374.36962890625
1779803947.747815,Fixation,57.29557418823242,360.375,452.7214050292969
1779803947.777815,Saccade,68.65696716308594,30.0,2216.235107421875
1779803947.877938,Fixation,38.766273498535156,100.125,532.9566040039062
1779803947.922938,Saccade,118.91090393066406,45.0,2467.302978515625
1779803948.04806,Fixation,29.22402572631836,125.125,537.5418701171875
1779803948.228182,Saccade,829.0402221679688,180.125,6482.2255859375
1779803948.803682,Fixation,327.1911315917969,575.5,608.6403198242188
1779803948.848815,Saccade,139.94448852539062,45.125,3059.654296875
1779803948.993937,Fixation,23.52718734741211,145.125,366.5050354003906
1779803949.048938,Saccade,8.372817039489746,55.0,3541.165771484375
1779803949.274204,Fixation,186.30299377441406,225.262,539.5084228515625
1779803949.299182,Saccade,71.58491516113281,24.988,2236.687255859375
1779803949.584438,Fixation,30.093881607055664,285.25,634.35693359375
1779803949.614438,Saccade,69.37969207763672,30.0,1843.3951416015625
1779803949.804682,Fixation,23.084552764892578,190.25,512.5272216796875
1779803949.859682,Saccade,193.5053253173828,55.0,3759.0
1779803950.039937,Fixation,94.37784576416016,180.25,464.5362243652344
1779803950.054894,Saccade,30.09245491027832,15.0,1309.92578125
1779803950.250016,Fixation,47.159820556640625,195.125,438.2969665527344
1779803950.285016,Saccade,48.546592712402344,35.0,1239.5009765625
1779803950.480271,Fixation,4.833468914031982,195.255,480.2507019042969
1779803950.530272,Saccade,35.052757263183594,49.995,1272.911865234375
1779803950.89066,Fixation,21.64434814453125,360.388,414.7565002441406
1779803950.935638,Saccade,80.31636810302734,44.987,1723.6351318359375
1779803951.235894,Fixation,8.669082641601562,300.25,404.0312194824219
1779803951.346027,Saccade,56.7808837890625,110.135,1471.6239013671875
1779803951.491149,Fixation,30.05107307434082,145.123,395.5049743652344
1779803951.716394,Saccade,781.2975463867188,225.247,5228.41015625
1779803951.871516,Fixation,178.69874572753906,155.12,527.9703979492188
1779803951.911516,Saccade,180.32891845703125,40.0,4503.98583984375
1779803952.011649,Fixation,33.53678894042969,100.133,503.57281494140625
1779803952.041638,Saccade,43.275550842285156,29.992,1702.8404541015625
1779803952.161772,Fixation,139.53587341308594,120.125,851.4124755859375
1779803952.331894,Saccade,638.7526245117188,170.125,5918.099609375
1779803952.472016,Fixation,90.14282989501953,140.125,876.5680541992188
1779803954.16912,Saccade,270.1364440917969,1696.634,2601.301513671875
1779803954.314243,Fixation,59.520423889160156,145.115,597.3054809570312
1779803954.344243,Saccade,31.421798706054688,30.001,1309.59716796875
1779803955.034865,Fixation,238.8727569580078,690.625,459.5050048828125
1779803955.109987,Saccade,260.02459716796875,75.124,5228.07568359375
1779803955.315109,Fixation,151.2437744140625,205.125,562.56982421875
1779803955.600487,Saccade,117.56063842773438,285.375,2158.01611328125
1779803955.820609,Fixation,5.796109199523926,220.125,521.261962890625
1779803955.960742,Saccade,357.47064208984375,140.125,4411.90185546875
1779803956.676216,Fixation,201.16079711914062,715.75,343.2010803222656
1779803956.706216,Saccade,40.69395065307617,30.0,1341.5660400390625
1779803956.861339,Fixation,57.19103240966797,155.125,416.587158203125
1779803956.88135,Saccade,38.08074188232422,20.009,1434.8079833984375
1779803957.056472,Fixation,132.9418487548828,175.116,444.8780517578125
1779803957.456839,Saccade,247.94439697265625,400.375,4337.939453125
1779803957.777227,Fixation,125.7064208984375,320.39,633.43212890625
1779803957.972339,Saccade,551.862060546875,195.11,5119.9228515625
1779803958.092472,Fixation,198.55551147460938,120.125,904.2045288085938
1779803958.227594,Saccade,224.16468811035156,135.125,4066.87890625
1779803958.367716,Fixation,175.8595733642578,140.125,953.3790283203125
1779803958.397716,Saccade,88.52921295166016,30.0,2491.00927734375
1779803958.502839,Fixation,61.34090805053711,105.125,445.4471740722656
1779803958.522839,Saccade,17.096607208251953,20.0,1226.67333984375
1779803958.667972,Fixation,65.61107635498047,145.125,389.77001953125
1779803958.703094,Saccade,66.1928482055664,35.13,1966.22900390625
1779803958.863216,Fixation,45.48634338378906,160.12,392.027587890625
1779803958.938216,Saccade,87.52642059326172,75.0,1283.6322021484375
1779803959.09335,Fixation,124.50318908691406,155.127,698.99560546875
1779803959.208823,Saccade,113.12626647949219,115.123,1750.1324462890625
1779803959.409068,Fixation,25.729137420654297,200.25,470.97149658203125
1779803959.424068,Saccade,17.019283294677734,15.0,1178.867431640625
1779803959.769323,Fixation,139.5970458984375,345.25,498.9173583984375
1779803959.804446,Saccade,66.89794921875,35.125,1898.22705078125
1779803960.204823,Fixation,168.93743896484375,400.375,507.834716796875
1779803960.434946,Saccade,840.9312133789062,230.125,5512.80517578125
1779803960.555068,Fixation,293.65728759765625,120.125,1120.2247314453125
1779803960.860323,Saccade,164.2361297607422,305.25,2876.767333984375
1779803961.20569,Fixation,41.44585418701172,345.375,575.3059692382812
1779803961.666068,Saccade,281.71826171875,460.375,2520.6240234375
1779803961.77619,Fixation,148.1575927734375,110.125,557.7399291992188
1779803961.931323,Saccade,537.5136108398438,155.125,6264.16455078125
1779803962.101568,Fixation,305.2528991699219,170.25,925.5702514648438
1779803962.141577,Saccade,120.70198822021484,40.0,4315.35888671875
1779803962.246711,Fixation,89.1977310180664,105.133,822.4717407226562
1779803962.286699,Saccade,140.36953735351562,39.992,4361.85302734375
1779803962.476833,Fixation,149.35198974609375,190.125,618.3732299804688
1779803962.506955,Saccade,61.001182556152344,30.125,1780.107666015625
1779803962.712077,Fixation,68.9424819946289,205.124,436.9986572265625
1779803962.797199,Saccade,355.1095275878906,85.126,4657.68798828125
1779803962.982333,Fixation,105.8883285522461,185.124,425.4223937988281
1779803963.012333,Saccade,55.51938247680664,30.0,1685.0252685546875
1779803963.107455,Fixation,14.834090232849121,95.126,383.0738830566406
1779803963.137466,Saccade,35.31128692626953,30.012,1262.0723876953125
1779803963.667955,Fixation,302.5298767089844,530.488,429.958251953125
1779803963.687955,Saccade,25.59805679321289,20.004,1454.7523193359375
1779803964.143455,Fixation,81.19541931152344,455.495,476.15911865234375
1779803964.178455,Saccade,93.57842254638672,35.005,2414.235595703125
1779803964.378577,Fixation,22.897537231445312,200.12,670.1089477539062
1779803964.473699,Saccade,75.7773666381836,95.125,2619.493896484375
1779803965.199164,Fixation,187.7566375732422,725.75,484.4295654296875
1779803965.234164,Saccade,56.75795364379883,35.0,1546.5869140625
1779803965.609542,Fixation,53.64756393432617,375.375,465.15936279296875
1779803965.799664,Saccade,25.997940063476562,190.125,2242.6513671875
1779803966.225042,Fixation,181.74383544921875,425.386,387.61029052734375
1779803966.320164,Saccade,505.189208984375,95.114,5289.728515625
1779803966.450286,Fixation,78.0707015991211,130.125,389.5911865234375
1779803966.540286,Saccade,573.5738525390625,90.0,5487.4462890625
1779803966.690542,Fixation,56.0887451171875,150.25,620.6034545898438
1779803966.720541,Saccade,43.92512130737305,30.0,1658.7296142578125
1779803967.331042,Fixation,190.47727966308594,610.51,443.0938415527344
1779803967.376164,Saccade,7.988283634185791,45.115,1637.25341796875
1779803967.561286,Fixation,46.30405044555664,185.125,276.7458190917969
1779803967.591286,Saccade,76.88827514648438,30.0,2470.3125
1779803967.966664,Fixation,87.6910400390625,375.378,294.58575439453125
1779803968.001664,Saccade,90.74093627929688,34.997,2650.1884765625
1779803969.092965,Fixation,45.35414505004883,1091.0,255.7801055908203
1779803969.123098,Saccade,77.06956481933594,30.134,2658.7412109375
1779803969.293209,Fixation,167.32762145996094,170.116,516.0226440429688
1779803969.318209,Saccade,58.770042419433594,25.0,1705.7098388671875
1779803969.763587,Fixation,42.774967193603516,445.375,333.718505859375
1779803969.798709,Saccade,69.2659683227539,35.125,2022.1712646484375
1779803972.350819,Fixation,467.8077392578125,2552.25,327.7250061035156
1779803972.676197,Saccade,555.0496826171875,325.378,4185.9912109375
1779803972.801319,Fixation,21.34027862548828,125.122,413.6933898925781
1779803972.831319,Saccade,43.905738830566406,30.008,1446.8524169921875
1779803976.46473,Fixation,93.84537506103516,3633.367,184.84555053710938
1779803976.50973,Saccade,8.834576606750488,45.0,1610.7530517578125
1779803979.928109,Fixation,193.70394897460938,3418.125,215.53245544433594
1779803980.168354,Saccade,389.7099914550781,240.25,3639.832275390625
1779803980.453688,Fixation,8.450630187988281,285.25,324.5162658691406
1779803980.593811,Saccade,46.652652740478516,140.129,1300.2279052734375
1779803981.925066,Fixation,600.005615234375,1331.246,361.06378173828125
1779803981.965066,Saccade,65.79877471923828,40.009,1659.6055908203125
1779803982.470555,Fixation,58.66426086425781,505.49,265.73638916015625
1779803982.550688,Saccade,306.07611083984375,80.125,4644.44921875
1779803982.815933,Fixation,333.96844482421875,265.251,558.0029907226562
1779803982.850933,Saccade,81.20386505126953,35.0,2878.922607421875
1779803983.011066,Fixation,154.13682556152344,160.136,559.3950805664062
1779803983.056066,Saccade,130.6153106689453,44.989,3793.480712890625
1779803983.141188,Fixation,44.504173278808594,85.125,624.5029296875
1779803983.196311,Saccade,119.42604064941406,55.124,2320.1669921875
1779803984.832008,Fixation,77.47704315185547,1636.501,218.57540893554688
1779803984.98213,Saccade,492.18695068359375,150.125,3705.776611328125
1779803985.467508,Fixation,12.183330535888672,485.375,344.0885925292969
1779803985.722764,Saccade,574.4931640625,255.254,3419.796875
1779803985.817886,Fixation,3.240554094314575,95.12,278.5491638183594
1779803985.847886,Saccade,58.34492874145508,30.005,1784.48876953125
1779803987.084599,Fixation,17.537965774536133,1236.129,215.99722290039062
1779803987.14971,Saccade,225.3758087158203,65.116,3550.8935546875
1779803987.264832,Fixation,12.252985954284668,115.125,277.725341796875
1779803987.439966,Saccade,401.2386169433594,175.125,3541.681396484375
1779803987.910355,Fixation,583.0855712890625,470.388,636.633056640625
1779803987.935466,Saccade,42.304988861083984,25.112,2320.654052734375
1779803988.611088,Fixation,119.87004852294922,675.625,232.30047607421875
1779803988.631088,Saccade,21.770442962646484,20.0,1086.1160888671875
1779803989.081466,Fixation,8.618307113647461,450.379,207.69732666015625
1779803989.101466,Saccade,18.642404556274414,19.996,936.9586791992188
1779803989.281588,Fixation,2.8961281776428223,180.125,211.08473205566406
1779803989.32129,Saccade,67.89253997802734,40.125,1744.9417724609375
1779803989.611546,Fixation,9.016191482543945,290.25,193.32725524902344
1779803989.646545,Saccade,67.58257293701172,35.0,1958.92626953125
1779803990.207046,Fixation,14.241065979003906,560.5,185.76991271972656
1779803990.362168,Saccade,194.4297332763672,155.125,2402.815185546875
1779803991.112912,Fixation,277.0646667480469,750.75,396.2856750488281
1779803991.147912,Saccade,76.43248748779297,35.0,2027.304931640625
1779803991.54329,Fixation,196.94985961914062,395.375,356.145751953125
1779803991.793545,Saccade,383.2664794921875,250.25,3836.4990234375
1779803991.958668,Fixation,73.52127075195312,165.125,569.5180053710938
1779803991.983668,Saccade,23.797420501708984,25.0,1244.2603759765625
1779803992.238912,Fixation,46.8594856262207,255.25,209.37452697753906
1779803992.284045,Saccade,144.46527099609375,45.125,3156.209716796875
1779803992.394046,Fixation,43.166770935058594,110.0,326.1484680175781
1779803992.414257,Saccade,21.75638198852539,20.125,993.2410888671875
1779803995.316879,Fixation,36.5937614440918,2902.625,221.88189697265625
1779803995.356879,Saccade,147.00228881835938,40.0,3678.680419921875
1779803996.963279,Fixation,50.222694396972656,1606.5,245.98182678222656
1779803997.018401,Saccade,2.6034224033355713,55.125,2065.953125
1779804003.524513,Fixation,373.02191162109375,6506.0,215.0675506591797
1779804003.544524,Saccade,21.867874145507812,20.006,1099.419921875
1779804007.824075,Fixation,240.294677734375,4278.994,251.34860229492188
1779804008.254453,Saccade,1110.522216796875,430.375,3329.118408203125
1779804008.384575,Fixation,35.183006286621094,130.125,562.3289794921875
1779804008.394575,Saccade,25.99781608581543,10.0,1597.7645263671875
1779804010.246209,Fixation,665.2626342773438,1851.625,310.45068359375
1779804010.386331,Saccade,21.41085433959961,140.129,1731.884033203125
1779804012.02215,Fixation,36.3441047668457,1636.621,225.46047973632812
1779804012.237272,Saccade,33.2364387512207,215.125,2404.655517578125
1779804013.083028,Fixation,28.3931827545166,845.75,214.53298950195312
1779804013.10815,Saccade,31.35466194152832,25.124,1235.2764892578125
1779804013.463406,Fixation,80.9852066040039,355.251,292.9248962402344
1779804013.679231,Saccade,519.572998046875,215.249,4860.119140625
1779804013.764231,Fixation,96.5194320678711,85.0,862.8257446289062
1779804013.984486,Saccade,500.57763671875,220.251,3541.571044921875
1779804014.094609,Fixation,12.538311004638672,110.124,427.5279846191406
1779804014.324853,Saccade,605.3649291992188,230.25,4118.56640625
1779804014.424853,Fixation,35.6995964050293,100.001,792.8674926757812
1779804014.600109,Saccade,803.78369140625,175.25,5832.5693359375
1779804014.865353,Fixation,207.82858276367188,265.249,420.1830749511719
1779804014.895364,Saccade,61.02886962890625,30.007,1856.4932861328125
1779804015.115486,Fixation,59.938934326171875,220.119,212.53842163085938
1779804015.145609,Saccade,59.47344207763672,30.124,1593.7303466796875
1779804015.721109,Fixation,83.77466583251953,575.5,267.0450744628906
1779804015.756109,Saccade,89.56259155273438,35.0,2722.217529296875
1779804016.211486,Fixation,24.563661575317383,455.376,246.35833740234375
1779804016.236609,Saccade,30.829469680786133,25.124,1115.6746826171875
1779804016.446731,Fixation,32.97919464111328,210.125,292.670166015625
1779804016.481731,Saccade,105.97673034667969,35.001,3211.1181640625
1779804016.882407,Fixation,21.760887145996094,400.374,252.9034423828125
1779804016.917529,Saccade,49.441261291503906,35.129,1529.1690673828125
1779804017.027663,Fixation,7.790425777435303,110.126,260.5581970214844
1779804017.057663,Saccade,41.470497131347656,30.004,1437.1239013671875
1779804018.098529,Fixation,62.35924530029297,1040.867,231.82594299316406
1779804018.128652,Saccade,36.680721282958984,30.124,1246.888916015625
1779804018.423907,Fixation,16.4602108001709,295.25,193.5785369873047
1779804018.458907,Saccade,61.942466735839844,35.0,1785.18701171875
1779804018.939407,Fixation,51.864105224609375,480.5,210.68304443359375
1779804018.989407,Saccade,124.70870208740234,50.0,2731.27734375
1779804019.841941,Fixation,32.971073150634766,853.358,220.5514678955078
1779804019.859341,Saccade,29.124162673950195,17.395,1187.157470703125
1779804020.40483,Fixation,3.210818290710449,545.497,206.0382843017578
1779804020.439963,Saccade,46.46888732910156,35.133,1382.3292236328125
1779804020.89033,Fixation,37.89456558227539,450.367,259.22509765625
1779804021.090474,Saccade,114.46991729736328,200.138,2539.942138671875
1779804021.40083,Fixation,32.17945861816406,310.362,224.49917602539062
1779804021.435841,Saccade,59.54996109008789,35.007,1592.566162109375
1779804021.585963,Fixation,76.1480712890625,150.122,451.0155029296875
1779804021.626085,Saccade,139.08750915527344,40.121,3010.56005859375
1779804021.956341,Fixation,48.258235931396484,330.256,263.660888671875
1779804021.98133,Saccade,40.54127502441406,24.994,1397.8905029296875
1779804022.586963,Fixation,96.48509979248047,605.625,273.6497802734375
1779804022.837776,Saccade,737.516357421875,250.125,3755.146240234375
1779804023.08802,Fixation,353.83062744140625,250.25,750.87890625
1779804023.243154,Saccade,228.20628356933594,155.125,3047.614013671875
1779804023.328276,Fixation,54.47056579589844,85.125,499.3877258300781
1779804023.433398,Saccade,540.0200805664062,105.125,5911.82177734375
1779804023.608521,Fixation,206.9358367919922,175.125,781.3704223632812
1779804023.63352,Saccade,53.21492385864258,25.0,2996.514892578125
1779804024.234154,Fixation,71.6477279663086,600.625,368.4949951171875
1779804024.389276,Saccade,616.0864868164062,155.125,4499.09814453125
1779804024.499398,Fixation,73.919677734375,110.125,819.5540771484375
1779804024.559398,Saccade,344.0931091308594,60.0,5893.91650390625
1779804024.699543,Fixation,82.58936309814453,140.139,466.2193908691406
1779804024.844654,Saccade,576.3433227539062,145.111,5658.13525390625
1779804025.360154,Fixation,340.4169616699219,515.5,448.0831298828125
1779804025.380154,Saccade,25.374744415283203,20.0,1423.0712890625
1779804025.855501,Fixation,33.990257263183594,475.5,242.36636352539062
1779804025.890501,Saccade,58.1923713684082,35.0,1543.3590087890625
1779804026.611123,Fixation,303.7688903808594,720.625,414.9599304199219
1779804026.636245,Saccade,25.344036102294922,25.125,1179.875
1779804026.786368,Fixation,27.634767532348633,150.125,317.0350036621094
1779804026.821379,Saccade,105.46940612792969,35.002,2803.44091796875
1779804027.111623,Fixation,76.51171112060547,290.248,355.53472900390625
1779804027.146623,Saccade,63.51612854003906,35.0,1633.7373046875
1779804027.622123,Fixation,57.57741165161133,475.5,389.6868591308594
1779804027.867368,Saccade,794.3936157226562,245.25,4809.16796875
1779804027.992501,Fixation,11.336155891418457,125.125,570.3645629882812
1779804028.027501,Saccade,55.823883056640625,35.004,1577.9674072265625
1779804028.107501,Fixation,10.719508171081543,79.996,518.3424682617188
1779804028.137623,Saccade,51.45309829711914,30.125,1578.5816650390625
1779804028.222623,Fixation,23.026792526245117,85.0,443.8363342285156
1779804028.262745,Saccade,88.0782470703125,40.125,2142.045166015625
1779804031.465511,Fixation,66.98389434814453,3202.875,319.7953186035156
1779804031.620633,Saccade,125.9003677368164,155.125,1637.364501953125
1779804031.881066,Fixation,23.071718215942383,260.25,345.0821533203125
1779804031.916188,Saccade,78.72076416015625,35.125,2118.590576171875
1779804032.021188,Fixation,5.107634544372559,105.003,280.2179260253906
1779804032.071311,Saccade,121.75535583496094,50.126,2400.193603515625
1779804033.15731,Fixation,17.377992630004883,1085.996,325.7772216796875
1779804033.20731,Saccade,127.70899963378906,50.0,2933.18310546875
1779804033.332433,Fixation,14.277161598205566,125.125,250.40447998046875
1779804033.357433,Saccade,29.290319442749023,25.0,1181.368896484375
1779804035.559049,Fixation,55.57597732543945,2202.001,317.328125
1779804035.579182,Saccade,20.155298233032227,20.124,1163.0443115234375
1779804036.019549,Fixation,8.814000129699707,440.375,307.8636474609375
1779804036.074549,Saccade,164.3802032470703,55.0,2676.522216796875
1779804036.509927,Fixation,9.551509857177734,435.375,410.27685546875
1779804036.535049,Saccade,22.94798469543457,25.125,963.65869140625
1779804036.880316,Fixation,7.627850532531738,345.262,507.49615478515625
1779804036.930438,Saccade,5.510164260864258,50.124,1021.763427734375
1779804037.185549,Fixation,2.0230610370635986,255.114,402.43377685546875
1779804037.355804,Saccade,233.677734375,170.25,2155.90625
1779804038.047031,Fixation,26.423513412475586,690.625,266.00262451171875
1779804038.117042,Saccade,14.95501708984375,70.005,5657.62109375
1779804042.865673,Fixation,273.265380859375,4749.369,265.27978515625
1779804042.940795,Saccade,13.391839981079102,75.125,1033.7685546875
1779804044.887681,Fixation,172.96046447753906,1946.759,288.01373291015625
1779804044.942803,Saccade,6.478900909423828,55.116,2597.597900390625
1779804045.768548,Fixation,86.5154800415039,825.75,336.63909912109375
1779804045.78357,Saccade,13.864202499389648,15.015,971.6661987304688
1779804046.198926,Fixation,37.576133728027344,415.36,371.2301330566406
1779804046.213926,Saccade,14.400177955627441,15.0,969.4903564453125
1779804047.180252,Fixation,108.31590270996094,965.875,329.36004638671875
1779804047.225385,Saccade,4.271907329559326,45.136,1404.5723876953125
1779804048.846874,Fixation,118.80329895019531,1621.489,341.7243347167969
1779804048.891874,Saccade,149.18809509277344,45.0,3238.888671875
1779804049.036997,Fixation,11.746397018432617,145.125,399.1915283203125
1779804049.147119,Saccade,188.15328979492188,110.125,2778.283447265625
1779804051.408721,Fixation,24.577007293701172,2262.125,268.0403137207031
1779804051.538843,Saccade,408.7504577636719,130.125,3339.677001953125
1779804051.648843,Fixation,68.69757843017578,110.0,567.0265502929688
1779804051.663843,Saccade,20.338165283203125,15.0,1196.7689208984375
1779804053.916166,Fixation,690.1207885742188,2252.125,336.0456848144531
1779804053.951166,Saccade,65.04650115966797,35.0,1772.3509521484375
1779804054.366544,Fixation,49.15239334106445,415.375,298.083251953125
1779804054.401677,Saccade,69.53776550292969,35.137,2343.123291015625
1779804055.367544,Fixation,120.54782104492188,965.863,313.4173889160156
1779804055.402544,Saccade,91.95342254638672,35.0,2461.75537109375
1779804055.712789,Fixation,70.89799499511719,310.25,343.1151428222656
1779804055.848424,Saccade,122.30352020263672,135.125,2322.002685546875
1779804056.393935,Fixation,74.18424224853516,545.512,334.2750549316406
1779804056.429046,Saccade,78.6340560913086,35.113,2282.18408203125
1779804057.570046,Fixation,60.871910095214844,1141.0,255.9226531982422
1779804057.77529,Saccade,16.016738891601562,205.25,1979.577880859375
1779804058.871121,Fixation,26.819488525390625,1096.0,220.8456268310547
1779804058.916132,Saccade,96.3560562133789,45.004,2176.772216796875
1779804059.206377,Fixation,4.180535793304443,290.246,224.7036895751953
1779804059.246388,Saccade,95.58747100830078,40.008,2397.526611328125
1779804059.791999,Fixation,5.800267696380615,545.617,214.70399475097656
1779804059.831999,Saccade,89.25658416748047,40.0,2247.302001953125
1779804060.247377,Fixation,76.33132934570312,415.375,224.0399932861328
1779804060.377499,Saccade,485.48004150390625,130.125,5172.22119140625
1779804060.552621,Fixation,364.8795471191406,175.125,894.7745361328125
1779804060.662755,Saccade,644.5523681640625,110.125,5728.712890625
1779804060.857877,Fixation,77.98438262939453,195.125,649.650146484375
1779804060.882999,Saccade,61.79069137573242,25.125,2087.61865234375
1779804062.77474,Fixation,160.36801147460938,1891.75,341.5165710449219
1779804062.944862,Saccade,907.3160400390625,170.125,4888.48291015625
1779804063.124995,Fixation,283.6573181152344,180.134,769.5948486328125
1779804063.149984,Saccade,79.14881134033203,24.991,2189.25048828125
1779804063.275106,Fixation,16.098201751708984,125.125,517.7705688476562
1779804063.420239,Saccade,467.9970397949219,145.125,5539.677734375
1779804063.790606,Fixation,322.7688903808594,370.375,559.9397583007812
1779804063.820606,Saccade,38.52467346191406,30.0,1268.4327392578125
1779804064.631362,Fixation,140.86744689941406,810.75,279.7624816894531
1779804064.726484,Saccade,3.651510000228882,95.125,2209.890380859375
1779804064.991548,Fixation,73.00582885742188,265.261,431.6678771972656
1779804065.026537,Saccade,62.82479476928711,34.989,1840.9796142578125
1779804065.464482,Fixation,40.451412200927734,437.948,228.00540161132812
1779804065.507037,Saccade,127.94844818115234,42.552,3228.12109375
1779804065.867293,Fixation,24.938749313354492,360.259,281.2093811035156
1779804066.012537,Saccade,74.4626693725586,145.241,1899.68896484375
1779804066.232659,Fixation,5.705498695373535,220.125,256.61358642578125
1779804066.267659,Saccade,60.763145446777344,35.0,1614.9541015625
1779804067.148537,Fixation,44.74111557006836,880.875,211.83282470703125
1779804067.193537,Saccade,103.1324234008789,45.0,2308.7041015625
1779804067.649037,Fixation,8.854201316833496,455.499,203.9263916015625
1779804067.689037,Saccade,102.1826400756836,40.001,2579.90185546875
1779804068.05942,Fixation,20.071691513061523,370.374,229.12774658203125
1779804068.359676,Saccade,35.61180877685547,300.251,2654.3251953125
1779804069.25042,Fixation,44.989967346191406,890.749,235.23675537109375
1779804069.290554,Saccade,93.50606536865234,40.125,2343.695068359375
1779804069.861053,Fixation,3.3434457778930664,570.5,198.2113494873047
1779804069.911053,Saccade,166.2171630859375,50.001,3316.814208984375
1779804070.351431,Fixation,17.34124755859375,440.385,254.9713592529297
1779804070.386554,Saccade,92.19535064697266,35.114,2651.24462890625
1779804071.80822,Fixation,6.077162742614746,1421.25,206.57876586914062
1779804071.923342,Saccade,81.60919189453125,115.125,1295.537353515625
1779804072.25872,Fixation,2.8373594284057617,335.375,201.2101593017578
1779804072.27872,Saccade,35.223663330078125,20.0,1757.904541015625
1779804072.463842,Fixation,24.037813186645508,185.125,257.4999084472656
1779804072.508853,Saccade,158.15249633789062,45.009,3528.20556640625
1779804073.064476,Fixation,13.652833938598633,555.616,241.6003875732422
1779804073.089475,Saccade,37.07852554321289,25.0,1484.5189208984375
1779804073.644975,Fixation,7.967223167419434,555.5,184.25733947753906
1779804073.674975,Saccade,34.879940032958984,30.0,1159.03466796875
1779804074.530386,Fixation,17.224077224731445,855.75,202.26251220703125
1779804074.735642,Saccade,87.35260772705078,205.25,3871.62158203125
1779804076.151886,Fixation,47.647247314453125,1416.25,232.4288330078125
1779804076.192008,Saccade,78.60172271728516,40.125,1990.8001708984375
1779804076.847642,Fixation,620.6566772460938,655.625,573.4342651367188
1779804076.892642,Saccade,24.55447006225586,45.0,1977.2376708984375
1779804078.083714,Fixation,155.201416015625,1191.125,460.59271240234375
1779804078.098714,Saccade,47.51427459716797,15.002,1928.4573974609375
1779804079.529958,Fixation,940.7457275390625,1431.248,444.26025390625
1779804079.670092,Saccade,47.85835647583008,140.126,1999.8275146484375
1779804081.411418,Fixation,466.2270812988281,1741.624,580.4122314453125
1779804081.466541,Saccade,76.35069274902344,55.125,3311.649169921875
1779804083.583409,Fixation,477.026123046875,2116.875,552.0542602539062
1779804083.613532,Saccade,53.77849578857422,30.125,1859.2017822265625
1779804084.013787,Fixation,20.04823875427246,400.258,477.0788269042969
1779804084.174032,Saccade,83.80017852783203,160.242,1416.907470703125
1779804084.314165,Fixation,31.62567710876465,140.132,504.8767395019531
1779804084.339165,Saccade,32.95002746582031,25.004,1174.286865234375
1779804084.66941,Fixation,121.91315460205078,330.239,514.0809326171875
1779804084.849654,Saccade,107.79579162597656,180.25,3181.90869140625
1779804086.756919,Fixation,624.2688598632812,1906.758,390.9177551269531
1779804086.86203,Saccade,341.02764892578125,105.117,4459.96142578125
1779804087.287407,Fixation,569.5245361328125,425.375,606.8888549804688
1779804087.357408,Saccade,393.02569580078125,69.999,4598.17529296875
1779804087.627652,Fixation,171.48129272460938,270.252,749.0691528320312
1779804087.697785,Saccade,248.36244201660156,70.124,4817.92919921875
1779804088.328285,Fixation,354.6392517089844,630.499,575.9208984375
1779804088.443408,Saccade,478.01507568359375,115.126,5977.365234375
1779804089.764306,Fixation,443.1781005859375,1321.249,359.180419921875
1779804089.874439,Saccade,29.584108352661133,110.134,1507.2374267578125
1779804089.999562,Fixation,54.20865249633789,125.116,499.4582214355469
1779804090.039562,Saccade,133.2923583984375,40.0,3312.73876953125
1779804090.43494,Fixation,40.01222229003906,395.376,256.134765625
1779804090.48494,Saccade,198.2586212158203,49.999,4011.24169921875
1779804090.715184,Fixation,13.749322891235352,230.25,262.0461120605469
1779804090.780306,Saccade,324.1535339355469,65.125,5004.3779296875
1779804091.01544,Fixation,25.296436309814453,235.125,325.6801452636719
1779804091.060562,Saccade,79.89027404785156,45.125,1689.14111328125
1779804091.926306,Fixation,208.87759399414062,865.75,491.992431640625
1779804091.946306,Saccade,31.6473445892334,20.0,1973.8287353515625
1779804092.191249,Fixation,166.11917114257812,245.25,412.21826171875
1779804092.206249,Saccade,12.778570175170898,15.0,1196.3790283203125
1779804092.436493,Fixation,31.187654495239258,230.25,307.153076171875
1779804092.551627,Saccade,45.39784240722656,115.125,1934.3875732421875
1779804093.142127,Fixation,102.25808715820312,590.5,360.0401611328125
1779804093.272249,Saccade,541.1624755859375,130.125,5272.416015625
1779804098.331893,Fixation,443.030517578125,5059.638,268.4747009277344
1779804098.397005,Saccade,84.50973510742188,65.112,1268.045654296875
1779804098.777382,Fixation,73.82813262939453,380.375,618.7756958007812
1779804098.862382,Saccade,62.073455810546875,85.0,1979.7647705078125
1779804099.037638,Fixation,55.42677307128906,175.255,469.9171142578125
1779804099.082638,Saccade,230.3875732421875,45.005,4014.4033203125
1779804099.24776,Fixation,81.85081481933594,165.117,529.2662353515625
1779804099.272771,Saccade,32.2803840637207,25.007,1197.267822265625
1779804099.448005,Fixation,103.02306365966797,175.241,467.03857421875
1779804099.518005,Saccade,313.23333740234375,70.0,4432.345703125
1779804099.71826,Fixation,63.8343620300293,200.25,589.2474365234375
1779804099.74326,Saccade,24.56769371032715,25.002,1400.010498046875
1779804099.83826,Fixation,18.412199020385742,94.998,584.4160766601562
1779804099.868382,Saccade,43.20927810668945,30.125,1565.157958984375
1779804101.910737,Fixation,208.55052185058594,2041.875,351.1531982421875
1779804101.970737,Saccade,4.463933944702148,60.0,4114.94384765625
1779804102.686492,Fixation,49.83927536010742,715.753,295.7591552734375
1779804102.706481,Saccade,19.091346740722656,19.997,956.2098388671875
1779804105.403902,Fixation,179.569091796875,2697.5,280.85791015625
1779804105.423902,Saccade,17.248838424682617,20.0,876.855224609375
1779804106.865158,Fixation,121.25572967529297,1441.25,243.6822967529297
1779804107.180867,Saccade,368.5243835449219,315.375,2546.072998046875
1779804107.325989,Fixation,4.847859859466553,145.125,452.9217529296875
1779804107.476111,Saccade,20.477006912231445,150.125,1754.166015625
1779804108.166744,Fixation,677.3576049804688,690.63,520.2821044921875
1779804108.201733,Saccade,61.27937316894531,34.995,2156.832763671875
1779804108.912489,Fixation,61.149742126464844,710.75,284.1525573730469
1779804109.037489,Saccade,10.555218696594238,125.0,1767.7237548828125
1779804109.457989,Fixation,49.083927154541016,420.5,248.85304260253906
1779804109.497989,Saccade,76.31655883789062,40.0,1863.5059814453125
1779804109.798234,Fixation,6.050918102264404,300.251,246.3695068359375
1779804109.843233,Saccade,122.4112319946289,44.999,2735.5390625
1779804110.063489,Fixation,4.799314498901367,220.25,223.3358612060547
1779804110.088489,Saccade,29.997812271118164,25.0,1194.929931640625
1779804110.233404,Fixation,10.696663856506348,145.125,234.7896728515625
1779804110.263526,Saccade,71.14306640625,30.125,2004.9991455078125
1779804110.608782,Fixation,14.337590217590332,345.25,232.2433624267578
1779804110.628782,Saccade,21.528724670410156,20.0,1022.3563842773438
1779804111.60966,Fixation,140.314208984375,980.875,316.9093933105469
1779804111.649782,Saccade,102.6831283569336,40.125,2601.030517578125
1779804112.880904,Fixation,36.94778060913086,1231.125,270.0168151855469
1779804112.910904,Saccade,65.18619537353516,29.999,2459.99560546875
1779804113.561015,Fixation,41.65100860595703,650.626,271.8305969238281
1779804113.606015,Saccade,121.1941146850586,44.999,2878.02685546875
1779804113.776148,Fixation,4.262974739074707,170.126,326.0334167480469
1779804113.79627,Saccade,20.653871536254883,20.129,1006.700927734375
1779804114.176515,Fixation,238.15237426757812,380.245,424.56634521484375
1779804114.226648,Saccade,27.842260360717773,50.126,2831.301513671875
1779804114.657015,Fixation,344.04022216796875,430.374,621.7642211914062
1779804114.677015,Saccade,17.961353302001953,20.0,1062.23779296875
1779804115.257515,Fixation,417.13067626953125,580.501,500.5003967285156
1779804115.292637,Saccade,50.700286865234375,35.124,2365.814697265625
1779804115.46277,Fixation,101.42056274414062,170.125,421.5214538574219
1779804115.49777,Saccade,92.69811248779297,35.001,2488.07763671875
1779804116.839466,Fixation,757.063232421875,1341.249,495.9900817871094
1779804116.884466,Saccade,3.9481923580169678,45.0,1043.795166015625
1779804117.480099,Fixation,176.4110565185547,595.626,489.2203369140625
1779804117.500088,Saccade,26.423786163330078,19.999,1324.6658935546875
1779804117.935477,Fixation,22.962825775146484,435.382,438.5124816894531
1779804117.955466,Saccade,26.223051071166992,19.993,1135.1827392578125
1779804118.065588,Fixation,41.54312515258789,110.125,501.2010498046875
1779804118.080588,Saccade,25.241188049316406,15.0,1438.11181640625
1779804118.255844,Fixation,120.26644897460938,175.254,564.5100708007812
1779804118.270844,Saccade,25.185401916503906,14.996,1370.31103515625
1779804118.405966,Fixation,8.458006858825684,135.125,494.2264099121094
1779804118.430966,Saccade,28.334537506103516,25.0,1171.6961669921875
1779804118.515966,Fixation,8.934671401977539,85.002,478.90594482421875
1779804118.531088,Saccade,14.745604515075684,15.123,1242.6346435546875
1779804119.781648,Fixation,330.39501953125,1251.125,452.9327392578125
1779804119.801648,Saccade,19.69953155517578,20.0,1054.8154296875
1779804121.278015,Fixation,1056.35595703125,1476.375,606.5982666015625
1779804121.293037,Saccade,30.233558654785156,15.012,1529.401123046875
1779804121.608282,Fixation,122.01467895507812,315.244,513.6992797851562
1779804121.673393,Saccade,148.0093231201172,65.119,3455.25146484375
1779804121.753393,Fixation,96.13231658935547,80.0,662.8577880859375
1779804121.773515,Saccade,63.385772705078125,20.125,2209.90625
1779804122.068771,Fixation,177.3592529296875,295.25,399.284912109375
1779804122.228893,Saccade,15.613595962524414,160.125,2321.7861328125
1779804122.92484,Fixation,22.47834014892578,695.625,288.5531921386719
1779804123.059973,Saccade,108.85484313964844,135.125,1711.53076171875
1779804124.04584,Fixation,26.44530487060547,985.875,269.296630859375
1779804124.080973,Saccade,40.69828796386719,35.125,1166.2821044921875
1779804124.47634,Fixation,24.8790283203125,395.375,228.24656677246094
1779804124.501351,Saccade,37.134521484375,25.003,1486.123779296875
1779804124.861595,Fixation,23.08245849609375,360.247,259.8530578613281
1779804124.901717,Saccade,81.30856323242188,40.125,2016.2569580078125
1779804125.06184,Fixation,11.044046401977539,160.125,259.0556335449219
1779804125.08184,Saccade,17.22880744934082,20.0,852.4453125
1779804125.667315,Fixation,11.29347038269043,585.506,248.23069763183594
1779804125.692438,Saccade,31.520065307617188,25.119,1298.6466064453125
1779804126.162804,Fixation,18.19599151611328,470.375,252.70472717285156
1779804126.322938,Saccade,42.554866790771484,160.125,1651.2847900390625
1779804126.43806,Fixation,23.890378952026367,115.125,523.7650146484375
1779804126.463071,Saccade,25.75069808959961,25.013,1090.5687255859375
1779804126.688304,Fixation,19.462202072143555,225.237,340.334228515625
1779804126.94356,Saccade,119.5413818359375,255.25,3791.565673828125
1779804127.168682,Fixation,21.94026756286621,225.125,459.79754638671875
1779804127.193805,Saccade,34.565704345703125,25.125,1375.8780517578125
1779804127.52406,Fixation,42.544857025146484,330.25,224.25587463378906
1779804127.564071,Saccade,105.40772247314453,40.009,2811.076171875
1779804128.11956,Fixation,32.6690788269043,555.491,278.0828552246094
1779804128.184682,Saccade,306.8689880371094,65.125,4537.82421875
1779804128.344805,Fixation,13.668600082397461,160.125,293.0884704589844
1779804128.369574,Saccade,22.598230361938477,25.0,950.739501953125
1779804128.569829,Fixation,33.1264762878418,200.25,341.15673828125
1779804128.694952,Saccade,293.0483703613281,125.125,3613.616455078125
1779804129.190329,Fixation,12.429141998291016,495.375,300.9676513671875
1779804129.235451,Saccade,102.37931823730469,45.125,2325.131591796875
1779804130.536585,Fixation,436.7593994140625,1301.128,452.3864440917969
1779804130.576707,Saccade,133.72023010253906,40.122,2790.207763671875
1779804130.816829,Fixation,301.0052795410156,240.125,779.1699829101562
1779804131.027096,Saccade,762.191162109375,210.262,6304.55322265625
1779804131.322329,Fixation,425.400390625,295.238,574.4446411132812
1779804131.358037,Saccade,126.57728576660156,35.0,3429.373046875
1779804131.538281,Fixation,62.86362838745117,180.25,464.9754638671875
1779804131.658414,Saccade,606.7645263671875,120.125,5766.76171875
1779804131.753414,Fixation,88.79934692382812,95.0,571.3843383789062
1779804131.903537,Saccade,405.3522033691406,150.125,5364.41845703125
1779804132.123781,Fixation,483.2467041015625,220.25,747.1098022460938
1779804132.143781,Saccade,20.756948471069336,20.0,2654.9140625
1779804132.469159,Fixation,153.73171997070312,325.375,452.3205871582031
1779804132.504159,Saccade,65.20465087890625,35.0,2265.596435546875
1779804133.334914,Fixation,46.87815856933594,830.75,348.5598449707031
1779804133.445048,Saccade,104.09971618652344,110.136,2111.73291015625
1779804134.465675,Fixation,46.704681396484375,1020.867,274.4221496582031
1779804134.500798,Saccade,88.14765167236328,35.122,2516.10546875
1779804134.610797,Fixation,25.966684341430664,110.0,419.179931640625
1779804134.62592,Saccade,19.415390014648438,15.125,1392.0933837890625
1779804134.72592,Fixation,14.358768463134766,100.0,548.8163452148438
1779804134.891042,Saccade,47.083492279052734,165.125,3515.016845703125
1779804134.991186,Fixation,21.637990951538086,100.136,590.7674560546875
1779804135.011175,Saccade,25.88088607788086,19.989,1308.5089111328125
1779804135.23642,Fixation,40.81425476074219,225.25,380.43780517578125
1779804135.27642,Saccade,127.44857025146484,40.0,3289.3095703125
1779804135.831931,Fixation,35.29488754272461,555.51,327.7838439941406
1779804135.882042,Saccade,180.90972900390625,50.115,3650.160400390625
1779804136.162297,Fixation,24.77593231201172,280.25,259.5027160644531
1779804136.197298,Saccade,71.13932800292969,35.0,2044.7398681640625
1779804137.003042,Fixation,29.653722763061523,805.75,252.3670196533203
1779804137.238297,Saccade,98.63916778564453,235.25,2691.2373046875
1779804137.833568,Fixation,443.632080078125,595.5,517.6627807617188
1779804137.913702,Saccade,484.44921875,80.131,7063.64892578125
1779804138.268946,Fixation,182.75994873046875,355.244,425.7463684082031
1779804138.284068,Saccade,19.357362747192383,15.125,1108.7518310546875
1779804143.248292,Fixation,285.208740234375,4964.5,255.44032287597656
1779804143.323426,Saccade,8.630566596984863,75.137,1209.4246826171875
1779804143.994529,Fixation,44.8333854675293,670.613,284.57147216796875
1779804144.034529,Saccade,122.57901000976562,40.0,3092.679931640625
1779804144.164663,Fixation,20.796350479125977,130.125,310.82708740234375
1779804144.194663,Saccade,25.38355827331543,30.0,1011.2642822265625
1779804144.875285,Fixation,36.681880950927734,680.625,241.84732055664062
1779804144.940407,Saccade,226.4276123046875,65.125,3491.20947265625
1779804145.025429,Fixation,16.24041748046875,85.016,392.406982421875
1779804145.090529,Saccade,221.00387573242188,65.109,3224.011962890625
1779804148.053125,Fixation,127.94012451171875,2962.749,227.10015869140625
1779804148.078125,Saccade,18.62552261352539,25.0,800.4802856445312
1779804148.168247,Fixation,14.897788047790527,90.125,334.17584228515625
1779804148.333381,Saccade,778.4525756835938,165.134,4841.8984375
1779804148.548503,Fixation,18.9686222076416,215.116,331.6078186035156
1779804148.578625,Saccade,33.285648345947266,30.125,1155.412109375
1779804149.139125,Fixation,128.06312561035156,560.505,413.6172790527344
1779804149.164136,Saccade,23.128149032592773,25.002,1387.5328369140625
1779804150.90604,Fixation,85.06326293945312,1741.631,428.04632568359375
1779804151.066151,Saccade,748.0402221679688,160.112,5484.47265625
1779804151.196285,Fixation,20.244186401367188,130.125,380.6922912597656
1779804151.226285,Saccade,44.52499008178711,30.0,1363.677978515625
1779804151.491529,Fixation,16.96261215209961,265.25,352.2440185546875
1779804151.516529,Saccade,26.216026306152344,25.001,1059.3636474609375
1779804151.736784,Fixation,67.25148010253906,220.249,330.7283630371094
1779804151.756784,Saccade,24.885026931762695,20.0,1112.8089599609375
1779804153.512993,Fixation,87.82777404785156,1756.625,279.4532165527344
1779804153.537993,Saccade,33.44472122192383,25.0,1223.697998046875
1779804154.764116,Fixation,60.65723419189453,1226.125,300.04095458984375
1779804154.839238,Saccade,169.8137664794922,75.125,2570.646728515625
1779804155.194615,Fixation,22.420053482055664,355.375,371.7190246582031
1779804155.264616,Saccade,202.94625854492188,70.0,2555.10205078125
1779804155.364738,Fixation,9.627603530883789,100.125,488.5466003417969
1779804155.494871,Saccade,67.69678497314453,130.126,1158.18115234375
1779804156.605762,Fixation,6.0730061531066895,1111.006,307.2034912109375
1779804156.675762,Saccade,8.524825096130371,69.993,4423.984375
1779804156.976129,Fixation,7.3158111572265625,300.375,359.19085693359375
1779804156.991151,Saccade,11.578189849853516,15.013,837.9640502929688
1779804159.924441,Fixation,117.4823989868164,2932.612,330.4641418457031
1779804160.129697,Saccade,1027.522216796875,205.258,5168.662109375
1779804161.420941,Fixation,432.86114501953125,1291.242,411.0462951660156
1779804161.450941,Saccade,35.140228271484375,30.0,2075.1005859375
1779804162.256195,Fixation,101.10267639160156,805.75,257.3172912597656
1779804162.346195,Saccade,10.008116722106934,90.0,1815.2130126953125
1779804162.966818,Fixation,66.98101806640625,620.626,306.83941650390625
1779804162.991817,Saccade,34.57392120361328,24.999,1298.44677734375
1779804163.357195,Fixation,82.13275909423828,365.376,395.3684997558594
1779804163.572318,Saccade,635.0934448242188,215.124,4935.8232421875
1779804163.737573,Fixation,138.08749389648438,165.251,571.2381591796875
1779804163.777573,Saccade,137.05145263671875,39.999,3208.90478515625
1779804164.157951,Fixation,57.8687858581543,380.375,406.0884704589844
1779804164.247951,Saccade,89.45246887207031,90.0,1683.8447265625
1779804164.508195,Fixation,16.49481773376465,260.25,291.50927734375
1779804164.553318,Saccade,185.54356384277344,45.125,4184.20556640625
1779804164.773451,Fixation,10.303018569946289,220.133,341.4420471191406
1779804164.798672,Saccade,26.154632568359375,24.992,1062.2806396484375
1779804169.758726,Fixation,50.14902114868164,4959.625,288.6054382324219
1779804169.783726,Saccade,27.817060470581055,25.0,1111.6298828125
1779804175.44837,Fixation,74.47688293457031,5665.25,265.4344787597656
1779804175.503504,Saccade,190.66510009765625,55.125,3233.318359375
1779804176.02887,Fixation,20.285268783569336,525.375,262.317626953125
1779804176.049015,Saccade,25.285362243652344,20.137,1023.849609375
1779804176.294126,Fixation,12.2799072265625,245.113,283.859619140625
1779804176.329248,Saccade,113.90541076660156,35.129,2643.45947265625
1779804176.47937,Fixation,6.4958176612854,150.121,346.21368408203125
1779804176.574504,Saccade,38.29579162597656,95.125,1097.876708984375
1779804177.180237,Fixation,46.24163818359375,605.5,285.70855712890625
1779804177.210237,Saccade,21.170190811157227,30.0,1078.213623046875
1779804178.576481,Fixation,43.2110595703125,1366.25,251.1216278076172
1779804178.641604,Saccade,210.7987060546875,65.125,3644.714111328125
1779804178.721604,Fixation,2.94079327583313,80.0,311.2585144042969
1779804178.741737,Saccade,19.176837921142578,20.125,1022.946533203125
1779804179.046981,Fixation,16.586362838745117,305.25,311.48724365234375
1779804179.152104,Saccade,354.3747863769531,105.125,3425.45166015625
1779804179.277104,Fixation,16.532121658325195,125.0,345.27874755859375
1779804179.307248,Saccade,30.686540603637695,30.137,1040.9771728515625
1779804179.522359,Fixation,12.632420539855957,215.113,236.3585662841797
1779804179.567492,Saccade,118.05704498291016,45.138,2685.690185546875
1779804180.753231,Fixation,24.085529327392578,1185.986,258.5782470703125
1779804180.858353,Saccade,409.9369201660156,105.125,3793.682373046875
1779804181.213731,Fixation,12.953648567199707,355.379,306.3907775878906
1779804181.333853,Saccade,138.84666442871094,120.122,2094.57666015625
1779804181.438853,Fixation,4.101402282714844,104.999,337.1735534667969
1779804181.463998,Saccade,27.650949478149414,25.138,1110.3564453125
1779804183.435457,Fixation,21.278196334838867,1971.737,229.48292541503906
1779804183.485579,Saccade,108.28584289550781,50.125,2342.90625
1779804184.191212,Fixation,24.526538848876953,705.625,281.66412353515625
1779804184.246212,Saccade,141.48104858398438,55.0,2642.447021484375
1779804184.521457,Fixation,22.67445182800293,275.25,260.75555419921875
1779804184.571579,Saccade,87.89879608154297,50.125,2213.06103515625
1779804185.747579,Fixation,37.959510803222656,1176.0,238.36599731445312
1779804185.797712,Saccade,137.18618774414062,50.125,2296.54833984375
1779804186.439031,Fixation,24.95662498474121,640.5,283.7911071777344
1779804186.499153,Saccade,191.72129821777344,60.129,3095.5166015625
1779804186.789397,Fixation,26.275144577026367,290.246,313.4662170410156
1779804186.829397,Saccade,105.26687622070312,40.0,2670.400390625
1779804187.074653,Fixation,9.765658378601074,245.25,224.28793334960938
1779804187.099653,Saccade,24.86492347717285,25.001,1009.96484375
1779804187.174775,Fixation,12.25967025756836,75.124,338.029541015625
1779804187.229775,Saccade,165.20350646972656,55.0,2692.191650390625
1779804187.470031,Fixation,54.447391510009766,240.25,329.2113952636719
1779804187.490031,Saccade,17.64577865600586,20.0,886.86669921875
1779804188.592664,Fixation,28.750627517700195,1102.637,247.9875946044922
1779804188.606031,Saccade,22.915990829467773,13.363,1153.7921142578125
1779804189.69695,Fixation,0.3717540204524994,1091.0,261.2001953125
1779804189.772073,Saccade,305.9842834472656,75.125,4155.50732421875
1779804190.20245,Fixation,20.212472915649414,430.375,314.04949951171875
1779804190.242573,Saccade,190.43153381347656,40.125,3289.70654296875
1779804191.994073,Fixation,43.34329605102539,1751.5,267.19085693359375
1779804192.0241,Saccade,43.895633697509766,30.125,1382.70703125
1779804192.344356,Fixation,21.756067276000977,320.25,284.0306396484375
1779804192.374356,Saccade,49.0754280090332,30.008,1638.31494140625
1779804196.287889,Fixation,52.83632278442383,3913.617,230.87596130371094
1779804196.343012,Saccade,135.35009765625,55.125,2584.678466796875
1779804196.578134,Fixation,23.486055374145508,235.125,251.96127319335938
1779804196.618267,Saccade,105.63752746582031,40.125,2516.17724609375
1779804196.80339,Fixation,6.707127571105957,185.125,378.2341003417969
1779804196.838389,Saccade,93.76431274414062,35.0,2688.169921875
1779804197.053634,Fixation,6.363501071929932,215.25,321.5608825683594
1779804197.118634,Saccade,188.9862518310547,65.0,3312.61962890625
1779804200.070957,Fixation,11.216748237609863,2952.75,242.2810516357422
1779804200.141079,Saccade,21.277639389038086,70.125,1271.8631591796875
1779804202.058449,Fixation,19.278932571411133,1916.749,254.73243713378906
1779804202.303705,Saccade,792.2887573242188,245.25,3384.40478515625
1779804203.990205,Fixation,669.9263305664062,1686.5,413.2044677734375
1779804204.125327,Saccade,21.985139846801758,135.125,1204.064208984375
1779804204.344904,Fixation,24.076873779296875,220.25,408.3772888183594
1779804204.379904,Saccade,101.90927124023438,35.0,2478.799072265625
1779804204.84527,Fixation,9.064244270324707,465.375,266.20599365234375
1779804204.980404,Saccade,93.5993423461914,135.128,1834.39208984375
1779804205.150648,Fixation,38.70679473876953,170.247,412.02239990234375
1779804205.180648,Saccade,36.26247024536133,30.0,1230.3984375
1779804205.86127,Fixation,296.22943115234375,680.625,386.6114501953125
1779804205.896271,Saccade,98.17201232910156,35.0,2300.05908203125
1779804206.241648,Fixation,264.59405517578125,345.375,599.8711547851562
1779804206.38677,Saccade,839.090087890625,145.125,5844.36572265625
1779804206.627026,Fixation,73.48226928710938,240.25,405.90283203125
1779804206.662026,Saccade,84.98072052001953,35.0,2272.978271484375
1779804206.762159,Fixation,2.303464651107788,100.131,425.60345458984375
1779804206.96227,Saccade,27.19794464111328,200.119,1776.530029296875
1779804207.307717,Fixation,9.815362930297852,345.375,288.57318115234375
1779804207.332717,Saccade,23.293128967285156,25.0,1027.67529296875
1779804207.532839,Fixation,20.19349479675293,200.125,342.9360046386719
1779804207.552839,Saccade,20.36290740966797,20.0,1013.913818359375
1779804210.416086,Fixation,15.704917907714844,2862.75,224.50392150878906
1779804210.471086,Saccade,259.61865234375,55.0,4073.525146484375
1779804210.766331,Fixation,21.06687355041504,295.25,346.35577392578125
1779804210.786331,Saccade,23.707977294921875,20.0,1103.8248291015625
1779804211.09172,Fixation,12.604198455810547,305.387,347.4440002441406
1779804211.271831,Saccade,269.9893493652344,180.113,2495.1328125
1779804211.361964,Fixation,38.22197723388672,90.125,507.6724548339844
1779804211.416975,Saccade,22.27717399597168,55.01,3205.742919921875
1779804212.442964,Fixation,28.742223739624023,1025.99,253.72230529785156
1779804212.512964,Saccade,306.5972900390625,70.0,3432.434326171875
1779804213.118586,Fixation,18.7692813873291,605.625,368.036376953125
1779804213.218586,Saccade,175.4186248779297,100.0,2413.99267578125
1779804214.609644,Fixation,34.08698272705078,1391.375,284.58123779296875
1779804214.679644,Saccade,192.5894317626953,69.999,3425.59228515625
1779804215.140144,Fixation,9.865474700927734,460.501,329.9700927734375
1779804215.275266,Saccade,216.51954650878906,135.131,2320.496337890625
1779804216.586157,Fixation,26.328388214111328,1311.124,261.6647033691406
1779804216.646268,Saccade,258.1864318847656,60.12,3895.586181640625
1779804217.271768,Fixation,11.949226379394531,625.499,392.3489074707031
1779804217.326901,Saccade,187.79147338867188,55.125,3250.302490234375
1779804217.452024,Fixation,7.705458164215088,125.132,444.3912048339844
1779804217.472024,Saccade,18.556753158569336,19.993,960.8990478515625
1779804218.517901,Fixation,5.29543924331665,1045.875,261.2413330078125
1779804218.563024,Saccade,162.61871337890625,45.125,2949.945068359375
1779804219.253646,Fixation,22.20110511779785,690.625,389.0457763671875
1779804219.534291,Saccade,234.85694885253906,280.25,1782.8714599609375
1779804220.645291,Fixation,8.265401840209961,1111.0,311.5749206542969
1779804220.715413,Saccade,230.1073455810547,70.125,3417.854736328125
1779804221.050658,Fixation,13.270682334899902,335.25,383.69744873046875
1779804221.070657,Saccade,22.723567962646484,20.0,1151.975341796875
1779804221.360924,Fixation,10.292168617248535,290.26,356.8116455078125
1779804221.451035,Saccade,245.6124725341797,90.115,3306.0400390625
1779804222.271791,Fixation,12.968350410461426,820.75,297.3350524902344
1779804222.336913,Saccade,239.33383178710938,65.125,3457.6728515625
1779804223.208031,Fixation,12.33210277557373,870.75,384.9003601074219
1779804223.253031,Saccade,117.01156616210938,45.0,2279.333984375
1779804223.363164,Fixation,9.91647720336914,110.125,342.8265075683594
1779804223.413286,Saccade,7.684750556945801,50.125,1291.644287109375
1779804224.494298,Fixation,51.68918991088867,1081.011,365.77178955078125
1779804224.544286,Saccade,145.43658447265625,49.989,2882.28662109375
1779804224.734409,Fixation,15.538508415222168,190.125,342.6510009765625
1779804224.814531,Saccade,47.08245086669922,80.125,1338.0665283203125
1779804225.330031,Fixation,10.670631408691406,515.5,406.9311828613281
1779804225.400031,Saccade,371.4678649902344,70.0,4200.17822265625
1779804225.524938,Fixation,35.24428176879883,125.125,416.4165344238281
1779804225.554938,Saccade,30.781862258911133,30.007,983.972900390625
1779804226.12556,Fixation,39.411476135253906,570.618,245.90298461914062
1779804226.18056,Saccade,199.20523071289062,55.002,3245.548583984375
1779804227.28656,Fixation,30.172792434692383,1105.998,275.317138671875
1779804227.376683,Saccade,552.90380859375,90.125,5392.86865234375
1779804227.511805,Fixation,4.577869892120361,135.125,434.18505859375
1779804227.596938,Saccade,199.39797973632812,85.125,2958.077880859375
1779804227.671938,Fixation,7.6181416511535645,75.0,273.9923400878906
1779804227.696938,Saccade,27.269489288330078,25.0,1373.107421875
1779804229.488865,Fixation,14.471519470214844,1791.75,266.3398742675781
1779804229.548866,Saccade,264.9686279296875,60.0,4105.193359375
1779804230.039366,Fixation,31.609336853027344,490.5,399.1567687988281
1779804230.054365,Saccade,18.808488845825195,15.0,1047.048583984375
1779804230.259488,Fixation,8.843305587768555,205.124,410.5084228515625
1779804230.344621,Saccade,301.6003112792969,85.125,3457.127685546875
1779804231.200377,Fixation,14.008465766906738,855.764,277.64556884765625
1779804231.240366,Saccade,159.5043487548828,39.987,2732.908203125
1779804231.390621,Fixation,15.906900405883789,150.249,370.095947265625
1779804231.450632,Saccade,193.08413696289062,60.017,3329.82666015625
1779804231.585409,Fixation,5.883383274078369,135.108,341.2373962402344
1779804231.610409,Saccade,20.468385696411133,25.0,838.0524291992188
1779804231.890665,Fixation,20.571985244750977,280.263,380.3710021972656
1779804231.955787,Saccade,7.461630344390869,65.112,2418.025146484375
1779804232.506287,Fixation,9.120613098144531,550.502,285.53265380859375
1779804232.596409,Saccade,445.2339172363281,90.123,5160.64453125
1779804232.686409,Fixation,14.525545120239258,90.0,363.7539367675781
1779804232.721409,Saccade,62.073204040527344,35.0,1702.66162109375
1779804232.801531,Fixation,11.926467895507812,80.125,268.7116394042969
1779804232.836531,Saccade,43.86347198486328,35.0,1224.6617431640625
1779804233.802409,Fixation,14.270912170410156,965.875,228.9230499267578
1779804233.832531,Saccade,35.4470100402832,30.125,1189.5345458984375
1779804234.157787,Fixation,22.999635696411133,325.25,261.36529541015625
1779804234.187787,Saccade,58.159114837646484,30.0,1526.136962890625
1779804234.833652,Fixation,20.061798095703125,645.625,217.21876525878906
1779804234.868652,Saccade,51.657630920410156,35.0,1484.9683837890625
1779804235.81453,Fixation,27.840957641601562,945.875,282.8250427246094
1779804235.909652,Saccade,28.5714054107666,95.125,1208.6773681640625
1779804238.706921,Fixation,12.77121639251709,2797.63,256.9132080078125
1779804238.766921,Saccade,7.264848232269287,59.995,1468.8284912109375
1779804241.20954,Fixation,64.51634216308594,2442.252,294.51422119140625
1779804241.299662,Saccade,369.2419128417969,90.123,3605.220947265625
1779804241.489785,Fixation,12.949396133422852,190.125,389.9556884765625
1779804241.554907,Saccade,222.59408569335938,65.125,3288.891357421875
1779804241.659918,Fixation,20.32025718688965,105.013,390.3395690917969
1779804241.810162,Saccade,464.99859619140625,150.237,2944.042236328125
1779804241.950285,Fixation,9.160810470581055,140.124,419.5185546875
1779804242.030285,Saccade,53.789180755615234,80.001,1077.1058349609375
1779804243.606796,Fixation,12.670306205749512,1576.507,269.3315124511719
1779804243.636335,Saccade,36.09189987182617,29.992,1232.0487060546875
1779804243.711457,Fixation,10.37303352355957,75.125,291.9560852050781
1779804243.746457,Saccade,34.43801498413086,35.0,1205.2294921875
1779804244.467091,Fixation,24.97075080871582,720.626,264.38720703125
1779804244.49708,Saccade,28.535625457763672,29.999,941.9348754882812
1779804244.657335,Fixation,14.538787841796875,160.25,318.0794677734375
1779804244.692335,Saccade,55.56570816040039,35.0,1485.9000244140625
1779804244.777457,Fixation,5.713352680206299,85.125,411.3552551269531
1779804244.837457,Saccade,129.8216552734375,60.0,2184.502197265625
1779804245.107713,Fixation,12.565500259399414,270.25,359.99188232421875
1779804245.387957,Saccade,109.21238708496094,280.25,2205.081298828125
1779804246.413957,Fixation,13.574804306030273,1026.0,344.4532470703125
1779804246.433969,Saccade,15.317854881286621,20.01,827.2135009765625
1779804247.825797,Fixation,67.9468002319336,1391.24,357.5552978515625
1779804247.885919,Saccade,10.46012020111084,60.125,2644.517822265625
1779804248.226164,Fixation,16.601806640625,340.25,437.85076904296875
1779804248.261163,Saccade,41.22705841064453,35.0,1194.20703125
1779804248.656552,Fixation,18.934228897094727,395.379,407.7260437011719
1779804248.671552,Saccade,13.270123481750488,15.004,991.6802978515625
1779804249.132041,Fixation,22.284278869628906,460.492,394.7530517578125
1779804249.342175,Saccade,1054.51171875,210.135,4942.908203125
1779804249.827642,Fixation,35.624778747558594,485.49,438.43988037109375
1779804249.852654,Saccade,47.63338088989258,25.003,1592.04296875
1779804250.107898,Fixation,7.801506042480469,255.247,370.100830078125
1779804250.167898,Saccade,15.193347930908203,60.002,1283.80810546875
1779804250.538276,Fixation,96.68653106689453,370.373,406.2071533203125
1779804250.558276,Saccade,23.826915740966797,20.0,1102.610595703125
1779804251.178898,Fixation,48.195281982421875,620.625,402.8511657714844
1779804251.474142,Saccade,980.7742309570312,295.25,4378.1650390625
1779804252.590142,Fixation,34.275089263916016,1116.0,383.85125732421875
1779804252.640276,Saccade,82.56996154785156,50.125,1572.36279296875
1779804252.744941,Fixation,18.393232345581055,105.0,415.2083435058594
1779804252.835063,Saccade,7.819568157196045,90.125,1309.0784912109375
1779804252.935196,Fixation,5.184647083282471,100.134,367.2477111816406
1779804252.955185,Saccade,20.212751388549805,19.991,1091.9036865234375
1779804253.305574,Fixation,27.658977508544922,350.384,346.9704895019531
1779804253.390563,Saccade,210.82977294921875,84.991,2900.94140625
1779804253.660808,Fixation,17.92959213256836,270.25,422.74603271484375
1779804253.866063,Saccade,200.41334533691406,205.25,1696.464599609375
1779804253.951063,Fixation,24.913278579711914,85.0,455.7008972167969
1779804254.011185,Saccade,105.39237976074219,60.125,2034.15966796875
1779804254.346441,Fixation,33.34470748901367,335.249,325.6257629394531
1779804254.401563,Saccade,105.73522186279297,55.125,1903.0313720703125
1779804254.551685,Fixation,10.824544906616211,150.126,333.37646484375
1779804254.726808,Saccade,107.55938720703125,175.125,3614.0615234375
1779804254.977063,Fixation,11.177923202514648,250.249,400.5931701660156
1779804255.027063,Saccade,191.52825927734375,50.0,3602.439208984375
1779804255.457452,Fixation,18.466012954711914,430.388,394.25592041015625
1779804255.552563,Saccade,195.7862091064453,95.112,2480.003173828125
1779804256.743839,Fixation,24.66647720336914,1191.125,325.597900390625
1779804256.793839,Saccade,176.60057067871094,50.0,3216.950927734375
1779804257.959962,Fixation,13.663322448730469,1166.125,350.60748291015625
1779804257.979962,Saccade,27.923664093017578,20.0,1412.116455078125
1779804258.155095,Fixation,9.38784122467041,175.125,267.3008117675781
1779804258.180217,Saccade,25.1849308013916,25.125,1052.7130126953125
1779804258.84584,Fixation,10.632323265075684,665.5,357.4510192871094
1779804258.920963,Saccade,26.981334686279297,75.125,1254.0831298828125
1779804259.90184,Fixation,6.941655158996582,980.875,376.55926513671875
1779804259.92184,Saccade,19.479320526123047,20.0,986.1441650390625
1779804260.38234,Fixation,5.5299553871154785,460.5,379.5059509277344
1779804260.40234,Saccade,16.7143611907959,20.0,986.7997436523438
1779804260.682585,Fixation,19.614639282226562,280.25,368.09698486328125
1779804260.787718,Saccade,412.6309509277344,105.125,3608.5283203125
1779804260.92284,Fixation,13.036163330078125,135.125,524.8958129882812
1779804260.94284,Saccade,16.410547256469727,20.0,1221.814208984375
1779804261.042963,Fixation,2.53009295463562,100.125,495.2831726074219
1779804261.263096,Saccade,1086.92626953125,220.127,6021.796875
1779804261.50834,Fixation,1.827112078666687,245.248,424.09405517578125
1779804261.568463,Saccade,8.102315902709961,60.125,3911.878662109375
1779804262.609288,Fixation,165.80751037597656,1040.88,382.2669677734375
1779804262.834532,Saccade,13.006505966186523,225.245,1469.1915283203125
1779804263.169788,Fixation,24.22246551513672,335.25,420.5652160644531
1779804263.355032,Saccade,943.5956420898438,185.25,5490.2314453125
1779804263.440032,Fixation,50.97187423706055,85.001,601.677490234375
1779804263.82041,Saccade,314.7259521484375,380.374,2250.8603515625
1779804264.120666,Fixation,9.906567573547363,300.25,403.1290588378906
1779804264.190788,Saccade,74.21992492675781,70.125,1727.216552734375
1779804264.335921,Fixation,5.892580986022949,145.133,490.69415283203125
1779804264.586165,Saccade,321.23651123046875,250.242,1967.783935546875
1779804264.81141,Fixation,12.34093189239502,225.25,507.6617736816406
1779804264.830778,Saccade,16.670516967773438,20.0,916.450439453125
1779804265.050911,Fixation,15.496380805969238,220.129,419.4405517578125
1779804265.256156,Saccade,338.6395263671875,205.245,2375.399658203125
1779804265.381278,Fixation,45.33098220825195,125.126,414.060302734375
1779804265.411278,Saccade,12.06712532043457,30.0,1034.847412109375
1779804266.277034,Fixation,1.428849458694458,865.75,414.48223876953125
1779804266.292156,Saccade,14.533280372619629,15.131,961.8529663085938
1779804266.5824,Fixation,7.70409631729126,290.244,420.91229248046875
1779804266.932656,Saccade,358.0283203125,350.255,2435.86181640625
1779804267.067778,Fixation,26.139223098754883,135.119,510.7826843261719
1779804267.2229,Saccade,568.9824829101562,155.126,3553.59228515625
1779804267.368022,Fixation,39.67456817626953,145.124,540.2423095703125
1779804267.493156,Saccade,97.86775970458984,125.125,1409.528076171875
1779804267.878522,Fixation,15.260951042175293,385.375,403.2995300292969
1779804267.898392,Saccade,17.224143981933594,20.0,1017.4539794921875
1779804268.043525,Fixation,20.684934616088867,145.125,407.3441162109375
1779804268.133648,Saccade,134.05947875976562,90.125,1605.08935546875
1779804268.358903,Fixation,17.40506935119629,225.256,502.1595458984375
1779804268.383892,Saccade,36.786155700683594,24.994,1346.75341796875
1779804268.76927,Fixation,35.8261604309082,385.375,487.1279602050781
1779804268.904392,Saccade,142.6592559814453,135.125,2025.7191162109375
1779804269.124526,Fixation,24.195642471313477,220.125,464.7607727050781
1779804269.209648,Saccade,55.57154083251953,85.125,1163.566162109375
1779804269.39477,Fixation,2.3282201290130615,185.125,415.68463134765625
1779804269.419892,Saccade,27.685453414916992,25.125,1140.221435546875
1779804271.602576,Fixation,33.14860534667969,2182.0,402.21038818359375
1779804272.007953,Saccade,681.125,405.375,3449.465576171875
1779804272.087976,Fixation,19.26784896850586,80.016,446.1155700683594
1779804272.168087,Saccade,552.7681274414062,80.118,6936.6416015625
1779804272.438331,Fixation,27.11871337890625,270.242,415.52520751953125
1779804272.588454,Saccade,355.09210205078125,150.124,3633.3310546875
1779804272.868709,Fixation,15.04900074005127,280.25,362.2515563964844
1779804272.92872,Saccade,56.9748420715332,60.009,1155.924072265625
1779804273.484331,Fixation,33.84339904785156,555.616,319.1375732421875
1779804273.554331,Saccade,145.20462036132812,70.0,1921.21484375
1779804273.684453,Fixation,19.918258666992188,130.125,464.514404296875
1779804273.819587,Saccade,95.61089324951172,135.132,1395.7708740234375
1779804273.919709,Fixation,29.73261070251465,100.126,378.59783935546875
1779804273.944309,Saccade,34.45772933959961,25.002,1334.765869140625
1779804274.654931,Fixation,22.32399559020996,710.622,322.2393798828125
1779804274.700042,Saccade,87.79730224609375,45.118,2113.113525390625
1779804274.840165,Fixation,18.453411102294922,140.125,416.2284851074219
1779804274.895165,Saccade,106.38663482666016,55.0,2056.441162109375
1779804275.005298,Fixation,32.24477767944336,110.124,408.7974548339844
1779804275.020298,Saccade,13.259881973266602,15.001,876.411376953125
1779804275.09542,Fixation,16.463171005249023,75.125,313.1246032714844
1779804275.14542,Saccade,84.18596649169922,50.0,1764.8868408203125
1779804275.250542,Fixation,37.00239181518555,105.125,436.251708984375
1779804275.285542,Saccade,67.30615997314453,35.0,1887.68212890625
1779804276.872042,Fixation,21.9279727935791,1586.5,263.9904479980469
1779804277.082368,Saccade,544.9739990234375,210.125,2895.4033203125
1779804277.172501,Fixation,22.09516143798828,90.124,471.9322814941406
1779804277.222501,Saccade,14.999734878540039,50.0,1077.5992431640625
1779804277.322623,Fixation,13.983017921447754,100.125,434.6431579589844
1779804277.552868,Saccade,642.5291137695312,230.25,3502.0751953125
1779804277.693001,Fixation,18.292648315429688,140.125,486.3691711425781
1779804277.748001,Saccade,100.7216567993164,55.0,2068.837646484375
1779804277.963246,Fixation,1.3602917194366455,215.25,412.48406982421875
1779804277.978246,Saccade,14.822509765625,15.0,1159.701416015625
1779804278.168368,Fixation,21.261272430419922,190.125,452.08392333984375
1779804278.303501,Saccade,544.3682861328125,135.125,4513.5458984375
1779804278.408624,Fixation,15.566211700439453,105.125,412.3467102050781
1779804278.448624,Saccade,60.212669372558594,40.002,1455.7681884765625
1779804279.764868,Fixation,45.833473205566406,1316.248,356.55523681640625
1779804279.890001,Saccade,287.6406555175781,125.125,3018.446533203125
1779804280.000309,Fixation,11.042497634887695,110.132,412.5161437988281
1779804280.175421,Saccade,284.40081787109375,175.118,2504.52197265625
1779804280.305554,Fixation,9.221351623535156,130.134,346.4256896972656
1779804280.335543,Saccade,52.38062286376953,29.991,1496.602294921875
1779804280.740921,Fixation,19.35584831237793,405.375,297.60595703125
1779804280.781054,Saccade,40.42475509643555,40.132,1130.642578125
1779804280.856043,Fixation,15.980396270751953,74.993,464.7914733886719
1779804280.896043,Saccade,136.7885284423828,40.0,3411.6123046875
1779804281.171298,Fixation,40.0323600769043,275.25,324.70904541015625
1779804281.206421,Saccade,92.29682922363281,35.125,2663.9306640625
1779804283.863443,Fixation,101.67320251464844,2657.379,343.5846862792969
1779804283.883565,Saccade,18.67730712890625,20.121,942.2476806640625
1779804284.363943,Fixation,19.955785751342773,480.375,332.0479736328125
1779804284.408943,Saccade,94.61200714111328,45.001,1940.7879638671875
1779804290.194527,Fixation,116.06751251220703,5785.373,269.3559875488281
1779804290.264649,Saccade,301.1686706542969,70.125,3731.9365234375
1779804290.504771,Fixation,18.414758682250977,240.126,436.8385009765625
1779804290.519893,Saccade,12.786417007446289,15.124,849.2815551757812
1779804290.639893,Fixation,15.683158874511719,120.0,432.977783203125
1779804291.005271,Saccade,404.1715087890625,365.375,2182.22216796875
1779804291.095393,Fixation,7.156958103179932,90.125,382.1381530761719
1779804291.150393,Saccade,12.479596138000488,55.0,1312.771240234375
1779804292.436347,Fixation,10.620824813842773,1286.255,265.2059631347656
1779804292.516347,Saccade,294.7166748046875,79.995,3796.107666015625
1779804292.741603,Fixation,12.37631607055664,225.254,278.40850830078125
1779804292.781591,Saccade,144.85549926757812,39.996,2707.67138671875
1779804292.901725,Fixation,16.819263458251953,120.125,413.6077575683594
1779804292.971847,Saccade,29.149396896362305,70.125,1179.1671142578125
1779804293.081969,Fixation,14.958098411560059,110.125,394.72125244140625
1779804293.16698,Saccade,202.14923095703125,85.005,2179.374755859375
1779804293.362225,Fixation,19.47903060913086,195.245,358.43743896484375
1779804293.427225,Saccade,2.8914713859558105,65.002,4126.98291015625
1779804294.448225,Fixation,1.5689213275909424,1020.998,292.5587463378906
1779804294.503225,Saccade,209.5809783935547,55.0,3517.2568359375
1779804294.793469,Fixation,33.31178665161133,290.25,469.5486145019531
1779804294.828469,Saccade,27.60154914855957,35.002,983.6009521484375
1779804295.219297,Fixation,33.31223678588867,390.373,421.1357421875
1779804295.434542,Saccade,418.13079833984375,215.25,2323.337646484375
1779804296.520553,Fixation,14.830775260925293,1086.003,313.8650207519531
1779804296.635664,Saccade,370.21875,115.121,3207.29345703125
1779804296.720664,Fixation,23.564987182617188,85.0,393.15655517578125
1779804296.745797,Saccade,24.09562873840332,25.125,1000.1255493164062
1779804296.850797,Fixation,18.180910110473633,105.0,419.6618347167969
1779804296.870797,Saccade,21.003982543945312,20.005,1037.172607421875
1779804297.381297,Fixation,51.87297439575195,510.495,430.7391662597656
1779804297.51142,Saccade,401.81671142578125,130.125,3796.60205078125
1779804297.621542,Fixation,14.09119701385498,110.125,367.2933349609375
1779804297.656542,Saccade,64.05393981933594,35.0,1475.107666015625
1779804297.946797,Fixation,22.32034683227539,290.25,307.7309265136719
1779804297.96692,Saccade,19.338748931884766,20.125,995.5472412109375
1779804298.45754,Fixation,12.800562858581543,490.383,258.5000305175781
1779804298.672784,Saccade,344.92333984375,215.242,2658.390380859375
1779804298.787918,Fixation,11.452553749084473,115.128,364.2182922363281
1779804298.812907,Saccade,25.492603302001953,24.997,1060.06689453125
1779804299.168162,Fixation,29.833698272705078,355.25,454.3745422363281
1779804299.383407,Saccade,362.7257385253906,215.25,2311.04248046875
1779804299.45354,Fixation,8.046548843383789,70.125,299.609375
1779804299.653662,Saccade,332.29974365234375,200.125,2849.81689453125
1779804300.05404,Fixation,17.245464324951172,400.375,268.1361999511719
1779804300.124162,Saccade,191.27056884765625,70.125,2398.462890625
1779804300.234162,Fixation,22.171783447265625,110.0,474.7374267578125
1779804300.264284,Saccade,21.08656120300293,30.125,1037.11962890625
1779804300.824784,Fixation,21.000619888305664,560.5,389.1559753417969
1779804301.054907,Saccade,865.34375,230.125,4538.5166015625
1779804301.335119,Fixation,10.91091251373291,280.25,409.4785461425781
1779804301.420241,Saccade,21.28049659729004,85.125,1184.589111328125
1779804301.515364,Fixation,4.00559663772583,95.125,391.3662109375
1779804301.675497,Saccade,733.214111328125,160.125,4502.94677734375
1779804301.775619,Fixation,16.508581161499023,100.125,384.06591796875
1779804301.830619,Saccade,121.6221923828125,55.002,2021.3287353515625
1779804301.910741,Fixation,19.378618240356445,80.123,264.4964599609375
1779804301.985741,Saccade,26.524951934814453,75.0,1094.6317138671875
1779804302.496241,Fixation,9.050047874450684,510.5,354.92950439453125
1779804302.551241,Saccade,6.274703502655029,55.0,6381.3310546875
1779804302.816497,Fixation,10.023269653320312,265.25,388.3335876464844
1779804302.831619,Saccade,14.784666061401367,15.125,1012.420166015625
1779804302.991753,Fixation,7.110293865203857,160.132,376.0481262207031
1779804303.116864,Saccade,849.0711669921875,125.118,5522.63330078125
1779804303.261997,Fixation,51.199462890625,145.125,477.5809631347656
1779804303.372119,Saccade,26.77754783630371,110.125,1062.01416015625
1779804303.547241,Fixation,13.03444766998291,175.127,396.3537292480469
1779804303.722364,Saccade,367.53192138671875,175.123,2235.140869140625
1779804305.783839,Fixation,43.38730239868164,2061.874,299.0487060546875
1779804306.039094,Saccade,100.2050552368164,255.251,1770.7762451171875
1779804308.686766,Fixation,47.06938171386719,2647.499,268.5955505371094
1779804309.227266,Saccade,631.4827270507812,540.5,4665.11767578125
1779804309.337389,Fixation,106.3469467163086,110.125,768.9215087890625
1779804309.422388,Saccade,77.24342346191406,85.0,3191.301513671875
1779804310.778453,Fixation,454.20428466796875,1356.25,389.78363037109375
1779804310.813597,Saccade,54.74757766723633,35.137,1556.29833984375
1779804311.619208,Fixation,36.48072814941406,805.618,280.82611083984375
1779804311.63933,Saccade,22.19786262512207,20.12,1215.6239013671875
1779804311.719342,Fixation,17.351716995239258,80.011,349.304443359375
1779804311.74933,Saccade,36.8104248046875,29.993,1291.9322509765625
1779804312.009586,Fixation,11.187541007995605,260.246,297.16046142578125
1779804312.049708,Saccade,105.9822998046875,40.125,2659.480224609375
1779804312.344953,Fixation,11.267998695373535,295.25,231.75245666503906
1779804312.535086,Saccade,88.7468032836914,190.125,1833.1710205078125
1779804314.907088,Fixation,140.6330108642578,2372.25,330.1651306152344
1779804314.947088,Saccade,85.29499053955078,39.999,2299.26025390625
1779804315.242343,Fixation,28.65843963623047,295.25,296.2207336425781
1779804315.377466,Saccade,95.19556427001953,135.125,1563.2974853515625
1779804315.942966,Fixation,5.225830078125,565.505,291.13543701171875
1779804315.958088,Saccade,14.179688453674316,15.12,967.494873046875
1779804316.524042,Fixation,16.672914505004883,565.501,282.3672790527344
1779804316.564042,Saccade,70.39766693115234,39.999,1762.139892578125
1779804316.714164,Fixation,16.75333023071289,150.125,246.61285400390625
1779804316.744164,Saccade,37.234981536865234,30.0,1233.0416259765625
1779804316.844297,Fixation,3.019439697265625,100.125,320.2121887207031
1779804316.889297,Saccade,98.64952087402344,45.0,2134.38037109375
1779804318.02042,Fixation,537.1954956054688,1131.125,522.9497680664062
1779804318.035431,Saccade,34.8070068359375,15.015,1599.8355712890625
1779804318.310664,Fixation,285.3151550292969,275.235,493.5916442871094
1779804318.340664,Saccade,42.10257339477539,30.0,1838.5941162109375
1779804319.211553,Fixation,45.060081481933594,870.887,296.4170227050781
1779804319.236542,Saccade,29.20460319519043,24.988,1126.7762451171875
1779804319.836483,Fixation,26.502365112304688,600.5,232.25064086914062
1779804319.851495,Saccade,13.086111068725586,15.009,855.81591796875
1779804320.987606,Fixation,73.2284164428711,1136.116,341.9850769042969
1779804321.017617,Saccade,55.37977600097656,30.012,2013.82958984375
1779804321.508106,Fixation,28.776491165161133,490.488,288.39239501953125
1779804321.613106,Saccade,83.06929779052734,105.0,2145.843017578125
1779804322.308861,Fixation,167.8076934814453,695.75,492.73651123046875
1779804322.338861,Saccade,46.875389099121094,30.0,2212.296875
1779804322.478975,Fixation,87.7643814086914,140.125,408.09808349609375
1779804322.609097,Saccade,630.1170654296875,130.125,5782.12646484375
1779804322.77923,Fixation,117.01824951171875,170.128,628.3200073242188
1779804322.829231,Saccade,67.4958724975586,49.997,2077.2333984375
1779804323.229597,Fixation,57.4744758605957,400.375,428.6333923339844
1779804323.499853,Saccade,53.79586410522461,270.25,2374.0791015625
1779804329.060518,Fixation,273.62725830078125,5560.124,282.4221496582031
1779804329.10064,Saccade,63.9980583190918,40.125,1648.2899169921875
1779804329.215762,Fixation,7.768875598907471,115.125,307.4458312988281
1779804329.415896,Saccade,437.07489013671875,200.125,3012.84228515625
1779804329.586018,Fixation,7.750516891479492,170.125,443.4366455078125
1779804329.67614,Saccade,110.12451934814453,90.125,1748.9468994140625
1779804329.766273,Fixation,22.535400390625,90.129,467.4353332519531
1779804329.786263,Saccade,36.10211944580078,19.996,1246.9931640625
1779804329.866262,Fixation,16.14919090270996,80.0,404.3919677734375
1779804330.121518,Saccade,320.8836669921875,255.252,2393.854736328125
1779804330.506896,Fixation,27.626506805419922,385.373,305.4530029296875
1779804330.546907,Saccade,175.89122009277344,40.011,3600.43212890625
1779804330.672018,Fixation,27.404565811157227,125.114,396.8753662109375
1779804330.81214,Saccade,78.53972625732422,140.125,1397.3551025390625
1779804330.947263,Fixation,19.552167892456055,135.125,458.11883544921875
1779804331.032396,Saccade,232.9686279296875,85.125,3514.77587890625
1779804332.102743,Fixation,4.003314018249512,1071.0,309.29217529296875
1779804332.182743,Saccade,510.5291748046875,80.0,5794.869140625
1779804332.442987,Fixation,17.112279891967773,260.25,309.1395263671875
1779804332.478109,Saccade,63.83827590942383,35.125,1823.5648193359375
1779804334.394865,Fixation,18.1480712890625,1916.749,254.10528564453125
1779804334.459888,Saccade,9.50076961517334,65.016,2662.216064453125
1779804336.666999,Fixation,51.62043762207031,2207.109,249.2366943359375
1779804336.731999,Saccade,11.819890975952148,65.0,2187.027587890625
1779804338.619327,Fixation,71.44603729248047,1886.75,274.6964111328125
1779804338.759449,Saccade,384.4708251953125,140.13,3693.354248046875
1779804339.219838,Fixation,27.157711029052734,460.384,422.2019348144531
1779804339.500194,Saccade,356.5287780761719,280.361,2432.904541015625
1779804339.620193,Fixation,12.281426429748535,120.0,362.4657897949219
1779804339.655327,Saccade,26.51831817626953,35.125,953.8359375
1779804341.151464,Fixation,2.029161214828491,1496.375,314.9790954589844
1779804341.256475,Saccade,343.3374938964844,105.004,3526.06103515625
1779804341.351597,Fixation,6.812594413757324,95.121,390.4248046875
1779804341.371597,Saccade,12.057985305786133,20.0,1117.1553955078125
1779804341.822097,Fixation,13.80589771270752,450.5,455.9894104003906
1779804342.162342,Saccade,53.8801155090332,340.25,1799.705078125
1779804342.252464,Fixation,21.55401039123535,90.125,302.85040283203125
1779804342.282464,Saccade,4.183832168579102,30.0,1029.61669921875
1779804342.577719,Fixation,33.09316635131836,295.25,467.8223571777344
1779804342.837975,Saccade,17.330219268798828,260.255,1093.3585205078125
1779804343.103219,Fixation,15.557411193847656,265.245,404.4587707519531
1779804343.218342,Saccade,20.14755630493164,115.125,1044.727294921875
1779804343.308475,Fixation,8.631319046020508,90.127,572.9467163085938
1779804343.653583,Saccade,73.71472930908203,345.253,1382.308837890625
1779804343.738705,Fixation,12.825581550598145,85.12,446.9754333496094
1779804344.038961,Saccade,310.57489013671875,300.25,2498.52880859375
1779804344.189083,Fixation,18.761566162109375,150.125,400.6982421875
1779804344.214083,Saccade,27.551841735839844,25.0,1015.9758911132812
1779804345.715461,Fixation,20.109464645385742,1501.375,387.6003723144531
1779804345.890705,Saccade,237.75189208984375,175.25,2196.48974609375
1779804346.210961,Fixation,23.721012115478516,320.25,492.9543151855469
1779804346.336083,Saccade,143.59779357910156,125.125,2190.436279296875
1779804346.431205,Fixation,11.108739852905273,95.124,275.13555908203125
1779804346.466205,Saccade,46.347965240478516,35.001,1399.48291015625
1779804346.826413,Fixation,6.48417329788208,360.375,396.14215087890625
1779804347.086657,Saccade,8.927705764770508,260.251,1137.708984375
1779804347.391913,Fixation,19.117053985595703,305.249,389.6288146972656
1779804347.411913,Saccade,22.977285385131836,19.999,1259.778076171875
1779804347.562035,Fixation,21.86358070373535,150.125,467.2164611816406
1779804347.582035,Saccade,26.556167602539062,20.0,1212.56640625
1779804347.727157,Fixation,13.439643859863281,145.125,479.74664306640625
1779804347.747157,Saccade,21.16773796081543,20.0,1041.1552734375
1779804347.827291,Fixation,15.744413375854492,80.125,283.0587463378906
1779804347.852291,Saccade,22.093793869018555,25.0,987.8057861328125
1779804348.077546,Fixation,22.2216796875,225.258,394.045654296875
1779804348.142535,Saccade,193.152099609375,64.992,3069.643310546875
1779804348.237657,Fixation,13.782771110534668,95.125,667.7322998046875
1779804348.608035,Saccade,4.7655510902404785,370.375,1286.402587890625
1779804348.743157,Fixation,17.741392135620117,135.125,431.718994140625
1779804349.028413,Saccade,289.02471923828125,285.255,1711.953857421875
1779804350.354813,Fixation,22.61980438232422,1326.245,355.1397399902344
1779804350.544947,Saccade,266.8043212890625,190.125,2100.79931640625
1779804350.630069,Fixation,15.869050025939941,85.125,439.67626953125
1779804350.970335,Saccade,46.68893051147461,340.267,1148.51513671875
1779804351.085447,Fixation,3.063542127609253,115.108,511.73248291015625
1779804351.575947,Saccade,601.339599609375,490.5,3403.79638671875
1779804351.866191,Fixation,28.743812561035156,290.25,258.19189453125
1779804351.901191,Saccade,57.97736740112305,35.0,1492.05517578125
1779804352.236569,Fixation,21.736421585083008,335.375,330.2576904296875
1779804352.426691,Saccade,575.7527465820312,190.13,3527.757568359375
1779804352.531813,Fixation,23.43667984008789,105.12,581.9940795898438
1779804352.546813,Saccade,24.258506774902344,15.0,1439.3548583984375
1779804352.636947,Fixation,46.254905700683594,90.13,673.6397705078125
1779804352.656965,Saccade,50.23467254638672,19.995,1698.357177734375
1779804352.757087,Fixation,70.79940032958984,100.125,523.4673461914062
1779804353.192465,Saccade,476.896728515625,435.38,3436.208251953125
1779804354.038209,Fixation,148.34051513671875,845.745,400.1413269042969
1779804354.10322,Saccade,60.59995651245117,65.013,2202.6220703125
1779804354.193332,Fixation,78.71212768554688,90.112,549.6671752929688
1779804354.418587,Saccade,111.4222183227539,225.25,3261.363525390625
1779804354.638709,Fixation,203.60984802246094,220.125,794.0450439453125
1779804354.668843,Saccade,67.16657257080078,30.129,2060.557861328125
1779804354.843965,Fixation,103.87682342529297,175.121,453.7203369140625
1779804354.913965,Saccade,363.2812805175781,70.0,5180.0458984375
1779804355.094209,Fixation,16.952119827270508,180.25,542.4160766601562
1779804355.244332,Saccade,38.014366149902344,150.125,1283.8660888671875
1779804355.399465,Fixation,3.6878256797790527,155.125,523.9130859375
1779804355.474587,Saccade,51.797359466552734,75.125,1145.42236328125
1779804355.624709,Fixation,19.09589385986328,150.128,510.3897399902344
1779804355.735559,Saccade,22.335140228271484,110.122,1234.2301025390625
1779804355.910692,Fixation,9.015504837036133,175.125,485.0039367675781
1779804356.145825,Saccade,90.92083740234375,235.136,1362.45068359375
1779804356.306059,Fixation,13.966560363769531,160.239,501.1077880859375
1779804356.416192,Saccade,16.41130256652832,110.125,1144.05615234375
1779804356.526192,Fixation,7.623385429382324,110.0,411.223388671875
1779804356.671325,Saccade,8.65400218963623,145.138,1128.3177490234375
1779804356.791436,Fixation,9.899749755859375,120.112,497.2673645019531
1779804356.936558,Saccade,107.24667358398438,145.125,1807.555908203125
1779804357.046692,Fixation,91.01982879638672,110.125,778.1390380859375
1779804357.321936,Saccade,338.950927734375,275.25,1870.8427734375
1779804357.672314,Fixation,65.9144058227539,350.375,425.3705749511719
1779804357.777447,Saccade,204.32249450683594,105.138,3363.458251953125
1779804358.007559,Fixation,159.2728729248047,230.113,603.629638671875
1779804358.107692,Saccade,122.1227798461914,100.124,1592.2138671875
1779804359.168092,Fixation,85.57411193847656,1061.0,430.5675048828125
1779804359.253214,Saccade,90.2638931274414,85.125,1384.06201171875
1779804359.333214,Fixation,36.52241516113281,80.0,682.0076293945312
1779804359.538459,Saccade,116.91243743896484,205.249,2298.64404296875
1779804359.643458,Fixation,32.166099548339844,105.003,435.6264343261719
1779804359.668592,Saccade,44.450096130371094,25.123,1543.20947265625
1779804359.788603,Fixation,8.28732681274414,120.015,432.6274108886719
1779804359.808714,Saccade,23.991317749023438,20.11,1203.30224609375
1779804359.928847,Fixation,31.268373489379883,120.137,430.71551513671875
1779804360.148958,Saccade,138.28514099121094,220.113,1604.7890625
1779804360.299081,Fixation,20.93798828125,150.124,492.8576354980469
1779804360.414214,Saccade,25.512943267822266,115.126,1247.2593994140625
1779804360.964714,Fixation,18.43555450439453,550.499,453.2843017578125
1779804361.119836,Saccade,28.66451644897461,155.125,1793.8966064453125
1779804361.249969,Fixation,7.074240207672119,130.129,456.34832763671875
1779804361.495214,Saccade,45.82023620605469,245.246,1351.6025390625
1779804361.751039,Fixation,2.029555559158325,255.25,412.1564636230469
1779804362.156416,Saccade,22.236156463623047,405.375,1264.274169921875
1779804362.241539,Fixation,11.48313045501709,85.125,599.7779541015625
1779804362.411661,Saccade,19.351991653442383,170.125,1405.65966796875
1779804362.631794,Fixation,9.02700138092041,220.125,532.7515258789062
1779804362.721916,Saccade,10.265812873840332,90.125,1317.1334228515625
1779804362.802038,Fixation,26.42605972290039,80.125,547.338134765625
1779804363.162294,Saccade,3.04103946685791,360.25,1283.240234375
1779804363.252416,Fixation,8.584695816040039,90.128,403.060302734375
1779804363.627794,Saccade,143.97174072265625,375.381,1317.2010498046875
1779804363.863039,Fixation,24.343059539794922,235.241,455.1844787597656
1779804363.888039,Saccade,24.724212646484375,25.0,1024.2418212890625
1779804364.063161,Fixation,6.1592512130737305,175.125,450.2014465332031
1779804364.108161,Saccade,10.658187866210938,45.0,1317.0064697265625
1779804364.258294,Fixation,5.924775123596191,150.134,417.15789794921875
1779804364.273416,Saccade,14.572189331054688,15.116,1054.77783203125
1779804364.388416,Fixation,11.84369945526123,115.0,446.4550476074219
1779804364.45855,Saccade,5.8954291343688965,70.129,1158.370361328125
1779804364.538672,Fixation,7.834637641906738,80.126,443.9236145019531
1779804365.383878,Saccade,119.61079406738281,845.745,1618.444091796875
1779804365.479,Fixation,7.026071071624756,95.125,530.6534423828125
1779804365.499,Saccade,21.31427764892578,20.0,1229.2022705078125
1779804365.639122,Fixation,10.846141815185547,140.125,474.5513000488281
1779804365.704122,Saccade,6.1360182762146,65.0,1321.3199462890625
1779804365.864255,Fixation,33.74879455566406,160.125,467.3863525390625
1779804366.159622,Saccade,16.2906494140625,295.375,1283.2685546875
1779804366.249622,Fixation,5.049066066741943,90.0,489.0751953125
1779804366.384766,Saccade,17.469074249267578,135.138,1334.768798828125
1779804366.795133,Fixation,34.80720520019531,410.367,452.61151123046875
1779804366.825122,Saccade,26.148460388183594,29.995,1275.5574951171875
1779804366.950255,Fixation,10.16072940826416,125.125,480.5776062011719
1779804367.075377,Saccade,169.81512451171875,125.125,1872.027099609375
1779804367.250622,Fixation,19.71771812438965,175.25,466.3318786621094
1779804367.435755,Saccade,37.019081115722656,185.125,1269.754638671875
1779804367.651,Fixation,7.4861955642700195,215.25,507.7475280761719
1779804367.711,Saccade,190.09507751464844,60.0,2705.42431640625
1779804368.221341,Fixation,21.21808433532715,510.5,459.41119384765625
1779804368.241341,Saccade,17.39543342590332,20.0,1194.588623046875
1779804368.371474,Fixation,15.881814956665039,130.129,418.6886291503906
1779804368.686718,Saccade,15.248332977294922,315.246,3810.324951171875
1779804368.821852,Fixation,25.51094627380371,135.131,519.6096801757812
1779804368.846841,Saccade,19.095691680908203,24.994,1192.59423828125
1779804369.002096,Fixation,18.930795669555664,155.25,468.2738037109375
1779804369.162219,Saccade,23.991132736206055,160.125,1341.642822265625
1779804369.257218,Fixation,11.085328102111816,95.0,520.11279296875
1779804369.272341,Saccade,8.408487319946289,15.125,1186.7528076171875
1779804369.382341,Fixation,15.296996116638184,110.0,456.994140625
1779804369.542596,Saccade,14.034798622131348,160.25,1184.8731689453125
1779804369.622596,Fixation,19.759145736694336,80.0,437.39703369140625
1779804369.792718,Saccade,31.748464584350586,170.125,1176.5103759765625
1779804369.862841,Fixation,13.557771682739258,70.125,453.3478088378906
1779804369.887841,Saccade,4.96752405166626,25.0,1023.7328491210938
1779804370.078096,Fixation,15.971623420715332,190.25,384.820068359375
1779804370.218219,Saccade,13.22530460357666,140.129,1156.268310546875
1779804370.338218,Fixation,23.963308334350586,119.996,538.3468017578125
1779804370.628596,Saccade,11.098812103271484,290.375,1197.086669921875
1779804370.723596,Fixation,9.022346496582031,95.0,371.7258605957031
1779804371.123773,Saccade,546.1697387695312,400.375,2922.5703125
1779804372.680273,Fixation,127.60755157470703,1556.5,509.5972900390625
1779804372.700273,Saccade,24.471712112426758,20.0,1236.3084716796875
1779804373.050528,Fixation,15.101181983947754,350.25,460.4729309082031
1779804373.06565,Saccade,18.97043228149414,15.125,1088.02001953125
1779804373.240773,Fixation,7.211443901062012,175.125,482.6410827636719
1779804373.445906,Saccade,706.203125,205.124,4383.8876953125
1779804373.521039,Fixation,3.9914305210113525,75.134,409.7457275390625
1779804373.71115,Saccade,77.13867950439453,190.116,1223.7528076171875
1779804373.816273,Fixation,16.784442901611328,105.125,469.758056640625
1779804373.917093,Saccade,5.03594446182251,100.13,1097.689453125
1779804374.017215,Fixation,13.445070266723633,100.121,528.3689575195312
1779804374.037215,Saccade,19.097436904907227,19.999,1028.7213134765625
1779804374.122216,Fixation,5.996197700500488,85.0,386.6546630859375
1779804374.36246,Saccade,592.31591796875,240.251,3126.317138671875
1779804374.692838,Fixation,34.15074920654297,330.375,457.917236328125
1779804374.732838,Saccade,35.349021911621094,39.999,935.5614624023438
1779804375.173216,Fixation,9.83980655670166,440.375,377.26580810546875
1779804375.198215,Saccade,20.3709716796875,25.0,949.8189086914062
1779804375.843838,Fixation,15.081214904785156,645.625,427.1531066894531
1779804375.863838,Saccade,26.839872360229492,20.0,1109.88427734375
1779804376.45946,Fixation,18.168472290039062,595.625,427.7313537597656
1779804376.709716,Saccade,656.3267822265625,250.251,3115.6865234375
1779804376.804716,Fixation,19.839582443237305,94.999,393.0179443359375
1779804376.834014,Saccade,38.80543518066406,30.0,1147.5037841796875
1779804376.959136,Fixation,6.124085426330566,125.125,410.9859619140625
1779804377.234392,Saccade,101.2452163696289,275.25,1462.1478271484375
1779804377.314514,Fixation,16.94807243347168,80.125,384.3332214355469
1779804377.444636,Saccade,19.97542381286621,130.125,1048.58154296875
1779804377.524759,Fixation,16.613685607910156,80.125,578.8035278320312
1779804377.549759,Saccade,21.429519653320312,25.0,1081.5191650390625
1779804377.694892,Fixation,44.622920989990234,145.125,337.8834228515625
1779804377.757636,Saccade,19.813671112060547,62.744,1250.4266357421875
1779804377.850014,Fixation,6.520921230316162,92.385,500.4732971191406
1779804377.870014,Saccade,19.86908531188965,19.996,1005.1626586914062
1779804377.970136,Fixation,30.33126449584961,100.125,492.7264099121094
1779804378.070259,Saccade,15.88361930847168,100.125,1061.328369140625
1779804378.165259,Fixation,19.154165267944336,95.0,463.35955810546875
1779804378.310392,Saccade,180.9410400390625,145.125,2190.746826171875
1779804379.20127,Fixation,10.535972595214844,890.877,421.8894348144531
1779804379.216259,Saccade,14.509378433227539,14.998,955.1097412109375
1779804379.571647,Fixation,14.99144458770752,355.384,414.7564697265625
1779804379.726758,Saccade,719.3456420898438,155.116,4738.30078125
1779804379.826892,Fixation,5.270225524902344,100.125,428.5595397949219
1779804379.977692,Saccade,57.7835693359375,150.125,1361.931396484375
1779804380.292947,Fixation,30.909088134765625,315.255,451.36773681640625
1779804380.312936,Saccade,17.38585090637207,19.995,1092.9283447265625
1779804380.423069,Fixation,14.380854606628418,110.125,413.2088623046875
1779804380.613192,Saccade,23.309938430786133,190.125,1001.1717529296875
1779804380.858436,Fixation,11.513761520385742,245.25,436.0768127441406
1779804381.128692,Saccade,626.2073364257812,270.25,2526.36572265625
1779804381.238814,Fixation,11.89323902130127,110.125,457.8153076171875
1779804381.313825,Saccade,17.8317813873291,75.007,1161.19677734375
1779804381.619192,Fixation,26.951684951782227,305.368,435.1736145019531
1779804381.649192,Saccade,23.43854522705078,30.0,993.6083374023438
1779804382.279814,Fixation,11.889081001281738,630.625,451.141845703125
1779804382.299814,Saccade,49.39973831176758,20.0,1819.3487548828125
1779804382.810314,Fixation,35.702552795410156,510.5,407.133056640625
1779804382.979925,Saccade,12.358345031738281,170.125,1088.038330078125
1779804383.115058,Fixation,19.976167678833008,135.125,437.5378112792969
1779804383.190058,Saccade,245.06260681152344,75.0,3108.939208984375
1779804383.360302,Fixation,8.659912109375,170.25,484.01324462890625
1779804383.435302,Saccade,39.81534194946289,75.004,1366.328369140625
1779804383.575436,Fixation,11.187954902648926,140.127,469.2283630371094
1779804383.77068,Saccade,509.72027587890625,195.244,3654.89306640625
1779804383.955802,Fixation,119.18453216552734,185.125,651.4256591796875
1779804384.246058,Saccade,372.5782470703125,290.25,3800.91455078125
1779804384.36618,Fixation,54.391605377197266,120.125,638.6851806640625
1779804384.436303,Saccade,64.43108367919922,70.125,1586.692626953125
1779804384.85668,Fixation,219.07264709472656,420.375,463.4289855957031
1779804384.891691,Saccade,95.28218841552734,35.009,2804.350830078125
1779804385.081803,Fixation,131.98974609375,190.116,528.6035766601562
1779804385.101925,Saccade,35.0317268371582,20.125,1342.688720703125
1779804385.97268,Fixation,55.987022399902344,870.754,418.3189697265625
1779804385.99256,Saccade,38.00092697143555,19.996,1572.230712890625
1779804386.257804,Fixation,166.8478240966797,265.25,626.733642578125
1779804386.302804,Saccade,31.500120162963867,45.0,1388.4476318359375
1779804386.417938,Fixation,44.16572189331055,115.125,568.8443603515625
1779804386.437937,Saccade,23.541770935058594,20.0,1122.4112548828125
1779804386.51806,Fixation,26.08418083190918,80.125,602.4407348632812
1779804386.56306,Saccade,118.23660278320312,45.0,2257.072265625
1779804386.728304,Fixation,66.55070495605469,165.25,506.3314514160156
1779804386.898438,Saccade,266.8695983886719,170.125,4107.439453125
1779804386.978437,Fixation,91.56267547607422,80.0,757.4690551757812
1779804387.00356,Saccade,33.8370361328125,25.125,2282.477783203125
1779804387.218682,Fixation,39.149818420410156,215.125,436.6330261230469
1779804387.423938,Saccade,357.2140808105469,205.25,4517.70556640625
1779804387.984437,Fixation,91.92774963378906,560.5,468.7998962402344
1779804388.004437,Saccade,20.542343139648438,20.0,985.3134155273438
1779804388.10456,Fixation,14.546294212341309,100.125,412.0623779296875
1779804388.404804,Saccade,111.36149597167969,300.249,1389.6402587890625
1779804388.760182,Fixation,18.879756927490234,355.375,386.1847839355469
1779804388.875182,Saccade,132.24703979492188,115.0,1803.2974853515625
1779804388.950304,Fixation,18.664844512939453,75.125,374.6988830566406
1779804389.005725,Saccade,18.703847885131836,55.0,1071.833740234375
1779804389.125859,Fixation,17.60302734375,120.125,464.73492431640625
1779804389.316103,Saccade,59.613372802734375,190.251,2080.535888671875
1779804389.526236,Fixation,50.62709426879883,210.133,473.40020751953125
1779804389.546225,Saccade,16.633455276489258,19.992,887.1021118164062
1779804390.717359,Fixation,39.78738021850586,1171.125,365.7217102050781
1779804390.737359,Saccade,17.487802505493164,19.999,949.1614379882812
1779804390.822481,Fixation,23.288896560668945,85.129,375.1416931152344
1779804390.922603,Saccade,465.4903259277344,100.126,4750.09716796875
1779804391.222858,Fixation,150.25181579589844,300.245,549.8634643554688
1779804391.307858,Saccade,483.11798095703125,85.0,5055.0771484375
1779804392.839115,Fixation,168.07174682617188,1531.5,395.4906311035156
1779804392.959238,Saccade,261.8324890136719,120.125,2968.47314453125
1779804393.069237,Fixation,71.15309143066406,110.0,455.8869934082031
1779804393.13436,Saccade,221.1875762939453,65.125,3948.263916015625
1779804393.489738,Fixation,154.13571166992188,355.375,490.47186279296875
1779804393.559737,Saccade,432.13433837890625,70.0,5425.0029296875
1779804394.540615,Fixation,171.6312255859375,980.875,483.2375183105469
1779804394.555615,Saccade,14.118523597717285,15.006,993.01416015625
1779804394.74086,Fixation,14.229632377624512,185.244,469.25103759765625
1779804394.76586,Saccade,23.528011322021484,25.0,959.3871459960938
1779804394.976115,Fixation,9.591485023498535,210.25,487.8399353027344
1779804395.001756,Saccade,21.83035659790039,25.0,913.541748046875
1779804395.517256,Fixation,33.76673889160156,515.5,475.8431396484375
1779804395.537256,Saccade,37.11808776855469,20.003,1351.0164794921875
1779804395.697378,Fixation,41.35978698730469,160.122,427.6101379394531
1779804395.727378,Saccade,54.22663497924805,30.0,1739.59375
1779804396.277879,Fixation,27.371381759643555,550.503,408.2966613769531
1779804396.338001,Saccade,8.04021167755127,60.122,1120.7171630859375
1779804396.528123,Fixation,12.415380477905273,190.125,520.3350219726562
1779804396.788378,Saccade,73.78773498535156,260.25,1933.3038330078125
1779804397.143756,Fixation,23.64985466003418,355.375,424.78387451171875
1779804397.188756,Saccade,13.845932960510254,45.0,1069.08447265625
1779804397.474012,Fixation,33.69696044921875,285.258,486.5458068847656
1779804397.499012,Saccade,19.107711791992188,24.998,965.9564208984375
1779804397.674123,Fixation,21.354812622070312,175.119,540.832763671875
1779804397.689256,Saccade,15.992024421691895,15.125,998.3060302734375
1779804397.979501,Fixation,61.20438766479492,290.25,452.06182861328125
1779804398.064482,Saccade,462.38543701171875,85.0,5438.48974609375
1779804398.189604,Fixation,53.833351135253906,125.125,507.76702880859375
1779804398.40986,Saccade,482.8809814453125,220.25,3843.02587890625
1779804398.865238,Fixation,76.68060302734375,455.375,525.9227905273438
1779804398.945371,Saccade,482.2360534667969,80.134,5496.70947265625
1779804399.075493,Fixation,45.03084945678711,130.125,372.05096435546875
1779804399.100482,Saccade,29.329158782958984,24.991,1435.2890625
1779804399.205604,Fixation,18.989133834838867,105.125,477.1701965332031
1779804399.275604,Saccade,504.53955078125,70.0,7009.45556640625
1779804399.57586,Fixation,62.51140594482422,300.251,426.1258544921875
1779804399.595982,Saccade,22.509225845336914,20.124,1284.3875732421875
1779804399.841104,Fixation,22.34349822998047,245.125,399.4363708496094
1779804399.861238,Saccade,22.501693725585938,20.125,1095.035888671875
1779804400.216482,Fixation,10.88730239868164,355.253,425.7330322265625
1779804400.266604,Saccade,12.612380981445312,50.122,1061.53076171875
1779804400.431738,Fixation,40.20329666137695,165.125,495.7982177734375
1779804400.54186,Saccade,19.202857971191406,110.125,1616.002197265625
1779804400.691982,Fixation,31.884584426879883,150.125,558.8724365234375
1779804400.867115,Saccade,651.8389282226562,175.138,4776.6875
1779804401.152304,Fixation,69.3904037475586,285.237,769.135498046875
1779804401.182304,Saccade,48.88584899902344,30.0,1764.7532958984375
1779804401.357548,Fixation,26.781810760498047,175.25,490.3436584472656
1779804401.552682,Saccade,42.13202667236328,195.125,1796.3564453125
1779804401.998048,Fixation,24.370439529418945,445.374,443.6419372558594
1779804402.488548,Saccade,18.633798599243164,490.501,3238.927490234375
1779804402.653671,Fixation,38.55936813354492,165.124,533.8381958007812
1779804402.848926,Saccade,10.30444049835205,195.251,1204.5452880859375
1779804402.928926,Fixation,13.038616180419922,79.999,557.4298095703125
1779804403.044059,Saccade,28.1854248046875,115.13,1197.11865234375
1779804403.18917,Fixation,3.7608065605163574,145.12,427.7622375488281
1779804403.369426,Saccade,10.200756072998047,180.25,1238.599853515625
1779804403.444426,Fixation,51.25963592529297,75.001,742.43359375
1779804403.72467,Saccade,662.7825927734375,280.249,3783.909423828125
1779804403.879804,Fixation,34.55018615722656,155.125,396.0268859863281
1779804403.914926,Saccade,88.05905151367188,35.125,2294.7080078125
1779804404.009926,Fixation,8.915776252746582,95.0,404.9567565917969
1779804404.065048,Saccade,108.22171020507812,55.126,2166.576904296875
1779804404.419586,Fixation,12.086335182189941,355.25,335.6058044433594
1779804404.474708,Saccade,258.9006042480469,55.124,3947.387939453125
1779804406.046086,Fixation,27.876279830932617,1571.381,366.24713134765625
1779804406.076208,Saccade,46.70920181274414,30.119,1465.3348388671875
1779804406.161208,Fixation,21.120847702026367,85.0,412.44134521484375
1779804406.186208,Saccade,34.47550582885742,25.0,1314.6102294921875
1779804407.152086,Fixation,51.986637115478516,965.875,332.39739990234375
1779804407.33254,Saccade,305.2006530761719,180.25,2455.540283203125
1779804407.522662,Fixation,22.461658477783203,190.125,449.73785400390625
1779804407.607795,Saccade,72.23524475097656,85.125,1332.679931640625
1779804407.822917,Fixation,36.066162109375,215.125,418.4970703125
1779804407.84304,Saccade,27.12654685974121,20.125,1353.498779296875
1779804408.183295,Fixation,7.694777011871338,340.25,390.7781982421875
1779804408.37854,Saccade,297.3906555175781,195.25,2076.134521484375
1779804408.48354,Fixation,25.713632583618164,105.0,494.2408447265625
1779804408.513662,Saccade,35.221588134765625,30.125,1172.1495361328125
1779804409.659662,Fixation,33.5035514831543,1146.0,304.5783386230469
1779804409.679673,Saccade,31.302223205566406,20.004,1437.7686767578125
1779804409.954917,Fixation,14.873514175415039,275.246,320.6601867675781
1779804410.05504,Saccade,344.0811462402344,100.125,3468.829345703125
1779804410.160162,Fixation,17.801408767700195,105.125,436.0293273925781
1779804410.180059,Saccade,13.652766227722168,20.0,927.6470947265625
1779804410.405326,Fixation,28.260093688964844,225.259,394.02972412109375
1779804410.470315,Saccade,199.27195739746094,64.991,2783.268798828125
1779804410.600437,Fixation,26.875629425048828,130.125,404.82830810546875
1779804410.645437,Saccade,58.00823974609375,45.0,1442.886962890625
1779804411.616315,Fixation,11.977106094360352,970.875,368.9841003417969
1779804411.631437,Saccade,14.911544799804688,15.125,1043.0439453125
1779804412.897571,Fixation,49.93900680541992,1266.13,366.41046142578125
1779804412.947571,Saccade,9.125916481018066,49.998,1065.515869140625
1779804413.443658,Fixation,16.74713706970215,495.497,357.8166809082031
1779804413.493658,Saccade,120.7283706665039,50.0,2353.37890625
1779804413.623791,Fixation,14.434990882873535,130.125,410.9179992675781
1779804413.678924,Saccade,202.43328857421875,55.135,3410.6171875
1779804414.004158,Fixation,15.187028884887695,325.24,414.440673828125
1779804414.099291,Saccade,192.83969116210938,95.125,2569.6552734375
1779804414.194413,Fixation,9.266464233398438,95.125,431.8044128417969
1779804414.224413,Saccade,46.932220458984375,30.0,1299.727783203125
1779804414.324413,Fixation,15.567734718322754,100.0,389.4184875488281
1779804414.339535,Saccade,13.562149047851562,15.125,1013.6278686523438
1779804415.145291,Fixation,10.012869834899902,805.75,417.0030212402344
1779804415.200291,Saccade,10.323806762695312,55.0,1178.926513671875
1779804415.665658,Fixation,32.58639907836914,465.375,410.01361083984375
1779804415.935924,Saccade,144.66293334960938,270.261,1594.9013671875
1779804416.081035,Fixation,23.724964141845703,145.114,529.1436157226562
1779804416.101158,Saccade,20.136974334716797,20.125,1147.9925537109375
1779804416.196158,Fixation,8.166760444641113,95.0,447.14093017578125
1779804416.215553,Saccade,8.50702953338623,20.0,1044.27490234375
1779804416.335686,Fixation,16.8309326171875,120.13,485.2254333496094
1779804416.51093,Saccade,224.6007080078125,175.245,2168.5517578125
1779804417.031308,Fixation,29.2729549407959,520.375,405.7613525390625
1779804417.041441,Saccade,12.782451629638672,10.138,896.9688720703125
1779804417.401686,Fixation,10.975828170776367,360.237,421.2497863769531
1779804417.416686,Saccade,13.887921333312988,15.0,933.1461181640625
1779804417.501808,Fixation,11.316182136535645,85.131,413.9582214355469
1779804417.556808,Saccade,14.474136352539062,54.994,1113.991455078125
1779804417.66693,Fixation,8.25121021270752,110.125,464.92041015625
1779804417.732053,Saccade,176.40939331054688,65.125,2705.6259765625
1779804417.837053,Fixation,17.15679359436035,105.0,369.5849304199219
1779804417.862186,Saccade,25.871246337890625,25.125,984.4937744140625
1779804418.23243,Fixation,22.426013946533203,370.25,462.23309326171875
1779804418.282552,Saccade,34.695621490478516,50.125,1455.451904296875
1779804418.497686,Fixation,9.84421157836914,215.125,460.9215393066406
1779804418.602819,Saccade,26.779624938964844,105.138,1146.819580078125
1779804418.70793,Fixation,19.9111385345459,105.112,457.7056884765625
1779804418.73793,Saccade,17.789133071899414,30.0,952.7841796875
1779804418.968186,Fixation,21.87017822265625,230.25,482.8326110839844
1779804418.988186,Saccade,25.999263763427734,20.0,1141.495361328125
1779804419.294155,Fixation,5.743346691131592,305.249,419.2235107421875
1779804419.409299,Saccade,14.857538223266602,115.139,976.0410766601562
1779804419.49941,Fixation,15.248836517333984,90.111,497.3807373046875
1779804419.719532,Saccade,97.01368713378906,220.126,1507.266845703125
1779804419.814655,Fixation,31.79530143737793,95.125,438.28155517578125
1779804419.834655,Saccade,28.913118362426758,20.0,1130.2115478515625
1779804419.974777,Fixation,15.479817390441895,140.124,427.85552978515625
1779804420.134921,Saccade,9.1477689743042,160.136,1120.8626708984375
1779804420.215032,Fixation,3.935570001602173,80.115,527.6028442382812
1779804420.495288,Saccade,337.0086669921875,280.251,2161.82373046875
1779804420.720532,Fixation,16.489700317382812,225.248,395.49139404296875
1779804420.735532,Saccade,15.20233154296875,15.001,1174.1009521484375
1779804421.083477,Fixation,14.570931434631348,347.946,346.71551513671875
1779804421.10091,Saccade,15.859671592712402,17.429,1055.70263671875
1779804421.606277,Fixation,13.913960456848145,505.375,372.8160095214844
1779804421.626288,Saccade,24.368934631347656,20.003,1139.3609619140625
1779804421.73641,Fixation,16.76030921936035,110.122,457.4250793457031
1779804421.781532,Saccade,123.94739532470703,45.124,2528.6376953125
1779804422.131777,Fixation,21.384241104125977,350.25,381.6793518066406
1779804422.146777,Saccade,12.922355651855469,15.0,870.5787963867188
1779804422.305974,Fixation,12.330832481384277,160.125,302.59368896484375
1779804422.321097,Saccade,13.766743659973145,15.126,978.7359619140625
1779804422.951596,Fixation,25.90070915222168,630.5,422.434326171875
1779804423.036719,Saccade,312.0539245605469,85.125,4086.257568359375
1779804423.181841,Fixation,10.864505767822266,145.124,430.270263671875
1779804423.271974,Saccade,14.125214576721191,90.125,1172.9779052734375
1779804423.396974,Fixation,13.594879150390625,125.007,480.9432678222656
1779804423.467097,Saccade,11.625882148742676,70.118,1005.1075439453125
1779804423.552219,Fixation,11.337674140930176,85.125,506.2529602050781
1779804423.732341,Saccade,580.4832153320312,180.125,3473.39697265625
1779804423.842474,Fixation,15.295756340026855,110.125,394.1158752441406
1779804423.882474,Saccade,38.78996658325195,40.005,1193.3720703125
1779804424.032597,Fixation,12.191435813903809,150.12,370.14019775390625
1779804424.09773,Saccade,345.1533508300781,65.13,5355.6416015625
1779804424.938474,Fixation,10.563652038574219,840.745,293.47198486328125
1779804424.998474,Saccade,386.2872619628906,60.0,6018.2529296875
1779804425.248719,Fixation,16.239864349365234,250.25,269.3315124511719
1779804425.278954,Saccade,37.40052795410156,30.0,1261.1248779296875
1779804425.629332,Fixation,32.03200149536133,350.375,225.6605987548828
1779804425.649332,Saccade,21.215065002441406,20.001,1070.1331787109375
1779804427.255832,Fixation,21.57522201538086,1606.499,271.2682800292969
1779804427.445954,Saccade,543.7288208007812,190.125,3411.040283203125
1779804427.64121,Fixation,8.127017974853516,195.25,437.9044189453125
1779804428.031576,Saccade,320.39422607421875,390.375,1857.847412109375
1779804428.18671,Fixation,32.0490608215332,155.125,388.03814697265625
1779804428.20171,Saccade,12.099616050720215,15.0,815.5349731445312
1779804428.376696,Fixation,9.064431190490723,175.125,360.2575378417969
1779804428.396696,Saccade,27.434179306030273,20.0,1204.5526123046875
1779804429.637941,Fixation,42.632450103759766,1241.25,337.3115234375
1779804429.682941,Saccade,147.56690979003906,45.0,3036.9951171875
1779804429.783074,Fixation,2.809577465057373,100.125,354.2169189453125
1779804429.828074,Saccade,78.54156494140625,45.0,1800.6475830078125
1779804430.008196,Fixation,11.289929389953613,180.127,364.53631591796875
1779804430.068318,Saccade,223.2630157470703,60.123,3337.476318359375
1779804431.354382,Fixation,14.041933059692383,1286.125,308.5023193359375
1779804431.369382,Saccade,14.182147026062012,15.0,952.6873779296875
1779804435.088081,Fixation,115.06298065185547,3718.5,307.6689453125
1779804435.163081,Saccade,274.1924133300781,75.0,3528.51611328125
1779804435.263214,Fixation,36.710121154785156,100.125,377.2137145996094
1779804435.328337,Saccade,259.2593994140625,65.125,4035.12451171875
1779804435.508459,Fixation,36.55204772949219,180.125,356.7983093261719
1779804435.528459,Saccade,19.17966079711914,20.0,915.69384765625
1779804435.618592,Fixation,19.138046264648438,90.129,308.17181396484375
1779804435.633581,Saccade,14.327656745910645,14.996,969.14794921875
1779804437.475834,Fixation,2.5072762966156006,1841.75,311.7851867675781
1779804437.555835,Saccade,18.631271362304688,80.0,1305.6405029296875
1779804440.023079,Fixation,59.50328063964844,2467.251,283.34869384765625
1779804440.108212,Saccade,353.91326904296875,85.128,4331.7431640625
1779804440.754061,Fixation,23.417598724365234,645.62,351.93328857421875
1779804440.974194,Saccade,349.1490173339844,220.138,2834.138427734375
1779804442.340572,Fixation,40.63587188720703,1366.372,308.7834167480469
1779804442.425561,Saccade,372.7369384765625,84.99,4149.66796875
1779804442.535683,Fixation,22.88666343688965,110.125,419.8342590332031
1779804442.550683,Saccade,21.931623458862305,15.0,1183.59716796875
1779804442.675805,Fixation,8.377074241638184,125.125,449.94476318359375
1779804442.735805,Saccade,6.8748955726623535,60.0,1029.645751953125
1779804443.141194,Fixation,6.002060413360596,405.384,419.9956970214844
1779804443.405845,Saccade,193.21176147460938,265.241,1766.492919921875
1779804444.05649,Fixation,7.328420639038086,650.636,313.71160888671875
1779804444.136601,Saccade,10.287164688110352,80.114,1100.05517578125
1779804444.586978,Fixation,8.568636894226074,450.375,278.0672607421875
1779804444.636978,Saccade,169.58128356933594,50.0,3409.46435546875
1779804445.272601,Fixation,30.222156524658203,635.625,372.02508544921875
1779804445.422723,Saccade,328.2915954589844,150.125,3127.35791015625
1779804446.143478,Fixation,27.168865203857422,720.75,324.2999572753906
1779804446.198478,Saccade,5.42569637298584,55.0,1706.9844970703125
1779804446.388601,Fixation,10.467815399169922,190.125,357.27313232421875
1779804446.403561,Saccade,11.195341110229492,15.125,842.96240234375
1779804446.693816,Fixation,3.538102865219116,290.255,364.6092224121094
1779804446.818938,Saccade,303.9308166503906,125.12,2999.927978515625
1779804447.624694,Fixation,41.1457405090332,805.756,351.7026062011719
1779804447.674694,Saccade,195.56590270996094,50.001,3497.39794921875
1779804447.854816,Fixation,12.628958702087402,180.118,323.96014404296875
1779804447.884816,Saccade,34.36663818359375,30.0,1092.938720703125
1779804448.495438,Fixation,11.529779434204102,610.625,318.05224609375
1779804448.560438,Saccade,169.86508178710938,65.0,2396.2021484375
1779804448.825683,Fixation,9.070063591003418,265.25,428.6309509277344
1779804448.840816,Saccade,14.78580379486084,15.125,1007.3394775390625
1779804449.316183,Fixation,18.68368148803711,475.375,294.0483093261719
1779804449.631487,Saccade,487.76287841796875,315.256,2837.93994140625
1779804449.951854,Fixation,5.598860263824463,320.369,377.7469177246094
1779804450.006854,Saccade,241.72840881347656,55.0,4137.4296875
1779804451.122854,Fixation,23.896881103515625,1116.0,263.7417297363281
1779804451.217976,Saccade,604.9840698242188,95.125,6107.01513671875
1779804451.313098,Fixation,17.74734878540039,95.125,442.5677795410156
1779804451.398098,Saccade,19.50545310974121,85.0,984.8382568359375
1779804451.548354,Fixation,5.32133674621582,150.25,434.54510498046875
1779804452.018732,Saccade,325.6288146972656,470.38,1575.814697265625
1779804452.343976,Fixation,8.444267272949219,325.246,295.6357727050781
1779804452.424098,Saccade,406.52508544921875,80.124,5223.091796875
1779804452.764369,Fixation,32.015750885009766,340.375,270.96234130859375
1779804452.814369,Saccade,156.63592529296875,50.0,3322.998046875
1779804452.909502,Fixation,2.1296563148498535,95.133,321.1512145996094
1779804452.984491,Saccade,239.22950744628906,74.992,3281.56787109375
1779804453.109613,Fixation,27.567127227783203,125.125,370.5438232421875
1779804453.139613,Saccade,56.952789306640625,30.0,1762.0615234375
1779804454.711113,Fixation,21.994537353515625,1571.5,289.5762023925781
1779804454.781113,Saccade,211.8511962890625,70.0,3128.341552734375
1779804454.941369,Fixation,18.30021858215332,160.25,290.1189880371094
1779804454.976369,Saccade,50.77483367919922,35.0,1389.946533203125
1779804455.116491,Fixation,43.4483757019043,140.125,412.66058349609375
1779804455.497327,Saccade,599.1098022460938,380.375,4411.05712890625
1779804456.508204,Fixation,581.2064208984375,1010.875,497.869384765625
1779804456.533205,Saccade,45.4456787109375,25.0,1887.0428466796875
1779804456.968704,Fixation,287.2066955566406,435.5,459.0980529785156
1779804457.444071,Saccade,633.35791015625,475.375,4011.40966796875
1779804457.539205,Fixation,6.582254886627197,95.125,721.5975952148438
1779804457.634327,Saccade,80.13323974609375,95.125,1483.439453125
1779804457.729327,Fixation,14.484197616577148,95.0,682.1196899414062
1779804457.834449,Saccade,77.59886932373047,105.125,1756.4599609375
1779804457.914571,Fixation,11.201969146728516,80.124,593.6158447265625
1779804457.939571,Saccade,43.0158576965332,25.001,1692.707275390625
1779804458.029582,Fixation,33.63145065307617,90.005,597.4403076171875
1779804458.480071,Saccade,91.62248992919922,450.495,2486.387451171875
1779804458.98032,Fixation,146.89273071289062,500.375,563.165771484375
1779804459.395709,Saccade,621.2280883789062,415.389,3713.302734375
1779804459.555943,Fixation,163.24281311035156,160.235,791.7708740234375
1779804459.580954,Saccade,33.968017578125,25.003,2188.005859375
1779804459.691087,Fixation,73.91556549072266,110.135,547.09521484375
1779804459.726076,Saccade,57.90204620361328,34.987,1767.91748046875
1779804460.50182,Fixation,155.7661895751953,775.75,336.6119079589844
1779804460.52182,Saccade,16.514921188354492,20.0,854.0911254882812
1779804461.07732,Fixation,33.72239303588867,555.5,360.6050720214844
1779804461.11232,Saccade,63.731719970703125,35.0,1825.4632568359375
1779804462.123492,Fixation,2.3010735511779785,1011.0,298.7256774902344
1779804462.313615,Saccade,42.687774658203125,190.125,2679.359130859375
1779804463.299492,Fixation,51.81344985961914,985.875,324.5680236816406
1779804463.344615,Saccade,156.49769592285156,45.125,3021.018798828125
1779804463.935126,Fixation,23.622922897338867,590.502,288.73046875
1779804463.980115,Saccade,144.12069702148438,44.998,2952.635986328125
1779804464.480615,Fixation,100.25896453857422,500.501,393.9772033691406
1779804464.635472,Saccade,368.80328369140625,155.124,2995.5146484375
1779804464.855727,Fixation,169.5331573486328,220.257,634.1707153320312
1779804464.925716,Saccade,490.75689697265625,69.993,6080.38671875
1779804465.921727,Fixation,299.47650146484375,996.007,383.5948181152344
1779804465.951716,Saccade,58.534000396728516,29.993,1898.069580078125
1779804466.312094,Fixation,2.549419641494751,360.375,428.641357421875
1779804466.402094,Saccade,375.20416259765625,90.0,4163.7216796875
1779804466.572339,Fixation,88.41902160644531,170.25,356.4889221191406
1779804466.627338,Saccade,193.21043395996094,55.0,3928.179931640625
1779804466.727472,Fixation,28.771249771118164,100.125,366.44964599609375
1779804466.812472,Saccade,315.7719421386719,85.0,4488.662109375
1779804466.967716,Fixation,45.55296325683594,155.25,560.9082641601562
1779804467.047716,Saccade,88.2270736694336,80.0,1804.090576171875
1779804467.132838,Fixation,32.284278869628906,85.125,573.1160888671875
1779804467.20285,Saccade,212.20547485351562,70.007,3078.586181640625
1779804467.322972,Fixation,51.37493896484375,120.118,571.091796875
1779804467.342972,Saccade,36.09443283081055,20.004,1720.015869140625
1779804467.528216,Fixation,107.79847717285156,185.246,747.8897705078125
1779804467.56323,Saccade,65.1527099609375,35.0,1764.94189453125
1779804467.738352,Fixation,21.612031936645508,175.125,518.1287841796875
1779804467.768352,Saccade,60.124603271484375,30.0,1594.1668701171875
1779804467.923608,Fixation,22.931793212890625,155.25,439.2885437011719
1779804467.963608,Saccade,51.481021881103516,40.001,1182.484375
1779804468.12373,Fixation,46.28890609741211,160.124,544.887939453125
1779804468.253852,Saccade,558.4324340820312,130.125,5472.4296875
1779804468.383986,Fixation,78.37973022460938,130.125,700.4771118164062
1779804468.509108,Saccade,627.3115844726562,125.125,5965.79833984375
1779804468.67923,Fixation,132.3749542236328,170.125,721.0895385742188
1779804468.71423,Saccade,68.76884460449219,35.0,1553.9862060546875
1779804468.874486,Fixation,18.640363693237305,160.25,404.50677490234375
1779804469.004608,Saccade,475.570068359375,130.125,4937.52197265625
1779804469.279852,Fixation,60.438209533691406,275.25,561.1207275390625
1779804469.314852,Saccade,88.25626373291016,35.0,2696.406005859375
1779804471.321354,Fixation,204.85501098632812,2006.875,318.2015380859375
1779804471.381354,Saccade,145.54611206054688,60.0,2731.7333984375
1779804471.61661,Fixation,6.106593608856201,235.25,265.4427490234375
1779804471.68161,Saccade,250.92822265625,65.008,3695.04931640625
1779804471.856854,Fixation,10.501601219177246,175.242,371.4006042480469
1779804471.896854,Saccade,65.05585479736328,40.0,1608.016357421875
1779804472.001976,Fixation,4.918214321136475,105.125,331.6247863769531
1779804472.056976,Saccade,194.33274841308594,55.0,3764.3330078125
1779804473.814386,Fixation,15.137001991271973,1756.625,276.0322265625
1779804473.859386,Saccade,129.34947204589844,45.002,2907.15869140625
1779804474.01963,Fixation,13.313231468200684,160.248,257.1844177246094
1779804474.09463,Saccade,245.71234130859375,75.0,3344.377685546875
1779804474.304886,Fixation,9.819412231445312,210.25,286.6775207519531
1779804474.415019,Saccade,282.27972412109375,110.133,3470.88818359375
1779804474.530008,Fixation,10.214034080505371,114.992,297.68011474609375
1779804474.58513,Saccade,224.3679962158203,55.125,3912.930419921875
1779804474.735275,Fixation,5.439160346984863,150.139,343.6346740722656
1779804474.930386,Saccade,392.9440612792969,195.111,2848.396728515625
1779804475.025508,Fixation,17.936805725097656,95.125,328.01605224609375
1779804475.11563,Saccade,547.1200561523438,90.125,6150.94091796875
1779804475.410886,Fixation,19.54309844970703,295.25,266.56353759765625
1779804475.450886,Saccade,127.40431213378906,40.0,2879.939453125
1779804475.546008,Fixation,8.893218994140625,95.125,310.3150634765625
1779804475.601019,Saccade,197.38674926757812,55.012,3711.0146484375
1779804475.791252,Fixation,28.229145050048828,190.238,257.3419189453125
1779804475.881252,Saccade,519.532470703125,90.0,5770.865234375
1779804475.991386,Fixation,22.97701072692871,110.125,333.61773681640625
1779804476.036508,Saccade,151.52120971679688,45.129,3433.139404296875
1779804476.451886,Fixation,11.219767570495605,415.371,328.078125
1779804476.481886,Saccade,38.50664520263672,30.0,1299.517578125
1779804476.896706,Fixation,15.709665298461914,415.375,323.8931884765625
1779804476.991839,Saccade,365.26739501953125,95.125,4109.748046875
1779804477.151961,Fixation,11.723186492919922,160.125,395.2396240234375
1779804477.176961,Saccade,27.51970672607422,25.0,1157.2144775390625
1779804477.347084,Fixation,14.251542091369629,170.125,356.6067810058594
1779804477.382083,Saccade,55.41449737548828,35.0,1384.660888671875
1779804477.532339,Fixation,43.1890869140625,150.25,499.69464111328125
1779804477.597339,Saccade,82.4543685913086,65.0,1950.6668701171875
1779804477.892583,Fixation,20.818864822387695,295.25,405.16461181640625
1779804477.962706,Saccade,305.1651306152344,70.125,3838.85400390625
1779804478.147839,Fixation,25.041629791259766,185.125,308.4710693359375
1779804478.207961,Saccade,204.05421447753906,60.125,3298.076171875
1779804478.478217,Fixation,11.562219619750977,270.255,308.5886535644531
1779804478.508206,Saccade,38.68350601196289,29.994,1308.1357421875
1779804478.673339,Fixation,2.67112135887146,165.126,260.81610107421875
1779804478.988584,Saccade,200.4922332763672,315.253,2003.913330078125
1779804479.073717,Fixation,17.110015869140625,85.134,490.7975158691406
1779804479.138706,Saccade,308.4853515625,64.987,4565.20068359375
1779804479.228839,Fixation,14.779858589172363,90.125,327.88226318359375
1779804479.303961,Saccade,332.29461669921875,75.126,4084.27880859375
1779804479.444083,Fixation,11.507587432861328,140.124,271.2683410644531
1779804479.474083,Saccade,47.02758026123047,30.001,1532.98095703125
1779804479.75497,Fixation,28.18132209777832,280.257,331.3962097167969
1779804479.845092,Saccade,461.7276611328125,90.123,4616.7919921875
1779804480.110348,Fixation,1.3796706199645996,265.256,375.6577453613281
1779804480.185337,Saccade,369.77984619140625,74.989,4276.15234375
1779804480.445592,Fixation,26.12473487854004,260.25,371.97503662109375
1779804480.475592,Saccade,40.76549530029297,29.999,1370.318359375
1779804480.690848,Fixation,11.268441200256348,215.263,319.64794921875
1779804480.83097,Saccade,468.22393798828125,140.113,3199.142578125
1779804481.001092,Fixation,9.594327926635742,170.124,477.9898986816406
1779804481.031092,Saccade,44.997703552246094,30.001,1253.8399658203125
1779804481.686715,Fixation,19.680864334106445,655.624,397.1473693847656
1779804481.786837,Saccade,467.3166198730469,100.125,4731.908203125
1779804482.142215,Fixation,21.007858276367188,355.375,359.8191223144531
1779804482.167226,Saccade,30.74022674560547,25.008,1277.5157470703125
1779804482.645992,Fixation,4.125674724578857,478.768,336.86083984375
1779804483.422643,Saccade,1003.276123046875,777.349,3157.424560546875
1779804483.497776,Fixation,134.15606689453125,75.125,960.5584716796875
1779804483.697899,Saccade,132.93270874023438,200.125,1666.98046875
1779804483.863021,Fixation,60.36949157714844,165.126,486.9436340332031
1779804483.973143,Saccade,10.802635192871094,110.124,1212.9185791015625
1779804484.428643,Fixation,30.285417556762695,455.5,404.8746337890625
1779804484.523643,Saccade,127.07412719726562,95.001,2165.94775390625
1779804484.783899,Fixation,6.180062770843506,260.25,345.2959289550781
1779804484.899021,Saccade,112.71308898925781,115.124,1267.8740234375
1779804485.184276,Fixation,18.155948638916016,285.251,374.5331726074219
1779804485.224276,Saccade,117.93476867675781,40.002,2165.25732421875
1779804485.389521,Fixation,2.9589221477508545,165.247,543.9325561523438
1779804485.519643,Saccade,77.99066925048828,130.125,1712.08203125
1779804485.624654,Fixation,10.60222339630127,105.006,324.7474060058594
1779804485.674776,Saccade,170.43740844726562,50.119,3470.228515625
1779804485.804899,Fixation,7.461541652679443,130.125,372.3642578125
1779804485.820459,Saccade,13.718295097351074,15.008,1003.9312744140625
1779804486.01057,Fixation,19.172094345092773,190.118,477.5955810546875
1779804486.050703,Saccade,93.03146362304688,40.129,2289.918212890625
1779804486.596203,Fixation,22.772138595581055,545.498,455.5573425292969
1779804486.636192,Saccade,117.1296615600586,39.997,3041.170166015625
1779804486.916448,Fixation,19.65625762939453,280.25,458.03546142578125
1779804486.956448,Saccade,91.55873107910156,40.0,2217.656982421875
1779804487.12157,Fixation,6.689751625061035,165.127,426.7157287597656
1779804487.151703,Saccade,49.434261322021484,30.129,1371.25537109375
1779804487.266703,Fixation,16.07253074645996,114.997,461.6186828613281
1779804487.286825,Saccade,24.270252227783203,20.123,1234.494140625
1779804487.496948,Fixation,8.740612983703613,210.125,413.0547180175781
1779804487.531948,Saccade,26.157108306884766,34.999,1174.19873046875
1779804487.65207,Fixation,7.761910915374756,120.125,384.4231262207031
1779804487.727192,Saccade,25.174030303955078,75.125,987.5252075195312
1779804487.967448,Fixation,41.04143524169922,240.25,476.8577880859375
1779804487.987459,Saccade,23.556331634521484,20.011,1235.769287109375
1779804488.147581,Fixation,17.78661346435547,160.119,410.30401611328125
1779804488.19757,Saccade,32.53418731689453,49.995,1051.9921875
1779804488.272692,Fixation,8.200760841369629,75.125,393.0311279296875
1779804488.292692,Saccade,19.270767211914062,20.0,1114.0465087890625
1779804488.432825,Fixation,28.947547912597656,140.125,491.08856201171875
1779804488.562948,Saccade,524.9514770507812,130.126,5486.49853515625
1779804488.64807,Fixation,154.4951171875,85.125,912.0003051757812
1779804488.797812,Saccade,278.65887451171875,150.125,4106.775390625
1779804488.912945,Fixation,82.67438507080078,115.129,701.2537231445312
1779804489.063067,Saccade,269.1623229980469,150.12,3361.811279296875
1779804489.348323,Fixation,53.881656646728516,285.261,305.1723937988281
1779804489.418323,Saccade,253.7605743408203,70.002,3809.885009765625
1779804489.533445,Fixation,26.88314437866211,115.112,496.0406799316406
1779804489.588567,Saccade,318.1027526855469,55.125,5558.2158203125
1779804489.818689,Fixation,33.12382888793945,230.125,424.4082336425781
1779804490.023945,Saccade,412.9422302246094,205.251,3680.349609375
1779804490.729567,Fixation,27.80698013305664,705.624,306.677490234375
1779804491.355189,Saccade,744.046142578125,625.625,3173.54833984375
1779804491.450189,Fixation,26.467714309692383,95.001,889.935302734375
1779804491.465312,Saccade,31.697338104248047,15.124,1674.8355712890625
1779804491.790567,Fixation,36.908905029296875,325.251,550.0343017578125
1779804491.805998,Saccade,20.39928436279297,14.999,1270.8978271484375
1779804491.88612,Fixation,32.31504440307617,80.126,476.3589782714844
1779804492.041243,Saccade,761.8609008789062,155.124,6545.7294921875
1779804492.186376,Fixation,144.63507080078125,145.126,823.0025024414062
1779804492.221376,Saccade,111.71092987060547,34.999,3198.933349609375
1779804492.43662,Fixation,57.22134780883789,215.25,419.8564147949219
1779804492.706876,Saccade,627.6978149414062,270.251,4159.64501953125
1779804492.841998,Fixation,175.7653350830078,135.124,1047.6392822265625
1779804492.872009,Saccade,67.2599868774414,30.012,1927.0445556640625
1779804493.00212,Fixation,31.876235961914062,130.114,594.1357421875
1779804493.157243,Saccade,744.0942993164062,155.125,6287.73291015625
1779804493.312376,Fixation,216.4767608642578,155.125,861.7586059570312
1779804493.342376,Saccade,109.06379699707031,30.0,3692.4921875
1779804493.50762,Fixation,124.95496368408203,165.25,521.9338989257812
1779804493.54762,Saccade,111.72494506835938,40.0,3031.298583984375
1779804493.637754,Fixation,11.667732238769531,90.132,328.1866149902344
1779804493.677743,Saccade,88.4429702758789,39.993,2459.011962890625
1779804495.153898,Fixation,159.03094482421875,1476.375,320.3439025878906
1779804495.28902,Saccade,735.2110595703125,135.125,5052.076171875
1779804496.295387,Fixation,23.657855987548828,1006.364,318.5294189453125
1779804496.309898,Saccade,34.8520393371582,14.511,1386.7501220703125
1779804496.430031,Fixation,10.450586318969727,120.134,336.612548828125
1779804496.525153,Saccade,719.6083374023438,95.116,7577.54345703125
1779804496.650276,Fixation,5.544836044311523,125.125,364.4410400390625
1779804496.690276,Saccade,45.25761795043945,40.0,1318.9248046875
1779804498.186903,Fixation,24.146175384521484,1496.375,337.49560546875
1779804498.252025,Saccade,289.0986328125,65.125,4262.6142578125
1779804498.357025,Fixation,9.726144790649414,105.0,325.03955078125
1779804498.392148,Saccade,53.992225646972656,35.125,1550.6070556640625
1779804499.718403,Fixation,5.0266242027282715,1326.257,241.9652099609375
1779804499.788403,Saccade,307.0650939941406,69.993,4402.833984375
1779804501.279325,Fixation,13.7577543258667,1491.375,267.7454833984375
1779804501.60458,Saccade,840.0249633789062,325.25,4017.42333984375
1779804502.830714,Fixation,4.289680004119873,1226.131,332.66351318359375
1779804502.900825,Saccade,360.63427734375,70.119,4707.62451171875
1779804503.095958,Fixation,9.116740226745605,195.125,421.7455749511719
1779804503.11108,Saccade,15.783805847167969,15.125,1027.2216796875
1779804504.287708,Fixation,13.739409446716309,1176.005,384.6651916503906
1779804504.377841,Saccade,367.6897277832031,90.127,3571.368408203125
1779804504.713086,Fixation,42.058067321777344,335.243,391.94195556640625
1779804504.733208,Saccade,18.91910743713379,20.126,995.7241821289062
1779804505.293708,Fixation,10.036434173583984,560.5,446.510498046875
1779804505.308708,Saccade,12.64372444152832,15.0,983.156005859375
1779804505.699086,Fixation,15.161688804626465,390.375,413.44683837890625
1779804506.474708,Saccade,1014.7321166992188,775.625,3797.75048828125
1779804507.179979,Fixation,201.83041381835938,705.75,555.0582885742188
1779804507.715479,Fixation,163.76614379882812,1241.25,519.447998046875
1779804507.920613,Saccade,578.1803588867188,205.125,4235.08056640625
1779804508.085746,Fixation,224.70745849609375,165.134,788.3471069335938
1779804508.110857,Saccade,47.487205505371094,25.116,2510.0986328125
1779804508.290979,Fixation,98.26311492919922,180.125,616.7684326171875
1779804508.311002,Saccade,33.66593551635742,20.012,1551.0552978515625
1779804508.911479,Fixation,76.52732849121094,600.488,308.60565185546875
1779804508.946613,Saccade,60.04048156738281,35.133,1764.206787109375
1779804509.236857,Fixation,100.615966796875,290.242,338.2527160644531
1779804509.356979,Saccade,84.03919982910156,120.125,2232.636474609375
1779804509.862357,Fixation,92.64949798583984,505.375,394.7502136230469
1779804509.972355,Saccade,175.04615783691406,110.125,2746.90673828125
1779804510.047488,Fixation,9.011674880981445,75.125,549.8057250976562
1779804510.067488,Saccade,30.826393127441406,20.0,1433.41796875
1779804510.352744,Fixation,125.12825775146484,285.254,371.3226013183594
1779804510.387744,Saccade,96.21744537353516,35.0,2572.68603515625
1779804510.70311,Fixation,77.89813995361328,315.371,367.8406066894531
1779804510.973355,Saccade,59.381927490234375,270.25,2252.453857421875
1779804511.068355,Fixation,24.50265121459961,95.0,362.84423828125
1779804511.098488,Saccade,44.7861442565918,30.13,1443.7939453125
1779804511.473732,Fixation,77.77098083496094,375.245,365.98431396484375
1779804511.508855,Saccade,93.86631774902344,35.125,2820.246337890625
1779804512.054355,Fixation,33.014705657958984,545.5,285.75927734375
1779804512.084366,Saccade,62.67320251464844,30.001,1980.16650390625
1779804512.469733,Fixation,39.262969970703125,385.375,279.14666748046875
1779804512.604866,Saccade,337.5810546875,135.134,3125.047119140625
1779804512.694855,Fixation,19.720802307128906,89.99,420.4275817871094
1779804512.719999,Saccade,33.6650276184082,25.138,1590.56201171875
1779804513.475982,Fixation,114.48211669921875,755.613,315.5179748535156
1779804513.636115,Saccade,319.60400390625,160.137,4772.2861328125
1779804514.226737,Fixation,129.63766479492188,590.613,392.0425109863281
1779804514.261737,Saccade,56.5426139831543,35.0,1775.064208984375
1779804514.607104,Fixation,31.34978675842285,345.375,307.7403869628906
1779804514.642104,Saccade,56.540348052978516,35.0,1708.549072265625
1779804514.877248,Fixation,26.036834716796875,235.14,339.332275390625
1779804514.967371,Saccade,77.12663269042969,90.122,1976.8450927734375
1779804515.067493,Fixation,35.27909469604492,100.118,414.26629638671875
1779804515.107482,Saccade,113.7086181640625,39.995,2838.048095703125
1779804515.622982,Fixation,49.84314727783203,515.5,308.5453186035156
1779804515.677982,Saccade,263.5356750488281,55.0,4209.7919921875
1779804516.022943,Fixation,11.699942588806152,345.375,331.0780029296875
1779804516.062943,Saccade,92.05591583251953,40.0,2586.720458984375
1779804516.413321,Fixation,21.292600631713867,350.375,429.6267395019531
1779804516.533443,Saccade,322.8219909667969,120.125,3025.010986328125
1779804517.779566,Fixation,87.19169616699219,1246.125,374.77960205078125
1779804517.964688,Saccade,57.83242416381836,185.125,2263.930908203125
1779804518.139943,Fixation,9.537589073181152,175.25,428.8327331542969
1779804518.174943,Saccade,92.15983581542969,35.0,2608.6689453125
1779804518.510188,Fixation,25.47079849243164,335.25,395.7495422363281
1779804518.615321,Saccade,29.431049346923828,105.125,2054.584228515625
1779804518.980688,Fixation,52.194644927978516,365.375,456.1873779296875
1779804519.0006,Saccade,40.3726692199707,20.0,1550.1495361328125
1779804519.135734,Fixation,39.839115142822266,135.13,609.171142578125
1779804519.185734,Saccade,151.47024536132812,49.995,3657.643798828125
1779804519.561111,Fixation,25.74917984008789,375.38,360.2446594238281
1779804519.706234,Saccade,21.546003341674805,145.12,1610.8360595703125
1779804519.811356,Fixation,10.748405456542969,105.125,541.2518920898438
1779804519.876356,Saccade,276.37481689453125,65.0,4345.78173828125
1779804520.191734,Fixation,26.66399574279785,315.379,378.58673095703125
1779804520.221734,Saccade,63.01483154296875,29.996,2319.126708984375
1779804520.807234,Fixation,18.091737747192383,585.5,379.0434875488281
1779804520.952356,Saccade,105.11045837402344,145.125,3138.874755859375
1779804521.2276,Fixation,13.574418067932129,275.25,301.0076599121094
1779804521.262734,Saccade,57.29097366333008,35.126,1735.703857421875
1779804521.6781,Fixation,32.930633544921875,415.375,257.8367614746094
1779804521.7331,Saccade,287.0924377441406,55.0,4653.12646484375
1779804522.093954,Fixation,68.57283782958984,360.375,337.10247802734375
1779804522.279076,Saccade,22.290515899658203,185.125,2979.4599609375
1779804522.404209,Fixation,23.875444412231445,125.125,442.5269470214844
1779804522.474343,Saccade,391.5023193359375,70.134,5569.88232421875
1779804522.634454,Fixation,43.757442474365234,160.116,318.589111328125
1779804522.669454,Saccade,89.62894439697266,35.0,2194.13427734375
1779804523.350087,Fixation,59.32328796386719,680.636,281.29541015625
1779804523.385087,Saccade,73.57211303710938,34.991,2055.912353515625
1779804523.930576,Fixation,21.37088394165039,545.498,342.24066162109375
1779804524.070709,Saccade,55.91642379760742,140.125,2340.570556640625
1779804524.305954,Fixation,42.956295013427734,235.25,380.60614013671875
1779804524.325965,Saccade,17.34087371826172,20.004,1004.514892578125
1779804524.541209,Fixation,27.12097930908203,215.246,268.14154052734375
1779804524.581209,Saccade,106.49922180175781,40.0,2495.9248046875
1779804524.731332,Fixation,7.9897003173828125,150.125,320.2402038574219
1779804524.761454,Saccade,41.80568313598633,30.125,1396.0343017578125
1779804525.956755,Fixation,24.01546859741211,1196.0,230.28738403320312
1779804525.991878,Saccade,88.90644836425781,35.125,2549.186279296875
1779804526.192011,Fixation,45.22517395019531,200.125,405.524658203125
1779804526.352144,Saccade,22.457576751708984,160.135,2326.348388671875
1779804526.597378,Fixation,30.130830764770508,245.24,402.3277587890625
1779804526.632377,Saccade,63.42996597290039,35.0,1751.0289306640625
1779804527.733389,Fixation,51.904727935791016,1101.011,332.9803161621094
1779804527.763511,Saccade,62.16725540161133,30.114,2037.075439453125
1779804527.993633,Fixation,87.83943176269531,230.125,465.2892761230469
1779804528.244043,Saccade,109.2335205078125,250.25,3485.321533203125
1779804528.509299,Fixation,10.880265235900879,265.25,415.6814270019531
1779804528.534299,Saccade,38.5516357421875,25.0,1519.3836669921875
1779804528.759543,Fixation,94.57319641113281,225.25,498.70989990234375
1779804528.789543,Saccade,58.331050872802734,30.0,1997.44921875
1779804530.431066,Fixation,60.68335723876953,1641.514,272.5309143066406
1779804530.486177,Saccade,8.226398468017578,55.111,2434.47607421875
1779804530.581299,Fixation,2.0757334232330322,95.125,213.33895874023438
1779804530.65631,Saccade,332.6402893066406,75.014,4105.28076171875
1779804530.831432,Fixation,38.215816497802734,175.116,297.3523864746094
1779804530.986677,Saccade,46.92069625854492,155.245,2715.599609375
1779804531.122089,Fixation,38.89238357543945,135.007,490.5235900878906
1779804531.192211,Saccade,341.9384460449219,70.123,5156.99755859375
1779804531.382344,Fixation,64.62921905517578,190.133,433.5146484375
1779804531.402455,Saccade,25.505327224731445,20.112,1168.07568359375
1779804531.547589,Fixation,13.967483520507812,145.125,278.6302490234375
1779804531.672711,Saccade,598.3157958984375,125.125,5346.2578125
1779804532.037956,Fixation,453.510009765625,365.25,558.7860717773438
1779804532.173089,Saccade,86.18590545654297,135.126,1633.827880859375
1779804532.388333,Fixation,36.01692581176758,215.249,301.0994873046875
1779804532.578466,Saccade,589.7257690429688,190.131,5111.66162109375
1779804532.928833,Fixation,502.55804443359375,350.37,747.2181396484375
1779804532.958833,Saccade,59.28438949584961,30.0,1689.49560546875
1779804534.520386,Fixation,85.3207778930664,1561.514,271.77288818359375
1779804534.915742,Saccade,94.0734634399414,395.365,2436.130615234375
1779804535.726497,Fixation,69.28057098388672,810.746,316.29266357421875
1779804535.756497,Saccade,54.89790344238281,30.0,1832.1407470703125
1779804536.527119,Fixation,11.248034477233887,770.625,302.6590576171875
1779804536.542242,Saccade,15.412707328796387,15.125,1042.3389892578125
1779804537.162489,Fixation,24.50990104675293,620.5,285.66680908203125
1779804537.197489,Saccade,43.303226470947266,35.0,1266.60009765625
1779804537.447745,Fixation,6.320761203765869,250.25,290.189453125
1779804537.572867,Saccade,418.3431701660156,125.132,4034.478759765625
1779804537.692989,Fixation,85.17680358886719,120.118,569.4928588867188
1779804538.113367,Saccade,131.7901611328125,420.375,4555.30859375
1779804538.298623,Fixation,73.64117431640625,185.262,511.67974853515625
1779804538.458745,Saccade,457.6210021972656,160.113,4001.164794921875
1779804538.623867,Fixation,138.15682983398438,165.125,723.9082641601562
1779804539.294489,Saccade,375.4827880859375,670.625,3270.78564453125
1779804539.3745,Fixation,44.50962829589844,80.007,892.038330078125
1779804539.409623,Saccade,96.28395080566406,35.127,4109.9052734375
1779804539.564745,Fixation,185.49014282226562,155.116,809.6132202148438
1779804539.839989,Saccade,274.34222412109375,275.25,2566.2265625
1779804539.980111,Fixation,70.45368957519531,140.125,662.7577514648438
1779804540.110431,Saccade,427.0843505859375,130.131,4354.27392578125
1779804540.250553,Fixation,70.88340759277344,140.119,461.3046875
1779804540.370675,Saccade,653.8867797851562,120.125,6250.376953125
1779804540.575798,Fixation,331.04913330078125,205.125,784.7610473632812
1779804540.605931,Saccade,51.500972747802734,30.125,2660.82177734375
1779804540.726053,Fixation,90.21192932128906,120.125,522.0902709960938
1779804540.751053,Saccade,35.44319534301758,25.0,1430.3333740234375
1779804540.976176,Fixation,8.440794944763184,225.125,478.8511047363281
1779804541.046298,Saccade,340.2733459472656,70.125,4722.07470703125
1779804541.186431,Fixation,75.7644271850586,140.125,534.1309204101562
1779804541.361553,Saccade,722.5195922851562,175.125,6352.19091796875
1779804541.636809,Fixation,395.38525390625,275.256,647.7984619140625
1779804541.671798,Saccade,63.74188232421875,34.994,2311.898193359375
1779804541.864264,Fixation,65.9454116821289,192.46,386.37579345703125
1779804541.887053,Saccade,26.67905044555664,22.796,979.7713012695312
1779804542.477553,Fixation,60.319515228271484,590.498,321.8204345703125
1779804542.502687,Saccade,34.62145233154297,25.129,1333.3336181640625
1779804542.632798,Fixation,84.03337860107422,130.117,537.9450073242188
1779804542.767931,Saccade,539.5259399414062,135.125,5603.77392578125
1779804542.897931,Fixation,195.0589599609375,130.009,938.5513305664062
1779804542.983053,Saccade,79.24441528320312,85.116,2385.58544921875
1779804543.213344,Fixation,45.00971603393555,230.261,465.3648986816406
1779804543.418466,Saccade,34.00411605834961,205.114,2117.120361328125
1779804543.568711,Fixation,45.0875129699707,150.25,428.26239013671875
1779804543.708833,Saccade,128.75177001953125,140.125,1377.6131591796875
1779804543.803833,Fixation,14.559938430786133,95.0,672.4508666992188
1779804543.828833,Saccade,23.968074798583984,25.0,1362.125
1779804544.009089,Fixation,59.68952560424805,180.25,611.040283203125
1779804544.279333,Saccade,885.6377563476562,270.25,5521.81298828125
1779804544.514466,Fixation,363.2481384277344,235.125,766.448486328125
1779804544.624588,Saccade,203.13909912109375,110.125,2201.848876953125
1779804545.205211,Fixation,23.85794448852539,580.625,510.7144470214844
1779804545.500466,Saccade,134.5383758544922,295.25,2414.315673828125
1779804545.660589,Fixation,34.72810363769531,160.126,400.04034423828125
1779804545.710588,Saccade,177.26123046875,50.004,3200.14013671875
1779804545.855711,Fixation,42.201255798339844,145.12,434.6960754394531
1779804545.905844,Saccade,106.0840835571289,50.128,2075.305908203125
1779804546.045966,Fixation,19.15328598022461,140.123,359.39453125
1779804546.090966,Saccade,212.33192443847656,44.999,3978.923583984375
1779804546.371299,Fixation,54.52085494995117,280.25,407.9272766113281
1779804546.436421,Saccade,197.38462829589844,65.125,2884.072509765625
1779804546.646555,Fixation,33.6187858581543,210.13,434.12115478515625
1779804546.711677,Saccade,276.6404724121094,65.12,3967.015869140625
1779804546.861799,Fixation,23.842248916625977,150.125,370.00469970703125
1779804546.89181,Saccade,36.97127914428711,30.009,1317.6033935546875
1779804547.051921,Fixation,13.115140914916992,160.117,479.63372802734375
1779804547.227177,Saccade,194.7459716796875,175.249,2473.79833984375
1779804547.367299,Fixation,37.26512908935547,140.126,479.0133361816406
1779804547.422299,Saccade,198.55862426757812,55.0,3719.248046875
1779804547.522421,Fixation,18.02931785583496,100.125,322.90234375
1779804547.572421,Saccade,142.6922607421875,50.0,3305.76904296875
1779804547.712555,Fixation,88.82135009765625,140.125,543.92236328125
1779804547.757555,Saccade,55.09723663330078,45.0,1881.2884521484375
1779804547.862677,Fixation,47.00904083251953,105.124,545.072998046875
1779804547.992799,Saccade,217.5321807861328,130.13,3051.025146484375
1779804548.423177,Fixation,61.246116638183594,430.371,394.8706970214844
1779804548.483299,Saccade,208.2245330810547,60.125,3594.353759765625
1779804548.748555,Fixation,2.102604389190674,265.25,477.2098693847656
1779804548.938688,Saccade,120.22564697265625,190.138,1813.0435791015625
1779804549.374093,Fixation,156.2819366455078,435.362,617.8312377929688
1779804549.414215,Saccade,106.94171142578125,40.125,3018.67138671875
1779804549.584337,Fixation,141.64991760253906,170.125,822.6713256835938
1779804549.73446,Saccade,556.9357299804688,150.125,5591.8310546875
1779804549.929593,Fixation,188.77476501464844,195.129,648.6697387695312
1779804549.949715,Saccade,37.862796783447266,20.121,1510.871337890625
1779804550.209849,Fixation,84.97633361816406,260.139,484.8081970214844
1779804550.23996,Saccade,110.90615844726562,30.111,3139.862548828125
1779804550.430093,Fixation,38.269954681396484,190.125,434.1383361816406
1779804550.450093,Saccade,20.85519027709961,20.0,1452.6124267578125
1779804550.565215,Fixation,82.15620422363281,115.129,608.2749633789062
1779804550.75546,Saccade,878.3651733398438,190.246,6139.11767578125
1779804550.885593,Fixation,180.6124725341797,130.125,715.9628295898438
1779804550.945593,Saccade,225.91331481933594,60.0,3233.626220703125
1779804551.070715,Fixation,22.68853759765625,125.125,494.089111328125
1779804551.105715,Saccade,127.63973236083984,35.0,3975.672119140625
1779804551.255838,Fixation,37.45454406738281,150.125,350.0062561035156
1779804551.29596,Saccade,103.99258422851562,40.125,2831.16259765625
1779804551.466093,Fixation,24.553308486938477,170.125,425.1292419433594
1779804551.501093,Saccade,139.58058166503906,35.0,3228.257080078125
1779804551.89646,Fixation,27.8056697845459,395.375,358.8934326171875
1779804551.981593,Saccade,105.72798156738281,85.125,2103.97900390625
1779804552.141715,Fixation,22.27286148071289,160.125,601.9725341796875
1779804552.206223,Saccade,52.503421783447266,65.0,1984.8173828125
1779804552.336345,Fixation,45.77836990356445,130.125,614.111328125
1779804552.376467,Saccade,94.36316680908203,40.125,2791.582275390625
1779804552.646723,Fixation,99.5033187866211,270.252,381.0365905761719
1779804552.716722,Saccade,304.3117370605469,69.998,4198.8427734375
1779804552.911978,Fixation,79.97874450683594,195.256,578.4448852539062
1779804553.352345,Saccade,455.88787841796875,440.369,3286.792724609375
1779804553.497478,Fixation,124.99085235595703,145.131,577.40966796875
1779804553.577467,Saccade,74.17069244384766,79.994,2958.67041015625
1779804553.7176,Fixation,97.4670181274414,140.135,427.67449951171875
1779804553.767723,Saccade,187.8548126220703,50.115,3459.5634765625
1779804553.927845,Fixation,32.11033630371094,160.125,518.401123046875
1779804553.982845,Saccade,139.4813995361328,55.0,2222.975341796875
1779804554.273222,Fixation,14.345124244689941,290.375,417.4985656738281
1779804554.498356,Saccade,52.75914001464844,225.134,1585.1361083984375
1779804554.6886,Fixation,63.460609436035156,190.241,640.812255859375
1779804554.7786,Saccade,52.87160873413086,90.0,1452.200927734375
1779804554.853723,Fixation,32.20787048339844,75.125,566.8294677734375
1779804554.898722,Saccade,35.62425994873047,45.0,1189.7047119140625
1779804554.973845,Fixation,31.661548614501953,75.125,531.8407592773438
1779804555.028845,Saccade,206.98988342285156,55.0,3572.041015625
1779804555.133967,Fixation,27.504409790039062,105.125,468.8855285644531
1779804555.318928,Saccade,180.10450744628906,185.125,2026.9661865234375
1779804555.509172,Fixation,12.93835735321045,190.25,460.0693664550781
1779804555.554172,Saccade,158.244873046875,45.0,3041.547607421875
1779804555.89955,Fixation,97.79326629638672,345.375,415.6994323730469
1779804555.93455,Saccade,59.510372161865234,35.0,1773.98876953125
1779804556.184795,Fixation,10.240768432617188,250.25,473.9367370605469
1779804556.249806,Saccade,164.18435668945312,65.005,3248.8671875
1779804556.45005,Fixation,66.14170837402344,200.245,459.1640319824219
1779804556.52005,Saccade,88.47896575927734,70.0,1867.0450439453125
1779804556.620172,Fixation,24.827665328979492,100.125,371.4154968261719
1779804556.640172,Saccade,22.813190460205078,20.0,1152.7451171875
1779804557.155672,Fixation,23.481149673461914,515.5,354.6219787597656
1779804557.185672,Saccade,43.550846099853516,30.0,1499.119384765625
1779804558.13655,Fixation,32.624969482421875,950.875,420.5002136230469
1779804558.217432,Saccade,162.5049591064453,80.131,2439.786376953125
1779804558.562676,Fixation,13.820544242858887,345.244,359.97503662109375
1779804558.602798,Saccade,91.22905731201172,40.125,2305.345947265625
1779804558.918043,Fixation,12.402114868164062,315.25,292.3097839355469
1779804558.938043,Saccade,16.880638122558594,20.001,906.7396240234375
1779804559.163298,Fixation,17.524450302124023,225.249,361.6424255371094
1779804559.503543,Saccade,36.496925354003906,340.25,2433.08935546875
1779804559.618676,Fixation,6.385923385620117,115.126,423.8997497558594
1779804559.658676,Saccade,94.45874786376953,40.0,2097.540771484375
1779804559.743798,Fixation,15.498368263244629,85.124,391.6489562988281
1779804559.808921,Saccade,269.175048828125,65.125,3477.637939453125
1779804559.908932,Fixation,18.9500675201416,100.005,402.05401611328125
1779804559.948932,Saccade,106.67424774169922,40.005,2518.257568359375
1779804560.064043,Fixation,4.61481237411499,115.115,322.8254089355469
1779804560.154176,Saccade,84.04844665527344,90.13,2348.21826171875
1779804560.294298,Fixation,8.630654335021973,140.121,330.9127197265625
1779804560.329298,Saccade,66.88642120361328,35.004,1918.8843994140625
1779804560.424421,Fixation,0.459698885679245,95.12,321.337158203125
1779804560.45942,Saccade,67.29855346679688,35.001,1970.313720703125
1779804560.664676,Fixation,10.297354698181152,205.25,339.1520080566406
1779804560.704676,Saccade,101.8445053100586,40.002,2220.6220703125
1779804560.869798,Fixation,4.984763145446777,165.123,333.24078369140625
1779804560.914921,Saccade,91.60736083984375,45.124,1882.816162109375
1779804561.040043,Fixation,10.61663818359375,125.126,441.5099792480469
1779804561.075043,Saccade,61.47978210449219,34.999,1652.6727294921875
1779804561.30461,Fixation,7.05650520324707,230.262,352.12896728515625
1779804561.344599,Saccade,82.90474700927734,39.989,1863.5780029296875
1779804561.429599,Fixation,3.4974796772003174,85.0,364.747314453125
1779804561.549721,Saccade,238.5267791748047,120.128,2783.937744140625
1779804561.679843,Fixation,23.301984786987305,130.122,387.5428466796875
1779804561.729977,Saccade,62.78349685668945,50.125,1339.8280029296875
1779804561.834977,Fixation,9.380890846252441,105.0,421.99700927734375
1779804561.845099,Saccade,10.316625595092773,10.125,946.1993408203125
1779804561.985221,Fixation,10.316946983337402,140.125,459.5563049316406
1779804562.030221,Saccade,113.40431213378906,44.999,2068.8447265625
1779804562.195343,Fixation,29.74517059326172,165.126,412.59716796875
1779804562.645721,Saccade,542.776123046875,450.375,2808.635986328125
1779804562.775855,Fixation,44.731956481933594,130.129,484.41326904296875
1779804562.830977,Saccade,8.775694847106934,55.121,1179.4019775390625
1779804562.92611,Fixation,18.14535140991211,95.134,404.8470764160156
1779804563.366477,Saccade,568.8563842773438,440.366,2763.50927734375
1779804563.461477,Fixation,4.059372901916504,95.003,463.9084777832031
1779804564.107099,Saccade,590.2526245117188,645.622,2226.6201171875
1779804564.212232,Fixation,30.12487030029297,105.133,398.0947265625
1779804564.247221,Saccade,55.55326461791992,34.992,1485.51953125
1779804564.56333,Fixation,43.67892074584961,315.375,375.573486328125
1779804564.65833,Saccade,494.4666442871094,95.0,5626.2177734375
1779804564.823585,Fixation,15.835103034973145,165.254,394.0496520996094
1779804564.868574,Saccade,85.94698333740234,44.996,1691.09228515625
1779804565.20883,Fixation,12.154645919799805,340.25,397.5317687988281
1779804565.233952,Saccade,25.009862899780273,25.125,1017.5280151367188
1779804565.554208,Fixation,8.748821258544922,320.25,344.6198425292969
1779804565.71933,Saccade,617.4716186523438,165.125,4734.27392578125
1779804566.510074,Fixation,15.121828079223633,790.75,359.25103759765625
1779804566.545074,Saccade,64.45622253417969,35.0,1873.83349609375
1779804566.80533,Fixation,13.174896240234375,260.25,292.17108154296875
1779804566.870452,Saccade,337.3276672363281,65.125,5276.75244140625
1779804567.100574,Fixation,11.333685874938965,230.125,351.5474853515625
1779804567.130708,Saccade,29.555795669555664,30.13,1029.85498046875
1779804567.420159,Fixation,3.579188823699951,290.245,318.5390319824219
1779804567.475159,Saccade,112.46754455566406,55.0,2112.802490234375
1779804567.590281,Fixation,10.38752555847168,115.125,412.5646667480469
1779804567.650281,Saccade,180.5469512939453,60.0,3247.34423828125
1779804567.835548,Fixation,5.708078384399414,185.258,246.50582885742188
1779804567.855537,Saccade,19.26207160949707,19.992,976.0364379882812
1779804568.035659,Fixation,3.194162130355835,180.125,342.0789489746094
1779804568.095781,Saccade,305.1102294921875,60.125,5143.28466796875
1779804568.376037,Fixation,18.447282791137695,280.25,297.1960754394531
1779804568.401037,Saccade,21.64830207824707,25.0,927.8981323242188
1779804568.741415,Fixation,9.408466339111328,340.375,313.87030029296875
1779804568.796415,Saccade,171.5894317626953,55.001,3189.58740234375
1779804569.041659,Fixation,14.31596851348877,245.249,293.6292724609375
1779804569.091659,Saccade,200.0194091796875,50.0,3579.712646484375
1779804569.271781,Fixation,12.974509239196777,180.125,393.8272705078125
1779804569.301915,Saccade,45.87178421020508,30.125,1548.730224609375
1779804569.852415,Fixation,10.74502944946289,550.5,311.9502868652344
1779804569.887415,Saccade,68.47618865966797,35.0,1752.114501953125
1779804570.027537,Fixation,9.1808443069458,140.125,323.4327392578125
1779804570.067548,Saccade,88.97149658203125,40.012,2069.094482421875
1779804570.182659,Fixation,12.745948791503906,115.113,359.45135498046875
1779804570.247781,Saccade,291.1347961425781,65.125,4272.74365234375
1779804570.663488,Fixation,16.40288543701172,415.375,378.642822265625
1779804570.698499,Saccade,124.64521789550781,35.004,2948.8662109375
1779804570.84861,Fixation,19.870363235473633,150.121,334.6750793457031
1779804571.078865,Saccade,92.68985748291016,230.25,1658.9649658203125
1779804571.193988,Fixation,14.020060539245605,115.125,385.2253112792969
1779804571.228987,Saccade,79.79438018798828,35.0,1979.50390625
1779804571.479243,Fixation,4.793259620666504,250.25,271.9438781738281
1779804571.524243,Saccade,161.1981201171875,45.0,3321.875244140625
1779804571.809488,Fixation,8.682534217834473,285.25,272.4090881347656
1779804571.844488,Saccade,75.0022201538086,35.0,2162.752685546875
1779804572.094743,Fixation,9.668937683105469,250.25,292.284423828125
1779804572.194865,Saccade,72.3082504272461,100.125,1406.4200439453125
1779804576.484019,Fixation,125.06963348388672,4289.001,277.91143798828125
1779804576.554019,Saccade,28.13965606689453,70.0,1354.6527099609375
1779804577.499897,Fixation,36.492794036865234,945.875,333.05743408203125
1779804577.540019,Saccade,63.969512939453125,40.126,1461.8323974609375
1779804578.120519,Fixation,39.465579986572266,580.499,332.9026794433594
1779804578.165519,Saccade,148.50392150878906,45.0,3300.9599609375
1779804580.452585,Fixation,14.923160552978516,2287.125,272.02978515625
1779804580.477585,Saccade,29.255189895629883,25.0,1086.30322265625
1779804585.121806,Fixation,87.64387512207031,4644.388,269.11248779296875
1779804585.141795,Saccade,32.263668060302734,19.988,1493.379638671875
1779804587.629365,Fixation,25.566598892211914,2487.256,262.4477844238281
1779804587.719487,Saccade,232.20449829101562,90.119,3168.45166015625
1779804588.114865,Fixation,15.475905418395996,395.375,257.4606018066406
1779804588.349987,Saccade,79.33190155029297,235.125,1176.2108154296875
1779804588.739798,Fixation,8.260041236877441,390.375,216.7458038330078
1779804588.87992,Saccade,62.504417419433594,140.125,1233.9053955078125
1779804590.366298,Fixation,12.773674964904785,1486.375,245.7793731689453
1779804590.43142,Saccade,99.02469635009766,65.125,1492.3927001953125
1779804591.192053,Fixation,14.098017692565918,760.631,264.1720886230469
1779804591.247176,Saccade,185.76095581054688,55.129,3386.090576171875
1779804591.362298,Fixation,7.230179309844971,115.115,358.5650634765625
1779804591.397298,Saccade,55.796966552734375,35.0,1607.140380859375
1779804591.512586,Fixation,12.807039260864258,115.125,284.5874328613281
1779804591.552586,Saccade,138.48382568359375,40.0,2593.1552734375
1779804591.697708,Fixation,20.34564208984375,145.125,324.66888427734375
1779804591.727708,Saccade,50.899898529052734,30.0,1704.120361328125
1779804592.163208,Fixation,22.421443939208984,435.5,225.22581481933594
1779804592.183208,Saccade,15.832983016967773,20.0,790.4138793945312
1779804592.35333,Fixation,4.5828537940979,170.125,231.36895751953125
1779804592.428342,Saccade,156.28924560546875,75.012,2636.8974609375
1779804592.538464,Fixation,8.724884986877441,110.119,274.876220703125
1779804592.573586,Saccade,51.543983459472656,35.119,1583.7484130859375
1779804594.064964,Fixation,19.189620971679688,1491.375,266.2298583984375
1779804594.134964,Saccade,178.68600463867188,70.0,2615.8466796875
1779804594.330208,Fixation,19.04257583618164,195.25,392.156494140625
1779804594.380208,Saccade,208.14996337890625,50.0,3635.388671875
1779804596.342419,Fixation,59.8096809387207,1961.75,250.92501831054688
1779804596.377541,Saccade,67.205078125,35.125,1933.4013671875
1779804596.963041,Fixation,13.13319206237793,585.5,296.0074462890625
1779804597.113174,Saccade,44.82061767578125,150.133,1195.281494140625
1779804597.268285,Fixation,15.244695663452148,155.117,493.7274475097656
1779804597.363419,Saccade,28.07438850402832,95.125,1359.101318359375
1779804601.70272,Fixation,92.14454650878906,4339.0,274.5933837890625
1779804601.942965,Saccade,22.53734016418457,240.25,1268.800048828125
1779804606.571398,Fixation,214.87400817871094,4629.251,317.7601318359375
1779804606.606398,Saccade,71.99800872802734,35.0,1920.1365966796875
1779804611.055453,Fixation,26.069604873657227,4449.128,323.99188232421875
1779804611.220575,Saccade,146.89892578125,165.122,2220.791748046875
1779804611.400831,Fixation,8.954728126525879,180.257,347.6103820800781
1779804611.435831,Saccade,89.6684341430664,34.993,2259.670166015625
1779804611.666075,Fixation,14.570318222045898,230.25,368.41064453125
1779804611.726075,Saccade,150.59144592285156,60.0,2302.413818359375
1779804612.236575,Fixation,32.280479431152344,510.5,360.13360595703125
1779804612.246586,Saccade,17.929841995239258,10.005,1126.9276123046875
1779804614.523969,Fixation,27.033960342407227,2277.12,358.164306640625
1779804614.568969,Saccade,134.16954040527344,45.0,2653.037109375
1779804614.659102,Fixation,9.789511680603027,90.125,400.5353088378906
1779804614.874225,Saccade,426.6352844238281,215.125,2751.228271484375
1779804614.999347,Fixation,8.341341018676758,125.126,364.9934387207031
1779804615.034469,Saccade,66.99675750732422,35.124,1795.179931640625
1779804615.15948,Fixation,3.005976438522339,125.005,327.74169921875
1779804615.369725,Saccade,599.69091796875,210.245,4577.58642578125
1779804621.530694,Fixation,30.974531173706055,6160.751,340.940673828125
1779804621.871326,Saccade,468.73675537109375,340.251,4286.5537109375
1779804622.471826,Fixation,202.03549194335938,600.504,587.893798828125
1779804622.516948,Saccade,58.64259338378906,45.12,1971.023681640625
1779804623.247581,Fixation,461.5791931152344,730.627,517.4579467773438
1779804623.277581,Saccade,68.18721008300781,29.998,2037.193603515625
1779804624.478703,Fixation,29.619247436523438,1201.125,318.5188903808594
1779804624.523826,Saccade,111.0993881225586,45.125,2551.086669921875
1779804624.928738,Fixation,51.531673431396484,405.375,329.1933898925781
1779804625.088861,Saccade,133.9893341064453,160.125,2018.1024169921875
1779804625.198994,Fixation,37.81732177734375,110.131,429.3579406738281
1779804625.218983,Saccade,44.76828384399414,19.994,1368.0040283203125
1779804625.469238,Fixation,65.2474365234375,250.25,319.71307373046875
1779804625.504249,Saccade,102.86985778808594,35.013,2527.421630859375
1779804627.676238,Fixation,92.45087432861328,2171.987,317.0552673339844
1779804627.691238,Saccade,21.594661712646484,15.003,1109.216552734375
1779804628.801966,Fixation,80.40591430664062,1110.997,330.3653869628906
1779804628.8521,Saccade,199.29847717285156,50.135,3952.190185546875
1779804629.172344,Fixation,81.5093002319336,320.249,366.6029968261719
1779804629.207344,Saccade,93.12257385253906,34.991,2580.482666015625
1779804629.552711,Fixation,101.96087646484375,345.375,385.7778015136719
1779804629.582711,Saccade,40.33932876586914,30.0,1182.2371826171875
1779804630.558589,Fixation,269.8865661621094,975.875,363.801513671875
1779804630.598711,Saccade,96.71420288085938,40.125,2749.729736328125
1779804631.059122,Fixation,37.55718231201172,460.375,285.32904052734375
1779804631.089133,Saccade,46.71085739135742,30.013,1532.237548828125
1779804631.814878,Fixation,59.530548095703125,725.737,316.8876037597656
1779804631.939878,Saccade,68.20116424560547,125.0,1821.7359619140625
1779804632.035,Fixation,18.18146324157715,95.125,396.1254577636719
1779804632.05,Saccade,15.163548469543457,15.0,1015.6102294921875
1779804632.315244,Fixation,38.73455047607422,265.25,406.4367370605469
1779804632.345244,Saccade,43.08210372924805,30.0,1793.24951171875
1779804632.745622,Fixation,82.03520202636719,400.375,349.5607604980469
1779804632.790745,Saccade,86.22657775878906,45.125,2240.026123046875
1779804632.955878,Fixation,14.961740493774414,165.125,369.136962890625
1779804633.051,Saccade,99.82987976074219,95.126,1471.1754150390625
1779804633.141011,Fixation,61.81083679199219,90.012,450.44610595703125
1779804633.321244,Saccade,822.9229736328125,180.237,5757.7294921875
1779804633.471378,Fixation,233.72406005859375,150.125,636.3511352539062
1779804633.501389,Saccade,114.01163482666016,30.016,3026.042724609375
1779804633.6015,Fixation,44.66914367675781,100.115,717.7863159179688
1779804633.836633,Saccade,515.095703125,235.128,5358.4716796875
1779804634.352221,Fixation,235.32354736328125,515.491,450.4537658691406
1779804634.387354,Saccade,71.52857971191406,35.137,2090.130615234375
1779804634.84772,Fixation,110.48677062988281,460.363,378.23760986328125
1779804634.977843,Saccade,554.9175415039062,130.125,4892.8720703125
1779804635.147976,Fixation,214.70578002929688,170.125,613.9285278320312
1779804635.253098,Saccade,193.2425079345703,105.125,2042.183349609375
1779804635.493343,Fixation,53.113494873046875,240.25,341.4821472167969
1779804635.543343,Saccade,130.6761474609375,50.0,3254.24853515625
1779804635.838598,Fixation,78.34300994873047,295.25,483.9574279785156
1779804636.063843,Saccade,552.145751953125,225.25,3416.566650390625
1779804639.82755,Fixation,111.91969299316406,3763.501,387.2170104980469
1779804639.842561,Saccade,12.945337295532227,15.004,890.540283203125
1779804640.267778,Fixation,15.077471733093262,425.385,377.37823486328125
1779804640.287767,Saccade,17.227907180786133,19.986,966.3925170898438
1779804640.402889,Fixation,24.322954177856445,115.125,588.4998779296875
1779804640.427889,Saccade,27.364734649658203,25.0,1091.0223388671875
1779804640.688145,Fixation,7.933469772338867,260.25,398.162841796875
1779804640.753267,Saccade,8.261073112487793,65.125,1381.45458984375
1779804640.898389,Fixation,83.99432373046875,145.125,482.6963806152344
1779804640.918389,Saccade,21.55951690673828,20.0,1404.13916015625
1779804641.273645,Fixation,37.735877990722656,355.25,460.31689453125
1779804641.348778,Saccade,420.3183288574219,75.13,5771.828125
1779804641.478889,Fixation,4.023844242095947,130.12,352.70269775390625
1779804641.523889,Saccade,136.3980255126953,45.0,2491.102783203125
1779804641.639023,Fixation,26.39771270751953,115.125,341.76434326171875
1779804641.669023,Saccade,43.95714569091797,30.0,1568.5849609375
1779804641.809145,Fixation,46.22977066040039,140.125,381.7646484375
1779804641.889267,Saccade,238.38751220703125,80.125,3647.326416015625
1779804641.979389,Fixation,48.20983123779297,90.125,480.6251525878906
1779804642.019411,Saccade,133.15786743164062,40.013,2953.023193359375
1779804642.234645,Fixation,23.225616455078125,215.241,346.8192443847656
1779804642.444767,Saccade,239.01263427734375,210.121,2333.716552734375
1779804642.564889,Fixation,11.877725601196289,120.125,362.29937744140625
1779804642.599889,Saccade,50.6397705078125,35.0,1351.25341796875
1779804644.572343,Fixation,15.139383316040039,1971.875,304.8326110839844
1779804644.627343,Saccade,154.1376495361328,55.0,2230.72119140625
1779804645.187843,Fixation,15.802226066589355,560.5,317.38519287109375
1779804645.553221,Saccade,626.7377319335938,365.375,2761.41455078125
1779804646.287887,Fixation,4.0105695724487305,735.625,443.8857421875
1779804646.34301,Saccade,4.3250932693481445,55.125,1030.818115234375
1779804646.498143,Fixation,11.806089401245117,155.125,453.8686218261719
1779804646.518143,Saccade,16.725082397460938,20.0,950.2490844726562
1779804646.618265,Fixation,7.968145847320557,100.125,504.5020446777344
1779804646.673265,Saccade,5.543696403503418,55.0,1269.45703125
1779804646.823387,Fixation,8.58698844909668,150.125,376.9199523925781
1779804646.943521,Saccade,5.884671688079834,120.127,1129.8765869140625
1779804647.058643,Fixation,24.454387664794922,115.123,476.4306945800781
1779804647.113765,Saccade,19.56951904296875,55.125,1192.7659912109375
1779804647.208765,Fixation,13.241847038269043,95.0,382.6369934082031
1779804647.313887,Saccade,57.125335693359375,105.125,1126.468994140625
1779804647.839387,Fixation,41.82311248779297,525.502,411.4882507324219
1779804648.064643,Saccade,576.9925537109375,225.248,3144.975341796875
1779804648.229765,Fixation,8.85004997253418,165.125,407.1824645996094
1779804648.254765,Saccade,21.817808151245117,25.0,882.6583251953125
1779804649.726247,Fixation,11.196867942810059,1471.375,328.7724304199219
1779804650.436869,Saccade,296.0630798339844,710.625,3012.7646484375
1779804650.561991,Fixation,13.532219886779785,125.129,349.79425048828125
1779804650.606991,Saccade,129.0178985595703,44.996,2877.39599609375
1779804650.767247,Fixation,13.795461654663086,160.25,401.3230285644531
1779804650.792247,Saccade,28.94535255432129,25.005,1168.0311279296875
1779804650.912369,Fixation,7.816307067871094,120.12,330.08172607421875
1779804650.942369,Saccade,35.93423843383789,30.001,1236.3341064453125
1779804651.222625,Fixation,15.424955368041992,280.251,414.3354797363281
1779804651.382747,Saccade,366.10882568359375,160.123,2875.59033203125
1779804651.502869,Fixation,7.544697284698486,120.125,398.6051025390625
1779804651.537869,Saccade,94.64752197265625,35.0,2016.91455078125
1779804651.923247,Fixation,21.56566619873047,385.375,290.9525451660156
1779804651.973247,Saccade,180.65103149414062,50.0,3141.49658203125
1779804652.444276,Fixation,13.609668731689453,470.517,276.8882751464844
1779804652.469265,Saccade,26.124406814575195,24.983,1032.9193115234375
1779804653.104887,Fixation,20.934457778930664,635.626,269.92724609375
1779804653.174887,Saccade,390.6597595214844,69.999,5311.89794921875
1779804653.610387,Fixation,26.190561294555664,435.5,381.0480041503906
1779804653.720387,Saccade,75.04049682617188,110.0,1416.5494384765625
1779804654.316009,Fixation,50.98431396484375,595.625,307.5983581542969
1779804654.351009,Saccade,59.18840789794922,35.0,1660.353515625
1779804654.576265,Fixation,28.9211483001709,225.251,395.82073974609375
1779804655.721923,Saccade,385.6924133300781,1146.0,3164.52099609375
1779804655.967167,Fixation,284.7845153808594,245.25,754.8480224609375
1779804656.027167,Saccade,110.32809448242188,60.0,1769.306640625
1779804656.412545,Fixation,174.71168518066406,385.375,514.1987915039062
1779804656.442556,Saccade,56.91686248779297,30.007,1767.408935546875
1779804657.133289,Fixation,98.24896240234375,690.743,430.0064392089844
1779804657.463556,Saccade,340.9525146484375,330.256,3506.1923828125
1779804657.628667,Fixation,11.249319076538086,165.119,654.20703125
1779804658.069167,Saccade,524.896484375,440.5,3117.12939453125
1779804658.304131,Fixation,264.7247314453125,235.125,798.7783813476562
1779804658.339264,Saccade,92.70435333251953,35.125,2210.77978515625
1779804658.439264,Fixation,45.03337860107422,100.0,781.4937744140625
1779804658.509386,Saccade,68.37104797363281,70.125,1654.4951171875
1779804658.634509,Fixation,53.90439224243164,125.125,530.8838500976562
1779804658.669508,Saccade,71.82864379882812,35.0,1902.46337890625
1779804659.144886,Fixation,196.7425079345703,475.375,543.3637084960938
1779804659.175009,Saccade,26.983139038085938,30.125,1108.285888671875
1779804659.960764,Fixation,104.96083068847656,785.75,460.82666015625
1779804660.000764,Saccade,123.46947479248047,40.0,3032.39794921875
1779804660.551264,Fixation,62.30250930786133,550.508,328.69427490234375
1779804660.946631,Saccade,597.1030883789062,395.367,4889.90283203125
1779804661.086764,Fixation,56.32073211669922,140.125,1004.7278442382812
1779804661.366913,Saccade,851.6224365234375,280.26,5980.69873046875
1779804661.512024,Fixation,294.117431640625,145.115,781.5226440429688
1779804661.537024,Saccade,94.07925415039062,25.0,2621.1748046875
1779804661.78228,Fixation,158.42550659179688,245.25,443.7056884765625
1779804661.82228,Saccade,112.65343475341797,40.0,2863.66845703125
1779804662.923291,Fixation,90.9724349975586,1101.012,304.60601806640625
1779804662.963402,Saccade,148.63534545898438,40.113,3368.629638671875
1779804663.133524,Fixation,14.241021156311035,170.125,380.0329284667969
1779804663.188535,Saccade,238.85997009277344,55.01,4085.2998046875
1779804664.300306,Fixation,247.29623413085938,1111.119,306.4549865722656
1779804664.340306,Saccade,75.13246154785156,39.996,1999.3858642578125
1779804664.805684,Fixation,4.284740924835205,465.38,306.54144287109375
1779804664.885806,Saccade,31.76763343811035,80.126,1378.406494140625
1779804665.020928,Fixation,51.32558822631836,135.119,308.7129821777344
1779804665.045928,Saccade,27.918567657470703,25.0,1070.1650390625
1779804665.22605,Fixation,7.664787292480469,180.125,290.4044494628906
1779804665.266173,Saccade,88.25292205810547,40.125,2153.21044921875
1779804665.681551,Fixation,22.145505905151367,415.375,274.5267639160156
1779804665.71655,Saccade,54.47715377807617,35.0,1584.118896484375
1779804665.941806,Fixation,13.122785568237305,225.25,364.05828857421875
1779804666.011806,Saccade,205.89112854003906,70.0,3555.34033203125
1779804666.237051,Fixation,19.635452270507812,225.25,339.31072998046875
1779804666.257051,Saccade,21.256990432739258,20.0,998.9983520507812
1779804666.937673,Fixation,23.906888961791992,680.625,335.5474853515625
1779804667.067806,Saccade,14.670061111450195,130.125,2391.80322265625
1779804667.428422,Fixation,34.027320861816406,360.375,356.6958923339844
1779804667.458433,Saccade,34.096405029296875,30.001,1219.6163330078125
1779804667.613556,Fixation,42.84925842285156,155.124,397.7438659667969
1779804667.668556,Saccade,119.92422485351562,55.0,2385.226318359375
1779804668.264178,Fixation,32.919944763183594,595.625,346.8433532714844
1779804668.314178,Saccade,144.49383544921875,50.0,2816.306640625
1779804669.4503,Fixation,55.110050201416016,1136.125,334.5260009765625
1779804669.500311,Saccade,144.0162811279297,50.005,2773.786376953125
1779804669.795556,Fixation,6.103736877441406,295.245,343.1826477050781
1779804669.810556,Saccade,12.194734573364258,15.0,911.3157348632812
1779804670.500906,Fixation,12.106192588806152,690.63,303.1962890625
1779804670.536028,Saccade,68.14289093017578,35.12,1936.681884765625
1779804670.961406,Fixation,6.8042893409729,425.375,297.5406799316406
1779804670.996406,Saccade,77.73175811767578,35.0,2087.25390625
1779804671.586905,Fixation,25.783390045166016,590.501,368.06390380859375
1779804671.617028,Saccade,27.846670150756836,30.125,1107.833740234375
1779804673.338528,Fixation,44.39448928833008,1721.5,314.65087890625
1779804673.588295,Saccade,111.4429931640625,250.259,2387.169189453125
1779804674.804406,Fixation,22.547163009643555,1216.116,333.0054016113281
1779804674.834406,Saccade,25.68572425842285,30.0,1061.678466796875
1779804675.269906,Fixation,4.778567314147949,435.5,265.9818420410156
1779804675.289917,Saccade,20.997331619262695,20.01,1037.540283203125
1779804675.860406,Fixation,14.431602478027344,570.49,368.3339538574219
1779804675.890406,Saccade,36.43869400024414,30.0,1182.255126953125
1779804676.265784,Fixation,123.73706817626953,375.375,514.2606201171875
1779804676.456417,Saccade,485.24920654296875,190.125,5206.0244140625
1779804676.806794,Fixation,565.6751708984375,350.375,724.8587036132812
1779804677.047039,Saccade,616.8798828125,240.25,4258.5849609375
1779804677.142039,Fixation,55.775047302246094,95.0,576.959716796875
1779804677.182172,Saccade,146.8417205810547,40.125,3890.0771484375
1779804677.322294,Fixation,72.71221160888672,140.125,514.8441772460938
1779804677.352294,Saccade,64.68346405029297,30.0,2170.111572265625
1779804677.537416,Fixation,25.69437599182129,185.125,404.84820556640625
1779804677.717672,Saccade,487.8372802734375,180.25,5805.79443359375
1779804677.862805,Fixation,284.92596435546875,145.137,889.4959716796875
1779804677.932794,Saccade,390.9991149902344,69.989,5504.1083984375
1779804679.339172,Fixation,24.076948165893555,1406.374,531.6116943359375
1779804679.359172,Saccade,24.275930404663086,20.0,1317.265625
1779804680.30009,Fixation,20.73694610595703,940.875,486.1178283691406
1779804680.465223,Saccade,941.8185424804688,165.125,5609.71240234375
1779804680.660345,Fixation,200.87042236328125,195.125,680.8270263671875
1779804680.685478,Saccade,68.55988311767578,25.13,2003.4400634765625
1779804680.785467,Fixation,77.69884490966797,99.995,476.745849609375
1779804680.93559,Saccade,458.0038757324219,150.125,3597.7265625
1779804681.110845,Fixation,87.44055938720703,175.25,497.8114013671875
1779804681.235967,Saccade,310.0398864746094,125.125,4570.68310546875
1779804681.41109,Fixation,107.01961517333984,175.125,606.967041015625
1779804681.43109,Saccade,28.888044357299805,20.0,1548.688720703125
1779804681.551223,Fixation,89.93705749511719,120.135,438.2970886230469
1779804681.716356,Saccade,644.482666015625,165.124,5730.66015625
1779804682.171845,Fixation,150.80422973632812,455.491,730.629638671875
1779804682.742585,Saccade,313.6535949707031,570.5,4797.70458984375
1779804682.972841,Fixation,68.68443298339844,230.256,1048.0146484375
1779804683.388208,Saccade,61.75643539428711,415.369,2852.242919921875
1779804683.478208,Fixation,15.6220064163208,90.0,936.0001831054688
1779804683.503219,Saccade,28.75434112548828,25.007,2521.537109375
1779804683.673463,Fixation,10.962340354919434,170.243,876.7293701171875
1779804683.698463,Saccade,24.282291412353516,25.0,1595.931640625
1779804684.11883,Fixation,39.098812103271484,420.375,782.1474609375
1779804684.258963,Saccade,32.56526184082031,140.133,1689.7457275390625
1779804684.529208,Fixation,31.82122230529785,270.242,417.2459716796875
1779804684.574208,Saccade,7.563185691833496,45.0,1244.48388671875
1779804684.694341,Fixation,5.4219746589660645,120.129,535.3750610351562
1779804684.789463,Saccade,35.94580841064453,95.122,1239.448974609375
1779804685.20483,Fixation,14.29092788696289,415.374,414.4919128417969
1779804685.349963,Saccade,12.693511009216309,145.125,1458.504638671875
1779804685.474361,Fixation,52.100311279296875,125.125,866.3714599609375
1779804685.759606,Saccade,100.01640319824219,285.251,3205.497314453125
1779804685.834739,Fixation,68.1273422241211,75.125,923.4679565429688
1779804685.854739,Saccade,30.371788024902344,20.0,1773.50537109375
1779804685.939739,Fixation,21.63245964050293,85.0,637.8733520507812
1779804686.214995,Saccade,84.8494644165039,275.263,2777.30126953125
1779804686.315106,Fixation,8.836673736572266,100.112,1090.4569091796875
1779804686.335106,Saccade,52.331642150878906,20.0,2625.26171875
1779804686.415239,Fixation,32.51435852050781,80.125,1137.7694091796875
1779804686.610361,Saccade,41.432090759277344,195.125,3058.9638671875
1779804686.710484,Fixation,19.196853637695312,100.125,994.3107299804688
1779804686.735484,Saccade,22.934276580810547,25.0,2379.227783203125
1779804686.860606,Fixation,15.62805461883545,125.125,1205.7462158203125
1779804687.055861,Saccade,38.20283889770508,195.25,2595.098876953125
1779804687.166006,Fixation,38.78211975097656,110.14,719.3633422851562
1779804687.190984,Saccade,18.182592391967773,24.985,1681.312744140625
1779804687.285995,Fixation,7.3448166847229,95.007,844.416259765625
1779804687.306106,Saccade,15.253751754760742,20.118,1949.316162109375
1779804687.391106,Fixation,8.287307739257812,85.0,671.0172119140625
1779804687.421106,Saccade,10.790812492370605,30.0,1555.86572265625
1779804687.714139,Fixation,28.04564094543457,293.028,554.7245483398438
1779804687.741483,Saccade,55.93869400024414,27.347,1714.406005859375
1779804687.921606,Fixation,32.886810302734375,180.125,496.72802734375
1779804688.081739,Saccade,22.16939353942871,160.125,1146.89013671875
1779804688.417106,Fixation,17.438148498535156,335.375,457.5638122558594
1779804688.437106,Saccade,13.262715339660645,20.0,1010.2293701171875
1779804688.672696,Fixation,2.4043753147125244,235.25,356.6278991699219
1779804688.687696,Saccade,11.602262496948242,15.0,1069.2962646484375
1779804688.832818,Fixation,6.625065326690674,145.125,304.3691101074219
1779804688.847818,Saccade,12.0535888671875,15.0,983.8574829101562
1779804688.99794,Fixation,4.707942962646484,150.125,437.0171813964844
1779804689.017951,Saccade,37.03348922729492,20.007,1457.342529296875
1779804689.243196,Fixation,24.807079315185547,225.243,508.74658203125
1779804689.288196,Saccade,3.1961307525634766,45.0,1193.9769287109375
1779804689.608574,Fixation,17.47321319580078,320.375,365.06781005859375
1779804689.623574,Saccade,27.353906631469727,15.0,1272.2794189453125
1779804689.958818,Fixation,17.4280948638916,335.25,393.6922302246094
1779804689.978818,Saccade,34.23090362548828,20.0,1393.643798828125
1779804690.164074,Fixation,20.02342414855957,185.25,497.03753662109375
1779804690.229074,Saccade,19.093143463134766,65.0,1047.18603515625
1779804690.464318,Fixation,10.191770553588867,235.25,442.66796875
1779804690.524329,Saccade,8.138705253601074,60.005,1255.7783203125
1779804690.64944,Fixation,2.0978851318359375,125.12,464.6498107910156
1779804690.669451,Saccade,10.12006664276123,20.006,1074.088134765625
1779804691.004818,Fixation,8.401204109191895,335.37,409.32513427734375
1779804691.174951,Saccade,1.1283378601074219,170.128,1174.4041748046875
1779804691.305074,Fixation,26.232824325561523,130.121,422.144775390625
1779804691.360196,Saccade,6.456827640533447,55.125,1393.018798828125
1779804691.900619,Fixation,8.605897903442383,540.378,444.33221435546875
1779804691.915741,Saccade,16.064237594604492,15.122,1169.0467529296875
1779804692.000741,Fixation,15.246624946594238,85.0,430.18145751953125
1779804692.045863,Saccade,10.09461498260498,45.125,1212.884033203125
1779804692.290985,Fixation,8.742149353027344,245.125,459.75732421875
1779804692.321118,Saccade,3.5665791034698486,30.125,1225.745361328125
1779804692.691363,Fixation,12.758529663085938,370.25,493.4260559082031
1779804692.706363,Saccade,15.333224296569824,15.0,977.9950561523438
1779804692.976619,Fixation,18.79739761352539,270.253,454.6049499511719
1779804692.991752,Saccade,16.988019943237305,15.135,1039.49365234375
1779804693.126863,Fixation,21.600027084350586,135.112,501.5557556152344
1779804693.196863,Saccade,23.849830627441406,70.0,1128.725830078125
1779804693.376985,Fixation,9.544846534729004,180.125,381.0084533691406
1779804693.397118,Saccade,17.798011779785156,20.125,1115.105224609375
1779804693.527241,Fixation,22.40180778503418,130.125,405.54339599609375
1779804693.602241,Saccade,20.597400665283203,75.006,1149.3719482421875
1779804694.00763,Fixation,17.74672508239746,405.38,412.30694580078125
1779804694.027618,Saccade,11.803139686584473,19.989,857.2491455078125
1779804694.162741,Fixation,15.113027572631836,135.125,471.3686828613281
1779804694.227863,Saccade,13.871742248535156,65.125,1223.0587158203125
1779804694.473007,Fixation,12.888198852539062,245.138,442.0616149902344
1779804694.613534,Saccade,10.645318031311035,140.237,1095.9486083984375
1779804694.718534,Fixation,3.1645731925964355,105.0,469.054443359375
1779804694.733534,Saccade,13.032584190368652,15.0,954.247802734375
1779804694.853656,Fixation,17.434133529663086,120.125,388.0550231933594
1779804695.023911,Saccade,14.916640281677246,170.25,1113.21435546875
1779804695.214034,Fixation,11.091034889221191,190.125,411.23822021484375
1779804695.234034,Saccade,30.053930282592773,20.001,1337.2366943359375
1779804695.354156,Fixation,24.117856979370117,120.124,377.3149719238281
1779804695.374156,Saccade,20.518009185791016,20.0,1054.1605224609375
1779804695.509289,Fixation,3.352665901184082,135.131,481.7387390136719
1779804695.599411,Saccade,16.48187255859375,90.12,1044.4505615234375
1779804695.699534,Fixation,10.69554615020752,100.124,435.19482421875
1779804696.119911,Saccade,7.902255535125732,420.376,1071.1978759765625
1779804696.209911,Fixation,5.62973165512085,90.0,507.182373046875
1779804696.229912,Saccade,21.670698165893555,19.999,1023.9215698242188
1779804696.580278,Fixation,15.699167251586914,350.375,424.939453125
1779804696.735411,Saccade,12.359323501586914,155.126,1081.7930908203125
1779804696.830534,Fixation,21.273038864135742,95.125,406.8937683105469
1779804696.850534,Saccade,19.937255859375,20.0,950.6558837890625
1779804697.125778,Fixation,6.744401931762695,275.249,449.17022705078125
1779804697.140789,Saccade,14.735878944396973,15.005,901.7864990234375
1779804697.351034,Fixation,22.506486892700195,210.251,413.93133544921875
1779804697.431034,Saccade,23.055875778198242,79.995,1026.1846923828125
1779804697.720829,Fixation,3.9210903644561768,290.375,451.4726257324219
1779804697.765829,Saccade,16.09710693359375,45.0,1048.38818359375
1779804698.126073,Fixation,8.933065414428711,360.252,441.17486572265625
1779804698.141195,Saccade,16.17754364013672,15.123,1117.7095947265625
1779804698.321329,Fixation,27.566434860229492,180.132,406.54913330078125
1779804698.376328,Saccade,8.896921157836914,54.994,1261.679931640625
1779804698.531584,Fixation,9.110591888427734,155.256,452.8421630859375
1779804698.551573,Saccade,28.031719207763672,19.993,1189.85693359375
1779804698.681695,Fixation,19.798227310180664,130.125,472.80120849609375
1779804698.896828,Saccade,13.835348129272461,215.132,1165.884033203125
1779804699.077073,Fixation,18.650232315063477,180.243,439.0709228515625
1779804699.097073,Saccade,28.58606719970703,20.0,1445.513427734375
1779804699.257195,Fixation,23.012805938720703,160.125,416.4200439453125
1779804699.277206,Saccade,1.830600380897522,20.008,1085.7540283203125
1779804699.557451,Fixation,8.93964672088623,280.242,433.1672668457031
1779804699.662573,Saccade,8.010405540466309,105.125,1180.1767578125
1779804699.957829,Fixation,13.158689498901367,295.25,397.5684814453125
1779804699.977829,Saccade,17.353410720825195,20.0,906.1893310546875
1779804700.183073,Fixation,3.784400463104248,205.25,487.47515869140625
1779804700.328195,Saccade,16.60167121887207,145.125,1325.0657958984375
1779804700.673659,Fixation,9.155904769897461,345.25,417.2407531738281
1779804700.723782,Saccade,8.119861602783203,50.125,1152.0745849609375
1779804700.883904,Fixation,31.221296310424805,160.125,453.5872497558594
1779804700.898904,Saccade,25.31370735168457,15.0,1183.38134765625
1779804701.754659,Fixation,3.507267475128174,855.75,439.4185485839844
1779804701.774659,Saccade,11.074403762817383,20.0,1068.0528564453125
1779804701.889781,Fixation,18.625581741333008,115.125,487.9862976074219
1779804701.934904,Saccade,8.3431396484375,45.125,1181.1904296875
1779804702.060037,Fixation,12.465193748474121,125.125,375.1941223144531
1779804702.080048,Saccade,21.372699737548828,20.013,1195.85009765625
1779804702.220159,Fixation,10.410240173339844,140.112,342.8004455566406
1779804702.255171,Saccade,14.630074501037598,35.01,953.182373046875
1779804702.390293,Fixation,8.91373348236084,135.12,455.27142333984375
1779804702.410282,Saccade,13.997564315795898,19.995,978.0194091796875
1779804702.565404,Fixation,5.412554740905762,155.125,396.5342102050781
1779804702.590404,Saccade,21.30954933166504,25.0,1028.112548828125
1779804702.810659,Fixation,18.942317962646484,220.25,390.1947937011719
1779804702.830659,Saccade,15.333622932434082,20.0,1088.173583984375
1779804702.910782,Fixation,15.295942306518555,80.125,562.6005249023438
1779804702.935781,Saccade,22.956151962280273,25.0,1074.152587890625
1779804703.261048,Fixation,16.398229598999023,325.259,460.8327941894531
1779804703.546404,Saccade,8.511177062988281,285.366,1104.296142578125
1779804703.666404,Fixation,3.770169258117676,120.0,410.4407043457031
1779804703.68117,Saccade,16.304628372192383,15.125,1034.5982666015625
1779804703.981414,Fixation,11.628511428833008,300.25,379.4470520019531
1779804703.996414,Saccade,11.626089096069336,15.0,886.37255859375
1779804704.677036,Fixation,15.5164155960083,680.625,453.9353942871094
1779804704.722036,Saccade,18.315948486328125,45.0,1170.098876953125
1779804704.80217,Fixation,11.026528358459473,80.125,511.4178771972656
1779804704.827169,Saccade,24.77556610107422,25.0,1082.3367919921875
1779804705.097414,Fixation,8.20860767364502,270.25,426.6800231933594
1779804705.112425,Saccade,19.000011444091797,15.01,1227.4849853515625
1779804705.212536,Fixation,10.094791412353516,100.115,419.13763427734375
1779804705.372669,Saccade,5.403402805328369,160.125,1159.147705078125
1779804705.447803,Fixation,18.357820510864258,75.136,442.1711120605469
1779804705.537792,Saccade,3.5335891246795654,89.989,1207.0164794921875
1779804706.048303,Fixation,16.09519386291504,510.508,409.49041748046875
1779804706.068292,Saccade,16.582067489624023,19.992,919.4741821289062
1779804706.148414,Fixation,12.919049263000488,80.125,513.9415283203125
1779804706.168414,Saccade,16.86052703857422,20.0,933.2791748046875
1779804706.318536,Fixation,17.771438598632812,150.125,405.2618103027344
1779804706.333536,Saccade,14.030769348144531,15.0,1113.1182861328125
1779804706.719443,Fixation,25.22994041442871,385.375,410.3375549316406
1779804706.744443,Saccade,19.995065689086914,25.0,961.3706665039062
1779804707.314943,Fixation,6.097131729125977,570.5,420.9017333984375
1779804707.329954,Saccade,14.66198444366455,15.008,891.4083251953125
1779804707.415066,Fixation,18.531578063964844,85.117,368.51800537109375
1779804707.725321,Saccade,13.77249526977539,310.251,1054.5726318359375
1779804707.810443,Fixation,7.391037464141846,85.124,468.97393798828125
1779804707.825443,Saccade,16.226593017578125,15.001,1041.26806640625
1779804707.920577,Fixation,5.707773685455322,95.125,400.9356384277344
1779804707.935577,Saccade,17.273269653320312,15.0,1090.2647705078125
1779804708.025699,Fixation,15.341748237609863,90.125,352.1119689941406
1779804708.185821,Saccade,9.201457977294922,160.125,1132.3843994140625
1779804708.596199,Fixation,29.51144790649414,410.375,429.11083984375
1779804708.631199,Saccade,12.7652587890625,35.0,1051.53271484375
1779804708.811321,Fixation,3.200843095779419,180.125,439.39385986328125
1779804708.836454,Saccade,12.982067108154297,25.132,1086.5596923828125
1779804709.051577,Fixation,11.336158752441406,215.122,414.3934631347656
1779804709.071577,Saccade,22.999841690063477,19.996,1119.5538330078125
1779804709.156699,Fixation,21.12812042236328,85.125,424.5776672363281
1779804709.17671,Saccade,2.8402345180511475,20.01,881.9900512695312
1779804709.341832,Fixation,10.915355682373047,165.121,408.27496337890625
1779804709.606555,Saccade,4.288102626800537,265.244,1135.947021484375
1779804709.821799,Fixation,20.019723892211914,215.25,439.6936950683594
1779804709.841799,Saccade,20.3701171875,20.0,1032.2178955078125
1779804710.317299,Fixation,2.833176851272583,475.5,442.7201232910156
1779804710.367299,Saccade,4.744167804718018,50.0,1088.1026611328125
1779804710.662555,Fixation,2.384230136871338,295.25,368.9331359863281
1779804710.717677,Saccade,6.867056369781494,55.125,1259.34033203125
1779804711.298177,Fixation,9.260687828063965,580.5,461.2628479003906
1779804711.323177,Saccade,10.517597198486328,25.0,1123.3060302734375
1779804711.398299,Fixation,10.422579765319824,75.125,394.3818359375
1779804711.613421,Saccade,23.16718292236328,215.125,1280.2562255859375
1779804712.008799,Fixation,8.824545860290527,395.375,434.6734313964844
1779804712.033821,Saccade,21.63529396057129,25.016,1025.1773681640625
1779804712.354177,Fixation,3.5532987117767334,320.359,327.0940856933594
1779804712.374177,Saccade,24.42405891418457,20.0,1257.577880859375
1779804712.689421,Fixation,5.799599647521973,315.25,435.9743347167969
1779804712.784664,Saccade,8.577119827270508,95.125,1745.9881591796875
1779804712.884786,Fixation,10.53083324432373,100.125,380.9466552734375
1779804712.904786,Saccade,18.910869598388672,20.0,1158.852783203125
1779804713.260031,Fixation,17.849201202392578,355.25,464.67315673828125
1779804713.280042,Saccade,21.556304931640625,20.005,1023.8040771484375
1779804713.360175,Fixation,3.381232261657715,80.131,478.3345947265625
1779804713.380164,Saccade,33.9304313659668,19.989,1253.126220703125
1779804713.660408,Fixation,20.713911056518555,280.25,457.6772155761719
1779804713.765531,Saccade,28.803558349609375,105.125,1266.3773193359375
1779804714.286031,Fixation,11.317178726196289,520.5,436.7906494140625
1779804714.306031,Saccade,24.57018280029297,20.0,1245.5244140625
1779804714.426164,Fixation,19.315032958984375,120.125,510.3194274902344
1779804714.501164,Saccade,8.44868278503418,75.0,1081.6395263671875
1779804714.596286,Fixation,23.095312118530273,95.125,423.58392333984375
1779804714.676408,Saccade,28.08055877685547,80.125,1076.2203369140625
1779804714.941664,Fixation,14.80794906616211,265.25,422.9934997558594
1779804714.961664,Saccade,17.62114715576172,20.0,1012.3554077148438
1779804715.367031,Fixation,3.155702590942383,405.375,438.60406494140625
1779804715.387031,Saccade,19.110862731933594,20.0,899.9805908203125
1779804715.627286,Fixation,11.061030387878418,240.25,391.9082336425781
1779804715.832995,Saccade,6.941236972808838,205.125,1152.458740234375
1779804716.313506,Fixation,3.933969497680664,480.508,407.9905090332031
1779804716.338506,Saccade,20.3218936920166,24.999,1033.1131591796875
1779804716.458617,Fixation,8.388524055480957,120.119,459.1688537597656
1779804716.548751,Saccade,10.164361953735352,90.124,958.020263671875
1779804716.783873,Fixation,9.120396614074707,235.125,399.4243469238281
1779804716.798884,Saccade,16.890901565551758,15.012,1169.4500732421875
1779804717.289384,Fixation,10.581186294555664,490.503,400.1366271972656
1779804717.299373,Saccade,17.34500503540039,9.985,1022.6624755859375
1779804717.734751,Fixation,17.816801071166992,435.375,448.7802429199219
1779804717.934995,Saccade,8.884133338928223,200.251,1206.0078125
1779804718.060129,Fixation,17.230058670043945,125.134,401.4456787109375
1779804718.080117,Saccade,13.822148323059082,19.991,1084.8802490234375
1779804718.190251,Fixation,12.980071067810059,110.125,529.687744140625
1779804718.210251,Saccade,21.380178451538086,20.001,1098.7904052734375
1779804718.360373,Fixation,2.8652143478393555,150.124,364.8046875
1779804718.405373,Saccade,8.031451225280762,44.999,980.1905517578125
1779804718.560495,Fixation,7.284351348876953,155.126,447.8117980957031
1779804718.669929,Saccade,13.300985336303711,110.125,1152.6773681640625
1779804718.795062,Fixation,8.174527168273926,125.125,509.30609130859375
1779804718.855185,Saccade,9.636873245239258,60.125,1364.337890625
1779804719.430696,Fixation,18.992395401000977,575.507,442.3895568847656
1779804719.455684,Saccade,21.291223526000977,24.993,1177.0782470703125
1779804719.555818,Fixation,19.680437088012695,100.133,345.2826843261719
1779804719.625807,Saccade,9.957710266113281,69.992,1093.625
1779804719.816062,Fixation,11.913606643676758,190.25,476.9185791015625
1779804719.936184,Saccade,14.1998291015625,120.125,1033.09912109375
1779804720.176307,Fixation,15.32924747467041,240.125,395.7514953613281
1779804720.23644,Saccade,11.012857437133789,60.132,1123.5411376953125
1779804720.356573,Fixation,23.401103973388672,120.131,505.24609375
1779804720.376562,Saccade,22.56262969970703,19.987,1062.723388671875
1779804720.496685,Fixation,11.613724708557129,120.125,410.4219055175781
1779804720.516685,Saccade,10.752510070800781,20.003,1226.1605224609375
1779804720.596807,Fixation,20.9426326751709,80.122,473.58648681640625
1779804720.786929,Saccade,18.058815002441406,190.125,1352.60498046875
1779804720.912062,Fixation,4.58320951461792,125.125,358.6189270019531
1779804720.942062,Saccade,20.817039489746094,30.0,1254.3358154296875
1779804721.037184,Fixation,31.10406494140625,95.125,461.4495544433594
1779804721.107184,Saccade,13.722949028015137,70.0,1221.2742919921875
1779804721.277429,Fixation,20.539794921875,170.25,465.1134948730469
1779804721.352429,Saccade,9.981560707092285,75.0,1229.31884765625
1779804721.557684,Fixation,2.5693135261535645,205.25,393.62701416015625
1779804721.602696,Saccade,11.353384017944336,45.011,1015.806396484375
1779804721.812977,Fixation,19.24690818786621,210.239,423.8182067871094
1779804721.857989,Saccade,3.881995677947998,45.004,1338.1925048828125
1779804722.078111,Fixation,29.621702194213867,220.121,450.9788818359375
1779804722.093233,Saccade,14.662973403930664,15.125,1073.830810546875
1779804722.368477,Fixation,10.304924011230469,275.25,435.36822509765625
1779804722.448477,Saccade,15.42846393585205,80.0,962.8717041015625
1779804722.718733,Fixation,11.001456260681152,270.25,391.677734375
1779804722.738733,Saccade,22.250408172607422,20.0,1135.2108154296875
1779804722.863855,Fixation,4.579967021942139,125.125,517.9090576171875
1779804722.883866,Saccade,17.63260841369629,20.011,1002.4459838867188
1779804723.129111,Fixation,15.349079132080078,245.242,425.6548767089844
1779804723.154111,Saccade,25.8027400970459,24.997,1133.677001953125
1779804723.234233,Fixation,3.0968992710113525,80.125,448.7990417480469
1779804723.294233,Saccade,11.36163330078125,60.002,1043.0400390625
1779804723.379355,Fixation,14.620064735412598,85.123,344.246337890625
1779804723.414355,Saccade,20.47987937927246,35.0,1094.165283203125
1779804723.5595,Fixation,3.4335920810699463,145.139,454.62054443359375
1779804723.574611,Saccade,18.942533493041992,15.111,1130.8336181640625
1779804723.664611,Fixation,21.602874755859375,90.0,500.1630859375
1779804723.754733,Saccade,20.936716079711914,90.125,1446.270263671875
1779804724.380233,Fixation,9.313407897949219,625.5,375.5871887207031
1779804724.425355,Saccade,4.346574783325195,45.125,1111.755859375
1779804724.906036,Fixation,9.177327156066895,480.375,376.0537414550781
1779804724.926159,Saccade,6.539969444274902,20.125,1116.520751953125
1779804725.371536,Fixation,20.63089370727539,445.375,418.2488098144531
1779804725.446537,Saccade,22.72655487060547,75.0,1092.9029541015625
1779804725.551659,Fixation,13.657025337219238,105.125,439.6634216308594
1779804725.636781,Saccade,18.83519172668457,85.125,1000.985595703125
1779804726.017159,Fixation,17.154111862182617,380.375,449.53192138671875
1779804726.037159,Saccade,18.31060791015625,20.0,948.9592895507812
1779804726.312414,Fixation,14.240056991577148,275.251,401.2424011230469
1779804726.362414,Saccade,2.804964303970337,49.999,1074.0501708984375
1779804726.537536,Fixation,3.7342636585235596,175.127,388.66082763671875
1779804726.58767,Saccade,11.667728424072266,50.127,1228.3128662109375
1779804728.349722,Fixation,22.3197021484375,1761.622,398.63067626953125
1779804728.369711,Saccade,18.175899505615234,19.999,882.5296020507812
1779804728.930211,Fixation,9.690751075744629,560.5,388.2276611328125
1779804729.005344,Saccade,22.170249938964844,75.126,1206.34814453125
1779804729.105344,Fixation,24.272079467773438,100.0,443.19854736328125
1779804729.175466,Saccade,24.179357528686523,70.13,1195.054931640625
1779804729.260588,Fixation,6.210104465484619,85.12,533.8182373046875
1779804729.280589,Saccade,4.535533428192139,20.0,1230.2796630859375
1779804729.455722,Fixation,14.953441619873047,175.125,398.79840087890625
1779804729.480722,Saccade,25.169689178466797,25.0,1382.72314453125
1779804729.595844,Fixation,11.276240348815918,115.126,381.396240234375
1779804729.8111,Saccade,40.2265510559082,215.259,1140.1527099609375
1779804729.926089,Fixation,22.554222106933594,114.99,508.8909606933594
1779804730.406589,Saccade,23.01474952697754,480.5,1193.3848876953125
1779804730.606722,Fixation,24.279743194580078,200.132,471.9676818847656
1779804730.741844,Saccade,9.05677604675293,135.118,1215.5875244140625
1779804730.851484,Fixation,12.553131103515625,110.125,387.79498291015625
1779804730.866484,Saccade,6.72287654876709,15.0,971.813232421875
1779804731.14674,Fixation,14.813603401184082,280.25,419.90557861328125
1779804731.216862,Saccade,29.15213966369629,70.125,1183.0950927734375
1779804731.416984,Fixation,8.084383964538574,200.125,486.5039978027344
1779804731.467106,Saccade,8.865678787231445,50.125,1271.009033203125
1779804731.60724,Fixation,5.646585941314697,140.126,443.8849792480469
1779804731.787362,Saccade,26.447738647460938,180.124,1253.90380859375
1779804731.877484,Fixation,5.954806327819824,90.125,385.39752197265625
1779804731.927484,Saccade,13.117270469665527,50.0,1476.7884521484375
1779804732.17274,Fixation,22.84502410888672,245.25,459.7068786621094
1779804732.247862,Saccade,26.499099731445312,75.125,1263.9952392578125
1779804732.352862,Fixation,22.187589645385742,105.0,464.6010437011719
1779804732.457984,Saccade,6.719518184661865,105.125,1151.769287109375
1779804732.71824,Fixation,21.537813186645508,260.25,411.0118103027344
1779804732.72824,Saccade,14.689204216003418,10.002,956.8759155273438
1779804733.714106,Fixation,14.037358283996582,985.873,381.2446594238281
1779804733.73424,Saccade,20.006261825561523,20.125,1040.49072265625
1779804734.375103,Fixation,23.7106990814209,640.5,374.1300354003906
1779804734.460225,Saccade,19.11078643798828,85.125,1253.5367431640625
1779804734.630347,Fixation,56.52357864379883,170.125,495.8546447753906
1779804734.67547,Saccade,28.635040283203125,45.125,1118.0614013671875
1779804734.840603,Fixation,24.00602912902832,165.125,436.5079345703125
1779804734.860603,Saccade,17.644861221313477,20.0,1013.2425537109375
1779804734.980725,Fixation,4.961349010467529,120.125,453.96514892578125
1779804735.120847,Saccade,4.517995834350586,140.125,1311.3184814453125
1779804735.446103,Fixation,11.76573371887207,325.25,482.8333740234375
1779804735.531225,Saccade,8.621626853942871,85.125,1059.8875732421875
1779804735.951603,Fixation,25.21586036682129,420.375,431.06256103515625
1779804736.111737,Saccade,20.935317993164062,160.135,1240.5107421875
1779804736.241848,Fixation,12.930814743041992,130.116,452.7221374511719
1779804736.452103,Saccade,25.624696731567383,210.249,1122.3133544921875
1779804736.637225,Fixation,13.380593299865723,185.125,435.6399230957031
1779804736.87747,Saccade,5.167870998382568,240.25,1341.2371826171875
1779804736.962207,Fixation,23.672521591186523,85.0,461.96160888671875
1779804737.182462,Saccade,11.693309783935547,220.25,1361.162353515625
1779804737.262585,Fixation,26.832822799682617,80.125,435.6779479980469
1779804737.903085,Saccade,12.251587867736816,640.5,1386.0596923828125
1779804737.998207,Fixation,35.78102493286133,95.125,458.4199523925781
1779804740.500155,Saccade,26.649478912353516,2502.376,1771.3802490234375
1779804740.595166,Fixation,32.63283920288086,95.012,461.6959228515625
1779804740.615155,Saccade,22.55381965637207,19.987,1100.265869140625
1779804741.205778,Fixation,7.291001319885254,590.625,435.3255310058594
1779804741.220778,Saccade,18.244834899902344,15.0,1141.880859375
1779804741.325911,Fixation,15.633744239807129,105.125,415.3056335449219
1779804741.350911,Saccade,15.299830436706543,25.0,1100.0810546875
1779804741.676155,Fixation,15.534648895263672,325.251,427.1485900878906
1779804741.751278,Saccade,1.6933947801589966,75.124,1116.7928466796875
1779804741.996533,Fixation,17.597881317138672,245.251,470.98193359375
1779804742.016533,Saccade,20.760791778564453,20.0,1107.5072021484375
1779804742.111655,Fixation,6.122164726257324,95.124,457.70477294921875
1779804742.251778,Saccade,7.660337448120117,140.126,1023.4976196289062
1779804742.431911,Fixation,18.541404724121094,180.125,437.147216796875
1779804742.672155,Saccade,4.513355255126953,240.25,1048.6673583984375
1779804743.028169,Fixation,29.152185440063477,355.25,405.6862487792969
1779804743.078302,Saccade,8.397417068481445,50.136,1582.5955810546875
1779804743.163291,Fixation,15.374544143676758,84.989,364.4837646484375
1779804743.183291,Saccade,25.32940101623535,20.0,1279.645263671875
1779804743.413535,Fixation,19.232656478881836,230.251,443.43890380859375
1779804743.523669,Saccade,17.861684799194336,110.124,1268.094482421875
1779804744.059169,Fixation,21.895278930664062,535.5,373.475830078125
1779804744.264291,Saccade,25.29530143737793,205.126,1006.5145874023438
1779804744.534546,Fixation,25.445919036865234,270.254,401.6464538574219
1779804744.654669,Saccade,19.544179916381836,120.12,1052.4461669921875
1779804744.819913,Fixation,24.13056182861328,165.25,467.6814270019531
1779804744.844913,Saccade,17.34337615966797,25.0,953.5056762695312
1779804744.965035,Fixation,15.408658027648926,120.125,431.22259521484375
1779804745.005046,Saccade,5.140208721160889,40.004,987.3513793945312
1779804745.185169,Fixation,13.284891128540039,180.121,421.98431396484375
1779804745.210169,Saccade,22.2800235748291,25.0,1223.41943359375
1779804745.410413,Fixation,8.837410926818848,200.25,424.0908508300781
1779804745.430413,Saccade,19.592479705810547,20.0,1043.9383544921875
1779804745.555535,Fixation,2.5545883178710938,125.125,472.7197265625
1779804745.575547,Saccade,25.176340103149414,20.009,1186.6536865234375
1779804745.780791,Fixation,29.980619430541992,205.241,418.91265869140625
1779804745.880791,Saccade,5.60292911529541,100.0,1345.9913330078125
1779804746.050683,Fixation,16.05161476135254,170.25,486.7245788574219
1779804746.095683,Saccade,11.668305397033691,45.0,1195.1275634765625
1779804746.240817,Fixation,5.9946608543396,145.125,423.2447814941406
1779804746.355939,Saccade,5.160732269287109,115.125,1040.9715576171875
1779804746.446061,Fixation,11.62913703918457,90.125,462.80389404296875
1779804746.486061,Saccade,8.172850608825684,40.0,922.8367309570312
1779804746.691184,Fixation,17.0313777923584,205.125,478.0692443847656
1779804746.706183,Saccade,18.817523956298828,15.0,936.698486328125
1779804746.886439,Fixation,9.099063873291016,180.25,420.7040100097656
1779804747.111561,Saccade,17.857662200927734,225.128,1109.45849609375
1779804747.346817,Fixation,5.836964130401611,235.247,352.1506652832031
1779804747.431939,Saccade,13.221185684204102,85.127,1161.3887939453125
1779804747.747184,Fixation,11.831024169921875,315.248,398.6357421875
1779804747.872328,Saccade,19.126489639282227,125.135,1008.4764404296875
1779804748.057439,Fixation,27.431550979614258,185.115,473.2635803222656
1779804748.072561,Saccade,13.80228042602539,15.127,990.887939453125
1779804748.197561,Fixation,3.448694944381714,124.998,334.47259521484375
1779804748.212572,Saccade,19.991300582885742,15.014,1217.0233154296875
1779804748.307683,Fixation,17.38117790222168,95.111,441.9334411621094
1779804748.337695,Saccade,13.549023628234863,30.002,1001.6449584960938
1779804748.793184,Fixation,5.42357063293457,455.498,413.1764831542969
1779804748.913317,Saccade,12.148809432983398,120.125,1001.5947875976562
1779804748.993317,Fixation,21.606698989868164,80.0,410.6863708496094
1779804749.013599,Saccade,24.615234375,20.0,1183.7176513671875
1779804749.143721,Fixation,13.945794105529785,130.125,466.58172607421875
1779804749.158843,Saccade,14.451823234558105,15.125,1207.4654541015625
1779804749.489099,Fixation,14.683573722839355,330.25,431.1776123046875
1779804749.524099,Saccade,14.84742259979248,35.0,1068.656982421875
1779804749.669221,Fixation,2.8264553546905518,145.125,524.9901123046875
1779804749.729343,Saccade,12.230815887451172,60.125,1338.317138671875
1779804749.839477,Fixation,27.834583282470703,110.132,552.5681762695312
1779804749.859466,Saccade,29.68791961669922,19.993,1129.96337890625
1779804749.949466,Fixation,9.895716667175293,90.0,349.23779296875
1779804749.964477,Saccade,11.849371910095215,15.009,1008.508056640625
1779804750.094599,Fixation,4.984944820404053,130.117,466.096923828125
1779804750.164721,Saccade,5.37299108505249,70.124,1239.0421142578125
1779804750.690221,Fixation,1.351621150970459,525.5,416.0571594238281
1779804750.710221,Saccade,19.05179786682129,20.0,1535.565185546875
1779804750.940465,Fixation,24.07842254638672,230.25,453.0235900878906
1779804750.965466,Saccade,24.751468658447266,25.0,1072.63525390625
1779804751.115599,Fixation,34.87571716308594,150.125,490.99749755859375
1779804751.13061,Saccade,22.802013397216797,15.01,1372.4661865234375
1779804751.465966,Fixation,10.354598999023438,335.365,477.49774169921875
1779804751.515965,Saccade,12.018038749694824,50.0,1331.5692138671875
1779804751.641099,Fixation,8.984634399414062,125.125,489.640380859375
1779804751.661099,Saccade,18.920860290527344,20.0,1235.368896484375
1779804751.751221,Fixation,18.439250946044922,90.125,519.0416870117188
1779804751.766232,Saccade,29.17405891418457,15.008,1251.6142578125
1779804751.871343,Fixation,19.14596176147461,105.117,458.3555603027344
1779804751.985816,Saccade,4.908595085144043,115.0,1143.84375
1779804752.075938,Fixation,20.376089096069336,90.125,456.8387145996094
1779804752.361193,Saccade,26.255220413208008,285.25,1128.962646484375
1779804752.531327,Fixation,30.302776336669922,170.137,504.97198486328125
1779804752.556449,Saccade,29.99442481994629,25.119,1224.952392578125
1779804752.786571,Fixation,5.837680816650391,230.119,422.80804443359375
1779804752.856694,Saccade,15.024921417236328,70.125,1006.9588012695312
1779804752.961816,Fixation,16.264205932617188,105.125,457.6662902832031
1779804752.986816,Saccade,29.162256240844727,25.0,1226.8218994140625
1779804753.317071,Fixation,18.716854095458984,330.25,411.94073486328125
1779804753.377193,Saccade,12.448997497558594,60.125,1192.3983154296875
1779804753.737438,Fixation,26.900897979736328,360.25,413.1968078613281
1779804753.752449,Saccade,31.256635665893555,15.009,1345.2574462890625
1779804753.987694,Fixation,14.232963562011719,235.246,364.74346923828125
1779804754.037816,Saccade,1.7818725109100342,50.12,1149.17822265625
1779804754.147816,Fixation,7.67526912689209,110.0,372.30914306640625
1779804754.232938,Saccade,11.886682510375977,85.125,1056.4805908203125
1779804754.338071,Fixation,20.642288208007812,105.125,417.0492248535156
1779804754.353071,Saccade,24.18288230895996,15.007,1254.961669921875
1779804754.533193,Fixation,5.640621662139893,180.118,320.8877868652344
1779804754.583316,Saccade,3.50744891166687,50.126,1139.88916015625
1779804755.11884,Fixation,12.092839241027832,535.5,398.17071533203125
1779804755.13884,Saccade,29.117202758789062,19.999,1291.5350341796875
1779804755.449096,Fixation,18.167430877685547,310.25,451.8677062988281
1779804755.549218,Saccade,15.968154907226562,100.125,1254.1995849609375
1779804755.65934,Fixation,8.699700355529785,110.126,438.2034606933594
1779804755.68434,Saccade,15.221492767333984,24.999,1134.1336669921875
1779804755.77434,Fixation,10.90708065032959,90.0,383.33685302734375
1779804755.789462,Saccade,19.249544143676758,15.125,1134.218994140625
1779804755.979596,Fixation,24.40640640258789,190.125,469.890380859375
1779804756.044596,Saccade,30.3873233795166,65.001,1152.20068359375
1779804756.164718,Fixation,11.376521110534668,120.124,458.56927490234375
1779804756.18984,Saccade,14.639410972595215,25.125,999.11669921875
1779804756.409962,Fixation,16.159255981445312,220.126,452.8564453125
1779804756.580096,Saccade,14.964645385742188,170.125,1284.8507080078125
1779804756.880462,Fixation,10.98282241821289,300.375,465.5370178222656
1779804756.945462,Saccade,10.201985359191895,65.0,1056.1492919921875
1779804757.115596,Fixation,2.073004961013794,170.124,446.005126953125
1779804757.225718,Saccade,10.465971946716309,110.125,1174.92041015625
1779804757.30584,Fixation,9.8782958984375,80.126,337.9231262207031
1779804757.35084,Saccade,8.375638961791992,45.0,1168.4676513671875
1779804757.716218,Fixation,11.62916374206543,365.375,435.3092346191406
1779804757.766218,Saccade,1.9519751071929932,50.0,1207.065185546875
1779804757.87634,Fixation,17.133197784423828,110.125,411.0245666503906
1779804757.94134,Saccade,2.2005274295806885,65.0,1244.064453125
1779804758.121806,Fixation,15.61549186706543,180.249,447.9943542480469
1779804758.146806,Saccade,21.587949752807617,25.001,938.6260375976562
1779804758.351928,Fixation,23.654661178588867,205.125,496.3485412597656
1779804758.37705,Saccade,19.405981063842773,25.125,1039.6265869140625
1779804758.707306,Fixation,6.641190052032471,330.25,461.636474609375
1779804758.787428,Saccade,20.924739837646484,80.129,1451.76025390625
1779804758.92255,Fixation,0.2718278467655182,135.121,506.65850830078125
1779804758.97255,Saccade,15.545363426208496,50.0,1174.160400390625
1779804759.392928,Fixation,15.37453842163086,420.375,419.7138977050781
1779804759.422928,Saccade,19.728105545043945,30.0,1196.2218017578125
1779804759.618173,Fixation,9.844059944152832,195.25,481.6811828613281
1779804759.713306,Saccade,6.459390163421631,95.125,1103.317626953125
1779804759.858428,Fixation,15.676229476928711,145.125,338.87445068359375
1779804759.878428,Saccade,23.768856048583984,20.0,1114.9683837890625
1779804759.968428,Fixation,18.814838409423828,90.0,468.2958068847656
1779804760.058551,Saccade,12.366815567016602,90.125,1288.1981201171875
1779804760.203673,Fixation,3.8437516689300537,145.125,521.4111328125
1779804760.218673,Saccade,17.682283401489258,15.0,1012.1245727539062
1779804760.338806,Fixation,7.965900421142578,120.125,465.903076171875
1779804760.383928,Saccade,10.469042778015137,45.125,1437.5667724609375
1779804760.799306,Fixation,6.078362941741943,415.375,439.2248229980469
1779804760.809306,Saccade,12.666324615478516,10.006,1050.0928955078125
1779804760.929428,Fixation,27.928258895874023,120.119,423.4900817871094
1779804760.944428,Saccade,24.752225875854492,15.0,1306.3394775390625
1779804761.059439,Fixation,20.681474685668945,115.007,435.6746826171875
1779804761.44013,Saccade,16.779760360717773,380.368,1106.0283203125
1779804761.595253,Fixation,14.946878433227539,155.125,382.335693359375
1779804761.675375,Saccade,22.5028076171875,80.125,1213.296142578125
1779804762.010752,Fixation,38.697120666503906,335.375,422.38323974609375
1779804762.045753,Saccade,22.65660858154297,35.0,1055.39599609375
1779804762.320997,Fixation,24.573623657226562,275.25,430.1915283203125
1779804762.576252,Saccade,7.872705936431885,255.25,1188.604736328125
1779804762.98663,Fixation,24.372583389282227,410.375,429.52728271484375
1779804763.08663,Saccade,15.705848693847656,100.0,1245.193359375
1779804763.211764,Fixation,14.986298561096191,125.134,458.4566650390625
1779804763.261897,Saccade,12.075406074523926,50.132,1134.1507568359375
1779804763.436997,Fixation,14.452040672302246,175.109,407.703369140625
1779804763.58713,Saccade,5.732966423034668,150.125,1394.5455322265625
1779804763.662252,Fixation,12.491655349731445,75.131,407.55322265625
1779804763.687264,Saccade,11.621323585510254,25.007,1056.860595703125
1779804763.787375,Fixation,12.33923625946045,100.112,488.83502197265625
1779804763.807375,Saccade,22.423484802246094,20.0,1095.7696533203125
1779804764.222034,Fixation,31.1481990814209,415.375,421.72894287109375
1779804764.307156,Saccade,14.66824722290039,85.125,1213.3759765625
1779804765.062789,Fixation,2.5887420177459717,755.635,427.6591796875
1779804765.077778,Saccade,11.604028701782227,14.99,1129.1484375
1779804765.192912,Fixation,22.171092987060547,115.125,512.2466430664062
1779804765.543289,Saccade,23.94685935974121,350.379,1255.1337890625
1779804765.628289,Fixation,17.29145622253418,85.006,552.33056640625
1779804765.663412,Saccade,33.786224365234375,35.115,1121.7015380859375
1779804766.128778,Fixation,3.3631882667541504,465.375,405.2087097167969
1779804766.148778,Saccade,22.45050811767578,20.0,1221.5152587890625
1779804766.253912,Fixation,18.312480926513672,105.125,463.36602783203125
1779804766.369034,Saccade,12.620214462280273,115.127,1187.3511962890625
1779804766.454034,Fixation,20.804216384887695,85.002,430.3954162597656
1779804766.599156,Saccade,3.9559426307678223,145.121,1260.3201904296875
1779804766.929534,Fixation,7.024659156799316,330.375,462.8333740234375
1779804766.954534,Saccade,19.339101791381836,25.0,1087.9351806640625
1779804767.144913,Fixation,6.9490647315979,190.125,404.379638671875
1779804767.210035,Saccade,14.718146324157715,65.125,1072.5257568359375
1779804767.630413,Fixation,20.785724639892578,420.375,483.42962646484375
1779804767.645413,Saccade,18.708744049072266,15.0,1135.3427734375
1779804768.556291,Fixation,24.201684951782227,910.875,408.91064453125
1779804768.781535,Saccade,9.663995742797852,225.25,1087.2021484375
1779804769.432035,Fixation,14.189942359924316,650.5,455.1452941894531
1779804769.492169,Saccade,3.448819398880005,60.125,1055.062255859375
1779804769.582169,Fixation,9.81167221069336,90.0,470.3805847167969
1779804769.729958,Saccade,20.475908279418945,147.796,1102.290283203125
1779804769.847413,Fixation,9.982420921325684,117.454,484.9160461425781
1779804769.872535,Saccade,29.36495018005371,25.125,1459.6959228515625
1779804769.982535,Fixation,30.509521484375,110.0,380.1004943847656
1779804770.002669,Saccade,12.8776216506958,20.125,1039.264404296875
1779804770.19742,Fixation,11.934017181396484,195.125,455.1552429199219
1779804770.21742,Saccade,21.951047897338867,20.0,1112.970458984375
1779804770.542798,Fixation,17.930091857910156,325.375,395.07208251953125
1779804770.562798,Saccade,19.790475845336914,20.0,1028.9058837890625
1779804770.923053,Fixation,23.36821746826172,360.258,452.8983154296875
1779804770.968175,Saccade,2.3908629417419434,45.12,1183.2879638671875
1779804771.153298,Fixation,2.784965753555298,185.128,451.1719055175781
1779804771.198298,Saccade,16.15961456298828,44.994,1204.006591796875
1779804772.219298,Fixation,25.22243309020996,1021.006,407.2782897949219
1779804772.249298,Saccade,32.41075897216797,29.995,1161.0172119140625
1779804772.494542,Fixation,6.790565013885498,245.25,380.6775817871094
1779804772.549542,Saccade,8.175593376159668,54.999,1381.3214111328125
1779804772.764798,Fixation,2.982224225997925,215.25,432.7878723144531
1779804772.84492,Saccade,20.95220947265625,80.125,1136.4588623046875
1779804773.145164,Fixation,17.848567962646484,300.25,451.68511962890625
1779804773.16581,Saccade,13.387537956237793,20.001,1494.5137939453125
1779804773.586177,Fixation,18.520004272460938,420.375,444.9677734375
1779804773.606188,Saccade,7.199660778045654,20.013,1053.0264892578125
1779804773.72131,Fixation,13.924505233764648,115.112,404.7829284667969
1779804773.73631,Saccade,18.368425369262695,15.0,1391.3546142578125
1779804773.956555,Fixation,31.569711685180664,220.25,445.328125
1779804774.161677,Saccade,13.996846199035645,205.125,1095.308349609375
1779804774.236799,Fixation,10.893930435180664,75.124,396.64996337890625
1779804774.256799,Saccade,26.8707275390625,20.0,1173.07470703125
1779804774.462055,Fixation,19.283748626708984,205.25,416.83380126953125
1779804774.487055,Saccade,10.663222312927246,25.0,1374.906005859375
1779804774.73731,Fixation,11.397833824157715,250.251,466.3206481933594
1779804774.84731,Saccade,23.520973205566406,110.0,1181.6258544921875
1779804775.032555,Fixation,20.158763885498047,185.25,395.3796081542969
1779804775.052555,Saccade,23.83395767211914,20.001,1075.0147705078125
1779804775.172688,Fixation,25.78111457824707,120.13,503.5208435058594
1779804775.227677,Saccade,15.119192123413086,54.994,1430.091064453125
1779804775.482932,Fixation,12.33467960357666,255.25,433.86102294921875
1779804775.502932,Saccade,23.027631759643555,20.0,1265.67138671875
1779804775.608055,Fixation,32.286598205566406,105.125,409.0729064941406
1779804775.628055,Saccade,32.910888671875,20.0,1515.3936767578125
1779804775.733177,Fixation,22.62291145324707,105.125,335.9276428222656
1779804775.748188,Saccade,15.16840648651123,15.005,1013.4473876953125
1779804775.973432,Fixation,17.301414489746094,225.245,440.47381591796875
1779804775.988432,Saccade,14.044297218322754,15.0,1064.9664306640625
1779804776.303149,Fixation,6.958616733551025,315.253,426.3724365234375
1779804776.358271,Saccade,23.644834518432617,55.122,1175.309814453125
1779804776.438271,Fixation,6.067061424255371,80.0,449.56170654296875
1779804776.488393,Saccade,6.719584941864014,50.125,1086.0640869140625
1779804776.628515,Fixation,14.414909362792969,140.125,422.6797180175781
1779804776.643527,Saccade,9.427460670471191,15.006,912.3922729492188
1779804776.793638,Fixation,9.267829895019531,150.119,429.62841796875
1779804776.823638,Saccade,22.141977310180664,30.0,1116.8182373046875
1779804777.058893,Fixation,18.888118743896484,235.256,431.6458435058594
1779804777.078893,Saccade,16.708498001098633,19.994,1118.068115234375
1779804777.269016,Fixation,2.7832186222076416,190.125,472.2327880859375
1779804777.449271,Saccade,16.717565536499023,180.25,1183.3121337890625
1779804777.754516,Fixation,12.571773529052734,305.25,462.6697998046875
1779804777.849638,Saccade,8.613094329833984,95.125,1095.974853515625
1779804777.969638,Fixation,23.914852142333984,120.0,515.916748046875
1779804778.114893,Saccade,29.489765167236328,145.25,1232.6407470703125
1779804778.290015,Fixation,10.71599006652832,175.125,380.5868225097656
1779804778.355016,Saccade,10.201502799987793,65.0,1096.1400146484375
1779804778.575271,Fixation,16.691770553588867,220.25,443.1268310546875
1779804778.590271,Saccade,17.513933181762695,15.0,1159.9735107421875
1779804778.735393,Fixation,5.946118354797363,145.125,518.6663208007812
1779804778.815527,Saccade,9.364645004272461,80.138,1287.733154296875
1779804778.965638,Fixation,12.067618370056152,150.112,458.51641845703125
1779804779.050638,Saccade,4.273354530334473,85.0,1117.984375
1779804779.200893,Fixation,5.993107795715332,150.25,481.94146728515625
1779804779.226588,Saccade,20.62432098388672,25.01,1001.6759033203125
1779804779.451699,Fixation,24.514623641967773,225.115,430.369873046875
1779804779.561822,Saccade,4.289013862609863,110.125,1270.338623046875
1779804779.747077,Fixation,9.19596004486084,185.25,465.17242431640625
1779804779.762077,Saccade,26.235572814941406,15.0,1228.8931884765625
1779804779.8972,Fixation,15.5198335647583,135.125,431.9434814453125
1779804779.932199,Saccade,28.459508895874023,35.0,1204.803466796875
1779804780.067322,Fixation,2.1447548866271973,135.125,453.47332763671875
1779804780.092322,Saccade,27.017087936401367,25.0,1239.3302001953125
1779804780.207455,Fixation,24.3156681060791,115.125,502.99395751953125
1779804780.377577,Saccade,13.383105278015137,170.125,1100.9232177734375
1779804780.507699,Fixation,21.769428253173828,130.125,408.0166015625
1779804780.5227,Saccade,16.744335174560547,15.0,1216.935791015625
1779804780.662822,Fixation,19.243335723876953,140.125,498.2200622558594
1779804780.802955,Saccade,4.376541614532471,140.125,1264.1707763671875
1779804781.0832,Fixation,17.59865951538086,280.25,475.4176330566406
1779804781.148333,Saccade,4.974817276000977,65.13,1609.3306884765625
1779804781.273455,Fixation,15.405688285827637,125.12,409.2645263671875
1779804781.398588,Saccade,21.01340675354004,125.136,1058.4862060546875
1779804781.6287,Fixation,11.481705665588379,230.114,374.51861572265625
1779804781.773955,Saccade,16.276338577270508,145.25,1173.2607421875
1779804782.034077,Fixation,40.295711517333984,260.125,422.1777648925781
1779804782.0492,Saccade,15.856117248535156,15.125,1307.5059814453125
1779804782.233903,Fixation,2.124953269958496,185.125,436.44476318359375
1779804782.258904,Saccade,28.537782669067383,25.0,1217.4620361328125
1779804782.459159,Fixation,13.150495529174805,200.255,468.9252624511719
1779804782.479159,Saccade,22.224430084228516,19.995,1114.9923095703125
1779804783.014659,Fixation,2.962118625640869,535.5,450.7674865722656
1779804783.129792,Saccade,23.639677047729492,115.134,1162.189208984375
1779804783.244781,Fixation,4.501163482666016,114.991,454.2713928222656
1779804783.359903,Saccade,9.751060485839844,115.125,1208.291015625
1779804783.565159,Fixation,11.593674659729004,205.25,379.5640563964844
1779804783.580159,Saccade,11.179061889648438,15.0,1071.14453125
1779804783.670281,Fixation,17.778038024902344,90.129,540.0469360351562
1779804783.720281,Saccade,7.148083686828613,49.999,1529.019775390625
1779804783.880403,Fixation,6.928833484649658,160.124,446.7410888671875
1779804783.910403,Saccade,24.670549392700195,29.998,1192.6104736328125
1779804784.045537,Fixation,10.075486183166504,135.125,359.1070251464844
1779804784.330781,Saccade,14.055227279663086,285.25,1146.80078125
1779804784.506037,Fixation,14.517245292663574,175.25,365.51739501953125
1779804784.671159,Saccade,20.135839462280273,165.125,1066.03271484375
1779804784.771292,Fixation,24.057880401611328,100.138,418.2884521484375
1779804784.806292,Saccade,1.3894902467727661,34.996,1500.9287109375
1779804785.041537,Fixation,8.833983421325684,235.241,455.0072326660156
1779804785.116537,Saccade,19.08145523071289,75.0,1310.3477783203125
1779804785.327192,Fixation,16.855358123779297,210.25,430.533447265625
1779804785.392191,Saccade,14.723255157470703,65.0,1160.4224853515625
1779804785.487325,Fixation,9.491903305053711,95.128,526.4649047851562
1779804785.542314,Saccade,17.042325973510742,54.997,1306.630126953125
1779804785.677447,Fixation,41.03284454345703,135.125,513.1572875976562
1779804785.752569,Saccade,12.510289192199707,75.125,1083.9974365234375
1779804785.892691,Fixation,8.489810943603516,140.125,453.935546875
1779804785.912703,Saccade,17.13220977783203,20.006,1003.1363525390625
1779804786.147947,Fixation,31.485225677490234,235.244,465.32720947265625
1779804786.167958,Saccade,20.67070198059082,20.012,1093.3402099609375
1779804786.278069,Fixation,20.22311019897461,110.113,546.7451782226562
1779804786.353069,Saccade,19.236629486083984,75.0,988.4373168945312
1779804786.478191,Fixation,5.094087600708008,125.125,448.40252685546875
1779804786.678447,Saccade,13.588239669799805,200.25,1161.363037109375
1779804786.843569,Fixation,9.400217056274414,165.127,481.00189208984375
1779804786.933692,Saccade,6.512079238891602,90.123,1147.7608642578125
1779804787.088814,Fixation,17.250566482543945,155.125,474.353271484375
1779804787.123814,Saccade,29.833961486816406,35.0,962.3517456054688
1779804787.238947,Fixation,23.254610061645508,115.129,550.1736450195312
1779804787.253947,Saccade,19.025869369506836,14.996,1121.3284912109375
1779804787.674314,Fixation,12.088500022888184,420.375,414.8861999511719
1779804787.694314,Saccade,20.983375549316406,20.0,1126.670166015625
1779804787.844447,Fixation,5.741855144500732,150.125,469.786376953125
1779804787.999691,Saccade,22.959260940551758,155.25,1240.491943359375
1779804788.569878,Fixation,13.269574165344238,570.502,474.3806457519531
1779804788.775001,Saccade,9.588126182556152,205.124,1335.5880126953125
1779804788.965256,Fixation,32.00697326660156,190.249,463.010009765625
1779804789.375634,Saccade,4.264641284942627,410.381,1226.3267822265625
1779804789.600756,Fixation,37.584373474121094,225.12,476.3587646484375
1779804789.670878,Saccade,26.843067169189453,70.125,1348.97021484375
1779804789.921134,Fixation,17.89508819580078,250.249,437.3929748535156
1779804790.086256,Saccade,18.59075927734375,165.125,1244.1868896484375
1779804790.316512,Fixation,11.501117706298828,230.256,497.95355224609375
1779804790.366501,Saccade,15.152090072631836,49.995,1077.595703125
1779804790.511634,Fixation,6.279880046844482,145.125,447.3493957519531
1779804790.771878,Saccade,16.198043823242188,260.25,1108.840087890625
1779804790.842001,Fixation,10.020952224731445,70.125,493.14654541015625
1779804790.897012,Saccade,5.344432353973389,55.007,1642.8682861328125
1779804791.012134,Fixation,29.931482315063477,115.118,379.7978820800781
1779804791.052134,Saccade,7.339366912841797,40.0,983.591552734375
1779804791.277379,Fixation,10.29716968536377,225.25,447.7708435058594
1779804791.447633,Saccade,11.309903144836426,170.125,1269.3150634765625
1779804791.617777,Fixation,13.898307800292969,170.136,467.93902587890625
1779804791.722888,Saccade,11.451447486877441,105.114,1010.7460327148438
1779804791.958133,Fixation,17.336441040039062,235.25,438.5314025878906
1779804792.153266,Saccade,9.669665336608887,195.125,1104.7969970703125
1779804792.288388,Fixation,14.304414749145508,135.129,449.73046875
1779804792.543633,Saccade,12.346977233886719,255.246,1144.0816650390625
1779804792.763888,Fixation,8.358753204345703,220.25,446.8302001953125
1779804792.783888,Saccade,16.896167755126953,20.0,1110.392822265625
1779804792.999132,Fixation,18.819393157958984,215.25,483.4524841308594
1779804793.019133,Saccade,14.220520973205566,20.0,994.8200073242188
1779804793.119133,Fixation,4.969350814819336,100.0,471.0141296386719
1779804793.204266,Saccade,2.299628496170044,85.125,1069.8309326171875
1779804793.374388,Fixation,8.560717582702637,170.125,508.475341796875
1779804793.48451,Saccade,10.484333992004395,110.125,1158.7913818359375
1779804793.854888,Fixation,13.738443374633789,370.375,442.4986267089844
1779804793.914888,Saccade,9.817750930786133,60.0,1493.6563720703125
1779804794.08001,Fixation,13.605313301086426,165.126,420.77459716796875
1779804794.110132,Saccade,26.279190063476562,30.124,883.7831420898438
1779804794.210144,Fixation,6.310359001159668,100.006,350.38787841796875
1779804794.225266,Saccade,14.73342514038086,15.119,1207.793212890625
1779804794.340266,Fixation,21.50954246520996,115.0,415.43450927734375
1779804794.354697,Saccade,22.879169464111328,15.008,1280.3116455078125
1779804794.47982,Fixation,13.566970825195312,125.117,452.9337463378906
1779804794.640075,Saccade,8.335352897644043,160.252,1112.636474609375
1779804794.835197,Fixation,15.843426704406738,195.123,475.68133544921875
1779804794.860198,Saccade,32.821380615234375,25.0,1389.926513671875
1779804794.945331,Fixation,29.534908294677734,85.134,453.9608459472656
1779804794.97032,Saccade,36.40877914428711,24.991,1478.156494140625
1779804795.160442,Fixation,27.72576141357422,190.125,472.5936279296875
1779804795.205564,Saccade,8.692935943603516,45.125,1130.324951171875
1779804795.330698,Fixation,19.104774475097656,125.125,505.9862060546875
1779804795.405697,Saccade,18.811609268188477,75.001,1622.7188720703125
1779804795.645953,Fixation,12.888184547424316,240.262,444.71746826171875
1779804795.726064,Saccade,17.515792846679688,80.112,1224.3212890625
1779804796.06132,Fixation,22.696224212646484,335.25,432.1847839355469
1779804796.146442,Saccade,16.747373580932617,85.125,1045.5963134765625
1779804796.446697,Fixation,8.629109382629395,300.25,436.0679931640625
1779804796.466697,Saccade,19.221540451049805,20.0,992.8549194335938
1779804796.721942,Fixation,27.250598907470703,255.25,437.4134521484375
1779804796.872064,Saccade,4.354512691497803,150.125,1189.06787109375
1779804796.977197,Fixation,4.596575736999512,105.125,509.3990173339844
1779804797.012197,Saccade,18.59012794494629,35.0,1423.6898193359375
1779804797.13732,Fixation,19.53360366821289,125.131,473.7693176269531
1779804797.367787,Saccade,3.0860836505889893,230.244,1144.707275390625
1779804797.517921,Fixation,1.8611522912979126,150.125,393.0152893066406
1779804797.537921,Saccade,14.764190673828125,20.0,1014.5220336914062
1779804797.638043,Fixation,13.913229942321777,100.125,426.6632385253906
1779804797.653043,Saccade,6.402358055114746,15.0,972.521484375
1779804797.803165,Fixation,9.978036880493164,150.127,376.2904357910156
1779804797.823165,Saccade,21.974592208862305,19.998,1078.657470703125
1779804797.913287,Fixation,9.5393705368042,90.125,462.09375
1779804797.933298,Saccade,21.647611618041992,20.005,1159.5467529296875
1779804798.023421,Fixation,9.937052726745605,90.124,522.4310913085938
1779804798.043421,Saccade,28.174245834350586,20.001,1219.5201416015625
1779804798.173543,Fixation,17.513690948486328,130.12,439.0660705566406
1779804798.288665,Saccade,19.483060836791992,115.125,1110.7576904296875
1779804798.413787,Fixation,16.918237686157227,125.125,492.8285217285156
1779804798.458787,Saccade,17.949052810668945,45.0,1176.8267822265625
1779804798.543787,Fixation,24.503427505493164,85.0,555.8098754882812
1779804798.558921,Saccade,19.438730239868164,15.125,1276.074951171875
1779804798.658921,Fixation,16.99869728088379,100.0,395.711669921875
1779804798.729043,Saccade,16.999839782714844,70.125,1236.522216796875
1779804798.909165,Fixation,14.001619338989258,180.125,432.2109069824219
1779804799.034287,Saccade,1.9914617538452148,125.125,1271.489990234375
1779804799.264543,Fixation,16.476900100708008,230.25,470.19781494140625
1779804799.334543,Saccade,2.540144920349121,70.0,994.7691040039062
1779804799.419665,Fixation,16.691394805908203,85.125,395.791015625
1779804799.764921,Saccade,4.789358139038086,345.25,1207.15625
1779804799.910176,Fixation,19.579790115356445,145.265,452.9932556152344
1779804799.970165,Saccade,6.1815948486328125,59.985,1117.5355224609375
1779804800.125287,Fixation,23.026012420654297,155.125,420.91107177734375
1779804800.140287,Saccade,14.37448787689209,15.0,1148.9783935546875
1779804800.400543,Fixation,8.48930835723877,260.25,476.811279296875
1779804800.776084,Saccade,16.424461364746094,375.375,1167.244140625
1779804801.161451,Fixation,23.42461585998535,385.375,445.87939453125
1779804801.181451,Saccade,25.329143524169922,20.0,1171.973876953125
1779804801.531839,Fixation,18.519630432128906,350.384,426.8121643066406
1779804801.58184,Saccade,9.826837539672852,49.997,1026.766845703125
1779804801.807084,Fixation,6.099485874176025,225.244,484.8581848144531
1779804801.952206,Saccade,15.947744369506836,145.125,1197.3450927734375
1779804802.182328,Fixation,3.9500441551208496,230.125,483.46136474609375
1779804802.202451,Saccade,12.186779975891113,20.125,1163.62939453125
1779804802.442584,Fixation,2.724531888961792,240.125,446.4709167480469
1779804802.462584,Saccade,20.085742950439453,20.0,1047.7921142578125
1779804802.687828,Fixation,18.84486961364746,225.25,388.49847412109375
1779804802.797951,Saccade,9.997598648071289,110.125,1119.2384033203125
1779804803.498955,Fixation,20.993141174316406,700.636,426.45623779296875
1779804803.634066,Saccade,16.616920471191406,135.114,1221.6231689453125
1779804803.709189,Fixation,6.038198947906494,75.125,372.7108459472656
1779804803.859311,Saccade,23.1595458984375,150.125,1208.8114013671875
1779804804.569944,Fixation,33.57487487792969,710.625,412.9415283203125
1779804804.584944,Saccade,16.86507225036621,15.0,1131.4981689453125
1779804804.735066,Fixation,19.54177474975586,150.125,441.50018310546875
1779804804.765066,Saccade,15.193828582763672,30.0,1387.8563232421875
1779804804.890189,Fixation,15.858539581298828,125.126,485.5169677734375
1779804804.920311,Saccade,28.951488494873047,30.124,1326.72216796875
1779804805.140444,Fixation,33.95692443847656,220.125,427.47515869140625
1779804805.530811,Saccade,33.583091735839844,390.376,1221.0655517578125
1779804805.635944,Fixation,27.24336051940918,105.124,467.68426513671875
1779804805.650944,Saccade,16.52143096923828,15.009,1096.6683349609375
1779804805.821066,Fixation,14.264315605163574,170.117,392.6446228027344
1779804806.016311,Saccade,7.405550003051758,195.249,1174.4322509765625
1779804806.131444,Fixation,16.6911563873291,115.126,474.10845947265625
1779804806.411689,Saccade,18.069108963012695,280.249,1215.505126953125
1779804806.516689,Fixation,8.263826370239258,105.0,534.720947265625
1779804806.656908,Saccade,17.30913543701172,140.127,1178.783447265625
1779804806.837153,Fixation,1.33370840549469,180.254,376.37396240234375
1779804807.057275,Saccade,19.658300399780273,220.12,1099.5391845703125
1779804807.357653,Fixation,22.218172073364258,300.375,451.130859375
1779804807.457653,Saccade,8.777165412902832,100.005,1247.49755859375
1779804807.597775,Fixation,21.53449249267578,140.12,386.6318359375
1779804807.612775,Saccade,18.774003982543945,15.0,1504.793212890625
1779804807.692897,Fixation,21.185102462768555,80.125,475.1258850097656
1779804807.868031,Saccade,22.843151092529297,175.125,1209.1031494140625
1779804807.948153,Fixation,16.296743392944336,80.125,543.8198852539062
1779804807.973153,Saccade,17.985288619995117,25.0,1274.8209228515625
1779804808.078275,Fixation,11.315069198608398,105.125,453.1260986328125
1779804808.093275,Saccade,17.845874786376953,15.0,1272.5205078125
1779804808.163397,Fixation,23.623079299926758,70.125,477.9211120605469
1779804808.183408,Saccade,21.23470687866211,20.01,1166.7601318359375
1779804808.32353,Fixation,14.296956062316895,140.121,504.2418518066406
1779804808.508653,Saccade,16.93036460876465,185.119,1333.5975341796875
1779804808.583775,Fixation,10.661652565002441,75.125,489.8372802734375
1779804808.738897,Saccade,19.234914779663086,155.125,1120.672119140625
1779804808.833897,Fixation,24.715545654296875,95.0,496.7394714355469
1779804808.84903,Saccade,16.01582908630371,15.125,1057.7222900390625
1779804808.984153,Fixation,11.314334869384766,135.125,385.89300537109375
1779804809.069153,Saccade,17.156309127807617,85.0,1056.0269775390625
1779804809.43453,Fixation,6.751003742218018,365.379,441.5644836425781
1779804809.458792,Saccade,18.13945960998535,24.996,1028.6158447265625
1779804809.553914,Fixation,13.488338470458984,95.125,364.54571533203125
1779804809.649048,Saccade,26.60640525817871,95.129,1356.0521240234375
1779804809.839159,Fixation,45.17012023925781,190.121,477.1387634277344
1779804810.144414,Saccade,24.670072555541992,305.25,1246.0631103515625
1779804810.479792,Fixation,8.593557357788086,335.375,440.0973205566406
1779804810.574792,Saccade,8.387453079223633,95.005,1205.4793701171875
1779804810.820037,Fixation,25.874492645263672,245.245,452.08941650390625
1779804811.195414,Saccade,11.133269309997559,375.375,1066.4615478515625
1779804811.425659,Fixation,14.452906608581543,230.25,432.3704833984375
1779804811.445659,Saccade,23.345016479492188,20.0,1352.312744140625
1779804811.590792,Fixation,9.09255599975586,145.125,395.992919921875
1779804811.610803,Saccade,21.814699172973633,20.009,1185.693603515625
1779804811.926037,Fixation,14.00186538696289,315.241,431.1793518066406
1779804812.031159,Saccade,7.280280113220215,105.125,1148.1815185546875
1779804812.211292,Fixation,3.5757346153259277,180.129,484.43634033203125
1779804812.226414,Saccade,14.621298789978027,15.121,1084.5291748046875
1779804812.451537,Fixation,13.596220970153809,225.128,452.26214599609375
1779804812.466537,Saccade,18.53232765197754,14.997,1138.6226806640625
1779804812.57156,Fixation,21.74624252319336,105.125,423.601318359375
1779804812.911938,Saccade,5.951839923858643,340.375,1193.800048828125
1779804813.011938,Fixation,11.176692962646484,100.0,549.3826904296875
1779804813.03706,Saccade,19.38719367980957,25.125,952.4534301757812
1779804813.12206,Fixation,8.760920524597168,85.0,415.7707214355469
1779804813.177194,Saccade,7.542171001434326,55.125,1219.460693359375
1779804813.312327,Fixation,14.7756986618042,135.132,508.2909240722656
1779804813.332316,Saccade,15.002706527709961,19.993,1115.94140625
1779804813.797694,Fixation,23.062700271606445,465.375,406.6985168457031
1779804813.847705,Saccade,8.845168113708496,50.009,1100.21337890625
1779804814.027938,Fixation,19.45387840270996,180.241,497.8742370605469
1779804814.21306,Saccade,41.760318756103516,185.125,1283.043701171875
1779804814.413316,Fixation,7.415557384490967,200.25,415.3636169433594
1779804814.598438,Saccade,7.3134684562683105,185.125,1111.3046875
1779804814.73356,Fixation,7.693020820617676,135.125,384.3786315917969
1779804814.878694,Saccade,4.110647678375244,145.125,1324.1346435546875
1779804815.073827,Fixation,18.13559341430664,195.141,519.6573486328125
1779804815.088938,Saccade,10.957742691040039,15.109,959.62451171875
1779804815.27906,Fixation,25.161813735961914,190.125,548.4542846679688
1779804815.374194,Saccade,6.1157708168029785,95.125,1261.2734375
1779804815.680159,Fixation,22.508651733398438,305.25,397.7141418457031
1779804815.725159,Saccade,6.295697212219238,45.0,1456.952392578125
1779804815.865281,Fixation,9.058323860168457,140.125,557.9666748046875
1779804815.960414,Saccade,24.448989868164062,95.125,1169.16162109375
1779804816.250659,Fixation,12.588727951049805,290.25,441.6263122558594
1779804816.510914,Saccade,6.919159889221191,260.25,1183.2928466796875
1779804816.761159,Fixation,12.0704345703125,250.25,447.4745788574219
1779804816.79117,Saccade,24.467073440551758,30.008,1192.1138916015625
1779804816.921281,Fixation,34.81501770019531,130.117,416.0030517578125
1779804817.016414,Saccade,4.653135776519775,95.125,1094.2490234375
1779804817.556914,Fixation,19.649154663085938,540.505,423.3869323730469
1779804817.852159,Saccade,17.87335777282715,295.245,1186.790283203125
1779804818.152414,Fixation,5.269649982452393,300.25,429.3287048339844
1779804818.192537,Saccade,27.891319274902344,40.125,1267.37060546875
1779804818.297548,Fixation,25.2404842376709,105.007,407.6561279296875
1779804818.317659,Saccade,18.502653121948242,20.121,996.2347412109375
1779804818.552792,Fixation,12.773767471313477,235.125,439.9541320800781
1779804818.587752,Saccade,21.702913284301758,35.122,1179.6551513671875
1779804818.807874,Fixation,22.71912384033203,220.125,463.52178955078125
1779804818.872997,Saccade,10.85217571258545,65.125,1080.563232421875
1779804819.138252,Fixation,14.608660697937012,265.25,393.4118957519531
1779804819.158252,Saccade,11.195263862609863,20.0,984.3958740234375
1779804819.403497,Fixation,22.543506622314453,245.25,438.5573425292969
1779804819.433497,Saccade,32.05881118774414,30.0,1207.536376953125
1779804819.708752,Fixation,23.178848266601562,275.25,395.4357604980469
1779804819.728752,Saccade,14.567655563354492,20.0,1171.5865478515625
1779804819.828875,Fixation,13.943320274353027,100.126,448.78472900390625
1779804819.873874,Saccade,12.120990753173828,44.999,1170.5877685546875
1779804819.963997,Fixation,3.620713949203491,90.125,469.29571533203125
1779804820.009008,Saccade,17.3493709564209,45.012,1167.8638916015625
1779804820.144119,Fixation,27.665571212768555,135.113,443.1448974609375
1779804820.169119,Saccade,13.810291290283203,25.0,1069.4423828125
1779804820.364374,Fixation,6.536375999450684,195.25,439.1130676269531
1779804820.424386,Saccade,9.3643159866333,60.012,1033.490234375
1779804820.504497,Fixation,9.496139526367188,80.114,395.0489196777344
1779804820.559497,Saccade,4.610973358154297,54.999,1248.819580078125
1779804820.824752,Fixation,9.958043098449707,265.25,430.355712890625
1779804820.884752,Saccade,4.671179294586182,60.008,1062.9638671875
1779804821.080008,Fixation,7.0591721534729,195.252,376.7060546875
1779804821.144997,Saccade,7.658306121826172,64.99,1224.2686767578125
1779804821.27013,Fixation,6.256266117095947,125.126,440.4622802734375
1779804821.425375,Saccade,22.873693466186523,155.25,1103.02880859375
1779804821.690173,Fixation,19.855234146118164,265.124,416.6593933105469
1779804821.825306,Saccade,11.018835067749023,135.126,1342.635986328125
1779804821.965551,Fixation,13.739455223083496,140.25,403.76434326171875
1779804822.025551,Saccade,20.3646297454834,60.0,1251.5594482421875
1779804822.215673,Fixation,12.459601402282715,190.125,362.3251037597656
1779804822.235795,Saccade,17.911874771118164,20.124,1195.5059814453125
1779804822.345806,Fixation,8.962538719177246,110.001,469.35308837890625
1779804822.355806,Saccade,15.197037696838379,10.004,1074.30615234375
1779804822.521051,Fixation,5.207440376281738,165.246,458.6554260253906
1779804822.541062,Saccade,28.64577293395996,20.009,1412.1177978515625
1779804822.646184,Fixation,14.366235733032227,105.122,455.816162109375
1779804822.666173,Saccade,17.63643455505371,19.994,965.4598999023438
1779804822.796306,Fixation,18.866077423095703,130.125,464.44940185546875
1779804823.126551,Saccade,2.5059609413146973,330.25,1184.3431396484375
1779804823.221673,Fixation,4.376798152923584,95.125,500.17572021484375
1779804823.266673,Saccade,7.385948657989502,45.0,1286.9852294921875
1779804823.587051,Fixation,13.264500617980957,320.375,458.18511962890625
1779804823.637051,Saccade,8.212150573730469,50.0,1264.011474609375
1779804824.007428,Fixation,6.881472587585449,370.375,456.1789855957031
1779804824.122428,Saccade,11.27055549621582,115.0,1238.9332275390625
1779804824.492806,Fixation,6.599061489105225,370.375,423.71734619140625
1779804824.892996,Saccade,13.232345581054688,400.387,1179.748291015625
1779804825.078241,Fixation,23.446659088134766,185.238,433.645751953125
1779804825.098241,Saccade,18.683137893676758,20.0,897.072021484375
1779804825.378485,Fixation,27.03089141845703,280.25,477.4337158203125
1779804825.393485,Saccade,20.01900291442871,15.0,958.7566528320312
1779804825.518619,Fixation,20.50027084350586,125.125,397.8382263183594
1779804825.538619,Saccade,15.44395637512207,20.0,1026.987060546875
1779804825.743741,Fixation,12.90381145477295,205.129,386.0694885253906
1779804825.768874,Saccade,16.41115379333496,25.132,1066.9405517578125
1779804825.868863,Fixation,17.421539306640625,99.989,460.0825500488281
1779804826.008996,Saccade,15.583627700805664,140.129,1119.925048828125
1779804826.149119,Fixation,14.564386367797852,140.121,475.7625732421875
1779804826.169241,Saccade,29.470121383666992,20.125,1194.3751220703125
1779804826.429485,Fixation,19.62189292907715,260.25,462.18182373046875
1779804826.444485,Saccade,13.660711288452148,15.0,1043.8748779296875
1779804826.729741,Fixation,7.409865379333496,285.25,412.78668212890625
1779804826.974985,Saccade,14.293724060058594,245.25,1238.806640625
1779804827.160119,Fixation,14.241788864135742,185.125,420.80023193359375
1779804827.215119,Saccade,23.991470336914062,55.0,1177.871337890625
1779804827.295241,Fixation,7.123859882354736,80.125,403.4371643066406
1779804827.315241,Saccade,20.1833553314209,20.0,955.8453979492188
1779804827.405363,Fixation,6.525807857513428,90.125,416.5788879394531
1779804827.745976,Saccade,13.927342414855957,340.25,1270.433349609375
1779804828.251476,Fixation,8.494179725646973,505.502,415.70050048828125
1779804828.356598,Saccade,9.014713287353516,105.123,1375.567626953125
1779804828.456599,Fixation,15.374117851257324,100.001,541.6990966796875
1779804828.471721,Saccade,8.553006172180176,15.124,1164.7176513671875
1779804828.581721,Fixation,9.487142562866211,110.0,394.6531066894531
1779804828.626843,Saccade,17.571603775024414,45.125,1319.2987060546875
1779804828.746987,Fixation,26.150331497192383,120.137,482.4805908203125
1779804828.761976,Saccade,21.589134216308594,14.988,1224.6861572265625
1779804828.992099,Fixation,3.600620746612549,230.125,454.4732360839844
1779804829.107232,Saccade,14.778155326843262,115.132,983.5623168945312
1779804829.187343,Fixation,18.193010330200195,80.118,418.2250061035156
1779804829.252343,Saccade,23.426734924316406,65.0,1637.5123291015625
1779804829.362476,Fixation,13.140494346618652,110.135,425.3705749511719
1779804829.467598,Saccade,11.42243480682373,105.122,1064.048828125
1779804829.687843,Fixation,12.126996994018555,220.243,427.65142822265625
1779804829.742843,Saccade,9.246273040771484,55.0,1408.497314453125
1779804829.827976,Fixation,4.114744663238525,85.125,436.81768798828125
1779804829.973099,Saccade,8.087475776672363,145.125,1094.223876953125
1779804830.188221,Fixation,20.805322647094727,215.125,434.89764404296875
1779804830.288343,Saccade,20.775360107421875,100.125,1173.2396240234375
1779804830.488599,Fixation,12.443359375,200.25,404.6606750488281
1779804830.78864,Saccade,7.750890254974365,300.25,1191.5472412109375
1779804830.86864,Fixation,9.564047813415527,80.0,465.49468994140625
1779804830.928774,Saccade,13.422649383544922,60.125,1110.8231201171875
1779804831.169018,Fixation,9.993491172790527,240.25,458.74853515625
1779804831.31914,Saccade,9.347660064697266,150.125,1244.830322265625
1779804831.544274,Fixation,13.771929740905762,225.125,449.7689514160156
1779804831.559274,Saccade,11.601460456848145,15.0,904.44140625
1779804831.744518,Fixation,37.678863525390625,185.25,436.18115234375
1779804831.769518,Saccade,36.12538528442383,25.0,1363.819580078125
1779804832.239896,Fixation,21.182353973388672,470.375,442.4236145019531
1779804832.255018,Saccade,6.244691848754883,15.125,1088.5228271484375
1779804832.425141,Fixation,11.11224365234375,170.125,430.47320556640625
1779804832.44014,Saccade,14.212587356567383,15.0,1029.93798828125
1779804832.525274,Fixation,4.198878288269043,85.125,561.5645141601562
1779804832.705396,Saccade,31.795223236083984,180.125,1306.5809326171875
1779804832.950652,Fixation,14.758713722229004,245.263,437.7854919433594
1779804833.020641,Saccade,2.7779502868652344,69.987,1130.259765625
1779804833.185774,Fixation,3.161684513092041,165.125,412.4819030761719
1779804833.245896,Saccade,11.42707347869873,60.125,1124.225341796875
1779804833.351029,Fixation,16.435556411743164,105.131,434.4685974121094
1779804833.531152,Saccade,19.80455780029297,180.127,1075.9779052734375
1779804833.656274,Fixation,18.611268997192383,125.117,486.3251953125
1779804833.681274,Saccade,21.71729278564453,25.0,1204.2464599609375
1779804833.801808,Fixation,25.6392822265625,120.125,388.4556579589844
1779804833.89693,Saccade,9.097325325012207,95.125,1304.4041748046875
1779804833.98193,Fixation,14.801860809326172,85.0,382.217529296875
1779804834.092053,Saccade,20.580669403076172,110.126,1257.9617919921875
1779804834.167186,Fixation,15.623669624328613,75.124,480.108154296875
1779804834.297308,Saccade,4.498012065887451,130.125,975.0982666015625
1779804834.437431,Fixation,6.681845188140869,140.125,410.9029846191406
1779804834.662553,Saccade,14.743392944335938,225.125,1262.9129638671875
1779804834.762686,Fixation,6.9150710105896,100.125,512.7369995117188
1779804835.022931,Saccade,1.7893809080123901,260.251,1144.0767822265625
1779804835.113053,Fixation,17.215131759643555,90.124,405.58148193359375
1779804835.288186,Saccade,18.131881713867188,175.126,1031.7952880859375
1779804835.513431,Fixation,0.6811933517456055,225.25,410.2622375488281
1779804835.53843,Saccade,22.367908477783203,24.999,1016.6905517578125
1779804835.838686,Fixation,27.341249465942383,300.251,406.208740234375
1779804835.998808,Saccade,16.220245361328125,160.124,1205.757568359375
1779804836.128931,Fixation,16.978200912475586,130.126,368.6138000488281
1779804836.184064,Saccade,11.779279708862305,55.129,1116.177490234375
1779804836.369186,Fixation,15.340780258178711,185.121,471.7476806640625
1779804836.379186,Saccade,12.756325721740723,10.006,934.46728515625
1779804836.489308,Fixation,6.859018325805664,110.119,488.22344970703125
1779804836.549308,Saccade,30.096099853515625,60.0,1299.7911376953125
1779804836.694431,Fixation,21.539533615112305,145.125,488.561279296875
1779804836.82394,Saccade,7.168673992156982,130.125,1106.9173583984375
1779804836.994084,Fixation,17.008546829223633,170.138,408.55010986328125
1779804837.014195,Saccade,19.25163459777832,20.112,1137.6529541015625
1779804837.094195,Fixation,4.2861785888671875,80.0,412.3166198730469
1779804837.134318,Saccade,9.436847686767578,40.125,1032.198486328125
1779804837.34944,Fixation,7.667953968048096,215.125,420.20770263671875
1779804837.454573,Saccade,9.486888885498047,105.125,1018.9247436523438
1779804837.664818,Fixation,21.28036117553711,210.25,422.7663269042969
1779804837.854951,Saccade,24.662067413330078,190.13,1143.080322265625
1779804838.085195,Fixation,28.973983764648438,230.249,415.1269226074219
1779804838.105195,Saccade,19.93875503540039,19.996,1059.628662109375
1779804838.185195,Fixation,5.783131122589111,80.0,560.8779907226562
1779804838.36044,Saccade,11.273927688598633,175.25,1198.791259765625
1779804838.600573,Fixation,29.365907669067383,240.125,424.5988464355469
1779804838.615695,Saccade,18.19676971435547,15.125,1056.3551025390625
1779804838.710695,Fixation,14.161802291870117,95.0,376.60308837890625
1779804838.800817,Saccade,3.9031710624694824,90.125,1361.400390625
1779804838.92094,Fixation,15.67341136932373,120.126,368.45074462890625
1779804838.94094,Saccade,21.986953735351562,19.999,1105.799072265625
1779804839.041073,Fixation,12.091784477233887,100.125,415.31317138671875
1779804839.071073,Saccade,12.099123001098633,30.0,1158.6614990234375
1779804839.386317,Fixation,18.60848617553711,315.25,438.55450439453125
1779804839.51144,Saccade,16.557226181030273,125.126,1382.441650390625
1779804839.616573,Fixation,11.079208374023438,105.127,425.9042663574219
1779804839.636573,Saccade,12.131524085998535,19.997,1116.4951171875
1779804839.711695,Fixation,6.289447784423828,75.125,529.4970092773438
1779804839.761695,Saccade,10.26745891571045,50.004,1404.6600341796875
1779804839.922035,Fixation,16.794700622558594,160.121,499.247314453125
1779804839.987157,Saccade,7.588006496429443,65.125,1231.1534423828125
1779804840.072157,Fixation,16.052207946777344,85.0,468.1209716796875
1779804840.092157,Saccade,17.429250717163086,20.0,1000.7033081054688
1779804840.16729,Fixation,26.476713180541992,75.125,405.5730285644531
1779804840.447535,Saccade,33.64624786376953,280.25,1067.4521484375
1779804840.687791,Fixation,18.61494255065918,240.25,392.91595458984375
1779804840.70279,Saccade,22.896495819091797,15.0,1072.7449951171875
1779804840.857913,Fixation,11.366270065307617,155.125,375.08856201171875
1779804840.913035,Saccade,9.22884464263916,55.125,1078.8394775390625
1779804841.048157,Fixation,6.8043742179870605,135.125,445.03082275390625
1779804841.123157,Saccade,15.62470817565918,75.0,1300.181884765625
1779804841.288291,Fixation,10.386977195739746,165.125,441.2425842285156
1779804841.30829,Saccade,22.620922088623047,20.007,1272.5889892578125
1779804841.713657,Fixation,37.11450958251953,405.368,446.18902587890625
1779804841.863913,Saccade,3.8492653369903564,150.25,1183.785888671875
1779804841.988913,Fixation,10.376927375793457,125.0,443.3360290527344
1779804842.004035,Saccade,18.268495559692383,15.125,1075.2191162109375
1779804842.144157,Fixation,8.737154960632324,140.125,407.26824951171875
1779804842.164157,Saccade,22.062456130981445,20.0,1090.796142578125
1779804842.379291,Fixation,13.62232780456543,215.125,397.9679260253906
1779804842.504413,Saccade,16.305021286010742,125.125,1413.88623046875
1779804842.784657,Fixation,5.106685161590576,280.25,498.4327087402344
1779804842.930492,Saccade,11.192519187927246,145.125,1186.464111328125
1779804843.120736,Fixation,14.241780281066895,190.25,393.8791198730469
1779804843.145736,Saccade,25.4835262298584,25.0,1037.7666015625
1779804843.370992,Fixation,18.712993621826172,225.25,487.9856262207031
1779804843.400992,Saccade,26.07761001586914,30.0,1173.338134765625
1779804843.741236,Fixation,3.220733642578125,340.25,415.7276306152344
1779804843.76137,Saccade,17.111459732055664,20.136,965.80224609375
1779804844.036614,Fixation,6.513335227966309,275.241,433.4842224121094
1779804844.29687,Saccade,22.708053588867188,260.25,1172.877685546875
1779804844.396859,Fixation,13.102983474731445,99.998,441.1363830566406
1779804844.747236,Saccade,36.198272705078125,350.375,1222.19873046875
1779804844.872359,Fixation,12.093191146850586,125.126,321.6982116699219
1779804844.93237,Saccade,7.647964954376221,60.01,1575.111083984375
1779804845.062492,Fixation,13.696625709533691,130.118,474.3223876953125
1779804845.312747,Saccade,19.937192916870117,250.256,1152.603759765625
1779804845.44787,Fixation,22.600852966308594,135.123,430.5584411621094
1779804845.467859,Saccade,24.703433990478516,19.992,1094.223388671875
1779804845.703114,Fixation,18.876005172729492,235.251,455.4507141113281
1779804845.833045,Saccade,16.219085693359375,130.124,989.09228515625
1779804845.943167,Fixation,7.2513909339904785,110.125,483.3809814453125
1779804846.363545,Saccade,4.645624160766602,420.375,1217.43798828125
1779804846.453556,Fixation,5.007395267486572,90.008,362.5389099121094
1779804846.598678,Saccade,10.021770477294922,145.122,1403.150390625
1779804846.708801,Fixation,7.079118728637695,110.121,462.96875
1779804846.763923,Saccade,21.29054069519043,55.124,1403.381591796875
1779804846.879045,Fixation,10.044486045837402,115.126,382.78326416015625
1779804847.054167,Saccade,13.263734817504883,175.124,1312.7135009765625
1779804847.2293,Fixation,6.994577884674072,175.125,399.7753601074219
1779804847.289423,Saccade,21.362489700317383,60.126,1161.7862548828125
1779804847.534545,Fixation,20.37600326538086,245.124,389.08575439453125
1779804847.549667,Saccade,17.208215713500977,15.125,1093.8372802734375
1779804847.7198,Fixation,34.696929931640625,170.126,507.45477294921875
1779804847.7398,Saccade,18.835689544677734,19.999,1206.95654296875
1779804847.929923,Fixation,15.601248741149902,190.126,476.1788635253906
1779804848.205178,Saccade,5.8758864402771,275.253,1186.611572265625
1779804848.475423,Fixation,10.545130729675293,270.247,435.0226745605469
1779804848.535556,Saccade,1.3944523334503174,60.134,1141.7528076171875
1779804848.730667,Fixation,6.232148170471191,195.116,456.288818359375
1779804849.13546,Saccade,20.13896369934082,405.375,1115.41552734375
1779804849.360715,Fixation,10.142069816589355,225.25,398.2163391113281
1779804849.380715,Saccade,16.39527702331543,20.0,1024.594482421875
1779804849.70096,Fixation,15.848091125488281,320.25,457.82269287109375
1779804849.751093,Saccade,10.590720176696777,50.129,1159.499755859375
1779804850.006349,Fixation,8.716687202453613,255.255,420.7818298339844
1779804850.021338,Saccade,21.620983123779297,14.991,1064.3087158203125
1779804850.21646,Fixation,16.136215209960938,195.125,413.85833740234375
1779804850.261582,Saccade,11.463788032531738,45.125,1172.5316162109375
1779804850.77696,Fixation,3.246476650238037,515.375,448.1509094238281
1779804850.912093,Saccade,8.729988098144531,135.136,1207.68212890625
1779804851.22246,Fixation,27.61318588256836,310.364,469.9106140136719
1779804851.30246,Saccade,29.882064819335938,80.0,1228.8314208984375
1779804851.447582,Fixation,11.507678985595703,145.125,524.9225463867188
1779804851.472715,Saccade,23.82107162475586,25.125,1259.215576171875
1779804852.083015,Fixation,23.768123626708984,610.5,441.0276794433594
1779804852.223149,Saccade,15.902578353881836,140.132,1282.0794677734375
1779804852.463382,Fixation,8.700332641601562,240.243,474.4785461425781
1779804852.723638,Saccade,22.83257484436035,260.25,1235.955322265625
1779804852.87376,Fixation,23.87605094909668,150.125,478.7850341796875
1779804852.91876,Saccade,15.273605346679688,45.0,1446.66015625
1779804853.119015,Fixation,4.265138149261475,200.25,483.5165710449219
1779804853.134015,Saccade,4.703263282775879,15.0,1095.2508544921875
1779804853.324138,Fixation,10.588428497314453,190.127,414.14996337890625
1779804853.344138,Saccade,22.762575149536133,19.998,1085.525146484375
1779804853.46926,Fixation,11.125945091247559,125.125,428.0476989746094
1779804853.544382,Saccade,6.2451910972595215,75.125,1238.8408203125
1779804853.904771,Fixation,8.317988395690918,360.381,493.4298095703125
1779804854.034771,Saccade,6.410562992095947,129.998,1219.421142578125
1779804854.210015,Fixation,1.7446712255477905,175.246,426.6384582519531
1779804854.225015,Saccade,13.226758003234863,15.0,990.250244140625
1779804854.420138,Fixation,13.337510108947754,195.125,416.7181091308594
1779804854.56526,Saccade,20.369192123413086,145.125,1249.19677734375
1779804854.645382,Fixation,22.8465633392334,80.125,440.1108703613281
1779804854.670393,Saccade,26.7937068939209,25.007,1152.394775390625
1779804854.820515,Fixation,19.174549102783203,150.118,483.38775634765625
1779804854.895638,Saccade,3.1156632900238037,75.125,1052.751953125
1779804855.086224,Fixation,22.877124786376953,190.125,455.9811096191406
1779804855.166346,Saccade,22.937145233154297,80.125,1150.19189453125
1779804855.431602,Fixation,16.62799835205078,265.25,435.447021484375
1779804855.476602,Saccade,2.42191481590271,45.0,1372.6185302734375
1779804855.596724,Fixation,11.05517292022705,120.125,425.3707580566406
1779804855.746857,Saccade,23.315690994262695,150.135,1259.96630859375
1779804855.91698,Fixation,20.17707633972168,170.115,467.1983337402344
1779804855.977113,Saccade,12.190313339233398,60.133,1135.853759765625
1779804856.29538,Fixation,19.642118453979492,318.269,401.8430480957031
1779804856.337346,Saccade,10.059100151062012,41.973,870.5422973632812
1779804856.47748,Fixation,18.840322494506836,140.131,402.2469787597656
1779804856.492602,Saccade,16.185781478881836,15.119,891.8614501953125
1779804856.717735,Fixation,13.75411319732666,225.135,502.0684814453125
1779804856.832846,Saccade,22.824138641357422,115.115,1211.372314453125
1779804856.96798,Fixation,14.835715293884277,135.125,467.2469177246094
1779804856.98798,Saccade,20.75382423400879,20.006,1187.09716796875
1779804857.083102,Fixation,17.368419647216797,95.121,561.6118774414062
1779804857.363357,Saccade,18.435836791992188,280.258,1089.0528564453125
1779804857.768724,Fixation,8.18974781036377,405.365,468.5622253417969
1779804857.97398,Saccade,5.156826019287109,205.25,1116.146240234375
1779804858.07398,Fixation,15.204031944274902,100.0,439.8183288574219
1779804858.093749,Saccade,27.24570655822754,20.0,1104.9031982421875
1779804858.193882,Fixation,12.867938995361328,100.135,411.640869140625
1779804858.279004,Saccade,17.202213287353516,85.12,1405.828125
1779804858.464115,Fixation,19.58399772644043,185.12,423.56195068359375
1779804858.479115,Saccade,11.917011260986328,15.0,1110.932373046875
1779804858.769371,Fixation,9.511136054992676,290.25,453.07965087890625
1779804859.134748,Saccade,8.578413963317871,365.379,1223.719482421875
1779804859.434993,Fixation,24.662752151489258,300.246,379.3493957519531
1779804859.455115,Saccade,22.6663818359375,20.125,1135.03564453125
1779804859.715249,Fixation,12.293648719787598,260.125,413.2697448730469
1779804859.870493,Saccade,25.05251121520996,155.25,1228.2752685546875
1779804859.965493,Fixation,17.13743019104004,95.001,347.9901123046875
1779804860.080626,Saccade,27.023061752319336,115.125,1131.7166748046875
1779804860.300871,Fixation,23.683378219604492,220.249,501.2915344238281
1779804860.315871,Saccade,13.421292304992676,15.0,984.91259765625
1779804860.430993,Fixation,4.708785533905029,115.125,410.4195556640625
1779804860.520993,Saccade,13.296732902526855,90.001,1226.803466796875
1779804860.651115,Fixation,20.183109283447266,130.124,500.397216796875
1779804860.901371,Saccade,8.440750122070312,250.25,1059.3970947265625
1779804861.201488,Fixation,7.77150821685791,300.25,427.5093994140625
1779804861.311621,Saccade,22.05332374572754,110.125,1203.664794921875
1779804861.461743,Fixation,29.773834228515625,150.125,439.42401123046875
1779804861.486866,Saccade,20.498205184936523,25.126,867.55126953125
1779804861.606865,Fixation,5.019069671630859,119.999,474.6930236816406
1779804861.646988,Saccade,18.075098037719727,40.125,1344.5135498046875
1779804861.837121,Fixation,5.8388519287109375,190.126,507.8585205078125
1779804862.077365,Saccade,5.269228458404541,240.25,1271.91650390625
1779804862.157377,Fixation,18.901451110839844,80.007,428.7186584472656
1779804862.172499,Saccade,19.066516876220703,15.125,946.0266723632812
1779804862.272499,Fixation,22.465761184692383,99.993,470.58624267578125
1779804862.317621,Saccade,24.796430587768555,45.125,1127.063232421875
1779804862.627866,Fixation,22.297378540039062,310.25,451.1015625
1779804862.722999,Saccade,13.537639617919922,95.125,1229.791015625
1779804862.863121,Fixation,10.669392585754395,140.125,425.8526306152344
1779804863.023243,Saccade,28.032068252563477,160.125,1196.2969970703125
1779804863.233366,Fixation,17.199419021606445,210.125,473.8144226074219
1779804863.453621,Saccade,30.825345993041992,220.25,1273.8372802734375
1779804863.553754,Fixation,18.953689575195312,100.133,470.14306640625
1779804863.658865,Saccade,16.602067947387695,105.117,1046.5255126953125
1779804863.853999,Fixation,12.098895072937012,195.125,381.6686706542969
1779804864.184783,Saccade,21.975170135498047,330.25,1249.5709228515625
1779804864.304906,Fixation,5.5783820152282715,120.125,544.0980224609375
1779804864.319906,Saccade,14.794312477111816,15.0,1111.887939453125
1779804864.435039,Fixation,17.153318405151367,115.125,492.9189453125
1779804864.590161,Saccade,17.143142700195312,155.13,1298.17138671875
1779804864.685283,Fixation,6.479501724243164,95.12,454.69110107421875
1779804864.710294,Saccade,16.431413650512695,25.012,1236.4903564453125
1779804865.010661,Fixation,14.625326156616211,300.363,409.5963134765625
1779804865.025661,Saccade,12.770569801330566,15.006,1329.2357177734375
1779804865.325906,Fixation,20.836517333984375,300.244,480.11309814453125
1779804865.345906,Saccade,18.43930435180664,20.0,1103.661376953125
1779804865.45605,Fixation,22.657978057861328,110.137,523.9165649414062
1779804865.646161,Saccade,13.597480773925781,190.113,1180.168701171875
1779804865.721283,Fixation,12.119816780090332,75.125,504.27252197265625
1779804865.741283,Saccade,20.926006317138672,20.0,1081.745361328125
1779804866.792295,Fixation,12.25106430053711,1051.006,438.036865234375
1779804867.11755,Saccade,5.412956237792969,325.257,1073.714599609375
1779804867.197279,Fixation,11.541828155517578,80.112,421.2115173339844
1779804867.412412,Saccade,9.509391784667969,215.136,1158.26025390625
1779804867.557523,Fixation,11.837629318237305,145.114,414.3129577636719
1779804867.572657,Saccade,18.10505485534668,15.125,1103.0869140625
1779804867.692657,Fixation,9.599648475646973,120.003,493.4656982421875
1779804867.747779,Saccade,11.117695808410645,55.122,946.9620361328125
1779804867.837779,Fixation,11.869107246398926,90.0,487.5331726074219
1779804867.882901,Saccade,9.086376190185547,45.125,1217.672119140625
1779804868.253279,Fixation,6.107095241546631,370.375,453.4850158691406
1779804868.303279,Saccade,7.073573112487793,50.0,1021.8271484375
1779804868.508401,Fixation,3.591312885284424,205.125,445.0648193359375
1779804868.548523,Saccade,15.057340621948242,40.125,1170.1492919921875
1779804868.783657,Fixation,9.86763858795166,235.125,462.727783203125
1779804868.798779,Saccade,12.65708065032959,15.125,844.9573974609375
1779804868.898779,Fixation,16.286418914794922,100.0,463.93048095703125
1779804868.953912,Saccade,7.471047401428223,55.132,1201.732177734375
1779804869.069024,Fixation,10.976095199584961,115.118,386.2052917480469
1779804869.224157,Saccade,7.690811634063721,155.125,1104.017333984375
1779804869.624524,Fixation,20.882343292236328,400.375,457.2774658203125
1779804869.644524,Saccade,23.385772705078125,20.0,1141.3082275390625
1779804869.894779,Fixation,8.683798789978027,250.25,422.2552795410156
1779804870.069901,Saccade,22.83162498474121,175.125,1404.0885009765625
1779804870.170023,Fixation,11.54265308380127,100.125,476.373291015625
1779804870.215645,Saccade,6.719785690307617,45.0,1308.4339599609375
1779804870.345779,Fixation,20.445646286010742,130.125,387.6470947265625
1779804870.375779,Saccade,28.013322830200195,30.0,1053.1712646484375
1779804870.450901,Fixation,9.326615333557129,75.125,493.15301513671875
1779804870.465901,Saccade,13.767498970031738,15.0,976.5195922851562
1779804870.591023,Fixation,22.366474151611328,125.125,540.6069946289062
1779804870.606023,Saccade,26.32501220703125,15.0,1571.0103759765625
1779804870.951279,Fixation,17.331138610839844,345.25,420.112060546875
1779804870.976401,Saccade,27.285615921020508,25.125,1141.077880859375
1779804871.116523,Fixation,21.274412155151367,140.125,453.839599609375
1779804871.136534,Saccade,18.60487937927246,20.005,957.3038330078125
1779804871.216523,Fixation,15.480066299438477,79.995,481.8575744628906
1779804871.326645,Saccade,16.45414924621582,110.125,1001.5202026367188
1779804871.536901,Fixation,15.967381477355957,210.25,411.7197570800781
1779804871.571901,Saccade,29.254886627197266,35.003,1108.24951171875
1779804871.807145,Fixation,19.532085418701172,235.247,457.1681213378906
1779804871.857145,Saccade,11.185603141784668,50.0,1196.760009765625
1779804872.137401,Fixation,6.700713157653809,280.25,446.77093505859375
1779804872.162401,Saccade,22.16720962524414,25.001,1129.625732421875
1779804872.382645,Fixation,18.403621673583984,220.249,475.4733581542969
1779804872.402645,Saccade,17.95597267150879,20.0,1121.7633056640625
1779804872.482779,Fixation,24.873104095458984,80.127,465.0879821777344
1779804872.587779,Saccade,21.444368362426758,105.008,1150.759765625
1779804872.667901,Fixation,23.204824447631836,80.115,466.919189453125
1779804872.783034,Saccade,16.058639526367188,115.13,1316.725830078125
1779804872.998279,Fixation,8.185171127319336,215.245,426.4244689941406
1779804873.048279,Saccade,10.071523666381836,50.003,1040.266845703125
1779804873.163401,Fixation,10.79939079284668,115.122,474.391845703125
1779804873.183401,Saccade,17.368953704833984,20.001,929.0121459960938
1779804873.357718,Fixation,16.794755935668945,175.131,370.8774719238281
1779804873.372707,Saccade,12.135581970214844,14.994,887.1201782226562
1779804873.517841,Fixation,16.575923919677734,145.129,426.0141296386719
1779804873.537963,Saccade,24.008167266845703,20.121,1124.557861328125
1779804873.823207,Fixation,17.116615295410156,285.25,444.176513671875
1779804873.893207,Saccade,19.498064041137695,70.0,1095.58056640625
1779804874.133463,Fixation,16.8227596282959,240.249,414.6004638671875
1779804874.153463,Saccade,22.287412643432617,20.009,1036.928466796875
1779804874.268585,Fixation,8.097790718078613,115.117,460.411865234375
1779804874.283585,Saccade,14.303421974182129,15.0,950.8875122070312
1779804874.368707,Fixation,15.832990646362305,85.125,353.08099365234375
1779804874.503829,Saccade,8.272589683532715,135.125,1169.3837890625
1779804874.889207,Fixation,9.567995071411133,385.375,422.1989440917969
1779804874.909207,Saccade,22.7271728515625,20.0,1225.4886474609375
1779804875.084329,Fixation,23.811315536499023,175.125,390.0759582519531
1779804875.104341,Saccade,15.915952682495117,20.007,921.6337890625
1779804875.199463,Fixation,16.34992790222168,95.118,444.9507141113281
1779804875.249463,Saccade,9.835627555847168,50.0,1411.907958984375
1779804875.549707,Fixation,12.264226913452148,300.25,410.2008361816406
1779804875.564829,Saccade,14.984807968139648,15.125,1121.4761962890625
1779804875.64483,Fixation,19.690387725830078,80.0,423.1993103027344
1779804875.674829,Saccade,20.37026596069336,30.0,1085.3953857421875
1779804875.809963,Fixation,28.808847427368164,135.125,462.7871398925781
1779804875.930085,Saccade,23.060230255126953,120.125,1314.062255859375
1779804876.085207,Fixation,17.01838493347168,155.125,530.6659545898438
1779804876.10533,Saccade,23.956218719482422,20.125,966.4187622070312
1779804876.360673,Fixation,30.152023315429688,255.126,478.519287109375
1779804876.380795,Saccade,19.264972686767578,20.124,934.963623046875
1779804876.525918,Fixation,18.25984764099121,145.125,461.22412109375
1779804876.545918,Saccade,14.676328659057617,20.0,952.2284545898438
1779804876.71104,Fixation,12.336980819702148,165.125,442.9324035644531
1779804876.721051,Saccade,12.411260604858398,10.006,826.8673095703125
1779804876.851173,Fixation,8.935773849487305,130.119,385.584228515625
1779804876.866173,Saccade,9.047000885009766,15.0,995.0943603515625
1779804876.951295,Fixation,8.571263313293457,85.129,481.3555908203125
1779804876.996295,Saccade,25.335338592529297,44.996,1162.7232666015625
1779804877.086417,Fixation,18.603694915771484,90.125,491.3985290527344
1779804877.106417,Saccade,17.738441467285156,20.0,1065.427734375
1779804877.18654,Fixation,14.543525695800781,80.125,403.8033752441406
1779804877.23154,Saccade,6.852677345275879,45.0,1092.33349609375
1779804877.381673,Fixation,19.410396575927734,150.125,403.3580322265625
1779804877.411673,Saccade,33.97452926635742,30.0,1195.7083740234375
1779804877.601918,Fixation,13.999610900878906,190.25,443.7861022949219
1779804877.686918,Saccade,17.195650100708008,85.0,1051.435791015625
1779804877.83204,Fixation,25.60306167602539,145.125,354.52435302734375
1779804877.85204,Saccade,20.0828914642334,20.0,1032.8104248046875
1779804877.957173,Fixation,10.313552856445312,105.125,395.3704833984375
1779804878.007295,Saccade,9.895052909851074,50.125,1084.8856201171875
1779804878.142417,Fixation,20.3709716796875,135.125,445.14410400390625
1779804878.187418,Saccade,2.9788663387298584,45.0,1391.235107421875
1779804878.292562,Fixation,11.274127960205078,105.138,472.6363525390625
1779804878.31254,Saccade,31.41926383972168,19.987,1218.4405517578125
1779804878.407673,Fixation,15.3402099609375,95.125,456.9837646484375
1779804878.652795,Saccade,19.539751052856445,245.125,1172.5101318359375
1779804878.91304,Fixation,8.254022598266602,260.25,363.37677001953125
1779804878.92804,Saccade,10.278521537780762,15.0,1089.901611328125
1779804879.113295,Fixation,10.982477188110352,185.25,380.18988037109375
1779804879.258743,Saccade,13.019827842712402,145.125,1044.614013671875
1779804879.433865,Fixation,20.86787986755371,175.125,335.0475158691406
1779804879.458865,Saccade,25.791296005249023,25.0,1218.09619140625
1779804879.553998,Fixation,5.940920829772949,95.125,391.5475769042969
1779804879.608998,Saccade,14.30212688446045,55.0,1278.1287841796875
1779804879.794254,Fixation,22.11699676513672,185.254,405.3993225097656
1779804879.879243,Saccade,14.259824752807617,84.996,1014.507080078125
1779804880.354743,Fixation,12.549032211303711,475.5,458.45684814453125
1779804880.384743,Saccade,13.994824409484863,30.0,1179.9732666015625
1779804880.694998,Fixation,15.391707420349121,310.25,429.45111083984375
1779804881.035376,Saccade,31.655996322631836,340.376,1242.629150390625
1779804881.120498,Fixation,18.822559356689453,85.124,459.2743225097656
1779804881.145498,Saccade,24.895732879638672,25.001,1332.5987548828125
1779804881.250621,Fixation,29.097997665405273,105.124,471.8753356933594
1779804881.330621,Saccade,19.857345581054688,80.0,1265.9088134765625
1779804881.440743,Fixation,20.36662483215332,110.125,349.9393310546875
1779804881.460743,Saccade,33.20317459106445,20.0,1272.7557373046875
1779804881.675998,Fixation,23.228168487548828,215.25,419.23883056640625
1779804881.725998,Saccade,15.439299583435059,50.0,1317.9124755859375
1779804881.931243,Fixation,25.677051544189453,205.25,463.8863525390625
1779804881.951243,Saccade,20.8338565826416,20.0,1170.4100341796875
1779804882.121365,Fixation,2.905027151107788,170.125,368.77392578125
1779804882.251498,Saccade,18.448152542114258,130.125,1123.17236328125
1779804882.666921,Fixation,15.649861335754395,415.375,465.6599426269531
1779804882.726921,Saccade,5.643562316894531,60.0,1034.1309814453125
1779804882.827055,Fixation,2.534921646118164,100.125,387.9740295410156
1779804882.877188,Saccade,2.839125633239746,50.135,1047.0633544921875
1779804883.302555,Fixation,18.921142578125,425.365,443.2228088378906
1779804883.327554,Saccade,7.046307563781738,25.0,1292.21240234375
1779804883.462677,Fixation,2.20080304145813,135.125,442.78717041015625
1779804883.482677,Saccade,22.679601669311523,20.0,1171.2734375
1779804883.587799,Fixation,12.114727020263672,105.125,434.7341003417969
1779804883.672799,Saccade,15.297537803649902,85.0,1133.8583984375
1779804884.013177,Fixation,10.196892738342285,340.375,385.070556640625
1779804884.058177,Saccade,5.045582294464111,45.005,1177.8829345703125
1779804884.353421,Fixation,7.8781633377075195,295.245,421.51348876953125
1779804884.403554,Saccade,10.013846397399902,50.125,1197.8336181640625
1779804884.643799,Fixation,13.428217887878418,240.25,492.6053466796875
1779804884.838921,Saccade,4.750604629516602,195.125,1215.7064208984375
1779804885.039177,Fixation,14.394571304321289,200.251,466.2029724121094
1779804885.069177,Saccade,24.698368072509766,29.999,1054.5030517578125
1779804885.408933,Fixation,27.104984283447266,340.25,413.03277587890625
1779804885.544067,Saccade,11.459753036499023,135.125,1177.0335693359375
1779804885.629189,Fixation,16.812454223632812,85.125,470.9476013183594
1779804885.724311,Saccade,8.940032958984375,95.125,1128.2808837890625
1779804886.019567,Fixation,16.86734390258789,295.251,403.2424011230469
1779804886.339822,Saccade,11.059326171875,320.253,1147.7100830078125
1779804886.484945,Fixation,23.14928436279297,145.122,366.5489196777344
1779804886.550067,Saccade,27.111713409423828,65.124,1080.6639404296875
1779804886.765189,Fixation,16.217880249023438,215.125,392.7334899902344
1779804886.940434,Saccade,33.559898376464844,175.25,1183.7152099609375
1779804887.085567,Fixation,16.401517868041992,145.125,399.5229187011719
1779804887.205689,Saccade,8.356954574584961,120.126,1028.2918701171875
1779804887.510933,Fixation,5.960229396820068,305.249,440.6820068359375
1779804888.126445,Saccade,2.8748393058776855,615.501,1126.6961669921875
1779804888.527175,Fixation,6.9003496170043945,400.375,427.93731689453125
1779804888.597308,Saccade,11.086843490600586,70.125,1309.87890625
1779804889.212808,Fixation,27.03803825378418,615.5,379.1379699707031
1779804889.378053,Saccade,9.708139419555664,165.25,1266.1783447265625
1779804889.628186,Fixation,15.434874534606934,250.132,440.6673583984375
1779804889.643308,Saccade,17.72789192199707,15.118,1001.9697265625
1779804889.78843,Fixation,6.355179309844971,145.129,424.05145263671875
1779804889.923553,Saccade,9.882657051086426,135.125,1317.918212890625
1779804890.078675,Fixation,16.062650680541992,155.121,355.66015625
1779804890.128675,Saccade,6.917076587677002,50.0,1201.256103515625
1779804890.218808,Fixation,20.8575382232666,90.126,445.65850830078125
1779804890.238808,Saccade,18.193796157836914,19.999,1123.671630859375
1779804890.428931,Fixation,12.101775169372559,190.125,421.3457336425781
1779804890.624175,Saccade,2.33894419670105,195.25,1266.83740234375
1779804890.799308,Fixation,6.704074859619141,175.125,392.9095458984375
1779804890.824308,Saccade,10.569604873657227,25.0,1041.4140625
1779804890.899431,Fixation,2.576279640197754,75.125,441.7441101074219
1779804890.914431,Saccade,19.13823890686035,15.0,1214.1220703125
1779804891.104564,Fixation,25.67314338684082,190.135,376.97125244140625
1779804891.134675,Saccade,22.66002655029297,30.115,1144.76708984375
1779804891.234675,Fixation,26.522403717041016,100.0,498.82061767578125
1779804891.289808,Saccade,12.626702308654785,55.127,1044.723876953125
1779804891.454475,Fixation,16.066165924072266,165.123,482.18927001953125
1779804891.584597,Saccade,4.868982791900635,130.125,1186.41162109375
1779804891.864853,Fixation,18.14771842956543,280.25,467.67742919921875
1779804891.884853,Saccade,12.515390396118164,20.0,1055.3760986328125
1779804892.014975,Fixation,15.243515014648438,130.125,424.9637756347656
1779804892.024975,Saccade,20.922306060791016,10.0,1157.823974609375
1779804892.165097,Fixation,24.274812698364258,140.125,451.0664978027344
1779804892.190097,Saccade,30.078125,25.0,1269.8076171875
1779804892.370353,Fixation,21.29170036315918,180.25,383.0133056640625
1779804892.505475,Saccade,26.94679832458496,135.125,1256.1368408203125
1779804892.730597,Fixation,9.451334953308105,225.126,418.0176696777344
1779804892.785731,Saccade,17.487390518188477,55.133,1234.774169921875
1779804892.920853,Fixation,13.402144432067871,135.116,379.9388427734375
1779804893.085975,Saccade,10.97741985321045,165.125,1103.23486328125
1779804893.246097,Fixation,2.078841209411621,160.125,393.8070068359375
1779804893.261097,Saccade,13.66071605682373,15.0,928.9459228515625
1779804893.37622,Fixation,7.777108669281006,115.125,437.8166198730469
1779804893.391219,Saccade,16.08151626586914,15.0,1033.056884765625
1779804893.671475,Fixation,11.983987808227539,280.254,491.6094665527344
1779804893.706597,Saccade,12.656569480895996,35.121,1054.1319580078125
1779804893.961719,Fixation,28.584819793701172,255.125,437.1505126953125
1779804893.981853,Saccade,26.73272132873535,20.125,1250.455810546875
1779804894.231975,Fixation,21.398805618286133,250.125,371.7458190917969
1779804894.252097,Saccade,20.985641479492188,20.125,1140.13916015625
1779804894.417219,Fixation,17.431743621826172,165.125,435.1711730957031
1779804894.538197,Saccade,6.794412136077881,120.125,1082.863037109375
1779804894.788441,Fixation,28.526830673217773,250.254,455.2330322265625
1779804894.828441,Saccade,21.182025909423828,39.996,1231.9378662109375
1779804894.938563,Fixation,12.348313331604004,110.125,406.7027587890625
1779804895.043563,Saccade,12.94891357421875,105.0,1665.75927734375
1779804895.238819,Fixation,1.2108986377716064,195.25,418.91925048828125
1779804895.328941,Saccade,20.217580795288086,90.125,1391.7635498046875
1779804895.539063,Fixation,16.800512313842773,210.125,468.18359375
1779804895.594197,Saccade,7.299798488616943,55.127,1378.8338623046875
1779804896.26483,Fixation,14.802970886230469,670.636,430.2941589355469
1779804896.284819,Saccade,19.58098793029785,19.987,1134.080078125
1779804896.424941,Fixation,18.467214584350586,140.125,495.3909912109375
1779804896.474941,Saccade,8.82332706451416,50.0,1116.7083740234375
1779804897.000452,Fixation,8.419677734375,525.508,425.67706298828125
1779804897.020452,Saccade,22.35265350341797,20.001,1039.210693359375
1779804897.275697,Fixation,15.976466178894043,255.247,435.0768127441406
1779804897.305696,Saccade,27.684709548950195,29.994,1270.014892578125
1779804897.700858,Fixation,29.713626861572266,395.375,425.9549255371094
1779804897.785992,Saccade,22.042898178100586,85.125,1152.0146484375
1779804898.291358,Fixation,8.588910102844238,505.375,477.3015441894531
1779804898.431492,Saccade,15.921205520629883,140.134,1332.319580078125
1779804898.546614,Fixation,8.852837562561035,115.116,390.78521728515625
1779804898.691736,Saccade,5.046417236328125,145.125,1200.1513671875
1779804898.941992,Fixation,10.667033195495605,250.25,444.76715087890625
1779804899.017114,Saccade,14.70683765411377,75.125,1208.113037109375
1779804899.122236,Fixation,1.403045892715454,105.125,489.64013671875
1779804899.142236,Saccade,20.50667953491211,20.005,1070.9022216796875
1779804899.387492,Fixation,9.895966529846191,245.251,449.86529541015625
1779804899.542614,Saccade,16.16131591796875,155.119,1177.3909912109375
1779804899.662736,Fixation,18.0299129486084,120.125,378.7389831542969
1779804899.682736,Saccade,18.409330368041992,20.0,1059.8394775390625
1779804900.078114,Fixation,7.642672538757324,395.381,464.5863342285156
1779804900.133114,Saccade,3.3509411811828613,54.994,1062.5780029296875
1779804900.308236,Fixation,20.012313842773438,175.126,469.6505126953125
1779804900.373358,Saccade,8.705341339111328,65.125,1178.94970703125
1779804900.458358,Fixation,25.592350006103516,85.0,438.5568542480469
1779804900.478492,Saccade,19.18740463256836,20.124,1014.3438110351562
1779804900.738952,Fixation,13.174148559570312,260.251,381.0202941894531
1779804900.793963,Saccade,7.330301761627197,55.007,1109.689453125
1779804900.939074,Fixation,13.762869834899902,145.119,424.79669189453125
1779804900.999074,Saccade,20.870267868041992,59.999,1091.9610595703125
1779804901.17433,Fixation,23.002140045166016,175.249,363.96575927734375
1779804901.26433,Saccade,19.44835662841797,90.001,1027.6024169921875
1779804901.359452,Fixation,20.738367080688477,95.125,422.10076904296875
1779804901.374452,Saccade,16.386173248291016,15.0,1037.3575439453125
1779804901.634707,Fixation,7.737424373626709,260.25,424.8021545410156
1779804901.68483,Saccade,16.798648834228516,50.125,1229.5615234375
1779804901.78483,Fixation,23.49240493774414,100.0,399.0572204589844
1779804901.975074,Saccade,2.6947927474975586,190.25,1347.5828857421875
1779804902.055074,Fixation,12.8742036819458,80.0,408.1489562988281
1779804902.085207,Saccade,23.589567184448242,30.125,1151.41259765625
1779804902.205207,Fixation,14.738292694091797,120.0,517.5735473632812
1779804902.225208,Saccade,19.8612003326416,20.008,1051.429443359375
1779804902.410452,Fixation,6.6220383644104,185.246,386.3008728027344
1779804902.600574,Saccade,21.249298095703125,190.121,1213.7384033203125
1779804902.885841,Fixation,9.310990333557129,285.261,413.3777160644531
1779804902.900952,Saccade,17.996097564697266,15.114,1187.16845703125
1779804902.980963,Fixation,12.538064002990723,80.006,437.3963623046875
1779804903.116074,Saccade,4.9560866355896,135.119,1334.8890380859375
1779804903.241207,Fixation,33.36906433105469,125.125,349.2306213378906
1779804903.451452,Saccade,10.847912788391113,210.252,1381.2606201171875
1779804903.666555,Fixation,17.002613067626953,215.123,435.334716796875
1779804903.691566,Saccade,26.17856788635254,25.007,1150.397216796875
1779804903.871811,Fixation,15.088799476623535,180.243,410.1269226074219
1779804903.896811,Saccade,9.5477294921875,25.0,1200.652587890625
1779804903.981933,Fixation,12.30674934387207,85.125,493.9132080078125
1779804903.996933,Saccade,14.319891929626465,15.0,965.1040649414062
1779804904.081933,Fixation,2.7117741107940674,85.0,470.5356140136719
1779804904.492311,Saccade,2.729548692703247,410.375,1152.903564453125
1779804904.597433,Fixation,15.138604164123535,105.129,445.6038818359375
1779804904.632433,Saccade,27.068553924560547,34.996,1398.705322265625
1779804904.902699,Fixation,40.203712463378906,270.261,410.60589599609375
1779804905.077944,Saccade,10.356595993041992,175.246,1168.6585693359375
1779804905.313055,Fixation,30.361528396606445,235.118,461.037353515625
1779804905.468188,Saccade,14.913924217224121,155.129,1085.3240966796875
1779804905.698433,Fixation,8.475661277770996,230.246,395.4720458984375
1779804905.863555,Saccade,11.919709205627441,165.125,1306.3265380859375
1779804905.993688,Fixation,27.959896087646484,130.125,406.71563720703125
1779804906.153822,Saccade,29.141237258911133,160.134,1281.3963623046875
1779804906.334055,Fixation,10.472652435302734,180.241,517.208740234375
1779804906.60421,Saccade,10.156364440917969,270.261,1156.7198486328125
1779804906.744321,Fixation,13.832062721252441,140.114,399.3691101074219
1779804906.779321,Saccade,15.533060073852539,35.0,1364.1129150390625
1779804906.879443,Fixation,10.232264518737793,100.125,504.880615234375
1779804906.904443,Saccade,3.98647141456604,25.0,1061.349609375
1779804907.029577,Fixation,14.071166038513184,125.125,538.3175659179688
1779804907.074577,Saccade,9.095817565917969,45.005,1604.38330078125
1779804907.184699,Fixation,16.159425735473633,110.12,459.8875732421875
1779804907.204699,Saccade,24.40839195251465,20.0,1097.3858642578125
1779804907.294821,Fixation,31.15561866760254,90.125,479.0259094238281
1779804907.464943,Saccade,24.404550552368164,170.125,1348.875732421875
1779804907.600077,Fixation,8.643174171447754,135.133,396.9014892578125
1779804907.655199,Saccade,5.797872543334961,55.117,1429.63330078125
1779804908.160577,Fixation,8.706107139587402,505.375,458.5887451171875
1779804908.215699,Saccade,22.246862411499023,55.125,1245.1708984375
1779804908.636076,Fixation,10.844345092773438,420.375,419.704833984375
1779804908.726199,Saccade,14.4993314743042,90.125,1043.44482421875
1779804908.921321,Fixation,17.134170532226562,195.125,439.38226318359375
1779804908.941321,Saccade,23.942886352539062,20.0,1130.7874755859375
1779804909.251577,Fixation,15.174277305603027,310.256,420.9393615722656
1779804909.456821,Saccade,8.72586727142334,205.244,1131.4835205078125
1779804909.656954,Fixation,15.810301780700684,200.128,425.7411193847656
1779804909.766308,Saccade,7.35375452041626,110.122,1140.1265869140625
1779804909.941552,Fixation,22.567861557006836,175.25,449.5432434082031
1779804909.961552,Saccade,21.305227279663086,20.0,1103.2938232421875
1779804910.066563,Fixation,18.005231857299805,105.012,494.3730163574219
1779804910.141696,Saccade,16.21285057067871,75.127,1031.298583984375
1779804910.281808,Fixation,13.912300109863281,140.111,409.1549377441406
1779804910.39193,Saccade,21.612987518310547,110.125,1379.575439453125
1779804910.807308,Fixation,5.679954528808594,415.375,403.2200927734375
1779804910.91743,Saccade,11.192107200622559,110.125,1100.3450927734375
1779804911.132552,Fixation,17.06560516357422,215.125,428.0081787109375
1779804911.237685,Saccade,22.64938735961914,105.131,1077.295166015625
1779804911.342808,Fixation,9.473655700683594,105.119,521.3482055664062
1779804911.42793,Saccade,17.39896011352539,85.125,959.0250244140625
1779804911.663052,Fixation,10.421219825744629,235.125,453.80902099609375
1779804911.788197,Saccade,12.790916442871094,125.14,1284.9188232421875
1779804911.878308,Fixation,18.724096298217773,90.119,484.76763916015625
1779804911.96843,Saccade,26.5517635345459,90.116,1149.3665771484375
1779804912.07843,Fixation,3.302825450897217,110.004,500.06707763671875
1779804912.098552,Saccade,17.734405517578125,20.121,1315.5546875
1779804912.363685,Fixation,4.910623550415039,265.137,440.2559509277344
1779804912.68971,Saccade,14.861132621765137,325.363,1073.72607421875
1779804912.779832,Fixation,20.09442710876465,90.125,494.9478454589844
1779804912.794832,Saccade,21.186540603637695,15.0,1153.590576171875
1779804912.889832,Fixation,12.649691581726074,95.0,407.09686279296875
1779804912.904832,Saccade,14.144490242004395,15.0,1088.9381103515625
1779804913.044965,Fixation,11.975342750549316,140.125,454.708251953125
1779804913.065088,Saccade,24.404821395874023,20.125,1084.2669677734375
1779804913.23521,Fixation,28.760955810546875,170.125,456.8834228515625
1779804913.25521,Saccade,24.110044479370117,20.001,1192.1553955078125
1779804913.330332,Fixation,7.789518356323242,75.124,461.1290283203125
1779804913.445332,Saccade,6.8668413162231445,115.001,1481.312744140625
1779804913.530465,Fixation,13.193342208862305,85.124,439.54156494140625
1779804913.550465,Saccade,18.159931182861328,20.0,1036.650390625
1779804913.680588,Fixation,3.0205776691436768,130.126,464.34625244140625
1779804914.37621,Saccade,7.035369396209717,695.625,1147.9393310546875
1779804914.661465,Fixation,6.3125433921813965,285.25,417.96295166015625
1779804914.706588,Saccade,8.95207691192627,45.124,1111.517333984375
1779804914.801587,Fixation,26.330312728881836,95.007,473.1104736328125
1779804914.961832,Saccade,15.873136520385742,160.243,1058.9825439453125
1779804915.076965,Fixation,11.11219596862793,115.126,432.7816162109375
1779804915.227087,Saccade,7.085164546966553,150.124,1190.0321044921875
1779804915.40221,Fixation,23.647005081176758,175.126,421.34375
1779804915.422232,Saccade,52.21664047241211,20.016,1604.1009521484375
1779804915.652465,Fixation,26.7313175201416,230.234,487.24603271484375
1779804915.672465,Saccade,11.628875732421875,20.0,1072.030517578125
1779804915.777297,Fixation,11.345687866210938,105.128,481.4083251953125
1779804915.877297,Saccade,16.623455047607422,99.997,1129.9833984375
1779804916.212674,Fixation,30.86785125732422,335.375,414.651611328125
1779804916.382797,Saccade,9.861445426940918,170.125,1215.190185546875
1779804916.532919,Fixation,19.044443130493164,150.125,398.715576171875
1779804916.648041,Saccade,11.582374572753906,115.125,1078.9495849609375
1779804916.823174,Fixation,4.585921764373779,175.125,493.2684326171875
1779804917.023419,Saccade,16.4998836517334,200.25,1282.68701171875
1779804917.253674,Fixation,16.15568733215332,230.25,499.0016784667969
1779804917.383797,Saccade,21.758338928222656,130.125,1066.7156982421875
1779804917.473808,Fixation,17.044654846191406,90.008,482.5342102050781
1779804917.58393,Saccade,12.664399147033691,110.126,1188.6236572265625
1779804917.801763,Fixation,6.9081711769104,217.831,379.8279113769531
1779804917.944297,Saccade,12.349441528320312,142.535,1172.7274169921875
1779804918.039297,Fixation,6.959575176239014,95.0,318.6403503417969
1779804918.099419,Saccade,4.543221950531006,60.125,1088.0455322265625
1779804918.179419,Fixation,34.002769470214844,80.0,496.97833251953125
1779804918.199541,Saccade,18.285842895507812,20.125,918.2418823242188
1779804918.364674,Fixation,24.732685089111328,165.125,432.980224609375
1779804918.469797,Saccade,26.458398818969727,105.126,1076.4908447265625
1779804918.569797,Fixation,16.27818489074707,99.999,458.8134460449219
1779804918.73007,Saccade,22.283370971679688,160.125,1181.500244140625
1779804918.930326,Fixation,25.329879760742188,200.25,440.3993225097656
1779804918.960326,Saccade,26.997671127319336,30.002,996.3538208007812
1779804919.070448,Fixation,26.724992752075195,110.123,471.7320861816406
1779804919.330693,Saccade,4.827437400817871,260.25,1152.907958984375
1779804919.650948,Fixation,3.576118230819702,320.25,407.816650390625
1779804919.665948,Saccade,20.249113082885742,15.0,1071.3990478515625
1779804919.836204,Fixation,9.112970352172852,170.258,404.61981201171875
1779804919.941192,Saccade,27.246610641479492,104.992,1239.283935546875
1779804920.066326,Fixation,8.02646541595459,125.125,384.9646911621094
1779804920.101448,Saccade,30.998126983642578,35.125,1086.9869384765625
1779804920.206448,Fixation,9.65206527709961,105.0,391.9572448730469
1779804920.25657,Saccade,15.010573387145996,50.125,1173.076904296875
1779804920.34157,Fixation,16.64681625366211,85.0,467.186767578125
1779804920.356692,Saccade,24.5460147857666,15.125,1196.381591796875
1779804920.436703,Fixation,10.487988471984863,80.004,452.8086242675781
1779804920.466703,Saccade,18.914989471435547,29.997,1173.080810546875
1779804920.87707,Fixation,9.13343620300293,410.374,443.3385925292969
1779804920.927192,Saccade,14.481261253356934,50.125,1291.5692138671875
1779804921.012192,Fixation,17.832347869873047,85.0,408.4744873046875
1779804921.117326,Saccade,17.32012367248535,105.125,1313.09326171875
1779804921.247448,Fixation,24.469318389892578,130.125,558.9835205078125
1779804921.437692,Saccade,19.384498596191406,190.25,1153.9896240234375
1779804921.517692,Fixation,11.757946014404297,80.0,380.5765686035156
1779804921.587826,Saccade,9.502646446228027,70.134,1131.995361328125
1779804921.767749,Fixation,11.266997337341309,180.116,459.3830261230469
1779804921.812749,Saccade,4.909132480621338,45.0,1259.456298828125
1779804921.892872,Fixation,10.20847225189209,80.125,299.11907958984375
1779804921.912872,Saccade,20.19476890563965,20.0,1144.06591796875
1779804921.987994,Fixation,11.998427391052246,75.125,343.099609375
1779804922.017994,Saccade,27.74477767944336,30.0,1369.033447265625
1779804922.198127,Fixation,16.83051300048828,180.125,469.3088684082031
1779804922.218127,Saccade,21.68407440185547,20.002,1169.6595458984375
1779804922.383249,Fixation,4.000316619873047,165.123,474.9919128417969
1779804922.503371,Saccade,9.293357849121094,120.125,1229.8822021484375
1779804922.648494,Fixation,12.338114738464355,145.125,472.8388671875
1779804922.723627,Saccade,1.8947649002075195,75.125,1321.458984375
1779804922.833749,Fixation,5.41306209564209,110.125,473.6463928222656
1779804922.858749,Saccade,22.39259147644043,25.0,1061.3759765625
1779804922.983872,Fixation,29.26457977294922,125.125,460.8598327636719
1779804923.053872,Saccade,15.646590232849121,70.0,1122.31787109375
1779804923.163994,Fixation,8.783812522888184,110.125,460.110595703125
1779804923.279138,Saccade,14.554837226867676,115.135,1069.7655029296875
1779804923.519372,Fixation,21.056888580322266,240.24,488.7366027832031
1779804923.544383,Saccade,23.1203670501709,25.008,1021.09765625
1779804923.654494,Fixation,18.06087303161621,110.117,473.6355895996094
1779804923.829627,Saccade,30.29242706298828,175.125,1260.623046875
1779804923.949749,Fixation,27.378114700317383,120.125,456.2510070800781
1779804923.969749,Saccade,25.40070152282715,20.0,1117.9417724609375
1779804924.054872,Fixation,31.99114227294922,85.125,489.0651550292969
1779804924.079872,Saccade,23.63102912902832,25.0,1095.2061767578125
1779804924.310127,Fixation,17.836761474609375,230.25,450.2276916503906
1779804924.325127,Saccade,14.268205642700195,15.0,1068.4501953125
1779804924.430249,Fixation,20.926010131835938,105.125,503.31640625
1779804924.610372,Saccade,10.912026405334473,180.125,1155.8631591796875
1779804924.710494,Fixation,26.986555099487305,100.125,497.1419982910156
1779804924.826194,Saccade,12.218300819396973,115.125,1441.49951171875
1779804924.991316,Fixation,14.341495513916016,165.125,413.3918151855469
1779804925.146449,Saccade,13.719690322875977,155.134,1188.4571533203125
1779804925.671938,Fixation,25.85750961303711,525.491,418.0667419433594
1779804925.686938,Saccade,17.467214584350586,15.0,1179.679443359375
1779804925.922194,Fixation,14.32674789428711,235.25,453.0108337402344
1779804925.942194,Saccade,21.321189880371094,20.006,1074.775146484375
1779804926.167316,Fixation,6.292408466339111,225.119,417.1709899902344
1779804926.412572,Saccade,30.28313446044922,245.251,1284.4437255859375
1779804926.612816,Fixation,9.866076469421387,200.249,491.3448486328125
1779804926.677816,Saccade,4.223429203033447,65.0,1315.3209228515625
1779804926.822938,Fixation,3.1689202785491943,145.125,422.8704528808594
1779804927.093194,Saccade,17.064464569091797,270.25,1197.798095703125
1779804927.218316,Fixation,32.49067306518555,125.125,530.5628051757812
1779804927.238316,Saccade,12.786380767822266,20.0,1120.4241943359375
1779804927.338438,Fixation,19.29700469970703,100.125,514.4129028320312
1779804927.48856,Saccade,20.361995697021484,150.125,1299.37255859375
1779804927.588694,Fixation,23.023221969604492,100.125,463.7873229980469
1779804927.688816,Saccade,16.91800880432129,100.125,1322.8558349609375
1779804927.843938,Fixation,23.283517837524414,155.125,441.4617614746094
1779804928.008398,Saccade,20.70440673828125,165.131,1279.85498046875
1779804928.15352,Fixation,9.483327865600586,145.12,473.2518310546875
1779804928.18352,Saccade,27.15972328186035,30.0,1232.6514892578125
1779804928.759142,Fixation,22.109224319458008,575.625,444.3100891113281
1779804928.784142,Saccade,20.68271255493164,25.0,933.4014282226562
1779804929.049398,Fixation,17.31610679626465,265.25,507.6611022949219
1779804929.069398,Saccade,25.689266204833984,20.0,1142.0289306640625
1779804929.304642,Fixation,16.479890823364258,235.25,424.6016845703125
1779804929.484765,Saccade,13.157355308532715,180.125,1180.656494140625
1779804929.80502,Fixation,11.569275856018066,320.25,434.3892822265625
1779804929.840142,Saccade,24.7744197845459,35.127,1142.9892578125
1779804929.985265,Fixation,9.181431770324707,145.123,436.8897399902344
1779804930.130398,Saccade,18.63083839416504,145.125,1214.6748046875
1779804930.465642,Fixation,12.744030952453613,335.25,417.5479431152344
1779804930.505764,Saccade,15.347047805786133,40.125,1216.8258056640625
1779804930.720898,Fixation,18.949228286743164,215.125,385.3211975097656
1779804930.770898,Saccade,16.881549835205078,50.0,1210.2542724609375
1779804930.941871,Fixation,7.175374984741211,170.25,441.7826843261719
1779804931.036871,Saccade,17.3817195892334,95.002,1252.2532958984375
1779804931.212126,Fixation,15.99445915222168,175.248,446.7102966308594
1779804931.232126,Saccade,11.604246139526367,20.0,1001.5571899414062
1779804931.33726,Fixation,7.237017631530762,105.134,386.83160400390625
1779804931.387249,Saccade,25.926755905151367,49.991,1380.176513671875
1779804931.617504,Fixation,30.914901733398438,230.257,430.474853515625
1779804932.047871,Saccade,9.68510627746582,430.368,1142.61962890625
1779804932.197993,Fixation,10.325203895568848,150.125,452.75433349609375
1779804932.262993,Saccade,14.874504089355469,65.0,1034.71533203125
1779804932.408248,Fixation,12.906854629516602,145.25,489.0367126464844
1779804932.623371,Saccade,4.494710922241211,215.125,1158.7562255859375
1779804932.778504,Fixation,11.640177726745605,155.131,440.552978515625
1779804932.808626,Saccade,5.416221618652344,30.119,1047.98486328125
1779804932.908626,Fixation,3.5982742309570312,100.0,580.8855590820312
1779804932.923626,Saccade,11.990093231201172,15.0,1130.861572265625
1779804933.113871,Fixation,1.4611388444900513,190.25,400.6651611328125
1779804933.354126,Saccade,22.50653076171875,240.255,1189.2291259765625
1779804933.709382,Fixation,4.844100475311279,355.253,442.2624816894531
1779804933.799493,Saccade,14.871532440185547,90.117,1346.7010498046875
1779804933.913968,Fixation,23.300189971923828,115.125,455.12005615234375
1779804934.05409,Saccade,14.358206748962402,140.125,1343.562744140625
1779804934.12909,Fixation,23.3634090423584,75.003,526.8172607421875
1779804934.14909,Saccade,23.941625595092773,19.997,1224.4163818359375
1779804934.294212,Fixation,5.531539440155029,145.125,365.765869140625
1779804934.319334,Saccade,16.350669860839844,25.125,1164.2276611328125
1779804934.444468,Fixation,13.39016056060791,125.125,537.8848876953125
1779804934.474468,Saccade,15.43300724029541,30.0,1042.560791015625
1779804934.62459,Fixation,5.4010009765625,150.125,404.3865661621094
1779804934.754712,Saccade,30.210397720336914,130.125,1222.4913330078125
1779804934.904834,Fixation,17.686504364013672,150.125,458.1783447265625
1779804934.934845,Saccade,20.73528289794922,30.005,1236.081298828125
1779804935.12009,Fixation,13.208697319030762,185.245,489.3498229980469
1779804935.14509,Saccade,13.050146102905273,25.004,944.5095825195312
1779804935.270212,Fixation,11.858041763305664,125.121,396.43255615234375
1779804935.445345,Saccade,15.01665210723877,175.134,1375.140625
1779804935.72559,Fixation,19.479196548461914,280.241,445.9332580566406
1779804935.965834,Saccade,15.795454978942871,240.25,1148.994873046875
1779804936.25109,Fixation,6.835747718811035,285.25,434.2503356933594
1779804936.26609,Saccade,14.619414329528809,15.002,970.6389770507812
1779804936.501334,Fixation,5.780381202697754,235.248,476.1824645996094
1779804936.516334,Saccade,18.604154586791992,15.001,1165.49267578125
1779804936.636467,Fixation,5.636362552642822,120.126,369.3792724609375
1779804936.656467,Saccade,18.7701416015625,19.999,1231.5509033203125
1779804936.78159,Fixation,15.658830642700195,125.124,451.0308532714844
1779804936.871507,Saccade,9.068387031555176,90.134,1162.55517578125
1779804936.966496,Fixation,13.807558059692383,94.991,484.03070068359375
1779804936.981507,Saccade,19.17577362060547,15.012,1175.419921875
1779804937.111629,Fixation,6.185383319854736,130.122,495.859130859375
1779804937.271751,Saccade,7.9751458168029785,160.117,1196.8203125
1779804937.351873,Fixation,20.246932983398438,80.125,432.42510986328125
1779804937.592129,Saccade,11.8916597366333,240.254,1357.025390625
1779804937.752251,Fixation,11.431049346923828,160.121,513.0284423828125
1779804937.772251,Saccade,21.17026710510254,20.0,1086.436279296875
1779804938.012496,Fixation,12.071564674377441,240.25,430.6436462402344
1779804938.062496,Saccade,21.703054428100586,50.004,1043.7579345703125
1779804938.257751,Fixation,9.692804336547852,195.246,452.0028076171875
1779804938.492885,Saccade,11.596482276916504,235.137,1255.23193359375
1779804938.868251,Fixation,13.121633529663086,375.363,428.08013916015625
1779804939.008384,Saccade,23.042991638183594,140.135,1141.9541015625
1779804939.113496,Fixation,19.312992095947266,105.115,460.5820617675781
1779804939.133496,Saccade,16.420759201049805,20.0,1172.4727783203125
1779804939.223618,Fixation,4.424740791320801,90.125,473.67572021484375
1779804939.313762,Saccade,10.973990440368652,90.137,1312.4149169921875
1779804939.398751,Fixation,2.965785503387451,84.988,425.38720703125
1779804939.423751,Saccade,11.445737838745117,25.0,1168.544921875
1779804939.548873,Fixation,32.84435272216797,125.129,503.6917419433594
1779804939.754118,Saccade,20.737436294555664,205.246,1251.2572021484375
1779804939.924663,Fixation,8.153473854064941,170.125,387.7583923339844
1779804939.944663,Saccade,15.677062034606934,20.0,1030.82177734375
1779804940.124796,Fixation,11.07331371307373,180.14,438.61431884765625
1779804940.149907,Saccade,25.92247772216797,25.11,1104.908447265625
1779804940.410163,Fixation,14.023261070251465,260.259,529.9601440429688
1779804940.561085,Saccade,15.251179695129395,150.922,1119.7801513671875
1779804940.685407,Fixation,20.108423233032227,124.319,475.3355407714844
1779804940.700407,Saccade,8.590497970581055,15.0,1070.6649169921875
1779804940.975674,Fixation,5.215394020080566,275.263,391.2593688964844
1779804941.110785,Saccade,36.01507568359375,135.112,1330.046875
1779804941.190785,Fixation,47.77741622924805,80.0,554.4212646484375
1779804941.401029,Saccade,14.628417015075684,210.25,1225.98974609375
1779804941.551163,Fixation,4.491726398468018,150.13,399.4369812011719
1779804942.156785,Saccade,30.3882999420166,605.622,1205.415283203125
1779804942.381907,Fixation,19.994104385375977,225.123,513.2139892578125
1779804942.406907,Saccade,19.971717834472656,25.0,1176.6541748046875
1779804942.762296,Fixation,9.675904273986816,355.386,383.7024841308594
1779804942.912257,Saccade,1.6254037618637085,150.119,1116.7095947265625
1779804942.997368,Fixation,7.305965423583984,85.12,487.914306640625
1779804943.057368,Saccade,5.612197399139404,60.0,1162.7945556640625
1779804943.157501,Fixation,14.440082550048828,100.125,344.22344970703125
1779804943.172501,Saccade,16.276519775390625,15.0,1267.567138671875
1779804943.272624,Fixation,20.647790908813477,100.125,391.37628173828125
1779804943.297624,Saccade,19.337739944458008,25.0,1146.354736328125
1779804943.988246,Fixation,22.941070556640625,690.625,454.1331481933594
1779804944.078368,Saccade,25.752174377441406,90.125,1164.760986328125
1779804944.208501,Fixation,28.17517852783203,130.125,440.5365905761719
1779804944.388623,Saccade,23.69219207763672,180.126,1208.90087890625
1779804944.498746,Fixation,14.775066375732422,110.124,519.689208984375
1779804944.523746,Saccade,12.546615600585938,25.0,994.8146362304688
1779804944.708868,Fixation,21.858604431152344,185.125,468.855224609375
1779804944.814001,Saccade,10.735548973083496,105.131,1334.8157958984375
1779804945.129257,Fixation,23.867225646972656,315.257,402.385986328125
1779804945.174368,Saccade,7.395759105682373,45.113,990.79248046875
1779804945.264379,Fixation,5.146421432495117,90.007,400.45489501953125
1779804945.314501,Saccade,9.406255722045898,50.118,1080.3662109375
1779804945.439624,Fixation,11.369892120361328,125.124,490.6387634277344
1779804945.489624,Saccade,16.673179626464844,50.001,1194.6710205078125
1779804945.629746,Fixation,13.286982536315918,140.125,424.3819580078125
1779804945.669868,Saccade,6.8303985595703125,40.125,1203.949951171875
1779804945.840001,Fixation,25.388629913330078,170.125,452.8959045410156
1779804945.924975,Saccade,16.864572525024414,85.0,1095.954833984375
1779804946.10522,Fixation,19.277027130126953,180.25,479.3359069824219
1779804946.16522,Saccade,15.261357307434082,59.999,999.2442626953125
1779804946.245342,Fixation,8.185700416564941,80.126,455.6416015625
1779804946.260342,Saccade,19.050155639648438,15.0,1377.0780029296875
1779804946.420475,Fixation,18.050050735473633,160.125,428.1278381347656
1779804946.435475,Saccade,16.20363998413086,15.0,1042.1822509765625
1779804946.560597,Fixation,21.10610580444336,125.125,425.9581604003906
1779804947.121097,Saccade,10.431905746459961,560.5,1219.5633544921875
1779804947.321353,Fixation,11.220065116882324,200.257,425.4166259765625
1779804947.361342,Saccade,21.666698455810547,39.993,1207.3570556640625
1779804947.456475,Fixation,10.880804061889648,95.127,388.2626647949219
1779804947.80672,Saccade,10.243122100830078,350.248,1298.57666015625
1779804947.906842,Fixation,10.313416481018066,100.125,466.1081237792969
1779804947.976975,Saccade,11.112671852111816,70.129,1034.949951171875
1779804948.091975,Fixation,12.653386116027832,114.996,505.1794738769531
1779804948.27722,Saccade,9.332707405090332,185.25,1346.576904296875
1779804948.432342,Fixation,14.915489196777344,155.125,404.9411926269531
1779804948.457342,Saccade,27.573890686035156,25.0,1226.9947509765625
1779804948.702597,Fixation,6.5063300132751465,245.25,457.68914794921875
1779804948.757597,Saccade,11.492310523986816,55.0,1193.0567626953125
1779804948.947842,Fixation,15.36897087097168,190.25,427.6883239746094
1779804949.0333,Saccade,20.856124877929688,85.0,1052.27880859375
1779804949.133434,Fixation,6.353172779083252,100.125,366.95379638671875
1779804949.153434,Saccade,19.529521942138672,20.0,1060.029541015625
1779804949.233556,Fixation,15.42142391204834,80.125,444.8487243652344
1779804949.328678,Saccade,9.982171058654785,95.125,1186.2794189453125
1779804949.4938,Fixation,11.839512825012207,165.125,438.26416015625
1779804949.5488,Saccade,9.1265230178833,55.0,1124.796630859375
1779804949.677078,Fixation,26.480499267578125,128.273,392.2107849121094
1779804949.693933,Saccade,14.810742378234863,16.857,1137.06591796875
1779804950.204434,Fixation,14.023406982421875,510.495,420.8909606933594
1779804950.279556,Saccade,9.9935941696167,75.125,1494.623291015625
1779804950.379556,Fixation,12.004732131958008,100.0,432.4104919433594
1779804950.534678,Saccade,25.495912551879883,155.125,1196.4111328125
1779804950.6298,Fixation,24.60346031188965,95.125,426.6855773925781
1779804950.729934,Saccade,17.428924560546875,100.125,1472.75830078125
1779804951.045189,Fixation,13.369989395141602,315.257,443.6726989746094
1779804951.520678,Saccade,16.293582916259766,475.493,1193.055908203125
1779804951.916056,Fixation,5.301602363586426,395.375,421.3035583496094
1779804951.936129,Saccade,12.800880432128906,20.0,1035.516845703125
1779804952.086251,Fixation,5.215324878692627,150.125,421.97314453125
1779804952.146262,Saccade,13.038191795349121,60.009,1049.6141357421875
1779804952.241373,Fixation,13.618839263916016,95.116,425.9943542480469
1779804952.276384,Saccade,22.123342514038086,35.008,1112.11669921875
1779804952.566629,Fixation,8.72512435913086,290.243,442.88885498046875
1779804952.676762,Saccade,9.71031379699707,110.135,1211.63916015625
1779804952.746873,Fixation,12.208043098449707,70.114,496.95770263671875
1779804953.012129,Saccade,26.34598159790039,265.25,1243.1378173828125
1779804953.332384,Fixation,6.5173516273498535,320.259,372.2091369628906
1779804953.357373,Saccade,26.895702362060547,24.991,1273.378662109375
1779804953.752751,Fixation,28.718910217285156,395.375,391.81591796875
1779804953.852884,Saccade,19.484619140625,100.126,1080.350830078125
1779804954.008007,Fixation,4.896308898925781,155.124,445.42999267578125
1779804954.023006,Saccade,12.567548751831055,15.001,1012.232666015625
1779804954.178129,Fixation,18.934438705444336,155.124,461.5093994140625
1779804954.698629,Saccade,14.331599235534668,520.505,1334.5689697265625
1779804954.943884,Fixation,13.886449813842773,245.246,444.2126770019531
1779804955.283973,Saccade,8.735942840576172,340.375,1263.2235107421875
1779804955.383974,Fixation,0.9643731713294983,100.0,513.1271362304688
1779804955.454107,Saccade,13.901556968688965,70.125,1081.9842529296875
1779804955.594229,Fixation,12.80042552947998,140.125,519.6556396484375
1779804955.684351,Saccade,33.62273025512695,90.129,1142.983642578125
1779804956.13974,Fixation,5.606601238250732,455.379,429.7058410644531
1779804956.159729,Saccade,26.927165985107422,19.992,1279.7928466796875
1779804956.334851,Fixation,29.195722579956055,175.125,453.6203918457031
1779804956.364985,Saccade,35.578147888183594,30.129,1301.2603759765625
1779804956.484985,Fixation,14.56140422821045,120.0,490.9793395996094
1779804956.645229,Saccade,10.946794509887695,160.246,1436.57275390625
1779804956.745229,Fixation,8.917946815490723,100.0,332.271484375
1779804956.915473,Saccade,4.310522556304932,170.25,1313.5299072265625
1779804957.005473,Fixation,6.653833866119385,90.0,436.72119140625
1779804957.030485,Saccade,19.979530334472656,25.004,993.6304321289062
1779804957.160607,Fixation,26.619850158691406,130.121,470.07220458984375
1779804957.265729,Saccade,19.971771240234375,105.125,1145.094482421875
1779804957.340851,Fixation,18.807191848754883,75.125,563.378173828125
1779804957.405851,Saccade,8.913310050964355,65.0,1233.8353271484375
1779804957.686107,Fixation,20.947664260864258,280.25,458.73907470703125
1779804957.851351,Saccade,9.236900329589844,165.25,1069.71044921875
1779804957.966351,Fixation,13.888748168945312,115.0,476.8774719238281
1779804958.056656,Saccade,23.242595672607422,90.125,1145.8538818359375
1779804958.146789,Fixation,6.3560614585876465,90.125,447.0975341796875
1779804958.632156,Saccade,3.873253107070923,485.375,1157.4534912109375
1779804958.912411,Fixation,12.1871337890625,280.25,431.990478515625
1779804958.932411,Saccade,20.40291976928711,20.005,1008.9337158203125
1779804959.142667,Fixation,7.42144250869751,210.252,415.9482421875
1779804959.157656,Saccade,20.982769012451172,14.993,1118.91650390625
1779804959.498034,Fixation,28.120227813720703,340.375,468.8551330566406
1779804959.613156,Saccade,15.393160820007324,115.125,1284.8675537109375
1779804960.248656,Fixation,13.948975563049316,635.5,450.2934875488281
1779804960.293789,Saccade,10.137819290161133,45.129,1134.5084228515625
1779804960.423911,Fixation,22.429777145385742,130.121,462.1020202636719
1779804960.443911,Saccade,20.643993377685547,20.0,1141.020751953125
1779804960.654033,Fixation,9.785473823547363,210.125,444.13641357421875
1779804960.794156,Saccade,12.846470832824707,140.125,1147.059814453125
1779804961.159304,Fixation,5.643501281738281,365.375,446.2005615234375
1779804961.209304,Saccade,3.2986743450164795,50.0,1235.2725830078125
1779804961.359437,Fixation,5.476933002471924,150.137,518.2233276367188
1779804961.374559,Saccade,13.599546432495117,15.113,918.8709716796875
1779804961.534681,Fixation,18.01958656311035,160.125,475.6524963378906
1779804961.589681,Saccade,19.788389205932617,55.0,1378.6231689453125
1779804961.809926,Fixation,7.24006462097168,220.25,467.5632629394531
1779804961.894926,Saccade,6.843172550201416,85.0,1206.2843017578125
1779804962.000059,Fixation,18.485795974731445,105.125,355.0744934082031
1779804962.020059,Saccade,16.751182556152344,20.0,1026.4747314453125
1779804962.200304,Fixation,20.141435623168945,180.25,353.40130615234375
1779804962.215304,Saccade,16.14057159423828,15.0,988.0857543945312
1779804962.415426,Fixation,17.677322387695312,200.126,475.53448486328125
1779804962.545559,Saccade,9.58807373046875,130.125,1266.155029296875
1779804962.670681,Fixation,17.095996856689453,125.124,419.1451110839844
1779804963.021059,Saccade,9.442683219909668,350.376,1238.7950439453125
1779804963.121059,Fixation,33.62772750854492,100.0,409.48211669921875
1779804963.226181,Saccade,11.512238502502441,105.125,1157.9697265625
1779804963.316303,Fixation,16.466388702392578,90.125,489.596923828125
1779804963.541559,Saccade,8.504521369934082,225.25,1437.2877197265625
1779804963.656559,Fixation,13.992205619812012,115.0,442.7925109863281
1779804964.10656,Saccade,3.783346652984619,450.508,1269.001220703125
1779804964.196559,Fixation,11.84926700592041,89.992,415.28076171875
1779804964.296682,Saccade,21.55202293395996,100.125,1170.9649658203125
1779804964.386804,Fixation,8.703969955444336,90.125,448.23736572265625
1779804964.406804,Saccade,39.949676513671875,20.0,1346.0875244140625
1779804964.486926,Fixation,24.05338478088379,80.125,427.39739990234375
1779804964.606937,Saccade,9.078258514404297,120.009,1280.36328125
1779804964.697059,Fixation,29.8779354095459,90.116,395.33343505859375
1779804964.757182,Saccade,6.611855983734131,60.125,1046.3463134765625
1779804964.962304,Fixation,11.9828519821167,205.125,393.7450256347656
1779804964.977304,Saccade,31.13852310180664,15.0,1429.23046875
1779804965.207559,Fixation,20.723106384277344,230.259,453.0405578613281
1779804965.267559,Saccade,9.347945213317871,59.991,954.9012451171875
1779804965.492804,Fixation,11.737754821777344,225.25,502.9307556152344
1779804965.512815,Saccade,27.204282760620117,20.005,1233.1297607421875
1779804965.667937,Fixation,18.903606414794922,155.122,440.8291320800781
1779804965.798059,Saccade,12.068352699279785,130.124,1137.7470703125
1779804966.018304,Fixation,6.792287826538086,220.253,461.7944030761719
1779804966.233426,Saccade,14.19216251373291,215.121,1124.243896484375
1779804966.338559,Fixation,18.797292709350586,105.125,504.296875
1779804966.358559,Saccade,20.45591163635254,20.0,1178.0372314453125
1779804966.503682,Fixation,22.990636825561523,145.125,457.2926330566406
1779804966.533804,Saccade,33.22276306152344,30.125,1047.0570068359375
1779804966.683926,Fixation,7.390019416809082,150.125,437.9294128417969
1779804966.703926,Saccade,27.333393096923828,20.0,1326.3790283203125
1779804967.109315,Fixation,16.312381744384766,405.387,440.72235107421875
1779804967.255395,Saccade,30.027372360229492,145.127,1143.2110595703125
1779804967.335506,Fixation,18.190881729125977,80.111,491.79010009765625
1779804967.365506,Saccade,5.273025035858154,30.0,1145.8150634765625
1779804967.720751,Fixation,1.671319842338562,355.25,440.3708190917969
1779804967.735873,Saccade,16.25548553466797,15.125,1045.14990234375
1779804967.956006,Fixation,8.102994918823242,220.126,392.417724609375
1779804967.971006,Saccade,13.102009773254395,15.004,992.6018676757812
1779804968.051128,Fixation,3.7985384464263916,80.12,394.5580749511719
1779804968.116128,Saccade,10.463829040527344,65.004,1193.61279296875
1779804968.786751,Fixation,14.473204612731934,670.622,440.3135681152344
1779804968.831873,Saccade,12.444406509399414,45.124,1322.435546875
1779804969.077006,Fixation,5.066450119018555,245.126,472.0058898925781
1779804969.107128,Saccade,24.615306854248047,30.125,1014.519775390625
1779804969.532506,Fixation,26.517030715942383,425.377,462.33404541015625
1779804969.552506,Saccade,15.031596183776855,19.998,966.9603271484375
1779804969.722628,Fixation,7.209187984466553,170.125,443.7601623535156
1779804969.807751,Saccade,15.153508186340332,85.125,1070.3297119140625
1779804969.952873,Fixation,4.126593112945557,145.125,470.35809326171875
1779804970.107867,Saccade,17.459131240844727,155.132,1117.490966796875
1779804970.192989,Fixation,18.614505767822266,85.118,406.5822448730469
1779804970.252989,Saccade,15.160590171813965,60.0,1123.8260498046875
1779804970.373112,Fixation,13.905294418334961,120.125,470.8371887207031
1779804970.398112,Saccade,19.116167068481445,25.003,1018.656982421875
1779804970.508234,Fixation,18.039012908935547,110.122,463.6275329589844
1779804970.528234,Saccade,20.57823371887207,20.0,1203.4761962890625
1779804970.688367,Fixation,34.52082443237305,160.125,487.5863342285156
1779804970.718489,Saccade,46.42145538330078,30.125,1527.5242919921875
1779804970.833489,Fixation,21.079866409301758,115.0,363.55242919921875
1779804971.283989,Saccade,6.880891799926758,450.5,1217.676513671875
1779804971.829489,Fixation,3.3592867851257324,545.5,470.71343994140625
1779804971.849489,Saccade,23.035015106201172,20.0,1235.3262939453125
1779804972.755367,Fixation,23.9573974609375,905.875,438.1321716308594
1779804972.850367,Saccade,16.931535720825195,95.0,1117.5462646484375
1779804972.97049,Fixation,18.965076446533203,120.125,438.4590148925781
1779804973.030612,Saccade,26.832862854003906,60.125,1328.95849609375
1779804973.125612,Fixation,33.797080993652344,95.0,496.0547790527344
1779804973.245595,Saccade,11.876727104187012,120.125,987.9567260742188
1779804973.375729,Fixation,20.340837478637695,130.125,524.220458984375
1779804973.405729,Saccade,28.12812614440918,30.0,1260.9481201171875
1779804973.560973,Fixation,19.861125946044922,155.25,430.8971862792969
1779804973.655973,Saccade,11.713785171508789,95.0,1119.3724365234375
1779804973.746106,Fixation,6.518711566925049,90.133,406.7151794433594
1779804973.826229,Saccade,13.13292407989502,80.117,1056.7066650390625
1779804973.946229,Fixation,17.202556610107422,120.0,408.8259582519531
1779804973.966351,Saccade,17.978961944580078,20.128,1069.6337890625
1779804974.291595,Fixation,5.735515117645264,325.247,434.48712158203125
1779804974.316595,Saccade,8.715401649475098,25.0,1104.3504638671875
1779804974.421729,Fixation,16.06886100769043,105.125,410.61907958984375
1779804974.511851,Saccade,31.303150177001953,90.125,1130.61572265625
1779804974.932229,Fixation,20.330785751342773,420.375,416.2842102050781
1779804974.947229,Saccade,13.987324714660645,15.0,1022.2716064453125
1779804975.317606,Fixation,18.7064208984375,370.376,459.48193359375
1779804975.347595,Saccade,24.118953704833984,29.999,1057.0899658203125
1779804975.472729,Fixation,35.87448501586914,125.13,396.3373718261719
1779804975.517729,Saccade,15.244836807250977,44.995,1513.972412109375
1779804975.612851,Fixation,19.237098693847656,95.125,510.574951171875
1779804975.677862,Saccade,19.30435562133789,65.012,1026.2012939453125
1779804975.847984,Fixation,8.581905364990234,170.124,439.096435546875
1779804976.008229,Saccade,7.590779781341553,160.239,1202.2657470703125
1779804976.113229,Fixation,6.4933247566223145,105.001,532.523681640625
1779804976.132849,Saccade,16.92491340637207,20.124,1059.73193359375
1779804976.292971,Fixation,5.636755466461182,160.125,381.8810119628906
1779804976.418093,Saccade,23.551237106323242,125.125,1272.2322998046875
1779804976.553226,Fixation,22.316904067993164,135.125,442.013671875
1779804976.573226,Saccade,26.548107147216797,20.001,1302.91015625
1779804976.658226,Fixation,9.121255874633789,85.006,385.06646728515625
1779804976.678349,Saccade,16.99370574951172,20.118,1088.9481201171875
1779804976.753349,Fixation,13.742487907409668,75.0,431.9197998046875
1779804976.958604,Saccade,7.7764434814453125,205.251,1251.11181640625
1779804977.118726,Fixation,7.325827121734619,160.125,428.40924072265625
1779804977.188726,Saccade,12.410650253295898,70.0,1519.6490478515625
1779804977.278849,Fixation,11.934209823608398,90.125,453.5997314453125
1779804977.303849,Saccade,24.456823348999023,25.0,1171.663330078125
1779804977.388971,Fixation,25.30780601501465,85.125,523.4012451171875
1779804977.614227,Saccade,17.593469619750977,225.25,1137.23828125
1779804977.829349,Fixation,14.47137451171875,215.125,450.4029235839844
1779804977.849349,Saccade,12.688608169555664,20.0,1054.8670654296875
1779804977.949471,Fixation,16.168872833251953,100.125,492.4244079589844
1779804977.969471,Saccade,21.28708839416504,20.0,1234.8319091796875
1779804978.064604,Fixation,19.9960880279541,95.129,386.2760925292969
1779804978.079604,Saccade,14.743470191955566,14.996,1141.7469482421875
1779804978.294849,Fixation,9.267518043518066,215.25,385.8273620605469
1779804978.409849,Saccade,4.855247497558594,115.0,1125.989990234375
1779804978.509982,Fixation,12.609585762023926,100.129,414.23626708984375
1779804978.620104,Saccade,11.380515098571777,110.121,1010.97216796875
1779804978.735227,Fixation,6.348093509674072,115.131,387.4308166503906
1779804978.755238,Saccade,11.315173149108887,20.005,1215.7413330078125
1779804978.855349,Fixation,11.358176231384277,100.114,551.3619384765625
1779804978.895349,Saccade,28.477373123168945,40.0,1097.5836181640625
1779804978.980471,Fixation,6.36711311340332,85.125,500.66900634765625
1779804979.020482,Saccade,30.22304916381836,40.009,1101.83203125
1779804979.170604,Fixation,27.347305297851562,150.116,534.5036010742188
1779804979.185856,Saccade,26.935575485229492,15.0,1482.76513671875
1779804979.275978,Fixation,10.518813133239746,90.125,464.1713562011719
1779804979.481101,Saccade,24.371360778808594,205.125,1024.9029541015625
1779804979.611234,Fixation,15.242287635803223,130.131,507.80511474609375
1779804979.676367,Saccade,11.35030460357666,65.131,1324.800048828125
1779804979.861478,Fixation,20.02803611755371,185.113,499.5274963378906
1779804979.9366,Saccade,20.0070743560791,75.125,1493.4010009765625
1779804980.131723,Fixation,9.328585624694824,195.125,389.9366149902344
1779804980.146723,Saccade,15.042591094970703,15.0,913.4899291992188
1779804980.226856,Fixation,7.8820481300354,80.125,391.0189208984375
1779804980.246856,Saccade,23.026159286499023,20.0,1111.4891357421875
1779804980.5421,Fixation,17.50332260131836,295.25,430.3481140136719
1779804980.567101,Saccade,21.88895606994629,25.0,1126.921875
1779804980.697223,Fixation,25.3573055267334,130.125,459.73895263671875
1779804980.717223,Saccade,10.903203964233398,20.0,903.85400390625
1779804980.882478,Fixation,16.73335838317871,165.257,448.279541015625
1779804980.997601,Saccade,18.116010665893555,115.118,1175.1278076171875
1779804981.422978,Fixation,14.51008129119873,425.375,443.0652770996094
1779804981.442978,Saccade,17.898696899414062,20.0,982.4981079101562
1779804981.6081,Fixation,8.570974349975586,165.125,420.6671447753906
1779804981.733223,Saccade,31.00210952758789,125.125,1202.2767333984375
1779804982.093601,Fixation,35.79337692260742,360.375,383.4162292480469
1779804982.138601,Saccade,5.116700172424316,45.0,1075.8553466796875
1779804982.298498,Fixation,14.577366828918457,160.125,433.0748596191406
1779804982.31851,Saccade,23.697172164916992,20.005,1324.3116455078125
1779804982.598754,Fixation,6.911942958831787,280.248,457.6033630371094
1779804982.798998,Saccade,18.308805465698242,200.247,1265.1812744140625
1779804983.039254,Fixation,10.880318641662598,240.25,398.3355407714844
1779804983.134254,Saccade,10.970131874084473,95.006,944.5489501953125
1779804983.299498,Fixation,9.178666114807129,165.244,447.6885070800781
1779804983.319498,Saccade,13.335987091064453,20.001,878.4190673828125
1779804983.424521,Fixation,23.35593605041504,105.016,445.26763916015625
1779804983.514632,Saccade,29.23472023010254,90.108,1281.67431640625
1779804983.634754,Fixation,16.91771125793457,120.125,431.69964599609375
1779804983.769876,Saccade,33.1656379699707,135.126,1222.38427734375
1779804984.340376,Fixation,7.464715480804443,570.499,459.2943115234375
1779804984.385498,Saccade,16.690532684326172,45.125,1187.663330078125
1779804984.555632,Fixation,15.661012649536133,170.125,433.57366943359375
1779804984.655754,Saccade,20.940452575683594,100.125,1167.70263671875
1779804984.840876,Fixation,11.855850219726562,185.126,456.6009826660156
1779804984.935998,Saccade,5.3974995613098145,95.125,1125.2677001953125
1779804985.01601,Fixation,22.926469802856445,80.011,321.03973388671875
1779804985.086132,Saccade,14.22727108001709,70.114,1166.0986328125
1779804985.411745,Fixation,5.181970596313477,325.25,516.7283935546875
1779804985.456878,Saccade,1.2608520984649658,45.135,1412.025390625
1779804985.732122,Fixation,9.083061218261719,275.24,388.521484375
1779804985.967245,Saccade,4.281671047210693,235.125,1373.0816650390625
1779804986.097367,Fixation,9.750283241271973,130.125,467.6617431640625
1779804986.2125,Saccade,5.690135955810547,115.125,1051.9847412109375
1779804986.352622,Fixation,12.140533447265625,140.125,436.9836730957031
1779804986.507756,Saccade,12.026809692382812,155.129,1266.2425537109375
1779804986.597878,Fixation,20.01245880126953,90.124,478.82867431640625
1779804986.667867,Saccade,15.72519588470459,69.997,1387.6812744140625
1779804986.753,Fixation,17.412988662719727,85.125,579.1651611328125
1779804986.773011,Saccade,24.66197395324707,20.011,1189.72802734375
1779804986.918133,Fixation,14.202349662780762,145.121,426.7282409667969
1779804986.938122,Saccade,19.10340118408203,19.997,980.0111083984375
1779804987.133367,Fixation,10.091516494750977,195.246,506.80780029296875
1779804987.363622,Saccade,18.607643127441406,230.255,1296.36669921875
1779804987.573745,Fixation,23.640216827392578,210.12,492.1467590332031
1779804987.628867,Saccade,8.948774337768555,55.125,1118.7603759765625
1779804987.703867,Fixation,1.578418493270874,75.0,498.556640625
1779804987.944122,Saccade,8.264570236206055,240.25,1312.7911376953125
1779804988.324299,Fixation,7.434450149536133,380.375,484.6368408203125
1779804988.349299,Saccade,17.574684143066406,25.0,1179.9354248046875
1779804988.494421,Fixation,25.295536041259766,145.125,477.54962158203125
1779804988.754666,Saccade,11.408956527709961,260.25,1219.4385986328125
1779804988.834666,Fixation,9.522333145141602,80.0,451.1020202636719
1779804988.954799,Saccade,9.485965728759766,120.125,1057.46875
1779804989.109921,Fixation,7.152124881744385,155.125,452.6282958984375
1779804989.185054,Saccade,4.523637294769287,75.13,1042.6827392578125
1779804989.695543,Fixation,4.0774617195129395,510.495,450.04486083984375
1779804989.710543,Saccade,16.28230857849121,15.0,960.30517578125
1779804990.196043,Fixation,11.372173309326172,485.5,416.6712951660156
1779804990.306054,Saccade,10.24583911895752,110.004,1325.4393310546875
1779804990.406177,Fixation,4.852557182312012,100.127,402.259033203125
1779804990.476299,Saccade,2.1049883365631104,70.122,1106.78955078125
1779804990.636421,Fixation,4.618908882141113,160.122,468.9970703125
1779804990.921665,Saccade,13.42795181274414,285.25,1386.9034423828125
1779804991.196921,Fixation,9.187321662902832,275.25,498.4559631347656
1779804991.436946,Saccade,24.923988342285156,240.251,1113.879638671875
1779804991.58208,Fixation,7.862030982971191,145.129,483.9817199707031
1779804991.63208,Saccade,10.935542106628418,49.995,1292.732421875
1779804992.007447,Fixation,26.226831436157227,375.375,439.31011962890625
1779804992.082446,Saccade,14.23070240020752,75.001,1170.48388671875
1779804992.17258,Fixation,9.734448432922363,90.124,468.559814453125
1779804992.257702,Saccade,7.6542534828186035,85.125,1280.6297607421875
1779804992.412824,Fixation,5.573341369628906,155.125,397.00146484375
1779804992.562946,Saccade,5.219517707824707,150.126,1250.2701416015625
1779804992.943324,Fixation,12.672048568725586,380.374,441.9471130371094
1779804993.018324,Saccade,16.457767486572266,75.001,1091.878173828125
1779804993.103469,Fixation,24.516691207885742,85.138,391.5487976074219
1779804993.318702,Saccade,16.596281051635742,215.237,1136.84716796875
1779804993.628947,Fixation,3.343606472015381,310.25,439.96844482421875
1779804993.693946,Saccade,18.172082901000977,65.0,1184.51318359375
1779804993.80908,Fixation,9.35905933380127,115.126,405.9786071777344
1779804993.889202,Saccade,14.763426780700684,80.124,1125.24560546875
1779804993.969202,Fixation,12.390608787536621,80.002,481.5126647949219
1779804993.979202,Saccade,20.54398536682129,9.998,1221.9217529296875
1779804994.239446,Fixation,7.323980331420898,260.25,460.6714172363281
1779804994.290212,Saccade,10.553826332092285,50.125,1152.2850341796875
1779804994.530468,Fixation,10.530050277709961,240.261,442.47686767578125
1779804994.550457,Saccade,23.74064064025879,19.989,1217.526123046875
1779804994.760579,Fixation,21.279489517211914,210.125,423.1469421386719
1779804994.780579,Saccade,21.651321411132812,20.0,1148.9818115234375
1779804994.880712,Fixation,30.13918113708496,100.125,478.0134582519531
1779804995.030834,Saccade,8.503988265991211,150.125,1101.7261962890625
1779804995.256079,Fixation,7.157176494598389,225.25,476.7280578613281
1779804995.386212,Saccade,30.098264694213867,130.125,1334.787109375
1779804995.511334,Fixation,9.493000030517578,125.125,408.648681640625
1779804995.651457,Saccade,2.94579815864563,140.125,1096.343994140625
1779804995.836579,Fixation,24.008665084838867,185.125,461.14080810546875
1779804995.981712,Saccade,2.1576123237609863,145.125,1128.41162109375
1779804996.136834,Fixation,32.92133712768555,155.125,428.5174560546875
1779804996.166956,Saccade,33.52111053466797,30.125,1232.20361328125
1779804996.797468,Fixation,10.24649429321289,630.509,423.2088928222656
1779804996.902579,Saccade,13.767226219177246,105.116,1026.8406982421875
1779804997.067712,Fixation,21.845991134643555,165.125,495.7598571777344
1779804997.182834,Saccade,8.791322708129883,115.125,1169.31494140625
1779804997.442704,Fixation,11.6444730758667,260.25,372.0451965332031
1779804997.502837,Saccade,5.776391983032227,60.125,1091.76806640625
1779804997.873093,Fixation,12.362654685974121,370.257,446.3257751464844
1779804997.913204,Saccade,22.156164169311523,40.118,1015.7667846679688
1779804998.043204,Fixation,18.530366897583008,130.0,386.73114013671875
1779804998.323582,Saccade,7.679819583892822,280.375,1265.9388427734375
1779804998.488704,Fixation,28.184465408325195,165.125,468.0899353027344
1779804998.503704,Saccade,22.45626449584961,15.0,1181.044921875
1779804998.653837,Fixation,16.021181106567383,150.125,390.3101501464844
1779804998.85396,Saccade,17.263463973999023,200.125,1220.336669921875
1779804999.104204,Fixation,24.55877113342285,250.25,479.1635437011719
1779804999.144337,Saccade,13.358561515808105,40.125,1056.4608154296875
1779804999.26446,Fixation,10.371051788330078,120.125,469.1527404785156
1779804999.27946,Saccade,12.68069076538086,15.0,1041.1575927734375
1779804999.514582,Fixation,13.164661407470703,235.125,465.00128173828125
1779804999.529582,Saccade,21.604341506958008,15.0,1195.10205078125
1779804999.609704,Fixation,18.097583770751953,80.125,591.587158203125
1779804999.634726,Saccade,24.688108444213867,25.013,1212.5745849609375
1779804999.82996,Fixation,11.736029624938965,195.238,446.2075500488281
1779804999.87496,Saccade,15.937268257141113,44.999,1039.13134765625
1779804999.955082,Fixation,10.123258590698242,80.125,380.82989501953125
1779804999.975082,Saccade,22.882104873657227,20.001,1249.4468994140625
1779805000.275337,Fixation,8.019797325134277,300.25,482.8725891113281
1779805000.390311,Saccade,23.20870590209961,115.125,1325.3828125
1779805000.590433,Fixation,14.293557167053223,200.125,435.8502197265625
1779805000.690567,Saccade,22.455171585083008,100.125,1148.09765625
1779805000.855689,Fixation,14.774374008178711,165.125,440.421875
1779805001.030933,Saccade,20.589012145996094,175.25,1150.2498779296875
1779805001.140933,Fixation,20.388622283935547,110.0,441.88177490234375
1779805001.286067,Saccade,13.407477378845215,145.128,1217.24853515625
1779805001.411189,Fixation,16.79298973083496,125.122,470.6831970214844
1779805001.426189,Saccade,14.58588981628418,15.0,1211.2762451171875
1779805001.626433,Fixation,9.87281322479248,200.25,420.2420349121094
1779805001.691433,Saccade,11.331001281738281,65.0,1179.7430419921875
1779805002.026811,Fixation,24.781984329223633,335.376,470.9130554199219
1779805002.056811,Saccade,15.390276908874512,29.999,1051.3447265625
1779805002.201933,Fixation,18.18181610107422,145.125,464.97344970703125
1779805002.307066,Saccade,23.60625457763672,105.125,1316.3572998046875
1779805002.487189,Fixation,6.063077449798584,180.125,418.90313720703125
1779805002.537311,Saccade,10.2244234085083,50.125,1334.508544921875
1779805002.667444,Fixation,11.917787551879883,130.127,300.7389221191406
1779805002.687433,Saccade,14.22463607788086,19.998,1293.5009765625
1779805002.902566,Fixation,19.684375762939453,215.129,480.6682434082031
1779805003.172811,Saccade,7.4586358070373535,270.246,1271.985107421875
1779805003.388067,Fixation,3.9767305850982666,215.25,475.1332702636719
1779805003.442794,Saccade,10.014152526855469,55.006,1190.2685546875
1779805003.577916,Fixation,10.474522590637207,135.119,476.7831115722656
1779805003.72816,Saccade,6.127892017364502,150.25,1137.3206787109375
1779805003.80816,Fixation,0.8700811862945557,80.0,517.0441284179688
1779805003.883293,Saccade,15.918651580810547,75.125,1166.04541015625
1779805004.088416,Fixation,14.70665454864502,205.125,511.85516357421875
1779805004.108416,Saccade,13.637313842773438,20.0,1155.375
1779805004.433794,Fixation,16.149402618408203,325.375,493.57421875
1779805004.548916,Saccade,11.11904525756836,115.125,1099.3128662109375
1779805004.679049,Fixation,16.781126022338867,130.135,440.4407043457031
1779805004.774038,Saccade,2.03412127494812,94.99,1114.267578125
1779805004.85416,Fixation,17.46793556213379,80.125,402.9250183105469
1779805004.87416,Saccade,25.604412078857422,20.0,1249.7083740234375
1779805005.104427,Fixation,14.01835823059082,230.258,473.7748718261719
1779805005.124416,Saccade,23.882450103759766,19.992,960.2097778320312
1779805005.209416,Fixation,20.186216354370117,85.0,466.0733337402344
1779805005.234538,Saccade,24.824085235595703,25.125,1175.6573486328125
1779805005.509794,Fixation,12.224087715148926,275.25,449.0603332519531
1779805005.524793,Saccade,22.269134521484375,15.0,1141.6292724609375
1779805005.674916,Fixation,13.664595603942871,150.125,470.0697021484375
1779805005.760038,Saccade,16.004793167114258,85.125,1027.83837890625
1779805005.97516,Fixation,8.853195190429688,215.125,439.1008605957031
1779805006.00016,Saccade,7.886338233947754,25.0,1314.5489501953125
1779805006.100293,Fixation,26.06407356262207,100.125,536.6644287109375
1779805006.565911,Saccade,23.633609771728516,465.375,1205.9559326171875
1779805006.811177,Fixation,21.032615661621094,245.26,388.7908935546875
1779805006.861289,Saccade,23.079023361206055,50.116,1288.8116455078125
1779805007.081411,Fixation,13.151307106018066,220.124,460.7915344238281
1779805007.101411,Saccade,22.095386505126953,20.0,1124.3084716796875
1779805007.271666,Fixation,26.04338264465332,170.25,467.72314453125
1779805007.291666,Saccade,24.76767349243164,20.001,1307.443603515625
1779805007.376666,Fixation,16.79561996459961,85.0,450.4328918457031
1779805007.401788,Saccade,6.122499942779541,25.127,1077.1422119140625
1779805007.611933,Fixation,12.628655433654785,210.135,470.9585876464844
1779805007.697044,Saccade,15.655176162719727,85.112,1209.445068359375
1779805007.802166,Fixation,20.488628387451172,105.126,527.16015625
1779805007.827166,Saccade,26.848173141479492,24.999,1370.8699951171875
1779805007.9523,Fixation,6.812452793121338,125.13,464.6821594238281
1779805008.062411,Saccade,22.707887649536133,110.121,1026.0433349609375
1779805008.222544,Fixation,32.855506896972656,160.125,416.55426025390625
1779805008.242544,Saccade,23.023900985717773,20.0,1057.05322265625
1779805008.422666,Fixation,19.1673526763916,180.125,484.8570556640625
1779805008.442677,Saccade,20.537315368652344,20.007,1047.9027099609375
1779805009.273411,Fixation,19.893678665161133,830.743,450.67047119140625
1779805009.288544,Saccade,16.865833282470703,15.125,1202.1295166015625
1779805009.494217,Fixation,2.3659610748291016,205.139,509.4171447753906
1779805009.569328,Saccade,11.48962688446045,75.111,1085.404541015625
1779805009.679328,Fixation,23.16461944580078,110.0,560.6658325195312
1779805009.72945,Saccade,11.326095581054688,50.125,991.2078247070312
1779805009.819584,Fixation,6.65745210647583,90.125,359.3133544921875
1779805009.849584,Saccade,4.983949661254883,30.0,1163.036865234375
1779805009.949584,Fixation,7.314787864685059,100.0,468.48223876953125
1779805009.964706,Saccade,16.49427604675293,15.125,1233.52294921875
1779805010.224828,Fixation,16.199241638183594,260.125,460.7623596191406
1779805010.365084,Saccade,13.371939659118652,140.25,1081.551025390625
1779805010.82545,Fixation,9.343293190002441,460.375,510.06231689453125
1779805011.040706,Saccade,15.175567626953125,215.25,1115.109619140625
1779805011.355962,Fixation,1.1684153079986572,315.253,458.7125244140625
1779805011.375951,Saccade,21.6748046875,19.997,1135.1864013671875
1779805011.541084,Fixation,11.85552978515625,165.125,540.2991943359375
1779805011.561084,Saccade,17.677520751953125,20.0,1063.197998046875
1779805011.806328,Fixation,10.381582260131836,245.25,482.6219482421875
1779805012.066584,Saccade,10.803243637084961,260.25,1107.907470703125
1779805012.171706,Fixation,5.577903747558594,105.125,531.1368408203125
1779805012.231706,Saccade,8.492313385009766,60.0,1292.49560546875
1779805012.316828,Fixation,14.660396575927734,85.125,511.3086853027344
1779805012.366828,Saccade,12.037723541259766,50.0,1209.3345947265625
1779805012.51712,Fixation,14.428183555603027,150.125,405.45416259765625
1779805012.532254,Saccade,8.19102668762207,15.125,935.8876342773438
1779805012.667376,Fixation,4.553195476531982,135.125,410.2210388183594
1779805012.692376,Saccade,8.136617660522461,25.0,1024.6834716796875
1779805012.837498,Fixation,14.659016609191895,145.125,489.0679626464844
1779805012.94762,Saccade,17.452009201049805,110.125,1033.298828125
1779805013.388009,Fixation,21.950489044189453,440.387,462.1658935546875
1779805013.60312,Saccade,16.139963150024414,215.113,1089.940185546875
1779805013.728254,Fixation,9.581700325012207,125.125,401.78594970703125
1779805013.908498,Saccade,18.9173526763916,180.25,1117.061279296875
1779805013.993498,Fixation,12.920754432678223,85.0,449.011962890625
1779805014.013498,Saccade,22.958280563354492,20.0,1179.1773681640625
1779805014.09862,Fixation,21.336898803710938,85.125,376.7071228027344
1779805014.168754,Saccade,20.093524932861328,70.13,1040.643310546875
1779805014.318876,Fixation,22.32236671447754,150.12,321.4853820800781
1779805014.333876,Saccade,19.45313835144043,15.0,1294.0611572265625
1779805014.418887,Fixation,12.424813270568848,85.013,391.9429931640625
1779805014.468998,Saccade,8.354877471923828,50.112,1051.7315673828125
1779805014.58912,Fixation,5.673137187957764,120.125,420.27496337890625
1779805014.68412,Saccade,10.536445617675781,95.0,1189.960693359375
1779805014.789254,Fixation,14.374763488769531,105.125,437.8428955078125
1779805014.839376,Saccade,14.430295944213867,50.125,1270.470947265625
1779805015.044498,Fixation,8.073100090026855,205.125,437.35589599609375
1779805015.069498,Saccade,17.264076232910156,25.0,1149.2025146484375
1779805015.174631,Fixation,21.80080795288086,105.131,491.7091979980469
1779805015.359754,Saccade,10.940134048461914,185.119,1221.0762939453125
1779805015.439876,Fixation,18.631431579589844,80.125,575.974853515625
1779805015.579939,Saccade,19.889795303344727,140.126,1194.318603515625
1779805015.770061,Fixation,0.6069076061248779,190.124,476.0671691894531
1779805015.830195,Saccade,1.031575322151184,60.125,1251.315185546875
1779805016.150439,Fixation,16.636144638061523,320.252,469.1079406738281
1779805016.330695,Saccade,13.236292839050293,180.249,1318.8829345703125
1779805016.670939,Fixation,13.16176986694336,340.249,437.60687255859375
1779805016.680939,Saccade,19.020212173461914,10.001,1000.0633544921875
1779805016.791073,Fixation,23.98680305480957,110.125,489.8505554199219
1779805016.876195,Saccade,20.6083927154541,85.125,1139.0013427734375
1779805017.121317,Fixation,2.05252742767334,245.124,358.8586120605469
1779805017.22645,Saccade,4.173077583312988,105.139,1334.0875244140625
1779805017.306572,Fixation,10.854186058044434,80.112,428.1559143066406
1779805017.411695,Saccade,17.697132110595703,105.124,1182.3846435546875
1779805017.541817,Fixation,17.154104232788086,130.126,490.89306640625
1779805017.726939,Saccade,7.544988632202148,185.125,1265.1800537109375
1779805017.957195,Fixation,16.982572555541992,230.25,344.1133117675781
1779805017.982195,Saccade,23.2474422454834,25.0,1341.6351318359375
1779805018.077317,Fixation,17.94396209716797,95.125,445.6047668457031
1779805018.257439,Saccade,11.956068992614746,180.125,1132.80126953125
1779805018.332439,Fixation,3.165271043777466,75.0,359.6492614746094
1779805018.357573,Saccade,25.003023147583008,25.125,1182.9737548828125
1779805018.497695,Fixation,7.204678535461426,140.125,442.43719482421875
1779805018.517251,Saccade,12.870070457458496,20.0,974.6465454101562
1779805018.877495,Fixation,2.8117473125457764,360.25,414.9298095703125
1779805018.887506,Saccade,17.581274032592773,10.004,1057.26904296875
1779805018.967628,Fixation,6.948584079742432,80.121,459.4236145019531
1779805019.032751,Saccade,9.798717498779297,65.125,1213.109130859375
1779805019.122751,Fixation,7.539022922515869,90.0,446.6755676269531
1779805019.152751,Saccade,21.2923641204834,30.0,1111.3936767578125
1779805019.227884,Fixation,6.80067777633667,75.131,511.2726745605469
1779805019.538129,Saccade,15.293062210083008,310.244,1226.158447265625
1779805019.613251,Fixation,14.13487720489502,75.125,469.8563537597656
1779805019.718384,Saccade,17.994665145874023,105.135,1018.4633178710938
1779805019.883495,Fixation,26.881126403808594,165.115,539.6219482421875
1779805019.908495,Saccade,13.470681190490723,25.0,1130.603759765625
1779805020.163751,Fixation,16.60386848449707,255.25,440.0888977050781
1779805020.193762,Saccade,22.061447143554688,30.011,990.2836303710938
1779805020.293873,Fixation,8.170389175415039,100.114,405.7409362792969
1779805020.313873,Saccade,33.142967224121094,20.0,1250.0513916015625
1779805020.443995,Fixation,15.496017456054688,130.125,489.0534362792969
1779805020.839373,Saccade,12.530715942382812,395.375,1213.7923583984375
1779805021.019495,Fixation,32.35524368286133,180.125,415.1273498535156
1779805021.16964,Saccade,14.18186092376709,150.138,1226.87744140625
1779805021.409873,Fixation,11.58912467956543,240.237,427.74420166015625
1779805021.495062,Saccade,17.133699417114258,85.125,1449.37353515625
1779805021.615196,Fixation,5.412901401519775,120.125,443.4390869140625
1779805021.840318,Saccade,20.993587493896484,225.125,1306.122802734375
1779805021.95544,Fixation,18.375089645385742,115.125,414.0562744140625
1779805021.99544,Saccade,14.277511596679688,40.0,1239.2242431640625
1779805022.085562,Fixation,6.269079685211182,90.125,490.2646789550781
1779805022.270818,Saccade,11.566996574401855,185.25,1398.958251953125
1779805022.370818,Fixation,22.85131072998047,100.0,460.1961364746094
1779805022.41594,Saccade,12.236305236816406,45.125,1234.6748046875
1779805022.681196,Fixation,14.460281372070312,265.25,432.29754638671875
1779805022.826318,Saccade,16.002687454223633,145.125,1192.1905517578125
1779805023.091563,Fixation,7.855825901031494,265.25,459.40191650390625
1779805023.111562,Saccade,16.995601654052734,20.002,1036.3865966796875
1779805023.316696,Fixation,19.484405517578125,205.123,415.3783264160156
1779805023.712062,Saccade,9.46137809753418,395.375,1227.173095703125
1779805023.867196,Fixation,9.04757308959961,155.125,342.0280456542969
1779805024.03744,Saccade,20.50697898864746,170.25,1138.931396484375
1779805024.167562,Fixation,7.084482192993164,130.125,419.4674987792969
1779805024.192563,Saccade,21.669109344482422,25.0,1186.9632568359375
1779805024.267562,Fixation,8.494662284851074,75.0,473.2076416015625
1779805024.312696,Saccade,4.476034164428711,45.125,1128.824951171875
1779805024.442818,Fixation,4.519481658935547,130.125,429.6468200683594
1779805024.577818,Saccade,13.161312103271484,135.126,1164.6123046875
1779805024.953074,Fixation,37.14305877685547,375.249,484.40631103515625
1779805024.973074,Saccade,21.58844757080078,20.0,1055.310546875
1779805025.113196,Fixation,10.681108474731445,140.133,445.1755676269531
1779805025.358441,Saccade,5.7014055252075195,245.244,1194.6090087890625
1779805025.443574,Fixation,11.15239143371582,85.123,362.561279296875
1779805025.583696,Saccade,21.045223236083984,140.125,1242.6087646484375
1779805025.703818,Fixation,19.011384963989258,120.125,444.487548828125
1779805025.773818,Saccade,3.750058889389038,70.001,1110.037841796875
1779805025.954074,Fixation,21.259899139404297,180.249,425.32867431640625
1779805025.974074,Saccade,19.896211624145508,20.001,1176.928466796875
1779805026.069196,Fixation,13.27543830871582,95.124,491.4683837890625
1779805026.104196,Saccade,22.62914276123047,35.001,1116.6937255859375
1779805026.184196,Fixation,12.71432113647461,80.005,418.6778869628906
1779805026.344441,Saccade,12.589890480041504,160.245,1224.965087890625
1779805026.484574,Fixation,14.072982788085938,140.124,456.81512451171875
1779805026.499574,Saccade,15.882110595703125,15.001,1086.3050537109375
1779805026.714696,Fixation,11.732401847839355,215.124,409.4390869140625
1779805026.864818,Saccade,21.83721160888672,150.126,1273.1646728515625
1779805027.014952,Fixation,16.548629760742188,150.133,463.41607666015625
1779805027.225196,Saccade,15.890174865722656,210.242,1345.717529296875
1779805027.505441,Fixation,22.734359741210938,280.251,492.8047180175781
1779805027.560534,Saccade,21.711288452148438,55.124,1164.84765625
1779805027.650534,Fixation,15.273415565490723,90.0,480.4200439453125
1779805027.845779,Saccade,11.712968826293945,195.25,1161.187255859375
1779805028.276156,Fixation,19.941242218017578,430.375,430.29205322265625
1779805028.351167,Saccade,6.4141411781311035,75.011,1322.425537109375
1779805028.621412,Fixation,22.80124855041504,270.248,481.23260498046875
1779805028.786656,Saccade,21.90626335144043,165.241,1481.1064453125
1779805028.866656,Fixation,26.930023193359375,80.006,422.8740234375
1779805028.881656,Saccade,21.024351119995117,14.994,1235.2845458984375
1779805029.096901,Fixation,11.807172775268555,215.25,429.5913391113281
1779805029.317156,Saccade,2.7443692684173584,220.255,1208.4892578125
1779805029.437156,Fixation,7.709909915924072,119.995,449.20050048828125
1779805029.44729,Saccade,15.976176261901855,10.138,1117.767333984375
1779805029.667401,Fixation,7.792031288146973,220.112,427.67071533203125
1779805029.682401,Saccade,25.00044059753418,15.0,1402.102294921875
1779805029.822534,Fixation,28.431499481201172,140.133,466.32830810546875
1779805029.842534,Saccade,18.69085121154785,19.996,1261.222900390625
1779805030.092779,Fixation,13.207372665405273,250.246,454.02459716796875
1779805030.117779,Saccade,5.436378479003906,25.0,977.671142578125
1779805030.197901,Fixation,22.140077590942383,80.125,439.5415954589844
1779805030.222901,Saccade,24.72809600830078,25.0,1121.125244140625
1779805030.353034,Fixation,12.290708541870117,130.125,526.4708862304688
1779805030.373034,Saccade,13.798957824707031,20.0,946.044921875
1779805030.463156,Fixation,6.496072292327881,90.125,430.8525695800781
1779805030.483156,Saccade,19.338834762573242,20.0,1165.02490234375
1779805030.663118,Fixation,20.26595687866211,180.25,450.65106201171875
1779805030.688118,Saccade,9.989330291748047,25.0,1095.2081298828125
1779805030.793118,Fixation,20.235227584838867,105.0,365.60699462890625
1779805031.038385,Saccade,2.8106586933135986,245.258,1210.464599609375
1779805031.198496,Fixation,11.743193626403809,160.117,484.1567077636719
1779805031.673996,Saccade,13.734528541564941,475.5,1132.8304443359375
1779805031.804118,Fixation,13.279584884643555,130.125,461.7674865722656
1779805031.894263,Saccade,11.652079582214355,90.135,1057.7222900390625
1779805032.014251,Fixation,10.136994361877441,119.99,386.0650329589844
1779805032.029374,Saccade,13.128257751464844,15.125,1006.2966918945312
1779805032.214507,Fixation,8.434640884399414,185.138,467.84326171875
1779805032.33464,Saccade,12.899064064025879,120.125,1274.098388671875
1779805032.554751,Fixation,19.735876083374023,220.112,398.1419677734375
1779805032.744996,Saccade,19.582487106323242,190.25,1132.1583251953125
1779805032.824996,Fixation,18.76668357849121,80.0,401.1672058105469
1779805032.835129,Saccade,15.19579029083252,10.133,978.9415893554688
1779805032.950118,Fixation,13.030119895935059,114.992,526.9398193359375
1779805032.970251,Saccade,24.443925857543945,20.125,1139.751708984375
1779805033.250496,Fixation,1.9030786752700806,280.25,447.8780212402344
1779805033.275496,Saccade,7.784136772155762,25.001,1162.9130859375
1779805033.360496,Fixation,8.271455764770508,84.999,460.65478515625
1779805033.410618,Saccade,20.072498321533203,50.126,1403.8878173828125
1779805033.500629,Fixation,8.432608604431152,90.009,524.5482177734375
1779805033.510751,Saccade,16.241117477416992,10.115,1033.23876953125
1779805033.640874,Fixation,6.50903844833374,130.125,378.5190124511719
1779805033.686272,Saccade,6.002330303192139,45.0,1246.3822021484375
1779805033.776284,Fixation,23.622806549072266,90.01,467.6603698730469
1779805033.876395,Saccade,5.458591938018799,100.116,1305.788330078125
1779805033.961517,Fixation,1.8004558086395264,85.124,542.3565063476562
1779805033.981517,Saccade,20.950176239013672,20.001,1044.23095703125
1779805034.06165,Fixation,12.076041221618652,80.124,415.9777526855469
1779805034.191772,Saccade,4.199211597442627,130.125,1109.586181640625
1779805034.326895,Fixation,11.726383209228516,135.126,404.6856384277344
1779805034.452017,Saccade,10.882022857666016,125.125,965.353271484375
1779805034.537017,Fixation,4.01647424697876,84.999,509.9423828125
1779805034.552017,Saccade,13.928197860717773,15.001,1128.01220703125
1779805034.66715,Fixation,19.91219139099121,115.125,515.0241088867188
1779805034.737273,Saccade,3.207463026046753,70.125,1125.5611572265625
1779805034.892395,Fixation,8.256264686584473,155.125,425.2492980957031
1779805035.142661,Saccade,8.293931007385254,250.262,1103.674560546875
1779805035.26265,Fixation,13.33115291595459,119.987,483.7740173339844
1779805035.307772,Saccade,5.803730487823486,45.126,1374.136474609375
1779805035.532895,Fixation,11.697502136230469,225.125,483.3315734863281
1779805035.74815,Saccade,6.472024440765381,215.25,1331.3768310546875
1779805035.838273,Fixation,12.026764869689941,90.125,490.8448486328125
1779805035.923272,Saccade,10.161623001098633,85.0,994.105712890625
1779805036.048395,Fixation,4.681519985198975,125.125,402.61334228515625
1779805036.078406,Saccade,10.150838851928711,30.004,1115.2181396484375
1779805036.28365,Fixation,21.40471839904785,205.246,409.0147705078125
1779805036.393773,Saccade,23.01134490966797,110.125,1202.3221435546875
1779805036.588906,Fixation,20.935291290283203,195.135,435.71661376953125
1779805036.858759,Saccade,7.644629955291748,270.24,1125.7545166015625
1779805036.988881,Fixation,26.433475494384766,130.125,465.98297119140625
1779805037.008881,Saccade,24.817575454711914,20.0,1001.529296875
1779805037.174126,Fixation,24.615800857543945,165.25,464.2723693847656
1779805037.234126,Saccade,22.38243865966797,60.0,1139.7646484375
1779805037.389259,Fixation,16.24110221862793,155.125,503.2085876464844
1779805037.409259,Saccade,3.5074429512023926,20.006,1111.1883544921875
1779805037.789626,Fixation,9.725980758666992,380.369,437.7843933105469
1779805037.804626,Saccade,18.714006423950195,15.0,1322.38671875
1779805037.964759,Fixation,21.87131118774414,160.125,439.9801025390625
1779805038.024881,Saccade,6.396181106567383,60.13,1164.6622314453125
1779805038.325126,Fixation,9.730859756469727,300.245,495.2584228515625
1779805038.415259,Saccade,17.851545333862305,90.125,1301.498779296875
1779805038.690503,Fixation,10.435720443725586,275.25,450.36456298828125
1779805038.810626,Saccade,36.35337829589844,120.125,1024.5181884765625
1779805038.925759,Fixation,23.843542098999023,115.125,516.647216796875
1779805038.975759,Saccade,16.866634368896484,50.002,1213.910888671875
1779805039.160881,Fixation,11.965532302856445,185.123,450.5548400878906
1779805039.196003,Saccade,28.660259246826172,35.125,1193.7669677734375
1779805039.321003,Fixation,29.22879981994629,125.0,430.49151611328125
1779805039.336126,Saccade,17.103561401367188,15.125,1051.3740234375
1779805039.531259,Fixation,20.794538497924805,195.125,471.4596252441406
1779805039.581259,Saccade,7.148519992828369,50.0,1505.8717041015625
1779805040.006991,Fixation,15.279434204101562,425.387,428.8773193359375
1779805040.102102,Saccade,9.538777351379395,95.118,1149.125244140625
1779805040.197224,Fixation,14.67886734008789,95.12,507.37060546875
1779805040.312346,Saccade,8.290151596069336,115.125,1094.4078369140625
1779805040.567602,Fixation,19.293045043945312,255.25,447.65948486328125
1779805040.602602,Saccade,29.127544403076172,35.0,1100.977783203125
1779805040.822847,Fixation,13.409188270568848,220.25,444.3878173828125
1779805040.842847,Saccade,28.212594985961914,20.0,1072.5328369140625
1779805041.098102,Fixation,21.515209197998047,255.25,417.2891845703125
1779805041.118113,Saccade,16.6312313079834,20.01,1216.265380859375
1779805041.223113,Fixation,8.848228454589844,105.0,382.4761047363281
1779805041.238224,Saccade,11.153887748718262,15.115,1432.566162109375
1779805041.323236,Fixation,10.49043083190918,85.012,426.77435302734375
1779805041.348224,Saccade,22.375717163085938,24.988,1075.904052734375
1779805041.578469,Fixation,30.625259399414062,230.25,417.2840576171875
1779805041.633602,Saccade,3.456254005432129,55.125,1347.053955078125
1779805041.728602,Fixation,19.352558135986328,95.0,492.95794677734375
1779805041.748602,Saccade,19.33169937133789,20.0,945.018310546875
1779805041.843724,Fixation,22.430253982543945,95.125,479.7717590332031
1779805041.918858,Saccade,24.402284622192383,75.131,1202.005859375
1779805042.204102,Fixation,13.794780731201172,285.244,485.58447265625
1779805042.229102,Saccade,15.091825485229492,25.005,1148.9083251953125
1779805042.389224,Fixation,9.425923347473145,160.12,438.67242431640625
1779805042.449347,Saccade,11.579608917236328,60.125,1124.4219970703125
1779805042.844305,Fixation,12.301138877868652,395.38,409.06475830078125
1779805042.869304,Saccade,13.435113906860352,24.995,982.0462036132812
1779805042.954316,Fixation,35.92961120605469,85.007,552.8405151367188
1779805042.974304,Saccade,27.14175033569336,19.993,1251.2423095703125
1779805043.104427,Fixation,6.585909843444824,130.125,435.8190612792969
1779805043.15956,Saccade,8.701379776000977,55.126,1091.778564453125
1779805043.329682,Fixation,8.989575386047363,170.124,464.1612243652344
1779805043.604927,Saccade,11.505867004394531,275.25,1146.893310546875
1779805043.860182,Fixation,11.026162147521973,255.25,463.68377685546875
1779805043.990304,Saccade,13.253073692321777,130.125,1036.987060546875
1779805044.435682,Fixation,5.3695759773254395,445.376,447.6693115234375
1779805044.670927,Saccade,4.86185884475708,235.249,1307.17822265625
1779805044.83106,Fixation,18.623367309570312,160.129,472.9847412109375
1779805044.87106,Saccade,6.785419464111328,39.997,1165.6842041015625
1779805044.951182,Fixation,9.950617790222168,80.125,469.9471740722656
1779805044.971182,Saccade,23.45967674255371,20.0,1044.468017578125
1779805045.276427,Fixation,9.708955764770508,305.25,527.1361694335938
1779805045.29156,Saccade,15.64022445678711,15.125,1099.822998046875
1779805045.596804,Fixation,4.168017864227295,305.25,394.0807189941406
1779805045.666816,Saccade,10.40038013458252,70.011,1140.3314208984375
1779805045.822538,Fixation,24.973852157592773,155.239,485.8734130859375
1779805045.95766,Saccade,18.402198791503906,135.125,1123.529052734375
1779805046.172782,Fixation,4.835679054260254,215.125,444.0608825683594
1779805046.337904,Saccade,11.380778312683105,165.125,1087.1378173828125
1779805046.443038,Fixation,11.352444648742676,105.133,506.9293518066406
1779805046.463037,Saccade,22.274089813232422,19.992,1295.410400390625
1779805046.59816,Fixation,18.820537567138672,135.125,458.894775390625
1779805046.723282,Saccade,4.891038417816162,125.125,1234.9295654296875
1779805047.12366,Fixation,11.362529754638672,400.375,439.607666015625
1779805047.228782,Saccade,12.749998092651367,105.125,1203.4039306640625
1779805047.433904,Fixation,17.56084442138672,205.125,458.4223937988281
1779805047.509037,Saccade,1.3639695644378662,75.125,1383.69873046875
1779805047.68416,Fixation,12.694878578186035,175.125,454.87225341796875
1779805047.784282,Saccade,12.25771713256836,100.125,1404.736328125
1779805047.944404,Fixation,14.150979042053223,160.125,412.2122497558594
1779805048.049538,Saccade,18.555335998535156,105.125,1197.160400390625
1779805048.22466,Fixation,17.130521774291992,175.125,326.5335998535156
1779805048.560049,Saccade,32.36683654785156,335.387,1261.9754638671875
1779805048.945385,Fixation,15.84338665008545,385.366,433.2936706542969
1779805048.960374,Saccade,20.50804328918457,14.997,1151.2327880859375
1779805049.145508,Fixation,22.07704734802246,185.125,457.9111328125
1779805049.23063,Saccade,13.4019775390625,85.125,1077.9251708984375
1779805049.420752,Fixation,10.1126127243042,190.125,509.02789306640625
1779805049.450752,Saccade,32.695335388183594,30.0,1129.4127197265625
1779805049.545874,Fixation,8.755928993225098,95.125,525.9277954101562
1779805049.666008,Saccade,18.20439338684082,120.125,1129.8951416015625
1779805049.80113,Fixation,4.598710060119629,135.125,453.5306396484375
1779805050.061374,Saccade,7.370489120483398,260.25,1146.7452392578125
1779805050.156508,Fixation,10.524516105651855,95.125,372.1387023925781
1779805050.206508,Saccade,9.232096672058105,50.0,1183.4254150390625
1779805050.566875,Fixation,16.08417320251465,360.375,456.00634765625
1779805050.631875,Saccade,6.302437782287598,65.0,1225.3370361328125
1779805050.752008,Fixation,12.922699928283691,120.125,373.6167297363281
1779805050.832008,Saccade,20.648473739624023,80.005,1051.76220703125
1779805051.287508,Fixation,18.61925506591797,455.495,456.67999267578125
1779805051.46763,Saccade,2.771001100540161,180.125,1085.3680419921875
1779805051.612752,Fixation,6.779581546783447,145.125,396.7966003417969
1779805051.632752,Saccade,15.852819442749023,20.0,1102.296875
1779805051.772874,Fixation,15.507928848266602,140.125,475.6163635253906
1779805051.78844,Saccade,28.964263916015625,15.125,1442.9415283203125
1779805051.89344,Fixation,13.528865814208984,105.0,509.25091552734375
1779805051.913562,Saccade,15.310646057128906,20.125,1128.574951171875
1779805052.038562,Fixation,26.322656631469727,125.0,500.0614013671875
1779805052.053573,Saccade,16.55709457397461,15.009,1050.1051025390625
1779805052.133684,Fixation,12.627376556396484,80.116,375.9845275878906
1779805052.203818,Saccade,5.587489128112793,70.13,1494.23974609375
1779805052.33894,Fixation,6.617648124694824,135.12,508.5755310058594
1779805052.629184,Saccade,3.2257986068725586,290.25,1156.76220703125
1779805052.714185,Fixation,6.801087379455566,85.0,393.3990783691406
1779805052.809307,Saccade,3.8446688652038574,95.125,1100.9293212890625
1779805053.084562,Fixation,3.2694146633148193,275.25,463.12139892578125
1779805053.104562,Saccade,21.422935485839844,20.0,952.31201171875
1779805053.394807,Fixation,19.850561141967773,290.25,424.2564697265625
1779805053.600073,Saccade,9.045489311218262,205.258,1017.8290405273438
1779805053.715184,Fixation,10.064506530761719,115.122,523.4989624023438
1779805053.735184,Saccade,21.00349998474121,19.996,1085.0355224609375
1779805053.830307,Fixation,8.339658737182617,95.125,463.82861328125
1779805053.850307,Saccade,13.257038116455078,20.0,996.7236328125
1779805054.140562,Fixation,23.145160675048828,290.25,435.4371643066406
1779805054.155562,Saccade,14.7522554397583,15.0,1061.61474609375
1779805054.425807,Fixation,18.06364631652832,270.25,400.4453430175781
1779805054.49094,Saccade,24.51121711730957,65.125,1088.4664306640625
1779805054.59594,Fixation,6.114678382873535,105.0,500.4718017578125
1779805054.636062,Saccade,14.98196792602539,40.125,1197.3463134765625
1779805054.796185,Fixation,25.53274917602539,160.125,506.9345703125
1779805054.951122,Saccade,19.791038513183594,155.125,1258.074951171875
1779805055.101267,Fixation,31.799535751342773,150.138,472.07269287109375
1779805055.146255,Saccade,27.094833374023438,44.987,1199.271240234375
1779805055.291378,Fixation,13.223725318908691,145.125,457.474853515625
1779805055.3315,Saccade,13.960938453674316,40.125,1086.0660400390625
1779805055.4215,Fixation,19.327260971069336,90.0,515.6227416992188
1779805055.436622,Saccade,9.060328483581543,15.125,1207.87548828125
1779805055.576633,Fixation,16.246292114257812,140.01,367.2745666503906
1779805055.796878,Saccade,19.612346649169922,220.24,1210.81494140625
1779805055.957,Fixation,12.956945419311523,160.125,492.8658752441406
1779805056.162256,Saccade,22.8498592376709,205.25,1146.442138671875
1779805056.297378,Fixation,27.7605037689209,135.125,494.81671142578125
1779805056.322378,Saccade,26.670541763305664,25.0,1066.576904296875
1779805056.4375,Fixation,7.6114301681518555,115.125,459.8343200683594
1779805056.607622,Saccade,8.119622230529785,170.125,1216.0968017578125
1779805056.732755,Fixation,15.724464416503906,125.125,431.8428039550781
1779805056.747766,Saccade,18.861902236938477,15.01,1049.490966796875
1779805056.822878,Fixation,18.239444732666016,75.115,444.9231872558594
1779805056.872878,Saccade,13.488794326782227,50.0,1252.4075927734375
1779805057.058122,Fixation,2.6594197750091553,185.25,468.20941162109375
1779805057.143122,Saccade,17.17116355895996,85.0,1113.58935546875
1779805057.353378,Fixation,20.407407760620117,210.25,436.4467468261719
1779805057.463378,Saccade,15.60964584350586,110.006,1253.697509765625
1779805057.608633,Fixation,21.12946128845215,145.25,506.2508544921875
1779805057.628622,Saccade,28.08891487121582,19.994,1301.0838623046875
1779805057.928613,Fixation,32.687835693359375,300.256,440.0948486328125
1779805057.988613,Saccade,24.224124908447266,59.994,1292.7442626953125
1779805058.093735,Fixation,7.01827335357666,105.125,435.7012023925781
1779805058.113735,Saccade,17.51776695251465,20.0,891.971435546875
1779805058.579235,Fixation,19.13634490966797,465.5,449.9452209472656
1779805058.634235,Saccade,12.164361000061035,55.0,1225.7529296875
1779805058.739369,Fixation,17.613908767700195,105.129,466.9482421875
1779805058.834491,Saccade,31.6513614654541,95.121,1248.436767578125
1779805058.939491,Fixation,25.06060218811035,105.0,434.7699890136719
1779805058.984613,Saccade,16.489877700805664,45.125,1053.578125
1779805059.164735,Fixation,8.422264099121094,180.128,450.4896240234375
1779805059.189735,Saccade,19.216028213500977,24.997,1330.173095703125
1779805059.520124,Fixation,8.97667121887207,330.386,447.1343994140625
1779805059.540113,Saccade,22.89072036743164,19.989,1236.47265625
1779805059.630246,Fixation,18.174997329711914,90.131,417.2469482421875
1779805059.650235,Saccade,19.1429500579834,19.994,1110.17138671875
1779805059.740246,Fixation,7.172102928161621,90.01,382.5420837402344
1779805059.830358,Saccade,29.49295425415039,90.115,1458.605224609375
1779805059.915491,Fixation,38.14881896972656,85.125,450.0966491699219
1779805060.000491,Saccade,0.623317301273346,85.0,1031.6326904296875
1779805060.125613,Fixation,4.882452011108398,125.125,364.6915283203125
1779805060.140613,Saccade,13.924863815307617,15.0,1157.0206298828125
1779805060.330858,Fixation,10.705314636230469,190.25,459.27215576171875
1779805060.455991,Saccade,9.786977767944336,125.131,987.244140625
1779805060.616113,Fixation,7.692579746246338,160.119,424.011474609375
1779805060.636124,Saccade,10.717144012451172,20.011,885.3795776367188
1779805060.866358,Fixation,5.563592433929443,230.239,384.9854431152344
1779805061.006577,Saccade,6.024548530578613,140.125,1066.7008056640625
1779805061.2067,Fixation,3.615408182144165,200.125,452.6103820800781
1779805061.2317,Saccade,36.361595153808594,25.0,1436.2059326171875
1779805061.622077,Fixation,20.74547004699707,390.376,453.4884948730469
1779805061.722211,Saccade,19.88071060180664,100.134,1473.92138671875
1779805062.022444,Fixation,15.889082908630371,300.24,435.10321044921875
1779805062.042444,Saccade,5.917705535888672,20.0,1080.40869140625
1779805062.2577,Fixation,6.805879592895508,215.253,478.3711853027344
1779805062.2727,Saccade,11.323158264160156,14.998,1010.4030151367188
1779805062.7432,Fixation,8.760046005249023,470.499,442.7357177734375
1779805062.8182,Saccade,15.772538185119629,75.001,1311.1181640625
1779805063.208577,Fixation,11.695433616638184,390.375,457.4547119140625
1779805063.228577,Saccade,19.198213577270508,20.0,1008.3046875
1779805063.3437,Fixation,12.002386093139648,115.125,436.7048645019531
1779805063.3637,Saccade,18.185510635375977,20.0,989.8046264648438
1779805063.473822,Fixation,24.59684181213379,110.125,446.9533996582031
1779805063.488822,Saccade,16.723371505737305,15.0,1035.8751220703125
1779805063.568944,Fixation,4.099215984344482,80.125,407.9758605957031
1779805063.583944,Saccade,14.360058784484863,15.0,1056.811279296875
1779805063.688955,Fixation,13.703835487365723,105.011,432.9261169433594
1779805063.729077,Saccade,16.296968460083008,40.114,1006.0130004882812
1779805063.94919,Fixation,13.209959030151367,220.125,429.5936584472656
1779805064.299567,Saccade,14.00085735321045,350.375,1113.42236328125
1779805064.38469,Fixation,10.512299537658691,85.125,357.55670166015625
1779805064.569812,Saccade,19.039445877075195,185.125,1118.5457763671875
1779805064.97019,Fixation,29.219789505004883,400.375,458.2989501953125
1779805065.165312,Saccade,15.43287467956543,195.125,1145.0892333984375
1779805065.365567,Fixation,10.662089347839355,200.25,433.9062194824219
1779805065.380567,Saccade,22.28973960876465,15.005,1506.9036865234375
1779805065.50569,Fixation,9.952376365661621,125.124,449.1812744140625
1779805065.52569,Saccade,19.530447006225586,19.996,1103.870849609375
1779805065.810934,Fixation,3.780428409576416,285.25,368.33837890625
1779805065.981067,Saccade,4.840278625488281,170.125,1108.440673828125
1779805066.306445,Fixation,13.57583236694336,325.381,460.9022521972656
1779805066.381434,Saccade,10.418606758117676,74.994,1159.269287109375
1779805066.761812,Fixation,7.068565845489502,380.377,435.292236328125
1779805066.831934,Saccade,4.94132137298584,70.123,1085.0927734375
1779805066.947078,Fixation,15.514744758605957,115.138,397.3337707519531
1779805067.052016,Saccade,11.005428314208984,104.987,951.2260131835938
1779805067.21226,Fixation,14.603564262390137,160.25,412.9886779785156
1779805067.23226,Saccade,21.76209259033203,20.0,1034.5181884765625
1779805067.352383,Fixation,9.846136093139648,120.125,388.6104736328125
1779805067.517516,Saccade,21.33030128479004,165.125,1133.2933349609375
1779805067.962883,Fixation,27.17736053466797,445.375,419.119384765625
1779805068.018016,Saccade,9.02530288696289,55.125,1402.5416259765625
1779805068.198138,Fixation,6.388804912567139,180.125,503.6114196777344
1779805068.258149,Saccade,9.884214401245117,60.008,1673.661865234375
1779805068.493394,Fixation,9.776349067687988,235.247,473.9610595703125
1779805068.513383,Saccade,11.479580879211426,19.995,1045.55810546875
1779805068.918761,Fixation,2.1504058837890625,405.375,469.43182373046875
1779805068.998883,Saccade,9.708141326904297,80.125,1166.7515869140625
1779805069.083883,Fixation,7.942203044891357,85.0,494.1225891113281
1779805069.104016,Saccade,37.05904769897461,20.125,1369.745361328125
1779805069.414261,Fixation,19.78709602355957,310.25,441.8103942871094
1779805069.434261,Saccade,19.225109100341797,20.0,1063.623779296875
1779805070.489907,Fixation,11.897835731506348,1056.015,407.1158752441406
1779805070.499885,Saccade,28.174976348876953,9.985,1169.835693359375
1779805070.635007,Fixation,22.870615005493164,135.125,457.34442138671875
1779805070.695018,Saccade,8.25250244140625,60.001,1162.224365234375
1779805070.82514,Fixation,14.699225425720215,130.124,505.849853515625
1779805071.055385,Saccade,8.776000022888184,230.251,1115.0555419921875
1779805071.28064,Fixation,15.644112586975098,225.249,464.6084289550781
1779805071.30064,Saccade,20.896732330322266,20.0,989.3836669921875
1779805071.39064,Fixation,10.466816902160645,90.0,490.5087585449219
1779805071.410763,Saccade,13.247879981994629,20.125,1048.120849609375
1779805071.545774,Fixation,7.896226406097412,135.015,389.3539733886719
1779805071.696018,Saccade,22.217044830322266,150.236,1198.7803955078125
1779805071.826151,Fixation,18.486738204956055,130.136,423.2159118652344
1779805071.966263,Saccade,12.30785846710205,140.114,1059.16064453125
1779805072.136396,Fixation,11.187490463256836,170.129,398.482666015625
1779805072.36164,Saccade,7.40126371383667,225.246,1306.633544921875
1779805072.47164,Fixation,8.215846061706543,110.0,380.5265197753906
1779805072.526774,Saccade,3.4405171871185303,55.132,1115.673095703125
1779805072.631885,Fixation,3.769361734390259,105.118,447.7493896484375
1779805072.882018,Saccade,18.9859676361084,250.125,1084.576904296875
1779805073.087812,Fixation,16.569887161254883,205.251,501.2594909667969
1779805073.132812,Saccade,24.766464233398438,44.999,1363.2298583984375
1779805073.267934,Fixation,20.645423889160156,135.125,495.8593444824219
1779805073.343068,Saccade,7.028223037719727,75.135,1141.49267578125
1779805073.583312,Fixation,4.355350017547607,240.24,395.6646423339844
1779805073.698312,Saccade,10.765406608581543,115.0,1094.432861328125
1779805073.858568,Fixation,4.482155799865723,160.25,424.8215026855469
1779805073.868568,Saccade,13.578343391418457,10.006,946.6996459960938
1779805074.02369,Fixation,9.467255592346191,155.119,424.621826171875
1779805074.06369,Saccade,11.790572166442871,40.0,1037.7694091796875
1779805074.268934,Fixation,7.654158115386963,205.25,457.0718688964844
1779805074.313934,Saccade,15.446554183959961,45.0,1268.5267333984375
1779805074.439068,Fixation,19.583219528198242,125.125,504.9400329589844
1779805074.664312,Saccade,8.785316467285156,225.25,1019.8817138671875
1779805074.814434,Fixation,5.06184196472168,150.125,390.03375244140625
1779805074.834434,Saccade,26.56570816040039,20.0,1257.5694580078125
1779805075.304812,Fixation,31.46698570251465,470.375,423.9764404296875
1779805075.324812,Saccade,18.613481521606445,20.0,1151.3128662109375
1779805075.490079,Fixation,22.802474975585938,165.263,387.0461730957031
1779805075.515068,Saccade,42.081016540527344,24.987,1493.5174560546875
1779805075.740312,Fixation,6.396471977233887,225.25,487.51080322265625
1779805075.865312,Saccade,22.09273338317871,125.0,1186.618896484375
1779805075.955434,Fixation,18.958271026611328,90.125,340.9437255859375
1779805076.315932,Saccade,20.63548469543457,360.375,1208.3533935546875
1779805076.501065,Fixation,26.33195686340332,185.135,430.0798645019531
1779805076.75131,Saccade,20.624778747558594,250.24,1068.808349609375
1779805076.886432,Fixation,6.517045974731445,135.125,422.112060546875
1779805077.031554,Saccade,14.358633995056152,145.125,1168.187255859375
1779805077.111688,Fixation,12.51885986328125,80.125,398.8529357910156
1779805077.131688,Saccade,18.99127960205078,20.0,1105.1131591796875
1779805077.542054,Fixation,8.96946907043457,410.375,442.07501220703125
1779805077.562054,Saccade,31.04592514038086,20.0,1411.2523193359375
1779805077.752188,Fixation,4.006550312042236,190.125,385.2044677734375
1779805077.86231,Saccade,16.675050735473633,110.125,1341.8055419921875
1779805078.177688,Fixation,13.075255393981934,315.375,443.41424560546875
1779805078.232688,Saccade,6.06309175491333,55.0,985.8493041992188
1779805078.31281,Fixation,6.8118696212768555,80.125,490.0706481933594
1779805078.492932,Saccade,4.8345818519592285,180.125,1068.1165771484375
1779805078.638054,Fixation,10.0723295211792,145.125,438.4698486328125
1779805078.688065,Saccade,7.070481777191162,50.005,1289.7447509765625
1779805078.918321,Fixation,8.870339393615723,230.253,450.98687744140625
1779805078.93831,Saccade,24.19614028930664,19.992,1164.016845703125
1779805079.508233,Fixation,13.343840599060059,570.5,416.62420654296875
1779805079.533355,Saccade,16.543066024780273,25.125,1104.17333984375
1779805079.688477,Fixation,1.45846426486969,155.125,384.2392272949219
1779805079.743477,Saccade,11.064359664916992,55.001,1188.935302734375
1779805079.863611,Fixation,9.450483322143555,120.124,408.559814453125
1779805079.878611,Saccade,20.35472869873047,15.0,1067.3580322265625
1779805080.038733,Fixation,32.05078887939453,160.126,487.4749755859375
1779805080.339111,Saccade,18.590015411376953,300.383,1279.338623046875
1779805080.434111,Fixation,4.040889739990234,94.991,365.7762756347656
1779805080.479233,Saccade,1.858490228652954,45.126,1386.275146484375
1779805080.629355,Fixation,5.060384750366211,150.125,340.66302490234375
1779805080.654355,Saccade,25.907344818115234,25.0,1057.0472412109375
1779805080.869477,Fixation,28.230823516845703,215.125,437.1914367675781
1779805080.884488,Saccade,16.279125213623047,15.01,1078.0611572265625
1779805080.989611,Fixation,12.447937965393066,105.115,565.3408203125
1779805081.034733,Saccade,13.46723461151123,45.124,1225.9345703125
1779805081.134733,Fixation,4.74546480178833,100.0,435.2635192871094
1779805081.149855,Saccade,21.345535278320312,15.125,1196.1090087890625
1779805081.424999,Fixation,6.994575500488281,275.14,419.669921875
1779805081.500111,Saccade,3.0733485221862793,75.111,1098.938232421875
1779805081.760355,Fixation,18.8637638092041,260.25,457.164794921875
1779805081.780355,Saccade,16.36264419555664,19.999,1066.445068359375
1779805081.890477,Fixation,38.408504486083984,110.125,511.20257568359375
1779805081.985622,Saccade,33.46916198730469,95.139,1125.3416748046875
1779805082.361398,Fixation,20.12013816833496,375.237,457.7851867675781
1779805082.401521,Saccade,5.9165778160095215,40.125,1030.4207763671875
1779805082.486521,Fixation,10.604552268981934,85.0,427.7645263671875
1779805082.551654,Saccade,5.752735614776611,65.125,1196.1673583984375
1779805082.646787,Fixation,12.014284133911133,95.138,434.30609130859375
1779805082.721776,Saccade,18.859033584594727,74.987,1428.1536865234375
1779805082.876899,Fixation,6.486967086791992,155.125,456.20452880859375
1779805082.896909,Saccade,14.828869819641113,20.007,1082.1251220703125
1779805082.977021,Fixation,4.166893005371094,80.118,391.932373046875
1779805083.002021,Saccade,12.991989135742188,25.0,1046.890380859375
1779805083.162154,Fixation,8.994878768920898,160.127,408.2901306152344
1779805083.312398,Saccade,24.44459342956543,150.248,1178.94580078125
1779805083.562521,Fixation,5.408236503601074,250.125,423.3016052246094
1779805083.582654,Saccade,22.367809295654297,20.125,1030.9708251953125
1779805083.792776,Fixation,4.29946231842041,210.125,395.2992248535156
1779805083.807787,Saccade,11.732390403747559,15.008,1002.739501953125
1779805083.952899,Fixation,5.213515281677246,145.117,485.3206787109375
1779805083.972898,Saccade,13.399255752563477,20.0,1065.584228515625
1779805084.128154,Fixation,8.45425796508789,155.25,461.2732849121094
1779805084.153154,Saccade,30.792858123779297,25.0,1285.044921875
1779805084.283276,Fixation,22.756179809570312,130.125,488.1291198730469
1779805084.298276,Saccade,2.924743413925171,15.0,941.2987060546875
1779805084.413399,Fixation,10.135912895202637,115.125,494.4145812988281
1779805084.523398,Saccade,7.709238052368164,110.0,1050.092041015625
1779805084.788654,Fixation,17.263233184814453,265.25,402.2583923339844
1779805084.923776,Saccade,17.656774520874023,135.125,1255.9200439453125
1779805085.048898,Fixation,13.16167163848877,125.125,461.51092529296875
1779805085.099021,Saccade,12.45771312713623,50.125,1386.8916015625
1779805085.288899,Fixation,2.5981647968292236,190.125,434.1012268066406
1779805085.444022,Saccade,26.941125869750977,155.125,1154.8590087890625
1779805085.824399,Fixation,18.41010284423828,380.375,452.08538818359375
1779805085.864399,Saccade,13.468368530273438,40.0,1274.4744873046875
1779805086.219766,Fixation,27.27577781677246,355.375,435.0689697265625
1779805086.269766,Saccade,11.606313705444336,50.0,1101.963623046875
1779805086.399899,Fixation,16.252586364746094,130.13,464.226806640625
1779805086.425033,Saccade,21.190216064453125,25.132,943.4476928710938
1779805086.645144,Fixation,15.210291862487793,220.113,497.3973083496094
1779805086.880399,Saccade,21.092161178588867,235.25,1026.630615234375
1779805087.170644,Fixation,24.52050018310547,290.25,404.6441650390625
1779805087.240766,Saccade,20.06220817565918,70.125,1217.8837890625
1779805087.430899,Fixation,26.123401641845703,190.125,403.93157958984375
1779805087.566033,Saccade,14.00677490234375,135.137,1171.7562255859375
1779805087.696144,Fixation,16.68808937072754,130.113,470.9625244140625
1779805087.716144,Saccade,21.983367919921875,20.002,1197.9039306640625
1779805087.871277,Fixation,15.944247245788574,155.135,336.6913146972656
1779805088.006399,Saccade,14.195396423339844,135.113,1242.3084716796875
1779805088.096522,Fixation,25.487506866455078,90.125,523.2340087890625
1779805088.121522,Saccade,13.303777694702148,25.0,1081.8662109375
1779805088.31143,Fixation,22.992645263671875,190.125,367.3116455078125
1779805088.391552,Saccade,13.875388145446777,80.125,1149.1065673828125
1779805088.481686,Fixation,3.212752342224121,90.125,460.9797668457031
1779805088.501686,Saccade,22.79421615600586,20.0,1007.0303955078125
1779805088.596808,Fixation,22.380170822143555,95.125,498.13372802734375
1779805088.616808,Saccade,16.055553436279297,20.0,1096.6776123046875
1779805088.77193,Fixation,23.282686233520508,155.125,400.0638427734375
1779805088.867052,Saccade,33.01395797729492,95.125,1181.82421875
1779805088.997185,Fixation,2.3299248218536377,130.13,418.8623046875
1779805089.022186,Saccade,28.202795028686523,24.995,1065.23876953125
1779805089.192308,Fixation,27.556825637817383,170.125,461.4491882324219
1779805089.457552,Saccade,6.043196678161621,265.25,1143.5679931640625
1779805089.87293,Fixation,6.201261043548584,415.375,477.1243591308594
1779805089.89293,Saccade,15.63873291015625,20.0,1138.0042724609375
1779805090.048052,Fixation,6.771688938140869,155.125,451.75762939453125
1779805090.063052,Saccade,15.007902145385742,15.0,1265.241943359375
1779805090.498552,Fixation,1.2754733562469482,435.5,441.406005859375
1779805090.533552,Saccade,22.803457260131836,35.0,986.6809692382812
1779805090.658685,Fixation,4.091276168823242,125.125,425.72021484375
1779805090.668685,Saccade,9.37822151184082,10.001,954.113037109375
1779805090.95393,Fixation,6.001789569854736,285.25,404.18414306640625
1779805090.993941,Saccade,9.596465110778809,40.014,1269.6163330078125
1779805091.174197,Fixation,6.0294904708862305,180.248,402.55120849609375
1779805091.224226,Saccade,9.750657081604004,49.988,933.3176879882812
1779805091.834726,Fixation,14.588434219360352,610.5,452.7251281738281
1779805091.98997,Saccade,15.411063194274902,155.25,1119.374267578125
1779805092.104982,Fixation,9.432821273803711,115.009,468.6431884765625
1779805092.285226,Saccade,10.748555183410645,180.241,1296.217529296875
1779805092.460359,Fixation,18.375988006591797,175.133,513.2229614257812
1779805092.485348,Saccade,18.724781036376953,24.995,1061.919921875
1779805092.680593,Fixation,19.964853286743164,195.247,381.44549560546875
1779805092.700593,Saccade,21.664724349975586,20.0,1187.970703125
1779805092.830726,Fixation,3.8682987689971924,130.125,417.35638427734375
1779805092.850726,Saccade,17.198606491088867,20.001,969.2272338867188
1779805093.055848,Fixation,13.694576263427734,205.124,448.9009704589844
1779805093.06597,Saccade,16.20534896850586,10.125,1164.187744140625
1779805093.276093,Fixation,7.315860748291016,210.125,467.1319274902344
1779805093.481348,Saccade,18.117284774780273,205.25,1193.6485595703125
1779805093.866593,Fixation,7.788887977600098,385.25,470.23016357421875
1779805093.961726,Saccade,11.016908645629883,95.125,1166.982177734375
1779805094.181971,Fixation,21.52098846435547,220.25,511.58966064453125
1779805094.502198,Saccade,25.705467224121094,320.25,1225.8414306640625
1779805094.63732,Fixation,12.696649551391602,135.127,407.5317077636719
1779805094.932575,Saccade,7.702579498291016,295.256,1121.65283203125
1779805095.057698,Fixation,15.883105278015137,125.122,490.19281005859375
1779805095.082697,Saccade,17.890287399291992,24.995,882.0122680664062
1779805095.18782,Fixation,7.167839050292969,105.13,478.1764221191406
1779805095.352942,Saccade,24.341196060180664,165.12,1242.2100830078125
1779805095.433064,Fixation,14.223959922790527,80.125,445.02764892578125
1779805095.453086,Saccade,9.089784622192383,20.013,1012.792724609375
1779805095.583197,Fixation,11.47583293914795,130.112,472.8429260253906
1779805095.608197,Saccade,24.104915618896484,25.0,1074.111083984375
1779805095.878442,Fixation,18.34498405456543,270.25,419.4129333496094
1779805096.013564,Saccade,6.556037902832031,135.125,1260.89599609375
1779805096.168697,Fixation,18.509843826293945,155.125,398.9853820800781
1779805096.18882,Saccade,37.6859016418457,20.125,1368.5140380859375
1779805096.29882,Fixation,13.267186164855957,110.0,483.53692626953125
1779805096.338942,Saccade,2.223357915878296,40.125,1099.540771484375
1779805096.504064,Fixation,3.6866605281829834,165.125,390.8049011230469
1779805096.534064,Saccade,3.6083321571350098,30.0,1239.4603271484375
1779805096.614197,Fixation,7.980226516723633,80.125,413.9176330566406
1779805096.73932,Saccade,10.034893989562988,125.125,1279.1361083984375
1779805097.004564,Fixation,22.830480575561523,265.25,482.1103515625
1779805097.119697,Saccade,11.563315391540527,115.125,1187.23974609375
1779805097.435012,Fixation,8.257566452026367,315.25,476.845703125
1779805097.460012,Saccade,23.267229080200195,25.0,1100.864501953125
1779805097.585145,Fixation,33.9102783203125,125.136,459.2677917480469
1779805097.605134,Saccade,20.48896026611328,19.989,998.6488037109375
1779805097.680267,Fixation,7.623108386993408,75.125,405.8041076660156
1779805097.795389,Saccade,15.870207786560059,115.125,1131.7447509765625
1779805097.960512,Fixation,12.41886043548584,165.125,422.6456298828125
1779805098.025512,Saccade,8.836037635803223,65.0,1110.165283203125
1779805098.185634,Fixation,14.586273193359375,160.125,452.96038818359375
1779805098.340778,Saccade,9.081398963928223,155.135,1258.8720703125
1779805098.455889,Fixation,15.423990249633789,115.115,416.0980224609375
1779805098.521012,Saccade,10.055863380432129,65.126,1030.9677734375
1779805098.676134,Fixation,22.06589698791504,155.124,471.2355041503906
1779805098.866267,Saccade,6.1465301513671875,190.13,1270.197021484375
1779805099.056512,Fixation,3.6962029933929443,190.245,437.9706115722656
1779805099.101512,Saccade,7.058560848236084,45.001,1159.73388671875
1779805099.281645,Fixation,26.059743881225586,180.125,426.3814392089844
1779805099.326767,Saccade,32.79280090332031,45.124,1276.1884765625
1779805099.45189,Fixation,30.039216995239258,125.125,455.3967590332031
1779805099.577012,Saccade,34.26243591308594,125.126,1263.1702880859375
1779805099.667012,Fixation,19.56283187866211,89.999,575.1314086914062
1779805099.757145,Saccade,8.953801155090332,90.126,1054.3563232421875
1779805099.862267,Fixation,16.967859268188477,105.124,491.3699645996094
1779805099.937267,Saccade,22.41689682006836,75.0,1321.954833984375
1779805100.157512,Fixation,18.734600067138672,220.251,493.0028381347656
1779805100.177512,Saccade,23.819921493530273,20.0,1225.71875
1779805100.337645,Fixation,21.477783203125,160.125,451.85723876953125
1779805100.357332,Saccade,18.63567543029785,20.0,1215.5390625
1779805100.662699,Fixation,27.419706344604492,305.375,418.2018127441406
1779805100.782832,Saccade,12.718459129333496,120.125,1163.1673583984375
1779805100.907832,Fixation,7.535379409790039,125.009,351.876708984375
1779805100.987954,Saccade,15.831762313842773,80.116,1025.261474609375
1779805101.133076,Fixation,21.771696090698242,145.125,424.5250244140625
1779805101.153087,Saccade,28.094247817993164,20.006,1219.0174560546875
1779805101.293198,Fixation,26.6932430267334,140.119,433.7835388183594
1779805101.333332,Saccade,26.82437515258789,40.125,1136.43408203125
1779805101.438332,Fixation,9.10338020324707,105.007,413.4630126953125
1779805101.458454,Saccade,26.03125762939453,20.118,1135.4130859375
1779805101.688576,Fixation,10.006088256835938,230.125,462.5981750488281
1779805101.703576,Saccade,23.797882080078125,15.0,1313.1895751953125
1779805101.818698,Fixation,7.694216251373291,115.126,536.607177734375
1779805101.888832,Saccade,6.292431354522705,70.124,1592.2752685546875
1779805102.088954,Fixation,20.460176467895508,200.125,440.9259948730469
1779805102.139076,Saccade,20.37083625793457,50.125,1409.6983642578125
1779805102.294199,Fixation,6.303763389587402,155.125,456.8617858886719
1779805102.309198,Saccade,13.542021751403809,15.0,1104.8717041015625
1779805102.589454,Fixation,9.820173263549805,280.25,462.5728454589844
1779805102.639454,Saccade,5.806783676147461,50.0,1353.6029052734375
1779805102.729576,Fixation,6.03043794631958,90.129,317.4064636230469
1779805102.929698,Saccade,35.29743194580078,200.121,1448.18994140625
1779805103.109954,Fixation,13.134140968322754,180.25,423.02703857421875
1779805103.320076,Saccade,9.514437675476074,210.125,1131.914306640625
1779805103.415821,Fixation,3.498443841934204,95.125,446.2787780761719
1779805103.615965,Saccade,11.27120304107666,200.136,1304.99462890625
1779805103.786199,Fixation,22.982088088989258,170.239,411.7877502441406
1779805103.811199,Saccade,37.87427520751953,25.0,1197.119140625
1779805103.896321,Fixation,10.917423248291016,85.125,525.0744018554688
1779805104.887199,Saccade,6.346531391143799,990.875,1191.478759765625
1779805104.967321,Fixation,11.936766624450684,80.125,439.6077880859375
1779805105.077321,Saccade,16.33026123046875,110.0,1129.80859375
1779805105.182454,Fixation,17.261327743530273,105.125,487.02923583984375
1779805105.292588,Saccade,15.554838180541992,110.134,1138.830078125
1779805105.402699,Fixation,6.012765407562256,110.116,484.9786376953125
1779805105.422699,Saccade,13.906706809997559,20.0,1054.3026123046875
1779805105.587821,Fixation,24.60172462463379,165.125,459.52520751953125
1779805105.612832,Saccade,20.114839553833008,25.011,965.1480712890625
1779805105.783077,Fixation,8.786917686462402,170.239,427.559814453125
1779805105.978199,Saccade,25.931901931762695,195.126,1314.435546875
1779805106.103321,Fixation,14.01923656463623,125.124,527.2965698242188
1779805106.178321,Saccade,9.005315780639648,75.0,1296.41259765625
1779805106.668458,Fixation,34.7749137878418,490.5,430.8673095703125
1779805106.688459,Saccade,19.300893783569336,20.0,946.2232666015625
1779805106.803592,Fixation,21.231578826904297,115.125,451.4309387207031
1779805106.833592,Saccade,25.407438278198242,30.0,1155.7947998046875
1779805106.913714,Fixation,13.883551597595215,80.125,507.3824157714844
1779805106.943714,Saccade,37.30931854248047,30.0,1279.5804443359375
1779805107.399092,Fixation,18.375232696533203,455.375,473.2964782714844
1779805107.614336,Saccade,7.573847770690918,215.25,1281.3853759765625
1779805107.839592,Fixation,13.780560493469238,225.25,431.885009765625
1779805107.949714,Saccade,16.380077362060547,110.125,1090.0894775390625
1779805108.420092,Fixation,25.88233184814453,470.376,428.22625732421875
1779805108.440092,Saccade,31.788362503051758,20.0,1246.3028564453125
1779805108.620214,Fixation,6.934405326843262,180.125,446.6379699707031
1779805108.705336,Saccade,1.784157156944275,85.124,1164.333740234375
1779805108.780459,Fixation,26.9498348236084,75.125,457.7481994628906
1779805108.915592,Saccade,36.611480712890625,135.126,1192.7054443359375
1779805109.090714,Fixation,35.850284576416016,175.125,470.43402099609375
1779805109.360959,Saccade,30.298803329467773,270.25,1361.5225830078125
1779805109.560804,Fixation,28.661890029907227,200.125,435.3179016113281
1779805109.660926,Saccade,10.565413475036621,100.125,1061.410400390625
1779805109.786048,Fixation,9.580694198608398,125.125,581.6053466796875
1779805109.806048,Saccade,20.346961975097656,20.0,1110.070068359375
1779805109.916171,Fixation,16.185890197753906,110.125,509.99884033203125
1779805109.946171,Saccade,16.938268661499023,30.0,1132.550537109375
1779805110.191426,Fixation,10.778366088867188,245.25,497.24066162109375
1779805110.231426,Saccade,7.620216369628906,40.0,1375.2347412109375
1779805110.386671,Fixation,19.095754623413086,155.25,442.7873840332031
1779805110.406682,Saccade,10.220341682434082,20.01,1167.9261474609375
1779805110.491671,Fixation,20.677682876586914,84.99,399.2129211425781
1779805110.611804,Saccade,11.340130805969238,120.134,1061.8577880859375
1779805110.741926,Fixation,7.4781012535095215,130.116,382.4449462890625
1779805110.761926,Saccade,21.351558685302734,20.004,1152.6346435546875
1779805110.872048,Fixation,13.834929466247559,110.121,433.263671875
1779805110.902048,Saccade,8.838558197021484,30.0,959.8795166015625
1779805111.272437,Fixation,11.835851669311523,370.382,441.2384948730469
1779805111.512671,Saccade,30.00813102722168,240.243,1296.64501953125
1779805111.617804,Fixation,10.527694702148438,105.125,486.3704833984375
1779805111.637804,Saccade,22.174951553344727,20.0,1307.22607421875
1779805111.807926,Fixation,25.054607391357422,170.125,509.8693542480469
1779805111.827926,Saccade,17.70411491394043,20.0,1187.22607421875
1779805111.968048,Fixation,6.346983432769775,140.125,460.4920349121094
1779805112.068171,Saccade,4.51664400100708,100.125,1073.734619140625
1779805112.228304,Fixation,11.253016471862793,160.125,406.8829345703125
1779805112.398615,Saccade,7.944534778594971,170.125,1212.80859375
1779805112.57386,Fixation,22.311397552490234,175.25,459.2996520996094
1779805112.678871,Saccade,23.80994987487793,105.006,1188.9287109375
1779805112.869115,Fixation,25.0944881439209,190.25,459.5423889160156
1779805112.894115,Saccade,23.066715240478516,24.995,1263.244873046875
1779805113.019238,Fixation,29.472782135009766,125.124,457.36767578125
1779805113.14436,Saccade,5.337989330291748,125.125,1238.3914794921875
1779805113.229493,Fixation,22.856704711914062,85.125,495.58837890625
1779805113.249493,Saccade,28.5424861907959,20.0,1261.981689453125
1779805113.504749,Fixation,27.723249435424805,255.255,357.4054870605469
1779805113.69486,Saccade,22.683902740478516,190.12,1313.5225830078125
1779805113.829993,Fixation,16.187240600585938,135.127,433.4256896972656
1779805113.930115,Saccade,19.905296325683594,100.123,1154.4278564453125
1779805114.140238,Fixation,11.053191184997559,210.125,451.2568359375
1779805114.19036,Saccade,25.21009635925293,50.125,1193.1639404296875
1779805114.335493,Fixation,33.40885543823242,145.13,493.0975646972656
1779805114.350493,Saccade,25.305316925048828,14.995,1290.5333251953125
1779805114.505615,Fixation,29.096725463867188,155.125,513.6541748046875
1779805114.580738,Saccade,9.736493110656738,75.125,1197.4105224609375
1779805114.875993,Fixation,4.6994524002075195,295.25,455.12939453125
1779805115.041116,Saccade,23.537982940673828,165.125,1236.0125732421875
1779805115.131238,Fixation,3.2364871501922607,90.125,334.67828369140625
1779805115.251238,Saccade,20.866117477416992,120.0,1137.2740478515625
1779805115.35636,Fixation,18.71790885925293,105.125,498.77789306640625
1779805115.381371,Saccade,28.11113739013672,25.001,1463.922607421875
1779805115.731942,Fixation,15.302751541137695,350.374,456.6710510253906
1779805115.862075,Saccade,11.022007942199707,130.126,1250.059814453125
1779805115.937197,Fixation,22.208520889282227,75.124,463.8681945800781
1779805115.967197,Saccade,13.673554420471191,30.001,1137.0538330078125
1779805116.19732,Fixation,7.871181488037109,230.124,439.37628173828125
1779805116.477586,Saccade,12.200495719909668,280.263,1213.635009765625
1779805116.762942,Fixation,11.033299446105957,285.363,444.9875793457031
1779805116.968075,Saccade,14.827418327331543,205.125,1088.0316162109375
1779805117.15332,Fixation,23.688127517700195,185.25,477.4143371582031
1779805117.168319,Saccade,24.31340217590332,14.999,1215.2916259765625
1779805117.268331,Fixation,7.338528633117676,100.009,380.4138488769531
1779805117.308453,Saccade,10.951910018920898,40.12,1120.045654296875
1779805117.583697,Fixation,3.9490489959716797,275.247,497.45196533203125
1779805117.608697,Saccade,3.8186862468719482,25.0,972.928955078125
1779805118.034075,Fixation,6.601404666900635,425.375,426.7543640136719
1779805118.059075,Saccade,18.259235382080078,25.0,1028.9141845703125
1779805118.30432,Fixation,17.9071102142334,245.25,429.84820556640625
1779805118.359319,Saccade,5.866137981414795,55.0,1086.743408203125
1779805118.5193,Fixation,20.827787399291992,160.25,417.4580078125
1779805118.539299,Saccade,24.73546028137207,20.0,1249.3790283203125
1779805118.639422,Fixation,15.350916862487793,100.125,438.51611328125
1779805118.659422,Saccade,20.936206817626953,20.0,1330.6873779296875
1779805118.839544,Fixation,8.788527488708496,180.125,493.6820983886719
1779805118.889544,Saccade,14.56472396850586,50.0,1222.4254150390625
1779805119.069799,Fixation,12.48849105834961,180.25,379.02020263671875
1779805119.179922,Saccade,13.7606840133667,110.125,1127.852294921875
1779805119.585299,Fixation,22.67356300354004,405.375,461.6935729980469
1779805119.605299,Saccade,25.862651824951172,20.0,1135.5123291015625
1779805119.685299,Fixation,8.324666976928711,80.004,438.63671875
1779805119.950544,Saccade,30.14000129699707,265.246,1198.536376953125
1779805120.025666,Fixation,7.567357540130615,75.125,430.72381591796875
1779805120.2258,Saccade,13.63288402557373,200.125,1137.5606689453125
1779805120.390922,Fixation,2.995149850845337,165.125,473.3730773925781
1779805120.406044,Saccade,13.548444747924805,15.125,943.1384887695312
1779805120.531044,Fixation,9.992831230163574,125.0,489.64251708984375
1779805120.581166,Saccade,19.819732666015625,50.125,1257.5042724609375
1779805120.7263,Fixation,23.777637481689453,145.125,395.43658447265625
1779805120.991544,Saccade,20.48726463317871,265.251,1055.93212890625
1779805121.191666,Fixation,2.2860207557678223,200.124,403.0168151855469
1779805121.236799,Saccade,8.780864715576172,45.125,1556.563232421875
1779805121.3218,Fixation,9.690738677978516,85.0,357.5693664550781
1779805121.351922,Saccade,16.16840362548828,30.125,1534.1097412109375
1779805121.461922,Fixation,11.462382316589355,110.0,495.07464599609375
1779805121.492726,Saccade,16.12662696838379,30.125,1043.41162109375
1779805121.627848,Fixation,24.491939544677734,135.125,416.43603515625
1779805121.747848,Saccade,15.405492782592773,120.0,1136.7498779296875
1779805121.822982,Fixation,8.397628784179688,75.125,405.8766174316406
1779805121.877982,Saccade,6.316949844360352,55.0,1148.398681640625
1779805122.048226,Fixation,18.48455047607422,170.25,395.01416015625
1779805122.163348,Saccade,8.979331016540527,115.125,1035.225830078125
1779805122.293482,Fixation,13.668644905090332,130.125,472.85968017578125
1779805122.403481,Saccade,17.067398071289062,110.0,1167.791748046875
1779805122.553604,Fixation,12.875581741333008,150.132,358.2975158691406
1779805122.568726,Saccade,31.103418350219727,15.118,1339.375
1779805122.728848,Fixation,11.95574951171875,160.125,473.3873596191406
1779805122.753848,Saccade,28.809476852416992,25.0,1003.8504028320312
1779805122.898982,Fixation,9.188881874084473,145.125,483.2224426269531
1779805122.989104,Saccade,14.663161277770996,90.125,1355.01708984375
1779805123.429482,Fixation,22.594482421875,440.375,433.5758972167969
1779805123.584604,Saccade,19.106626510620117,155.126,1198.572265625
1779805123.694726,Fixation,11.680041313171387,110.125,513.433837890625
1779805123.724726,Saccade,13.665448188781738,30.0,1145.820068359375
1779805123.804848,Fixation,14.320411682128906,80.125,460.5528259277344
1779805123.819848,Saccade,17.20588493347168,15.0,1087.1939697265625
1779805123.999982,Fixation,13.800992965698242,180.128,431.9230041503906
1779805124.060104,Saccade,15.34522533416748,60.122,1174.4654541015625
1779805124.245237,Fixation,14.653939247131348,185.14,387.316162109375
1779805124.320237,Saccade,10.280091285705566,74.991,1048.1719970703125
1779805124.405348,Fixation,9.866131782531738,85.119,372.9936828613281
1779805124.560357,Saccade,15.351445198059082,155.125,1122.24072265625
1779805124.805601,Fixation,16.673473358154297,245.25,346.7128601074219
1779805124.975723,Saccade,2.0438742637634277,170.125,1159.20458984375
1779805125.130857,Fixation,7.0196943283081055,155.125,460.3314208984375
1779805125.250979,Saccade,16.815343856811523,120.125,1213.3944091796875
1779805125.426223,Fixation,17.795207977294922,175.25,440.6469421386719
1779805125.461223,Saccade,12.737455368041992,35.001,1119.7921142578125
1779805125.916601,Fixation,11.488253593444824,455.374,440.6579895019531
1779805125.971723,Saccade,13.772832870483398,55.125,1348.228515625
1779805126.086857,Fixation,27.813093185424805,115.129,421.6439514160156
1779805126.201857,Saccade,16.630496978759766,114.996,1253.8095703125
1779805126.276979,Fixation,18.25383949279785,75.125,507.99884033203125
1779805126.407101,Saccade,8.932589530944824,130.125,1166.930908203125
1779805126.527223,Fixation,7.366150856018066,120.125,450.23583984375
1779805126.547235,Saccade,16.849336624145508,20.01,909.7544555664062
1779805126.707357,Fixation,31.811668395996094,160.115,460.5018005371094
1779805126.722357,Saccade,24.270158767700195,15.0,1332.895751953125
1779805126.967601,Fixation,8.456746101379395,245.25,435.62188720703125
1779805127.002601,Saccade,23.424301147460938,35.0,1184.2784423828125
1779805127.082723,Fixation,6.834496974945068,80.125,434.38372802734375
1779805127.102723,Saccade,28.380573272705078,20.0,1132.822998046875
1779805127.327979,Fixation,21.45440673828125,225.25,432.4532165527344
1779805127.372979,Saccade,4.597169876098633,45.0,1353.7532958984375
1779805127.572988,Fixation,20.694852828979492,200.258,444.495849609375
1779805127.687977,Saccade,18.663270950317383,114.992,1074.53125
1779805127.77811,Fixation,13.534299850463867,90.133,406.99676513671875
1779805127.858232,Saccade,15.053823471069336,80.117,1314.541748046875
1779805127.983355,Fixation,15.426148414611816,125.125,382.11053466796875
1779805128.003355,Saccade,8.539575576782227,20.0,1098.349853515625
1779805128.143477,Fixation,15.082127571105957,140.125,423.23468017578125
1779805128.163477,Saccade,22.226640701293945,20.0,1056.0174560546875
1779805128.25861,Fixation,1.291237235069275,95.125,491.4287109375
1779805128.27861,Saccade,17.23514175415039,20.0,1011.1723022460938
1779805128.483732,Fixation,11.292174339294434,205.13,498.65667724609375
1779805128.763977,Saccade,20.40119743347168,280.245,1338.5084228515625
1779805129.054233,Fixation,0.5150367617607117,290.25,463.82586669921875
1779805129.089355,Saccade,11.610081672668457,35.125,1152.551025390625
1779805129.209477,Fixation,16.166305541992188,120.125,449.26580810546875
1779805129.264477,Saccade,16.374067306518555,55.0,1118.2861328125
1779805129.45961,Fixation,1.5497069358825684,195.13,481.1058349609375
1779805129.534733,Saccade,23.854360580444336,75.12,1355.5201416015625
1779805129.736188,Fixation,46.54289245605469,201.453,439.9474182128906
1779805129.749977,Saccade,27.977880477905273,13.797,1016.39501953125
1779805129.90011,Fixation,20.72423553466797,150.125,454.5584716796875
1779805129.95011,Saccade,21.979087829589844,50.004,981.1923217773438
1779805130.050233,Fixation,8.682734489440918,100.121,478.217041015625
1779805130.140233,Saccade,21.319787979125977,90.0,990.7042236328125
1779805130.255355,Fixation,11.262005805969238,115.125,497.3406982421875
1779805130.270355,Saccade,8.011069297790527,15.0,978.08056640625
1779805130.360477,Fixation,10.690958976745605,90.125,445.5701599121094
1779805130.43061,Saccade,18.575590133666992,70.125,1050.1033935546875
1779805131.241452,Fixation,21.694866180419922,810.751,433.1996154785156
1779805131.301452,Saccade,24.761003494262695,60.0,957.1193237304688
1779805131.431586,Fixation,6.989328861236572,130.136,508.3182373046875
1779805131.496586,Saccade,3.9826126098632812,64.994,1070.90185546875
1779805131.63183,Fixation,12.11798095703125,135.245,387.4812316894531
1779805131.891952,Saccade,8.364946365356445,260.125,1188.6861572265625
1779805132.042208,Fixation,10.99559497833252,150.25,392.51080322265625
1779805132.062208,Saccade,17.428693771362305,20.0,1054.8280029296875
1779805132.402452,Fixation,13.633476257324219,340.253,494.1593322753906
1779805132.497575,Saccade,7.923962593078613,95.122,1241.2523193359375
1779805132.662708,Fixation,5.95590353012085,165.132,491.78143310546875
1779805132.76783,Saccade,8.158920288085938,105.118,1296.676513671875
1779805133.018075,Fixation,11.413745880126953,250.25,392.35662841796875
1779805133.138208,Saccade,11.14563274383545,120.13,1024.3431396484375
1779805133.223208,Fixation,21.79352569580078,84.995,482.0962829589844
1779805133.26333,Saccade,10.120474815368652,40.125,1015.4620971679688
1779805133.818751,Fixation,8.180096626281738,555.5,417.11785888671875
1779805133.838751,Saccade,23.005157470703125,20.0,1064.4503173828125
1779805134.003873,Fixation,31.816146850585938,165.125,431.8591003417969
1779805134.053873,Saccade,8.020853042602539,50.0,1216.822265625
1779805134.254129,Fixation,5.1443963050842285,200.257,458.1164245605469
1779805134.419251,Saccade,18.855785369873047,165.118,1398.954833984375
1779805134.574373,Fixation,11.79382610321045,155.125,451.9779968261719
1779805134.589373,Saccade,14.859375953674316,15.0,1137.55322265625
1779805134.81464,Fixation,20.926738739013672,225.265,331.4918212890625
1779805135.039873,Saccade,25.24270248413086,225.235,1224.1031494140625
1779805135.219995,Fixation,22.41449546813965,180.125,401.5295715332031
1779805135.244995,Saccade,19.44572639465332,25.0,1178.4088134765625
1779805135.355129,Fixation,7.7476372718811035,110.125,499.3935546875
1779805135.405129,Saccade,10.362709045410156,50.0,1160.920166015625
1779805135.480251,Fixation,18.779815673828125,75.125,431.3028869628906
1779805135.490262,Saccade,13.263753890991211,10.009,1083.2137451171875
1779805135.620373,Fixation,11.499504089355469,130.116,477.4723815917969
1779805135.635384,Saccade,19.852014541625977,15.006,1239.2960205078125
1779805135.910629,Fixation,11.661320686340332,275.244,416.8990173339844
1779805136.185873,Saccade,7.543157577514648,275.25,1086.9840087890625
1779805136.300995,Fixation,21.567798614501953,115.125,440.448974609375
1779805136.466129,Saccade,5.651808261871338,165.125,1358.648681640625
1779805136.756188,Fixation,5.773749351501465,290.252,382.2507629394531
1779805136.771199,Saccade,20.503772735595703,15.004,1123.12939453125
1779805137.016443,Fixation,12.347622871398926,245.244,484.2467346191406
1779805137.231688,Saccade,12.862024307250977,215.252,1107.7247314453125
1779805137.42181,Fixation,6.4385294914245605,190.123,458.4352111816406
1779805137.592065,Saccade,17.793170928955078,170.25,1249.441162109375
1779805137.757188,Fixation,6.104905128479004,165.126,346.6247253417969
1779805137.777188,Saccade,14.189586639404297,20.0,1038.787109375
1779805137.862199,Fixation,14.146493911743164,85.008,381.94580078125
1779805137.87731,Saccade,14.908028602600098,15.116,1039.560302734375
1779805137.957321,Fixation,13.10916519165039,80.001,335.5304870605469
1779805138.147565,Saccade,4.913960933685303,190.249,1202.5216064453125
1779805138.242565,Fixation,16.561412811279297,95.0,463.2424621582031
1779805138.347688,Saccade,18.27779197692871,105.126,1293.869384765625
1779805138.497821,Fixation,5.8467936515808105,150.13,427.9107360839844
1779805138.537943,Saccade,10.954553604125977,40.12,1099.72998046875
1779805138.778065,Fixation,7.365060806274414,240.125,430.0345764160156
1779805138.933188,Saccade,22.372119903564453,155.125,1213.0364990234375
1779805139.078321,Fixation,23.73973274230957,145.135,420.63800048828125
1779805139.148443,Saccade,15.449464797973633,70.115,1184.75146484375
1779805139.228565,Fixation,20.39283561706543,80.125,357.3671569824219
1779805139.368688,Saccade,16.473461151123047,140.125,1278.9007568359375
1779805139.759563,Fixation,22.356061935424805,390.375,419.3780822753906
1779805139.834563,Saccade,5.1248297691345215,75.0,1153.0462646484375
1779805139.919686,Fixation,20.59319305419922,85.125,463.452392578125
1779805139.939686,Saccade,19.595069885253906,20.0,1027.1663818359375
1779805140.014686,Fixation,5.831969738006592,75.0,469.8513488769531
1779805140.029819,Saccade,16.7366943359375,15.125,1187.112060546875
1779805140.109819,Fixation,6.5881571769714355,80.0,488.44091796875
1779805140.139819,Saccade,7.188382625579834,30.0,1040.3018798828125
1779805140.214941,Fixation,13.114253997802734,75.13,363.2243957519531
1779805140.300075,Saccade,15.843499183654785,85.133,1137.0452880859375
1779805140.495186,Fixation,18.631160736083984,195.112,412.6104736328125
1779805140.715441,Saccade,13.554878234863281,220.25,1267.99072265625
1779805140.895564,Fixation,6.592148780822754,180.125,456.9172058105469
1779805140.915564,Saccade,18.933992385864258,20.0,1024.0328369140625
1779805141.090686,Fixation,16.095474243164062,175.125,432.7213134765625
1779805141.155819,Saccade,4.590261459350586,65.125,1334.04931640625
1779805141.240941,Fixation,16.840742111206055,85.125,327.51190185546875
1779805141.386064,Saccade,14.799078941345215,145.125,1304.8251953125
1779805141.776319,Fixation,14.361766815185547,390.25,524.8912963867188
1779805141.816441,Saccade,15.351900100708008,40.125,1080.2294921875
1779805142.071686,Fixation,14.136314392089844,255.25,444.5171203613281
1779805142.146686,Saccade,27.089406967163086,75.0,1121.809814453125
1779805142.522075,Fixation,19.66739845275879,375.386,408.3662109375
1779805142.607197,Saccade,4.844728946685791,85.119,1056.7430419921875
1779805142.722186,Fixation,28.752710342407227,114.995,433.5704345703125
1779805142.897076,Saccade,10.73071002960205,175.25,1260.16650390625
1779805143.052198,Fixation,6.120340347290039,155.125,452.89398193359375
1779805143.117198,Saccade,8.682731628417969,65.0,1150.46435546875
1779805143.412576,Fixation,1.4973961114883423,295.375,429.6319885253906
1779805143.527587,Saccade,10.667069435119629,115.01,1304.74267578125
1779805143.907954,Fixation,16.21224021911621,380.365,445.8755798339844
1779805144.738698,Saccade,23.707372665405273,830.75,1328.967529296875
1779805144.81882,Fixation,16.44988441467285,80.125,476.4158630371094
1779805144.82882,Saccade,11.876801490783691,10.001,895.8641967773438
1779805144.933954,Fixation,16.675453186035156,105.125,442.09967041015625
1779805145.039076,Saccade,23.91175079345703,105.124,1120.0531005859375
1779805145.159076,Fixation,21.77683448791504,120.001,465.9557800292969
1779805145.174087,Saccade,12.7891263961792,15.012,881.18408203125
1779805145.294198,Fixation,6.269947052001953,120.112,413.1614074707031
1779805145.33932,Saccade,34.26107406616211,45.125,962.088623046875
1779805145.444454,Fixation,34.800052642822266,105.126,452.2004699707031
1779805145.584576,Saccade,12.002084732055664,140.125,1224.856201171875
1779805145.649576,Fixation,27.692401885986328,65.002,437.104736328125
1779805145.794791,Saccade,10.754008293151855,145.123,1283.6939697265625
1779805146.615547,Fixation,15.817545890808105,820.75,408.54718017578125
1779805146.715669,Saccade,6.805246829986572,100.125,1148.7003173828125
1779805146.820791,Fixation,11.112902641296387,105.125,390.8151550292969
1779805146.850791,Saccade,30.10483169555664,30.0,1149.2047119140625
1779805147.101047,Fixation,26.897157669067383,250.25,400.85302734375
1779805147.201047,Saccade,12.305548667907715,100.008,1143.7955322265625
1779805147.281169,Fixation,12.918957710266113,80.117,372.6271057128906
1779805147.356291,Saccade,5.638071060180664,75.125,1198.453125
1779805147.741669,Fixation,17.75315284729004,385.375,472.2040710449219
1779805147.761669,Saccade,22.930774688720703,20.0,1157.4820556640625
1779805147.951802,Fixation,28.2825984954834,190.134,435.6174011230469
1779805148.046913,Saccade,18.256025314331055,95.116,1037.9017333984375
1779805148.33218,Fixation,16.422330856323242,285.261,455.8673400878906
1779805148.41718,Saccade,23.0870361328125,85.001,1110.740234375
1779805148.567413,Fixation,18.23145294189453,150.238,438.7273864746094
1779805148.692547,Saccade,13.566726684570312,125.125,1002.0113525390625
1779805148.787547,Fixation,3.364337205886841,95.0,373.5981750488281
1779805148.917639,Saccade,7.157922744750977,130.125,1016.9208984375
1779805149.303017,Fixation,17.60744857788086,385.375,410.1843566894531
1779805149.408139,Saccade,12.240388870239258,105.125,1059.3140869140625
1779805149.553262,Fixation,20.675331115722656,145.125,438.6015625
1779805149.573272,Saccade,16.536643981933594,20.005,1219.255615234375
1779805149.698384,Fixation,24.619382858276367,125.12,465.9435729980469
1779805149.873517,Saccade,4.985939025878906,175.125,1272.6253662109375
1779805149.94865,Fixation,11.755149841308594,75.134,438.5449523925781
1779805150.053761,Saccade,14.97706413269043,105.116,1161.208984375
1779805150.178884,Fixation,11.300877571105957,125.125,428.55084228515625
1779805150.278895,Saccade,6.708599090576172,100.009,1521.0587158203125
1779805150.589262,Fixation,12.37224006652832,310.367,393.371826171875
1779805150.714262,Saccade,2.5583975315093994,124.999,1060.227294921875
1779805150.834384,Fixation,15.701553344726562,120.125,474.9788818359375
1779805151.179761,Saccade,5.3809356689453125,345.375,1135.724365234375
1779805151.329884,Fixation,5.655812740325928,150.125,452.95953369140625
1779805151.460017,Saccade,13.45556354522705,130.13,1314.72412109375
1779805151.565139,Fixation,9.712435722351074,105.12,466.72686767578125
1779805151.655139,Saccade,15.577371597290039,90.0,1187.982421875
1779805151.825384,Fixation,11.609394073486328,170.25,421.2196960449219
1779805151.845395,Saccade,21.626182556152344,20.006,1099.577880859375
1779805152.240856,Fixation,15.333826065063477,395.37,446.64923095703125
1779805152.601111,Saccade,14.961471557617188,360.25,1259.58203125
1779805152.821356,Fixation,10.706989288330078,220.25,434.01959228515625
1779805152.931489,Saccade,4.97851037979126,110.13,1202.834716796875
1779805153.086612,Fixation,8.911063194274902,155.12,411.2154235839844
1779805153.201734,Saccade,24.283584594726562,115.125,1200.973388671875
1779805153.296856,Fixation,9.99866008758545,95.125,516.1964111328125
1779805153.316856,Saccade,23.420425415039062,20.0,1128.923095703125
1779805153.476978,Fixation,8.567081451416016,160.125,464.4844055175781
1779805153.521978,Saccade,25.509967803955078,45.0,1202.8262939453125
1779805153.652111,Fixation,12.816174507141113,130.125,368.37274169921875
1779805153.702234,Saccade,17.473039627075195,50.125,1077.2332763671875
1779805153.782234,Fixation,10.628817558288574,80.0,395.9308776855469
1779805153.807234,Saccade,21.83778953552246,25.0,1099.0784912109375
1779805154.177611,Fixation,13.661603927612305,370.375,392.9735412597656
1779805154.202611,Saccade,32.40896987915039,25.0,1091.392333984375
1779805154.302734,Fixation,19.94583511352539,100.125,434.663818359375
1779805154.572978,Saccade,0.8111540079116821,270.25,1148.4422607421875
1779805154.773111,Fixation,4.215085029602051,200.133,468.06304931640625
1779805154.853337,Saccade,9.359517097473145,80.117,949.9725952148438
1779805154.938459,Fixation,18.74446678161621,85.125,443.6387023925781
1779805154.963459,Saccade,13.304840087890625,25.0,906.26220703125
1779805155.714081,Fixation,10.162081718444824,750.625,445.4718933105469
1779805155.834215,Saccade,11.718999862670898,120.125,1312.1142578125
1779805155.944337,Fixation,3.739089012145996,110.125,511.5387268066406
1779805155.969337,Saccade,30.601974487304688,25.005,1142.675537109375
1779805156.209581,Fixation,11.489468574523926,240.245,427.8216552734375
1779805156.239581,Saccade,14.601265907287598,30.0,1086.541015625
1779805156.319715,Fixation,19.114049911499023,80.125,455.72967529296875
1779805156.685081,Saccade,16.027681350708008,365.375,1280.825439453125
1779805156.815215,Fixation,24.270586013793945,130.125,487.96539306640625
1779805156.840215,Saccade,26.413393020629883,25.0,1097.5679931640625
1779805156.975337,Fixation,13.796552658081055,135.125,411.7349853515625
1779805157.025337,Saccade,6.326641082763672,50.0,1085.5511474609375
1779805157.370715,Fixation,12.702676773071289,345.375,438.1133117675781
1779805157.590837,Saccade,18.08832550048828,220.125,1338.6392822265625
1779805157.811081,Fixation,19.592721939086914,220.25,452.7070617675781
1779805158.051157,Saccade,11.488408088684082,240.25,1210.838623046875
1779805158.221279,Fixation,8.564260482788086,170.125,420.97686767578125
1779805158.236279,Saccade,16.1077823638916,15.001,1114.6878662109375
1779805158.371401,Fixation,12.291959762573242,135.124,451.9627685546875
1779805158.516535,Saccade,17.407068252563477,145.125,1128.7003173828125
1779805158.691657,Fixation,8.293878555297852,175.125,398.2019348144531
1779805158.706779,Saccade,17.049917221069336,15.125,1293.168212890625
1779805158.786779,Fixation,16.4445743560791,80.001,461.3654479980469
1779805158.801779,Saccade,18.26527976989746,15.0,1314.5819091796875
1779805158.901901,Fixation,23.87262535095215,100.124,427.75054931640625
1779805158.926912,Saccade,21.29427146911621,25.001,1126.48583984375
1779805159.032035,Fixation,10.112850189208984,105.124,458.1184997558594
1779805159.052035,Saccade,9.418791770935059,20.005,1003.6951904296875
1779805159.132157,Fixation,23.004796981811523,80.121,476.8107604980469
1779805159.152168,Saccade,26.13283348083496,20.01,1179.537353515625
1779805159.272279,Fixation,4.9416117668151855,120.115,382.7503967285156
1779805159.457412,Saccade,12.507314682006836,185.125,1202.456787109375
1779805159.912779,Fixation,13.542013168334961,455.375,455.8028564453125
1779805159.927923,Saccade,13.462713241577148,15.136,1074.5234375
1779805160.188035,Fixation,13.266900062561035,260.114,447.11859130859375
1779805160.208157,Saccade,19.736804962158203,20.125,1123.822021484375
1779805160.298157,Fixation,16.54725456237793,90.0,383.0556945800781
1779805160.373279,Saccade,7.934549331665039,75.125,1329.950439453125
1779805160.578424,Fixation,12.098764419555664,205.136,425.8948974609375
1779805160.593412,Saccade,11.024410247802734,14.993,1047.0015869140625
1779805160.818657,Fixation,22.06660270690918,225.249,529.511474609375
1779805160.839012,Saccade,33.59978103637695,19.997,1447.71142578125
1779805161.019268,Fixation,9.88369369506836,180.25,457.59588623046875
1779805161.074268,Saccade,4.315370082855225,55.0,1280.5928955078125
1779805161.23939,Fixation,2.822113513946533,165.125,418.21917724609375
1779805161.614768,Saccade,22.873258590698242,375.375,1337.489501953125
1779805161.71489,Fixation,10.413786888122559,100.125,477.4399108886719
1779805161.820012,Saccade,7.369621276855469,105.125,940.6668090820312
1779805161.955134,Fixation,19.70741844177246,135.125,457.73583984375
1779805162.010134,Saccade,10.694450378417969,55.0,1099.74462890625
1779805162.23039,Fixation,14.038251876831055,220.252,459.5900573730469
1779805162.435512,Saccade,15.72692584991455,205.123,1189.6220703125
1779805162.580657,Fixation,14.368523597717285,145.139,376.7148742675781
1779805162.625634,Saccade,12.18404483795166,44.986,1054.1849365234375
1779805162.750768,Fixation,15.222582817077637,125.125,349.4902648925781
1779805162.77589,Saccade,31.729923248291016,25.128,1222.24462890625
1779805162.946012,Fixation,22.627397537231445,170.122,439.8365783691406
1779805162.961012,Saccade,16.390592575073242,15.004,1320.0626220703125
1779805163.111145,Fixation,16.64967918395996,150.126,462.8236389160156
1779805163.136134,Saccade,22.207239151000977,24.995,1372.8634033203125
1779805163.216268,Fixation,13.108553886413574,80.125,508.00946044921875
1779805163.266268,Saccade,9.094685554504395,50.0,1362.7735595703125
1779805163.39639,Fixation,9.559247970581055,130.125,487.6878662109375
1779805163.486512,Saccade,15.7899169921875,90.125,1158.5755615234375
1779805163.581634,Fixation,13.633672714233398,95.125,497.37042236328125
1779805163.641634,Saccade,17.74588966369629,60.0,1130.4361572265625
1779805164.271876,Fixation,20.508098602294922,630.625,429.12408447265625
1779805164.386998,Saccade,8.718846321105957,115.125,989.4924926757812
1779805164.727242,Fixation,28.896770477294922,340.25,434.1280517578125
1779805164.752242,Saccade,18.622268676757812,25.0,902.1675415039062
1779805164.922376,Fixation,10.859081268310547,170.125,419.73626708984375
1779805164.992498,Saccade,7.3002166748046875,70.125,1247.7978515625
1779805165.322742,Fixation,11.370471000671387,330.25,440.786376953125
1779805165.347876,Saccade,14.647132873535156,25.125,1110.4351806640625
1779805165.422876,Fixation,8.32983112335205,75.001,369.7886657714844
1779805165.507998,Saccade,23.687524795532227,85.124,1158.026611328125
1779805165.588009,Fixation,22.366844177246094,80.008,369.08868408203125
1779805165.60812,Saccade,16.800945281982422,20.117,1244.563232421875
1779805165.938376,Fixation,24.072715759277344,330.259,437.9845886230469
1779805166.14862,Saccade,25.660886764526367,210.242,1317.7115478515625
1779805166.719131,Fixation,19.09752082824707,570.512,413.62457275390625
1779805166.979616,Saccade,16.164051055908203,260.238,1241.323974609375
1779805167.094627,Fixation,21.920042037963867,115.012,371.414306640625
1779805167.114738,Saccade,16.25958824157715,20.113,980.5359497070312
1779805167.27486,Fixation,19.398012161254883,160.125,462.91241455078125
1779805167.394982,Saccade,4.216331958770752,120.125,1172.0238037109375
1779805167.505116,Fixation,5.835123538970947,110.125,451.7413635253906
1779805167.590116,Saccade,14.44809627532959,85.0,1325.2275390625
1779805167.750238,Fixation,24.27926254272461,160.125,414.3214111328125
1779805167.775249,Saccade,20.44269561767578,25.012,1227.648193359375
1779805167.86536,Fixation,0.8273336887359619,90.113,592.6989135742188
1779805168.075616,Saccade,13.291094779968262,210.25,1032.97216796875
1779805168.225738,Fixation,9.39129638671875,150.125,429.7923583984375
1779805168.43086,Saccade,15.62033748626709,205.125,1437.9442138671875
1779805168.575982,Fixation,12.58023452758789,145.125,496.5250549316406
1779805168.591116,Saccade,14.117988586425781,15.125,1147.1744384765625
1779805168.686116,Fixation,25.247262954711914,95.0,531.1312866210938
1779805168.716116,Saccade,28.590457916259766,30.0,1150.0615234375
1779805168.806238,Fixation,9.49574089050293,90.125,465.3873596191406
1779805168.971371,Saccade,15.942302703857422,165.131,1288.0780029296875
1779805169.071482,Fixation,28.8476505279541,100.12,488.23876953125
1779805169.40686,Saccade,23.38014793395996,335.377,1087.3519287109375
1779805169.556983,Fixation,2.8404219150543213,150.122,461.3503723144531
1779805169.571982,Saccade,12.524117469787598,15.0,1219.2216796875
1779805169.672116,Fixation,9.011667251586914,100.125,375.196044921875
1779805169.692127,Saccade,19.47965431213379,20.016,1097.2357177734375
1779805170.002177,Fixation,2.2865025997161865,310.234,438.8613586425781
1779805170.052177,Saccade,6.7943644523620605,50.0,1120.5294189453125
1779805170.207322,Fixation,13.009325981140137,155.138,456.4159240722656
1779805170.352566,Saccade,5.777120590209961,145.244,1199.925537109375
1779805170.582677,Fixation,4.485384464263916,230.121,429.0335388183594
1779805170.772933,Saccade,25.77077865600586,190.247,1220.2879638671875
1779805170.862944,Fixation,18.293212890625,90.013,399.4004211425781
1779805170.938055,Saccade,9.574161529541016,75.112,1130.5576171875
1779805171.038177,Fixation,13.715849876403809,100.125,401.3474426269531
1779805171.128177,Saccade,12.285749435424805,90.004,1251.68359375
1779805171.263299,Fixation,14.476954460144043,135.121,390.48394775390625
1779805171.2833,Saccade,24.640199661254883,20.0,1129.510986328125
1779805171.648677,Fixation,7.881719589233398,365.375,451.7855529785156
1779805171.668677,Saccade,22.8478946685791,20.0,1172.2540283203125
1779805171.893933,Fixation,16.459083557128906,225.25,423.8682556152344
1779805171.908933,Saccade,12.860910415649414,15.0,1073.530029296875
1779805172.049055,Fixation,11.674834251403809,140.125,435.4761962890625
1779805172.109177,Saccade,12.905675888061523,60.125,1079.941650390625
1779805172.279299,Fixation,21.94542694091797,170.126,431.492919921875
1779805172.514555,Saccade,4.0469279289245605,235.249,1070.970703125
1779805172.604566,Fixation,26.763839721679688,90.007,436.1751403808594
1779805172.654677,Saccade,6.435150623321533,50.118,1302.4320068359375
1779805172.909822,Fixation,4.009052753448486,255.142,476.01763916015625
1779805172.985219,Saccade,4.868044853210449,75.11,1858.9453125
1779805173.080341,Fixation,8.288932800292969,95.123,469.7618408203125
1779805173.175341,Saccade,10.50844669342041,95.0,1068.1802978515625
1779805173.280463,Fixation,16.03671646118164,105.127,435.4959411621094
1779805173.295463,Saccade,17.447187423706055,14.998,986.5941772460938
1779805173.405585,Fixation,22.332048416137695,110.126,385.5596618652344
1779805173.866085,Saccade,6.487659454345703,460.5,1231.9427490234375
1779805174.316463,Fixation,24.617782592773438,450.375,424.5643615722656
1779805174.331463,Saccade,6.140700817108154,15.0,1268.3779296875
1779805174.506585,Fixation,13.95585823059082,175.125,474.2817687988281
1779805174.556719,Saccade,19.841144561767578,50.125,1070.1356201171875
1779805174.741841,Fixation,15.015862464904785,185.13,517.9871215820312
1779805174.756841,Saccade,18.869529724121094,14.995,1030.585205078125
1779805175.187218,Fixation,13.697071075439453,430.383,430.8535461425781
1779805175.255241,Saccade,3.7908246517181396,68.015,1401.6708984375
1779805175.342341,Fixation,11.394668579101562,87.102,448.19049072265625
1779805175.502585,Saccade,13.7747220993042,160.25,1316.979736328125
1779805175.687719,Fixation,14.134139060974121,185.125,439.57659912109375
1779805175.707719,Saccade,25.537744522094727,20.002,1364.4954833984375
1779805175.782841,Fixation,21.94507598876953,75.123,457.3213806152344
1779805175.802841,Saccade,21.554058074951172,20.0,1154.0943603515625
1779805176.033242,Fixation,8.947885513305664,230.25,478.8525390625
1779805176.053242,Saccade,20.27138328552246,20.0,1064.849609375
1779805176.288375,Fixation,30.098922729492188,235.125,471.58013916015625
1779805176.303497,Saccade,18.574304580688477,15.125,1134.2064208984375
1779805176.643742,Fixation,3.652754783630371,340.25,489.7843933105469
1779805176.663742,Saccade,24.841751098632812,20.0,1105.234619140625
1779805176.753875,Fixation,4.736695766448975,90.125,479.9632263183594
1779805176.768875,Saccade,14.094124794006348,15.005,921.3216552734375
1779805176.868997,Fixation,3.8475546836853027,100.12,473.8783874511719
1779805176.888997,Saccade,23.20546531677246,20.0,960.6661376953125
1779805177.049131,Fixation,29.06177520751953,160.135,374.9232177734375
1779805177.384497,Saccade,14.713109970092773,335.366,1264.6949462890625
1779805177.459497,Fixation,16.67154312133789,74.999,495.50152587890625
1779805177.504497,Saccade,26.216854095458984,45.0,1335.3768310546875
1779805177.769742,Fixation,12.511537551879883,265.25,439.18145751953125
1779805177.829875,Saccade,8.7391939163208,60.125,1390.101318359375
1779805178.17012,Fixation,16.690881729125977,340.25,462.2124938964844
1779805178.270242,Saccade,30.379350662231445,100.125,1273.18359375
1779805178.595497,Fixation,28.270235061645508,325.25,498.76483154296875
1779805178.660619,Saccade,9.116888999938965,65.125,1398.211669921875
1779805179.010406,Fixation,11.309337615966797,350.375,480.2010192871094
1779805179.190528,Saccade,12.928092002868652,180.125,1098.7611083984375
1779805179.37065,Fixation,19.911531448364258,180.125,375.8677673339844
1779805179.455783,Saccade,7.380173683166504,85.125,1005.4814453125
1779805179.540783,Fixation,16.07366180419922,85.0,418.2005920410156
1779805179.736028,Saccade,12.83156967163086,195.252,1148.767822265625
1779805179.981283,Fixation,7.714664459228516,245.248,407.6078186035156
1779805180.076283,Saccade,12.664523124694824,95.0,1290.3143310546875
1779805180.236528,Fixation,12.314537048339844,160.251,511.3138427734375
1779805180.396661,Saccade,15.940802574157715,160.125,1472.0809326171875
1779805180.576783,Fixation,15.243328094482422,180.131,380.9908447265625
1779805180.606783,Saccade,25.16448974609375,29.993,1169.532470703125
1779805180.681917,Fixation,8.605340003967285,75.132,439.7666320800781
1779805180.701906,Saccade,22.24674415588379,19.993,1075.0079345703125
1779805180.847039,Fixation,11.529924392700195,145.133,486.2874450683594
1779805181.047283,Saccade,14.501126289367676,200.242,1214.770751953125
1779805181.162283,Fixation,8.80239200592041,115.0,410.181884765625
1779805181.182406,Saccade,15.150943756103516,20.126,1020.2548828125
1779805181.262406,Fixation,14.960897445678711,80.0,518.438232421875
1779805181.282417,Saccade,29.305734634399414,20.011,1346.0164794921875
1779805181.467661,Fixation,14.930627822875977,185.245,443.3173828125
1779805181.56265,Saccade,32.52009582519531,94.993,1138.6676025390625
1779805181.732906,Fixation,12.713037490844727,170.251,405.6678161621094
1779805181.752906,Saccade,20.103296279907227,19.999,1070.534423828125
1779805182.083403,Fixation,25.584680557250977,330.251,438.0590515136719
1779805182.128525,Saccade,12.758906364440918,45.125,1084.9110107421875
1779805182.253647,Fixation,2.409632444381714,125.125,371.3670654296875
1779805182.273647,Saccade,13.152177810668945,20.0,997.8943481445312
1779805182.443769,Fixation,13.216675758361816,170.125,467.12744140625
1779805182.468769,Saccade,38.168453216552734,25.0,1528.5626220703125
1779805182.789036,Fixation,17.53286361694336,320.259,391.8677978515625
1779805182.854147,Saccade,6.147748947143555,65.12,1023.974853515625
1779805183.469647,Fixation,9.890344619750977,615.496,430.9322509765625
1779805183.604769,Saccade,16.314695358276367,135.125,1333.40478515625
1779805183.790025,Fixation,20.132240295410156,185.257,509.9252624511719
1779805183.810025,Saccade,14.631234169006348,19.993,991.6050415039062
1779805184.110269,Fixation,23.342119216918945,300.25,451.30780029296875
1779805184.230403,Saccade,15.978145599365234,120.125,1392.8721923828125
1779805184.315525,Fixation,10.951485633850098,85.125,474.257568359375
1779805184.335525,Saccade,16.966873168945312,20.0,1142.98388671875
1779805184.645769,Fixation,13.647074699401855,310.25,440.30780029296875
1779805184.841025,Saccade,14.936479568481445,195.25,1293.763427734375
1779805184.926025,Fixation,8.665042877197266,85.0,467.088134765625
1779805184.941036,Saccade,21.25315284729004,15.009,1227.4078369140625
1779805185.091026,Fixation,5.162201881408691,150.116,432.2109375
1779805185.241281,Saccade,21.66852378845215,150.25,1295.760986328125
1779805185.321281,Fixation,19.717857360839844,80.0,421.6238098144531
1779805185.521526,Saccade,8.836462020874023,200.25,1128.725341796875
1779805185.701648,Fixation,14.123394966125488,180.125,416.115478515625
1779805185.751648,Saccade,1.6311084032058716,50.0,1165.627685546875
1779805185.951904,Fixation,26.998445510864258,200.25,470.5879211425781
1779805185.991904,Saccade,16.53778076171875,40.0,1178.387939453125
1779805186.197148,Fixation,4.368554592132568,205.25,455.61456298828125
1779805186.277159,Saccade,25.562837600708008,80.005,1031.597412109375
1779805186.527404,Fixation,22.949949264526367,250.245,454.6359558105469
1779805186.627526,Saccade,13.774049758911133,100.125,1206.4503173828125
1779805186.777648,Fixation,11.506967544555664,150.125,361.8455505371094
1779805187.022904,Saccade,22.686246871948242,245.25,1210.281982421875
1779805187.198026,Fixation,1.5358177423477173,175.125,387.0022888183594
1779805187.238026,Saccade,8.66872787475586,40.0,1293.3917236328125
1779805188.094262,Fixation,18.006532669067383,855.875,452.0258483886719
1779805188.209384,Saccade,17.771318435668945,115.127,1227.4503173828125
1779805188.319384,Fixation,24.648893356323242,109.998,452.107666015625
1779805188.379518,Saccade,11.173510551452637,60.137,1103.60595703125
1779805188.49464,Fixation,19.026609420776367,115.113,483.22723388671875
1779805188.53964,Saccade,0.804853618144989,45.0,1111.377685546875
1779805188.60964,Fixation,12.016098976135254,70.0,412.9871826171875
1779805188.844896,Saccade,18.993104934692383,235.256,1189.6278076171875
1779805188.930018,Fixation,21.52943229675293,85.125,403.7518615722656
1779805188.950007,Saccade,22.556020736694336,19.995,1180.79443359375
1779805189.15014,Fixation,18.78265953063965,200.125,588.929443359375
1779805189.350384,Saccade,14.84985065460205,200.25,1122.927001953125
1779805189.440518,Fixation,15.447466850280762,90.134,436.7536315917969
1779805189.465507,Saccade,16.163990020751953,24.991,944.245849609375
1779805189.560518,Fixation,17.626468658447266,95.003,453.2765808105469
1779805189.57564,Saccade,14.548040390014648,15.122,1134.6182861328125
1779805189.725762,Fixation,10.879788398742676,150.125,475.4622497558594
1779805189.981007,Saccade,6.456267833709717,255.25,1241.600341796875
1779805190.13614,Fixation,11.983006477355957,155.125,422.74334716796875
1779805190.23614,Saccade,6.02513313293457,100.0,1135.8826904296875
1779805190.466384,Fixation,14.729768753051758,230.25,457.7673645019531
1779805190.601507,Saccade,16.42513084411621,135.125,1055.3182373046875
1779805190.71664,Fixation,15.680091857910156,115.125,535.3207397460938
1779805190.846773,Saccade,16.273740768432617,130.133,1279.224609375
1779805190.921884,Fixation,23.855819702148438,75.117,477.4961853027344
1779805191.076343,Saccade,12.044050216674805,155.125,1139.2855224609375
1779805191.351599,Fixation,19.62520980834961,275.25,449.23492431640625
1779805191.401599,Saccade,5.599854469299316,50.0,1204.59716796875
1779805191.551721,Fixation,3.077138900756836,150.125,431.4831848144531
1779805192.102221,Saccade,12.95586109161377,550.5,1372.5355224609375
1779805192.587721,Fixation,19.51946449279785,485.5,453.73797607421875
1779805192.762854,Saccade,22.128759384155273,175.134,1272.26611328125
1779805192.837976,Fixation,12.672896385192871,75.12,400.7068176269531
1779805192.862976,Saccade,21.26526641845703,24.996,931.112060546875
1779805193.103232,Fixation,11.998285293579102,240.263,454.58673095703125
1779805193.303343,Saccade,8.394229888916016,200.112,1092.7991943359375
1779805193.538599,Fixation,21.809343338012695,235.25,489.1676940917969
1779805193.823843,Saccade,8.848175048828125,285.25,1211.7232666015625
1779805193.958977,Fixation,8.694112777709961,135.13,474.85284423828125
1779805193.973988,Saccade,12.308873176574707,15.009,890.591064453125
1779805194.199186,Fixation,10.613214492797852,225.236,394.7755432128906
1779805194.419319,Saccade,12.040495872497559,220.136,1138.6068115234375
1779805194.529442,Fixation,7.71548318862915,110.119,472.159912109375
1779805194.584564,Saccade,11.454119682312012,55.12,1123.392333984375
1779805194.674564,Fixation,10.290310859680176,90.0,434.6412658691406
1779805194.799686,Saccade,9.10641860961914,125.125,1259.504638671875
1779805195.195075,Fixation,8.537960052490234,395.389,456.7548522949219
1779805195.290197,Saccade,17.262758255004883,95.116,1198.814208984375
1779805195.395308,Fixation,24.32126235961914,105.121,469.6702880859375
1779805195.475308,Saccade,14.647409439086914,79.999,1075.3736572265625
1779805195.575442,Fixation,9.998093605041504,100.126,500.3408508300781
1779805195.670564,Saccade,15.511417388916016,95.124,1224.9007568359375
1779805195.767064,Fixation,16.326339721679688,96.504,510.0986022949219
1779805195.785564,Saccade,23.940044403076172,18.496,1006.446533203125
1779805196.025808,Fixation,18.046844482421875,240.251,406.9289245605469
1779805196.231075,Saccade,29.652587890625,205.258,1256.7564697265625
1779805196.351186,Fixation,13.277732849121094,120.117,453.9691467285156
1779805196.411197,Saccade,8.67972469329834,60.012,1155.356201171875
1779805196.666442,Fixation,12.839024543762207,255.238,373.1705017089844
1779805196.681442,Saccade,11.149185180664062,15.0,1041.849853515625
1779805196.771564,Fixation,13.268549919128418,90.125,487.0629577636719
1779805196.796564,Saccade,17.6664981842041,25.0,1109.1077880859375
1779805196.981686,Fixation,4.11343240737915,185.125,505.2129211425781
1779805197.071808,Saccade,15.456172943115234,90.125,1217.7178955078125
1779805197.23212,Fixation,15.574640274047852,160.133,467.9521789550781
1779805197.24712,Saccade,23.979116439819336,14.992,1539.04541015625
1779805197.362242,Fixation,26.516860961914062,115.126,619.110595703125
1779805197.382242,Saccade,17.85377311706543,19.999,1050.6763916015625
1779805197.512376,Fixation,4.742013454437256,130.128,365.9493103027344
1779805197.522365,Saccade,19.803451538085938,9.997,1151.33642578125
1779805197.607487,Fixation,13.327683448791504,85.125,439.13714599609375
1779805197.657487,Saccade,9.003610610961914,50.0,1235.1290283203125
1779805197.832742,Fixation,31.48565673828125,175.25,414.3501281738281
1779805198.30812,Saccade,17.06426239013672,475.377,1304.7391357421875
1779805198.513365,Fixation,12.457862854003906,205.248,448.713623046875
1779805198.533365,Saccade,31.240232467651367,20.0,1397.927734375
1779805198.623365,Fixation,10.356623649597168,90.0,491.4745788574219
1779805198.78862,Saccade,11.144022941589355,165.25,1041.5189208984375
1779805198.958754,Fixation,25.218097686767578,170.131,459.2712707519531
1779805198.978742,Saccade,25.1024227142334,19.994,1112.7996826171875
1779805199.464242,Fixation,19.50598907470703,485.5,425.94500732421875
1779805199.509242,Saccade,17.332809448242188,45.0,1005.7196044921875
1779805199.699365,Fixation,14.120061874389648,190.125,372.5223083496094
1779805199.87462,Saccade,14.074109077453613,175.25,1225.8206787109375
1779805200.124865,Fixation,11.785929679870605,250.25,451.8363037109375
1779805200.180442,Saccade,7.794739246368408,55.005,1303.099853515625
1779805200.265564,Fixation,20.31700325012207,85.125,462.83062744140625
1779805200.290553,Saccade,14.392377853393555,24.995,1015.786376953125
1779805200.380553,Fixation,12.226126670837402,90.0,465.79638671875
1779805200.395687,Saccade,14.758452415466309,15.126,1184.4083251953125
1779805200.660931,Fixation,13.405265808105469,265.249,519.7612915039062
1779805200.685942,Saccade,30.957496643066406,25.005,1197.1058349609375
1779805200.811064,Fixation,15.265731811523438,125.123,470.6224060058594
1779805200.976187,Saccade,10.80616569519043,165.122,1250.59912109375
1779805201.131309,Fixation,6.99026346206665,155.125,393.8380432128906
1779805201.191309,Saccade,9.914501190185547,60.002,1328.3424072265625
1779805201.326431,Fixation,9.690214157104492,135.123,448.7516174316406
1779805201.391564,Saccade,10.054672241210938,65.133,1017.8831787109375
1779805201.711809,Fixation,11.795695304870605,320.242,490.22296142578125
1779805201.887053,Saccade,6.4153361320495605,175.25,1168.99755859375
1779805201.997053,Fixation,6.4308977127075195,110.0,441.29302978515625
1779805202.042187,Saccade,14.961647987365723,45.125,1209.044189453125
1779805202.302431,Fixation,21.65386962890625,260.25,449.4473876953125
1779805202.442553,Saccade,23.161407470703125,140.125,1188.837890625
1779805202.547565,Fixation,16.896211624145508,105.001,500.0274963378906
1779805202.717809,Saccade,15.233987808227539,170.249,1244.0792236328125
1779805202.867931,Fixation,15.129840850830078,150.125,409.87994384765625
1779805202.998053,Saccade,20.815061569213867,130.125,1050.244384765625
1779805203.257678,Fixation,19.5484676361084,260.251,430.27899169921875
1779805203.552933,Saccade,8.783903121948242,295.25,1199.1109619140625
1779805203.648056,Fixation,5.710709095001221,95.125,316.2030029296875
1779805203.668056,Saccade,22.418855667114258,20.0,1285.9947509765625
1779805203.748055,Fixation,29.344757080078125,80.0,408.368896484375
1779805203.778178,Saccade,38.779781341552734,30.125,1222.5574951171875
1779805203.9483,Fixation,18.193883895874023,170.125,422.4505920410156
1779805203.973311,Saccade,23.44038963317871,25.012,1033.466552734375
1779805204.228556,Fixation,19.395702362060547,255.244,504.7386779785156
1779805204.373678,Saccade,24.012744903564453,145.119,1111.89111328125
1779805204.5688,Fixation,23.708911895751953,195.125,452.48138427734375
1779805204.588933,Saccade,14.42094898223877,20.125,999.6581420898438
1779805204.703933,Fixation,9.64728832244873,115.0,410.8742370605469
1779805204.729056,Saccade,24.708782196044922,25.125,1142.2750244140625
1779805205.314556,Fixation,11.558703422546387,585.5,452.0193176269531
1779805205.719933,Saccade,14.778120040893555,405.375,1262.1959228515625
1779805205.900056,Fixation,2.8751707077026367,180.125,406.3359375
1779805206.245184,Saccade,12.686787605285645,345.375,1223.1561279296875
1779805206.74555,Fixation,13.263731956481934,500.375,425.9794921875
1779805207.17605,Saccade,25.485031127929688,430.5,1259.4630126953125
1779805207.311184,Fixation,15.761128425598145,135.125,425.84375
1779805207.451306,Saccade,6.465583801269531,140.125,1115.3740234375
1779805207.531306,Fixation,5.442045211791992,80.0,353.2685852050781
1779805207.70155,Saccade,12.218171119689941,170.25,1155.386474609375
1779805207.951695,Fixation,5.005951881408691,250.138,456.9211120605469
1779805208.267051,Saccade,11.781978607177734,315.362,1083.3411865234375
1779805208.35205,Fixation,19.08860206604004,85.0,431.13104248046875
1779805208.382184,Saccade,27.748424530029297,30.125,1060.2366943359375
1779805208.90755,Fixation,16.507532119750977,525.375,437.55633544921875
1779805209.052806,Saccade,26.13250732421875,145.25,1246.4844970703125
1779805209.623429,Fixation,19.256038665771484,570.5,390.16436767578125
1779805209.738551,Saccade,11.711753845214844,115.127,1213.0577392578125
1779805209.823551,Fixation,2.210787296295166,84.998,431.200927734375
1779805210.088818,Saccade,7.454983711242676,265.262,1020.2561645507812
1779805210.524173,Fixation,0.9829285144805908,435.363,455.31744384765625
1779805210.734429,Saccade,9.779824256896973,210.25,1176.2791748046875
1779805210.869551,Fixation,17.523160934448242,135.126,457.2933349609375
1779805210.894551,Saccade,18.73887825012207,25.0,1211.4696044921875
1779805210.979673,Fixation,15.309221267700195,85.125,484.1775817871094
1779805211.044673,Saccade,3.4729528427124023,65.0,1300.967041015625
1779805211.154807,Fixation,3.315790891647339,110.125,394.70367431640625
1779805211.179807,Saccade,22.464900970458984,25.0,969.2947387695312
1779805211.375051,Fixation,3.297606945037842,195.25,430.79132080078125
1779805212.040673,Saccade,0.5647355914115906,665.625,1229.0614013671875
1779805212.130673,Fixation,18.409828186035156,90.0,342.0093078613281
1779805212.150673,Saccade,17.9426326751709,20.0,989.8612060546875
1779805212.285807,Fixation,2.0745842456817627,135.125,387.75604248046875
1779805212.501568,Saccade,20.31330108642578,215.25,1186.4080810546875
1779805212.64669,Fixation,26.938392639160156,145.125,404.4634094238281
1779805212.66669,Saccade,7.889998912811279,20.0,940.9342651367188
1779805212.831823,Fixation,13.811817169189453,165.125,382.2589111328125
1779805212.896946,Saccade,17.051671981811523,65.125,1223.7723388671875
1779805213.037068,Fixation,10.515852928161621,140.125,451.4227600097656
1779805213.16719,Saccade,16.81769561767578,130.125,1283.4432373046875
1779805213.282323,Fixation,12.159679412841797,115.125,395.5163879394531
1779805213.522568,Saccade,8.132204055786133,240.25,1137.406005859375
1779805213.74269,Fixation,8.071454048156738,220.125,451.28973388671875
1779805213.887823,Saccade,11.825550079345703,145.125,1304.2344970703125
1779805214.068068,Fixation,21.528627395629883,180.25,439.89263916015625
1779805214.093068,Saccade,19.56409454345703,25.0,1130.8555908203125
1779805214.238212,Fixation,17.175315856933594,145.137,440.37896728515625
1779805214.25819,Saccade,9.721037864685059,19.988,1060.886474609375
1779805214.603579,Fixation,11.153074264526367,345.381,431.8336486816406
1779805214.618568,Saccade,25.886703491210938,14.994,1290.0076904296875
1779805214.86369,Fixation,12.546879768371582,245.125,428.1094970703125
1779805214.878824,Saccade,13.604970932006836,15.125,1006.3876953125
1779805214.993823,Fixation,24.018054962158203,115.0,498.59954833984375
1779805215.398564,Saccade,38.721923828125,405.375,1217.925048828125
1779805215.628819,Fixation,28.692073822021484,230.25,434.614990234375
1779805215.859064,Saccade,14.000908851623535,230.25,1060.3485107421875
1779805215.944064,Fixation,9.66925048828125,85.0,486.92254638671875
1779805215.994197,Saccade,23.11854362487793,50.125,1209.2379150390625
1779805216.074197,Fixation,23.3261661529541,80.0,436.2066955566406
1779805216.20932,Saccade,28.988794326782227,135.125,1368.9293212890625
1779805216.404575,Fixation,5.161301612854004,195.257,399.56695556640625
1779805216.564697,Saccade,13.666728973388672,160.118,1203.6878662109375
1779805216.769942,Fixation,22.52361297607422,205.25,403.3042907714844
1779805216.789942,Saccade,24.359722137451172,20.0,1227.1756591796875
1779805217.020064,Fixation,6.018035888671875,230.125,454.1246032714844
1779805217.160197,Saccade,15.587296485900879,140.125,1167.6064453125
1779805217.240319,Fixation,21.40818977355957,80.126,403.1738586425781
1779805217.26532,Saccade,23.79781723022461,24.999,1062.1365966796875
1779805217.340442,Fixation,22.866687774658203,75.125,486.5901184082031
1779805217.355442,Saccade,13.277349472045898,15.0,1015.7584228515625
1779805217.435442,Fixation,26.403705596923828,80.0,373.1725158691406
1779805217.465575,Saccade,22.740734100341797,30.126,989.3765258789062
1779805217.570575,Fixation,18.52023696899414,105.004,329.2685241699219
1779805217.605697,Saccade,11.478939056396484,35.12,1167.903564453125
1779805217.83082,Fixation,8.0404634475708,225.125,399.60186767578125
1779805217.925942,Saccade,22.400249481201172,95.126,1258.743896484375
1779805218.081064,Fixation,6.9811882972717285,155.124,476.41156005859375
1779805218.136197,Saccade,16.0345516204834,55.125,1047.730712890625
1779805218.26132,Fixation,6.736984729766846,125.126,453.6446533203125
1779805218.296319,Saccade,9.908286094665527,35.0,1315.7698974609375
1779805218.436722,Fixation,12.936955451965332,140.125,527.5294189453125
1779805218.551856,Saccade,7.159221172332764,115.125,1134.714111328125
1779805218.8821,Fixation,18.59762191772461,330.25,470.1811828613281
1779805219.132356,Saccade,13.827635765075684,250.25,1054.3826904296875
1779805219.4226,Fixation,2.441181182861328,290.25,419.04107666015625
1779805219.4526,Saccade,13.998621940612793,30.0,1076.94580078125
1779805219.727856,Fixation,10.522054672241211,275.25,398.3525390625
1779805220.073222,Saccade,23.689918518066406,345.375,1259.2366943359375
1779805220.153356,Fixation,4.535897731781006,80.13,420.9951477050781
1779805220.178356,Saccade,21.911346435546875,24.995,1227.1097412109375
1779805220.258356,Fixation,6.256989479064941,80.0,480.2061462402344
1779805220.298478,Saccade,26.375566482543945,40.125,1204.375732421875
1779805220.398478,Fixation,5.930259704589844,100.0,540.9421997070312
1779805220.653733,Saccade,18.096227645874023,255.263,1158.0736083984375
1779805220.793856,Fixation,16.10823631286621,140.117,391.33807373046875
1779805220.923989,Saccade,8.410478591918945,130.131,1059.598388671875
1779805221.099222,Fixation,12.570822715759277,175.239,502.3747253417969
1779805221.124233,Saccade,12.046010971069336,25.008,1138.5159912109375
1779805221.219222,Fixation,21.477458953857422,94.992,452.5404968261719
1779805221.489685,Saccade,18.974105834960938,270.26,1229.8375244140625
1779805221.579796,Fixation,4.870696067810059,90.115,457.7530212402344
1779805221.594796,Saccade,9.43002986907959,15.0,1041.762451171875
1779805221.679929,Fixation,19.673608779907227,85.129,435.76629638671875
1779805221.694929,Saccade,15.591683387756348,15.008,1093.031005859375
1779805222.025174,Fixation,15.087535858154297,330.238,400.1403503417969
1779805222.045296,Saccade,4.985606670379639,20.125,1210.707763671875
1779805222.260429,Fixation,4.96209192276001,215.128,363.33514404296875
1779805222.320552,Saccade,10.282301902770996,60.126,1223.855224609375
1779805222.420552,Fixation,21.93512535095215,99.996,522.1106567382812
1779805222.610796,Saccade,6.878389835357666,190.25,1102.054931640625
1779805222.715807,Fixation,24.547119140625,105.007,364.68603515625
1779805222.735918,Saccade,13.773560523986816,20.118,1154.9969482421875
1779805222.876052,Fixation,12.842735290527344,140.125,492.8591613769531
1779805222.916052,Saccade,8.226285934448242,40.0,1252.2288818359375
1779805223.036185,Fixation,20.041706085205078,120.139,489.2930603027344
1779805223.108163,Saccade,12.157797813415527,71.972,1225.3990478515625
1779805223.286418,Fixation,7.027753829956055,178.264,495.4278259277344
1779805223.406563,Saccade,20.596969604492188,120.139,1176.8062744140625
1779805223.721796,Fixation,6.942378997802734,315.236,470.52130126953125
1779805223.771796,Saccade,8.043623924255371,50.0,1048.384521484375
1779805223.906929,Fixation,14.518403053283691,135.137,386.5478515625
1779805224.107185,Saccade,14.728578567504883,200.25,1221.3851318359375
1779805224.192174,Fixation,20.42036247253418,84.988,424.095458984375
1779805224.212296,Saccade,24.74455451965332,20.125,1416.8397216796875
1779805224.287296,Fixation,18.533267974853516,75.0,524.5579833984375
1779805224.402379,Saccade,15.323766708374023,115.126,1078.0233154296875
1779805224.742634,Fixation,15.998770713806152,340.249,412.84576416015625
1779805224.757645,Saccade,25.460533142089844,15.017,1285.6312255859375
1779805224.997879,Fixation,4.806000709533691,240.234,478.00921630859375
1779805225.023012,Saccade,24.987266540527344,25.128,1156.8153076171875
1779805225.188134,Fixation,7.048952579498291,165.122,466.7518005371094
1779805225.278134,Saccade,22.415525436401367,90.002,1216.1978759765625
1779805225.353256,Fixation,13.276538848876953,75.123,477.8897399902344
1779805225.388256,Saccade,18.047204971313477,34.999,1200.741943359375
1779805225.488379,Fixation,31.330310821533203,100.126,456.7093200683594
1779805225.508379,Saccade,19.525121688842773,19.999,979.0888061523438
1779805225.678512,Fixation,6.8554158210754395,170.126,395.3838806152344
1779805226.008878,Saccade,27.688695907592773,330.375,1382.239013671875
1779805226.164012,Fixation,9.415596961975098,155.125,389.5680847167969
1779805226.219012,Saccade,17.75700569152832,55.0,1421.3431396484375
1779805226.324134,Fixation,12.720635414123535,105.125,444.2197570800781
1779805226.429256,Saccade,3.735549211502075,105.125,1160.4432373046875
1779805226.579379,Fixation,17.369338989257812,150.125,351.8459167480469
1779805226.604378,Saccade,37.09433364868164,25.0,1330.829833984375
1779805226.869634,Fixation,24.62459945678711,265.25,431.09869384765625
1779805226.914634,Saccade,10.561495780944824,45.0,1243.097412109375
1779805227.044756,Fixation,9.035984992980957,130.125,522.9382934570312
1779805227.059879,Saccade,14.322356224060059,15.125,1045.1817626953125
1779805227.668065,Fixation,5.8348283767700195,607.665,417.4255676269531
1779805227.695899,Saccade,14.870113372802734,27.835,976.6153564453125
1779805227.781032,Fixation,2.076800584793091,85.125,313.6595458984375
1779805227.856032,Saccade,2.7329721450805664,75.0,1182.9537353515625
1779805228.066276,Fixation,6.997836589813232,210.25,506.1306457519531
1779805228.081276,Saccade,9.947720527648926,15.0,1035.777587890625
1779805228.201399,Fixation,15.4608154296875,120.125,468.70965576171875
1779805228.25641,Saccade,9.419618606567383,55.007,1322.0863037109375
1779805228.401532,Fixation,4.202982425689697,145.118,534.2093505859375
1779805228.416654,Saccade,14.180961608886719,15.125,1140.79443359375
1779805228.546665,Fixation,7.510595798492432,130.008,481.389404296875
1779805228.561776,Saccade,10.82069206237793,15.117,1073.9014892578125
1779805228.671776,Fixation,12.17225170135498,110.0,419.38116455078125
1779805228.847032,Saccade,20.686695098876953,175.254,1238.8389892578125
1779805228.952032,Fixation,17.998624801635742,105.001,434.7266540527344
1779805228.967154,Saccade,15.529272079467773,15.12,1125.740966796875
1779805229.047154,Fixation,29.520090103149414,80.0,392.65582275390625
1779805229.062165,Saccade,14.786019325256348,15.01,898.9967041015625
1779805229.142276,Fixation,16.055944442749023,80.115,407.00372314453125
1779805229.472532,Saccade,19.30294418334961,330.25,1189.3385009765625
1779805229.557654,Fixation,4.695080280303955,85.125,474.0466003417969
1779805229.582654,Saccade,16.733863830566406,25.0,992.9584350585938
1779805229.757776,Fixation,8.976617813110352,175.125,460.78985595703125
1779805229.772898,Saccade,15.084153175354004,15.125,1025.2576904296875
1779805230.208276,Fixation,10.255481719970703,435.375,413.9853515625
1779805230.223276,Saccade,12.368584632873535,15.0,848.7669677734375
1779805230.458521,Fixation,9.726449012756348,235.255,489.3495788574219
1779805230.573644,Saccade,12.258618354797363,115.12,1230.0797119140625
1779805230.683644,Fixation,23.631694793701172,110.0,427.24993896484375
1779805230.828766,Saccade,26.236576080322266,145.125,1268.8199462890625
1779805231.304277,Fixation,17.76143455505371,475.512,434.58770751953125
1779805231.349266,Saccade,3.9182355403900146,44.988,1286.92724609375
1779805231.509388,Fixation,12.059915542602539,160.126,423.9041442871094
1779805231.549521,Saccade,12.169690132141113,40.125,1142.4818115234375
1779805231.774644,Fixation,18.378637313842773,225.124,478.1632080078125
1779805232.019888,Saccade,24.145841598510742,245.25,1210.553466796875
1779805232.250144,Fixation,22.547143936157227,230.251,474.63800048828125
1779805232.270144,Saccade,18.962318420410156,19.999,978.1928100585938
1779805232.560388,Fixation,13.698482513427734,290.251,465.10479736328125
1779805232.670521,Saccade,8.78046989440918,110.124,1288.2376708984375
1779805232.750643,Fixation,16.023611068725586,80.126,365.11993408203125
1779805233.115888,Saccade,7.437901973724365,365.25,1160.88671875
1779805233.191021,Fixation,6.0091872215271,75.129,517.551513671875
1779805233.251021,Saccade,2.0431413650512695,59.996,1300.6510009765625
1779805233.406144,Fixation,11.424132347106934,155.126,459.49285888671875
1779805233.42039,Saccade,16.039384841918945,15.124,1311.3555908203125
1779805233.615512,Fixation,10.972373962402344,195.125,438.31134033203125
1779805233.660512,Saccade,2.33559513092041,45.0,1009.7463989257812
1779805233.840767,Fixation,14.051057815551758,180.25,423.2456970214844
1779805233.860767,Saccade,15.630630493164062,20.0,960.279296875
1779805234.03589,Fixation,18.746734619140625,175.125,396.88275146484375
1779805234.201012,Saccade,23.36648178100586,165.125,1273.683349609375
1779805234.301145,Fixation,12.855545043945312,100.125,454.9676818847656
1779805234.366267,Saccade,9.106003761291504,65.125,1232.98291015625
1779805234.486267,Fixation,11.944427490234375,120.0,443.2488098144531
1779805234.58139,Saccade,8.290711402893066,95.125,1092.402099609375
1779805234.761512,Fixation,20.58650779724121,180.125,433.1965026855469
1779805234.816645,Saccade,17.384716033935547,55.125,1058.4140625
1779805234.996768,Fixation,7.3837409019470215,180.125,444.7265930175781
1779805235.011779,Saccade,14.338983535766602,15.009,1121.4541015625
1779805235.11689,Fixation,16.565317153930664,105.116,490.3215637207031
1779805235.232023,Saccade,19.7161922454834,115.129,1323.09912109375
1779805235.362145,Fixation,23.262189865112305,130.121,408.1753845214844
1779805235.442145,Saccade,8.040460586547852,80.0,1075.4052734375
1779805235.577267,Fixation,12.043892860412598,135.125,414.25201416015625
1779805235.59239,Saccade,14.144747734069824,15.125,947.6533813476562
1779805235.68239,Fixation,11.532166481018066,90.0,478.0338439941406
1779805235.777512,Saccade,12.707147598266602,95.125,1085.991455078125
1779805235.887645,Fixation,20.326719284057617,110.125,330.37347412109375
1779805236.057767,Saccade,4.78831672668457,170.125,1106.3558349609375
1779805236.273012,Fixation,21.641223907470703,215.25,475.3497009277344
1779805236.293012,Saccade,27.7360782623291,20.0,1111.265625
1779805236.543791,Fixation,23.29039192199707,250.25,433.0740661621094
1779805236.673913,Saccade,22.129837036132812,130.125,1357.1884765625
1779805236.763913,Fixation,12.119210243225098,90.0,385.3893127441406
1779805236.834035,Saccade,11.944561958312988,70.125,1224.160888671875
1779805237.159291,Fixation,5.164936065673828,325.25,374.49285888671875
1779805237.574668,Saccade,10.753835678100586,415.375,1204.9981689453125
1779805237.849913,Fixation,23.38011360168457,275.25,480.95819091796875
1779805237.940046,Saccade,6.183353424072266,90.129,1083.7938232421875
1779805238.070168,Fixation,3.01269268989563,130.121,493.6189270019531
1779805238.090168,Saccade,7.484419345855713,20.0,1124.1932373046875
1779805238.210291,Fixation,13.652587890625,120.125,445.3375549316406
1779805238.305413,Saccade,11.789647102355957,95.125,1279.4461669921875
1779805238.520535,Fixation,16.06206512451172,215.125,448.0873718261719
1779805238.540535,Saccade,31.819326400756836,20.0,1423.4693603515625
1779805238.870913,Fixation,24.84829330444336,330.375,474.79046630859375
1779805239.031046,Saccade,15.847139358520508,160.135,1167.9527587890625
1779805239.296302,Fixation,19.8372802734375,265.247,504.5762023925781
1779805239.366291,Saccade,18.623401641845703,69.993,1187.8062744140625
1779805239.576403,Fixation,8.284918785095215,210.251,496.4512023925781
1779805239.716525,Saccade,22.39653778076172,140.124,1406.5103759765625
1779805239.901648,Fixation,14.154547691345215,185.125,478.97552490234375
1779805239.91677,Saccade,7.031949520111084,15.125,1054.9625244140625
1779805240.096892,Fixation,11.175601959228516,180.125,421.61932373046875
1779805240.377147,Saccade,3.3599061965942383,280.251,1285.3529052734375
1779805240.632403,Fixation,16.848661422729492,255.254,501.67315673828125
1779805240.787525,Saccade,25.90489387512207,155.121,1300.10009765625
1779805240.922647,Fixation,18.184940338134766,135.124,449.4186096191406
1779805240.947659,Saccade,22.529640197753906,25.012,995.3035278320312
1779805241.03777,Fixation,23.13004493713379,90.114,477.6897277832031
1779805241.403147,Saccade,39.35539627075195,365.375,1157.6263427734375
1779805241.503147,Fixation,17.265830993652344,100.0,442.3572998046875
1779805241.57827,Saccade,18.319305419921875,75.125,1184.4796142578125
1779805241.953647,Fixation,7.857579231262207,375.375,442.1287841796875
1779805242.288903,Saccade,15.467702865600586,335.25,1224.4735107421875
1779805242.379025,Fixation,9.87672233581543,90.132,557.9774780273438
1779805242.394025,Saccade,21.132091522216797,14.994,1125.2220458984375
1779805242.65433,Fixation,4.011292934417725,260.26,430.0069274902344
1779805242.759453,Saccade,6.060982704162598,105.114,1187.1014404296875
1779805242.864453,Fixation,24.183046340942383,105.01,328.4049072265625
1779805242.884453,Saccade,9.040736198425293,19.99,1018.2032470703125
1779805243.014575,Fixation,21.41553497314453,130.125,343.8652038574219
1779805243.089697,Saccade,10.4558687210083,75.125,1080.302734375
1779805243.22483,Fixation,11.770880699157715,135.128,493.2314758300781
1779805243.29983,Saccade,19.282026290893555,75.006,1310.7896728515625
1779805243.424953,Fixation,5.8082194328308105,125.116,485.0827331542969
1779805243.645197,Saccade,18.650066375732422,220.25,1307.2459716796875
1779805243.805319,Fixation,28.19525718688965,160.125,429.6072692871094
1779805243.825319,Saccade,15.183448791503906,20.0,980.3242797851562
1779805244.180697,Fixation,9.020129203796387,355.375,475.9681701660156
1779805244.210697,Saccade,21.36359214782715,30.0,1175.99365234375
1779805244.305819,Fixation,25.66160011291504,95.127,521.8391723632812
1779805244.500952,Saccade,10.261569023132324,195.123,1319.8216552734375
1779805244.691197,Fixation,11.659646034240723,190.25,488.3819274902344
1779805244.796319,Saccade,13.879850387573242,105.125,1024.984130859375
1779805244.921453,Fixation,17.005722045898438,125.125,373.1987609863281
1779805244.971453,Saccade,8.86011791229248,50.0,1121.1951904296875
1779805245.071575,Fixation,22.76053810119629,100.125,384.92919921875
1779805245.101575,Saccade,34.97043228149414,30.003,1087.0958251953125
1779805245.241697,Fixation,6.155227184295654,140.122,435.7366638183594
1779805245.321697,Saccade,21.114364624023438,80.0,1283.5814208984375
1779805245.547387,Fixation,19.124584197998047,225.25,412.9999084472656
1779805245.61252,Saccade,8.999404907226562,65.137,1384.374267578125
1779805245.732509,Fixation,13.143179893493652,119.993,392.87603759765625
1779805245.752631,Saccade,9.098443984985352,20.12,1140.115478515625
1779805245.862631,Fixation,7.316706657409668,110.0,457.7982482910156
1779805246.047887,Saccade,32.39414978027344,185.25,1376.7867431640625
1779805246.138009,Fixation,25.223886489868164,90.125,462.8575134277344
1779805246.418265,Saccade,5.017175197601318,280.259,1190.3165283203125
1779805246.783509,Fixation,10.213950157165527,365.241,461.0484619140625
1779805246.818631,Saccade,16.75463104248047,35.125,1055.4403076171875
1779805247.073753,Fixation,16.914005279541016,255.125,448.3439025878906
1779805247.098887,Saccade,14.247998237609863,25.125,1217.48583984375
1779805247.173887,Fixation,13.667760848999023,75.0,368.2444763183594
1779805247.218887,Saccade,14.591873168945312,45.0,1202.3856201171875
1779805247.309009,Fixation,20.0693359375,90.125,506.6661682128906
1779805247.359131,Saccade,3.136103630065918,50.126,1421.2144775390625
1779805247.464131,Fixation,12.312565803527832,105.004,385.9966735839844
1779805247.509254,Saccade,12.459675788879395,45.12,1286.1865234375
1779805247.674387,Fixation,26.14198875427246,165.125,447.6106872558594
1779805247.919631,Saccade,17.746784210205078,245.251,1105.5634765625
1779805248.199887,Fixation,19.23349952697754,280.25,475.3047790527344
1779805248.274887,Saccade,13.777482032775879,75.009,1210.3194580078125
1779805248.425009,Fixation,8.516436576843262,150.116,415.3027038574219
1779805248.445131,Saccade,19.953527450561523,20.125,1072.469970703125
1779805248.610204,Fixation,26.85836410522461,165.13,492.607666015625
1779805248.630203,Saccade,23.388538360595703,20.003,1115.3480224609375
1779805248.750326,Fixation,25.148555755615234,120.117,379.4134216308594
1779805248.820326,Saccade,7.929412364959717,70.0,1108.171142578125
1779805249.06557,Fixation,12.444296836853027,245.25,466.7921447753906
1779805249.08557,Saccade,21.220651626586914,20.0,1073.7869873046875
1779805249.255826,Fixation,5.89278507232666,170.25,533.0154418945312
1779805249.64607,Saccade,10.032214164733887,390.25,1157.9410400390625
1779805249.926326,Fixation,20.027862548828125,280.256,480.4206237792969
1779805249.991448,Saccade,14.616053581237793,65.119,1188.77978515625
1779805250.11657,Fixation,22.459381103515625,125.125,344.2095031738281
1779805250.14157,Saccade,23.09833335876465,25.0,951.3883056640625
1779805250.246692,Fixation,19.1946964263916,105.125,519.210693359375
1779805250.306692,Saccade,20.324764251708984,60.0,1037.67724609375
1779805250.68707,Fixation,15.542819023132324,380.375,440.742919921875
1779805250.72207,Saccade,20.293270111083984,35.004,1012.7882080078125
1779805251.077448,Fixation,9.177797317504883,355.371,468.4019775390625
1779805251.097448,Saccade,15.318037986755371,20.0,991.664306640625
1779805251.27257,Fixation,18.749025344848633,175.125,439.1933898925781
1779805251.362704,Saccade,16.063827514648438,90.133,1449.9305419921875
1779805251.507826,Fixation,6.371003150939941,145.117,488.3569030761719
1779805251.562956,Saccade,12.996399879455566,55.125,1048.5863037109375
1779805251.723089,Fixation,14.396228790283203,160.132,513.8450317382812
1779805251.743078,Saccade,11.851984977722168,19.993,1104.6046142578125
1779805251.8832,Fixation,22.008533477783203,140.125,551.2515869140625
1779805251.968333,Saccade,29.59159278869629,85.125,1351.5301513671875
1779805252.253578,Fixation,16.855531692504883,285.25,413.5457458496094
1779805252.663956,Saccade,11.435568809509277,410.38,1304.3289794921875
1779805252.789078,Fixation,20.53536033630371,125.121,376.4629821777344
1779805252.814078,Saccade,18.102521896362305,24.999,972.23974609375
1779805252.9692,Fixation,12.427149772644043,155.125,480.3096008300781
1779805253.099333,Saccade,25.05836296081543,130.126,1165.3101806640625
1779805253.244456,Fixation,36.628116607666016,145.124,420.39923095703125
1779805253.284456,Saccade,25.398096084594727,40.0,1239.4437255859375
1779805253.594833,Fixation,19.212867736816406,310.376,487.03155517578125
1779805253.704844,Saccade,8.142032623291016,110.009,1281.60888671875
1779805253.920078,Fixation,20.01768684387207,215.24,455.82122802734375
1779805253.9952,Saccade,7.157448768615723,75.126,1155.9224853515625
1779805254.095211,Fixation,4.174997329711914,100.011,489.9281005859375
1779805254.280456,Saccade,3.419475555419922,185.239,1159.0703125
1779805254.575776,Fixation,14.890488624572754,295.25,437.22119140625
1779805254.680909,Saccade,9.976667404174805,105.125,1196.3590087890625
1779805254.936154,Fixation,10.185774803161621,255.25,479.3970947265625
1779805255.166276,Saccade,11.944238662719727,230.125,1186.813720703125
1779805255.421532,Fixation,6.199065208435059,255.25,479.9418640136719
1779805255.506654,Saccade,9.674332618713379,85.125,1153.784912109375
1779805255.631776,Fixation,16.384872436523438,125.125,384.20501708984375
1779805255.881909,Saccade,14.125198364257812,250.125,1083.9664306640625
1779805255.962032,Fixation,24.56123924255371,80.125,489.4533386230469
1779805256.052154,Saccade,30.36216163635254,90.125,1171.2073974609375
1779805256.542532,Fixation,7.938831806182861,490.375,453.05853271484375
1779805256.557532,Saccade,17.486162185668945,15.0,1153.0421142578125
1779805257.008032,Fixation,15.794419288635254,450.5,401.7125549316406
1779805257.208154,Saccade,6.584675312042236,200.125,1461.1922607421875
1779805257.413409,Fixation,17.917848587036133,205.25,590.6032104492188
1779805257.448409,Saccade,13.748353958129883,35.008,997.27734375
1779805257.663084,Fixation,12.6513090133667,215.242,466.953857421875
1779805257.678084,Saccade,7.606292247772217,15.001,1277.338623046875
1779805257.778095,Fixation,7.927515029907227,100.009,553.5494995117188
1779805257.963339,Saccade,8.954244613647461,185.24,1254.19580078125
1779805258.133472,Fixation,9.339881896972656,170.134,407.5514221191406
1779805258.208595,Saccade,17.17184829711914,75.125,1229.4287109375
1779805258.293584,Fixation,22.28677749633789,84.991,402.05535888671875
1779805258.723973,Saccade,9.888333320617676,430.388,1315.1241455078125
1779805258.849084,Fixation,9.11462688446045,125.112,465.6316833496094
1779805258.864095,Saccade,11.93057918548584,15.005,998.5419921875
1779805259.249461,Fixation,21.642398834228516,385.371,437.49322509765625
1779805259.379584,Saccade,6.617342948913574,130.124,1091.68505859375
1779805259.459717,Fixation,5.459907531738281,80.126,437.47906494140625
1779805259.729961,Saccade,10.109469413757324,270.25,1179.57373046875
1779805259.820095,Fixation,5.108144760131836,90.132,513.3323364257812
1779805259.865083,Saccade,15.80031967163086,44.993,1392.26025390625
1779805260.130339,Fixation,6.292751312255859,265.25,526.774658203125
1779805260.200339,Saccade,3.102773427963257,70.0,1095.1805419921875
1779805260.420583,Fixation,14.387934684753418,220.25,446.82916259765625
1779805260.470583,Saccade,10.646032333374023,50.0,1141.27783203125
1779805260.555717,Fixation,12.66409969329834,85.125,442.6507568359375
1779805260.576066,Saccade,12.245607376098633,20.012,1070.8857421875
1779805260.831299,Fixation,4.68281364440918,255.238,492.4453430175781
1779805260.991421,Saccade,19.147647857666016,160.126,1209.9228515625
1779805261.35181,Fixation,19.842073440551758,360.379,463.16253662109375
1779805261.371799,Saccade,13.823683738708496,19.995,1084.5787353515625
1779805261.491921,Fixation,28.495800018310547,120.125,381.6334228515625
1779805261.577055,Saccade,20.56032943725586,85.125,1328.480224609375
1779805261.697054,Fixation,11.257762908935547,120.0,448.0354309082031
1779805261.717177,Saccade,16.317243576049805,20.125,942.42724609375
1779805261.832177,Fixation,14.521086692810059,115.0,433.1287841796875
1779805261.847299,Saccade,16.49432373046875,15.125,1360.1524658203125
1779805262.157554,Fixation,34.7405891418457,310.259,482.7019958496094
1779805262.552921,Saccade,9.847378730773926,395.366,1294.810302734375
1779805262.658055,Fixation,17.206010818481445,105.132,469.6468505859375
1779805262.928299,Saccade,2.2521800994873047,270.243,1068.9569091796875
1779805263.098421,Fixation,3.9893641471862793,170.127,430.7018737792969
1779805263.183421,Saccade,10.656682014465332,84.998,1289.05029296875
1779805263.328677,Fixation,7.976361274719238,145.25,427.6524353027344
1779805263.679145,Saccade,9.721735954284668,350.258,1285.3372802734375
1779805263.8994,Fixation,8.387740135192871,220.253,413.4922790527344
1779805264.019511,Saccade,19.864835739135742,120.114,1130.6253662109375
1779805264.109511,Fixation,9.681321144104004,90.0,444.5860595703125
1779805264.354767,Saccade,8.633636474609375,245.25,1255.3687744140625
1779805264.725134,Fixation,4.936277866363525,370.375,507.0163879394531
1779805264.745134,Saccade,26.624664306640625,20.0,1158.247314453125
1779805264.900267,Fixation,23.094268798828125,155.125,411.18231201171875
1779805264.9804,Saccade,15.000515937805176,80.138,1121.3218994140625
1779805265.095511,Fixation,17.666746139526367,115.112,470.3851623535156
1779805265.170522,Saccade,14.515021324157715,75.005,1114.88134765625
1779805265.245634,Fixation,16.923208236694336,75.121,372.318115234375
1779805265.270634,Saccade,19.40407943725586,25.0,985.4094848632812
1779805265.530889,Fixation,9.685843467712402,260.25,504.47979736328125
1779805265.856134,Saccade,5.204586505889893,325.25,1092.95458984375
1779805266.001278,Fixation,8.126564025878906,145.135,486.6087951660156
1779805266.176511,Saccade,11.650802612304688,175.24,1234.8397216796875
1779805266.331634,Fixation,16.424224853515625,155.125,427.1385498046875
1779805266.446767,Saccade,23.709745407104492,115.126,1089.1336669921875
1779805266.681522,Fixation,10.814471244812012,235.124,427.7679138183594
1779805266.711533,Saccade,21.766803741455078,30.007,1162.4071044921875
1779805266.801644,Fixation,14.441637992858887,90.118,306.1452331542969
1779805266.881766,Saccade,16.618247985839844,80.125,1038.692138671875
1779805267.0069,Fixation,8.20899486541748,125.127,402.3822937011719
1779805267.056911,Saccade,7.6083550453186035,50.01,1304.555419921875
1779805267.202022,Fixation,9.268223762512207,145.118,427.1718444824219
1779805267.222022,Saccade,23.030105590820312,19.995,1207.1131591796875
1779805267.447266,Fixation,24.676429748535156,225.25,460.2872619628906
1779805267.467266,Saccade,17.11094093322754,20.0,1087.5455322265625
1779805267.6224,Fixation,12.064380645751953,155.125,378.4268798828125
1779805267.772522,Saccade,15.294692993164062,150.125,1006.9918212890625
1779805267.922644,Fixation,12.233135223388672,150.125,374.8318176269531
1779805267.942655,Saccade,17.22325897216797,20.015,1055.1917724609375
1779805268.052766,Fixation,21.510637283325195,110.11,463.5841979980469
1779805268.363144,Saccade,17.9428653717041,310.375,1145.6507568359375
1779805268.6084,Fixation,4.558909893035889,245.254,434.5036926269531
1779805268.978644,Saccade,27.44783592224121,370.246,1142.8831787109375
1779805269.1739,Fixation,17.304866790771484,195.25,453.29107666015625
1779805269.584266,Saccade,13.859851837158203,410.375,1234.2166748046875
1779805269.719441,Fixation,15.287068367004395,135.13,426.0186767578125
1779805270.109808,Saccade,8.338425636291504,390.37,1213.86865234375
1779805270.294941,Fixation,10.596120834350586,185.13,482.4352111816406
1779805270.314941,Saccade,4.581051349639893,19.995,890.8343505859375
1779805270.420063,Fixation,19.663768768310547,105.125,503.06072998046875
1779805270.445075,Saccade,16.604177474975586,25.007,1225.8292236328125
1779805270.630197,Fixation,22.706600189208984,185.126,448.5417785644531
1779805270.650308,Saccade,15.625321388244629,20.117,1047.0894775390625
1779805270.945575,Fixation,15.68362045288086,295.261,483.2123718261719
1779805271.055686,Saccade,24.58352279663086,110.114,1264.50537109375
1779805271.310808,Fixation,11.521666526794434,255.125,416.69952392578125
1779805271.410941,Saccade,17.26950454711914,100.126,1085.8603515625
1779805271.501063,Fixation,9.11933422088623,90.124,478.3609924316406
1779805271.596186,Saccade,8.076958656311035,95.125,1220.7041015625
1779805271.696186,Fixation,13.879751205444336,100.001,376.5606689453125
1779805271.801308,Saccade,12.016804695129395,105.125,1039.2554931640625
1779805272.166686,Fixation,5.897612571716309,365.375,405.3072204589844
1779805272.181686,Saccade,15.997945785522461,15.0,1050.3951416015625
1779805272.331808,Fixation,13.604490280151367,150.125,430.0342712402344
1779805272.341808,Saccade,27.666526794433594,10.0,1410.669921875
1779805272.476941,Fixation,8.155824661254883,135.127,442.17205810546875
1779805272.491941,Saccade,13.239678382873535,14.998,1084.8275146484375
1779805272.667075,Fixation,13.173527717590332,175.133,416.4131774902344
1779805272.816905,Saccade,6.179713726043701,150.242,1209.187255859375
1779805272.942038,Fixation,8.957108497619629,125.125,453.5452880859375
1779805272.962038,Saccade,20.352888107299805,20.0,1072.35986328125
1779805273.15716,Fixation,15.166853904724121,195.125,423.51910400390625
1779805273.207283,Saccade,9.467761039733887,50.125,1144.774658203125
1779805273.347405,Fixation,22.065099716186523,140.125,524.1156616210938
1779805273.447427,Saccade,5.818919658660889,100.012,1370.4432373046875
1779805273.557538,Fixation,23.542396545410156,110.113,499.0273742675781
1779805273.572538,Saccade,21.434877395629883,15.002,1367.2396240234375
1779805273.64766,Fixation,14.095124244689941,75.123,470.6222839355469
1779805273.747671,Saccade,8.669856071472168,100.007,1165.9500732421875
1779805273.847783,Fixation,10.058003425598145,100.118,429.5696105957031
1779805273.897905,Saccade,7.358682155609131,50.125,1008.0106811523438
1779805274.108038,Fixation,15.36494255065918,210.125,488.7392578125
1779805274.123038,Saccade,31.699975967407227,15.0,1916.2974853515625
1779805274.303282,Fixation,31.870710372924805,180.25,394.2378845214844
1779805274.863782,Saccade,24.813623428344727,560.5,1119.4622802734375
1779805275.008905,Fixation,9.357148170471191,145.125,444.3033142089844
1779805275.159038,Saccade,8.6906099319458,150.13,1156.2474365234375
1779805275.30416,Fixation,10.827544212341309,145.12,404.8236389160156
1779805275.33416,Saccade,8.217228889465332,30.0,1033.2508544921875
1779805275.739538,Fixation,3.5315089225769043,405.375,429.87896728515625
1779805275.850151,Saccade,18.990480422973633,110.125,1157.9317626953125
1779805276.025284,Fixation,18.470481872558594,175.131,445.66241455078125
1779805276.045273,Saccade,17.65760040283203,19.994,921.9379272460938
1779805276.520773,Fixation,15.377392768859863,475.501,407.40008544921875
1779805276.540773,Saccade,19.491788864135742,19.999,1180.1676025390625
1779805276.74104,Fixation,14.797950744628906,200.267,481.1298522949219
1779805276.761029,Saccade,16.217397689819336,19.983,1256.0357666015625
1779805276.896151,Fixation,18.978248596191406,135.125,360.26373291015625
1779805276.941151,Saccade,9.25078010559082,45.0,1159.000732421875
1779805277.066273,Fixation,17.876344680786133,125.125,439.87811279296875
1779805277.581773,Saccade,21.892309188842773,515.5,1131.6285400390625
1779805277.771906,Fixation,12.377355575561523,190.129,456.0105285644531
1779805277.816906,Saccade,29.062959671020508,45.005,1319.8702392578125
1779805278.162273,Fixation,15.481958389282227,345.367,426.9624328613281
1779805278.272406,Saccade,36.63895797729492,110.125,1197.3275146484375
1779805278.442528,Fixation,37.57877731323242,170.125,445.2336730957031
1779805278.467529,Saccade,38.76526641845703,25.0,1330.04150390625
1779805278.882906,Fixation,35.758243560791016,415.375,444.8291015625
1779805278.8982,Saccade,13.839005470275879,15.125,973.865966796875
1779805279.133322,Fixation,16.343971252441406,235.129,428.137451171875
1779805279.163333,Saccade,19.69156265258789,30.01,929.279296875
1779805279.253444,Fixation,13.058398246765137,90.111,495.1602478027344
1779805279.4387,Saccade,24.162792205810547,185.25,1150.461669921875
1779805279.613822,Fixation,17.986347198486328,175.129,456.7265625
1779805279.813944,Saccade,7.20314884185791,200.121,1172.2781982421875
1779805279.894078,Fixation,20.659337997436523,80.125,530.192626953125
1779805280.214322,Saccade,23.490402221679688,320.254,1198.7332763671875
1779805280.419578,Fixation,14.696897506713867,205.246,460.237060546875
1779805280.439578,Saccade,18.335529327392578,20.0,911.2081909179688
1779805280.6497,Fixation,14.060585021972656,210.125,450.1833190917969
1779805280.664822,Saccade,18.83257293701172,15.125,1042.569580078125
1779805280.904944,Fixation,28.752065658569336,240.125,495.9040832519531
1779805280.925078,Saccade,17.393461227416992,20.125,931.2167358398438
1779805281.270322,Fixation,8.22236156463623,345.25,421.5367431640625
1779805281.420444,Saccade,8.702173233032227,150.125,1154.356201171875
1779805281.550578,Fixation,7.187056064605713,130.125,467.33587646484375
1779805281.570578,Saccade,16.222524642944336,20.0,1068.674072265625
1779805281.6607,Fixation,7.804843902587891,90.125,493.2242736816406
1779805281.945256,Saccade,12.839235305786133,285.25,1247.35791015625
1779805282.090389,Fixation,20.829153060913086,145.125,491.6369323730469
1779805282.170511,Saccade,6.585423946380615,80.13,1378.8424072265625
1779805282.370634,Fixation,3.4528441429138184,200.123,469.2957458496094
1779805282.590889,Saccade,19.26132583618164,220.247,1284.02490234375
1779805282.670889,Fixation,32.9917106628418,80.0,457.3304748535156
1779805282.691011,Saccade,12.751310348510742,20.125,1088.3658447265625
1779805282.851134,Fixation,8.711545944213867,160.126,441.1972961425781
1779805282.996256,Saccade,11.43708610534668,145.124,1272.666015625
1779805283.091389,Fixation,17.65768814086914,95.126,433.38751220703125
1779805283.111389,Saccade,22.795055389404297,19.999,1231.671630859375
1779805283.336511,Fixation,19.07425308227539,225.125,425.33416748046875
1779805283.456634,Saccade,18.542795181274414,120.125,1129.6031494140625
1779805283.711889,Fixation,15.619312286376953,255.251,454.07574462890625
1779805283.792011,Saccade,7.273049354553223,80.125,1264.0377197265625
1779805283.922134,Fixation,9.941184997558594,130.125,415.35784912109375
1779805283.992145,Saccade,24.095108032226562,70.011,1300.222412109375
1779805284.317511,Fixation,4.9300923347473145,325.364,484.5120544433594
1779805284.347511,Saccade,30.66612434387207,30.0,1157.7711181640625
1779805284.482634,Fixation,35.10468292236328,135.125,451.0242614746094
1779805284.767889,Saccade,9.236749649047852,285.25,1197.8026123046875
1779805284.898059,Fixation,3.9130325317382812,130.125,462.7906799316406
1779805285.023181,Saccade,17.395362854003906,125.125,1136.0709228515625
1779805285.148314,Fixation,7.917302131652832,125.134,387.7560729980469
1779805285.223303,Saccade,26.397029876708984,74.991,1220.6514892578125
1779805285.743803,Fixation,31.8185977935791,520.5,467.8448181152344
1779805285.758803,Saccade,15.699792861938477,15.0,1045.5111083984375
1779805285.913937,Fixation,15.72116470336914,155.125,389.96026611328125
1779805285.939059,Saccade,28.215862274169922,25.125,1179.2371826171875
1779805286.199181,Fixation,34.96122741699219,260.125,456.5552062988281
1779805286.244303,Saccade,27.45574951171875,45.125,1189.8143310546875
1779805286.374437,Fixation,10.535796165466309,130.125,369.33551025390625
1779805286.639681,Saccade,16.96809196472168,265.25,1291.103759765625
1779805286.974936,Fixation,11.858790397644043,335.25,420.8522033691406
1779805287.024948,Saccade,19.968265533447266,50.014,1072.8485107421875
1779805287.140059,Fixation,14.337886810302734,115.111,405.20538330078125
1779805287.160181,Saccade,19.97847557067871,20.125,1025.4830322265625
1779805287.475437,Fixation,21.319162368774414,315.25,419.2115173339844
1779805287.540437,Saccade,8.538345336914062,65.006,1064.5760498046875
1779805287.735681,Fixation,8.49354362487793,195.244,423.5830078125
1779805287.860808,Saccade,10.774824142456055,125.125,1083.2392578125
1779805287.955808,Fixation,20.50200080871582,95.0,353.33441162109375
1779805288.336186,Saccade,27.220470428466797,380.376,1368.033203125
1779805288.476319,Fixation,26.900835037231445,140.125,409.2464599609375
1779805288.491319,Saccade,19.468143463134766,15.0,1207.486572265625
1779805288.566441,Fixation,14.994791984558105,75.124,409.6893005371094
1779805288.636441,Saccade,9.251603126525879,70.001,1034.507080078125
1779805288.756564,Fixation,5.664421081542969,120.124,518.699462890625
1779805288.816686,Saccade,14.638681411743164,60.126,1020.4998168945312
1779805288.961819,Fixation,17.33507537841797,145.125,426.8916320800781
1779805289.332186,Saccade,13.300992012023926,370.375,1301.572021484375
1779805289.432197,Fixation,19.783781051635742,100.006,339.5852355957031
1779805289.452319,Saccade,22.255996704101562,20.119,1064.5711669921875
1779805289.637452,Fixation,17.87325668334961,185.134,436.7854919433594
1779805289.832564,Saccade,20.850543975830078,195.116,1283.446044921875
1779805289.937686,Fixation,20.663000106811523,105.125,484.4337158203125
1779805290.423197,Saccade,22.949560165405273,485.508,1160.24560546875
1779805290.528186,Fixation,12.431556701660156,104.992,430.0154724121094
1779805290.548319,Saccade,22.75682830810547,20.131,1173.1455078125
1779805290.658319,Fixation,12.401771545410156,109.994,392.9009094238281
1779805290.768441,Saccade,8.019627571105957,110.125,1068.866943359375
1779805290.988703,Fixation,4.792652130126953,220.25,453.16473388671875
1779805291.013714,Saccade,25.174766540527344,25.003,974.401611328125
1779805291.138837,Fixation,6.8120317459106445,125.122,417.05804443359375
1779805291.268959,Saccade,7.998532295227051,130.125,1146.1573486328125
1779805291.401814,Fixation,7.3006978034973145,132.857,420.961181640625
1779805291.624336,Saccade,9.58808708190918,222.518,1172.6094970703125
1779805291.769459,Fixation,2.5915114879608154,145.125,471.2616271972656
1779805291.884459,Saccade,14.197525024414062,115.0,1218.7176513671875
1779805292.079703,Fixation,9.02219009399414,195.25,385.5140380859375
1779805292.104703,Saccade,21.82060432434082,25.0,993.4457397460938
1779805292.204837,Fixation,7.010234355926514,100.125,560.1707153320312
1779805292.424959,Saccade,2.283987045288086,220.125,1220.7822265625
1779805292.565203,Fixation,25.699506759643555,140.25,411.7138977050781
1779805292.645203,Saccade,21.00039291381836,80.0,1047.201904296875
1779805292.715337,Fixation,1.2192915678024292,70.125,330.90997314453125
1779805292.745337,Saccade,25.920944213867188,30.0,1136.062255859375
1779805292.895459,Fixation,29.850345611572266,150.125,438.343017578125
1779805292.925459,Saccade,30.622539520263672,30.0,1135.9002685546875
1779805293.050581,Fixation,7.53190279006958,125.125,484.7544860839844
1779805293.215703,Saccade,20.990821838378906,165.125,1167.1119384765625
1779805293.370836,Fixation,13.31552505493164,155.125,443.39898681640625
1779805293.390959,Saccade,31.61205291748047,20.125,1327.6915283203125
1779805293.516081,Fixation,30.979578018188477,125.125,475.8269958496094
1779805293.576081,Saccade,8.4047269821167,60.0,1461.803466796875
1779805293.721203,Fixation,5.239719390869141,145.125,382.93536376953125
1779805293.806348,Saccade,19.223297119140625,85.138,1293.33642578125
1779805293.911337,Fixation,15.550239562988281,104.987,341.3139343261719
1779805293.9316,Saccade,18.37642478942871,20.125,1094.6119384765625
1779805294.071722,Fixation,15.13355541229248,140.125,459.4316101074219
1779805294.166722,Saccade,12.355279922485352,95.0,1177.804443359375
1779805294.396978,Fixation,20.152393341064453,230.25,427.20928955078125
1779805294.421978,Saccade,21.310773849487305,25.0,935.1077880859375
1779805294.657222,Fixation,19.102567672729492,235.251,440.74725341796875
1779805294.792345,Saccade,15.159346580505371,135.125,1260.785888671875
1779805295.0226,Fixation,19.192546844482422,230.25,435.12408447265625
1779805295.0726,Saccade,12.994985580444336,50.0,1340.0889892578125
1779805295.192722,Fixation,14.908766746520996,120.125,422.5285949707031
1779805295.352856,Saccade,7.861619472503662,160.13,1239.1964111328125
1779805295.6131,Fixation,23.968568801879883,260.245,432.5899963378906
1779805295.663111,Saccade,9.588940620422363,50.008,1182.2440185546875
1779805295.908356,Fixation,7.947567939758301,245.249,439.9234619140625
1779805295.933356,Saccade,22.424367904663086,24.999,1028.534423828125
1779805296.008478,Fixation,12.69510269165039,75.119,456.5028381347656
1779805296.063478,Saccade,4.991961479187012,55.0,1112.0377197265625
1779805296.303722,Fixation,7.721261501312256,240.25,481.14599609375
1779805296.558978,Saccade,6.6539530754089355,255.25,1308.587890625
1779805296.6641,Fixation,13.537374496459961,105.125,345.13458251953125
1779805296.6791,Saccade,14.08474063873291,15.0,1156.1781005859375
1779805296.7591,Fixation,14.217720031738281,80.007,482.01959228515625
1779805296.779222,Saccade,7.55795955657959,20.118,1177.9161376953125
1779805296.929345,Fixation,4.1787261962890625,150.125,467.17974853515625
1779805296.984029,Saccade,8.20582103729248,55.0,998.9261474609375
1779805297.109162,Fixation,8.234042167663574,125.125,487.4266052246094
1779805297.139162,Saccade,9.383813858032227,30.0,1039.5137939453125
1779805297.294284,Fixation,9.713207244873047,155.125,463.8524169921875
1779805297.644662,Saccade,10.825971603393555,350.375,1230.6915283203125
1779805297.754784,Fixation,20.789714813232422,110.125,475.0801086425781
1779805297.884907,Saccade,22.875797271728516,130.125,1283.5115966796875
1779805297.964918,Fixation,3.2228941917419434,80.005,502.9851989746094
1779805297.990029,Saccade,30.51129722595215,25.12,1086.2381591796875
1779805298.095029,Fixation,21.14916229248047,105.0,423.13250732421875
1779805298.470417,Saccade,20.620859146118164,375.387,1222.952880859375
1779805298.875784,Fixation,10.301229476928711,405.363,464.1215515136719
1779805298.900784,Saccade,33.574493408203125,25.0,1202.010009765625
1779805299.045918,Fixation,21.11368751525879,145.139,410.1850280761719
1779805299.231162,Saccade,15.76414680480957,185.236,1163.5577392578125
1779805299.326162,Fixation,19.683319091796875,95.006,379.7475891113281
1779805299.506407,Saccade,25.83319091796875,180.244,1103.2545166015625
1779805299.636529,Fixation,11.869952201843262,130.125,509.6377258300781
1779805299.741662,Saccade,19.557220458984375,105.125,1105.9659423828125
1779805299.911784,Fixation,13.085728645324707,170.125,428.2251892089844
1779805300.252898,Saccade,11.774121284484863,340.25,1253.08056640625
1779805300.573275,Fixation,16.51944923400879,320.379,449.25341796875
1779805300.77842,Saccade,13.623353958129883,205.135,1043.2943115234375
1779805300.893531,Fixation,13.197315216064453,115.112,432.1466064453125
1779805300.918531,Saccade,6.519520282745361,25.0,1095.55224609375
1779805301.043653,Fixation,2.0098342895507812,125.125,347.09075927734375
1779805301.063653,Saccade,28.05709457397461,19.999,1291.5179443359375
1779805301.138775,Fixation,29.97726058959961,75.126,376.71435546875
1779805301.178775,Saccade,25.978113174438477,40.0,1235.7821044921875
1779805301.559153,Fixation,24.70954132080078,380.375,423.1850891113281
1779805301.584153,Saccade,22.84562873840332,25.0,1250.9249267578125
1779805301.849397,Fixation,17.196182250976562,265.25,385.10333251953125
1779805301.869397,Saccade,12.035715103149414,20.0,1230.9169921875
1779805302.004531,Fixation,8.775827407836914,135.125,424.22845458984375
1779805302.044653,Saccade,4.888160228729248,40.125,1292.2320556640625
1779805302.149653,Fixation,19.9062442779541,105.0,375.30596923828125
1779805302.169653,Saccade,17.535593032836914,20.0,933.032958984375
1779805302.269775,Fixation,21.055883407592773,100.125,428.4891357421875
1779805302.289775,Saccade,21.478296279907227,20.0,1120.928466796875
1779805302.394897,Fixation,13.212641716003418,105.125,417.9624328613281
1779805302.460031,Saccade,27.809507369995117,65.125,1374.9727783203125
1779805302.730286,Fixation,10.843998908996582,270.254,444.8739013671875
1779805302.745275,Saccade,17.706270217895508,14.996,1138.044677734375
1779805302.860398,Fixation,7.110516548156738,115.125,530.0847778320312
1779805302.880398,Saccade,6.998481750488281,20.0,1578.385498046875
1779805303.079951,Fixation,13.658666610717773,200.125,434.9779357910156
1779805303.135073,Saccade,8.136147499084473,55.125,1153.2869873046875
1779805303.320195,Fixation,15.816800117492676,185.125,378.7976379394531
1779805303.420317,Saccade,12.031085968017578,100.125,1073.8160400390625
1779805303.680573,Fixation,2.5164778232574463,260.25,441.4839172363281
1779805303.915695,Saccade,13.019176483154297,235.125,1023.493408203125
1779805304.155951,Fixation,20.204538345336914,240.25,432.6033020019531
1779805304.216073,Saccade,7.49361515045166,60.125,1083.9937744140625
1779805304.416195,Fixation,23.722396850585938,200.125,547.0345458984375
1779805304.68645,Saccade,17.280574798583984,270.25,1227.5091552734375
1779805304.851573,Fixation,24.225915908813477,165.125,428.7738952636719
1779805304.871573,Saccade,30.147470474243164,20.0,1210.3023681640625
1779805304.951695,Fixation,12.808904647827148,80.125,522.8779907226562
1779805305.146817,Saccade,17.18430519104004,195.125,1329.5264892578125
1779805305.23695,Fixation,7.554965496063232,90.125,386.767822265625
1779805305.397073,Saccade,17.011951446533203,160.125,1246.8619384765625
1779805305.477206,Fixation,10.335244178771973,80.135,359.9786682128906
1779805305.497195,Saccade,22.975807189941406,19.99,1175.5960693359375
1779805305.967695,Fixation,5.680338382720947,470.5,404.6412658691406
1779805306.472945,Saccade,14.259354591369629,505.375,1235.469482421875
1779805306.69819,Fixation,9.967421531677246,225.25,517.5069580078125
1779805306.768201,Saccade,13.278077125549316,70.001,1492.893310546875
1779805306.908323,Fixation,16.264480590820312,140.128,432.83258056640625
1779805306.923456,Saccade,15.112472534179688,15.129,1144.530517578125
1779805307.21369,Fixation,8.757943153381348,290.242,421.2511291503906
1779805307.323823,Saccade,18.185611724853516,110.125,1285.4984130859375
1779805307.403823,Fixation,11.54252815246582,80.0,470.007080078125
1779805307.418823,Saccade,12.722576141357422,15.001,947.2593383789062
1779805307.553945,Fixation,31.29758644104004,135.124,547.8790283203125
1779805307.573946,Saccade,28.10525894165039,20.001,1376.4398193359375
1779805307.759201,Fixation,14.794095993041992,185.25,460.77545166015625
1779805307.934323,Saccade,22.45257568359375,175.125,1258.070556640625
1779805308.089457,Fixation,15.535743713378906,155.132,413.9193420410156
1779805308.194568,Saccade,12.12708568572998,105.118,1157.9483642578125
1779805308.379701,Fixation,27.654441833496094,185.125,404.2445373535156
1779805308.399823,Saccade,30.774805068969727,20.129,1252.601806640625
1779805308.484823,Fixation,8.050056457519531,84.996,421.57696533203125
1779805308.514823,Saccade,15.71681022644043,30.0,1235.954833984375
1779805308.639956,Fixation,4.761824131011963,125.135,469.95166015625
1779805308.785079,Saccade,9.964601516723633,145.12,1340.7686767578125
1779805308.940201,Fixation,22.70485496520996,155.127,463.3477478027344
1779805308.955323,Saccade,29.54399299621582,15.122,1498.80615234375
1779805309.075323,Fixation,16.124530792236328,119.996,413.4068603515625
1779805309.241115,Saccade,14.59930419921875,165.25,998.7554931640625
1779805309.671493,Fixation,27.37281608581543,430.375,416.1308898925781
1779805309.866615,Saccade,14.395806312561035,195.127,1202.4619140625
1779805310.236993,Fixation,14.092777252197266,370.373,429.9571228027344
1779805310.256993,Saccade,24.358055114746094,20.0,1087.9163818359375
1779805310.567248,Fixation,11.704610824584961,310.253,480.0616760253906
1779805310.58237,Saccade,12.62646484375,15.122,955.4480590820312
1779805310.69237,Fixation,6.248368740081787,110.0,479.8381652832031
1779805310.762493,Saccade,26.247901916503906,70.125,1722.785888671875
1779805310.897615,Fixation,22.584285736083984,135.125,424.6334228515625
1779805310.947615,Saccade,16.01988410949707,50.0,1209.8790283203125
1779805311.21287,Fixation,16.9287052154541,265.25,422.60308837890625
1779805311.23287,Saccade,17.855451583862305,20.0,991.2905883789062
1779805311.347993,Fixation,22.969911575317383,115.125,575.4844360351562
1779805311.488115,Saccade,24.916948318481445,140.126,1455.4420166015625
1779805311.573248,Fixation,20.567955017089844,85.124,441.6823425292969
1779805311.68337,Saccade,7.797374248504639,110.125,1057.6265869140625
1779805311.813493,Fixation,21.08431053161621,130.125,456.2469787597656
1779805311.898493,Saccade,32.938899993896484,85.0,1095.2098388671875
1779805312.45829,Fixation,25.886445999145508,560.5,448.9389343261719
1779805312.498413,Saccade,2.1996030807495117,40.125,1205.3892822265625
1779805312.853668,Fixation,18.75637435913086,355.25,461.70916748046875
1779805313.028924,Saccade,11.064250946044922,175.26,1124.4610595703125
1779805313.123913,Fixation,1.0108562707901,94.99,369.9390563964844
1779805313.254046,Saccade,14.47497844696045,130.132,1200.583740234375
1779805313.384168,Fixation,2.6293179988861084,130.119,480.5874328613281
1779805313.46429,Saccade,3.5085723400115967,80.125,963.3197021484375
1779805313.789546,Fixation,12.546819686889648,325.25,441.44488525390625
1779805313.97479,Saccade,5.742494106292725,185.25,1050.4061279296875
1779805314.05979,Fixation,6.660510063171387,85.0,369.6241760253906
1779805314.154913,Saccade,8.683032035827637,95.125,1071.2059326171875
1779805314.320057,Fixation,16.530302047729492,165.137,492.2571716308594
1779805314.340046,Saccade,21.03589630126953,19.988,1026.8831787109375
1779805314.480168,Fixation,8.543148040771484,140.125,402.5420837402344
1779805314.500313,Saccade,21.150894165039062,20.141,1038.4970703125
1779805314.705413,Fixation,7.278897762298584,205.109,429.3651123046875
1779805314.720413,Saccade,15.816023826599121,15.0,1090.6934814453125
1779805314.915668,Fixation,24.362016677856445,195.25,454.0440979003906
1779805314.935668,Saccade,26.836822509765625,20.0,1227.371337890625
1779805315.090791,Fixation,14.87818717956543,155.125,371.05078125
1779805315.166665,Saccade,24.616596221923828,75.005,1444.1214599609375
1779805315.436909,Fixation,23.315488815307617,270.245,459.7138977050781
1779805315.482032,Saccade,11.726561546325684,45.125,1020.89404296875
1779805315.572032,Fixation,19.909603118896484,90.0,542.6366577148438
1779805315.652154,Saccade,9.285863876342773,80.125,1115.3681640625
1779805315.95241,Fixation,16.47188949584961,300.25,423.9287109375
1779805316.007532,Saccade,13.669641494750977,55.125,1171.6185302734375
1779805316.127654,Fixation,14.328889846801758,120.125,387.23529052734375
1779805316.362776,Saccade,7.757418155670166,235.125,1168.4034423828125
1779805316.45791,Fixation,7.038654327392578,95.13,496.4249572753906
1779805316.47791,Saccade,28.202787399291992,19.995,1110.3055419921875
1779805316.683154,Fixation,21.79679298400879,205.25,394.9886169433594
1779805317.018409,Saccade,19.554433822631836,335.25,1132.1480712890625
1779805317.213654,Fixation,3.4620964527130127,195.25,428.8957214355469
1779805317.238654,Saccade,21.18663787841797,25.0,1085.63525390625
1779805317.373776,Fixation,17.024477005004883,135.125,483.7401123046875
1779805317.423787,Saccade,16.0181827545166,50.009,1314.3424072265625
1779805317.639032,Fixation,15.529860496520996,215.241,493.54736328125
1779805317.664032,Saccade,18.429471969604492,25.0,984.7468872070312
1779805317.924287,Fixation,12.400599479675293,260.257,394.45806884765625
1779805317.949287,Saccade,15.411705017089844,25.004,1260.0443115234375
1779805318.05941,Fixation,13.30569839477539,110.114,443.3442687988281
1779805318.234209,Saccade,15.041644096374512,175.13,1228.7755126953125
1779805318.559587,Fixation,16.921737670898438,325.37,450.93408203125
1779805318.714709,Saccade,10.972332954406738,155.125,1172.4991455078125
1779805318.894831,Fixation,14.942159652709961,180.126,402.37860107421875
1779805318.949831,Saccade,23.015134811401367,54.999,1357.5125732421875
1779805319.100086,Fixation,14.921048164367676,150.25,415.59222412109375
1779805319.435331,Saccade,12.447336196899414,335.251,1260.710693359375
1779805319.510453,Fixation,6.6594038009643555,75.125,460.51080322265625
1779805319.730587,Saccade,13.34095573425293,220.125,1184.9957275390625
1779805319.955831,Fixation,1.9320627450942993,225.25,454.875244140625
1779805319.995831,Saccade,9.868539810180664,40.0,1414.4525146484375
1779805320.256087,Fixation,11.053948402404785,260.255,470.25872802734375
1779805320.276087,Saccade,18.139328002929688,19.995,1037.881591796875
1779805320.456331,Fixation,9.944421768188477,180.25,446.71832275390625
1779805320.611453,Saccade,2.9662599563598633,155.125,1188.5631103515625
1779805320.811586,Fixation,10.640366554260254,200.125,451.1763000488281
1779805320.836586,Saccade,24.92266845703125,25.0,1070.9012451171875
1779805321.166953,Fixation,24.31852912902832,330.375,481.6676025390625
1779805321.301753,Saccade,12.920449256896973,135.125,1283.5760498046875
1779805321.391753,Fixation,18.685077667236328,90.006,511.79547119140625
1779805321.446875,Saccade,23.471120834350586,55.119,1309.067138671875
1779805321.867253,Fixation,19.2093448638916,420.375,424.6434020996094
1779805321.892253,Saccade,14.690813064575195,25.0,971.8987426757812
1779805322.187497,Fixation,4.469255447387695,295.25,411.2935485839844
1779805322.332619,Saccade,27.321264266967773,145.125,1199.462646484375
1779805322.472753,Fixation,8.833152770996094,140.125,472.7353820800781
1779805322.597875,Saccade,12.480616569519043,125.129,1262.16552734375
1779805322.707997,Fixation,8.38247299194336,110.121,497.5455627441406
1779805322.727997,Saccade,15.843022346496582,20.0,972.0872192382812
1779805322.918253,Fixation,20.446800231933594,190.255,353.2430419921875
1779805323.043375,Saccade,7.476234436035156,125.12,1099.263427734375
1779805323.163497,Fixation,17.136157989501953,120.125,433.61669921875
1779805323.243497,Saccade,16.189823150634766,80.0,1244.0830078125
1779805323.423619,Fixation,25.079805374145508,180.125,453.5335998535156
1779805323.553753,Saccade,16.289901733398438,130.125,1212.3798828125
1779805323.638875,Fixation,13.099432945251465,85.125,449.76849365234375
1779805323.788997,Saccade,4.227077484130859,150.125,1225.7830810546875
1779805323.999253,Fixation,2.129446268081665,210.25,462.168212890625
1779805324.280165,Saccade,18.46864128112793,280.25,1043.8018798828125
1779805324.400287,Fixation,28.7060546875,120.125,459.4779357910156
1779805324.420298,Saccade,16.595218658447266,20.001,949.5538330078125
1779805324.540421,Fixation,9.647178649902344,120.127,486.8071594238281
1779805324.695543,Saccade,21.276981353759766,155.122,1277.2686767578125
1779805324.775543,Fixation,6.827688694000244,80.0,547.6981201171875
1779805324.840676,Saccade,17.751802444458008,65.136,1030.82275390625
1779805325.020798,Fixation,12.609368324279785,180.115,484.7688293457031
1779805325.17592,Saccade,15.829438209533691,155.125,1198.406494140625
1779805325.311054,Fixation,10.83391284942627,135.139,455.7551574707031
1779805325.326165,Saccade,14.844722747802734,15.111,1069.272705078125
1779805325.811543,Fixation,16.524578094482422,485.375,428.8026123046875
1779805325.856543,Saccade,14.883857727050781,45.0,1399.300537109375
1779805326.096798,Fixation,12.848834037780762,240.25,442.46160888671875
1779805326.131921,Saccade,14.496757507324219,35.125,1295.4486083984375
1779805326.407165,Fixation,20.763635635375977,275.25,492.874755859375
1779805326.607298,Saccade,20.332847595214844,200.125,1246.9251708984375
1779805326.707421,Fixation,19.017887115478516,100.125,479.49755859375
1779805326.76242,Saccade,5.797571659088135,55.0,1044.6396484375
1779805326.837543,Fixation,5.820682525634766,75.126,345.7651672363281
1779805326.887543,Saccade,14.248124122619629,49.999,1424.5128173828125
1779805327.002665,Fixation,12.29149341583252,115.125,460.18597412109375
1779805327.112798,Saccade,11.562289237976074,110.125,1212.1162109375
1779805327.212798,Fixation,9.9661865234375,100.004,472.1011962890625
1779805327.297739,Saccade,22.5704345703125,85.121,1057.4217529296875
1779805327.372861,Fixation,12.519693374633789,75.125,377.58880615234375
1779805327.502983,Saccade,12.060275077819824,130.125,1059.0709228515625
1779805327.582983,Fixation,14.454607963562012,80.0,402.96026611328125
1779805327.602983,Saccade,22.651968002319336,20.0,1043.6064453125
1779805327.688117,Fixation,11.67492389678955,85.125,462.16571044921875
1779805327.793239,Saccade,6.529617786407471,105.125,1266.792724609375
1779805327.958361,Fixation,5.831125259399414,165.125,477.39959716796875
1779805328.068506,Saccade,26.693084716796875,110.139,1109.7861328125
1779805328.158483,Fixation,27.983474731445312,89.986,455.1193542480469
1779805328.198617,Saccade,9.96198558807373,40.125,1182.09375
1779805328.293617,Fixation,13.870532035827637,95.0,373.9576416015625
1779805328.308739,Saccade,11.385149955749512,15.125,1146.6246337890625
1779805328.523861,Fixation,13.3912935256958,215.125,502.943603515625
1779805328.628983,Saccade,16.32892417907715,105.125,1247.8734130859375
1779805328.924239,Fixation,15.477458000183105,295.25,371.53271484375
1779805329.094361,Saccade,7.0727643966674805,170.125,1189.563232421875
1779805329.269617,Fixation,10.534062385559082,175.25,434.3778076171875
1779805329.289617,Saccade,22.31169891357422,20.008,1139.091552734375
1779805329.649861,Fixation,17.540565490722656,360.242,424.5057373046875
1779805329.664872,Saccade,15.694169998168945,15.016,1300.103271484375
1779805329.815117,Fixation,17.56096076965332,150.234,473.7801513671875
1779805329.835117,Saccade,15.22283935546875,20.001,1138.7734375
1779805329.990239,Fixation,13.872490882873535,155.124,405.4154052734375
1779805330.39053,Saccade,2.071796178817749,400.375,1239.7252197265625
1779805330.495652,Fixation,16.739452362060547,105.126,474.7702331542969
1779805330.660774,Saccade,9.804662704467773,165.125,1263.185546875
1779805330.835896,Fixation,22.00360870361328,175.125,415.77337646484375
1779805330.986041,Saccade,25.614810943603516,150.136,1126.173583984375
1779805331.296396,Fixation,8.384347915649414,310.364,445.4558410644531
1779805331.316396,Saccade,19.091445922851562,20.0,1003.5728759765625
1779805331.50153,Fixation,22.083267211914062,185.128,495.0516052246094
1779805331.686774,Saccade,12.886759757995605,185.247,1142.5609130859375
1779805331.826896,Fixation,5.2495436668396,140.125,424.71484375
1779805331.846896,Saccade,18.706151962280273,20.0,908.1395263671875
1779805331.96203,Fixation,24.953168869018555,115.125,499.5665283203125
1779805332.01703,Saccade,8.007407188415527,55.0,1272.166748046875
1779805332.462396,Fixation,12.386838912963867,445.375,428.1931457519531
1779805332.56753,Saccade,13.293965339660645,105.125,1269.55859375
1779805332.682652,Fixation,17.503665924072266,115.125,337.7244567871094
1779805332.797774,Saccade,27.63249969482422,115.125,1356.0611572265625
1779805332.967907,Fixation,21.423608779907227,170.128,459.99896240234375
1779805333.14303,Saccade,2.8345706462860107,175.122,1136.1175537109375
1779805333.273152,Fixation,5.606238842010498,130.129,381.6294250488281
1779805333.293152,Saccade,25.138320922851562,19.999,1307.621337890625
1779805333.548267,Fixation,8.764958381652832,255.262,406.8871154785156
1779805333.638378,Saccade,7.206860065460205,90.11,1159.856201171875
1779805334.238878,Fixation,14.367130279541016,600.5,411.5352478027344
1779805334.309011,Saccade,17.64914321899414,70.139,1294.5201416015625
1779805334.514123,Fixation,14.187370300292969,205.111,455.85247802734375
1779805334.674378,Saccade,4.5093159675598145,160.25,1188.854248046875
1779805334.9045,Fixation,6.017073631286621,230.125,404.4376525878906
1779805334.9245,Saccade,12.239554405212402,20.0,991.1642456054688
1779805335.034634,Fixation,21.126251220703125,110.14,410.49713134765625
1779805335.059623,Saccade,22.370269775390625,24.985,1095.5855712890625
1779805335.224878,Fixation,8.28551959991455,165.25,407.6401672363281
1779805335.249878,Saccade,38.99850082397461,25.005,1399.5093994140625
1779805335.35,Fixation,14.865381240844727,100.12,428.5933532714844
1779805335.37,Saccade,16.919992446899414,20.0,1172.4000244140625
1779805335.485123,Fixation,13.172926902770996,115.125,427.598876953125
1779805335.505123,Saccade,24.023090362548828,20.0,1230.0155029296875
1779805335.605123,Fixation,15.28288745880127,100.0,375.0029296875
1779805335.620245,Saccade,14.415478706359863,15.125,1086.7994384765625
1779805335.9155,Fixation,1.4643968343734741,295.251,475.1994934082031
1779805336.125634,Saccade,18.583683013916016,210.129,1251.48681640625
1779805336.545491,Fixation,13.762768745422363,420.371,369.76220703125
1779805336.680613,Saccade,2.478760242462158,135.125,1066.0467529296875
1779805336.755735,Fixation,13.450885772705078,75.125,556.2650146484375
1779805336.885869,Saccade,10.190471649169922,130.125,1102.7730712890625
1779805337.496368,Fixation,13.684823989868164,610.5,461.8707580566406
1779805337.516491,Saccade,18.683889389038086,20.126,1025.339599609375
1779805337.636613,Fixation,22.441085815429688,120.124,468.7225036621094
1779805337.861735,Saccade,31.145946502685547,225.125,1427.8526611328125
1779805337.966868,Fixation,23.050809860229492,105.125,390.8719177246094
1779805338.026869,Saccade,6.5803608894348145,60.0,1559.19189453125
1779805338.247113,Fixation,20.010047912597656,220.25,410.302001953125
1779805338.267113,Saccade,20.293094635009766,20.0,1268.4908447265625
1779805338.392235,Fixation,14.219344139099121,125.125,386.821533203125
1779805338.422235,Saccade,19.876680374145508,30.0,1086.583984375
1779805338.557369,Fixation,15.834600448608398,135.125,489.44622802734375
1779805338.577368,Saccade,20.823884963989258,20.0,1016.1839599609375
1779805338.797624,Fixation,10.266641616821289,220.262,463.90435791015625
1779805338.862735,Saccade,31.264291763305664,65.113,1133.5833740234375
1779805338.952746,Fixation,11.448174476623535,90.004,388.5140380859375
1779805338.972735,Saccade,28.595251083374023,19.996,1218.12890625
1779805339.117868,Fixation,28.94586181640625,145.125,538.0549926757812
1779805339.242991,Saccade,32.69574737548828,125.125,1131.0006103515625
1779805339.528633,Fixation,13.790863037109375,285.25,426.038330078125
1779805339.578766,Saccade,8.525012969970703,50.125,1018.7835083007812
1779805339.809011,Fixation,14.197260856628418,230.25,413.2749328613281
1779805339.829022,Saccade,27.633581161499023,20.011,1269.1263427734375
1779805339.914022,Fixation,13.55932331085205,84.997,506.3913269042969
1779805339.964144,Saccade,13.183680534362793,50.12,1032.5059814453125
1779805340.409522,Fixation,26.97724151611328,445.382,453.64459228515625
1779805340.624766,Saccade,18.256559371948242,215.24,1231.74560546875
1779805340.809889,Fixation,4.208017826080322,185.125,370.87628173828125
1779805341.040133,Saccade,15.5884428024292,230.25,1041.3782958984375
1779805341.190266,Fixation,7.342081069946289,150.125,486.77734375
1779805341.505522,Saccade,8.844915390014648,315.259,1201.6307373046875
1779805341.595633,Fixation,19.855945587158203,90.116,507.26275634765625
1779805341.620644,Saccade,17.390125274658203,25.004,1066.7991943359375
1779805341.910889,Fixation,7.404101848602295,290.247,411.84954833984375
1779805341.991011,Saccade,14.249765396118164,80.125,1100.4156494140625
1779805342.116144,Fixation,4.758047103881836,125.13,498.9503173828125
1779805342.151144,Saccade,11.071842193603516,34.995,1008.6712646484375
1779805342.541511,Fixation,17.28634262084961,390.375,441.26324462890625
1779805342.556832,Saccade,20.662561416625977,15.0,1192.0689697265625
1779805342.671976,Fixation,18.856555938720703,115.14,382.03228759765625
1779805342.761965,Saccade,8.615909576416016,89.985,1459.0968017578125
1779805343.377588,Fixation,21.635066986083984,615.625,461.7657775878906
1779805343.402588,Saccade,32.38611602783203,25.0,1246.1826171875
1779805343.49271,Fixation,6.5085554122924805,90.125,348.04669189453125
1779805343.51771,Saccade,24.17524528503418,25.0,1086.7366943359375
1779805343.727965,Fixation,25.717082977294922,210.25,459.6715087890625
1779805343.747965,Saccade,31.352998733520508,20.0,1310.7850341796875
1779805343.873088,Fixation,10.247474670410156,125.125,441.4715881347656
1779805343.903088,Saccade,18.51453971862793,30.0,1098.2982177734375
1779805343.988088,Fixation,7.329268455505371,85.0,510.81488037109375
1779805344.02321,Saccade,13.338295936584473,35.125,1219.568115234375
1779805344.198332,Fixation,9.507501602172852,175.125,421.0445556640625
1779805344.313465,Saccade,10.962132453918457,115.125,1284.5667724609375
1779805344.458588,Fixation,18.299779891967773,145.127,509.87322998046875
1779805344.483588,Saccade,22.24138641357422,24.998,1245.2100830078125
1779805344.65871,Fixation,34.3883171081543,175.125,500.66619873046875
1779805344.678832,Saccade,19.63266944885254,20.125,957.2288208007812
1779805344.803832,Fixation,6.30447244644165,125.0,433.2137145996094
1779805344.938965,Saccade,33.396907806396484,135.125,1428.9256591796875
1779805345.044088,Fixation,22.69612693786621,105.125,428.0892028808594
1779805345.064088,Saccade,19.416828155517578,20.0,1074.1207275390625
1779805345.344332,Fixation,9.033231735229492,280.25,478.6100769042969
1779805345.414465,Saccade,3.203138589859009,70.125,1234.208984375
1779805345.794603,Fixation,13.711953163146973,380.381,466.9552917480469
1779805345.844592,Saccade,14.842229843139648,49.995,1117.4178466796875
1779805346.014725,Fixation,24.861831665039062,170.124,461.02581787109375
1779805346.119848,Saccade,25.167224884033203,105.125,1302.4244384765625
1779805346.405092,Fixation,20.30032730102539,285.25,485.35614013671875
1779805346.585359,Saccade,4.938697814941406,180.261,1204.397216796875
1779805346.700347,Fixation,3.554368019104004,114.99,493.9938049316406
1779805346.765481,Saccade,18.206560134887695,65.136,1134.087890625
1779805346.925592,Fixation,18.41587257385254,160.114,432.8819885253906
1779805347.010725,Saccade,21.29836654663086,85.125,1195.4793701171875
1779805347.29097,Fixation,23.161413192749023,280.252,453.5584716796875
1779805347.34597,Saccade,9.333372116088867,54.998,1078.54638671875
1779805347.481092,Fixation,14.927410125732422,135.125,494.1314697265625
1779805347.506092,Saccade,19.652780532836914,25.0,1086.872314453125
1779805347.641225,Fixation,22.323646545410156,135.125,406.02227783203125
1779805347.661347,Saccade,7.4250688552856445,20.125,1106.4732666015625
1779805347.926603,Fixation,6.53561544418335,265.258,483.8368835449219
1779805348.076725,Saccade,21.623397827148438,150.117,1225.78515625
1779805348.597196,Fixation,13.374147415161133,520.375,478.0877380371094
1779805348.622329,Saccade,23.36447525024414,25.125,1170.4012451171875
1779805348.772451,Fixation,6.544209003448486,150.125,450.3263854980469
1779805348.982584,Saccade,19.09524917602539,210.136,1181.5146484375
1779805349.067696,Fixation,16.447500228881836,85.114,612.2373046875
1779805349.082696,Saccade,12.390342712402344,15.0,1007.5650024414062
1779805349.177829,Fixation,22.98004150390625,95.125,373.1615905761719
1779805349.377951,Saccade,1.523189902305603,200.125,1272.9560546875
1779805349.588196,Fixation,25.333227157592773,210.25,408.3386535644531
1779805349.768329,Saccade,19.496240615844727,180.125,1269.707763671875
1779805349.888451,Fixation,8.851865768432617,120.125,365.97491455078125
1779805350.188696,Saccade,17.986324310302734,300.25,1130.3360595703125
1779805350.378951,Fixation,18.13966178894043,190.25,453.0240173339844
1779805350.393951,Saccade,24.030202865600586,15.0,1317.4844970703125
1779805350.759207,Fixation,22.914566040039062,365.258,446.24725341796875
1779805350.839329,Saccade,16.09596061706543,80.117,1192.6199951171875
1779805351.064573,Fixation,27.980859756469727,225.25,427.65789794921875
1779805351.224696,Saccade,20.832393646240234,160.125,1160.448486328125
1779805351.454951,Fixation,9.939366340637207,230.251,443.4699401855469
1779805351.469962,Saccade,14.04526424407959,15.009,919.4318237304688
1779805351.619565,Fixation,14.733354568481445,150.115,500.0444030761719
1779805351.864821,Saccade,14.975201606750488,245.251,1273.0748291015625
1779805351.944821,Fixation,10.28257942199707,80.0,495.05572509765625
1779805352.004943,Saccade,9.553731918334961,60.125,1263.29638671875
1779805352.084943,Fixation,23.24539566040039,80.0,367.9627380371094
1779805352.160076,Saccade,15.604971885681152,75.134,1167.2205810546875
1779805352.470321,Fixation,7.317845821380615,310.241,515.9801635742188
1779805352.770565,Saccade,3.9703359603881836,300.25,1254.6781005859375
1779805353.160954,Fixation,9.886078834533691,390.385,488.310546875
1779805353.251076,Saccade,9.689045906066895,90.123,1503.8345947265625
1779805353.586321,Fixation,16.47781753540039,335.242,416.2749938964844
1779805353.606321,Saccade,25.133350372314453,20.0,1217.0364990234375
1779805353.751576,Fixation,31.324804306030273,145.261,495.0281677246094
1779805353.766576,Saccade,20.014341354370117,14.993,1215.6175537109375
1779805353.881576,Fixation,5.90817403793335,114.999,446.1246032714844
1779805353.896687,Saccade,19.3298397064209,15.122,1141.489501953125
1779805354.091821,Fixation,25.448402404785156,195.125,468.83343505859375
1779805354.136832,Saccade,4.406822204589844,45.011,1190.40966796875
1779805354.327065,Fixation,6.240066051483154,190.239,434.5135498046875
1779805354.427187,Saccade,14.7975435256958,100.125,1235.65478515625
1779805354.542187,Fixation,11.604371070861816,115.0,399.6409912109375
1779805354.602327,Saccade,14.569655418395996,60.125,1127.8453369140625
1779805354.767449,Fixation,27.403669357299805,165.125,533.1346435546875
1779805354.902571,Saccade,15.469881057739258,135.125,1292.0052490234375
1779805355.160905,Fixation,12.689949035644531,258.33,477.2847595214844
1779805355.202838,Saccade,17.342159271240234,41.932,1606.2711181640625
1779805355.322949,Fixation,10.755664825439453,120.113,506.55926513671875
1779805355.498071,Saccade,22.022445678710938,175.125,1346.9613037109375
1779805355.643327,Fixation,6.928295135498047,145.256,396.825439453125
1779805355.748327,Saccade,9.383854866027832,104.998,1131.003173828125
1779805355.948571,Fixation,21.769411087036133,200.246,416.56195068359375
1779805356.018571,Saccade,8.103605270385742,70.0,1332.40283203125
1779805356.108694,Fixation,20.466650009155273,90.125,419.23480224609375
1779805356.288827,Saccade,32.334381103515625,180.125,1164.006103515625
1779805356.529071,Fixation,32.622745513916016,240.25,443.1598815917969
1779805356.784327,Saccade,14.350398063659668,255.25,1272.7945556640625
1779805356.874449,Fixation,10.136354446411133,90.125,428.5928649902344
1779805356.959449,Saccade,15.495835304260254,85.001,1330.7667236328125
1779805357.174705,Fixation,9.080328941345215,215.257,464.5838928222656
1779805357.359827,Saccade,12.957992553710938,185.118,1155.1204833984375
1779805357.509949,Fixation,17.98466682434082,150.125,442.1778869628906
1779805357.529949,Saccade,18.12688636779785,20.004,1018.492431640625
1779805357.675908,Fixation,9.821619033813477,145.251,448.74298095703125
1779805357.735908,Saccade,5.666482925415039,59.995,1156.9683837890625
1779805358.071152,Fixation,3.9634015560150146,335.25,413.7120056152344
1779805358.086274,Saccade,4.779821872711182,15.125,1106.7601318359375
1779805358.201274,Fixation,11.665307998657227,115.0,448.9634094238281
1779805358.216408,Saccade,14.075074195861816,15.125,1177.3526611328125
1779805358.486652,Fixation,15.531919479370117,270.25,467.8333435058594
1779805358.511652,Saccade,19.49109649658203,25.0,1057.6055908203125
1779805359.072152,Fixation,13.576993942260742,560.5,458.7580871582031
1779805359.097152,Saccade,26.662029266357422,25.0,1096.765380859375
1779805359.462541,Fixation,16.3350887298584,365.385,443.09716796875
1779805359.49253,Saccade,18.035863876342773,29.995,1158.29345703125
1779805359.767774,Fixation,21.614093780517578,275.245,410.4048767089844
1779805360.278274,Saccade,12.129054069519043,510.5,1320.1619873046875
1779805360.428408,Fixation,6.833682537078857,150.125,505.8732604980469
1779805360.468408,Saccade,0.735602617263794,40.001,1132.771240234375
1779805360.663652,Fixation,9.98180866241455,195.249,475.32659912109375
1779805360.788227,Saccade,5.887908935546875,125.006,1079.8648681640625
1779805360.868338,Fixation,16.7077693939209,80.119,463.6405334472656
1779805360.89836,Saccade,22.947765350341797,30.016,1131.207763671875
1779805360.983472,Fixation,15.468728065490723,85.109,465.4356689453125
1779805361.078594,Saccade,16.089616775512695,95.125,1036.401611328125
1779805361.183594,Fixation,14.900197982788086,105.0,418.5650939941406
1779805361.208727,Saccade,27.443740844726562,25.13,1046.2781982421875
1779805361.293716,Fixation,1.9167163372039795,84.995,353.68170166015625
1779805361.353838,Saccade,29.632291793823242,60.125,1211.6456298828125
1779805361.578972,Fixation,12.885074615478516,225.126,503.58978271484375
1779805361.629094,Saccade,14.10771656036377,50.124,1359.6031494140625
1779805361.869338,Fixation,9.517431259155273,240.251,419.5901184082031
1779805362.069472,Saccade,28.665843963623047,200.125,1437.0235595703125
1779805362.424838,Fixation,23.688316345214844,355.375,452.12823486328125
1779805362.619972,Saccade,6.770212650299072,195.125,1111.5213623046875
1779805362.775094,Fixation,6.8542799949646,155.129,393.8047790527344
1779805362.835216,Saccade,9.392030715942383,60.121,1362.15478515625
1779805363.430716,Fixation,17.633703231811523,595.5,409.7840881347656
1779805363.475716,Saccade,17.560649871826172,45.0,1345.3675537109375
1779805363.555838,Fixation,16.11440658569336,80.125,457.1775817871094
1779805363.575838,Saccade,10.760458946228027,20.0,1136.4771728515625
1779805363.890702,Fixation,10.709726333618164,315.25,465.55224609375
1779805364.025835,Saccade,22.820280075073242,135.137,1046.1019287109375
1779805364.140946,Fixation,2.944195508956909,115.113,480.4050598144531
1779805364.165957,Saccade,28.104658126831055,25.005,1274.7996826171875
1779805364.386202,Fixation,24.445018768310547,220.245,466.5259704589844
1779805364.406202,Saccade,15.47520923614502,20.005,1117.86767578125
1779805364.496324,Fixation,7.143317699432373,90.12,403.9746398925781
1779805364.676457,Saccade,1.1860196590423584,180.133,1221.1451416015625
1779805364.846702,Fixation,17.70803451538086,170.242,442.74822998046875
1779805364.946702,Saccade,23.4722843170166,100.0,996.1566162109375
1779805365.111824,Fixation,15.836797714233398,165.125,448.06219482421875
1779805365.166946,Saccade,10.233865737915039,55.125,1271.369873046875
1779805365.272079,Fixation,5.845019817352295,105.125,541.1871337890625
1779805365.292079,Saccade,20.325706481933594,20.0,1158.500732421875
1779805365.377079,Fixation,19.424814224243164,85.0,426.4691467285156
1779805365.482202,Saccade,13.066815376281738,105.125,1199.1988525390625
1779805365.562324,Fixation,14.970010757446289,80.125,518.8280029296875
1779805365.732446,Saccade,17.06137466430664,170.125,1199.381591796875
1779805365.812579,Fixation,16.414331436157227,80.125,424.0400390625
1779805365.962702,Saccade,21.71643829345703,150.125,1197.638916015625
1779805366.337957,Fixation,26.000690460205078,375.256,493.69110107421875
1779805366.518202,Saccade,20.099374771118164,180.244,1277.8017578125
1779805366.618324,Fixation,11.279019355773926,100.125,461.66766357421875
1779805366.704104,Saccade,36.56000518798828,85.001,1454.5477294921875
1779805366.89936,Fixation,39.844547271728516,195.25,525.3310546875
1779805366.92436,Saccade,21.75428009033203,25.0,848.054931640625
1779805367.264604,Fixation,5.442849636077881,340.25,444.00860595703125
1779805367.47486,Saccade,12.805131912231445,210.25,1081.8310546875
1779805367.614993,Fixation,24.730918884277344,140.135,433.6612243652344
1779805367.845237,Saccade,1.733841061592102,230.24,1272.6884765625
1779805368.190482,Fixation,20.085105895996094,345.25,428.2854919433594
1779805368.305604,Saccade,9.682317733764648,115.125,1163.439453125
1779805368.60086,Fixation,4.170578479766846,295.25,447.228759765625
1779805368.62086,Saccade,20.154651641845703,20.0,938.0948486328125
1779805368.735982,Fixation,15.203920364379883,115.125,456.9871520996094
1779805368.791104,Saccade,16.0219783782959,55.125,1266.7261962890625
1779805368.901104,Fixation,15.387588500976562,110.0,450.7458190917969
1779805369.04636,Saccade,14.44455337524414,145.25,1159.924072265625
1779805369.741982,Fixation,8.956870079040527,695.625,429.7880859375
1779805370.072217,Saccade,3.3166370391845703,330.261,1125.6378173828125
1779805370.192328,Fixation,19.118152618408203,120.114,412.45001220703125
1779805370.272451,Saccade,18.392446517944336,80.125,1066.5743408203125
1779805370.807951,Fixation,19.826980590820312,535.5,482.0162048339844
1779805370.832951,Saccade,34.31494140625,25.004,1297.4052734375
1779805370.993073,Fixation,25.38324737548828,160.121,419.71661376953125
1779805371.078206,Saccade,11.223455429077148,85.125,1020.6649780273438
1779805371.278329,Fixation,12.2355318069458,200.125,450.6313781738281
1779805371.303329,Saccade,26.44642448425293,25.001,1089.356201171875
1779805371.428451,Fixation,18.439552307128906,125.124,470.92724609375
1779805371.563573,Saccade,22.715145111083984,135.125,1438.5120849609375
1779805371.688706,Fixation,10.653841972351074,125.125,393.48876953125
1779805371.77384,Saccade,8.712591171264648,85.136,1032.64501953125
1779805371.903951,Fixation,16.710786819458008,130.115,419.32501220703125
1779805371.983951,Saccade,17.51865577697754,80.0,1053.7379150390625
1779805372.109073,Fixation,16.802011489868164,125.125,475.335205078125
1779805372.204206,Saccade,24.155847549438477,95.125,1496.9027099609375
1779805372.38934,Fixation,27.14241600036621,185.133,536.5037231445312
1779805372.474451,Saccade,17.001243591308594,85.117,1227.4637451171875
1779805372.564573,Fixation,21.593612670898438,90.125,462.688232421875
1779805372.584573,Saccade,11.321002960205078,20.0,1090.20458984375
1779805372.674573,Fixation,2.280036211013794,90.0,380.671875
1779805372.719706,Saccade,6.154127597808838,45.125,1132.8861083984375
1779805372.904438,Fixation,10.36825942993164,185.137,496.68890380859375
1779805373.044549,Saccade,22.851512908935547,140.113,1195.1651611328125
1779805373.284805,Fixation,8.298978805541992,240.25,459.0457458496094
1779805373.314805,Saccade,34.380699157714844,30.0,1125.341796875
1779805373.419927,Fixation,29.50665283203125,105.125,406.40264892578125
1779805373.660171,Saccade,11.331847190856934,240.25,1208.744873046875
1779805373.825305,Fixation,4.456007480621338,165.125,482.337158203125
1779805373.885316,Saccade,14.152908325195312,60.013,1292.255126953125
1779805374.16056,Fixation,25.297380447387695,275.248,457.853271484375
1779805374.245671,Saccade,19.38079833984375,85.114,1008.9515991210938
1779805374.606049,Fixation,13.162869453430176,360.375,469.8325500488281
1779805374.826171,Saccade,5.085703372955322,220.125,1182.5673828125
1779805375.316682,Fixation,19.1839656829834,490.504,451.4393310546875
1779805375.336671,Saccade,24.080411911010742,19.996,1156.2877197265625
1779805375.541927,Fixation,9.006349563598633,205.25,428.3528747558594
1779805375.722049,Saccade,23.26849937438965,180.125,1207.3079833984375
1779805375.817288,Fixation,18.638952255249023,95.125,481.3161315917969
1779805375.842299,Saccade,16.420047760009766,25.003,1053.018310546875
1779805375.942288,Fixation,18.093219757080078,99.997,452.9554443359375
1779805375.957421,Saccade,16.330921173095703,15.125,1077.9058837890625
1779805376.062421,Fixation,15.622389793395996,105.0,385.5154724121094
1779805376.082543,Saccade,18.734752655029297,20.125,920.3497314453125
1779805376.167543,Fixation,23.918720245361328,85.0,548.6160888671875
1779805376.387788,Saccade,7.311967849731445,220.25,1145.943115234375
1779805376.773177,Fixation,9.629605293273926,385.387,452.0830383300781
1779805376.788166,Saccade,18.49628257751465,14.988,1185.17333984375
1779805376.888166,Fixation,14.598159790039062,100.001,426.511474609375
1779805377.223543,Saccade,24.52283477783203,335.375,1159.23095703125
1779805377.438788,Fixation,29.463275909423828,215.25,457.1875
1779805377.473788,Saccade,6.041035175323486,35.0,1156.0679931640625
1779805377.553788,Fixation,25.40477752685547,80.0,516.6517944335938
1779805377.638932,Saccade,5.983842372894287,85.137,1376.069091796875
1779805377.974288,Fixation,1.3162096738815308,335.363,490.947998046875
1779805378.074288,Saccade,18.751924514770508,100.0,1305.960693359375
1779805378.269555,Fixation,13.097792625427246,195.257,489.73162841796875
1779805378.489666,Saccade,18.8355655670166,220.119,1209.1632080078125
1779805378.609788,Fixation,15.366791725158691,120.124,515.8522338867188
1779805378.714921,Saccade,25.801837921142578,105.129,1105.58251953125
1779805378.914983,Fixation,11.145674705505371,200.121,397.1615295410156
1779805379.220361,Saccade,10.2885103225708,305.375,1184.279541015625
1779805379.305361,Fixation,12.314128875732422,85.0,358.59124755859375
1779805379.575616,Saccade,8.595669746398926,270.256,1104.184814453125
1779805379.705728,Fixation,38.91666793823242,130.119,474.3050231933594
1779805379.785861,Saccade,34.17100143432617,80.125,1509.754150390625
1779805380.181227,Fixation,3.3504273891448975,395.375,430.3236083984375
1779805380.231228,Saccade,2.5341198444366455,50.0,1157.9913330078125
1779805380.336361,Fixation,6.450558662414551,105.125,524.3304443359375
1779805380.566605,Saccade,7.694585800170898,230.25,1120.17822265625
1779805380.691728,Fixation,22.970449447631836,125.125,470.3151550292969
1779805380.906861,Saccade,41.823421478271484,215.125,1260.3656005859375
1779805381.092105,Fixation,36.483314514160156,185.25,433.1650085449219
1779805381.107105,Saccade,22.258953094482422,15.0,1275.0594482421875
1779805381.247227,Fixation,18.41338539123535,140.125,438.80279541015625
1779805381.262228,Saccade,16.657672882080078,15.0,1148.30810546875
1779805381.382361,Fixation,25.353330612182617,120.126,497.4070129394531
1779805381.407361,Saccade,16.365203857421875,25.0,1223.541015625
1779805381.642617,Fixation,18.633956909179688,235.255,448.30181884765625
1779805381.707605,Saccade,23.69235610961914,64.995,1256.59375
1779805382.017679,Fixation,8.37054443359375,310.25,402.9773864746094
1779805382.067801,Saccade,9.797656059265137,50.125,1305.7579345703125
1779805382.167801,Fixation,25.191511154174805,100.0,486.72003173828125
1779805382.277923,Saccade,9.930004119873047,110.125,1168.6871337890625
1779805382.918557,Fixation,11.729228019714355,640.625,441.1676330566406
1779805382.978557,Saccade,8.499176025390625,60.0,1373.5859375
1779805383.168801,Fixation,8.202977180480957,190.25,408.086181640625
1779805383.273923,Saccade,21.22021484375,105.125,1101.9580078125
1779805383.484057,Fixation,25.119277954101562,210.125,484.7370910644531
1779805383.594179,Saccade,20.45660400390625,110.125,1105.4527587890625
1779805383.764301,Fixation,15.748842239379883,170.125,550.0791015625
1779805383.779312,Saccade,24.082378387451172,15.012,1206.474853515625
1779805384.054557,Fixation,10.904983520507812,275.238,443.1125793457031
1779805384.364923,Saccade,13.04574966430664,310.376,1253.34130859375
1779805384.820301,Fixation,2.9283828735351562,455.374,424.5518798828125
1779805384.905805,Saccade,24.851455688476562,85.125,1098.952880859375
1779805385.010816,Fixation,15.77348804473877,105.009,525.9932861328125
1779805385.085938,Saccade,16.044681549072266,75.116,1265.977783203125
1779805385.231072,Fixation,20.491371154785156,145.138,422.66900634765625
1779805385.251061,Saccade,20.35556411743164,19.987,1114.309814453125
1779805385.436305,Fixation,24.524555206298828,185.25,452.3625793457031
1779805385.536305,Saccade,20.51226234436035,100.0,1079.5224609375
1779805385.651438,Fixation,10.872457504272461,115.134,396.0633239746094
1779805385.711561,Saccade,8.75858211517334,60.116,1149.3525390625
1779805385.896683,Fixation,14.814984321594238,185.125,433.3671569824219
1779805385.921683,Saccade,11.964761734008789,25.0,1185.88427734375
1779805386.091816,Fixation,15.337409019470215,170.128,474.37603759765625
1779805386.201938,Saccade,8.703132629394531,110.123,1089.8863525390625
1779805386.297061,Fixation,13.261955261230469,95.129,479.4241638183594
1779805386.372183,Saccade,12.232418060302734,75.121,1245.9849853515625
1779805386.582305,Fixation,8.815671920776367,210.125,456.6379089355469
1779805386.602305,Saccade,20.08169937133789,20.0,1113.8787841796875
1779805386.782561,Fixation,16.257680892944336,180.253,463.3673400878906
1779805386.842561,Saccade,9.042801856994629,59.997,1300.023681640625
1779805387.102816,Fixation,4.572633266448975,260.253,430.3688659667969
1779805387.453194,Saccade,23.09210205078125,350.377,1224.0382080078125
1779805387.553183,Fixation,24.8814697265625,99.995,535.2100830078125
1779805387.903673,Saccade,9.462623596191406,350.375,1085.1884765625
1779805388.068795,Fixation,22.212841033935547,165.125,427.5091247558594
1779805388.093795,Saccade,20.556514739990234,25.0,1055.134765625
1779805388.208918,Fixation,10.058818817138672,115.125,473.6972351074219
1779805388.223918,Saccade,16.88935089111328,15.0,1210.6173095703125
1779805388.934551,Fixation,14.04947280883789,710.625,426.92645263671875
1779805388.984673,Saccade,11.72236442565918,50.125,1204.5880126953125
1779805389.069673,Fixation,20.36400032043457,85.0,446.4906921386719
1779805389.084795,Saccade,10.121521949768066,15.125,1275.5362548828125
1779805389.169806,Fixation,14.936497688293457,85.015,512.2495727539062
1779805389.470051,Saccade,22.80758285522461,300.235,1208.2928466796875
1779805389.580173,Fixation,24.787668228149414,110.125,449.2665710449219
1779805389.840429,Saccade,10.802912712097168,260.262,1057.4713134765625
1779805390.050673,Fixation,19.151540756225586,210.24,382.5559387207031
1779805390.155673,Saccade,15.547813415527344,104.998,956.9500732421875
1779805390.250807,Fixation,19.26641273498535,95.137,359.5129699707031
1779805390.561051,Saccade,12.54458999633789,310.238,1168.6973876953125
1779805390.696173,Fixation,15.621713638305664,135.13,461.1933898925781
1779805390.831295,Saccade,17.058557510375977,135.12,1513.605224609375
1779805391.151399,Fixation,27.439594268798828,320.375,383.7897644042969
1779805391.311521,Saccade,13.972198486328125,160.126,1139.3721923828125
1779805391.466643,Fixation,3.736543655395508,155.125,470.29058837890625
1779805391.486643,Saccade,8.045039176940918,19.999,981.4404907226562
1779805391.766899,Fixation,16.644393920898438,280.251,452.4022216796875
1779805391.902021,Saccade,4.683218479156494,135.125,1221.125
1779805392.027143,Fixation,1.2383990287780762,125.125,550.5299072265625
1779805392.117276,Saccade,17.956218719482422,90.125,1204.8128662109375
1779805392.342521,Fixation,12.129406929016113,225.25,454.08111572265625
1779805392.377521,Saccade,4.728837966918945,35.0,1148.9637451171875
1779805392.617777,Fixation,23.62401008605957,240.25,458.7359313964844
1779805392.637777,Saccade,21.125019073486328,20.0,1059.5919189453125
1779805392.837899,Fixation,2.9669888019561768,200.125,358.7119140625
1779805392.857899,Saccade,25.611007690429688,20.0,1459.3194580078125
1779805392.943021,Fixation,9.362972259521484,85.125,439.4755554199219
1779805393.253277,Saccade,10.887760162353516,310.254,1239.739013671875
1779805393.328399,Fixation,9.666376113891602,75.121,479.41796875
1779805393.473521,Saccade,18.51465606689453,145.125,1166.299072265625
1779805393.933899,Fixation,15.386956214904785,460.375,443.6181335449219
1779805394.359498,Saccade,18.468570709228516,425.5,1159.0634765625
1779805394.799876,Fixation,19.709070205688477,440.375,420.4713439941406
1779805394.864876,Saccade,5.415212631225586,65.0,1271.3427734375
1779805395.175242,Fixation,20.25248908996582,310.375,388.7643737792969
1779805395.455498,Saccade,18.419286727905273,280.25,1144.6165771484375
1779805395.63062,Fixation,1.5894314050674438,175.125,395.29388427734375
1779805395.66062,Saccade,15.190689086914062,30.001,1021.4398803710938
1779805395.755742,Fixation,14.469934463500977,95.124,403.6255187988281
1779805395.770742,Saccade,19.27471160888672,15.0,1056.9249267578125
1779805396.020998,Fixation,10.068758964538574,250.25,455.6754150390625
1779805396.206131,Saccade,24.818246841430664,185.139,1159.2901611328125
1779805396.291254,Fixation,22.102941513061523,85.115,469.3942565917969
1779805396.361242,Saccade,14.354033470153809,69.996,1082.9554443359375
1779805396.561498,Fixation,4.775913238525391,200.251,419.0924072265625
1779805396.71162,Saccade,16.243938446044922,150.125,1081.9578857421875
1779805396.831753,Fixation,24.281282424926758,120.125,511.403076171875
1779805397.041438,Saccade,13.610868453979492,210.125,1212.2705078125
1779805397.276682,Fixation,12.785341262817383,235.25,412.5682678222656
1779805397.306682,Saccade,7.464046478271484,30.0,1411.11279296875
1779805397.446816,Fixation,18.505680084228516,140.135,503.9311828613281
1779805397.61706,Saccade,11.421798706054688,170.24,1207.8094482421875
1779805397.69706,Fixation,17.46413230895996,80.0,435.8613586425781
1779805397.72206,Saccade,23.59135627746582,25.0,1300.2288818359375
1779805397.907316,Fixation,38.41077423095703,185.25,414.31268310546875
1779805398.012438,Saccade,23.3632755279541,105.125,1354.891845703125
1779805398.187571,Fixation,12.697733879089355,175.132,400.8179626464844
1779805398.23756,Saccade,10.943818092346191,49.993,1281.4837646484375
1779805398.607938,Fixation,9.83377456665039,370.375,396.9033203125
1779805398.868182,Saccade,25.580162048339844,260.25,1129.514892578125
1779805399.113438,Fixation,17.535165786743164,245.25,420.76519775390625
1779805399.163438,Saccade,0.9902734160423279,50.0,1204.73046875
1779805399.33856,Fixation,9.967737197875977,175.125,475.7718505859375
1779805399.493682,Saccade,35.087310791015625,155.125,1129.285400390625
1779805399.638938,Fixation,7.548234462738037,145.25,459.7789306640625
1779805399.718938,Saccade,4.7265520095825195,80.0,1098.1136474609375
1779805400.269782,Fixation,0.9439590573310852,550.512,408.8159484863281
1779805400.439893,Saccade,24.53508758544922,170.113,1146.271484375
1779805400.610149,Fixation,18.325517654418945,170.25,462.3273010253906
1779805400.635149,Saccade,25.985925674438477,25.0,1064.7666015625
1779805401.025516,Fixation,11.920104026794434,390.376,411.07293701171875
1779805401.320771,Saccade,14.601781845092773,295.25,1264.1385498046875
1779805401.586015,Fixation,32.823707580566406,265.25,422.8401184082031
1779805401.956393,Saccade,8.343111038208008,370.375,1129.976318359375
1779805402.041393,Fixation,23.883440017700195,85.0,412.4239196777344
1779805402.111516,Saccade,13.830467224121094,70.125,1173.4183349609375
1779805402.191527,Fixation,14.701781272888184,80.007,492.714111328125
1779805402.231649,Saccade,25.435609817504883,40.118,1068.0233154296875
1779805402.376771,Fixation,5.977875232696533,145.128,405.2138977050781
1779805402.396771,Saccade,9.786619186401367,19.997,1146.2117919921875
1779805402.526893,Fixation,16.823993682861328,130.125,534.6891479492188
1779805402.546893,Saccade,18.909666061401367,20.0,1141.8275146484375
1779805402.632015,Fixation,9.23078727722168,85.125,433.8044128417969
1779805402.652015,Saccade,21.725357055664062,20.0,1139.1868896484375
1779805402.752149,Fixation,25.243078231811523,100.125,430.11865234375
1779805402.77716,Saccade,27.3204345703125,25.012,1219.793701171875
1779805402.937271,Fixation,14.840909004211426,160.113,466.4747009277344
1779805402.967271,Saccade,10.652350425720215,30.0,1152.736328125
1779805403.117393,Fixation,12.131057739257812,150.125,461.501708984375
1779805403.162124,Saccade,19.646421432495117,45.125,1135.3992919921875
1779805403.282135,Fixation,4.68347692489624,120.004,489.812255859375
1779805403.392257,Saccade,26.681344985961914,110.121,1035.090576171875
1779805403.657513,Fixation,31.175437927246094,265.254,382.9399108886719
1779805403.777624,Saccade,14.524652481079102,120.121,1208.83984375
1779805403.987879,Fixation,8.823882102966309,210.25,519.0692138671875
1779805404.173002,Saccade,5.410336494445801,185.125,1236.3193359375
1779805404.478257,Fixation,17.38639259338379,305.25,466.5617370605469
1779805404.503257,Saccade,20.738718032836914,25.0,1046.146728515625
1779805404.583379,Fixation,9.342803955078125,80.125,402.7965393066406
1779805404.598379,Saccade,19.789897918701172,15.0,1034.880859375
1779805404.768502,Fixation,4.834430694580078,170.125,487.3114929199219
1779805405.148879,Saccade,31.691436767578125,380.377,1106.5032958984375
1779805405.289013,Fixation,7.227696418762207,140.135,404.354248046875
1779805405.319124,Saccade,13.500184059143066,30.114,1091.123046875
1779805405.794502,Fixation,10.293825149536133,475.374,440.0577087402344
1779805406.054757,Saccade,2.6642873287200928,260.25,1292.9014892578125
1779805406.154879,Fixation,10.923900604248047,100.125,373.3804016113281
1779805406.269978,Saccade,3.785227060317993,115.125,1300.4825439453125
1779805406.4951,Fixation,13.48263168334961,225.125,432.92425537109375
1779805406.5251,Saccade,28.748977661132812,30.001,1292.968017578125
1779805406.795355,Fixation,28.969940185546875,270.25,369.7825622558594
1779805406.905478,Saccade,18.676166534423828,110.125,996.8758544921875
1779805407.075622,Fixation,23.4417667388916,170.137,385.9936828613281
1779805407.125733,Saccade,23.250701904296875,50.113,1301.6602783203125
1779805407.205733,Fixation,13.520915031433105,80.0,482.77838134765625
1779805407.225855,Saccade,19.823284149169922,20.125,1133.3369140625
1779805407.460978,Fixation,9.141870498657227,235.125,430.51611328125
1779805407.4861,Saccade,23.215360641479492,25.125,1071.8533935546875
1779805407.5611,Fixation,20.221940994262695,75.0,547.3961791992188
1779805407.5861,Saccade,26.36031150817871,25.0,1175.8531494140625
1779805407.666233,Fixation,14.878510475158691,80.125,392.78985595703125
1779805407.686244,Saccade,16.461475372314453,20.012,1142.9263916015625
1779805408.021477,Fixation,24.572473526000977,335.238,512.3654174804688
1779805408.1516,Saccade,18.85932731628418,130.125,1138.446044921875
1779805408.341866,Fixation,15.443408012390137,190.258,418.4494934082031
1779805408.476978,Saccade,3.221324920654297,135.117,1072.317138671875
1779805408.592111,Fixation,18.685962677001953,115.13,463.97869873046875
1779805408.882355,Saccade,12.1907958984375,290.245,1196.069091796875
1779805408.992477,Fixation,17.906030654907227,110.125,436.0743103027344
1779805409.067477,Saccade,2.963841199874878,75.0,1230.8905029296875
1779805409.152611,Fixation,15.323995590209961,85.128,469.8123779296875
1779805409.1676,Saccade,14.022115707397461,14.997,1292.9864501953125
1779805409.428298,Fixation,14.45533275604248,260.25,423.2725830078125
1779805409.483298,Saccade,5.199647903442383,55.0,1180.17578125
1779805409.55842,Fixation,12.17994499206543,75.125,478.2513122558594
1779805409.58342,Saccade,35.63481140136719,25.0,1430.3544921875
1779805409.708553,Fixation,19.126619338989258,125.136,394.5657958984375
1779805409.743542,Saccade,2.6911280155181885,34.989,1014.93408203125
1779805409.833675,Fixation,16.515771865844727,90.125,485.0345458984375
1779805409.848675,Saccade,24.45198631286621,15.004,1459.8084716796875
1779805409.928797,Fixation,5.388468265533447,80.126,523.5341186523438
1779805410.16392,Saccade,18.706132888793945,235.12,1428.8992919921875
1779805411.064798,Fixation,25.19285774230957,900.875,456.3758544921875
1779805411.084798,Saccade,10.849453926086426,20.0,1048.8507080078125
1779805411.17992,Fixation,9.965373992919922,95.125,484.3395080566406
1779805411.19992,Saccade,21.255788803100586,20.0,1075.509521484375
1779805411.330053,Fixation,16.477643966674805,130.126,536.3187255859375
1779805411.495175,Saccade,12.929030418395996,165.125,982.060791015625
1779805411.590297,Fixation,6.046125411987305,95.125,429.4261474609375
1779805411.610297,Saccade,14.856728553771973,20.0,1088.64697265625
1779805411.76042,Fixation,12.866202354431152,150.125,481.19384765625
1779805411.815553,Saccade,13.825674057006836,55.125,1259.58642578125
1779805412.035675,Fixation,9.958694458007812,220.125,420.8545837402344
1779805412.085798,Saccade,10.198003768920898,50.125,1233.12353515625
1779805412.245931,Fixation,7.170090198516846,160.137,446.23583984375
1779805412.615708,Saccade,15.933943748474121,370.238,1189.4447021484375
1779805412.755841,Fixation,23.779224395751953,140.13,414.92584228515625
1779805412.775952,Saccade,20.530139923095703,20.121,1067.1318359375
1779805413.131207,Fixation,6.700429439544678,355.249,396.7140197753906
1779805413.446585,Saccade,12.593107223510742,315.375,1020.1298828125
1779805413.931952,Fixation,14.115143775939941,485.375,421.6089172363281
1779805414.002085,Saccade,16.805509567260742,70.125,1188.912353515625
1779805414.182208,Fixation,13.139228820800781,180.125,442.52386474609375
1779805414.202208,Saccade,15.481379508972168,20.0,1015.8683471679688
1779805414.348707,Fixation,43.26447677612305,146.504,471.7972717285156
1779805414.36733,Saccade,45.085811614990234,18.621,1502.02001953125
1779805414.537585,Fixation,7.136153221130371,170.25,401.6827697753906
1779805414.557585,Saccade,16.46511459350586,20.0,1170.9442138671875
1779805414.782707,Fixation,11.027446746826172,225.125,433.7086181640625
1779805414.87783,Saccade,24.637554168701172,95.125,1292.307861328125
1779805415.148085,Fixation,24.994823455810547,270.25,505.31036376953125
1779805415.163085,Saccade,13.735605239868164,15.0,1110.0020751953125
1779805415.323208,Fixation,21.19259262084961,160.126,441.760986328125
1779805415.418469,Saccade,25.37982749938965,95.124,1084.7952880859375
1779805415.573591,Fixation,23.311716079711914,155.126,311.9039001464844
1779805415.933969,Saccade,9.278063774108887,360.375,1199.4554443359375
1779805416.219225,Fixation,13.600203514099121,285.25,430.7456970214844
1779805416.379347,Saccade,11.580928802490234,160.125,1281.3990478515625
1779805416.48948,Fixation,12.223896026611328,110.132,369.3827819824219
1779805416.509469,Saccade,20.492414474487305,19.993,1150.953125
1779805416.594591,Fixation,23.004837036132812,85.125,470.3186340332031
1779805416.689725,Saccade,18.42724609375,95.129,1264.7379150390625
1779805416.904847,Fixation,13.074077606201172,215.121,452.92474365234375
1779805417.300225,Saccade,6.558297157287598,395.375,1373.2203369140625
1779805417.430347,Fixation,6.377068996429443,130.125,460.36895751953125
1779805417.475347,Saccade,9.196331977844238,45.0,1213.7388916015625
1779805417.855725,Fixation,9.980440139770508,380.375,440.29522705078125
1779805417.900725,Saccade,7.0560173988342285,45.0,1080.259765625
1779805417.980858,Fixation,20.34648323059082,80.135,431.4009094238281
1779805418.035847,Saccade,14.531188011169434,54.994,1211.82861328125
1779805418.216091,Fixation,17.488719940185547,180.246,424.9395751953125
1779805418.286091,Saccade,11.98552131652832,70.0,1361.938232421875
1779805418.451674,Fixation,10.665513038635254,165.25,506.9771728515625
1779805418.526674,Saccade,13.952929496765137,75.0,1334.785888671875
1779805418.651797,Fixation,11.161155700683594,125.125,508.8256530761719
1779805418.671797,Saccade,25.703908920288086,20.0,1301.87158203125
1779805418.89873,Fixation,28.980804443359375,226.933,499.43011474609375
1779805419.012174,Saccade,8.132753372192383,113.442,1293.469482421875
1779805419.252297,Fixation,6.676344871520996,240.125,407.714111328125
1779805419.27243,Saccade,20.6275634765625,20.129,1000.7958984375
1779805419.432552,Fixation,5.322724342346191,160.121,451.8093566894531
1779805419.472552,Saccade,10.47315502166748,40.0,1225.3580322265625
1779805419.632674,Fixation,9.21903133392334,160.125,483.6997985839844
1779805419.652674,Saccade,19.211103439331055,20.0,1098.6627197265625
1779805419.87293,Fixation,4.364012718200684,220.255,385.0246276855469
1779805420.008063,Saccade,29.152746200561523,135.133,1163.9273681640625
1779805420.213297,Fixation,17.38735008239746,205.237,510.44525146484375
1779805420.368419,Saccade,5.962906360626221,155.125,1095.814697265625
1779805420.483552,Fixation,25.113750457763672,115.125,428.79730224609375
1779805420.733674,Saccade,14.207015037536621,250.127,1261.8648681640625
1779805420.818797,Fixation,6.371804237365723,85.124,381.6400451660156
1779805420.98393,Saccade,13.604634284973145,165.125,1143.545166015625
1779805421.134052,Fixation,4.076590538024902,150.125,404.0784912109375
1779805421.314296,Saccade,14.095108032226562,180.25,1373.162841796875
1779805421.529348,Fixation,16.13359260559082,215.125,442.6361389160156
1779805421.63447,Saccade,3.1003196239471436,105.125,1048.4005126953125
1779805421.809592,Fixation,15.598734855651855,175.125,477.6400146484375
1779805421.984848,Saccade,6.450422763824463,175.25,1121.5283203125
1779805422.13997,Fixation,11.87881851196289,155.125,461.7617492675781
1779805422.250092,Saccade,21.38857650756836,110.125,1265.3277587890625
1779805422.340103,Fixation,35.38559341430664,90.01,434.04449462890625
1779805422.540348,Saccade,19.895483016967773,200.25,1214.689697265625
1779805422.64547,Fixation,10.97655963897705,105.115,409.5151062011719
1779805422.70047,Saccade,29.480979919433594,55.005,1205.1907958984375
1779805422.860592,Fixation,18.872468948364258,160.12,419.7000427246094
1779805422.910592,Saccade,14.898344039916992,50.0,985.292236328125
1779805423.115848,Fixation,12.776761054992676,205.25,448.6842041015625
1779805423.25097,Saccade,10.786395072937012,135.125,1159.7752685546875
1779805423.371092,Fixation,21.478229522705078,120.129,470.55694580078125
1779805423.586215,Saccade,29.493263244628906,215.121,1314.9483642578125
1779805423.866592,Fixation,6.5620245933532715,280.375,448.723876953125
1779805423.956592,Saccade,32.04767990112305,90.0,1166.968994140625
1779805424.226848,Fixation,29.1830997467041,270.25,402.54052734375
1779805424.29697,Saccade,31.59486961364746,70.125,1141.8369140625
1779805424.37697,Fixation,10.94148063659668,80.0,508.4827880859375
1779805424.397179,Saccade,9.219110488891602,20.0,924.6799926757812
1779805424.487301,Fixation,6.368465423583984,90.125,449.5144348144531
1779805424.667423,Saccade,6.47624397277832,180.125,1065.0450439453125
1779805424.777556,Fixation,19.773515701293945,110.129,400.2410583496094
1779805424.802557,Saccade,32.127349853515625,25.001,1211.2744140625
1779805425.007801,Fixation,39.227657318115234,205.247,445.572265625
1779805425.122934,Saccade,30.615219116210938,115.13,1150.2003173828125
1779805425.202923,Fixation,7.918117046356201,79.993,459.5013122558594
1779805425.373179,Saccade,13.778087615966797,170.25,1570.9644775390625
1779805425.688423,Fixation,17.136140823364258,315.25,429.9748840332031
1779805425.703423,Saccade,17.05668830871582,15.0,919.8435668945312
1779805425.793556,Fixation,13.67793083190918,90.125,430.8697204589844
1779805425.828557,Saccade,3.6991024017333984,35.0,1126.809326171875
1779805425.993679,Fixation,15.791417121887207,165.125,481.7078552246094
1779805426.013679,Saccade,22.99753761291504,20.0,1296.421142578125
1779805426.128812,Fixation,12.105857849121094,115.137,471.86700439453125
1779805426.253923,Saccade,15.648503303527832,125.114,1166.9266357421875
1779805426.509179,Fixation,15.404129981994629,255.25,469.634765625
1779805426.524179,Saccade,21.470298767089844,15.0,1163.892822265625
1779805426.689301,Fixation,23.08674430847168,165.125,492.4330749511719
1779805426.839556,Saccade,22.034513473510742,150.251,1254.22314453125
1779805426.964556,Fixation,12.697463989257812,124.999,400.892822265625
1779805426.984679,Saccade,9.753328323364258,20.125,1066.38134765625
1779805427.104679,Fixation,10.914597511291504,120.0,426.99212646484375
1779805427.149801,Saccade,18.892738342285156,45.125,1178.7320556640625
1779805427.385056,Fixation,10.054049491882324,235.25,443.441650390625
1779805427.545163,Saccade,21.532611846923828,160.125,1301.4521484375
1779805427.720286,Fixation,35.499759674072266,175.129,474.7835388183594
1779805427.770286,Saccade,7.046656608581543,49.996,1345.247802734375
1779805427.895408,Fixation,12.55925464630127,125.125,453.77032470703125
1779805427.910408,Saccade,28.151947021484375,15.0,1675.2398681640625
1779805428.010541,Fixation,33.35890197753906,100.133,456.76776123046875
1779805428.390908,Saccade,18.265100479125977,380.367,1307.9501953125
1779805428.506041,Fixation,13.27897834777832,115.126,356.5484619140625
1779805428.556041,Saccade,4.8153462409973145,49.999,1174.87646484375
1779805428.651164,Fixation,6.978116035461426,95.125,515.20068359375
1779805428.666163,Saccade,13.506301879882812,15.0,1112.526611328125
1779805428.816286,Fixation,10.834396362304688,150.125,454.50286865234375
1779805428.886408,Saccade,16.31958770751953,70.125,1141.5079345703125
1779805429.151664,Fixation,7.734114646911621,265.25,506.98114013671875
1779805429.171664,Saccade,20.4477481842041,20.0,1097.65185546875
1779805429.306786,Fixation,23.31477928161621,135.125,418.32080078125
1779805429.316797,Saccade,10.169915199279785,10.008,1175.250732421875
1779805429.476908,Fixation,2.7134835720062256,160.117,435.6883544921875
1779805429.582041,Saccade,19.80058479309082,105.125,1347.4534912109375
1779805429.662041,Fixation,16.67962646484375,80.0,427.5066833496094
1779805429.787163,Saccade,25.51328468322754,125.125,1188.0374755859375
1779805429.872286,Fixation,1.841156005859375,85.126,372.2626037597656
1779805429.927286,Saccade,9.870258331298828,54.999,1250.4759521484375
1779805430.072419,Fixation,19.080707550048828,145.133,456.916259765625
1779805430.242663,Saccade,4.947426795959473,170.243,1201.9827880859375
1779805430.332664,Fixation,15.466157913208008,89.999,503.36920166015625
1779805430.347663,Saccade,14.7559232711792,15.0,1125.53076171875
1779805430.437786,Fixation,21.39942169189453,90.125,479.3855895996094
1779805430.472564,Saccade,22.259784698486328,35.001,1110.3658447265625
1779805430.64782,Fixation,20.309301376342773,175.25,400.5509338378906
1779805430.767942,Saccade,17.54193687438965,120.124,1032.87744140625
1779805430.877942,Fixation,16.002716064453125,110.001,411.1806640625
1779805430.897942,Saccade,18.971315383911133,20.0,1001.3984375
1779805431.18332,Fixation,26.879558563232422,285.374,490.679443359375
1779805431.323442,Saccade,6.255866050720215,140.125,1038.9205322265625
1779805431.398442,Fixation,15.337339401245117,75.001,354.88397216796875
1779805431.448564,Saccade,3.381228446960449,50.125,1287.7559814453125
1779805431.553564,Fixation,6.781505584716797,105.0,435.1690979003906
1779805431.653687,Saccade,18.636150360107422,100.125,1156.464111328125
1779805431.888942,Fixation,17.91394805908203,235.25,490.140625
1779805431.903942,Saccade,12.774723052978516,15.0,1029.3603515625
1779805432.159186,Fixation,29.327173233032227,255.25,454.8917236328125
1779805432.224186,Saccade,12.27463436126709,65.0,1152.5499267578125
1779805432.38432,Fixation,3.8158981800079346,160.129,419.9588928222656
1779805432.494453,Saccade,16.672170639038086,110.128,1171.982666015625
1779805432.659686,Fixation,26.355201721191406,165.243,436.4800720214844
1779805432.84982,Saccade,3.751342296600342,190.125,1244.0418701171875
1779805432.989942,Fixation,10.85640811920166,140.125,386.74267578125
1779805433.250186,Saccade,9.4177827835083,260.25,1055.305908203125
1779805433.42032,Fixation,17.87529945373535,170.125,450.7726135253906
1779805433.485481,Saccade,25.9151611328125,65.125,1438.1099853515625
1779805433.905859,Fixation,9.528616905212402,420.375,435.7274169921875
1779805434.130981,Saccade,2.291438341140747,225.125,1128.2237548828125
1779805434.326236,Fixation,5.806931972503662,195.256,437.9596862792969
1779805434.431359,Saccade,19.6976261138916,105.119,1018.0824584960938
1779805434.561492,Fixation,8.650099754333496,130.134,416.5033264160156
1779805434.706603,Saccade,25.351760864257812,145.117,1327.4630126953125
1779805434.836725,Fixation,25.404447555541992,130.124,450.641845703125
1779805434.966859,Saccade,8.22976016998291,130.125,1221.468505859375
1779805435.056859,Fixation,25.919681549072266,90.0,456.97747802734375
1779805435.131981,Saccade,18.463973999023438,75.125,1153.580078125
1779805435.221981,Fixation,14.4153470993042,90.0,381.78875732421875
1779805435.597359,Saccade,8.902902603149414,375.375,1255.2933349609375
1779805435.757481,Fixation,11.507149696350098,160.125,443.22491455078125
1779805435.792614,Saccade,21.571088790893555,35.134,1183.0723876953125
1779805435.937737,Fixation,7.674540042877197,145.117,412.6622619628906
1779805435.952736,Saccade,15.173290252685547,15.005,1008.27880859375
1779805436.107859,Fixation,23.79444694519043,155.119,426.6061706542969
1779805436.343103,Saccade,24.866065979003906,235.251,1203.899169921875
1779805436.423103,Fixation,15.301626205444336,80.0,469.0616455078125
1779805436.548247,Saccade,5.631300449371338,125.125,1141.3380126953125
1779805436.873614,Fixation,7.4178667068481445,325.375,455.380126953125
1779805436.998747,Saccade,19.494041442871094,125.125,1422.7633056640625
1779805437.233869,Fixation,9.159124374389648,235.125,446.4845886230469
1779805437.293991,Saccade,10.952445983886719,60.125,1285.2239990234375
1779805437.393991,Fixation,10.397440910339355,100.0,414.3291320800781
1779805437.459114,Saccade,9.99215030670166,65.125,1063.1158447265625
1779805437.539247,Fixation,16.10906410217285,80.125,434.6419982910156
1779805437.594247,Saccade,8.668473243713379,55.0,1113.531005859375
1779805437.759369,Fixation,27.402055740356445,165.125,463.0411376953125
1779805437.79938,Saccade,18.43737030029297,40.009,993.9961547851562
1779805438.099747,Fixation,5.914701461791992,300.371,446.4384460449219
1779805438.249869,Saccade,3.7081573009490967,150.12,1153.06640625
1779805438.474991,Fixation,2.112293004989624,225.125,471.8101806640625
1779805438.570114,Saccade,15.064884185791016,95.125,1048.3526611328125
1779805438.700247,Fixation,4.878913879394531,130.125,403.9914245605469
1779805438.765369,Saccade,12.02619743347168,65.125,1025.666259765625
1779805439.000491,Fixation,13.35902214050293,235.125,372.9304504394531
1779805439.170747,Saccade,19.523168563842773,170.25,1061.0440673828125
1779805439.270747,Fixation,28.933713912963867,100.0,507.9798583984375
1779805439.290747,Saccade,28.92315673828125,20.0,1212.1077880859375
1779805439.38588,Fixation,3.3809237480163574,95.135,443.41717529296875
1779805439.411225,Saccade,7.976430416107178,25.35,1148.04345703125
1779805439.495991,Fixation,13.636517524719238,84.765,548.2315063476562
1779805439.606488,Saccade,13.906292915344238,110.125,1197.9615478515625
1779805439.701622,Fixation,11.83710765838623,95.125,463.349609375
1779805439.756622,Saccade,20.592140197753906,55.0,1288.105224609375
1779805439.886744,Fixation,7.1789093017578125,130.129,457.85986328125
1779805439.966744,Saccade,19.301633834838867,79.997,1228.423828125
1779805440.302122,Fixation,13.558478355407715,335.374,471.2292785644531
1779805440.422244,Saccade,25.09479331970215,120.125,1190.0030517578125
1779805441.047744,Fixation,6.600620269775391,625.501,414.93408203125
1779805441.077866,Saccade,21.26689338684082,30.125,1040.1171875
1779805441.438122,Fixation,13.461810111999512,360.25,445.3006591796875
1779805441.488244,Saccade,20.1302547454834,50.125,1302.1895751953125
1779805441.658366,Fixation,19.800071716308594,170.125,494.06500244140625
1779805441.708366,Saccade,18.13364028930664,50.0,1350.4132080078125
1779805441.853488,Fixation,33.53195571899414,145.125,413.6665344238281
1779805441.903622,Saccade,24.303207397460938,50.125,1293.1717529296875
1779805442.118744,Fixation,15.169334411621094,215.132,453.0531921386719
1779805442.143866,Saccade,18.656696319580078,25.118,1394.621337890625
1779805442.353988,Fixation,8.56512451171875,210.125,476.0898132324219
1779805442.368988,Saccade,21.8752384185791,15.0,1410.036865234375
1779805442.87948,Fixation,15.033390045166016,510.5,455.522705078125
1779805442.999614,Saccade,26.645862579345703,120.125,1248.5435791015625
1779805443.114736,Fixation,2.6785614490509033,115.125,438.9891662597656
1779805443.134736,Saccade,14.88930606842041,20.003,987.7254028320312
1779805443.249858,Fixation,9.657356262207031,115.122,429.80975341796875
1779805443.269869,Saccade,19.503116607666016,20.012,1025.3486328125
1779805443.419981,Fixation,23.87360382080078,150.113,516.2969360351562
1779805443.439991,Saccade,26.28997802734375,20.012,1145.6116943359375
1779805443.680236,Fixation,12.405251502990723,240.238,484.530517578125
1779805443.860358,Saccade,3.981097936630249,180.125,1065.1412353515625
1779805443.980492,Fixation,3.4760751724243164,120.135,417.1230773925781
1779805444.00048,Saccade,17.582042694091797,19.99,891.5836181640625
1779805444.215736,Fixation,24.25390625,215.25,356.6805419921875
1779805444.355858,Saccade,13.16968822479248,140.125,1564.6370849609375
1779805444.51098,Fixation,15.781400680541992,155.125,497.3742370605469
1779805444.626114,Saccade,18.501220703125,115.13,1228.7435302734375
1779805444.826247,Fixation,8.417339324951172,200.133,410.4217529296875
1779805444.856369,Saccade,22.541250228881836,30.117,1053.7431640625
1779805444.961358,Fixation,5.891706943511963,104.995,336.0008850097656
1779805445.131614,Saccade,19.070995330810547,170.25,1222.0477294921875
1779805445.391858,Fixation,4.7107696533203125,260.251,453.3804931640625
1779805445.406858,Saccade,12.845537185668945,15.0,950.566162109375
1779805445.501858,Fixation,14.535216331481934,95.002,425.7634582519531
1779805445.712295,Saccade,16.251211166381836,210.247,1198.820556640625
1779805445.837417,Fixation,13.192582130432129,125.126,410.13360595703125
1779805446.05754,Saccade,8.974146842956543,220.125,1105.3017578125
1779805446.257795,Fixation,5.026666641235352,200.25,424.50347900390625
1779805446.322795,Saccade,9.161203384399414,65.0,1043.7794189453125
1779805446.758295,Fixation,6.243301868438721,435.5,431.89227294921875
1779805446.858295,Saccade,12.301864624023438,100.0,934.2271118164062
1779805446.928417,Fixation,20.79926872253418,70.125,529.857666015625
1779805447.01354,Saccade,2.866499185562134,85.125,1076.234375
1779805447.148673,Fixation,10.97913932800293,135.131,492.3928527832031
1779805447.293795,Saccade,8.840614318847656,145.119,1266.2489013671875
1779805447.418917,Fixation,22.989137649536133,125.125,457.93048095703125
1779805447.508918,Saccade,22.485084533691406,90.0,1050.5167236328125
1779805448.11454,Fixation,7.857375144958496,605.625,438.98602294921875
1779805448.239662,Saccade,10.879866600036621,125.125,1139.667236328125
1779805448.334662,Fixation,5.155735492706299,95.0,456.27081298828125
1779805448.464795,Saccade,10.791107177734375,130.125,1398.0650634765625
1779805448.614918,Fixation,10.297439575195312,150.125,434.46759033203125
1779805448.82997,Saccade,12.414003372192383,215.25,1353.797607421875
1779805448.935104,Fixation,10.36130142211914,105.125,350.3816223144531
1779805448.955104,Saccade,20.367778778076172,20.0,1169.8408203125
1779805449.215348,Fixation,25.399051666259766,260.25,465.2357177734375
1779805449.235348,Saccade,19.202014923095703,20.0,1095.646484375
1779805449.560604,Fixation,22.138580322265625,325.25,437.544921875
1779805449.590726,Saccade,25.41267967224121,30.13,1034.6849365234375
1779805449.785848,Fixation,12.313838958740234,195.12,487.52130126953125
1779805449.805848,Saccade,11.385042190551758,20.0,955.96337890625
1779805450.021104,Fixation,5.417201519012451,215.25,453.16656494140625
1779805450.131226,Saccade,11.375425338745117,110.125,1171.4599609375
1779805450.226226,Fixation,2.4989852905273438,95.0,354.4137268066406
1779805450.236226,Saccade,25.74413299560547,10.001,1408.141357421875
1779805450.726726,Fixation,26.991249084472656,490.499,457.5121154785156
1779805450.851848,Saccade,12.16323184967041,125.126,1076.0543212890625
1779805451.152104,Fixation,6.25274133682251,300.25,424.1112060546875
1779805451.277226,Saccade,10.316360473632812,125.125,1127.5135498046875
1779805451.352348,Fixation,26.226173400878906,75.125,465.91815185546875
1779805451.437348,Saccade,28.820512771606445,85.0,1285.2701416015625
1779805451.527482,Fixation,6.10230016708374,90.125,408.09033203125
1779805451.567482,Saccade,15.834630012512207,40.0,1187.956298828125
1779805451.642604,Fixation,12.343835830688477,75.125,455.82281494140625
1779805451.662604,Saccade,15.158402442932129,20.0,1138.9971923828125
1779805451.742376,Fixation,11.88747787475586,80.0,571.939697265625
1779805451.762499,Saccade,18.797130584716797,20.125,1141.447998046875
1779805451.912621,Fixation,8.121971130371094,150.125,451.74114990234375
1779805452.027754,Saccade,8.299644470214844,115.125,1169.8734130859375
1779805452.207876,Fixation,11.749202728271484,180.125,426.9255676269531
1779805452.407999,Saccade,17.73371124267578,200.125,1130.9364013671875
1779805452.648254,Fixation,19.966991424560547,240.25,431.1070251464844
1779805452.718376,Saccade,7.030605316162109,70.125,1355.4444580078125
1779805452.833498,Fixation,25.05500602722168,115.125,469.5426025390625
1779805452.888499,Saccade,5.285218715667725,55.004,1070.506103515625
1779805452.993621,Fixation,9.325255393981934,105.121,446.62255859375
1779805453.013621,Saccade,18.326248168945312,20.0,1126.96337890625
1779805453.313876,Fixation,22.541667938232422,300.255,402.0951232910156
1779805453.408998,Saccade,11.440004348754883,95.12,1163.321533203125
1779805453.574121,Fixation,19.126850128173828,165.125,486.9692077636719
1779805453.589121,Saccade,23.915525436401367,15.0,1460.8668212890625
1779805453.759254,Fixation,5.897854804992676,170.125,415.16864013671875
1779805453.779265,Saccade,19.383548736572266,20.011,1220.40087890625
1779805453.93951,Fixation,12.708745956420898,160.249,420.2471618652344
1779805453.959499,Saccade,8.979241371154785,19.99,1043.961181640625
1779805454.439876,Fixation,17.32575035095215,480.375,422.7829284667969
1779805454.464998,Saccade,24.328378677368164,25.126,1081.642822265625
1779805454.630132,Fixation,28.872241973876953,165.129,465.5758972167969
1779805454.650121,Saccade,17.569353103637695,19.995,945.0630493164062
1779805454.940074,Fixation,10.218809127807617,290.251,446.23046875
1779805455.300452,Saccade,17.47319984436035,360.375,1204.18994140625
1779805455.500574,Fixation,3.1486823558807373,200.124,416.7976379394531
1779805455.660696,Saccade,24.998340606689453,160.126,1121.3160400390625
1779805455.785819,Fixation,23.102712631225586,125.125,476.7042236328125
1779805455.815952,Saccade,33.437870025634766,30.125,1081.9329833984375
1779805456.146196,Fixation,31.469608306884766,330.25,444.9583740234375
1779805456.161196,Saccade,13.0557279586792,15.0,965.4059448242188
1779805456.276319,Fixation,14.751402854919434,115.125,462.09515380859375
1779805456.331318,Saccade,11.115287780761719,55.0,1013.6087036132812
1779805456.606574,Fixation,16.593265533447266,275.25,389.1192932128906
1779805456.696696,Saccade,10.512552261352539,90.125,1174.492919921875
1779805456.821819,Fixation,11.241092681884766,125.125,530.8139038085938
1779805456.836818,Saccade,22.500940322875977,15.0,1199.503173828125
1779805457.021952,Fixation,22.641918182373047,185.125,465.5166931152344
1779805457.037074,Saccade,10.718244552612305,15.125,1342.1878662109375
1779805457.122074,Fixation,12.493080139160156,85.0,536.3807373046875
1779805457.247196,Saccade,19.521713256835938,125.129,1186.8419189453125
1779805457.337318,Fixation,21.326780319213867,90.121,445.2010192871094
1779805457.402318,Saccade,17.49128532409668,65.0,1229.4561767578125
1779805457.642574,Fixation,7.747590065002441,240.25,443.6870422363281
1779805458.053523,Saccade,6.029444217681885,410.38,1250.8983154296875
1779805458.343767,Fixation,18.05721092224121,290.245,443.1270751953125
1779805458.39889,Saccade,8.436553001403809,55.125,1221.5625
1779805459.109523,Fixation,22.16630744934082,710.625,437.0628356933594
1779805459.129523,Saccade,25.340280532836914,20.0,1221.8662109375
1779805459.259645,Fixation,9.304715156555176,130.131,447.2721862792969
1779805459.279645,Saccade,14.196269035339355,19.994,978.44873046875
1779805459.46489,Fixation,13.27513599395752,185.25,476.6029357910156
1779805459.625023,Saccade,11.802653312683105,160.125,1092.4129638671875
1779805459.765145,Fixation,18.601808547973633,140.125,389.4090576171875
1779805459.870267,Saccade,10.557611465454102,105.125,1093.20556640625
1779805460.195523,Fixation,22.438982009887695,325.25,401.219970703125
1779805460.220523,Saccade,22.432331085205078,25.0,978.9891967773438
1779805460.480767,Fixation,11.54206371307373,260.25,500.5552673339844
1779805460.63589,Saccade,10.975299835205078,155.126,1202.8250732421875
1779805460.736023,Fixation,37.96318817138672,100.125,464.1276550292969
1779805460.750273,Saccade,18.244184494018555,15.015,941.7511596679688
1779805460.970506,Fixation,4.792604923248291,220.235,366.5128173828125
1779805461.055506,Saccade,19.23952865600586,85.0,1105.2650146484375
1779805461.270761,Fixation,38.12006759643555,215.25,490.1602783203125
1779805461.300761,Saccade,33.361907958984375,30.0,1198.2120361328125
1779805461.470884,Fixation,10.40478801727295,170.125,525.8792724609375
1779805461.661128,Saccade,17.470487594604492,190.25,1057.7015380859375
1779805461.891262,Fixation,5.1673970222473145,230.125,459.1373291015625
1779805461.906273,Saccade,12.458189010620117,15.016,926.5535888671875
1779805462.111506,Fixation,5.451697826385498,205.234,435.88861083984375
1779805462.531884,Saccade,12.376153945922852,420.375,1436.8675537109375
1779805462.697006,Fixation,22.025962829589844,165.125,460.3050537109375
1779805462.767128,Saccade,32.039283752441406,70.125,1373.53759765625
1779805462.982384,Fixation,9.032425880432129,215.25,464.13818359375
1779805462.997384,Saccade,22.45916175842285,15.0,1335.8037109375
1779805463.092384,Fixation,15.569631576538086,95.0,425.8109436035156
1779805463.282628,Saccade,16.658620834350586,190.25,1155.8494873046875
1779805463.477773,Fixation,14.449551582336426,195.136,426.658447265625
1779805463.542884,Saccade,19.349966049194336,65.114,1149.9718017578125
1779805463.627884,Fixation,17.025667190551758,85.0,382.4907531738281
1779805463.688006,Saccade,5.399731159210205,60.125,1229.908935546875
1779805463.968603,Fixation,12.108003616333008,280.25,489.2936096191406
1779805463.988603,Saccade,16.634632110595703,20.0,958.0733032226562
1779805464.098725,Fixation,25.1099910736084,110.125,391.7530212402344
1779805464.133725,Saccade,14.138494491577148,35.0,1169.4654541015625
1779805464.233848,Fixation,7.628116607666016,100.125,478.18182373046875
1779805464.263859,Saccade,7.263649940490723,30.008,1317.3701171875
1779805464.378981,Fixation,4.475010871887207,115.118,534.59912109375
1779805464.403981,Saccade,12.861494064331055,25.0,840.686279296875
1779805464.559114,Fixation,12.419951438903809,155.134,413.6744384765625
1779805464.664225,Saccade,11.788789749145508,105.115,1160.065185546875
1779805464.744348,Fixation,36.6077995300293,80.125,473.4208068847656
1779805464.97947,Saccade,14.142385482788086,235.125,1085.841796875
1779805465.359848,Fixation,29.295156478881836,380.376,471.3197937011719
1779805465.384848,Saccade,30.700834274291992,24.999,1164.1146240234375
1779805465.519981,Fixation,19.7794189453125,135.128,491.1510009765625
1779805465.534981,Saccade,19.0687255859375,15.007,1048.927978515625
1779805465.740225,Fixation,10.45743465423584,205.24,439.62249755859375
1779805465.760226,Saccade,19.30496597290039,20.001,1068.0439453125
1779805465.870348,Fixation,12.917632102966309,110.125,508.8322448730469
1779805465.985481,Saccade,8.278958320617676,115.125,1283.6044921875
1779805466.080481,Fixation,6.139307975769043,95.0,427.3551940917969
1779805466.130603,Saccade,8.61423397064209,50.125,1192.9774169921875
1779805466.240736,Fixation,4.9437575340271,110.136,426.87139892578125
1779805466.370859,Saccade,13.863402366638184,130.12,1212.83740234375
1779805466.490848,Fixation,11.047075271606445,119.994,494.5878601074219
1779805466.505981,Saccade,18.08051300048828,15.128,1044.9139404296875
1779805466.666103,Fixation,17.358470916748047,160.124,506.6220703125
1779805466.686103,Saccade,35.10585021972656,19.998,1417.1771240234375
1779805466.781237,Fixation,40.78456497192383,95.137,357.14129638671875
1779805466.806036,Saccade,31.210161209106445,24.988,1333.57080078125
1779805466.921158,Fixation,22.68325424194336,115.125,543.9176635742188
1779805466.946158,Saccade,33.26063919067383,25.0,1385.2252197265625
1779805467.041302,Fixation,32.073081970214844,95.136,453.2560729980469
1779805467.131291,Saccade,9.073284149169922,89.99,1149.048828125
1779805467.226413,Fixation,9.942593574523926,95.124,488.7047424316406
1779805467.456658,Saccade,15.751306533813477,230.25,1154.8521728515625
1779805467.561658,Fixation,5.118173122406006,105.0,388.5986633300781
1779805467.581791,Saccade,7.539445877075195,20.125,972.8800048828125
1779805467.666791,Fixation,9.443624496459961,85.0,424.864990234375
1779805467.681791,Saccade,12.989275932312012,15.0,958.4384155273438
1779805467.972035,Fixation,7.642184257507324,290.25,389.3506164550781
1779805468.017158,Saccade,12.864705085754395,45.125,1088.2628173828125
1779805468.137291,Fixation,18.780513763427734,120.125,454.1915283203125
1779805468.237291,Saccade,32.18370819091797,100.0,1300.81640625
1779805468.522535,Fixation,23.7239990234375,285.25,449.16357421875
1779805468.542658,Saccade,19.380958557128906,20.125,1199.2230224609375
1779805468.697791,Fixation,18.716150283813477,155.125,350.954345703125
1779805468.772791,Saccade,7.121370315551758,75.0,1190.935546875
1779805468.882913,Fixation,12.388484001159668,110.125,508.8985290527344
1779805468.902913,Saccade,23.021766662597656,20.0,1187.2843017578125
1779805469.473424,Fixation,6.905093669891357,570.512,424.7551574707031
1779805469.553535,Saccade,19.166963577270508,80.113,1279.93505859375
1779805469.643658,Fixation,19.692598342895508,90.125,398.9677429199219
1779805469.688658,Saccade,10.9304838180542,45.0,1168.6864013671875
1779805469.808791,Fixation,5.484414577484131,120.125,442.0000305175781
1779805469.928805,Saccade,5.6900634765625,120.132,1179.147705078125
1779805470.108927,Fixation,6.924540042877197,180.118,452.81500244140625
1779805470.123927,Saccade,9.13381290435791,15.0,1053.812255859375
1779805470.204061,Fixation,10.197896957397461,80.129,357.3234558105469
1779805470.219049,Saccade,21.569766998291016,14.997,999.3673706054688
1779805470.324183,Fixation,11.675398826599121,105.125,425.9877624511719
1779805470.424316,Saccade,12.551385879516602,100.137,1228.26904296875
1779805470.519305,Fixation,12.917112350463867,94.987,450.72259521484375
1779805470.534305,Saccade,12.705065727233887,15.001,1130.4119873046875
1779805470.714549,Fixation,7.875064373016357,180.25,445.9674987792969
1779805470.734549,Saccade,16.8431339263916,20.0,925.3707885742188
1779805470.879683,Fixation,27.405046463012695,145.125,525.4605712890625
1779805470.904683,Saccade,33.890560150146484,25.003,1315.546630859375
1779805471.109927,Fixation,12.885519027709961,205.247,461.01141357421875
1779805471.129927,Saccade,18.005231857299805,20.003,973.4943237304688
1779805471.234927,Fixation,8.519828796386719,104.997,393.6257019042969
1779805471.245049,Saccade,14.130990982055664,10.125,913.6280517578125
1779805471.365049,Fixation,19.9082088470459,120.0,380.4616394042969
1779805471.520305,Saccade,15.802555084228516,155.25,1433.5308837890625
1779805471.775427,Fixation,5.709531784057617,255.125,429.2481384277344
1779805471.875561,Saccade,9.960247039794922,100.136,1074.7294921875
1779805472.060805,Fixation,20.346406936645508,185.239,420.5527648925781
1779805472.080805,Saccade,6.89259147644043,20.0,1091.3486328125
1779805472.190927,Fixation,40.29340744018555,110.126,449.73907470703125
1779805472.200927,Saccade,26.740842819213867,9.999,1247.782958984375
1779805472.300927,Fixation,5.21158504486084,100.0,424.8013610839844
1779805472.461061,Saccade,14.358194351196289,160.134,1391.702392578125
1779805473.107552,Fixation,15.360824584960938,645.616,435.6116638183594
1779805473.172674,Saccade,23.697294235229492,65.125,1038.100830078125
1779805473.307796,Fixation,24.18462562561035,135.125,383.5947265625
1779805473.342796,Saccade,9.38980770111084,35.0,1120.973876953125
1779805473.472918,Fixation,5.436152935028076,130.125,466.76519775390625
1779805473.497918,Saccade,6.832137584686279,25.0,1200.408447265625
1779805473.623051,Fixation,11.146465301513672,125.125,484.4028625488281
1779805473.738174,Saccade,7.498205184936523,115.125,1144.1854248046875
1779805473.838307,Fixation,21.340797424316406,100.137,475.669921875
1779805473.858296,Saccade,22.191640853881836,19.988,1086.5604248046875
1779805473.948418,Fixation,12.777349472045898,90.125,530.1721801757812
1779805474.053418,Saccade,16.042068481445312,105.0,1114.3370361328125
1779805474.328674,Fixation,8.018467903137207,275.25,503.1968078613281
1779805474.493918,Saccade,3.4171595573425293,165.25,1167.9337158203125
1779805474.573918,Fixation,6.565332412719727,80.0,371.5966491699219
1779805474.644052,Saccade,15.55305004119873,70.126,1036.9154052734375
1779805474.829174,Fixation,13.155019760131836,185.124,436.9723815917969
1779805474.984296,Saccade,12.175305366516113,155.125,1253.6754150390625
1779805475.109418,Fixation,15.672958374023438,125.126,431.1352233886719
1779805475.209552,Saccade,15.8502197265625,100.129,1211.099609375
1779805475.479796,Fixation,14.158252716064453,270.248,460.2377624511719
1779805475.499796,Saccade,22.264339447021484,19.998,1046.7686767578125
1779805475.905174,Fixation,28.75425910949707,405.375,456.7524108886719
1779805475.930192,Saccade,31.81519889831543,25.0,1115.7908935546875
1779805476.005314,Fixation,12.200422286987305,75.125,523.7392578125
1779805476.050314,Saccade,17.656570434570312,45.0,1200.352783203125
1779805476.140436,Fixation,12.776106834411621,90.125,455.47283935546875
1779805476.345569,Saccade,23.067758560180664,205.129,1353.1826171875
1779805476.510692,Fixation,34.68590545654297,165.121,408.12030029296875
1779805476.530814,Saccade,24.629894256591797,20.125,1144.3685302734375
1779805476.670958,Fixation,10.96186637878418,140.138,511.3681640625
1779805476.846069,Saccade,25.88382339477539,175.112,1383.6173095703125
1779805476.956203,Fixation,14.945509910583496,110.134,453.57330322265625
1779805476.981192,Saccade,24.221736907958984,24.995,1087.392822265625
1779805477.436569,Fixation,33.09613037109375,455.371,428.0728759765625
1779805477.521692,Saccade,17.626333236694336,85.125,1165.982177734375
1779805477.796947,Fixation,2.116940975189209,275.256,445.5738525390625
1779805477.866936,Saccade,25.66132354736328,69.994,1275.9720458984375
1779805478.067192,Fixation,18.284500122070312,200.25,461.33209228515625
1779805478.087203,Saccade,23.737985610961914,20.008,1084.396240234375
1779805478.252314,Fixation,16.014257431030273,165.117,511.3711853027344
1779805478.352436,Saccade,18.687509536743164,100.125,1234.84912109375
1779805478.677692,Fixation,14.961528778076172,325.25,401.03436279296875
1779805478.722814,Saccade,4.163309574127197,45.125,1285.2523193359375
1779805478.892936,Fixation,29.489177703857422,170.125,419.4967041015625
1779805478.912936,Saccade,13.543143272399902,20.0,949.1246337890625
1779805479.223087,Fixation,13.461161613464355,310.375,448.9499206542969
1779805479.303087,Saccade,26.81259536743164,80.0,1113.495849609375
1779805479.483209,Fixation,8.073978424072266,180.125,435.5160217285156
1779805479.703465,Saccade,13.41590404510498,220.251,1185.5299072265625
1779805480.083842,Fixation,10.785330772399902,380.374,397.6672058105469
1779805480.223964,Saccade,9.920419692993164,140.125,1191.49951171875
1779805480.434087,Fixation,6.901801109313965,210.126,452.3109130859375
1779805480.444098,Saccade,13.241114616394043,10.006,1069.72998046875
1779805480.52922,Fixation,19.58539581298828,85.119,493.1398010253906
1779805480.55422,Saccade,21.008831024169922,25.0,1096.566162109375
1779805480.654342,Fixation,23.357898712158203,100.129,550.7124633789062
1779805480.674342,Saccade,16.967355728149414,19.996,1001.1030883789062
1779805480.749465,Fixation,11.574244499206543,75.125,496.6522521972656
1779805480.764464,Saccade,25.00154685974121,15.0,1567.569091796875
1779805480.98472,Fixation,13.121260643005371,220.254,458.1943054199219
1779805481.07472,Saccade,8.556815147399902,89.996,997.5713500976562
1779805481.314976,Fixation,8.326146125793457,240.257,382.1171875
1779805481.359964,Saccade,15.378087043762207,44.993,1328.8697509765625
1779805481.480087,Fixation,26.69688606262207,120.125,363.8817443847656
1779805481.53022,Saccade,8.799577713012695,50.125,1295.71826171875
1779805481.660342,Fixation,6.477309226989746,130.125,384.7662658691406
1779805481.800464,Saccade,17.22081184387207,140.128,1204.764404296875
1779805482.190161,Fixation,19.421592712402344,390.247,412.93865966796875
1779805482.335283,Saccade,8.926064491271973,145.125,1117.6566162109375
1779805482.435405,Fixation,3.0768918991088867,100.125,355.2685852050781
1779805482.460417,Saccade,38.45269775390625,25.008,1320.0772705078125
1779805482.680661,Fixation,43.9762077331543,220.242,448.7030944824219
1779805483.056028,Saccade,21.55946159362793,375.375,1189.411376953125
1779805483.156161,Fixation,9.635189056396484,100.125,561.0087890625
1779805483.181161,Saccade,19.745573043823242,25.0,973.3366088867188
1779805483.521405,Fixation,11.534660339355469,340.25,449.9206237792969
1779805483.766672,Saccade,29.40569305419922,245.267,1267.614990234375
1779805483.946783,Fixation,22.73320198059082,180.108,430.4044189453125
1779805483.986906,Saccade,21.402536392211914,40.125,1308.8250732421875
1779805484.096917,Fixation,16.583032608032227,110.005,507.6910705566406
1779805484.167028,Saccade,22.986459732055664,70.12,1289.6708984375
1779805484.367283,Fixation,5.011508464813232,200.25,436.7821960449219
1779805484.387283,Saccade,15.833559036254883,20.0,1059.309326171875
1779805484.497283,Fixation,10.314359664916992,110.0,496.8330993652344
1779805484.582406,Saccade,5.559576988220215,85.125,927.3289184570312
1779805484.692528,Fixation,29.017440795898438,110.125,469.03387451171875
1779805484.712528,Saccade,34.90142059326172,20.0,1455.7159423828125
1779805484.802661,Fixation,4.418861389160156,90.126,419.99267578125
1779805485.083084,Saccade,11.24616813659668,280.249,1289.2630615234375
1779805485.203206,Fixation,20.865556716918945,120.125,429.1282043457031
1779805485.33334,Saccade,14.0244779586792,130.125,1121.1373291015625
1779805485.513462,Fixation,26.021848678588867,180.126,386.0367126464844
1779805485.86384,Saccade,12.285042762756348,350.375,1167.330810546875
1779805485.95884,Fixation,8.118942260742188,95.0,454.14593505859375
1779805485.98384,Saccade,28.43474006652832,25.0,1111.6063232421875
1779805486.249084,Fixation,19.561609268188477,265.25,465.90972900390625
1779805486.269206,Saccade,15.449822425842285,20.125,1168.8843994140625
1779805486.359206,Fixation,1.7954225540161133,90.0,456.5525207519531
1779805486.369217,Saccade,8.774219512939453,10.004,1035.603759765625
1779805486.549462,Fixation,7.664190769195557,180.246,490.62158203125
1779805486.594462,Saccade,10.386865615844727,45.0,1205.3109130859375
1779805486.754584,Fixation,23.5164737701416,160.125,466.4551696777344
1779805486.769584,Saccade,17.396360397338867,15.001,1177.8353271484375
1779805486.94484,Fixation,9.440690994262695,175.249,391.9425048828125
1779805487.089962,Saccade,16.16888427734375,145.125,1201.029296875
1779805487.194962,Fixation,16.387781143188477,105.0,442.9646301269531
1779805487.305084,Saccade,25.952857971191406,110.125,1295.4703369140625
1779805487.420206,Fixation,21.306201934814453,115.125,494.560302734375
1779805487.470206,Saccade,4.2445855140686035,50.0,969.364501953125
1779805487.54534,Fixation,9.132467269897461,75.125,397.7242431640625
1779805487.735462,Saccade,16.673288345336914,190.125,1033.908203125
1779805488.005706,Fixation,10.357318878173828,270.25,451.34564208984375
1779805488.141427,Saccade,14.894877433776855,135.125,1204.710693359375
1779805488.261549,Fixation,4.539435386657715,120.125,446.055419921875
1779805488.471794,Saccade,13.300413131713867,210.25,1216.4375
1779805488.581927,Fixation,13.79520320892334,110.125,420.1505432128906
1779805488.987294,Saccade,17.1848087310791,405.375,1166.7293701171875
1779805489.107427,Fixation,14.310009956359863,120.125,460.7879638671875
1779805489.207427,Saccade,12.485610961914062,100.0,1137.84033203125
1779805489.402672,Fixation,18.27398681640625,195.25,440.6907958984375
1779805489.647927,Saccade,6.364746570587158,245.25,1152.2105712890625
1779805489.767927,Fixation,19.008323669433594,120.0,419.41619873046875
1779805489.918049,Saccade,1.9034343957901,150.13,1115.1566162109375
1779805490.043194,Fixation,0.4821387827396393,125.135,414.2747802734375
1779805490.198427,Saccade,12.42814826965332,155.236,1370.8353271484375
1779805490.398549,Fixation,23.104652404785156,200.125,417.2381896972656
1779805490.418549,Saccade,20.587514877319336,20.0,1217.8056640625
1779805490.538671,Fixation,8.495790481567383,120.125,362.07867431640625
1779805490.673805,Saccade,14.042012214660645,135.135,1111.5433349609375
1779805490.929049,Fixation,2.8640551567077637,255.24,423.34869384765625
1779805491.014183,Saccade,12.682156562805176,85.135,1087.3358154296875
1779805491.12326,Fixation,23.905351638793945,110.001,517.646728515625
1779805491.258383,Saccade,9.477258682250977,135.123,1140.7430419921875
1779805491.353505,Fixation,3.350950241088867,95.116,396.3387145996094
1779805491.423627,Saccade,1.2407759428024292,70.125,1239.453369140625
1779805491.518627,Fixation,15.525464057922363,95.0,441.541259765625
1779805491.648761,Saccade,13.317930221557617,130.134,1216.6717529296875
1779805491.768883,Fixation,6.035689830780029,120.116,541.3422241210938
1779805491.788883,Saccade,8.685091972351074,20.0,1006.9214477539062
1779805491.909005,Fixation,21.763261795043945,120.125,509.8992919921875
1779805491.979127,Saccade,29.53711700439453,70.125,1264.42626953125
1779805492.064127,Fixation,6.519572734832764,85.0,519.3160400390625
1779805492.104249,Saccade,27.388980865478516,40.125,1480.018798828125
1779805492.264383,Fixation,22.809656143188477,160.125,427.21246337890625
1779805492.314383,Saccade,5.61322021484375,50.0,934.7623901367188
1779805492.424516,Fixation,16.740896224975586,110.136,508.68597412109375
1779805492.534627,Saccade,18.21746063232422,110.114,1081.9659423828125
1779805492.664749,Fixation,20.902862548828125,130.125,548.7639770507812
1779805492.684749,Saccade,16.650394439697266,20.0,1122.8372802734375
1779805492.920005,Fixation,4.3837127685546875,235.25,441.6524353027344
1779805493.055138,Saccade,23.27076530456543,135.134,1189.146484375
1779805493.625627,Fixation,11.388629913330078,570.495,481.3548583984375
1779805493.735749,Saccade,24.572843551635742,110.121,1117.622802734375
1779805493.875883,Fixation,28.14401626586914,140.125,510.4491882324219
1779805493.960883,Saccade,11.28017807006836,85.0,1220.7978515625
1779805494.106005,Fixation,15.703763961791992,145.125,427.8407287597656
1779805494.196656,Saccade,12.580240249633789,90.125,1236.7720947265625
1779805494.627034,Fixation,9.219827651977539,430.375,463.2587890625
1779805494.862278,Saccade,43.75719451904297,235.251,1259.812744140625
1779805495.022412,Fixation,45.74692916870117,160.124,437.0365905761719
1779805495.042412,Saccade,20.893051147460938,20.0,1165.7696533203125
1779805495.227656,Fixation,3.496621608734131,185.251,416.9965515136719
1779805495.302656,Saccade,6.209188461303711,74.999,1035.71923828125
1779805495.397778,Fixation,15.858115196228027,95.125,471.5927429199219
1779805495.442778,Saccade,20.034082412719727,45.0,1364.962158203125
1779805495.658034,Fixation,23.50957489013672,215.25,421.0315856933594
1779805496.063411,Saccade,17.183372497558594,405.376,1063.77099609375
1779805496.288656,Fixation,36.27149963378906,225.25,466.1876220703125
1779805496.523789,Saccade,33.09381103515625,235.129,1183.2669677734375
1779805496.638911,Fixation,6.620306015014648,115.121,470.1040344238281
1779805496.744034,Saccade,22.170377731323242,105.125,1291.6737060546875
1779805497.184373,Fixation,15.087053298950195,440.375,443.41766357421875
1779805497.319496,Saccade,20.941354751586914,135.125,1140.8734130859375
1779805497.449618,Fixation,14.069832801818848,130.125,506.9086608886719
1779805497.54974,Saccade,25.29813003540039,100.125,1077.9501953125
1779805497.960118,Fixation,13.083292961120605,410.379,440.1744384765625
1779805498.14024,Saccade,21.07073211669922,180.121,1369.5205078125
1779805498.215373,Fixation,31.060733795166016,75.125,421.2752380371094
1779805498.235373,Saccade,35.26576614379883,20.0,1465.6392822265625
1779805498.440496,Fixation,10.437722206115723,205.125,475.92462158203125
1779805498.495618,Saccade,5.189800262451172,55.125,1224.114013671875
1779805498.60574,Fixation,8.148971557617188,110.125,521.6615600585938
1779805498.760873,Saccade,5.567072868347168,155.125,1151.6273193359375
1779805498.885996,Fixation,5.072514533996582,125.125,527.1823120117188
1779805498.905996,Saccade,26.135738372802734,20.0,1120.160400390625
1779805499.031129,Fixation,17.819690704345703,125.13,422.7257080078125
1779805499.046118,Saccade,8.16196060180664,14.995,1004.9242553710938
1779805499.336373,Fixation,11.7034273147583,290.251,405.8571472167969
1779805499.401496,Saccade,21.91094398498535,65.124,983.4745483398438
1779805499.626618,Fixation,32.49549865722656,225.125,479.3228759765625
1779805499.651618,Saccade,34.1911735534668,25.0,1522.8726806640625
1779805499.816873,Fixation,25.995826721191406,165.25,501.0521240234375
1779805500.097118,Saccade,17.159421920776367,280.251,1208.686767578125
1779805500.20724,Fixation,8.879447937011719,110.124,468.1339111328125
1779805500.316991,Saccade,14.311097145080566,110.001,1125.65869140625
1779805500.67238,Fixation,7.395688056945801,355.388,426.5803527832031
1779805500.747491,Saccade,19.170345306396484,75.111,1352.2008056640625
1779805500.827491,Fixation,29.465988159179688,80.0,526.5341186523438
1779805500.862491,Saccade,14.595812797546387,35.001,1247.4642333984375
1779805500.942624,Fixation,14.035362243652344,80.125,469.6549072265625
1779805501.057746,Saccade,16.94961166381836,115.125,1275.7489013671875
1779805501.377991,Fixation,11.17330265045166,320.25,382.2236328125
1779805501.453124,Saccade,10.7127046585083,75.125,1341.9503173828125
1779805501.568246,Fixation,10.311944961547852,115.125,521.4985961914062
1779805501.593246,Saccade,12.501177787780762,25.0,1240.6995849609375
1779805501.678246,Fixation,7.197196960449219,85.0,514.0748901367188
1779805501.948491,Saccade,32.26060104370117,270.25,1223.7274169921875
1779805502.033624,Fixation,24.323490142822266,85.125,472.3656311035156
1779805502.058624,Saccade,9.420488357543945,25.0,1045.291748046875
1779805502.208746,Fixation,13.02086067199707,150.125,462.151123046875
1779805502.228746,Saccade,31.6397705078125,20.0,1284.1351318359375
1779805502.378991,Fixation,18.92291831970215,150.25,465.6268615722656
1779805502.398991,Saccade,20.29360008239746,20.0,1120.029296875
1779805502.574124,Fixation,18.850461959838867,175.129,429.1519775390625
1779805502.664247,Saccade,18.750329971313477,90.121,1042.9501953125
1779805502.819369,Fixation,16.4819393157959,155.125,439.16619873046875
1779805502.839369,Saccade,25.717573165893555,20.0,1296.9981689453125
1779805502.934491,Fixation,16.05440902709961,95.125,344.8426208496094
1779805503.084635,Saccade,18.76288604736328,150.135,1111.7314453125
1779805503.164624,Fixation,20.893041610717773,79.99,498.600830078125
1779805503.215289,Saccade,17.464786529541016,50.132,1097.26513671875
1779805503.295278,Fixation,11.712581634521484,79.993,474.4545593261719
1779805503.4104,Saccade,24.87684440612793,115.125,1212.576171875
1779805503.750778,Fixation,12.613747596740723,340.375,490.8613586425781
1779805503.770778,Saccade,22.005891799926758,20.0,1117.34326171875
1779805503.8659,Fixation,4.021852016448975,95.125,478.521484375
1779805503.9659,Saccade,12.440689086914062,100.0,1160.796630859375
1779805504.126023,Fixation,14.628114700317383,160.125,523.1961059570312
1779805504.141156,Saccade,22.936370849609375,15.127,1194.3983154296875
1779805504.276278,Fixation,11.365593910217285,135.123,447.06378173828125
1779805504.326278,Saccade,13.26750373840332,50.0,1097.77392578125
1779805504.571534,Fixation,11.64670467376709,245.261,439.14007568359375
1779805504.881778,Saccade,13.105141639709473,310.239,1159.28564453125
1779805505.0019,Fixation,8.765144348144531,120.125,437.7851257324219
1779805505.0169,Saccade,18.206289291381836,15.0,1005.6835327148438
1779805505.197023,Fixation,18.111919403076172,180.125,475.5043029785156
1779805505.242156,Saccade,10.86248779296875,45.125,1428.414306640625
1779805505.357278,Fixation,9.873688697814941,115.126,329.6373291015625
1779805505.387278,Saccade,32.33909606933594,29.999,1173.99609375
1779805505.472278,Fixation,12.847013473510742,85.0,485.53033447265625
1779805505.617411,Saccade,33.63679885864258,145.13,1286.1519775390625
1779805505.807656,Fixation,7.270770072937012,190.246,466.2710266113281
1779805505.857656,Saccade,8.365187644958496,50.0,1496.8287353515625
1779805506.0779,Fixation,3.0093371868133545,220.249,425.79595947265625
1779805506.212852,Saccade,25.996797561645508,135.126,1214.37646484375
1779805506.347975,Fixation,10.259342193603516,135.125,480.2179260253906
1779805506.367975,Saccade,30.278091430664062,20.0,1286.6409912109375
1779805506.453097,Fixation,22.69029426574707,85.125,387.1763916015625
1779805506.503097,Saccade,12.774707794189453,50.0,1004.324462890625
1779805506.828352,Fixation,16.174516677856445,325.25,451.05560302734375
1779805506.923475,Saccade,19.647769927978516,95.125,1156.94091796875
1779805507.073597,Fixation,5.199251174926758,150.125,465.92230224609375
1779805507.093597,Saccade,29.019393920898438,20.0,1304.0299072265625
1779805507.173719,Fixation,25.2504825592041,80.125,429.832275390625
1779805507.223719,Saccade,8.492219924926758,50.0,1405.0963134765625
1779805507.413975,Fixation,2.013061285018921,190.25,446.18994140625
1779805507.493975,Saccade,19.90446662902832,80.0,1300.4703369140625
1779805507.594097,Fixation,19.638179779052734,100.125,436.4841003417969
1779805507.654108,Saccade,16.710771560668945,60.007,1055.98974609375
1779805507.789352,Fixation,17.264135360717773,135.243,433.9817810058594
1779805507.809352,Saccade,19.762605667114258,20.0,952.4584350585938
1779805507.984475,Fixation,21.134660720825195,175.125,479.7474670410156
1779805508.094608,Saccade,23.148719787597656,110.134,1200.1739501953125
1779805508.509975,Fixation,18.714866638183594,415.366,464.3260803222656
1779805508.559975,Saccade,6.275093078613281,50.0,1240.2041015625
1779805508.685108,Fixation,25.012117385864258,125.132,391.0749816894531
1779805508.800219,Saccade,28.300844192504883,115.118,1160.332763671875
1779805508.890352,Fixation,3.768332004547119,90.125,377.6888427734375
1779805509.070475,Saccade,15.83869457244873,180.125,1165.3358154296875
1779805509.510801,Fixation,2.4911677837371826,440.375,457.0338134765625
1779805509.565923,Saccade,5.1920695304870605,55.125,1159.2314453125
1779805509.766045,Fixation,8.9132719039917,200.125,452.5558166503906
1779805509.791045,Saccade,6.785390853881836,25.0,1123.7578125
1779805509.876168,Fixation,38.392372131347656,85.125,428.3133239746094
1779805509.901179,Saccade,24.075847625732422,25.003,1211.728515625
1779805510.016301,Fixation,18.602693557739258,115.122,523.172119140625
1779805510.221545,Saccade,13.896964073181152,205.25,1219.9786376953125
1779805510.316545,Fixation,12.502933502197266,95.0,505.7925109863281
1779805510.401668,Saccade,22.772659301757812,85.125,1073.151123046875
1779805510.792045,Fixation,17.51508903503418,390.375,473.2041931152344
1779805510.977168,Saccade,10.394152641296387,185.126,1255.154541015625
1779805511.057301,Fixation,18.41443634033203,80.124,387.7552185058594
1779805511.087301,Saccade,26.700334548950195,30.0,1092.8177490234375
1779805511.187423,Fixation,11.854044914245605,100.126,356.4999084472656
1779805511.317545,Saccade,17.707639694213867,130.125,1450.9361572265625
1779805511.397545,Fixation,6.071942329406738,80.0,441.7289123535156
1779805511.507668,Saccade,9.393070220947266,110.125,1244.9180908203125
1779805511.717923,Fixation,9.784842491149902,210.25,441.69268798828125
1779805511.737934,Saccade,19.69405174255371,20.009,1017.6528930664062
1779805511.817923,Fixation,11.774065971374512,79.991,395.72332763671875
1779805511.832923,Saccade,27.612651824951172,15.0,1355.83203125
1779805512.008168,Fixation,17.451820373535156,175.25,503.7499694824219
1779805512.063168,Saccade,4.417695045471191,55.0,980.5819702148438
1779805512.183301,Fixation,19.822355270385742,120.125,426.5675354003906
1779805512.348314,Saccade,14.974268913269043,165.125,1253.692626953125
1779805512.453436,Fixation,19.141273498535156,105.125,441.878662109375
1779805512.473436,Saccade,23.98647117614746,20.0,1159.1617431640625
1779805512.578558,Fixation,6.179216384887695,105.125,454.6504211425781
1779805512.593558,Saccade,21.57779884338379,15.0,1228.7755126953125
1779805512.798814,Fixation,14.77446460723877,205.255,401.8861083984375
1779805512.813813,Saccade,11.578733444213867,14.995,1003.24609375
1779805513.013947,Fixation,16.412479400634766,200.134,492.4610290527344
1779805513.119058,Saccade,23.337060928344727,105.116,1138.02685546875
1779805513.244191,Fixation,5.2355828285217285,125.125,400.838623046875
1779805513.504436,Saccade,12.38152027130127,260.25,1161.58984375
1779805513.774691,Fixation,21.69049072265625,270.25,437.2170715332031
1779805513.884814,Saccade,22.932994842529297,110.13,1109.9244384765625
1779805514.029936,Fixation,22.04361915588379,145.12,460.4409484863281
1779805514.049936,Saccade,25.557357788085938,20.0,1293.1802978515625
1779805514.165058,Fixation,6.71435546875,115.125,479.5262756347656
1779805514.19008,Saccade,19.198774337768555,25.015,1195.90576171875
1779805514.280191,Fixation,24.84191131591797,90.119,388.8567199707031
1779805514.300191,Saccade,30.726972579956055,19.991,1194.3377685546875
1779805514.545314,Fixation,6.586857318878174,245.125,424.51812744140625
1779805514.590436,Saccade,15.963417053222656,45.125,1311.293701171875
1779805514.675436,Fixation,14.370928764343262,85.0,527.1854858398438
1779805514.725558,Saccade,3.052067995071411,50.125,1133.3651123046875
1779805514.825702,Fixation,18.636634826660156,100.136,405.96405029296875
1779805514.860691,Saccade,14.454317092895508,34.989,1173.6939697265625
1779805515.215936,Fixation,21.422502517700195,355.25,448.22381591796875
1779805515.231069,Saccade,19.51793098449707,15.13,1076.9957275390625
1779805515.601207,Fixation,9.822968482971191,370.245,419.655029296875
1779805515.616206,Saccade,20.629098892211914,15.0,1171.665771484375
1779805515.911584,Fixation,15.610786437988281,295.375,434.8282165527344
1779805516.206829,Saccade,21.205562591552734,295.251,1159.7115478515625
1779805516.296829,Fixation,7.558531761169434,89.999,566.9540405273438
1779805516.311962,Saccade,23.22650909423828,15.133,1401.3338623046875
1779805516.436951,Fixation,19.40287971496582,124.993,377.6777648925781
1779805516.552084,Saccade,6.601328372955322,115.132,1164.5057373046875
1779805516.682206,Fixation,22.192962646484375,130.118,495.537353515625
1779805517.317829,Saccade,24.10105323791504,635.625,1280.7022705078125
1779805517.402951,Fixation,7.222118854522705,85.125,442.5432434082031
1779805517.548084,Saccade,27.590715408325195,145.125,1142.5521240234375
1779805517.653084,Fixation,5.158161640167236,105.0,456.7598876953125
1779805517.673207,Saccade,12.370490074157715,20.125,1186.11328125
1779805517.893329,Fixation,13.834110260009766,220.125,397.61376953125
1779805518.253706,Saccade,12.663334846496582,360.375,1163.7462158203125
1779805518.589527,Fixation,26.63421058654785,335.25,460.37939453125
1779805518.749782,Saccade,9.355429649353027,160.25,1132.3372802734375
1779805518.874782,Fixation,4.999678134918213,125.0,462.46868896484375
1779805518.889904,Saccade,9.433470726013184,15.125,1090.310791015625
1779805519.004905,Fixation,21.528228759765625,115.0,513.4326782226562
1779805519.130027,Saccade,4.806535243988037,125.125,1327.66748046875
1779805519.370282,Fixation,19.17829704284668,240.25,455.81317138671875
1779805519.595527,Saccade,19.730403900146484,225.25,1260.6876220703125
1779805519.690527,Fixation,1.8503446578979492,95.0,594.2794799804688
1779805519.705549,Saccade,14.874458312988281,15.012,964.0623779296875
1779805519.830782,Fixation,20.016803741455078,125.238,383.25030517578125
1779805519.875782,Saccade,20.523426055908203,45.0,1643.2777099609375
1779805520.005904,Fixation,11.232240676879883,130.125,379.6161804199219
1779805520.045904,Saccade,7.69160270690918,40.0,1136.546875
1779805520.231027,Fixation,22.8115291595459,185.125,483.00677490234375
1779805520.376282,Saccade,19.902889251708984,145.25,1099.7598876953125
1779805520.471282,Fixation,26.918418884277344,95.001,501.89434814453125
1779805520.491282,Saccade,17.95410919189453,20.004,919.2877807617188
1779805520.761527,Fixation,6.357018947601318,270.245,422.75982666015625
1779805521.131905,Saccade,2.102294445037842,370.376,1260.9727783203125
1779805521.32216,Fixation,1.5317578315734863,190.25,456.12744140625
1779805521.431966,Saccade,14.181056022644043,110.002,994.7081298828125
1779805521.642221,Fixation,13.713054656982422,210.26,394.635986328125
1779805521.66721,Saccade,28.85460090637207,24.988,1221.94970703125
1779805521.782343,Fixation,11.883400917053223,115.125,429.24615478515625
1779805521.797343,Saccade,12.938800811767578,15.0,962.6875610351562
1779805521.962466,Fixation,19.494274139404297,165.125,403.5541076660156
1779805522.012588,Saccade,9.965063095092773,50.125,1128.0621337890625
1779805522.437965,Fixation,17.74268913269043,425.375,400.5411376953125
1779805522.492965,Saccade,3.7552080154418945,55.0,1176.35009765625
1779805522.618099,Fixation,10.584068298339844,125.13,457.7637023925781
1779805522.71821,Saccade,3.3596789836883545,100.12,1131.39453125
1779805522.938343,Fixation,9.05933666229248,220.125,462.81524658203125
1779805522.968466,Saccade,38.645713806152344,30.125,1325.1739501953125
1779805523.218588,Fixation,15.820988655090332,250.129,402.89459228515625
1779805523.25371,Saccade,24.459327697753906,35.121,1373.4017333984375
1779805523.34371,Fixation,8.966059684753418,90.0,435.8779296875
1779805523.363843,Saccade,5.562296390533447,20.125,1058.1046142578125
1779805523.463843,Fixation,2.5779378414154053,100.0,467.8301696777344
1779805523.488966,Saccade,28.316381454467773,25.125,1075.16796875
1779805523.704088,Fixation,5.474928379058838,215.125,456.9698486328125
1779805523.81921,Saccade,9.141551971435547,115.125,1022.2883911132812
1779805523.929343,Fixation,4.0362982749938965,110.125,544.2393798828125
1779805524.089466,Saccade,30.184541702270508,160.125,1300.4613037109375
1779805524.279588,Fixation,15.86644458770752,190.125,393.7801208496094
1779805524.294588,Saccade,16.434539794921875,15.0,1116.2518310546875
1779805524.50483,Fixation,31.809001922607422,210.252,501.0997619628906
1779805524.569952,Saccade,34.19853210449219,65.123,1206.625
1779805524.659952,Fixation,27.803770065307617,90.007,452.5875549316406
1779805524.965208,Saccade,5.2340087890625,305.249,1166.3006591796875
1779805525.140452,Fixation,23.03207778930664,175.245,426.4835205078125
1779805525.155452,Saccade,19.137256622314453,14.999,1191.298095703125
1779805525.375574,Fixation,17.67169761657715,220.125,486.4805908203125
1779805525.390697,Saccade,19.78900146484375,15.126,1228.49560546875
1779805525.62583,Fixation,10.225126266479492,235.125,501.9981994628906
1779805525.896086,Saccade,8.066259384155273,270.255,1083.430908203125
1779805526.08133,Fixation,19.109743118286133,185.249,450.3187255859375
1779805526.10133,Saccade,21.428728103637695,19.996,1112.805908203125
1779805526.496697,Fixation,34.562721252441406,395.375,460.4320373535156
1779805526.511697,Saccade,14.873787879943848,15.0,1227.81884765625
1779805526.61683,Fixation,12.421154022216797,105.125,478.29241943359375
1779805526.63183,Saccade,17.78656768798828,15.0,1291.8597412109375
1779805526.741952,Fixation,19.67713737487793,110.125,480.344482421875
1779805527.017197,Saccade,2.8633041381835938,275.25,1155.078857421875
1779805527.14733,Fixation,17.16286277770996,130.125,392.44989013671875
1779805527.16233,Saccade,21.29534339904785,15.0,1553.39208984375
1779805527.327452,Fixation,43.66484451293945,165.125,431.0026550292969
1779805527.387452,Saccade,17.71013641357422,60.0,1219.75390625
1779805527.482574,Fixation,8.713107109069824,95.125,365.6673278808594
1779805527.497755,Saccade,25.161911010742188,15.0,1279.33984375
1779805527.672878,Fixation,7.421552658081055,175.125,447.02056884765625
1779805527.758011,Saccade,20.819766998291016,85.125,1292.9234619140625
1779805527.863133,Fixation,20.68132781982422,105.125,457.4806213378906
1779805527.928133,Saccade,8.904241561889648,65.0,1462.6727294921875
1779805528.053267,Fixation,16.352445602416992,125.134,506.3257141113281
1779805528.268511,Saccade,30.98402214050293,215.241,1307.924072265625
1779805528.393633,Fixation,21.400131225585938,125.125,448.4022216796875
1779805528.483633,Saccade,19.67494010925293,90.0,1061.240966796875
1779805528.603755,Fixation,9.915681838989258,120.125,484.891845703125
1779805528.623755,Saccade,7.817856311798096,20.0,960.6932373046875
1779805528.824011,Fixation,10.68639087677002,200.25,549.4830322265625
1779805528.844011,Saccade,17.931507110595703,20.006,1116.4869384765625
1779805529.029133,Fixation,6.324583053588867,185.123,416.8833923339844
1779805529.204378,Saccade,18.226951599121094,175.246,1064.1676025390625
1779805529.519633,Fixation,16.80479621887207,315.25,367.2015075683594
1779805529.544633,Saccade,23.31684684753418,25.0,1389.139892578125
1779805529.855011,Fixation,16.7413330078125,310.375,492.9830627441406
1779805530.170255,Saccade,9.569486618041992,315.251,1188.105224609375
1779805530.435511,Fixation,25.06275177001953,265.249,455.05615234375
1779805530.459765,Saccade,25.223173141479492,25.0,1005.5475463867188
1779805530.559888,Fixation,11.86357593536377,100.126,417.5986328125
1779805530.639888,Saccade,10.707457542419434,80.0,1158.038330078125
1779805530.880143,Fixation,3.3931233882904053,240.252,461.8123474121094
1779805531.020265,Saccade,16.52509117126465,140.129,1249.9893798828125
1779805531.130388,Fixation,7.267398357391357,110.123,371.2700500488281
1779805531.175388,Saccade,9.776680946350098,44.996,1312.6036376953125
1779805531.415643,Fixation,10.541275024414062,240.251,415.7203369140625
1779805531.490765,Saccade,13.51626205444336,75.124,1188.7813720703125
1779805531.610776,Fixation,9.81888198852539,120.009,455.7604064941406
1779805531.660887,Saccade,16.87689208984375,50.116,1192.0120849609375
1779805531.75101,Fixation,14.001245498657227,90.125,349.9068603515625
1779805531.921132,Saccade,11.154318809509277,170.125,1056.309326171875
1779805532.35151,Fixation,13.214088439941406,430.375,449.90740966796875
1779805532.571765,Saccade,15.123331069946289,220.25,1158.4443359375
1779805532.646765,Fixation,6.839437007904053,75.0,612.0040893554688
1779805532.736888,Saccade,21.53845977783203,90.125,1161.59521484375
1779805532.816888,Fixation,14.313094139099121,80.0,482.7143859863281
1779805532.83201,Saccade,14.780847549438477,15.125,984.7584228515625
1779805532.95701,Fixation,7.227116107940674,125.0,443.2736511230469
1779805533.012132,Saccade,21.461484909057617,55.125,1449.7159423828125
1779805533.112265,Fixation,18.34076690673828,100.125,438.4384765625
1779805533.132265,Saccade,4.229701519012451,20.0,998.1861572265625
1779805533.502632,Fixation,8.859436988830566,370.375,422.08404541015625
1779805533.672676,Saccade,21.45789909362793,170.125,1183.495361328125
1779805533.862799,Fixation,23.016189575195312,190.125,486.9314880371094
1779805533.912921,Saccade,17.02191734313965,50.126,1409.9705810546875
1779805534.063043,Fixation,11.519712448120117,150.124,493.00506591796875
1779805534.088043,Saccade,16.722084045410156,25.0,1192.1778564453125
1779805534.288177,Fixation,4.029964447021484,200.125,404.3187255859375
1779805534.338299,Saccade,5.056951999664307,50.126,1143.6756591796875
1779805534.528421,Fixation,18.47212791442871,190.124,433.0593566894531
1779805534.553421,Saccade,26.53209686279297,25.0,1137.410400390625
1779805534.973799,Fixation,6.583409786224365,420.376,476.9156799316406
1779805535.028921,Saccade,1.8987476825714111,55.124,1223.8238525390625
1779805535.103921,Fixation,24.227890014648438,75.001,372.58612060546875
1779805535.123921,Saccade,25.730113983154297,20.0,1228.00146484375
1779805535.309176,Fixation,21.77558708190918,185.25,456.95465087890625
1779805535.459299,Saccade,9.399796485900879,150.125,1194.234375
1779805535.579432,Fixation,21.005117416381836,120.13,401.4161682128906
1779805535.689554,Saccade,23.23113441467285,110.12,1162.1065673828125
1779805535.809676,Fixation,18.906570434570312,120.125,481.4591064453125
1779805535.824687,Saccade,17.594573974609375,15.012,1039.2088623046875
1779805536.104921,Fixation,26.709224700927734,280.238,442.5960998535156
1779805536.124921,Saccade,11.162137985229492,20.0,1140.814208984375
1779805536.475176,Fixation,5.778850555419922,350.25,423.1529541015625
1779805536.590407,Saccade,24.535127639770508,115.125,1239.2767333984375
1779805536.740529,Fixation,24.886098861694336,150.125,438.49407958984375
1779805536.790674,Saccade,3.501303195953369,50.138,1029.703369140625
1779805536.915785,Fixation,11.84780216217041,125.112,460.3211364746094
1779805536.940785,Saccade,6.475576877593994,25.0,1166.7767333984375
1779805537.050907,Fixation,5.255227088928223,110.125,398.262939453125
1779805537.201029,Saccade,15.431089401245117,150.125,1085.794189453125
1779805537.341163,Fixation,19.649456024169922,140.131,383.7342834472656
1779805537.456285,Saccade,13.935519218444824,115.119,1400.847900390625
1779805537.546285,Fixation,20.498245239257812,90.0,455.8037414550781
1779805537.576418,Saccade,30.404647827148438,30.134,1178.1285400390625
1779805537.671418,Fixation,33.10897445678711,95.004,526.0712280273438
1779805537.716541,Saccade,27.347755432128906,45.117,1234.36865234375
1779805537.826529,Fixation,11.656600952148438,109.995,443.63165283203125
1779805537.851663,Saccade,22.35293197631836,25.125,1237.99267578125
1779805538.046785,Fixation,22.299121856689453,195.13,384.8634948730469
1779805538.146907,Saccade,13.270633697509766,100.12,1059.289306640625
1779805538.246918,Fixation,20.915252685546875,100.01,356.421630859375
1779805538.27204,Saccade,51.06707000732422,25.119,1564.572265625
1779805538.352029,Fixation,19.828121185302734,79.997,523.6351318359375
1779805538.372029,Saccade,23.10843849182129,19.999,1140.4200439453125
1779805538.602285,Fixation,4.963647842407227,230.25,412.45587158203125
1779805538.617285,Saccade,11.125036239624023,15.001,1001.9085083007812
1779805538.917663,Fixation,17.888599395751953,300.374,452.4798583984375
1779805539.087785,Saccade,11.291799545288086,170.126,1315.591552734375
1779805539.418029,Fixation,9.543431282043457,330.25,474.8998718261719
1779805539.488163,Saccade,17.126724243164062,70.125,1357.3990478515625
1779805539.573163,Fixation,6.164536952972412,85.0,539.7847900390625
1779805539.628196,Saccade,12.424840927124023,55.125,1075.529296875
1779805539.718196,Fixation,22.183731079101562,90.0,371.72674560546875
1779805539.733318,Saccade,13.9175443649292,15.125,1061.47412109375
1779805539.853318,Fixation,15.175046920776367,120.0,487.63470458984375
1779805540.088574,Saccade,3.603292226791382,235.257,1223.882568359375
1779805540.303818,Fixation,21.67445945739746,215.243,464.01080322265625
1779805540.418941,Saccade,40.79933547973633,115.125,1365.60498046875
1779805540.528941,Fixation,33.452789306640625,110.0,393.4100036621094
1779805540.624074,Saccade,11.970010757446289,95.125,1240.4962158203125
1779805540.759196,Fixation,17.454030990600586,135.129,486.8654479980469
1779805540.779196,Saccade,16.347288131713867,19.996,1279.0689697265625
1779805540.924319,Fixation,25.095325469970703,145.128,450.4214172363281
1779805541.024441,Saccade,23.119295120239258,100.122,1344.69091796875
1779805541.154574,Fixation,4.729386806488037,130.125,453.3319396972656
1779805541.204574,Saccade,9.728364944458008,50.0,1311.553466796875
1779805541.765196,Fixation,25.446094512939453,560.625,479.3063659667969
1779805541.870196,Saccade,18.074390411376953,105.0,1119.2623291015625
1779805542.095452,Fixation,24.193069458007812,225.259,381.2056579589844
1779805542.230574,Saccade,16.400026321411133,135.116,1266.02734375
1779805542.370696,Fixation,27.653905868530273,140.125,546.3502807617188
1779805542.395696,Saccade,26.35852813720703,25.0,1100.71240234375
1779805542.675941,Fixation,10.055487632751465,280.25,400.1944580078125
1779805542.81627,Saccade,7.976070404052734,140.125,1061.4114990234375
1779805543.071526,Fixation,22.18967056274414,255.256,378.3056335449219
1779805543.166648,Saccade,6.70973014831543,95.12,1237.6400146484375
1779805543.34677,Fixation,0.9063807725906372,180.125,480.30291748046875
1779805543.416893,Saccade,2.2860519886016846,70.125,1032.2144775390625
1779805543.80227,Fixation,10.046875,385.375,439.8167419433594
1779805543.89727,Saccade,13.905519485473633,95.0,1176.302978515625
1779805544.107515,Fixation,24.667861938476562,210.25,418.9074401855469
1779805544.312648,Saccade,19.449602127075195,205.125,1179.8323974609375
1779805544.44777,Fixation,9.969966888427734,135.125,431.0573425292969
1779805544.497892,Saccade,16.023530960083008,50.129,1159.80908203125
1779805544.713015,Fixation,18.528676986694336,215.121,387.543212890625
1779805544.733015,Saccade,21.72215461730957,20.0,1123.6436767578125
1779805544.823148,Fixation,20.523086547851562,90.132,465.86627197265625
1779805544.843148,Saccade,20.75554656982422,19.993,1173.764892578125
1779805545.038404,Fixation,26.212120056152344,195.262,462.272705078125
1779805545.063392,Saccade,17.139394760131836,24.988,1047.4525146484375
1779805545.668892,Fixation,20.040565490722656,605.5,452.86676025390625
1779805545.824615,Saccade,27.092472076416016,155.133,1111.2269287109375
1779805545.914737,Fixation,18.288795471191406,90.117,376.9021911621094
1779805545.999859,Saccade,5.194268703460693,85.125,1068.243896484375
1779805546.124981,Fixation,9.79187297821045,125.125,437.356689453125
1779805546.214981,Saccade,5.078491687774658,90.0,1011.3917236328125
1779805546.390237,Fixation,19.579891204833984,175.25,379.08026123046875
1779805546.450237,Saccade,31.94306755065918,60.0,973.2591552734375
1779805546.595359,Fixation,21.174760818481445,145.13,411.5880432128906
1779805546.63037,Saccade,18.08765983581543,35.008,1204.8975830078125
1779805546.800603,Fixation,21.326635360717773,170.237,534.765380859375
1779805547.220981,Saccade,14.174636840820312,420.376,1172.4378662109375
1779805547.336103,Fixation,13.511951446533203,115.124,361.0115661621094
1779805547.511237,Saccade,28.861074447631836,175.126,1309.6500244140625
1779805547.591248,Fixation,6.493985176086426,80.016,596.2288208007812
1779805547.621359,Saccade,13.093867301940918,30.108,1468.1951904296875
1779805547.731481,Fixation,12.027945518493652,110.125,504.3750915527344
1779805547.756481,Saccade,16.100149154663086,25.001,1107.036865234375
1779805547.901614,Fixation,16.64597511291504,145.132,393.6772766113281
1779805547.916615,Saccade,13.537500381469727,14.995,952.489013671875
1779805548.587237,Fixation,9.325416564941406,670.623,441.87030029296875
1779805548.617237,Saccade,8.382699966430664,30.0,1117.23095703125
1779805548.882386,Fixation,16.064105987548828,265.258,434.5798034667969
1779805548.967497,Saccade,10.849143981933594,85.117,1214.14794921875
1779805549.192631,Fixation,9.103368759155273,225.125,426.6695251464844
1779805549.297753,Saccade,9.549235343933105,105.125,1441.4451904296875
1779805549.472875,Fixation,12.31985092163086,175.125,450.6203308105469
1779805549.507998,Saccade,13.120388984680176,35.125,1094.8919677734375
1779805549.607997,Fixation,11.958442687988281,100.0,463.83013916015625
1779805549.623131,Saccade,16.65540313720703,15.125,1029.28173828125
1779805549.813253,Fixation,14.927226066589355,190.125,407.5973815917969
1779805549.978386,Saccade,7.1490797996521,165.139,1166.6474609375
1779805550.063498,Fixation,9.821304321289062,85.111,437.94415283203125
1779805550.108497,Saccade,17.760635375976562,45.0,1018.1315307617188
1779805550.343753,Fixation,11.71284008026123,235.25,455.1883544921875
1779805550.368753,Saccade,9.903660774230957,25.0,1134.99365234375
1779805550.443886,Fixation,8.824113845825195,75.133,583.8541259765625
1779805550.543875,Saccade,11.385106086730957,99.992,1147.9808349609375
1779805550.734131,Fixation,5.399559497833252,190.25,447.5137634277344
1779805550.779131,Saccade,5.22609806060791,45.0,1276.3780517578125
1779805550.944253,Fixation,9.301512718200684,165.125,409.8958435058594
1779805551.039375,Saccade,9.59583568572998,95.125,1143.59033203125
1779805551.234631,Fixation,27.95558738708496,195.25,502.35107421875
1779805551.484753,Saccade,19.549911499023438,250.125,1244.422119140625
1779805551.79445,Fixation,1.8991340398788452,310.375,457.640625
1779805551.939573,Saccade,9.543209075927734,145.126,1237.747314453125
1779805552.169695,Fixation,24.48328971862793,230.125,446.4688720703125
1779805552.214828,Saccade,31.67224884033203,45.134,1134.134521484375
1779805552.34995,Fixation,24.7327880859375,135.116,453.49560546875
1779805552.455073,Saccade,7.20655632019043,105.125,1277.7252197265625
1779805552.660195,Fixation,3.007633686065674,205.125,374.5112609863281
1779805552.680195,Saccade,14.914111137390137,20.0,1026.0989990234375
1779805552.94545,Fixation,19.180042266845703,265.25,406.2042541503906
1779805553.035573,Saccade,18.77332305908203,90.125,1111.3790283203125
1779805553.280817,Fixation,32.14580154418945,245.25,404.08258056640625
1779805553.305817,Saccade,26.148990631103516,25.0,1169.0938720703125
1779805553.47595,Fixation,20.912878036499023,170.125,484.03179931640625
1779805553.561073,Saccade,20.60582160949707,85.125,1183.8204345703125
1779805553.686195,Fixation,13.514605522155762,125.125,418.7406921386719
1779805553.836317,Saccade,3.2288622856140137,150.125,1087.782958984375
1779805553.98145,Fixation,8.575297355651855,145.132,494.4210205078125
1779805554.04145,Saccade,9.030695915222168,59.993,1273.212646484375
1779805554.191573,Fixation,8.832157135009766,150.125,453.5250549316406
1779805554.281695,Saccade,19.61737823486328,90.125,1214.1357421875
1779805554.466828,Fixation,24.325225830078125,185.132,458.3641052246094
1779805554.51695,Saccade,11.863519668579102,50.118,1143.0303955078125
1779805555.083229,Fixation,8.777862548828125,565.5,480.1083984375
1779805555.098229,Saccade,12.197904586791992,15.0,978.3685913085938
1779805555.653729,Fixation,7.946723461151123,555.5,426.8778381347656
1779805555.923974,Saccade,12.756124496459961,270.251,1259.65625
1779805556.074096,Fixation,14.49832820892334,150.124,418.7802429199219
1779805556.129229,Saccade,12.767675399780273,55.132,1139.632080078125
1779805556.244362,Fixation,12.976655960083008,115.129,482.5054931640625
1779805556.624607,Saccade,10.249186515808105,380.24,1289.3443603515625
1779805556.844851,Fixation,15.784634590148926,220.25,405.9518127441406
1779805556.944973,Saccade,25.043006896972656,100.125,1168.2166748046875
1779805557.100107,Fixation,14.695809364318848,155.125,467.309814453125
1779805557.185107,Saccade,8.355042457580566,85.0,1234.9447021484375
1779805557.315229,Fixation,17.27899169921875,130.125,456.9991149902344
1779805557.470474,Saccade,23.599409103393555,155.25,1126.73388671875
1779805557.560485,Fixation,13.15848159790039,90.007,485.2999267578125
1779805557.700607,Saccade,19.283676147460938,140.118,1475.6007080078125
1779805557.865729,Fixation,14.132706642150879,165.13,447.1285705566406
1779805557.995644,Saccade,7.772927284240723,130.12,1218.5855712890625
1779805558.516144,Fixation,37.47758102416992,520.505,442.89544677734375
1779805558.591278,Saccade,26.636354446411133,75.124,1205.6103515625
1779805558.6864,Fixation,8.722125053405762,95.123,405.4943542480469
1779805558.7764,Saccade,11.828161239624023,89.998,1235.9525146484375
1779805558.986644,Fixation,24.340585708618164,210.25,459.2189025878906
1779805559.031655,Saccade,4.28413724899292,45.006,1327.963134765625
1779805559.156766,Fixation,2.4724926948547363,125.119,434.30133056640625
1779805559.196767,Saccade,4.260809898376465,40.0,1112.4132080078125
1779805559.432022,Fixation,19.07044219970703,235.255,363.0013122558594
1779805559.457022,Saccade,29.20842742919922,24.995,1114.8184814453125
1779805559.657267,Fixation,4.125302791595459,200.25,499.9667053222656
1779805559.677267,Saccade,17.665569305419922,20.0,1175.0748291015625
1779805559.937522,Fixation,6.833907604217529,260.251,407.5765686035156
1779805560.082644,Saccade,14.075749397277832,145.124,1388.461181640625
1779805560.162644,Fixation,6.063311576843262,80.001,340.71710205078125
1779805560.177767,Saccade,7.223511219024658,15.124,1267.168701171875
1779805560.3279,Fixation,22.208133697509766,150.128,411.04937744140625
1779805560.4279,Saccade,21.50235939025879,99.998,957.881591796875
1779805560.608144,Fixation,21.690584182739258,180.25,421.3369445800781
1779805560.643144,Saccade,14.882220268249512,35.0,950.4163818359375
1779805560.843266,Fixation,15.171114921569824,200.125,468.9533996582031
1779805560.858231,Saccade,14.262595176696777,15.125,1001.0174560546875
1779805561.188476,Fixation,8.647087097167969,330.25,489.41082763671875
1779805561.468731,Saccade,9.59549617767334,280.25,1294.547119140625
1779805561.718976,Fixation,3.965297222137451,250.25,475.8677062988281
1779805561.743975,Saccade,27.256555557250977,25.0,1063.455322265625
1779805562.044231,Fixation,10.402703285217285,300.25,410.1531982421875
1779805562.059231,Saccade,8.813631057739258,15.0,886.0672607421875
1779805562.379598,Fixation,12.243097305297852,320.375,382.829833984375
1779805562.449598,Saccade,15.58719539642334,70.0,1282.22900390625
1779805562.524731,Fixation,15.05943775177002,75.125,456.2854309082031
1779805562.584731,Saccade,2.837775468826294,60.008,1038.1199951171875
1779805562.895109,Fixation,11.222590446472168,310.369,441.2541198730469
1779805562.940098,Saccade,8.94770336151123,44.998,1001.9297485351562
1779805563.035231,Fixation,1.2544432878494263,95.125,489.8960266113281
1779805563.325475,Saccade,15.846970558166504,290.25,1101.523681640625
1779805563.450609,Fixation,21.03018569946289,125.137,470.5797424316406
1779805563.475598,Saccade,11.836362838745117,24.988,945.4495239257812
1779805563.635731,Fixation,14.090078353881836,160.125,417.5040588378906
1779805563.650731,Saccade,15.346259117126465,15.0,990.1367797851562
1779805563.825975,Fixation,9.164095878601074,175.25,393.48345947265625
1779805563.910975,Saccade,3.202130079269409,85.0,1130.5040283203125
1779805564.010932,Fixation,11.58989143371582,100.125,487.28314208984375
1779805564.055933,Saccade,12.917760848999023,45.0,1335.74560546875
1779805564.161066,Fixation,7.368670463562012,105.125,496.9345703125
1779805564.321199,Saccade,8.179332733154297,160.135,1178.2137451171875
1779805564.43631,Fixation,4.650331497192383,115.115,473.1824035644531
1779805564.666566,Saccade,20.43197250366211,230.25,1204.7340087890625
1779805564.746566,Fixation,13.733193397521973,80.001,558.4409790039062
1779805564.836688,Saccade,27.137981414794922,90.125,975.7267456054688
1779805564.95681,Fixation,17.996967315673828,120.125,405.7395324707031
1779805565.01181,Saccade,7.4698028564453125,55.0,1252.5662841796875
1779805565.146933,Fixation,14.669539451599121,135.125,462.3416748046875
1779805565.166933,Saccade,15.669641494750977,20.0,1134.521728515625
1779805565.327188,Fixation,8.405614852905273,160.25,530.7498779296875
1779805565.402188,Saccade,8.8385009765625,75.0,1151.7144775390625
1779805565.982688,Fixation,21.57978630065918,580.5,420.5381164550781
1779805566.09281,Saccade,22.401248931884766,110.125,997.5001831054688
1779805566.247944,Fixation,4.404715061187744,155.129,461.7768249511719
1779805566.308066,Saccade,11.088125228881836,60.121,1420.843505859375
1779805566.408188,Fixation,14.9566068649292,100.125,445.4700012207031
1779805566.438188,Saccade,22.809154510498047,30.0,998.9157104492188
1779805566.523188,Fixation,17.746826171875,85.0,421.7192687988281
1779805566.57331,Saccade,1.4110198020935059,50.125,1010.923828125
1779805566.708432,Fixation,4.922628402709961,135.125,494.0360107421875
1779805566.848566,Saccade,10.458585739135742,140.125,1172.142822265625
1779805567.024099,Fixation,8.860855102539062,175.125,465.5477294921875
1779805567.044099,Saccade,22.965593338012695,20.0,1083.2657470703125
1779805567.659721,Fixation,28.267690658569336,615.625,417.8072814941406
1779805567.739721,Saccade,16.505878448486328,80.0,1087.2318115234375
1779805567.819844,Fixation,8.651602745056152,80.125,421.0830078125
1779805567.839844,Saccade,3.1186389923095703,20.0,941.6519775390625
1779805567.979977,Fixation,15.212111473083496,140.125,479.2109069824219
1779805568.070099,Saccade,6.271122455596924,90.125,1215.136962890625
1779805568.165221,Fixation,17.943532943725586,95.126,462.0652160644531
1779805568.195221,Saccade,46.1790885925293,30.0,1442.46240234375
1779805568.310344,Fixation,25.37152099609375,115.124,423.607177734375
1779805568.450477,Saccade,18.174142837524414,140.125,1161.9906005859375
1779805568.630599,Fixation,3.458648443222046,180.126,476.9581604003906
1779805568.655599,Saccade,13.021973609924316,24.999,1253.3612060546875
1779805568.760721,Fixation,5.290378093719482,105.126,558.1328735351562
1779805568.870855,Saccade,5.995526313781738,110.125,1180.151611328125
1779805569.221099,Fixation,24.028532028198242,350.25,488.9413757324219
1779805569.336221,Saccade,38.915428161621094,115.125,1068.857421875
1779805569.456355,Fixation,29.26520347595215,120.125,442.0191650390625
1779805569.501355,Saccade,23.247737884521484,45.0,1029.6282958984375
1779805569.69161,Fixation,30.670385360717773,190.262,437.0948486328125
1779805569.711599,Saccade,21.802248001098633,19.988,1301.2491455078125
1779805569.811732,Fixation,20.149215698242188,100.129,402.51654052734375
1779805569.841721,Saccade,37.85411834716797,29.996,1279.7603759765625
1779805570.207322,Fixation,26.282394409179688,365.375,448.5059509277344
1779805570.227322,Saccade,18.363744735717773,20.0,988.28564453125
1779805570.317322,Fixation,0.7207058668136597,90.0,314.11883544921875
1779805570.337444,Saccade,21.43801498413086,20.125,1082.332275390625
1779805570.7077,Fixation,29.1400089263916,370.25,473.4847106933594
1779805570.737822,Saccade,34.07490158081055,30.13,1469.6767578125
1779805570.837822,Fixation,5.633652687072754,99.995,572.6825561523438
1779805570.852822,Saccade,22.877037048339844,15.001,1233.73388671875
1779805570.927944,Fixation,19.728961944580078,75.124,465.8619689941406
1779805571.043077,Saccade,7.099716663360596,115.125,1262.8125
1779805571.1932,Fixation,7.143162250518799,150.125,447.26220703125
1779805571.2432,Saccade,12.072608947753906,50.0,981.5806884765625
1779805571.338322,Fixation,15.857316970825195,95.125,411.36181640625
1779805571.483444,Saccade,4.32628059387207,145.125,1060.3414306640625
1779805571.583578,Fixation,22.050342559814453,100.125,424.10113525390625
1779805571.608577,Saccade,29.099445343017578,25.0,1111.074951171875
1779805571.7387,Fixation,28.915971755981445,130.126,441.1313781738281
1779805571.7637,Saccade,16.82549285888672,24.999,995.9476928710938
1779805571.848822,Fixation,15.691158294677734,85.125,413.2581787109375
1779805571.878822,Saccade,18.346261978149414,30.0,966.742919921875
1779805572.084078,Fixation,24.09663200378418,205.25,431.1255187988281
1779805572.099077,Saccade,15.983922958374023,15.0,1187.7891845703125
1779805572.429322,Fixation,2.6173055171966553,330.251,457.4853820800781
1779805572.579444,Saccade,11.052742958068848,150.124,1173.019775390625
1779805572.754578,Fixation,18.01320457458496,175.125,563.1553344726562
1779805572.774711,Saccade,20.497894287109375,20.137,1262.4937744140625
1779805572.904833,Fixation,11.345726013183594,130.12,487.31805419921875
1779805573.184966,Saccade,6.538535118103027,280.243,1339.663818359375
1779805573.294966,Fixation,7.884627819061279,110.0,462.4452819824219
1779805573.315088,Saccade,23.671852111816406,20.126,1495.65869140625
1779805573.685343,Fixation,19.536823272705078,370.26,493.3662109375
1779805573.735466,Saccade,28.158676147460938,50.115,1144.383544921875
1779805574.310966,Fixation,21.159297943115234,575.5,442.9310607910156
1779805574.335965,Saccade,29.75634765625,25.0,1246.894775390625
1779805574.421088,Fixation,20.738719940185547,85.125,433.5766906738281
1779805574.52621,Saccade,4.2440032958984375,105.125,1023.1264038085938
1779805574.61121,Fixation,22.837373733520508,85.0,483.9327392578125
1779805574.63621,Saccade,33.225929260253906,25.0,1267.6248779296875
1779805574.766332,Fixation,13.933089256286621,130.125,438.8934326171875
1779805574.896466,Saccade,19.47445297241211,130.125,1143.0059814453125
1779805575.056588,Fixation,9.785430908203125,160.125,524.8806762695312
1779805575.12671,Saccade,4.778164386749268,70.125,1242.0302734375
1779805575.211832,Fixation,9.202597618103027,85.125,407.16937255859375
1779805575.286832,Saccade,11.940564155578613,75.0,1120.125
1779805575.381965,Fixation,16.011280059814453,95.125,435.8901062011719
1779805575.592088,Saccade,11.793549537658691,210.129,1273.7928466796875
1779805575.70721,Fixation,18.759672164916992,115.121,466.7503967285156
1779805575.732221,Saccade,18.85190200805664,25.005,1071.6802978515625
1779805575.857332,Fixation,25.78969955444336,125.12,463.8699035644531
1779805575.937465,Saccade,10.70186996459961,80.125,1227.8038330078125
1779805576.132603,Fixation,31.42005729675293,195.125,444.993896484375
1779805576.147725,Saccade,15.97020435333252,15.125,1034.943359375
1779805576.417981,Fixation,13.673840522766113,270.251,423.2430419921875
1779805576.713225,Saccade,14.447300910949707,295.249,1216.4146728515625
1779805576.803225,Fixation,14.832786560058594,90.0,352.6835021972656
1779805576.858347,Saccade,23.104347229003906,55.125,1571.8680419921875
1779805576.973481,Fixation,13.971065521240234,115.125,412.411376953125
1779805577.088481,Saccade,17.289764404296875,115.0,1166.36083984375
1779805577.168603,Fixation,15.890606880187988,80.126,423.2989196777344
1779805577.188603,Saccade,18.216337203979492,20.0,956.9542846679688
1779805577.493847,Fixation,27.245019912719727,305.25,430.2333068847656
1779805577.568981,Saccade,14.410527229309082,75.125,1280.1351318359375
1779805577.914347,Fixation,15.378256797790527,345.375,413.8846740722656
1779805578.039481,Saccade,11.48489761352539,125.125,1300.875
1779805578.164481,Fixation,27.820192337036133,125.0,595.7267456054688
1779805578.394747,Saccade,8.267215728759766,230.265,1218.306884765625
1779805578.699981,Fixation,18.15121078491211,305.235,345.2032470703125
1779805578.775114,Saccade,9.947110176086426,75.134,1121.420166015625
1779805579.030347,Fixation,4.117061614990234,255.241,493.6719665527344
1779805579.105201,Saccade,6.444044589996338,75.0,1103.2401123046875
1779805579.45059,Fixation,9.485041618347168,345.385,434.05950927734375
1779805579.470579,Saccade,20.76498031616211,19.99,1037.9678955078125
1779805579.610701,Fixation,14.112577438354492,140.125,467.0921936035156
1779805579.720834,Saccade,0.8167023658752441,110.131,1085.551513671875
1779805579.830957,Fixation,8.69416618347168,110.119,557.660400390625
1779805579.845957,Saccade,22.251239776611328,15.0,1204.39013671875
1779805580.076212,Fixation,24.94968032836914,230.256,442.7502746582031
1779805580.101201,Saccade,25.53046417236328,24.994,994.172119140625
1779805580.286335,Fixation,26.42791748046875,185.125,387.4765625
1779805580.306334,Saccade,19.508434295654297,20.0,1481.048828125
1779805580.446457,Fixation,21.030540466308594,140.125,451.1918029785156
1779805580.576579,Saccade,23.682353973388672,130.125,1414.3665771484375
1779805580.741712,Fixation,13.84032154083252,165.126,463.7851867675781
1779805580.786835,Saccade,3.2324464321136475,45.124,1016.4796752929688
1779805581.047079,Fixation,9.446824073791504,260.25,442.0459289550781
1779805581.107079,Saccade,6.854006767272949,60.0,1277.03076171875
1779805581.227212,Fixation,11.917927742004395,120.126,399.9874267578125
1779805581.257212,Saccade,22.764991760253906,30.0,1129.65478515625
1779805581.367335,Fixation,15.785857200622559,110.124,476.140869140625
1779805581.387335,Saccade,18.54715347290039,20.0,1195.3160400390625
1779805581.552457,Fixation,18.58587646484375,165.125,352.1061096191406
1779805581.567579,Saccade,8.606491088867188,15.126,1044.64404296875
1779805581.647579,Fixation,12.694916725158691,79.999,421.5863342285156
1779805581.677579,Saccade,21.808080673217773,30.001,1106.8707275390625
1779805581.872835,Fixation,15.19756031036377,195.25,464.7369079589844
1779805581.937835,Saccade,11.97304916381836,65.0,1152.3712158203125
1779805582.012957,Fixation,8.81820011138916,75.125,526.1675415039062
1779805582.087274,Saccade,10.767810821533203,75.0,1236.0396728515625
1779805582.177397,Fixation,16.54656410217285,90.125,592.248046875
1779805582.197397,Saccade,41.0151252746582,20.0,1611.4383544921875
1779805582.29753,Fixation,11.172207832336426,100.125,391.552001953125
1779805582.34753,Saccade,12.308107376098633,50.0,1287.6903076171875
1779805582.427652,Fixation,15.187397956848145,80.125,429.3019104003906
1779805582.507774,Saccade,17.869091033935547,80.125,1072.367919921875
1779805582.707896,Fixation,23.35053062438965,200.125,454.1838073730469
1779805582.742897,Saccade,23.74895477294922,35.0,1102.5396728515625
1779805582.81803,Fixation,13.04043197631836,75.125,513.3121948242188
1779805582.983152,Saccade,14.484472274780273,165.125,1448.5023193359375
1779805583.088274,Fixation,16.60840606689453,105.125,463.0411071777344
1779805583.133274,Saccade,6.283675670623779,45.0,1295.48779296875
1779805583.36353,Fixation,11.314963340759277,230.25,435.2817077636719
1779805583.38353,Saccade,20.170982360839844,20.0,976.2304077148438
1779805583.563652,Fixation,30.340654373168945,180.13,499.4026794433594
1779805583.598774,Saccade,34.95633316040039,35.12,1106.0145263671875
1779805583.95903,Fixation,13.452071189880371,360.25,477.20367431640625
1779805584.029152,Saccade,17.539335250854492,70.125,1008.5651245117188
1779805584.269397,Fixation,20.16284942626953,240.25,476.9407653808594
1779805584.379396,Saccade,12.239299774169922,110.0,1235.6041259765625
1779805584.46453,Fixation,2.7095632553100586,85.125,530.8772583007812
1779805584.50953,Saccade,5.565149307250977,45.0,1225.3837890625
1779805584.619652,Fixation,2.5045080184936523,110.125,445.7012023925781
1779805584.699785,Saccade,13.221543312072754,80.135,1265.9229736328125
1779805584.834897,Fixation,13.551907539367676,135.115,412.8530578613281
1779805584.899896,Saccade,15.450865745544434,65.0,1218.96435546875
1779805585.00503,Fixation,5.904996395111084,105.133,520.8540649414062
1779805585.08563,Saccade,32.30946350097656,80.117,1059.6595458984375
1779805585.831252,Fixation,21.59075927734375,745.626,406.8711242675781
1779805586.146519,Saccade,3.4830188751220703,315.262,1240.71875
1779805586.28663,Fixation,9.474949836730957,140.113,460.7167663574219
1779805586.301752,Saccade,16.312288284301758,15.125,1260.396240234375
1779805586.386752,Fixation,32.549224853515625,85.0,481.167724609375
1779805586.406752,Saccade,18.364294052124023,20.0,1160.617431640625
1779805586.481874,Fixation,18.02318572998047,75.125,517.1478881835938
1779805586.531886,Saccade,16.98484992980957,50.002,1337.9654541015625
1779805586.72213,Fixation,17.33047866821289,190.248,554.9751586914062
1779805586.81713,Saccade,8.293734550476074,95.003,1084.382568359375
1779805586.947252,Fixation,6.337473392486572,130.122,446.14166259765625
1779805587.042374,Saccade,27.5989933013916,95.125,1543.1759033203125
1779805587.137508,Fixation,22.941638946533203,95.125,395.1928405761719
1779805587.257641,Saccade,34.366546630859375,120.135,1237.4307861328125
1779805587.36763,Fixation,32.594024658203125,109.99,481.9037780761719
1779805587.547874,Saccade,18.36490821838379,180.25,1433.7021484375
1779805587.663008,Fixation,5.535519599914551,115.125,456.3399963378906
1779805587.683008,Saccade,19.17045021057129,20.0,1092.0179443359375
1779805587.768008,Fixation,26.54026985168457,85.0,519.11279296875
1779805587.79313,Saccade,27.57646942138672,25.125,1051.3779296875
1779805587.973252,Fixation,8.537883758544922,180.125,380.06573486328125
1779805588.103133,Saccade,28.99496078491211,130.125,1215.3740234375
1779805588.283266,Fixation,15.569844245910645,180.125,469.8475646972656
1779805588.303266,Saccade,8.565241813659668,20.0,1206.1536865234375
1779805588.388388,Fixation,24.65353012084961,85.125,399.4990234375
1779805588.52351,Saccade,9.452157020568848,135.125,1199.011474609375
1779805588.603633,Fixation,17.492406845092773,80.125,507.1202392578125
1779805588.633633,Saccade,33.572792053222656,30.0,1406.9979248046875
1779805588.708633,Fixation,13.181581497192383,75.001,479.1307373046875
1779805588.723633,Saccade,16.529489517211914,14.999,1149.0765380859375
1779805588.823766,Fixation,27.214035034179688,100.125,375.0882263183594
1779805588.883899,Saccade,34.05516815185547,60.139,1110.5987548828125
1779805588.968888,Fixation,17.53871726989746,84.986,401.23199462890625
1779805589.049022,Saccade,14.49229621887207,80.133,1143.307861328125
1779805589.204155,Fixation,23.925582885742188,155.134,485.0252685546875
1779805589.219133,Saccade,25.049470901489258,14.983,1459.138427734375
1779805589.469388,Fixation,20.276172637939453,250.25,482.8977966308594
1779805589.904766,Saccade,5.166667461395264,435.375,1230.8902587890625
1779805589.999888,Fixation,8.046429634094238,95.125,368.53936767578125
1779805590.014888,Saccade,13.900995254516602,15.0,950.159423828125
1779805590.140011,Fixation,22.384408950805664,125.126,438.8774108886719
1779805590.295133,Saccade,12.770195007324219,155.125,1248.064208984375
1779805590.660511,Fixation,24.295995712280273,365.375,420.247314453125
1779805590.71051,Saccade,8.31452465057373,50.0,1372.6036376953125
1779805590.820633,Fixation,19.776405334472656,110.125,518.5624389648438
1779805590.845633,Saccade,22.34187126159668,25.0,1091.66357421875
1779805591.075888,Fixation,20.792518615722656,230.25,420.4843444824219
1779805591.095888,Saccade,16.048425674438477,20.0,1058.190185546875
1779805591.175849,Fixation,1.2102218866348267,80.139,509.1485290527344
1779805591.195838,Saccade,28.097576141357422,19.992,1251.19873046875
1779805591.300827,Fixation,27.064037322998047,104.994,498.77288818359375
1779805591.451082,Saccade,18.929563522338867,150.25,1111.4796142578125
1779805591.536083,Fixation,5.5312933921813965,85.0,431.47113037109375
1779805591.561082,Saccade,17.695796966552734,25.0,1017.6768188476562
1779805591.701205,Fixation,7.943064212799072,140.125,475.2521057128906
1779805591.791327,Saccade,23.648704528808594,90.125,1166.7874755859375
1779805592.171716,Fixation,28.827293395996094,380.386,415.1328125
1779805592.371827,Saccade,10.09819221496582,200.114,1391.4508056640625
1779805592.486949,Fixation,6.579026222229004,115.125,415.7674560546875
1779805592.532083,Saccade,7.315225601196289,45.125,1168.8687744140625
1779805592.747216,Fixation,14.684184074401855,215.132,388.3180847167969
1779805592.802338,Saccade,16.745201110839844,55.126,1047.18359375
1779805592.927338,Fixation,11.131879806518555,125.004,427.66162109375
1779805592.942449,Saccade,15.697253227233887,15.113,1129.5982666015625
1779805593.192582,Fixation,20.762434005737305,250.125,406.2731628417969
1779805593.282705,Saccade,13.868979454040527,90.125,1147.705078125
1779805593.382827,Fixation,25.670989990234375,100.125,426.67572021484375
1779805593.497949,Saccade,11.138243675231934,115.125,1344.3009033203125
1779805593.903338,Fixation,0.5607156157493591,405.381,429.3053894042969
1779805594.013449,Saccade,7.481867790222168,110.119,1157.0364990234375
1779805594.20372,Fixation,16.62527847290039,190.126,474.5440368652344
1779805594.298842,Saccade,14.348637580871582,95.124,1530.716064453125
1779805594.72922,Fixation,25.202852249145508,430.376,421.1470642089844
1779805594.824342,Saccade,18.489276885986328,95.125,1105.3406982421875
1779805595.024464,Fixation,13.607583999633789,200.125,484.292724609375
1779805595.184597,Saccade,11.00605583190918,160.125,1210.781982421875
1779805595.26972,Fixation,15.33942699432373,85.125,536.0465087890625
1779805595.34472,Saccade,21.115520477294922,75.0,1336.64404296875
1779805595.429842,Fixation,7.780749320983887,85.125,430.7527770996094
1779805595.449842,Saccade,19.590646743774414,20.0,1064.392822265625
1779805595.579964,Fixation,12.957159042358398,130.125,454.9279479980469
1779805595.705098,Saccade,22.38631820678711,125.125,1270.4825439453125
1779805595.79522,Fixation,12.239410400390625,90.125,400.6036071777344
1779805596.150464,Saccade,10.641043663024902,355.25,1137.9017333984375
1779805596.625964,Fixation,8.844249725341797,475.5,432.7650451660156
1779805596.89122,Saccade,10.773406982421875,265.25,1252.8695068359375
1779805596.97622,Fixation,9.680336952209473,85.0,446.1857604980469
1779805597.111527,Saccade,16.206256866455078,135.125,1062.796142578125
1779805597.476905,Fixation,9.186569213867188,365.375,450.1272888183594
1779805597.496905,Saccade,23.73821449279785,20.0,1086.0205078125
1779805597.607027,Fixation,29.680601119995117,110.125,460.2380065917969
1779805597.627027,Saccade,17.316646575927734,20.0,979.4149169921875
1779805597.79216,Fixation,16.3085880279541,165.132,428.1170349121094
1779805597.862283,Saccade,16.36504554748535,70.123,1119.6767578125
1779805598.157527,Fixation,21.461257934570312,295.245,424.37689208984375
1779805598.177527,Saccade,27.516796112060547,20.0,1430.0567626953125
1779805598.29766,Fixation,14.162376403808594,120.128,466.7687683105469
1779805598.367783,Saccade,15.371190071105957,70.123,1072.3277587890625
1779805598.763149,Fixation,12.207962036132812,395.375,444.26251220703125
1779805598.868149,Saccade,16.941974639892578,105.0,1351.0595703125
1779805598.998283,Fixation,7.546792507171631,130.125,450.74591064453125
1779805599.243527,Saccade,24.272151947021484,245.25,1213.849853515625
1779805599.358649,Fixation,23.89887046813965,115.125,480.4765625
1779805599.428783,Saccade,7.551040172576904,70.125,1124.8629150390625
1779805599.578905,Fixation,13.622297286987305,150.125,396.9035949707031
1779805599.593905,Saccade,13.357555389404297,15.0,948.8106079101562
1779805599.764027,Fixation,11.810992240905762,170.125,454.95050048828125
1779805599.964149,Saccade,13.619477272033691,200.125,1224.0091552734375
1779805600.039283,Fixation,10.642585754394531,75.125,570.8102416992188
1779805600.084283,Saccade,13.48373031616211,45.0,1124.7943115234375
1779805600.415123,Fixation,13.669035911560059,330.382,449.9096374511719
1779805600.435112,Saccade,16.486955642700195,19.993,1150.2388916015625
1779805600.675367,Fixation,9.86064338684082,240.25,496.67156982421875
1779805600.840489,Saccade,11.048555374145508,165.125,1236.0123291015625
1779805600.925611,Fixation,4.43448543548584,85.125,409.2609558105469
1779805600.955611,Saccade,16.330629348754883,30.0,1148.99169921875
1779805601.175745,Fixation,16.879085540771484,220.125,436.9522399902344
1779805601.250867,Saccade,11.512289047241211,75.125,1486.22021484375
1779805601.616245,Fixation,2.889939785003662,365.379,480.0677490234375
1779805601.711245,Saccade,14.869413375854492,94.996,1426.5494384765625
1779805601.801367,Fixation,10.513662338256836,90.125,425.08599853515625
1779805601.951489,Saccade,10.799235343933105,150.125,1235.1959228515625
1779805602.111634,Fixation,6.131115913391113,160.137,421.31494140625
1779805602.141745,Saccade,12.226978302001953,30.113,1124.004150390625
1779805602.326867,Fixation,22.97936248779297,185.129,442.00677490234375
1779805602.391878,Saccade,8.920348167419434,65.005,1459.63720703125
1779805602.672112,Fixation,7.002380847930908,280.241,452.9041748046875
1779805602.687245,Saccade,14.913277626037598,15.126,1019.2242431640625
1779805602.882367,Fixation,16.635963439941406,195.13,386.6576843261719
1779805603.0775,Saccade,26.925079345703125,195.126,1151.6214599609375
1779805603.217174,Fixation,29.018970489501953,140.244,486.92327880859375
1779805603.237174,Saccade,28.352800369262695,20.004,1317.568603515625
1779805603.317174,Fixation,14.486608505249023,79.996,586.0082397460938
1779805603.407296,Saccade,22.05048942565918,90.125,1152.2294921875
1779805603.542418,Fixation,17.3565673828125,135.125,416.86468505859375
1779805603.612418,Saccade,7.291933059692383,70.0,1245.3648681640625
1779805603.812674,Fixation,14.62470817565918,200.25,456.1376647949219
1779805603.832674,Saccade,23.750900268554688,20.0,1342.3436279296875
1779805604.027918,Fixation,0.8458967208862305,195.25,426.4567565917969
1779805604.042918,Saccade,15.37159252166748,15.0,1079.5147705078125
1779805604.508296,Fixation,11.025788307189941,465.375,438.75323486328125
1779805604.598418,Saccade,13.54080867767334,90.125,1125.42041015625
1779805604.743551,Fixation,13.984369277954102,145.125,440.0580139160156
1779805604.758551,Saccade,20.83709716796875,15.006,1222.679443359375
1779805604.938674,Fixation,8.838417053222656,180.119,467.8200988769531
1779805604.958685,Saccade,10.240335464477539,20.013,970.2996215820312
1779805605.163918,Fixation,5.371033668518066,205.237,424.9936218261719
1779805605.464174,Saccade,5.492360591888428,300.25,1071.342041015625
1779805605.569296,Fixation,13.937868118286133,105.125,389.7331237792969
1779805605.694418,Saccade,10.967705726623535,125.127,1094.2935791015625
1779805605.809551,Fixation,5.04887056350708,115.123,497.6776123046875
1779805605.864551,Saccade,7.314402103424072,55.0,1099.3843994140625
1779805605.944674,Fixation,15.016030311584473,80.125,523.5537719726562
1779805605.964674,Saccade,16.8697452545166,20.0,1002.1629028320312
1779805606.059674,Fixation,16.71677017211914,95.005,412.3826599121094
1779805606.079807,Saccade,27.682893753051758,20.136,1404.6414794921875
1779805606.314684,Fixation,18.394554138183594,235.109,484.81341552734375
1779805606.414818,Saccade,6.353171348571777,100.125,1264.5791015625
1779805606.610062,Fixation,10.00692367553711,195.25,460.7311096191406
1779805607.01044,Saccade,25.607383728027344,400.376,1172.06591796875
1779805607.360696,Fixation,21.016305923461914,350.254,426.442626953125
1779805607.465818,Saccade,23.740392684936523,105.125,1009.095458984375
1779805607.62594,Fixation,18.640066146850586,160.121,420.8834533691406
1779805607.65594,Saccade,25.423728942871094,30.0,975.9210205078125
1779805607.971318,Fixation,23.508296966552734,315.375,454.394287109375
1779805607.986318,Saccade,17.218069076538086,15.0,1042.5687255859375
1779805608.136451,Fixation,16.19499397277832,150.133,491.9881591796875
1779805608.16144,Saccade,26.796335220336914,24.992,1190.253173828125
1779805608.241562,Fixation,10.360540390014648,80.125,502.507080078125
1779805608.256562,Saccade,19.286529541015625,15.0,1133.1605224609375
1779805608.626818,Fixation,8.090017318725586,370.25,396.7170715332031
1779805608.65694,Saccade,24.22627830505371,30.125,1075.4840087890625
1779805608.912184,Fixation,11.464070320129395,255.25,463.1571960449219
1779805609.042318,Saccade,17.67314338684082,130.125,1148.6458740234375
1779805609.152318,Fixation,9.359992027282715,110.002,466.4496154785156
1779805609.27315,Saccade,3.7397847175598145,120.123,1220.74609375
1779805609.438272,Fixation,3.901336908340454,165.125,408.3050537109375
1779805609.453395,Saccade,11.814732551574707,15.125,867.889404296875
1779805609.71865,Fixation,3.9887285232543945,265.25,438.63232421875
1779805609.77865,Saccade,12.16007137298584,60.0,1040.7767333984375
1779805609.983906,Fixation,22.928165435791016,205.252,432.7303771972656
1779805610.098906,Saccade,5.124114036560059,115.009,959.0886840820312
1779805610.244028,Fixation,9.59600830078125,145.114,471.6694030761719
1779805610.29415,Saccade,2.7559235095977783,50.125,1245.668701171875
1779805610.484272,Fixation,13.337376594543457,190.127,463.25628662109375
1779805610.499272,Saccade,21.252925872802734,14.998,1167.6629638671875
1779805610.679528,Fixation,17.306188583374023,180.259,487.0564880371094
1779805610.749528,Saccade,18.65167808532715,69.991,1085.020751953125
1779805611.024772,Fixation,7.292506694793701,275.25,454.4617919921875
1779805611.039783,Saccade,8.516287803649902,15.011,1003.4315185546875
1779805611.189895,Fixation,14.97482681274414,150.114,408.29168701171875
1779805611.210028,Saccade,19.45868682861328,20.125,983.7295532226562
1779805611.325028,Fixation,12.051066398620605,115.0,505.0369873046875
1779805611.44015,Saccade,21.335527420043945,115.126,1226.96826171875
1779805611.89565,Fixation,4.274986267089844,455.5,439.2159423828125
1779805612.00065,Saccade,9.300180435180664,105.004,1113.3306884765625
1779805612.130772,Fixation,10.76561450958252,130.121,408.22393798828125
1779805612.220741,Saccade,10.178120613098145,90.125,1351.831298828125
1779805612.476008,Fixation,18.88182258605957,255.258,424.9299011230469
1779805612.611141,Saccade,19.63018035888672,135.132,1237.3397216796875
1779805612.856375,Fixation,12.263399124145508,245.235,481.7490539550781
1779805612.931375,Saccade,8.419205665588379,75.008,1125.346923828125
1779805613.081497,Fixation,2.1264705657958984,150.117,443.5140075683594
1779805613.10663,Saccade,18.83190155029297,25.138,1287.352294921875
1779805613.271741,Fixation,8.118309020996094,165.112,412.39544677734375
1779805613.491875,Saccade,19.8933162689209,220.129,1101.2098388671875
1779805613.667119,Fixation,27.599123001098633,175.246,456.5067138671875
1779805613.687119,Saccade,24.747812271118164,20.0,1158.9818115234375
1779805613.957375,Fixation,20.22652244567871,270.258,473.1509094238281
1779805614.127497,Saccade,22.215314865112305,170.117,1287.61865234375
1779805614.31763,Fixation,9.119850158691406,190.139,440.16351318359375
1779805614.332741,Saccade,16.59060287475586,15.111,1144.920166015625
1779805614.412741,Fixation,4.890495777130127,80.0,335.28277587890625
1779805614.462875,Saccade,13.661463737487793,50.125,1425.818359375
1779805614.562875,Fixation,5.150628566741943,100.0,430.47393798828125
1779805614.697997,Saccade,34.38715744018555,135.125,1278.5374755859375
1779805614.838119,Fixation,49.534095764160156,140.125,437.1976013183594
1779805614.85813,Saccade,30.538469314575195,20.009,1390.8338623046875
1779805614.988252,Fixation,9.350224494934082,130.121,463.0819091796875
1779805615.008375,Saccade,9.32595157623291,20.12,1205.2877197265625
1779805615.123375,Fixation,17.10490608215332,115.0,596.9896240234375
1779805615.308984,Saccade,12.381379127502441,185.25,1411.6904296875
1779805615.464117,Fixation,4.1357197761535645,155.131,496.48199462890625
1779805615.509106,Saccade,8.048492431640625,44.994,1700.903564453125
1779805615.699361,Fixation,19.97774314880371,190.255,483.78277587890625
1779805615.729361,Saccade,32.256290435791016,29.995,1237.011962890625
1779805615.864483,Fixation,7.6014084815979,135.125,373.4420166015625
1779805615.889483,Saccade,24.50838851928711,25.0,1340.4202880859375
1779805616.039606,Fixation,26.65766716003418,150.125,388.7440185546875
1779805616.084739,Saccade,5.047953128814697,45.126,1299.450927734375
1779805616.174739,Fixation,3.543170213699341,89.999,459.3166809082031
1779805616.189739,Saccade,13.607515335083008,15.005,945.2824096679688
1779805616.309861,Fixation,13.29919147491455,120.124,340.6344909667969
1779805616.324861,Saccade,14.653168678283691,14.997,1103.810791015625
1779805616.565117,Fixation,4.971770763397217,240.25,405.9389953613281
1779805616.585117,Saccade,9.375636100769043,20.0,1092.8487548828125
1779805616.680239,Fixation,8.398911476135254,95.125,523.3907470703125
1779805616.730239,Saccade,10.907890319824219,50.004,1254.8663330078125
1779805616.820372,Fixation,15.312146186828613,90.13,436.43804931640625
1779805616.865361,Saccade,12.06795883178711,44.991,1230.2679443359375
1779805617.120617,Fixation,28.6323184967041,255.25,417.5637512207031
1779805617.205739,Saccade,25.240663528442383,85.125,1012.5403442382812
1779805617.335861,Fixation,16.881994247436523,130.125,410.9925537109375
1779805617.410861,Saccade,19.22337532043457,75.0,1235.3729248046875
1779805617.586117,Fixation,15.661673545837402,175.25,439.6703186035156
1779805617.676117,Saccade,24.677865982055664,90.0,996.7254028320312
1779805617.906361,Fixation,19.3985538482666,230.25,374.6427917480469
1779805617.956361,Saccade,11.817033767700195,50.005,1246.263916015625
1779805618.051483,Fixation,13.471148490905762,95.12,540.1524658203125
1779805618.231617,Saccade,14.401349067687988,180.125,1216.2962646484375
1779805618.411555,Fixation,6.674901008605957,180.256,433.5232849121094
1779805618.536666,Saccade,13.008326530456543,125.119,1242.99658203125
1779805618.776799,Fixation,19.852048873901367,240.131,438.80926513671875
1779805618.796921,Saccade,10.77114486694336,20.124,1301.195068359375
1779805619.067177,Fixation,30.612464904785156,270.252,446.1439208984375
1779805619.087166,Saccade,31.353607177734375,19.993,1293.1348876953125
1779805619.267299,Fixation,16.679454803466797,180.125,413.2579650878906
1779805619.292299,Saccade,16.182798385620117,25.0,1141.999755859375
1779805619.407421,Fixation,5.226408958435059,115.125,363.2799987792969
1779805619.602666,Saccade,10.019169807434082,195.25,1087.6575927734375
1779805619.807799,Fixation,11.983638763427734,205.125,453.20458984375
1779805619.842799,Saccade,15.869078636169434,35.001,1192.4722900390625
1779805620.063043,Fixation,17.07120704650879,220.249,469.4412536621094
1779805620.248166,Saccade,10.014083862304688,185.126,1121.9930419921875
1779805620.498421,Fixation,22.648555755615234,250.254,467.987548828125
1779805620.593544,Saccade,22.329683303833008,95.121,1141.2562255859375
1779805621.008921,Fixation,3.072761297225952,415.375,462.2706604003906
1779805621.028921,Saccade,20.044034957885742,20.0,1051.34423828125
1779805621.249177,Fixation,22.236328125,220.256,453.7008056640625
1779805621.299243,Saccade,11.02038288116455,49.998,1189.8436279296875
1779805621.454365,Fixation,14.862895965576172,155.121,388.7198181152344
1779805621.529487,Saccade,21.4061279296875,75.125,1311.1326904296875
1779805621.64461,Fixation,25.012046813964844,115.125,473.1634826660156
1779805621.65961,Saccade,20.612245559692383,15.0,1119.400146484375
1779805621.894743,Fixation,8.60257625579834,235.13,454.3746643066406
1779805622.089988,Saccade,17.370864868164062,195.245,1382.7403564453125
1779805622.17511,Fixation,27.924564361572266,85.126,467.5237121582031
1779805622.19511,Saccade,18.64322853088379,19.999,1185.7452392578125
1779805622.400232,Fixation,7.754895210266113,205.125,466.2077941894531
1779805622.425232,Saccade,15.438069343566895,25.0,1270.459228515625
1779805622.670487,Fixation,18.31894302368164,245.25,441.8507385253906
1779805622.74061,Saccade,16.70759391784668,70.125,1328.135498046875
1779805622.920732,Fixation,18.584091186523438,180.125,469.10247802734375
1779805622.940732,Saccade,30.001291275024414,20.0,1220.78759765625
1779805623.025865,Fixation,25.732315063476562,85.125,563.696533203125
1779805623.180988,Saccade,6.207830905914307,155.125,1135.05078125
1779805623.36611,Fixation,13.25118637084961,185.125,520.7633666992188
1779805623.391232,Saccade,24.773279190063477,25.125,1238.6343994140625
1779805623.571365,Fixation,22.440237045288086,180.125,443.5885925292969
1779805623.83661,Saccade,15.478790283203125,265.25,1250.6605224609375
1779805624.056732,Fixation,3.7377877235412598,220.125,404.44598388671875
1779805624.397358,Saccade,1.7929513454437256,340.375,1174.8770751953125
1779805624.737614,Fixation,11.876890182495117,340.255,423.3498229980469
1779805624.762747,Saccade,27.467920303344727,25.127,1094.2939453125
1779805624.927858,Fixation,13.729471206665039,165.119,462.1031799316406
1779805625.082981,Saccade,5.192117691040039,155.125,1316.1973876953125
1779805625.243114,Fixation,28.31170082092285,160.125,460.4368896484375
1779805625.703614,Saccade,28.583040237426758,460.5,1248.04052734375
1779805626.734481,Fixation,8.475135803222656,1030.875,440.1502990722656
1779805626.864614,Saccade,34.399898529052734,130.125,1328.0555419921875
1779805627.184981,Fixation,30.482341766357422,320.375,475.70013427734375
1779805627.199992,Saccade,21.926780700683594,15.009,1251.6871337890625
1779805627.390114,Fixation,24.415443420410156,190.116,442.5750427246094
1779805627.474573,Saccade,19.80442237854004,85.125,1199.1990966796875
1779805627.649706,Fixation,9.096564292907715,175.134,432.2391052246094
1779805628.120073,Saccade,12.502121925354004,470.366,1139.9228515625
1779805628.200195,Fixation,2.9857654571533203,80.125,357.99298095703125
1779805628.225195,Saccade,12.738981246948242,25.0,987.0027465820312
1779805628.41545,Fixation,12.428778648376465,190.251,403.3288879394531
1779805628.625573,Saccade,15.40283489227295,210.124,1134.78466796875
1779805628.870828,Fixation,16.549558639526367,245.251,447.4772644042969
1779805629.02595,Saccade,19.75569725036621,155.125,1384.1329345703125
1779805629.60645,Fixation,16.725915908813477,580.5,412.6282043457031
1779805629.621573,Saccade,14.923828125,15.125,960.1087036132812
1779805629.856695,Fixation,18.50120735168457,235.125,450.9788513183594
1779805629.956828,Saccade,5.626912593841553,100.125,1014.6605224609375
1779805630.157073,Fixation,15.694612503051758,200.251,437.40509033203125
1779805630.202073,Saccade,16.217933654785156,44.999,1304.803955078125
1779805630.457801,Fixation,16.550594329833984,255.25,439.8180236816406
1779805630.497801,Saccade,20.33648681640625,40.002,1058.2432861328125
1779805630.587924,Fixation,6.738548278808594,90.123,372.3487854003906
1779805630.738046,Saccade,15.184466361999512,150.125,1171.6583251953125
1779805631.078301,Fixation,20.502975463867188,340.25,449.59716796875
1779805631.098301,Saccade,20.953847885131836,20.0,1073.340087890625
1779805631.233423,Fixation,24.081682205200195,135.125,439.74078369140625
1779805631.248546,Saccade,14.90062141418457,15.125,992.7846069335938
1779805631.378668,Fixation,13.614672660827637,130.125,425.0549621582031
1779805631.478679,Saccade,9.758689880371094,100.006,1243.9674072265625
1779805631.573801,Fixation,8.38837718963623,95.119,467.3409729003906
1779805631.593801,Saccade,21.9632625579834,20.0,1117.5489501953125
1779805631.733923,Fixation,15.080366134643555,140.125,421.5760192871094
1779805631.844046,Saccade,22.02338218688965,110.125,1196.22998046875
1779805632.014179,Fixation,3.668440341949463,170.137,453.97113037109375
1779805632.099301,Saccade,25.5587158203125,85.118,1078.40625
1779805632.234423,Fixation,4.0872039794921875,135.12,452.3483581542969
1779805632.379546,Saccade,4.08073616027832,145.126,1127.8870849609375
1779805632.534668,Fixation,19.89386558532715,155.124,519.9024658203125
1779805632.59969,Saccade,4.538829326629639,65.014,1120.5596923828125
1779805632.734923,Fixation,9.778104782104492,135.237,508.1982116699219
1779805632.794924,Saccade,5.328824043273926,59.999,1238.375244140625
1779805632.985046,Fixation,7.793614387512207,190.126,472.71466064453125
1779805633.045179,Saccade,7.129194259643555,60.13,983.3248291015625
1779805633.195301,Fixation,21.53515625,150.12,411.567138671875
1779805633.290423,Saccade,13.13235855102539,95.125,1209.0125732421875
1779805633.43986,Fixation,9.806880950927734,150.125,408.0637512207031
1779805633.45986,Saccade,8.808653831481934,20.0,961.5630493164062
1779805633.599982,Fixation,18.02300453186035,140.125,426.3496398925781
1779805633.619993,Saccade,20.079391479492188,20.009,1050.0181884765625
1779805633.705127,Fixation,23.632108688354492,85.126,544.3173828125
1779805633.95036,Saccade,5.6626715660095215,245.24,1272.3377685546875
1779805634.07036,Fixation,11.02586841583252,120.0,379.00299072265625
1779805634.180482,Saccade,26.320356369018555,110.125,1110.13525390625
1779805634.260616,Fixation,13.612630844116211,80.126,491.34271240234375
1779805634.60086,Saccade,11.591425895690918,340.249,1289.285888671875
1779805634.771116,Fixation,24.26776695251465,170.25,447.491943359375
1779805634.791116,Saccade,13.523165702819824,20.0,1492.9156494140625
1779805634.941238,Fixation,8.438621520996094,150.125,378.9093017578125
1779805634.966238,Saccade,4.5594801902771,25.0,1068.2841796875
1779805635.06136,Fixation,21.4918155670166,95.125,450.3075866699219
1779805635.13636,Saccade,13.93984603881836,75.0,1114.3729248046875
1779805635.346616,Fixation,15.238601684570312,210.25,488.93609619140625
1779805635.471738,Saccade,10.679220199584961,125.125,1128.561279296875
1779805635.57686,Fixation,19.652009963989258,105.125,479.5924072265625
1779805635.60686,Saccade,35.81827926635742,30.0,1370.5047607421875
1779805635.751982,Fixation,26.87779998779297,145.125,429.7691650390625
1779805635.831993,Saccade,1.9286961555480957,80.006,1201.3603515625
1779805635.937115,Fixation,29.648855209350586,105.128,471.0619812011719
1779805635.957115,Saccade,17.53611183166504,19.992,1284.1771240234375
1779805636.047249,Fixation,10.607047080993652,90.135,459.3981018066406
1779805636.067238,Saccade,7.744254112243652,19.989,1259.47119140625
1779805636.19236,Fixation,13.795904159545898,125.125,478.0434875488281
1779805636.20736,Saccade,15.40477466583252,15.0,1043.369384765625
1779805636.317493,Fixation,8.786822319030762,110.132,496.248046875
1779805636.347482,Saccade,20.560503005981445,29.993,1150.6527099609375
1779805636.443369,Fixation,23.313568115234375,95.125,442.8346862792969
1779805636.533491,Saccade,8.785207748413086,90.126,1198.0748291015625
1779805636.643491,Fixation,17.898550033569336,110.0,397.6585693359375
1779805636.663613,Saccade,26.29805564880371,20.124,1174.9725341796875
1779805636.853736,Fixation,11.368852615356445,190.125,383.0370178222656
1779805636.918736,Saccade,17.044567108154297,65.001,1081.91552734375
1779805637.078991,Fixation,25.59535026550293,160.25,558.0814208984375
1779805637.289113,Saccade,22.789478302001953,210.124,1372.62255859375
1779805637.374236,Fixation,16.36168098449707,85.126,455.2933654785156
1779805637.609491,Saccade,25.97734832763672,235.25,1503.0352783203125
1779805637.694491,Fixation,34.339595794677734,85.0,558.0974731445312
1779805637.714491,Saccade,23.857614517211914,20.0,1303.8875732421875
1779805638.039869,Fixation,13.847046852111816,325.375,488.5036926269531
1779805638.144991,Saccade,11.864381790161133,105.125,974.7952880859375
1779805638.385124,Fixation,8.21229362487793,240.129,419.9873962402344
1779805638.570369,Saccade,9.36493968963623,185.246,1267.444580078125
1779805638.675369,Fixation,18.703662872314453,105.0,467.76806640625
1779805638.700491,Saccade,26.246337890625,25.125,1044.581298828125
1779805639.010736,Fixation,9.2473726272583,310.25,421.8173522949219
1779805639.035747,Saccade,23.006921768188477,25.005,999.3351440429688
1779805639.260991,Fixation,11.81822681427002,225.245,459.30096435546875
1779805639.366124,Saccade,22.390474319458008,105.129,1090.498779296875
1779805639.480315,Fixation,19.247461318969727,114.996,514.4056396484375
1779805639.590438,Saccade,14.41865348815918,110.125,1074.6666259765625
1779805639.805693,Fixation,29.492338180541992,215.25,396.71832275390625
1779805639.835693,Saccade,19.613632202148438,30.0,1231.844482421875
1779805640.075938,Fixation,14.180302619934082,240.25,546.4447021484375
1779805640.521315,Saccade,4.2857747077941895,445.375,1199.3326416015625
1779805640.706438,Fixation,31.952226638793945,185.125,416.7599792480469
1779805640.731571,Saccade,16.55839729309082,25.126,1055.327880859375
1779805640.886693,Fixation,20.305133819580078,155.124,436.9360656738281
1779805640.921693,Saccade,21.662931442260742,35.001,1094.2861328125
1779805641.026815,Fixation,4.767127513885498,105.124,515.7796630859375
1779805641.046815,Saccade,13.966769218444824,20.001,1021.0985717773438
1779805641.267071,Fixation,5.090066432952881,220.25,427.3946838378906
1779805641.282071,Saccade,17.09249496459961,15.0,1113.8572998046875
1779805641.452193,Fixation,13.165159225463867,170.125,494.47552490234375
1779805641.582315,Saccade,35.1398811340332,130.125,1251.2381591796875
1779805641.717449,Fixation,25.58564567565918,135.125,418.2091979980469
1779805641.737449,Saccade,26.57754898071289,20.0,1215.64111328125
1779805641.977693,Fixation,21.238040924072266,240.25,416.46270751953125
1779805642.122815,Saccade,19.199636459350586,145.125,1362.07080078125
1779805642.232949,Fixation,32.75471496582031,110.125,414.34381103515625
1779805642.307949,Saccade,3.6266896724700928,75.0,1249.0020751953125
1779805642.408071,Fixation,33.311424255371094,100.125,489.9607238769531
1779805642.463118,Saccade,7.489017486572266,55.0,1139.1837158203125
1779805642.633363,Fixation,21.48244857788086,170.25,456.4082336425781
1779805642.683363,Saccade,8.076301574707031,50.0,1100.0223388671875
1779805642.798496,Fixation,19.018007278442383,115.125,474.9010314941406
1779805642.853496,Saccade,12.669615745544434,55.0,1222.1175537109375
1779805643.128741,Fixation,11.706476211547852,275.25,425.6513671875
1779805643.198863,Saccade,18.886066436767578,70.125,1108.3785400390625
1779805643.699363,Fixation,14.796530723571777,500.5,442.50787353515625
1779805643.764363,Saccade,8.929178237915039,65.0,1182.3326416015625
1779805643.949496,Fixation,14.540288925170898,185.125,479.94671630859375
1779805644.164741,Saccade,21.25711441040039,215.251,1223.8831787109375
1779805644.494996,Fixation,12.681514739990234,330.249,404.1912841796875
1779805644.665252,Saccade,15.387674331665039,170.264,1213.61328125
1779805645.055618,Fixation,22.488006591796875,390.361,456.6066589355469
1779805645.250741,Saccade,17.55671501159668,195.126,1263.498046875
1779805645.360863,Fixation,21.890871047973633,110.124,431.05926513671875
1779805645.375863,Saccade,13.80076789855957,15.001,1010.4390869140625
1779805645.671625,Fixation,9.750503540039062,295.25,462.26702880859375
1779805645.811747,Saccade,16.844833374023438,140.125,1097.7646484375
1779805645.896869,Fixation,14.34660530090332,85.125,502.8383483886719
1779805645.926869,Saccade,33.011871337890625,30.0,1156.9505615234375
1779805646.022002,Fixation,30.81418228149414,95.125,489.8819274902344
1779805646.047003,Saccade,19.56043815612793,25.0,1117.2999267578125
1779805646.132125,Fixation,17.432350158691406,85.125,516.283447265625
1779805646.242125,Saccade,17.767948150634766,110.0,1041.30126953125
1779805646.39738,Fixation,5.190345287322998,155.255,441.0066223144531
1779805646.502369,Saccade,14.15140151977539,104.995,1072.922607421875
1779805646.637503,Fixation,22.351465225219727,135.125,375.6676940917969
1779805646.757625,Saccade,7.820746421813965,120.125,987.7674560546875
1779805646.862747,Fixation,16.94728660583496,105.125,482.9220886230469
1779805646.922758,Saccade,6.1536054611206055,60.012,1187.932861328125
1779805647.203002,Fixation,8.751214027404785,280.238,409.8957824707031
1779805647.288136,Saccade,6.474839210510254,85.134,1135.925048828125
1779805647.513369,Fixation,24.484548568725586,225.241,453.7149963378906
1779805647.603369,Saccade,28.120586395263672,90.0,1125.5172119140625
1779805647.733503,Fixation,18.635501861572266,130.125,528.9192504882812
1779805647.778625,Saccade,14.937228202819824,45.13,1305.3282470703125
1779805647.868625,Fixation,13.19881534576416,89.995,498.3853759765625
1779805647.893747,Saccade,18.85734748840332,25.125,1225.593017578125
1779805648.169003,Fixation,15.210066795349121,275.25,445.54931640625
1779805648.294014,Saccade,1.4356117248535156,125.01,1238.968505859375
1779805648.474247,Fixation,6.049752235412598,180.24,517.5138549804688
1779805648.939086,Saccade,14.03683853149414,465.375,1271.9635009765625
1779805649.094219,Fixation,6.46522855758667,155.129,476.3990478515625
1779805649.159342,Saccade,15.228459358215332,65.125,1394.9029541015625
1779805649.324464,Fixation,24.441112518310547,165.122,404.59405517578125
1779805649.389586,Saccade,18.509681701660156,65.125,1264.1715087890625
1779805649.624708,Fixation,18.32692527770996,235.124,465.065673828125
1779805649.694842,Saccade,6.303374767303467,70.126,1448.319580078125
1779805649.899964,Fixation,8.358665466308594,205.125,435.62847900390625
1779805649.970086,Saccade,24.038043975830078,70.125,1361.150390625
1779805650.120208,Fixation,9.295762062072754,150.125,424.16900634765625
1779805650.235342,Saccade,26.401973724365234,115.125,1239.4815673828125
1779805650.485586,Fixation,4.182623386383057,250.254,394.53057861328125
1779805650.530586,Saccade,8.36076545715332,44.996,1200.556884765625
1779805650.625708,Fixation,15.835799217224121,95.125,323.0173645019531
1779805650.650719,Saccade,19.386709213256836,25.004,1096.775390625
1779805650.810842,Fixation,21.604434967041016,160.121,379.9602966308594
1779805650.990964,Saccade,10.766645431518555,180.125,1159.1905517578125
1779805651.251208,Fixation,12.783479690551758,260.25,375.3282165527344
1779805651.271342,Saccade,17.544330596923828,20.125,1102.066650390625
1779805651.691981,Fixation,12.399045944213867,420.375,414.9782409667969
1779805651.776981,Saccade,27.642784118652344,85.0,1221.3819580078125
1779805651.967237,Fixation,29.23637580871582,190.25,398.4915466308594
1779805651.997237,Saccade,8.33517074584961,30.0,1056.153076171875
1779805652.082359,Fixation,8.587194442749023,85.125,372.0334777832031
1779805652.322481,Saccade,20.042879104614258,240.125,1153.0836181640625
1779805652.527737,Fixation,15.12535285949707,205.25,420.1769714355469
1779805652.652859,Saccade,9.047390937805176,125.125,1296.8089599609375
1779805652.877981,Fixation,16.092100143432617,225.125,500.1965637207031
1779805652.898115,Saccade,15.357702255249023,20.125,1058.599365234375
1779805652.983115,Fixation,4.688915729522705,85.0,479.2352294921875
1779805653.028237,Saccade,9.16203498840332,45.125,987.9586791992188
1779805653.208359,Fixation,9.62635612487793,180.126,443.43414306640625
1779805653.223359,Saccade,18.70947265625,14.999,1051.072998046875
1779805653.438615,Fixation,15.599696159362793,215.25,449.1199951171875
1779805653.458615,Saccade,22.576683044433594,20.0,1253.0345458984375
1779805653.883981,Fixation,19.67959213256836,425.375,458.8529357910156
1779805653.938982,Saccade,8.96298885345459,55.0,1204.2838134765625
1779805654.274359,Fixation,21.932126998901367,335.376,409.0854187011719
1779805654.559617,Saccade,21.900297164916992,285.251,1280.357177734375
1779805654.694739,Fixation,20.632719039916992,135.124,476.40240478515625
1779805655.019984,Saccade,20.381834030151367,325.25,1367.4630126953125
1779805655.305239,Fixation,5.7134480476379395,285.254,375.0680847167969
1779805655.385361,Saccade,13.616297721862793,80.121,1208.306396484375
1779805655.525484,Fixation,8.143715858459473,140.125,493.7772521972656
1779805655.630617,Saccade,26.638225555419922,105.125,1130.1036376953125
1779805655.855739,Fixation,26.375097274780273,225.125,448.9338684082031
1779805656.030995,Saccade,23.414247512817383,175.259,1401.87060546875
1779805656.171117,Fixation,35.128509521484375,140.118,432.1374816894531
1779805656.32125,Saccade,27.207822799682617,150.135,1340.02880859375
1779805656.496361,Fixation,5.660147190093994,175.113,441.3031005859375
1779805656.521361,Saccade,22.055862426757812,25.0,1126.022705078125
1779805656.611484,Fixation,21.749094009399414,90.125,434.13751220703125
1779805656.631484,Saccade,12.300629615783691,20.0,1084.5477294921875
1779805656.731617,Fixation,8.835132598876953,100.132,464.1680603027344
1779805656.811628,Saccade,3.432251453399658,80.007,1258.067138671875
1779805656.906739,Fixation,12.585780143737793,95.111,419.7555847167969
1779805656.926739,Saccade,7.875999927520752,20.0,1104.1279296875
1779805657.031861,Fixation,4.721052646636963,105.129,440.0102233886719
1779805657.181983,Saccade,10.992076873779297,150.121,1102.4764404296875
1779805657.342117,Fixation,20.54501724243164,160.125,505.6841735839844
1779805657.37225,Saccade,30.99990463256836,30.134,1211.3843994140625
1779805657.467239,Fixation,21.730127334594727,94.991,574.0155639648438
1779805657.582835,Saccade,14.288532257080078,115.13,1260.4962158203125
1779805657.672946,Fixation,7.6055521965026855,90.12,503.2142028808594
1779805657.76808,Saccade,17.188413619995117,95.125,1230.7763671875
1779805657.938213,Fixation,15.520130157470703,170.139,492.2788391113281
1779805658.058324,Saccade,4.491693019866943,120.112,1218.1212158203125
1779805658.303446,Fixation,11.382015228271484,245.125,438.5597229003906
1779805658.42858,Saccade,17.73952865600586,125.125,1225.75732421875
1779805658.548702,Fixation,52.317848205566406,120.125,474.77630615234375
1779805658.778946,Saccade,47.2614631652832,230.25,1304.783935546875
1779805658.92408,Fixation,25.270977020263672,145.125,466.2729797363281
1779805658.94408,Saccade,18.903095245361328,20.0,1327.8817138671875
1779805659.184324,Fixation,10.170317649841309,240.25,439.1123962402344
1779805659.379446,Saccade,5.61331844329834,195.125,1205.364990234375
1779805659.674824,Fixation,17.695039749145508,295.375,427.1628723144531
1779805659.689824,Saccade,13.539789199829102,15.0,1123.1204833984375
1779805659.889946,Fixation,8.240470886230469,200.125,383.2452392578125
1779805659.94508,Saccade,10.351691246032715,55.125,1200.6392822265625
1779805660.160202,Fixation,18.70868492126465,215.125,520.8258056640625
1779805660.180202,Saccade,8.80672836303711,20.0,1021.1173706054688
1779805660.445446,Fixation,17.235084533691406,265.25,472.8609313964844
1779805660.635028,Saccade,4.751899242401123,190.25,1224.8389892578125
1779805660.755151,Fixation,18.997303009033203,120.125,506.0709533691406
1779805660.910273,Saccade,11.977142333984375,155.125,1042.4783935546875
1779805660.990273,Fixation,9.95508098602295,80.0,448.4999694824219
1779805661.190528,Saccade,5.957642555236816,200.25,1161.168212890625
1779805661.29565,Fixation,5.884395122528076,105.125,449.08294677734375
1779805661.310651,Saccade,12.367155075073242,15.0,994.2467041015625
1779805661.430795,Fixation,15.56186294555664,120.138,340.2821044921875
1779805661.450773,Saccade,8.891118049621582,19.987,1212.2734375
1779805661.575906,Fixation,6.326444625854492,125.125,438.6672058105469
1779805661.600906,Saccade,15.719403266906738,25.0,1021.0078125
1779805661.696028,Fixation,9.884285926818848,95.13,403.56524658203125
1779805661.711028,Saccade,20.484771728515625,14.995,1220.8563232421875
1779805661.821039,Fixation,10.490865707397461,110.013,469.6030578613281
1779805661.90115,Saccade,16.51014518737793,80.112,1038.6123046875
1779805662.041284,Fixation,7.8266282081604,140.126,454.11492919921875
1779805662.096273,Saccade,17.291067123413086,54.999,1202.4031982421875
1779805662.171406,Fixation,33.356842041015625,75.126,450.3741149902344
1779805662.291528,Saccade,16.816022872924805,120.125,1210.6993408203125
1779805662.391662,Fixation,9.45638656616211,100.137,364.4365234375
1779805662.471651,Saccade,18.579086303710938,79.988,1156.7061767578125
1779805662.546795,Fixation,9.276239395141602,75.137,474.7920227050781
1779805662.696906,Saccade,11.43250560760498,150.113,1243.393310546875
1779805662.887039,Fixation,14.121746063232422,190.133,434.5701599121094
1779805663.002151,Saccade,9.171656608581543,115.117,1069.4312744140625
1779805663.092284,Fixation,11.329766273498535,90.125,317.5703430175781
1779805663.142284,Saccade,3.0271992683410645,50.0,1163.701904296875
1779805663.252406,Fixation,3.7752983570098877,110.125,438.0633239746094
1779805663.267406,Saccade,14.896378517150879,15.0,1149.2882080078125
1779805663.517662,Fixation,14.821188926696777,250.258,492.3076477050781
1779805663.603516,Saccade,12.186260223388672,85.117,1311.4923095703125
1779805663.813638,Fixation,14.295000076293945,210.125,449.4916687011719
1779805663.833638,Saccade,17.544797897338867,20.0,855.1858520507812
1779805664.083883,Fixation,7.8623833656311035,250.25,474.9765930175781
1779805664.149016,Saccade,10.046232223510742,65.125,1038.06201171875
1779805664.394138,Fixation,12.410627365112305,245.125,413.0201110839844
1779805664.42426,Saccade,23.174060821533203,30.125,1436.075439453125
1779805664.51926,Fixation,5.134830951690674,95.0,421.9504089355469
1779805664.569382,Saccade,0.7326670289039612,50.125,1046.39892578125
1779805664.709516,Fixation,3.82806658744812,140.125,408.97503662109375
1779805664.874638,Saccade,11.760137557983398,165.125,1163.96728515625
1779805665.179883,Fixation,24.06746482849121,305.25,437.1710510253906
1779805665.204883,Saccade,31.148210525512695,25.0,1264.0234375
1779805665.56526,Fixation,15.182048797607422,360.375,435.4461975097656
1779805665.785516,Saccade,10.398175239562988,220.251,1094.73291015625
1779805665.890638,Fixation,16.670560836791992,105.124,459.68841552734375
1779805666.396016,Saccade,5.552043437957764,505.375,1160.63720703125
1779805666.836385,Fixation,15.24513053894043,440.501,472.3524169921875
1779805666.951396,Saccade,23.336366653442383,115.012,1345.6346435546875
1779805667.026507,Fixation,5.013251304626465,75.113,515.63232421875
1779805667.046507,Saccade,20.206905364990234,20.0,1001.9263916015625
1779805667.126629,Fixation,11.275344848632812,80.125,399.8621826171875
1779805667.511885,Saccade,11.752619743347168,385.252,1375.8929443359375
1779805667.727129,Fixation,21.848491668701172,215.251,403.82281494140625
1779805667.752129,Saccade,26.064350128173828,24.997,1521.93798828125
1779805667.902252,Fixation,8.960867881774902,150.125,452.28509521484375
1779805668.002385,Saccade,17.90723991394043,100.125,1220.3135986328125
1779805668.232641,Fixation,8.607749938964844,230.255,433.35791015625
1779805668.247641,Saccade,14.223112106323242,15.006,1479.861083984375
1779805668.482885,Fixation,11.33312702178955,235.239,435.0420227050781
1779805668.738129,Saccade,14.94493579864502,255.25,1488.7725830078125
1779805668.873252,Fixation,3.3792922496795654,135.125,378.25579833984375
1779805668.898252,Saccade,12.814852714538574,25.0,1055.929443359375
1779805668.993252,Fixation,14.723328590393066,95.0,473.24493408203125
1779805669.013385,Saccade,17.51494026184082,20.125,1057.1478271484375
1779805669.098385,Fixation,10.79343318939209,85.0,358.564453125
1779805669.213507,Saccade,15.18411922454834,115.125,1137.995361328125
1779805669.29863,Fixation,12.879414558410645,85.125,435.0185241699219
1779805669.473752,Saccade,15.85315227508545,175.125,1161.4522705078125
1779805669.598885,Fixation,8.394795417785645,125.125,464.907470703125
1779805669.613885,Saccade,22.146074295043945,15.0,1278.7325439453125
1779805669.718904,Fixation,6.014214992523193,105.125,418.2945251464844
1779805669.738904,Saccade,19.632322311401367,20.0,1129.6497802734375
1779805669.879026,Fixation,13.468416213989258,140.125,482.9012145996094
1779805670.044148,Saccade,12.017619132995605,165.126,1265.4073486328125
1779805670.129281,Fixation,31.852035522460938,85.124,463.0729675292969
1779805670.149281,Saccade,28.8839111328125,20.005,1245.195068359375
1779805670.234403,Fixation,10.657271385192871,85.121,536.801025390625
1779805670.349403,Saccade,43.51131820678711,115.0,1197.1893310546875
1779805670.524648,Fixation,18.693696975708008,175.25,391.8858642578125
1779805670.704781,Saccade,17.808610916137695,180.125,1175.0447998046875
1779805670.894903,Fixation,1.861826777458191,190.125,471.8096008300781
1779805671.165148,Saccade,33.64411544799805,270.25,1281.7386474609375
1779805671.385403,Fixation,17.525239944458008,220.25,437.8513488769531
1779805671.430403,Saccade,16.545141220092773,45.0,1208.493896484375
1779805671.790781,Fixation,8.44638729095459,360.375,463.8109436035156
1779805671.955904,Saccade,37.63335418701172,165.129,1387.8150634765625
1779805672.086026,Fixation,43.611656188964844,130.121,473.4162902832031
1779805672.166148,Saccade,8.542738914489746,80.125,970.3230590820312
1779805672.341281,Fixation,21.66119956970215,175.125,377.8784484863281
1779805672.441403,Saccade,27.59787940979004,100.125,1053.9473876953125
1779805672.626526,Fixation,9.451499938964844,185.127,448.79730224609375
1779805672.656648,Saccade,25.35900115966797,30.123,902.251220703125
1779805672.776164,Fixation,13.423972129821777,120.0,478.325927734375
1779805672.911298,Saccade,45.77566909790039,135.125,1362.8736572265625
1779805673.01642,Fixation,14.5410737991333,105.125,436.1462707519531
1779805673.03642,Saccade,25.965129852294922,20.0,1126.6217041015625
1779805673.176553,Fixation,3.995882511138916,140.137,408.72247314453125
1779805673.216664,Saccade,64.1693344116211,40.113,1449.0030517578125
1779805673.296664,Fixation,5.809431076049805,80.0,442.7777099609375
1779805673.326664,Saccade,8.207345962524414,30.0,1072.3111572265625
1779805673.446798,Fixation,16.728782653808594,120.125,461.9714050292969
1779805673.607042,Saccade,24.55979347229004,160.25,1367.5911865234375
1779805673.702042,Fixation,17.961584091186523,95.001,375.14703369140625
1779805673.722042,Saccade,31.9599666595459,19.999,1218.38525390625
1779805673.817164,Fixation,22.928085327148438,95.125,503.7694396972656
1779805673.957298,Saccade,13.19144058227539,140.126,1248.189453125
1779805674.04742,Fixation,8.343038558959961,90.124,436.2724914550781
1779805674.167542,Saccade,32.75346374511719,120.125,1274.2120361328125
1779805674.262542,Fixation,15.072839736938477,95.0,399.20526123046875
1779805674.297664,Saccade,20.583389282226562,35.125,1322.4215087890625
1779805674.397675,Fixation,21.33479118347168,100.001,438.8949890136719
1779805674.422797,Saccade,16.466920852661133,25.125,1032.1982421875
1779805674.507797,Fixation,13.839639663696289,84.999,482.4923400878906
1779805674.527797,Saccade,31.243471145629883,20.001,1826.7418212890625
1779805674.728042,Fixation,63.72212600708008,200.25,913.2049560546875
1779805674.878175,Saccade,29.68869972229004,150.132,3485.0556640625
1779805674.973298,Fixation,43.825714111328125,95.125,1052.1131591796875
1779805675.048297,Saccade,59.750545501708984,74.993,3055.9072265625
1779805675.15342,Fixation,31.765308380126953,105.125,1300.2349853515625
1779805675.288542,Saccade,37.17585372924805,135.125,2830.678466796875
1779805675.493675,Fixation,30.71813201904297,205.131,1664.469482421875
1779805675.543797,Saccade,7.78585958480835,50.123,3414.651611328125
1779805675.63892,Fixation,50.782447814941406,95.121,913.52978515625
1779805675.699326,Saccade,79.89362335205078,60.0,1735.576171875
1779805676.084704,Fixation,83.7545166015625,385.375,894.5144653320312
1779805676.540082,Saccade,321.2040710449219,455.375,4343.4501953125
1779805676.730215,Fixation,205.6100616455078,190.138,592.3964233398438
1779805676.800326,Saccade,105.09986877441406,70.112,2658.59423828125
1779805677.020582,Fixation,45.43854522705078,220.25,501.8062744140625
1779805677.105582,Saccade,500.2747802734375,85.0,5569.4365234375
1779805677.220704,Fixation,161.33267211914062,115.125,849.9182739257812
1779805677.826326,Saccade,272.3623046875,605.625,3061.24365234375
1779805677.956449,Fixation,88.79141998291016,130.125,673.6693115234375
1779805678.121582,Saccade,87.37552642822266,165.125,2101.56494140625
1779805678.301704,Fixation,97.26936340332031,180.126,499.618896484375
1779805678.341704,Saccade,55.20555114746094,40.005,1869.4334716796875
1779805678.541949,Fixation,44.23188018798828,200.245,553.1748046875
1779805678.586948,Saccade,134.1422119140625,45.0,3116.443603515625
1779805678.781841,Fixation,29.093997955322266,195.25,504.8975524902344
1779805678.811841,Saccade,75.40263366699219,30.0,2202.704833984375
1779805679.217219,Fixation,38.30370330810547,405.375,498.7517395019531
1779805679.462464,Saccade,738.625,245.25,5266.81591796875
1779805679.907841,Fixation,343.8835754394531,445.375,580.9249877929688
1779805679.932841,Saccade,41.3073844909668,25.0,1523.300048828125
1779805680.163086,Fixation,177.89749145507812,230.25,579.4036254882812
1779805680.178086,Saccade,22.522371292114258,15.0,1359.87939453125
1779805680.363219,Fixation,129.08297729492188,185.125,540.0935668945312
1779805680.403341,Saccade,122.58812713623047,40.125,3036.601318359375
1779805680.538464,Fixation,50.71607971191406,135.125,543.6921997070312
1779805680.563464,Saccade,37.027957916259766,25.0,1392.4085693359375
1779805680.678597,Fixation,64.14000701904297,115.13,499.6363525390625
1779805680.723586,Saccade,144.8861541748047,44.995,2800.534423828125
1779805680.983841,Fixation,24.822925567626953,260.25,604.7711791992188
1779805680.998841,Saccade,23.297693252563477,15.0,1263.929443359375
1779805681.209086,Fixation,92.7269287109375,210.25,469.77911376953125
1779805681.304086,Saccade,172.76788330078125,95.0,2180.0849609375
1779805681.469341,Fixation,20.86696434020996,165.25,502.9414978027344
1779805681.519341,Saccade,146.64222717285156,50.0,3434.1357421875
1779805681.649464,Fixation,39.58794403076172,130.126,386.66473388671875
1779805681.669464,Saccade,28.105966567993164,19.999,1259.4947509765625
1779805681.840035,Fixation,124.26331329345703,170.125,503.55865478515625
1779805682.045291,Saccade,873.6934814453125,205.25,5841.7529296875
1779805682.235413,Fixation,118.34801483154297,190.129,813.6832885742188
1779805682.430669,Saccade,724.5316162109375,195.247,5451.41259765625
1779805682.550791,Fixation,115.81844329833984,120.13,590.1716918945312
1779805682.580791,Saccade,84.69291687011719,29.995,3618.249267578125
1779805682.680913,Fixation,166.15472412109375,100.125,621.7781982421875
1779805682.785913,Saccade,385.19256591796875,105.0,5402.8212890625
1779805682.951169,Fixation,254.94935607910156,165.258,733.517333984375
1779805682.976169,Saccade,26.225318908691406,24.992,1771.418701171875
1779805683.126291,Fixation,33.64796447753906,150.125,476.2191467285156
1779805683.211302,Saccade,502.3663635253906,85.011,6457.294921875
1779805683.511669,Fixation,374.4970703125,300.364,773.6882934570312
1779805683.53168,Saccade,31.541250228881836,20.011,1407.0140380859375
1779805683.616668,Fixation,40.06575393676758,84.989,525.0823364257812
1779805683.811913,Saccade,634.2243041992188,195.252,4126.47216796875
1779805684.06218,Fixation,181.6071319580078,250.257,835.8648071289062
1779805684.09218,Saccade,65.10700988769531,30.002,2193.138916015625
1779805684.227291,Fixation,129.38479614257812,135.114,731.445556640625
1779805684.572669,Saccade,225.47476196289062,345.375,1755.744873046875
1779805684.707791,Fixation,85.75314331054688,135.125,553.7323608398438
1779805684.842451,Saccade,135.00302124023438,135.125,3776.6142578125
1779805685.047573,Fixation,117.13478088378906,205.125,506.81353759765625
1779805685.072584,Saccade,32.52231979370117,25.01,1209.7919921875
1779805685.367829,Fixation,11.561141014099121,295.24,297.1719665527344
1779805685.402951,Saccade,37.20442581176758,35.125,1134.2181396484375
1779805685.543073,Fixation,21.81267738342285,140.125,305.3042297363281
1779805685.593073,Saccade,8.633960723876953,50.0,2136.400634765625
1779805685.693207,Fixation,3.642828941345215,100.127,349.6005859375
1779805685.723207,Saccade,39.9556999206543,30.005,1574.9093017578125
1779805685.92834,Fixation,44.56466293334961,205.127,417.2471923828125
1779805685.978451,Saccade,271.3027038574219,50.117,5358.06396484375
1779805686.358829,Fixation,92.77006530761719,380.376,389.65716552734375
1779805686.393829,Saccade,102.07666015625,34.999,3166.749267578125
1779805686.889329,Fixation,126.50147247314453,495.5,382.6455078125
1779805686.914329,Saccade,42.15794372558594,25.0,1402.538330078125
1779805687.009451,Fixation,8.29172420501709,95.125,291.0146789550781
1779805687.044462,Saccade,72.04203033447266,35.008,2213.50439453125
1779805687.399707,Fixation,98.06965637207031,355.247,334.1643371582031
1779805687.424829,Saccade,46.61896896362305,25.12,1519.402587890625
1779805687.745084,Fixation,45.72393798828125,320.252,275.8018493652344
1779805687.775084,Saccade,47.58102798461914,29.998,1489.0462646484375
1779805687.995748,Fixation,38.68898391723633,220.25,285.0408935546875
1779805688.020748,Saccade,24.04254722595215,25.0,947.4700927734375
1779805689.17187,Fixation,39.333065032958984,1151.125,249.2071533203125
1779805689.206871,Saccade,106.63803100585938,35.0,2612.57275390625
1779805689.74737,Fixation,16.58206558227539,540.5,297.66131591796875
1779805689.957515,Saccade,44.86820983886719,210.138,2872.21044921875
1779805690.483004,Fixation,35.85347366333008,525.488,302.6053466796875
1779805690.523004,Saccade,67.75604248046875,40.0,1738.46826171875
1779805691.088564,Fixation,76.44328308105469,565.625,295.40478515625
1779805691.113564,Saccade,30.452821731567383,25.001,1136.5137939453125
1779805691.238697,Fixation,7.31763219833374,125.133,218.65945434570312
1779805691.263686,Saccade,37.58586883544922,24.991,1562.67626953125
1779805691.603942,Fixation,26.552757263183594,340.25,245.12173461914062
1779805691.634064,Saccade,52.23359680175781,30.125,1541.7410888671875
1779805691.814186,Fixation,32.0720329284668,180.125,264.3660583496094
1779805691.844186,Saccade,53.157413482666016,30.0,1876.21923828125
1779805692.389697,Fixation,18.002286911010742,545.511,294.0964050292969
1779805692.429808,Saccade,14.508557319641113,40.114,2068.797607421875
1779805693.50582,Fixation,12.526878356933594,1076.007,248.28341674804688
1779805693.535808,Saccade,48.91188049316406,29.993,1651.0997314453125
1779805693.765942,Fixation,11.348759651184082,230.126,243.2019500732422
1779805693.791064,Saccade,30.376436233520508,25.124,1288.41162109375
1779805694.14643,Fixation,17.200042724609375,355.254,291.8164978027344
1779805694.281553,Saccade,15.818388938903809,135.122,1392.812255859375
1779805694.972175,Fixation,19.393518447875977,690.625,327.05517578125
1779805694.997186,Saccade,39.49563217163086,25.006,1527.8822021484375
1779805695.227419,Fixation,6.246283054351807,230.244,260.1837463378906
1779805695.247419,Saccade,19.126296997070312,20.0,919.88525390625
1779805696.808919,Fixation,49.91929244995117,1561.5,271.04498291015625
1779805696.993544,Saccade,25.25199317932129,185.125,2683.51318359375
1779805697.864422,Fixation,32.38469696044922,870.876,271.187744140625
1779805697.959422,Saccade,537.9463500976562,95.0,5493.9013671875
1779805698.820288,Fixation,146.18028259277344,860.875,377.8631896972656
1779805698.845299,Saccade,24.15032196044922,25.008,1074.3133544921875
1779805699.801166,Fixation,41.14946746826172,955.867,267.3206481933594
1779805699.821166,Saccade,21.430095672607422,20.0,1054.03076171875
1779805700.337141,Fixation,34.29988479614258,515.5,350.5685119628906
1779805700.422263,Saccade,452.48223876953125,85.125,6075.00537109375
1779805700.942641,Fixation,101.44017791748047,520.375,398.1883544921875
1779805701.047763,Saccade,4.266617298126221,105.125,1184.39111328125
1779805701.508275,Fixation,35.64439392089844,460.505,306.7237548828125
1779805701.528263,Saccade,29.037315368652344,19.996,1458.8372802734375
1779805702.093763,Fixation,36.86050796508789,565.5,326.78594970703125
1779805702.118763,Saccade,29.07159996032715,25.0,1120.54052734375
1779805703.484991,Fixation,11.724392890930176,1366.25,265.52880859375
1779805703.510002,Saccade,16.993797302246094,25.007,868.6619262695312
1779805705.036491,Fixation,25.901845932006836,1526.494,295.9111328125
1779805705.061491,Saccade,31.566425323486328,25.0,1354.1279296875
1779805705.576991,Fixation,21.740108489990234,515.5,273.36370849609375
1779805705.596991,Saccade,20.023361206054688,20.004,1010.9613647460938
1779805705.777113,Fixation,9.086393356323242,180.121,275.8525390625
1779805705.867246,Saccade,505.42828369140625,90.125,5687.91259765625
1779805706.758208,Fixation,221.1727752685547,890.75,315.8841857910156
1779805706.798331,Saccade,113.96256256103516,40.125,2850.08349609375
1779805707.604086,Fixation,31.921247482299805,805.75,305.0556640625
1779805707.654086,Saccade,122.4041748046875,50.0,2612.947021484375
1779805707.894331,Fixation,16.19629669189453,240.25,259.8619689941406
1779805707.909342,Saccade,15.179553985595703,15.003,998.0298461914062
1779805708.314719,Fixation,56.316341400146484,405.379,260.2481384277344
1779805708.449831,Saccade,93.08784484863281,135.119,2292.79150390625
1779805708.604964,Fixation,18.345821380615234,155.125,351.979736328125
1779805708.685086,Saccade,139.2069854736328,80.125,3283.03076171875
1779805708.930208,Fixation,162.9596710205078,245.125,520.0933837890625
1779805709.040132,Saccade,742.8148193359375,110.125,7117.05224609375
1779805709.450509,Fixation,330.34649658203125,410.375,563.2501831054688
1779805709.470509,Saccade,24.434206008911133,20.0,1131.6168212890625
1779805710.046132,Fixation,54.1303825378418,575.625,323.4648132324219
1779805710.081132,Saccade,59.94131088256836,35.0,1660.33203125
1779805710.606643,Fixation,23.21161460876465,525.51,325.4501647949219
1779805710.651632,Saccade,6.837023735046387,44.99,2382.37255859375
1779805710.866887,Fixation,41.57767105102539,215.25,314.531494140625
1779805711.032009,Saccade,368.5254211425781,165.125,2878.111328125
1779805711.132143,Fixation,41.45380401611328,100.13,511.2442626953125
1779805711.162132,Saccade,49.80402755737305,29.995,1539.8111572265625
1779805711.347265,Fixation,1.832489013671875,185.125,407.3510437011719
1779805711.362265,Saccade,17.42870330810547,15.001,1201.5897216796875
1779805711.437387,Fixation,13.445280075073242,75.125,572.3555297851562
1779805711.462387,Saccade,34.82659912109375,25.0,1236.856689453125
1779805711.572509,Fixation,17.20935821533203,110.124,432.2900695800781
1779805711.602509,Saccade,38.302921295166016,30.001,1308.95751953125
1779805711.687654,Fixation,39.119049072265625,85.137,456.33074951171875
1779805711.822765,Saccade,564.7546997070312,135.113,4383.443359375
1779805713.709531,Fixation,230.3125457763672,1886.75,330.3125305175781
1779805713.739531,Saccade,34.48845291137695,30.0,1167.16943359375
1779805714.054786,Fixation,5.0619893074035645,315.256,264.7970886230469
1779805714.199908,Saccade,19.93755531311035,145.119,2133.903564453125
1779805714.435175,Fixation,22.17108154296875,235.262,405.15338134765625
1779805714.455153,Saccade,23.77803611755371,19.988,1104.42919921875
1779805715.105795,Fixation,29.058061599731445,650.626,221.43820190429688
1779805715.210918,Saccade,21.367639541625977,105.125,2341.527099609375
1779805715.33104,Fixation,33.557403564453125,120.125,456.69476318359375
1779805715.36104,Saccade,48.01704025268555,30.0,1435.72216796875
1779805715.726418,Fixation,16.59632682800293,365.375,340.018310546875
1779805715.746418,Saccade,21.621749877929688,20.0,1091.2733154296875
1779805715.846551,Fixation,7.7629876136779785,100.129,414.24603271484375
1779805715.93154,Saccade,496.5854187011719,84.996,5784.9375
1779805716.47704,Fixation,59.86781311035156,545.5,345.3302917480469
1779805716.562173,Saccade,516.8872680664062,85.125,6358.39208984375
1779805717.257796,Fixation,41.757930755615234,695.625,329.02813720703125
1779805717.277796,Saccade,17.534236907958984,20.0,873.0814819335938
1779805717.59304,Fixation,12.894349098205566,315.25,311.0939025878906
1779805717.608062,Saccade,14.364534378051758,15.014,983.53662109375
1779805718.06854,Fixation,12.865367889404297,460.487,274.3310852050781
1779805718.088616,Saccade,19.636667251586914,19.999,967.9923706054688
1779805719.733605,Fixation,33.97799301147461,1644.989,280.647216796875
1779805719.750116,Saccade,17.960330963134766,16.512,895.5722045898438
1779805720.195616,Fixation,11.265942573547363,445.5,264.9511413574219
1779805720.370749,Saccade,544.3681030273438,175.125,4222.962890625
1779805720.721116,Fixation,28.780620574951172,350.375,331.0218200683594
1779805720.746138,Saccade,27.428897857666016,25.014,1088.7049560546875
1779805720.826116,Fixation,8.410725593566895,79.986,179.75973510742188
1779805720.986372,Saccade,554.6845092773438,160.25,4769.9072265625
1779805721.076371,Fixation,14.284817695617676,90.0,358.3639221191406
1779805721.100967,Saccade,27.673011779785156,25.0,1074.6439208984375
1779805723.037845,Fixation,28.325895309448242,1936.876,296.9681701660156
1779805723.157967,Saccade,65.65331268310547,120.125,1565.8275146484375
1779805723.503211,Fixation,12.11597728729248,345.25,327.88287353515625
1779805723.528211,Saccade,24.233469009399414,25.0,987.5587768554688
1779805723.793467,Fixation,17.263578414916992,265.25,287.51300048828125
1779805723.813467,Saccade,17.654870986938477,20.0,892.1350708007812
1779805724.128845,Fixation,14.838285446166992,315.375,319.1532897949219
1779805724.159413,Saccade,35.356807708740234,30.0,1200.65283203125
1779805725.495657,Fixation,36.01910400390625,1336.251,307.565185546875
1779805725.520657,Saccade,24.877872467041016,25.0,987.3766479492188
1779805725.991046,Fixation,21.24797821044922,470.388,300.5163269042969
1779805726.016157,Saccade,41.78342056274414,25.112,1367.3951416015625
1779805726.606657,Fixation,38.666587829589844,590.5,283.6938781738281
1779805726.636657,Saccade,38.85261154174805,30.0,1269.599853515625
1779805727.476686,Fixation,64.40121459960938,840.75,320.7325439453125
1779805727.501809,Saccade,33.629947662353516,25.125,1190.2152099609375
1779805728.427564,Fixation,19.00346565246582,925.751,280.0046081542969
1779805728.447686,Saccade,23.858625411987305,20.125,1092.0343017578125
1779805728.592809,Fixation,37.003238677978516,145.125,342.9497985839844
1779805728.617809,Saccade,34.82757568359375,25.0,1410.4876708984375
1779805730.304148,Fixation,69.9193344116211,1686.5,320.67926025390625
1779805730.33427,Saccade,35.18294143676758,30.125,1227.4852294921875
1779805730.719526,Fixation,7.496575355529785,385.25,334.3421325683594
1779805730.739648,Saccade,21.075592041015625,20.125,1013.507080078125
1779805732.311026,Fixation,24.71441078186035,1571.376,298.6387634277344
1779805732.346026,Saccade,36.50728225708008,35.0,1153.3045654296875
1779805732.421148,Fixation,23.493770599365234,75.125,361.646240234375
1779805732.451148,Saccade,34.092742919921875,30.0,1383.9771728515625
1779805732.601281,Fixation,139.39280700683594,150.126,640.9913940429688
1779805732.731404,Saccade,356.235107421875,130.124,4553.27197265625
1779805732.891526,Fixation,158.49053955078125,160.125,528.6172485351562
1779805732.971648,Saccade,144.3932647705078,80.125,2955.173095703125
1779805733.08677,Fixation,59.57835388183594,115.125,594.2607421875
1779805733.116781,Saccade,57.953739166259766,30.007,1566.0643310546875
1779805733.206904,Fixation,79.96334838867188,90.118,637.4408569335938
1779805733.422528,Saccade,820.543212890625,215.125,5936.1728515625
1779805733.647772,Fixation,155.64913940429688,225.25,994.853271484375
1779805733.707772,Saccade,251.74346923828125,60.0,4208.10888671875
1779805733.787905,Fixation,26.111879348754883,80.128,384.0196228027344
1779805733.918028,Saccade,276.57666015625,130.123,3472.68310546875
1779805734.223272,Fixation,41.804176330566406,305.249,374.690185546875
1779805734.253405,Saccade,53.38909149169922,30.125,2176.81689453125
1779805734.443527,Fixation,104.3083267211914,190.125,531.5374755859375
1779805734.583661,Saccade,131.99221801757812,140.134,2430.89404296875
1779805734.663783,Fixation,11.92769718170166,80.126,477.1288146972656
1779805734.733783,Saccade,397.7727966308594,69.991,6323.7021484375
1779805734.868917,Fixation,154.4078369140625,135.133,644.9131469726562
1779805735.029027,Saccade,150.75807189941406,160.117,2604.59033203125
1779805735.209283,Fixation,62.33279037475586,180.25,816.9542846679688
1779805735.459405,Saccade,605.9918212890625,250.125,6328.38134765625
1779805735.69465,Fixation,320.3717956542969,235.25,559.7970581054688
1779805735.759783,Saccade,256.8265075683594,65.132,4709.9482421875
1779805735.934905,Fixation,7.151916027069092,175.118,361.7645568847656
1779805736.045027,Saccade,267.8643798828125,110.125,3121.1552734375
1779805736.314854,Fixation,39.90166091918945,270.25,461.0167236328125
1779805736.334854,Saccade,22.979888916015625,20.0,1011.5394287109375
1779805736.429976,Fixation,20.310598373413086,95.125,408.2744445800781
1779805736.474977,Saccade,120.82644653320312,45.001,2799.0888671875
1779805736.960365,Fixation,96.05685424804688,485.386,378.6290588378906
1779805736.995476,Saccade,102.92385864257812,35.113,3096.140625
1779805737.140599,Fixation,140.11643981933594,145.126,639.9583740234375
1779805737.330721,Saccade,596.5716552734375,190.124,6597.3193359375
1779805737.701099,Fixation,483.02398681640625,370.379,609.4223022460938
1779805737.741099,Saccade,94.2769546508789,39.997,2555.755615234375
1779805738.151476,Fixation,16.419906616210938,410.375,298.0694274902344
1779805738.176599,Saccade,29.110136032104492,25.125,1198.0062255859375
1779805739.252476,Fixation,2.790712833404541,1075.875,250.40225219726562
1779805739.30796,Saccade,114.68653106689453,55.134,2261.941650390625
1779805739.503071,Fixation,21.446048736572266,195.116,488.4484558105469
1779805739.543205,Saccade,113.28382110595703,40.125,3248.73828125
1779805739.663205,Fixation,40.63582229614258,120.0,449.2412109375
1779805739.703327,Saccade,67.86093139648438,40.128,2447.130615234375
1779805739.933449,Fixation,145.5091094970703,230.122,489.7376708984375
1779805740.263827,Saccade,423.3000183105469,330.375,3322.486328125
1779805740.388949,Fixation,143.80116271972656,125.125,988.025146484375
1779805740.408949,Saccade,42.92290496826172,20.001,2354.156005859375
1779805740.514082,Fixation,91.58846282958984,105.125,822.6500244140625
1779805740.534071,Saccade,33.96413040161133,19.999,1569.228759765625
1779805740.634205,Fixation,41.819114685058594,100.125,479.51214599609375
1779805740.649205,Saccade,23.717302322387695,15.0,1103.3878173828125
1779805740.739205,Fixation,29.1674747467041,90.005,580.2922973632812
1779805740.859327,Saccade,258.4215393066406,120.121,2967.38427734375
1779805740.959449,Fixation,5.9100341796875,100.125,427.1728210449219
1779805740.979449,Saccade,17.2987060546875,20.0,1228.4066162109375
1779805741.119582,Fixation,25.636690139770508,140.125,415.7448425292969
1779805741.254705,Saccade,367.79095458984375,135.126,4441.7587890625
1779805742.305705,Fixation,282.75665283203125,1050.999,372.4330139160156
1779805742.391306,Saccade,501.817626953125,85.125,6332.39892578125
1779805742.651439,Fixation,202.57716369628906,260.137,637.1328735351562
1779805742.691561,Saccade,163.3313446044922,40.113,3482.8828125
1779805742.771561,Fixation,35.063961029052734,80.0,640.2819213867188
1779805742.896684,Saccade,188.54664611816406,125.125,3456.8828125
1779805743.011806,Fixation,47.16398620605469,115.125,440.7204895019531
1779805743.091939,Saccade,270.0860595703125,80.135,3696.9423828125
1779805743.187062,Fixation,20.548110961914062,95.115,498.8349304199219
1779805743.327073,Saccade,13.251720428466797,140.012,1458.76513671875
1779805743.497306,Fixation,34.791812896728516,170.238,538.2965087890625
1779805743.652428,Saccade,16.944026947021484,155.125,1264.1279296875
1779805743.817561,Fixation,15.462957382202148,165.126,594.2069702148438
1779805743.852561,Saccade,39.968284606933594,34.999,1205.6446533203125
1779805743.987684,Fixation,5.227626323699951,135.126,428.793212890625
1779805744.137928,Saccade,307.2926025390625,150.249,3143.222412109375
1779805744.423184,Fixation,23.087705612182617,285.251,532.4609375
1779805744.438184,Saccade,26.670324325561523,15.0,1425.01904296875
1779805744.958684,Fixation,208.70321655273438,520.5,701.4749755859375
1779805744.978684,Saccade,25.75985336303711,20.0,1301.164794921875
1779805745.283928,Fixation,27.160186767578125,305.25,577.6395263671875
1779805745.443732,Saccade,377.9530029296875,160.125,3897.322021484375
1779805746.184476,Fixation,130.5712432861328,740.75,605.3685913085938
1779805746.204476,Saccade,23.944482803344727,20.0,1295.0213623046875
1779805746.559731,Fixation,75.11566162109375,355.25,482.4232482910156
1779805746.584854,Saccade,30.51652717590332,25.125,1124.7166748046875
1779805746.885098,Fixation,21.23576545715332,300.25,454.4759216308594
1779805746.910098,Saccade,24.83976936340332,25.001,1244.7584228515625
1779805747.020231,Fixation,15.819755554199219,110.127,467.4363098144531
1779805747.155354,Saccade,36.118682861328125,135.123,1883.6732177734375
1779805747.295476,Fixation,5.096318244934082,140.125,451.1720275878906
1779805747.335476,Saccade,26.270185470581055,40.0,1277.4085693359375
1779805747.675854,Fixation,31.658985137939453,340.375,475.69134521484375
1779805747.815976,Saccade,334.1094970703125,140.125,2925.760498046875
1779805747.95112,Fixation,43.2813606262207,135.138,599.7135620117188
1779805748.041098,Saccade,385.0116271972656,89.987,5288.64990234375
1779805748.176231,Fixation,100.34275817871094,135.129,740.9542846679688
1779805748.191231,Saccade,15.111706733703613,14.996,1451.1693115234375
1779805748.401476,Fixation,65.89533996582031,210.25,471.02374267578125
1779805748.666876,Saccade,355.4374694824219,265.25,3622.297607421875
1779805748.796999,Fixation,98.96177673339844,130.125,632.7930908203125
1779805748.846999,Saccade,96.58543395996094,50.0,1732.267578125
1779805748.997121,Fixation,52.77692794799805,150.125,560.9571533203125
1779805749.022243,Saccade,54.589012145996094,25.125,1652.0067138671875
1779805749.132243,Fixation,81.49017333984375,110.0,513.3969116210938
1779805749.197376,Saccade,435.1603088378906,65.125,6978.41259765625
1779805749.417621,Fixation,99.23318481445312,220.25,639.749755859375
1779805749.577743,Saccade,334.867919921875,160.125,5268.13134765625
1779805749.867999,Fixation,234.46095275878906,290.25,607.7933349609375
1779805750.038121,Saccade,88.88524627685547,170.125,4141.45556640625
1779805750.143243,Fixation,18.3433895111084,105.125,480.08148193359375
1779805750.183254,Saccade,141.34222412109375,40.008,2999.300048828125
1779805750.348377,Fixation,44.756256103515625,165.118,377.6465759277344
1779805750.393499,Saccade,53.189449310302734,45.125,1427.407958984375
1779805751.094121,Fixation,45.25117111206055,700.625,339.7667236328125
1779805751.379376,Saccade,17.958982467651367,285.25,2437.56201171875
1779805753.325659,Fixation,37.85567092895508,1946.75,274.3779296875
1779805753.500915,Saccade,583.6216430664062,175.254,3662.517822265625
1779805754.426793,Fixation,509.5314025878906,925.873,482.1127014160156
1779805754.461793,Saccade,116.19955444335938,35.003,2795.42529296875
1779805754.761894,Fixation,55.83416748046875,300.246,335.0468444824219
1779805754.832016,Saccade,339.9726867675781,70.125,5033.8583984375
1779805754.96715,Fixation,108.12837982177734,135.125,558.7259521484375
1779805755.02715,Saccade,230.9528045654297,60.0,4041.801025390625
1779805755.177272,Fixation,97.7479476928711,150.125,673.7559814453125
1779805755.812894,Saccade,436.6800231933594,635.625,2631.743408203125
1779805755.948016,Fixation,29.065370559692383,135.125,505.54010009765625
1779805756.16315,Saccade,304.86163330078125,215.125,2994.8232421875
1779805756.898894,Fixation,514.0538940429688,735.751,578.635009765625
1779805756.948905,Saccade,224.6090087890625,50.01,3920.194580078125
1779805757.074017,Fixation,86.8469467163086,125.115,680.375
1779805757.675022,Saccade,101.40780639648438,600.625,3390.13818359375
1779805757.820145,Fixation,177.3684844970703,145.125,779.6019897460938
1779805758.005267,Saccade,393.5111083984375,185.125,3360.230224609375
1779805758.175389,Fixation,263.78546142578125,170.125,604.577880859375
1779805758.220522,Saccade,179.52255249023438,45.129,3983.80810546875
1779805758.375645,Fixation,14.567824363708496,155.121,383.7010803222656
1779805758.425645,Saccade,139.34352111816406,50.0,3018.55712890625
1779805758.6909,Fixation,61.47453308105469,265.252,400.43914794921875
1779805758.730889,Saccade,100.6847152709961,39.998,3004.87255859375
1779805758.821023,Fixation,71.69269561767578,90.125,492.1096496582031
1779805758.901156,Saccade,451.94488525390625,80.133,5853.22265625
1779805759.226389,Fixation,379.5395202636719,325.242,715.5187377929688
1779805759.426522,Saccade,822.6694946289062,200.126,7016.353515625
1779805760.037156,Fixation,373.65911865234375,610.637,694.0
1779805760.3374,Saccade,747.4673461914062,300.238,6096.65283203125
1779805760.88328,Fixation,535.955078125,545.5,583.8518676757812
1779805760.918291,Saccade,107.42552185058594,35.012,2717.92431640625
1779805761.43378,Fixation,66.28909301757812,515.488,317.388671875
1779805761.468902,Saccade,56.520545959472656,35.125,1735.7744140625
1779805761.794147,Fixation,31.172855377197266,325.25,310.0381164550781
1779805761.829147,Saccade,81.20344543457031,35.0,1958.9827880859375
1779805762.109402,Fixation,81.12830352783203,280.251,372.1404113769531
1779805762.129402,Saccade,36.65379333496094,20.0,1448.1859130859375
1779805762.299647,Fixation,31.388896942138672,170.25,378.86346435546875
1779805762.334647,Saccade,81.27151489257812,35.0,2454.329833984375
1779805762.51978,Fixation,35.90333557128906,185.125,352.9638977050781
1779805762.53978,Saccade,27.083538055419922,20.0,1269.8870849609375
1779805762.735024,Fixation,25.416141510009766,195.25,352.1075439453125
1779805762.810024,Saccade,92.72129821777344,75.0,2399.275146484375
1779805763.105402,Fixation,58.30833053588867,295.375,474.9385070800781
1779805763.145402,Saccade,115.55633544921875,40.0,2638.33984375
1779805763.51078,Fixation,73.83958435058594,365.375,297.6517028808594
1779805763.610032,Saccade,528.9660034179688,100.0,5579.69482421875
1779805763.935398,Fixation,302.5505676269531,325.375,529.7053833007812
1779805763.965398,Saccade,40.398983001708984,30.0,1434.037353515625
1779805764.145532,Fixation,24.557035446166992,180.13,325.05560302734375
1779805764.185654,Saccade,108.40833282470703,40.121,2384.95263671875
1779805764.450898,Fixation,71.65621948242188,265.249,384.18621826171875
1779805764.716032,Saccade,89.0155029296875,265.132,2218.196044921875
1779805769.701357,Fixation,209.48519897460938,4984.62,282.6626281738281
1779805769.951488,Saccade,272.67095947265625,250.25,3626.3251953125
1779805770.12661,Fixation,12.138980865478516,175.129,287.55615234375
1779805770.166732,Saccade,139.43917846679688,40.121,3124.625
1779805770.396988,Fixation,12.078880310058594,230.25,350.6120910644531
1779805770.516988,Saccade,554.5030517578125,120.0,4336.70751953125
1779805771.567988,Fixation,522.364501953125,1051.001,526.6112060546875
1779805771.602988,Saccade,77.10240936279297,35.0,2267.485107421875
1779805771.853232,Fixation,61.38370132446289,250.25,364.1585388183594
1779805771.948366,Saccade,422.7922668457031,95.134,5484.24658203125
1779805772.111754,Fixation,253.20729064941406,163.388,1037.2469482421875
1779805772.19361,Saccade,168.07821655273438,81.857,2583.104736328125
1779805772.318732,Fixation,37.86210632324219,125.121,468.1570129394531
1779805772.433855,Saccade,94.31970977783203,115.125,1362.59521484375
1779805772.71911,Fixation,42.39418029785156,285.25,386.9315490722656
1779805772.868848,Saccade,38.18843460083008,150.125,3243.78857421875
1779805773.01897,Fixation,7.044688701629639,150.125,393.6207580566406
1779805773.05897,Saccade,120.1435546875,40.0,3031.136962890625
1779805774.345226,Fixation,24.62833595275879,1286.255,275.0322265625
1779805774.410226,Saccade,3.7157092094421387,64.996,4511.7890625
1779805774.490348,Fixation,6.394613265991211,80.125,278.6856689453125
1779805774.535348,Saccade,155.75135803222656,45.0,3475.12158203125
1779805774.72547,Fixation,10.687634468078613,190.125,362.7760009765625
1779805774.760603,Saccade,43.936920166015625,35.125,1264.7294921875
1779805776.301952,Fixation,21.172779083251953,1541.376,288.8547058105469
1779805776.592196,Saccade,259.93658447265625,290.25,3802.678466796875
1779805776.722319,Fixation,96.35560607910156,130.125,879.2645263671875
1779805776.73733,Saccade,27.967453002929688,15.004,2738.470947265625
1779805777.838341,Fixation,307.9388732910156,1101.009,443.9593200683594
1779805778.263819,Saccade,114.36458587646484,425.487,3741.816650390625
1779805778.353819,Fixation,47.14460754394531,90.0,481.6332702636719
1779805778.403952,Saccade,65.88090515136719,50.125,2324.523681640625
1779805778.894521,Fixation,153.09683227539062,490.375,406.4095764160156
1779805778.92452,Saccade,35.25014877319336,30.0,1315.5650634765625
1779805779.064776,Fixation,13.31243896484375,140.25,304.8315734863281
1779805779.079776,Saccade,16.751163482666016,15.0,1131.0272216796875
1779805786.246357,Fixation,103.43880462646484,7166.628,293.9490661621094
1779805786.321357,Saccade,231.65130615234375,75.0,3504.782470703125
1779805786.536613,Fixation,24.28847312927246,215.25,366.78021240234375
1779805786.831857,Saccade,501.589111328125,295.25,4317.8056640625
1779805788.027911,Fixation,606.0704956054688,1196.126,385.098388671875
1779805788.047911,Saccade,30.516826629638672,20.0,1286.4290771484375
1779805788.568412,Fixation,38.69192123413086,520.5,277.7663879394531
1779805788.718534,Saccade,21.422788619995117,150.125,2117.237060546875
1779805790.455156,Fixation,439.3777770996094,1736.626,320.0595397949219
1779805790.555156,Saccade,530.9346923828125,100.0,6229.88037109375
1779805790.895534,Fixation,204.8753662109375,340.376,477.9744567871094
1779805790.92055,Saccade,64.75959014892578,24.999,1754.3795166015625
1779805792.767306,Fixation,110.56744384765625,1846.75,309.1766052246094
1779805792.827317,Saccade,192.66810607910156,60.014,3303.989990234375
1779805793.152673,Fixation,17.14080810546875,325.362,270.7151184082031
1779805793.197673,Saccade,143.37539672851562,45.0,3586.6357421875
1779805795.594554,Fixation,17.201717376708984,2397.25,247.83377075195312
1779805795.639565,Saccade,126.13069915771484,45.007,2804.99609375
1779805796.024931,Fixation,13.642562866210938,385.369,291.2611083984375
1779805796.069932,Saccade,147.4366455078125,45.0,3372.75537109375
1779805798.172885,Fixation,16.0938777923584,2102.0,247.17465209960938
1779805798.212885,Saccade,113.56190490722656,40.0,2852.5947265625
1779805798.323018,Fixation,10.79925537109375,110.131,341.05902099609375
1779805798.348007,Saccade,27.030689239501953,24.994,1090.8040771484375
1779805798.633262,Fixation,7.908443927764893,285.252,258.31964111328125
1779805798.653262,Saccade,19.947845458984375,19.999,1019.0345458984375
1779805798.763385,Fixation,6.3937530517578125,110.125,257.6431884765625
1779805798.848507,Saccade,317.9101257324219,85.125,3844.052978515625
1779805800.800041,Fixation,15.07295036315918,1951.75,259.767578125
1779805800.875164,Saccade,335.26959228515625,75.125,4544.05078125
1779805801.220408,Fixation,23.469179153442383,345.251,249.7288360595703
1779805801.270541,Saccade,183.3954620361328,50.125,3783.10205078125
1779805801.440664,Fixation,16.642444610595703,170.126,314.0245361328125
1779805801.475664,Saccade,37.62428283691406,34.999,1035.270751953125
1779805801.836041,Fixation,24.519805908203125,360.375,258.0667419433594
1779805801.966164,Saccade,19.639432907104492,130.129,1648.8780517578125
1779805803.32701,Fixation,24.17365264892578,1361.246,273.52984619140625
1779805803.35701,Saccade,44.071327209472656,30.0,1492.4202880859375
1779805807.140705,Fixation,20.042556762695312,3783.502,230.84539794921875
1779805807.205705,Saccade,236.78273010253906,65.0,3417.8212890625
1779805807.516072,Fixation,26.811176300048828,310.375,280.3215026855469
1779805807.556072,Saccade,70.17813873291016,40.0,1774.8035888671875
1779805807.791327,Fixation,9.67726993560791,235.25,327.55792236328125
1779805807.90145,Saccade,291.5645751953125,110.125,2767.140869140625
1779805809.772934,Fixation,36.77312088012695,1871.625,247.46592712402344
1779805809.823067,Saccade,122.91189575195312,50.125,2533.386962890625
1779805810.178312,Fixation,4.382368087768555,355.251,251.02403259277344
1779805810.238434,Saccade,205.30918884277344,60.125,3439.13720703125
1779805810.57869,Fixation,12.435276985168457,340.25,309.4978332519531
1779805810.618812,Saccade,86.59339141845703,40.125,2174.821533203125
1779805810.758934,Fixation,16.28660774230957,140.125,335.1105651855469
1779805810.848934,Saccade,149.41416931152344,90.0,2698.82763671875
1779805814.102274,Fixation,100.05209350585938,3253.001,236.89114379882812
1779805814.167396,Saccade,184.70675659179688,65.125,3067.169677734375
1779805814.327518,Fixation,7.099442958831787,160.125,272.1270446777344
1779805814.367518,Saccade,77.50419616699219,40.0,1946.024658203125
1779805814.94814,Fixation,25.619653701782227,580.625,326.97406005859375
1779805815.073152,Saccade,223.50033569335938,125.007,2701.2744140625
1779805815.218664,Fixation,24.961849212646484,145.249,383.5744323730469
1779805815.238664,Saccade,16.374603271484375,19.994,858.735595703125
1779805816.319664,Fixation,8.066496849060059,1081.001,236.4292755126953
1779805816.379664,Saccade,256.0792541503906,60.0,4053.185546875
1779805816.945164,Fixation,25.85150146484375,565.5,348.8255920410156
1779805816.990286,Saccade,134.4820098876953,45.129,2299.12744140625
1779805818.261318,Fixation,18.871726989746094,1271.122,254.7451629638672
1779805818.316318,Saccade,165.82969665527344,54.999,2880.597412109375
1779805818.656695,Fixation,5.197741508483887,340.376,330.53607177734375
1779805818.686695,Saccade,37.237892150878906,30.0,1246.146240234375
1779805819.057073,Fixation,7.434665203094482,370.375,362.60125732421875
1779805819.142206,Saccade,162.5938262939453,85.137,2270.618896484375
1779805819.432451,Fixation,2.7952756881713867,290.238,276.6294860839844
1779805819.482451,Saccade,95.79837036132812,50.0,2110.738037109375
1779805820.032951,Fixation,11.240667343139648,550.508,271.61590576171875
1779805820.103073,Saccade,264.22735595703125,70.117,3460.81494140625
1779805820.463329,Fixation,26.9628963470459,360.26,416.713623046875
1779805820.513451,Saccade,11.924505233764648,50.115,1111.2447509765625
1779805820.728573,Fixation,3.923109292984009,215.125,352.6139221191406
1779805820.793706,Saccade,236.91213989257812,65.137,3532.505615234375
1779805821.623916,Fixation,9.08614730834961,830.743,256.6107482910156
1779805821.719049,Saccade,252.1243896484375,95.131,3186.514892578125
1779805822.224416,Fixation,18.285106658935547,505.369,300.1377868652344
1779805822.289538,Saccade,238.95726013183594,65.121,3474.092041015625
1779805822.409661,Fixation,18.805652618408203,120.125,370.4337158203125
1779805822.449661,Saccade,93.11865997314453,40.0,2171.27099609375
1779805822.689916,Fixation,19.452693939208984,240.25,334.583984375
1779805822.739916,Saccade,191.8463134765625,50.005,3611.05712890625
1779805822.85505,Fixation,11.52069091796875,115.133,316.9030456542969
1779805822.885038,Saccade,42.30351638793945,29.987,1432.1002197265625
1779805823.025161,Fixation,3.690373182296753,140.125,283.16021728515625
1779805823.090294,Saccade,213.47073364257812,65.125,3323.164794921875
1779805823.275416,Fixation,12.866703033447266,185.125,298.96514892578125
1779805823.300416,Saccade,19.86551856994629,25.0,996.9467163085938
1779805824.286416,Fixation,10.479852676391602,986.001,227.7924041748047
1779805824.381734,Saccade,568.4536743164062,95.01,6217.64697265625
1779805824.7871,Fixation,11.602743148803711,405.365,385.52716064453125
1779805824.8121,Saccade,31.082754135131836,25.0,1199.86181640625
1779805825.017345,Fixation,5.817106246948242,205.253,380.488525390625
1779805825.077345,Saccade,261.810546875,59.997,4390.64599609375
1779805827.44901,Fixation,70.6572494506836,2372.251,265.3844299316406
1779805827.614132,Saccade,107.35110473632812,165.125,2065.31298828125
1779805829.000377,Fixation,50.08461380004883,1386.25,225.64926147460938
1779805829.05051,Saccade,8.779261589050293,50.127,1424.811767578125
1779805831.787954,Fixation,98.53504943847656,2737.499,259.1255187988281
1779805831.998199,Saccade,785.2099609375,210.25,3362.0087890625
1779805832.12821,Fixation,10.900885581970215,130.013,418.515380859375
1779805832.143332,Saccade,11.661097526550293,15.112,848.2044067382812
1779805832.308454,Fixation,23.303178787231445,165.125,437.3216247558594
1779805832.778832,Saccade,72.87265014648438,470.376,1588.1165771484375
1779805832.938954,Fixation,61.794734954833984,160.125,575.017822265625
1779805832.959076,Saccade,19.830108642578125,20.128,1235.4083251953125
1779805833.189198,Fixation,112.22369384765625,230.122,540.220947265625
1779805833.219332,Saccade,104.97674560546875,30.125,2896.360107421875
1779805833.324332,Fixation,78.61690521240234,105.0,476.51715087890625
1779805833.345036,Saccade,15.290687561035156,20.0,1599.7354736328125
1779805834.616281,Fixation,135.1243438720703,1271.25,314.65643310546875
1779805834.816403,Saccade,6.350269317626953,200.125,1672.465087890625
1779805835.667281,Fixation,444.9298400878906,850.876,520.949951171875
1779805835.842403,Saccade,823.6751708984375,175.125,5647.37451171875
1779805835.947536,Fixation,28.561689376831055,105.125,437.94952392578125
1779805835.972536,Saccade,34.998451232910156,25.0,1381.0953369140625
1779805836.277781,Fixation,47.4091682434082,305.25,356.8791809082031
1779805836.432706,Saccade,11.3165283203125,155.125,3230.01611328125
1779805837.919083,Fixation,31.102012634277344,1486.376,227.91966247558594
1779805838.044217,Saccade,15.72254467010498,125.135,1314.6119384765625
1779805841.236987,Fixation,149.76971435546875,3192.991,251.55462646484375
1779805841.256987,Saccade,21.731319427490234,20.0,1119.728515625
1779805841.557232,Fixation,5.199808120727539,300.25,275.39404296875
1779805841.612354,Saccade,184.7544708251953,55.125,3591.34912109375
1779805841.917609,Fixation,13.81700611114502,305.25,229.7181854248047
1779805842.197854,Saccade,811.1862182617188,280.25,4022.89501953125
1779805844.240034,Fixation,353.5841064453125,2041.884,314.4664611816406
1779805844.320168,Saccade,16.084354400634766,80.129,1682.21142578125
1779805845.175901,Fixation,44.14931106567383,855.738,332.8660888671875
1779805845.190901,Saccade,12.509513854980469,15.0,839.50390625
1779805845.931026,Fixation,156.27328491210938,740.625,358.650634765625
1779805846.116282,Saccade,778.055908203125,185.25,4723.625
1779805846.576648,Fixation,148.06959533691406,460.375,500.272705078125
1779805846.601659,Saccade,39.32402420043945,25.001,1459.8101806640625
1779805847.592659,Fixation,74.03590393066406,991.0,256.26226806640625
1779805847.637659,Saccade,88.50409698486328,45.0,2086.422119140625
1779805847.782782,Fixation,5.560315132141113,145.125,312.8050231933594
1779805847.812782,Saccade,43.44910430908203,30.0,1377.4033203125
1779805848.413404,Fixation,8.418910026550293,600.625,230.16802978515625
1779805848.453763,Saccade,56.249576568603516,40.0,1517.125244140625
1779805848.588897,Fixation,2.514371156692505,135.136,264.20166015625
1779805848.613886,Saccade,32.160888671875,24.989,1076.4970703125
1779805849.484775,Fixation,24.506656646728516,870.885,283.0745849609375
1779805849.504764,Saccade,37.43799591064453,19.99,1596.7220458984375
1779805856.121329,Fixation,69.59429931640625,6616.128,250.6580352783203
1779805856.186329,Saccade,206.6026611328125,65.0,3373.2626953125
1779805856.656829,Fixation,18.49176788330078,470.5,262.7016296386719
1779805856.806951,Saccade,42.94215774536133,150.125,1769.6962890625
1779805857.102196,Fixation,59.3621940612793,295.25,337.6531066894531
1779805857.142195,Saccade,68.27274322509766,40.0,1722.6806640625
1779805857.362451,Fixation,38.74598693847656,220.25,348.3325500488281
1779805857.392451,Saccade,56.97523880004883,30.0,1888.4268798828125
1779805857.522573,Fixation,5.513836860656738,130.125,290.89385986328125
1779805857.582192,Saccade,230.84860229492188,60.006,3492.013671875
1779805857.947559,Fixation,14.246048927307129,365.369,338.53790283203125
1779805857.992681,Saccade,73.35071563720703,45.125,1633.8857421875
1779805858.182803,Fixation,10.253222465515137,190.125,278.6482238769531
1779805858.207803,Saccade,35.2514762878418,25.001,1196.864501953125
1779805859.113692,Fixation,24.221477508544922,905.879,283.2193603515625
1779805859.193681,Saccade,333.96685791015625,79.996,4544.73486328125
1779805859.348937,Fixation,4.992374420166016,155.25,383.0301818847656
1779805859.388937,Saccade,81.30229949951172,40.0,2082.07568359375
1779805859.549059,Fixation,21.977270126342773,160.125,352.747802734375
1779805859.789303,Saccade,83.12097930908203,240.25,1442.6004638671875
1779805859.874315,Fixation,9.588422775268555,85.004,540.707763671875
1779805859.894437,Saccade,18.784770965576172,20.121,947.5697021484375
1779805862.356557,Fixation,29.574935913085938,2462.259,235.6206817626953
1779805862.411546,Saccade,124.72074127197266,54.992,2118.325439453125
1779805863.087179,Fixation,3.3767471313476562,675.625,199.0790252685547
1779805863.142301,Saccade,152.8588104248047,55.131,2492.780029296875
1779805863.242301,Fixation,14.679085731506348,99.994,375.04302978515625
1779805863.367424,Saccade,86.42120361328125,125.125,1459.2445068359375
1779805864.969153,Fixation,11.822242736816406,1601.501,234.47886657714844
1779805865.039276,Saccade,231.4088134765625,70.125,3489.024658203125
1779805865.514664,Fixation,3.2597386837005615,475.38,252.72604370117188
1779805865.564653,Saccade,123.82695007324219,49.995,2502.93603515625
1779805865.684776,Fixation,25.266361236572266,120.125,339.0723876953125
1779805865.794909,Saccade,195.38394165039062,110.13,2458.07958984375
1779805866.070164,Fixation,2.4828600883483887,275.256,344.2893981933594
1779805866.090153,Saccade,18.43425750732422,19.989,912.3732299804688
1779805868.081885,Fixation,11.729696273803711,1991.876,259.74591064453125
1779805868.162007,Saccade,307.6993103027344,80.125,4118.65966796875
1779805868.36214,Fixation,8.548803329467773,200.132,255.63308715820312
1779805868.38714,Saccade,24.970943450927734,24.995,999.679443359375
1779805868.827629,Fixation,11.409591674804688,440.498,242.0711669921875
1779805868.962774,Saccade,186.2302703857422,135.135,2509.7646484375
1779805869.042773,Fixation,7.172945022583008,79.999,325.01934814453125
1779805869.067762,Saccade,24.6690616607666,24.991,989.3905639648438
1779805870.584804,Fixation,22.053916931152344,1516.501,222.9413604736328
1779805870.614804,Saccade,46.12548065185547,30.0,1476.2744140625
1779805870.875048,Fixation,10.530211448669434,260.25,284.18212890625
1779805870.910048,Saccade,64.66337585449219,35.0,1741.0137939453125
1779805875.219005,Fixation,105.11907958984375,4309.001,243.45587158203125
1779805875.294005,Saccade,229.0897674560547,75.0,3166.3759765625
1779805875.419138,Fixation,9.0048828125,125.125,294.7439880371094
1779805875.514271,Saccade,79.16827392578125,95.134,1242.7593994140625
1779805875.804055,Fixation,14.615708351135254,290.246,211.12542724609375
1779805875.914177,Saccade,216.34266662597656,110.12,2662.134033203125
1779805876.014299,Fixation,14.23814582824707,100.125,358.8719787597656
1779805876.034299,Saccade,18.113059997558594,20.0,910.6793823242188
1779805876.559799,Fixation,8.201074600219727,525.501,286.6886291503906
1779805876.764921,Saccade,22.411226272583008,205.125,1415.417236328125
1779805878.196299,Fixation,31.416913986206055,1431.38,272.005615234375
1779805878.276299,Saccade,3.2393927574157715,79.995,1119.5009765625
1779805879.527246,Fixation,21.392473220825195,1251.251,268.22320556640625
1779805879.697368,Saccade,19.777692794799805,170.125,1561.896240234375
1779805881.173746,Fixation,26.707242965698242,1476.381,249.46194458007812
1779805881.52899,Saccade,42.754791259765625,355.244,3924.76171875
1779805882.740852,Fixation,25.264135360717773,1211.125,265.7000427246094
1779805882.820986,Saccade,311.3197937011719,80.126,3558.865478515625
1779805883.346486,Fixation,26.35645294189453,525.5,333.3046875
1779805883.521608,Saccade,310.2117004394531,175.125,2801.3759765625
1779805884.597608,Fixation,25.572423934936523,1076.0,239.49609375
1779805884.68273,Saccade,376.98590087890625,85.125,4256.576171875
1779805884.76773,Fixation,5.43075704574585,85.0,504.0672912597656
1779805884.79273,Saccade,30.74683952331543,25.0,1215.2872314453125
1779805885.267906,Fixation,9.18097972869873,475.5,373.3578186035156
1779805885.322906,Saccade,179.43328857421875,55.001,3273.766845703125
1779805886.554039,Fixation,9.089921951293945,1231.13,260.6850280761719
1779805886.614161,Saccade,140.44631958007812,60.124,2151.430419921875
1779805886.764284,Fixation,19.07038116455078,150.121,372.02996826171875
1779805886.799284,Saccade,41.9853401184082,35.0,1204.942138671875
1779805887.374906,Fixation,8.551557540893555,575.625,386.9450988769531
1779805887.434906,Saccade,223.1190948486328,60.0,3744.105224609375
1779805887.600039,Fixation,12.158838272094727,165.134,377.7594909667969
1779805887.635039,Saccade,59.40099334716797,34.991,1594.9544677734375
1779805888.175525,Fixation,24.275096893310547,540.509,271.8043518066406
1779805888.195647,Saccade,36.43027114868164,20.116,1876.809814453125
1779805888.33077,Fixation,27.648853302001953,135.125,253.43154907226562
1779805888.400769,Saccade,187.24761962890625,70.0,2823.504150390625
1779805888.596025,Fixation,5.035064220428467,195.25,346.5904541015625
1779805888.631025,Saccade,52.88980484008789,35.001,1371.4739990234375
1779805888.751147,Fixation,11.872672080993652,120.125,389.1765441894531
1779805888.816147,Saccade,209.81549072265625,65.0,3445.498046875
1779805889.752025,Fixation,13.161979675292969,935.884,258.84124755859375
1779805889.887147,Saccade,232.945068359375,135.116,3113.197509765625
1779805890.312525,Fixation,17.540231704711914,425.376,353.67327880859375
1779805890.372647,Saccade,262.2239074707031,60.124,3240.423583984375
1779805892.134436,Fixation,13.170659065246582,1761.626,225.2952117919922
1779805892.199436,Saccade,257.7433776855469,65.0,4725.77978515625
1779805892.985191,Fixation,15.69396686553955,785.75,319.1455078125
1779805893.030191,Saccade,182.5202178955078,45.0,3480.108154296875
1779805894.591093,Fixation,13.036134719848633,1561.5,245.90223693847656
1779805894.651093,Saccade,195.64308166503906,60.0,3164.693603515625
1779805895.00646,Fixation,32.21893310546875,355.375,370.0539245605469
1779805895.106593,Saccade,49.15606689453125,100.125,1471.4344482421875
1779805895.336715,Fixation,15.331280708312988,230.126,397.528564453125
1779805895.486838,Saccade,475.3877258300781,150.125,3123.365478515625
1779805895.872226,Fixation,16.608177185058594,385.385,285.89654541015625
1779805895.917338,Saccade,177.68296813964844,45.115,3375.560302734375
1779805897.138853,Fixation,35.27919006347656,1221.125,295.1980285644531
1779805897.228853,Saccade,543.004638671875,90.006,6465.6064453125
1779805897.459098,Fixation,25.650432586669922,230.244,274.707763671875
1779805897.509098,Saccade,145.64027404785156,50.005,2917.50732421875
1779805897.714353,Fixation,10.146537780761719,205.246,239.70632934570312
1779805897.749353,Saccade,33.12317657470703,35.0,969.7322387695312
1779805899.280853,Fixation,13.852670669555664,1531.5,240.29159545898438
1779805899.350853,Saccade,253.46913146972656,70.0,3539.190673828125
1779805899.841353,Fixation,49.318115234375,490.506,318.5723571777344
1779805900.015979,Saccade,759.6947021484375,175.119,5222.64111328125
1779805900.471356,Fixation,515.2540893554688,455.375,429.46649169921875
1779805900.506479,Saccade,63.331993103027344,35.125,2230.531982421875
1779805901.682479,Fixation,144.7168426513672,1176.001,241.30845642089844
1779805901.902723,Saccade,21.5401611328125,220.25,1495.946533203125
1779805902.483223,Fixation,203.39239501953125,580.5,350.95855712890625
1779805902.623356,Saccade,641.6410522460938,140.125,5228.85205078125
1779805902.703479,Fixation,112.96515655517578,80.125,930.5712890625
1779805902.763479,Saccade,210.4744110107422,60.0,3915.497314453125
1779805902.948723,Fixation,71.39593505859375,185.25,601.0198364257812
1779805903.284738,Saccade,460.70623779296875,335.25,3374.9150390625
1779805903.37486,Fixation,108.39012908935547,90.125,526.5670166015625
1779805903.499983,Saccade,204.66018676757812,125.125,3305.560791015625
1779805903.604983,Fixation,75.72338104248047,105.0,664.7012329101562
1779805903.640116,Saccade,80.69622039794922,35.125,2509.570068359375
1779805903.800238,Fixation,88.63191223144531,160.13,438.5772399902344
1779805903.830238,Saccade,57.23711013793945,29.995,1842.9735107421875
1779805904.370738,Fixation,59.20822525024414,540.501,301.4313659667969
1779805904.410738,Saccade,123.8066177368164,40.0,3116.872802734375
1779805905.696994,Fixation,47.59404754638672,1286.25,267.2345275878906
1779805905.721994,Saccade,43.44827651977539,25.0,1800.8787841796875
1779805905.817116,Fixation,13.734896659851074,95.125,389.308837890625
1779805905.892116,Saccade,338.9734191894531,75.0,4459.80322265625
1779805906.297444,Fixation,35.921749114990234,405.377,299.2946472167969
1779805906.407566,Saccade,45.50700759887695,110.123,1445.080810546875
1779805906.487688,Fixation,32.7035026550293,80.125,527.9780883789062
1779805906.792944,Saccade,902.8904418945312,305.25,5900.255859375
1779805907.0432,Fixation,430.97509765625,250.26,643.2421875
1779805907.073188,Saccade,79.5858383178711,29.99,2964.928466796875
1779805907.433566,Fixation,61.88763427734375,360.382,360.6846008300781
1779805907.503566,Saccade,334.3554382324219,69.993,4339.1806640625
1779805907.608688,Fixation,21.555105209350586,105.126,648.58837890625
1779805907.954066,Saccade,94.2476577758789,345.375,2910.875732421875
1779805908.144188,Fixation,30.675121307373047,190.125,380.7644958496094
1779805908.214311,Saccade,263.485107421875,70.125,4206.58740234375
1779805908.339311,Fixation,98.68030548095703,125.0,534.012451171875
1779805908.459444,Saccade,212.38304138183594,120.125,3291.64599609375
1779805908.569566,Fixation,85.7856216430664,110.125,557.835205078125
1779805909.014944,Saccade,335.60589599609375,445.375,4137.748046875
1779805909.120066,Fixation,90.32186126708984,105.125,569.534912109375
1779805909.374579,Saccade,369.5215148925781,255.25,3391.971923828125
1779805909.459712,Fixation,96.10618591308594,85.125,832.9332275390625
1779805909.479712,Saccade,28.762096405029297,20.0,2432.6015625
1779805909.589834,Fixation,174.40733337402344,110.125,996.6423950195312
1779805909.599834,Saccade,30.664226531982422,10.0,1824.701416015625
1779805909.764957,Fixation,155.5939178466797,165.125,636.666748046875
1779805909.870079,Saccade,292.4028625488281,105.125,3365.73583984375
1779805910.150334,Fixation,162.60906982421875,280.256,535.8722534179688
1779805910.210335,Saccade,327.8620300292969,59.994,5447.61669921875
1779805910.620712,Fixation,80.70645141601562,410.376,338.3868408203125
1779805910.655834,Saccade,64.92645263671875,35.124,1850.8369140625
1779805911.051079,Fixation,115.89546966552734,395.251,370.0224304199219
1779805911.106212,Saccade,305.78448486328125,55.125,5019.76904296875
1779805911.466579,Fixation,135.6268768310547,360.375,403.89874267578125
1779805911.496579,Saccade,63.54558181762695,30.0,2089.08154296875
1779805911.59159,Fixation,2.5604305267333984,95.001,355.28668212890625
1779805911.651712,Saccade,352.3641662597656,60.124,6246.51953125
1779805912.102079,Fixation,214.98268127441406,450.375,417.64923095703125
1779805912.122079,Saccade,29.843542098999023,20.0,1514.720703125
1779805912.602715,Fixation,28.54791831970215,480.5,283.96417236328125
1779805912.622715,Saccade,19.851499557495117,20.0,1001.4212036132812
1779805914.404348,Fixation,41.41437530517578,1781.632,270.1680603027344
1779805914.434348,Saccade,48.210453033447266,29.994,1503.5
1779805914.794726,Fixation,7.020303726196289,360.375,218.77098083496094
1779805914.809726,Saccade,13.676962852478027,15.002,932.9505004882812
1779805915.480761,Fixation,24.703752517700195,670.623,287.54437255859375
1779805915.510761,Saccade,38.35873031616211,30.0,1672.9171142578125
1779805916.236506,Fixation,105.0785140991211,725.75,331.0043640136719
1779805916.426639,Saccade,342.0965881347656,190.125,3533.003173828125
1779805916.882017,Fixation,128.3922576904297,455.382,365.4627990722656
1779805916.917139,Saccade,54.63087463378906,35.119,1611.8336181640625
1779805917.422517,Fixation,15.481602668762207,505.379,252.27703857421875
1779805917.457639,Saccade,109.60099029541016,35.128,2572.05078125
1779805917.787883,Fixation,38.620906829833984,330.243,263.8020324707031
1779805917.838006,Saccade,12.337126731872559,50.125,1387.9810791015625
1779805918.153261,Fixation,19.22556495666504,315.25,256.6292419433594
1779805918.198261,Saccade,83.48646545410156,45.0,1956.2967529296875
1779805918.598729,Fixation,38.97422409057617,400.375,308.3116760253906
1779805918.628729,Saccade,38.03028869628906,30.0,1326.069580078125
1779805919.009096,Fixation,8.765215873718262,380.375,289.3684387207031
1779805919.024096,Saccade,13.137145042419434,15.0,917.4120483398438
1779805919.489596,Fixation,28.665130615234375,465.501,296.37786865234375
1779805919.509596,Saccade,19.80007553100586,19.999,998.1751098632812
1779805920.270351,Fixation,34.32863998413086,760.751,292.20709228515625
1779805920.295351,Saccade,27.554922103881836,25.0,1122.1124267578125
1779805921.000984,Fixation,19.205814361572266,705.635,282.56976318359375
1779805921.020973,Saccade,20.080997467041016,19.99,1023.6405029296875
1779805921.746578,Fixation,12.72120189666748,725.625,295.6139831542969
1779805921.881711,Saccade,23.493070602416992,135.129,1322.4188232421875
1779805924.674262,Fixation,27.55231285095215,2792.622,279.37066650390625
1779805924.699262,Saccade,24.727813720703125,25.0,993.6697998046875
1779805925.13464,Fixation,20.024662017822266,435.375,287.39434814453125
1779805925.189762,Saccade,41.956398010253906,55.125,1097.0269775390625
1779805925.805262,Fixation,68.36984252929688,615.501,325.3927001953125
1779805925.885384,Saccade,343.9473571777344,80.125,4374.93017578125
1779805926.791262,Fixation,105.29331970214844,905.875,349.53790283203125
1779805926.821262,Saccade,60.04547119140625,30.0,1723.7344970703125
1779805927.151517,Fixation,1.3501087427139282,330.25,345.82171630859375
1779805927.266639,Saccade,352.4299621582031,115.125,3329.224853515625
1779805929.073248,Fixation,139.28611755371094,1806.751,301.82415771484375
1779805929.098248,Saccade,27.676944732666016,25.0,1180.470458984375
1779805930.289371,Fixation,51.693687438964844,1191.125,299.6841735839844
1779805930.309371,Saccade,19.384920120239258,20.005,959.4818115234375
1779805931.510153,Fixation,8.372063636779785,1201.12,335.45123291015625
1779805931.745275,Saccade,52.61199188232422,235.125,2239.017578125
1779805932.781286,Fixation,92.85848236083984,1036.005,349.4400939941406
1779805932.871408,Saccade,408.7357482910156,90.125,4452.55810546875
1779805932.991531,Fixation,55.51324462890625,120.121,449.65655517578125
1779805933.036531,Saccade,162.30511474609375,45.0,3472.9697265625
1779805933.286775,Fixation,22.399282455444336,250.25,443.1343078613281
1779805933.351775,Saccade,243.335205078125,65.0,3525.326904296875
1779805933.562037,Fixation,48.991580963134766,210.25,486.351318359375
1779805933.592037,Saccade,39.1807746887207,30.0,1242.2088623046875
1779805933.732159,Fixation,16.182174682617188,140.125,397.25091552734375
1779805933.747159,Saccade,22.58183479309082,15.0,1301.224365234375
1779805933.927281,Fixation,38.6995735168457,180.125,522.2125244140625
1779805934.012415,Saccade,427.38311767578125,85.128,5020.6494140625
1779805934.222659,Fixation,48.188846588134766,210.247,370.3845520019531
1779805934.242659,Saccade,24.763959884643555,20.0,1102.4013671875
1779805934.783159,Fixation,40.486358642578125,540.5,284.7728576660156
1779805934.943281,Saccade,49.82807159423828,160.125,1578.565673828125
1779805935.058415,Fixation,27.313732147216797,115.125,516.5817260742188
1779805935.168537,Saccade,448.72088623046875,110.13,5215.69873046875
1779805935.844159,Fixation,193.07736206054688,675.621,403.1832580566406
1779805935.969281,Saccade,429.9955749511719,125.125,5163.21875
1779805936.900443,Fixation,297.85858154296875,930.75,382.6614685058594
1779805936.930565,Saccade,36.360782623291016,30.125,1166.4844970703125
1779805938.056576,Fixation,20.138545989990234,1126.005,299.96954345703125
1779805938.076576,Saccade,20.411495208740234,20.004,1119.5924072265625
1779805939.042443,Fixation,7.2158660888671875,965.867,274.39093017578125
1779805939.227699,Saccade,39.3964729309082,185.25,1317.234619140625
1779805940.94922,Fixation,51.71577453613281,1721.5,273.2174987792969
1779805941.049353,Saccade,450.16143798828125,100.134,5064.28369140625
1779805941.524842,Fixation,208.5546112060547,475.491,526.9532470703125
1779805941.614842,Saccade,495.699462890625,90.001,6199.3291015625
1779805942.105342,Fixation,319.668212890625,490.5,501.5633544921875
1779805942.185342,Saccade,426.221435546875,80.0,5419.1064453125
1779805943.116416,Fixation,77.4775619506836,930.888,416.3771667480469
1779805943.136405,Saccade,36.75244903564453,19.987,1500.2567138671875
1779805943.396661,Fixation,11.258313179016113,260.263,366.96624755859375
1779805943.491794,Saccade,432.00494384765625,95.127,4662.82470703125
1779805945.128272,Fixation,117.2515869140625,1636.486,306.3081970214844
1779805945.173405,Saccade,22.90371322631836,45.129,1800.9393310546875
1779805947.430031,Fixation,0.9635198712348938,2256.996,298.51031494140625
1779805947.470031,Saccade,57.13602066040039,40.0,1528.3111572265625
1779805948.030653,Fixation,13.667442321777344,560.626,314.1810607910156
1779805948.080653,Saccade,113.09457397460938,50.0,2002.1651611328125
1779805950.718515,Fixation,32.82777404785156,2637.375,285.7516174316406
1779805950.743637,Saccade,30.296321868896484,25.127,1220.1070556640625
1779805951.058892,Fixation,3.2775373458862305,315.249,320.88604736328125
1779805951.359137,Saccade,54.5264892578125,300.25,1692.87890625
1779805951.504259,Fixation,22.700424194335938,145.125,481.8874816894531
1779805951.529259,Saccade,36.97373962402344,25.0,1188.494873046875
1779805953.460866,Fixation,12.371745109558105,1931.875,296.3627624511719
1779805953.520866,Saccade,182.86599731445312,60.0,2588.451904296875
1779805953.726121,Fixation,40.94888687133789,205.25,303.13836669921875
1779805953.776121,Saccade,182.70169067382812,50.0,3518.72900390625
1779805953.966244,Fixation,29.4311580657959,190.126,359.0117492675781
1779805953.986366,Saccade,21.683822631835938,20.125,1098.006591796875
1779805954.076366,Fixation,9.714962005615234,90.0,287.65972900390625
1779805954.266621,Saccade,180.5435028076172,190.25,2091.783935546875
1779805954.371621,Fixation,24.7206974029541,105.0,331.2117919921875
1779805954.386744,Saccade,15.001106262207031,15.125,977.2698364257812
1779805954.556866,Fixation,25.255910873413086,170.125,393.4682922363281
1779805954.651988,Saccade,476.1532287597656,95.125,5520.44140625
1779805955.02721,Fixation,13.41901683807373,375.25,452.3536376953125
1779805955.202455,Saccade,479.46435546875,175.25,3861.89453125
1779805955.56271,Fixation,53.3237419128418,360.25,370.8009338378906
1779805955.597833,Saccade,50.04983901977539,35.125,1295.7645263671875
1779805955.993088,Fixation,35.92591094970703,395.25,369.71270751953125
1779805956.02321,Saccade,46.71038055419922,30.127,1585.530517578125
1779805956.223333,Fixation,47.38644790649414,200.123,445.0572509765625
1779805956.238333,Saccade,32.64119338989258,15.0,1800.8453369140625
1779805956.57871,Fixation,129.8203125,340.375,517.750244140625
1779805956.838955,Saccade,403.6697692871094,260.25,3872.6103515625
1779805957.079088,Fixation,143.5508270263672,240.126,577.9183959960938
1779805957.12421,Saccade,244.76187133789062,45.125,4191.5224609375
1779805957.289333,Fixation,6.7459235191345215,165.125,323.00701904296875
1779805957.339333,Saccade,218.1038360595703,50.0,4399.4287109375
1779805957.419466,Fixation,23.09410285949707,80.125,383.2225036621094
1779805957.454466,Saccade,73.39209747314453,35.0,1727.6943359375
1779805957.935253,Fixation,14.509495735168457,480.5,340.353271484375
1779805957.960253,Saccade,32.91128158569336,25.004,1325.9736328125
1779805958.170375,Fixation,3.3124446868896484,210.125,348.52337646484375
1779805958.185498,Saccade,15.692071914672852,15.121,944.6345825195312
1779805958.37562,Fixation,11.552042007446289,190.125,371.7952575683594
1779805958.40562,Saccade,26.6396484375,30.0,964.792236328125
1779805959.356498,Fixation,31.205242156982422,950.875,316.7198791503906
1779805959.38662,Saccade,30.749025344848633,30.125,1034.281494140625
1779805960.242375,Fixation,19.168935775756836,855.75,318.8785400390625
1779805960.272375,Saccade,34.17972183227539,30.0,1122.2451171875
1779805960.927636,Fixation,39.60712814331055,655.626,313.75909423828125
1779805961.007636,Saccade,27.613006591796875,80.0,1366.53515625
1779805961.187891,Fixation,18.3088321685791,180.253,437.5738525390625
1779805961.503147,Saccade,31.260009765625,315.252,3593.926025390625
1779805961.943514,Fixation,9.608129501342773,440.37,388.9197692871094
1779805961.963636,Saccade,18.023862838745117,20.125,930.8994750976562
1779805962.529136,Fixation,48.25471115112305,565.5,281.42010498046875
1779805962.644258,Saccade,29.5423526763916,115.125,1516.6973876953125
1779805962.824392,Fixation,19.808271408081055,180.125,395.53271484375
1779805962.854392,Saccade,22.682518005371094,30.0,901.3121337890625
1779805962.999525,Fixation,38.967002868652344,145.134,442.5981140136719
1779805963.154636,Saccade,452.3017883300781,155.116,3971.0537109375
1779805964.166005,Fixation,382.4128112792969,1011.001,440.30255126953125
1779805964.191005,Saccade,30.167808532714844,25.0,1198.31689453125
1779805964.321139,Fixation,38.86781311035156,130.125,490.6627502441406
1779805964.341139,Saccade,18.472442626953125,20.004,1064.465576171875
1779805964.556383,Fixation,11.233981132507324,215.246,381.9499816894531
1779805964.861639,Saccade,514.0300903320312,305.26,3795.382568359375
1779805965.627383,Fixation,292.5710144042969,765.74,499.4348449707031
1779805965.672383,Saccade,7.360166549682617,45.0,1483.9056396484375
1779805966.428139,Fixation,1.794103741645813,755.75,342.80462646484375
1779805966.483139,Saccade,138.33563232421875,55.0,2443.86669921875
1779805966.773394,Fixation,25.61128807067871,290.258,421.6612548828125
1779805966.818383,Saccade,128.0843048095703,44.992,2891.560791015625
1779805967.053051,Fixation,16.526140213012695,235.251,341.87396240234375
1779805967.103173,Saccade,75.68745422363281,50.125,1817.0814208984375
1779805967.433418,Fixation,5.87762451171875,330.251,393.1792297363281
1779805967.473418,Saccade,97.11041259765625,39.999,2114.221923828125
1779805967.908795,Fixation,20.19755744934082,435.375,308.6190185546875
1779805967.958918,Saccade,10.319631576538086,50.125,1439.1363525390625
1779805968.524418,Fixation,16.457122802734375,565.5,301.8018493652344
1779805968.579418,Saccade,246.1000518798828,55.0,4235.61083984375
1779805968.714551,Fixation,21.765010833740234,135.125,367.4956970214844
1779805968.734673,Saccade,19.032581329345703,20.125,1013.701904296875
1779805969.465295,Fixation,224.82958984375,730.625,399.1968688964844
1779805969.505296,Saccade,84.30394744873047,40.0,1953.0716552734375
1779805969.840673,Fixation,114.77778625488281,335.375,351.6659240722656
1779805969.875778,Saccade,65.64413452148438,35.0,1842.4620361328125
1779805970.111022,Fixation,87.96514129638672,235.25,365.1922302246094
1779805970.146023,Saccade,96.7860336303711,35.001,2954.595703125
1779805970.6164,Fixation,135.3802947998047,470.375,395.7389831542969
1779805970.651534,Saccade,65.68880462646484,35.131,2141.6220703125
1779805970.806656,Fixation,93.88411712646484,155.119,412.5213317871094
1779805970.841656,Saccade,109.90148162841797,35.0,2665.6552734375
1779805972.1329,Fixation,312.7079772949219,1291.25,494.5967102050781
1779805972.2129,Saccade,355.44293212890625,80.0,4441.02880859375
1779805972.948442,Fixation,303.91571044921875,735.755,484.3085021972656
1779805973.003442,Saccade,247.27354431152344,54.995,4125.52978515625
1779805973.313686,Fixation,19.283493041992188,310.25,310.44879150390625
1779805973.343808,Saccade,56.40856170654297,30.125,1572.2373046875
1779805974.434819,Fixation,328.814697265625,1091.005,493.04669189453125
1779805974.679941,Saccade,352.89105224609375,245.121,4584.384765625
1779805974.865197,Fixation,350.3185119628906,185.263,851.0407104492188
1779805975.100441,Saccade,242.26705932617188,235.237,2813.986572265625
1779805975.425697,Fixation,117.05313873291016,325.254,378.28070068359375
1779805975.510819,Saccade,27.757633209228516,85.121,1663.5091552734375
1779805976.211887,Fixation,184.1126251220703,700.625,492.5249938964844
1779805976.427009,Saccade,671.3717651367188,215.126,6331.85498046875
1779805976.797387,Fixation,553.31201171875,370.375,747.7923583984375
1779805976.842387,Saccade,138.5367889404297,45.002,3355.511962890625
1779805977.688265,Fixation,46.35200881958008,845.873,377.8725280761719
1779805977.783265,Saccade,60.63253402709961,95.0,1714.02294921875
1779805978.288765,Fixation,119.98030090332031,505.5,339.58599853515625
1779805978.564009,Saccade,29.230558395385742,275.25,2648.453857421875
1779805978.674131,Fixation,43.995426177978516,110.125,438.4179382324219
1779805978.719131,Saccade,146.04335021972656,45.0,3363.7841796875
1779805979.630088,Fixation,233.76393127441406,910.879,350.6592102050781
1779805979.655099,Saccade,33.731719970703125,25.001,1364.5609130859375
1779805980.030466,Fixation,32.57012176513672,375.37,296.26690673828125
1779805980.045466,Saccade,18.34465980529785,15.001,1201.672607421875
1779805981.141466,Fixation,39.663692474365234,1096.0,271.97479248046875
1779805981.536844,Saccade,318.69049072265625,395.375,2017.6336669921875
1779805982.582315,Fixation,111.31929016113281,1046.0,376.554931640625
1779805982.602315,Saccade,27.381994247436523,20.0,1126.4605712890625
1779805982.93756,Fixation,94.25505828857422,335.25,460.3063049316406
1779805982.952693,Saccade,18.35300064086914,15.134,1083.8321533203125
1779805983.978571,Fixation,127.27710723876953,1025.876,363.7945251464844
1779805984.063693,Saccade,333.0050048828125,85.116,3451.77685546875
1779805984.52406,Fixation,53.16486358642578,460.375,345.5410461425781
1779805984.55906,Saccade,53.47658920288086,35.0,1645.5137939453125
1779805984.699193,Fixation,32.548744201660156,140.125,396.0135803222656
1779805984.724327,Saccade,27.642641067504883,25.137,1199.918701171875
1779805985.049824,Fixation,6.984254837036133,325.25,370.2104187011719
1779805985.079813,Saccade,67.80772399902344,29.988,1774.3125
1779805985.39019,Fixation,14.128388404846191,310.375,286.3343811035156
1779805985.860568,Saccade,34.35896682739258,470.375,2316.974609375
1779805986.105824,Fixation,14.813615798950195,245.257,329.6004638671875
1779805986.125813,Saccade,34.19081497192383,19.994,1347.82568359375
1779805986.315946,Fixation,63.88390350341797,190.131,362.81024169921875
1779805986.446068,Saccade,182.04823303222656,130.121,2702.076171875
1779805987.747313,Fixation,30.17612648010254,1301.248,280.1009521484375
1779805987.767313,Saccade,21.139781951904297,20.0,1009.6113891601562
1779805987.987568,Fixation,8.70003604888916,220.25,401.2198181152344
1779805988.173054,Saccade,154.134521484375,185.125,2692.846923828125
1779805988.273176,Fixation,31.05507469177246,100.125,463.6526184082031
1779805988.293176,Saccade,19.983726501464844,20.0,977.1340942382812
1779805988.378309,Fixation,21.12919044494629,85.125,424.4287109375
1779805988.438309,Saccade,30.314237594604492,60.0,1579.6583251953125
1779805988.648554,Fixation,62.19130325317383,210.25,405.4517517089844
1779805988.738554,Saccade,365.9184265136719,90.0,4748.49755859375
1779805988.818676,Fixation,22.805105209350586,80.125,470.86480712890625
1779805988.843676,Saccade,54.47541809082031,25.0,2097.06689453125
1779805988.923809,Fixation,48.42171859741211,80.131,686.7197265625
1779805989.098932,Saccade,160.40664672851562,175.119,1252.568359375
1779805989.269054,Fixation,40.89772033691406,170.125,490.13287353515625
1779805989.394176,Saccade,502.1693420410156,125.125,4172.1318359375
1779805989.739554,Fixation,255.1573028564453,345.376,621.453857421875
1779805989.894676,Saccade,658.2041015625,155.125,5941.78857421875
1779805990.049809,Fixation,366.9737854003906,155.125,985.0133666992188
1779805990.204943,Saccade,190.03627014160156,155.138,4069.7783203125
1779805990.385054,Fixation,190.50038146972656,180.112,674.3848266601562
1779805990.415176,Saccade,48.402374267578125,30.125,1420.763427734375
1779805990.605309,Fixation,70.66378021240234,190.125,440.5829772949219
1779805990.825554,Saccade,498.3514099121094,220.25,4019.555419921875
1779805990.900565,Fixation,106.80669403076172,75.004,819.2293090820312
1779805990.985676,Saccade,97.46368408203125,85.121,2586.2841796875
1779805991.070809,Fixation,48.37571334838867,85.125,755.364013671875
1779805991.130153,Saccade,14.446267127990723,60.0,2106.609375
1779805991.305275,Fixation,89.7667007446289,175.125,637.44970703125
1779805991.350398,Saccade,166.33872985839844,45.125,3689.14013671875
1779805991.425398,Fixation,40.9529914855957,75.0,586.677734375
1779805991.685653,Saccade,229.69586181640625,260.25,2100.598388671875
1779805991.770775,Fixation,22.34086036682129,85.125,462.297607421875
1779805991.830775,Saccade,60.57621765136719,60.003,2720.23388671875
1779805991.985898,Fixation,78.49845886230469,155.122,557.2981567382812
1779805992.02602,Saccade,121.41693878173828,40.125,3430.06298828125
1779805992.11102,Fixation,49.46705627441406,85.0,682.279296875
1779805992.236153,Saccade,119.70417022705078,125.125,2073.99072265625
1779805992.326275,Fixation,35.47989273071289,90.13,582.2578125
1779805992.521398,Saccade,374.0234069824219,195.121,3424.439208984375
1779805992.65152,Fixation,34.19891357421875,130.124,459.6493225097656
1779805992.691653,Saccade,96.15570068359375,40.125,2493.978271484375
1779805992.956775,Fixation,73.22232055664062,265.126,367.2582702636719
1779805993.001898,Saccade,31.02510643005371,45.124,1738.9305419921875
1779805993.117031,Fixation,34.080833435058594,115.126,352.1944580078125
1779805993.352153,Saccade,433.0517272949219,235.125,3191.06494140625
1779805993.497287,Fixation,107.41387939453125,145.133,567.2200317382812
1779805993.707531,Saccade,266.1543884277344,210.242,2661.7919921875
1779805993.897653,Fixation,20.4749698638916,190.125,344.07781982421875
1779805993.957775,Saccade,205.58001708984375,60.125,3392.322998046875
1779805994.13292,Fixation,75.86164855957031,175.141,360.97515869140625
1779805994.173302,Saccade,75.09261322021484,39.984,2050.389892578125
1779805994.383558,Fixation,78.05935668945312,210.25,386.6379699707031
1779805994.45868,Saccade,318.4089660644531,75.125,3879.93359375
1779805994.538691,Fixation,27.271093368530273,80.009,471.9981689453125
1779805994.693802,Saccade,536.00244140625,155.116,5226.80517578125
1779805994.848935,Fixation,54.27742385864258,155.132,539.2801513671875
1779805994.889058,Saccade,104.53154754638672,40.118,2080.578369140625
1779805995.07918,Fixation,45.56235122680664,190.125,497.15423583984375
1779805995.234302,Saccade,333.398193359375,155.125,3563.23876953125
1779805995.429558,Fixation,251.34848022460938,195.25,626.337646484375
1779805995.459558,Saccade,107.88546752929688,30.005,2988.669189453125
1779805995.60968,Fixation,82.89820861816406,150.12,471.2156677246094
1779805995.629691,Saccade,22.26392936706543,20.015,1258.280517578125
1779805996.12518,Fixation,112.31608581542969,495.486,380.9674072265625
1779805996.16018,Saccade,57.54380416870117,35.0,1635.0728759765625
1779805996.390435,Fixation,45.99513244628906,230.25,385.0686950683594
1779805996.485558,Saccade,505.4115905761719,95.125,5475.435546875
1779805996.590558,Fixation,28.916805267333984,105.0,508.12640380859375
1779805996.63568,Saccade,145.583740234375,45.125,2918.261962890625
1779805996.790802,Fixation,17.54311752319336,155.125,373.1778259277344
1779805996.835802,Saccade,153.9707489013672,45.0,3006.671630859375
1779805997.076058,Fixation,6.726071834564209,240.25,304.5147705078125
1779805997.161295,Saccade,443.1500244140625,85.125,4556.56396484375
1779805997.351429,Fixation,19.37362289428711,190.129,338.3343505859375
1779805997.381418,Saccade,41.31512451171875,29.996,1251.7728271484375
1779805997.686673,Fixation,10.594186782836914,305.25,314.9830017089844
1779805997.786807,Saccade,33.63096618652344,100.135,1249.6544189453125
1779805998.447429,Fixation,25.009824752807617,660.619,294.9507751464844
1779805998.532562,Saccade,410.8545837402344,85.131,4601.23779296875
1779805998.817796,Fixation,21.68291473388672,285.241,440.8567199707031
1779805998.847795,Saccade,43.16307067871094,29.999,1423.935302734375
1779805999.012918,Fixation,4.197251319885254,165.125,390.7568359375
1779805999.053051,Saccade,68.46088409423828,40.126,1639.7174072265625
1779805999.388295,Fixation,15.746447563171387,335.25,328.34381103515625
1779805999.413296,Saccade,35.485443115234375,25.0,1351.7568359375
1779805999.678551,Fixation,15.02743148803711,265.249,395.0406799316406
1779805999.713551,Saccade,49.88362121582031,35.001,1444.781005859375
1779806000.073918,Fixation,8.580881118774414,360.375,329.2673645019531
1779806000.098918,Saccade,49.92551803588867,25.0,1504.0093994140625
1779806000.239372,Fixation,7.007795810699463,140.125,366.669677734375
1779806000.324495,Saccade,186.9978485107422,85.125,2788.93994140625
1779806000.444617,Fixation,5.251934051513672,120.125,401.2735595703125
1779806000.629761,Saccade,467.1351318359375,185.137,3226.79150390625
1779806001.08525,Fixation,46.18470001220703,455.495,463.224609375
1779806001.250372,Saccade,5.396788597106934,165.118,1130.870849609375
1779806001.340372,Fixation,19.886157989501953,90.0,409.2319030761719
1779806001.445495,Saccade,234.6854248046875,105.129,2692.83935546875
1779806001.650739,Fixation,11.680817604064941,205.246,463.1131591796875
1779806001.750739,Saccade,308.8473815917969,100.0,3197.511474609375
1779806001.840872,Fixation,8.264618873596191,90.125,457.6754455566406
1779806002.25625,Saccade,318.2882385253906,415.376,2079.89501953125
1779806002.391372,Fixation,33.90671920776367,135.125,435.2612609863281
1779806002.451495,Saccade,127.2919921875,60.124,2119.837890625
1779806002.611639,Fixation,9.479297637939453,160.142,320.3583679199219
1779806002.641617,Saccade,33.541263580322266,29.985,1134.3270263671875
1779806002.73175,Fixation,5.90583610534668,90.124,326.695068359375
1779806002.806761,Saccade,354.5931091308594,75.016,4844.78076171875
1779806003.142128,Fixation,3.4068751335144043,335.367,331.9972229003906
1779806003.196367,Saccade,225.15419006347656,54.992,4149.61181640625
1779806003.3365,Fixation,17.226694107055664,140.133,345.39617919921875
1779806003.3665,Saccade,55.570594787597656,30.001,1534.7774658203125
1779806003.571744,Fixation,5.637363433837891,205.241,238.97203063964844
1779806003.616745,Saccade,103.84798431396484,45.0,2483.649658203125
1779806003.691867,Fixation,18.510692596435547,75.125,368.3768005371094
1779806003.912,Saccade,327.3398742675781,220.125,2649.923095703125
1779806004.037122,Fixation,10.777008056640625,125.129,480.0538635253906
1779806004.117244,Saccade,85.50675964355469,80.121,1855.1005859375
1779806004.312367,Fixation,2.102741241455078,195.125,376.7040100097656
1779806004.3625,Saccade,169.72264099121094,50.131,3509.994140625
1779806004.487622,Fixation,16.312780380249023,125.119,341.2886047363281
1779806004.762867,Saccade,248.4592742919922,275.25,2255.263671875
1779806004.908,Fixation,27.664247512817383,145.125,509.7225036621094
1779806005.018122,Saccade,212.91424560546875,110.125,2243.059814453125
1779806005.128122,Fixation,16.773672103881836,110.0,431.0690612792969
1779806005.348367,Saccade,326.7000732421875,220.251,2087.23779296875
1779806005.5085,Fixation,25.709352493286133,160.124,392.03948974609375
1779806005.578622,Saccade,221.67791748046875,70.125,2694.216064453125
1779806005.813745,Fixation,20.414491653442383,235.126,438.9676513671875
1779806005.853867,Saccade,53.505008697509766,40.124,1458.8121337890625
1779806005.969,Fixation,10.587812423706055,115.126,360.1140441894531
1779806006.069,Saccade,263.92388916015625,100.0,2715.4599609375
1779806006.179122,Fixation,4.141828536987305,110.125,508.924560546875
1779806006.314574,Saccade,47.09318923950195,135.125,1187.10302734375
1779806006.489697,Fixation,2.713566303253174,175.125,472.6571960449219
1779806006.649952,Saccade,285.1954650878906,160.25,3340.657958984375
1779806006.895074,Fixation,40.49431610107422,245.125,459.95513916015625
1779806007.04533,Saccade,340.2004699707031,150.25,3116.240478515625
1779806007.230452,Fixation,69.75804901123047,185.125,484.7518310546875
1779806007.255452,Saccade,25.062963485717773,25.0,1467.1322021484375
1779806007.470696,Fixation,94.77276611328125,215.25,542.2388305664062
1779806007.60583,Saccade,114.66529846191406,135.125,3063.608642578125
1779806008.091197,Fixation,150.04737854003906,485.375,469.3309631347656
1779806008.14633,Saccade,208.67971801757812,55.125,3634.98388671875
1779806008.24633,Fixation,52.696895599365234,100.006,400.3550720214844
1779806008.336452,Saccade,104.2979965209961,90.119,2734.583740234375
1779806008.556696,Fixation,46.9869499206543,220.25,336.5721435546875
1779806008.591697,Saccade,77.14808654785156,35.0,2345.214599609375
1779806008.811952,Fixation,26.34076690673828,220.25,289.64593505859375
1779806008.977074,Saccade,72.38922119140625,165.126,1929.5712890625
1779806009.192208,Fixation,17.46316909790039,215.125,392.82379150390625
1779806009.252507,Saccade,304.3462829589844,60.125,5125.28955078125
1779806009.552751,Fixation,18.754152297973633,300.25,367.6280822753906
1779806009.587751,Saccade,52.90141677856445,35.0,1546.3724365234375
1779806009.783007,Fixation,11.00423812866211,195.25,314.3296813964844
1779806009.838007,Saccade,266.85614013671875,55.0,4571.97900390625
1779806010.023251,Fixation,62.29392623901367,185.25,433.2521057128906
1779806010.098251,Saccade,231.76535034179688,75.0,3325.94189453125
1779806010.283385,Fixation,43.15768051147461,185.125,334.14019775390625
1779806010.333507,Saccade,143.79335021972656,50.125,2497.693115234375
1779806010.613751,Fixation,47.630794525146484,280.25,364.0618896484375
1779806010.693885,Saccade,367.20220947265625,80.125,4615.1982421875
1779806010.964129,Fixation,68.4058609008789,270.25,356.1516418457031
1779806010.994129,Saccade,37.360111236572266,30.005,1241.0916748046875
1779806011.339385,Fixation,34.405601501464844,345.246,336.9994812011719
1779806011.369507,Saccade,35.7672004699707,30.125,1291.188232421875
1779806011.474507,Fixation,12.019357681274414,105.0,431.7027587890625
1779806011.64964,Saccade,190.97421264648438,175.137,2555.594482421875
1779806011.729751,Fixation,15.306699752807617,80.112,543.9437255859375
1779806011.804884,Saccade,357.5882873535156,75.125,4607.96240234375
1779806012.055129,Fixation,130.4388885498047,250.251,573.8256225585938
1779806012.090129,Saccade,111.97722625732422,34.999,2773.981689453125
1779806012.245251,Fixation,38.70344543457031,155.126,499.1935119628906
1779806012.310082,Saccade,175.8990020751953,65.0,3332.6181640625
1779806012.425216,Fixation,26.84755516052246,115.125,366.1810607910156
1779806012.505338,Saccade,348.55218505859375,80.125,4534.130859375
1779806012.69046,Fixation,18.251930236816406,185.125,357.7054443359375
1779806012.71046,Saccade,17.693708419799805,20.0,976.5321044921875
1779806012.895716,Fixation,22.69489860534668,185.25,271.84228515625
1779806012.930716,Saccade,51.39569091796875,35.0,1536.1728515625
1779806013.276082,Fixation,14.551239967346191,345.375,324.1885681152344
1779806013.336082,Saccade,162.22657775878906,60.0,2711.443603515625
1779806013.556338,Fixation,21.196735382080078,220.25,313.5957336425781
1779806013.611338,Saccade,282.6630554199219,55.0,5145.60400390625
1779806013.851593,Fixation,16.883731842041016,240.254,285.33367919921875
1779806014.041716,Saccade,530.0068969726562,190.121,4195.01708984375
1779806014.206838,Fixation,241.76055908203125,165.125,815.2824096679688
1779806014.432093,Saccade,486.61956787109375,225.252,4909.82861328125
1779806014.647338,Fixation,175.27066040039062,215.248,471.56036376953125
1779806014.682338,Saccade,140.4640655517578,35.0,3922.736328125
1779806014.922582,Fixation,77.8967056274414,240.25,422.3821716308594
1779806015.047716,Saccade,248.5647735595703,125.126,2334.55859375
1779806015.162838,Fixation,22.485618591308594,115.127,499.8507385253906
1779806015.197849,Saccade,61.16280746459961,35.006,1881.761962890625
1779806015.31796,Fixation,17.541194915771484,120.116,292.6395568847656
1779806015.353449,Saccade,68.3918228149414,35.001,1842.560302734375
1779806015.723827,Fixation,106.28693389892578,370.375,425.1548767089844
1779806015.883949,Saccade,470.4139099121094,160.125,4744.7451171875
1779806016.044072,Fixation,123.25647735595703,160.125,874.8622436523438
1779806016.384449,Saccade,250.28469848632812,340.375,3506.851318359375
1779806016.494449,Fixation,25.04035186767578,110.0,960.13623046875
1779806016.519572,Saccade,24.379959106445312,25.125,1620.201171875
1779806016.714705,Fixation,59.90852737426758,195.125,1216.0712890625
1779806016.824827,Saccade,33.91716766357422,110.127,5517.4248046875
1779806017.04496,Fixation,23.747638702392578,220.135,1473.4935302734375
1779806017.065083,Saccade,19.048263549804688,20.117,2622.015625
1779806017.150083,Fixation,33.30947494506836,84.997,917.6640625
1779806017.205205,Saccade,23.83479118347168,55.124,1828.1627197265625
1779806017.580461,Fixation,16.86871337890625,375.255,758.2542114257812
1779806017.605583,Saccade,4.073164939880371,25.129,1872.353515625
1779806020.362953,Fixation,16.2596378326416,2757.492,345.17633056640625
1779806020.382953,Saccade,21.425342559814453,20.0,1074.3427734375
1779806021.793915,Fixation,7.364658355712891,1411.376,383.4974060058594
1779806021.818915,Saccade,25.139196395874023,25.0,1029.9105224609375
1779806022.759793,Fixation,10.886021614074707,940.879,359.5133361816406
1779806022.779804,Saccade,19.24207305908203,20.004,1012.0099487304688
1779806023.585548,Fixation,22.694416046142578,805.742,353.42376708984375
1779806023.600548,Saccade,15.084718704223633,15.0,985.391845703125
1779806025.14173,Fixation,12.584867477416992,1541.376,347.53985595703125
1779806025.161741,Saccade,19.35662269592285,20.006,1066.4449462890625
1779806025.872497,Fixation,17.676725387573242,710.75,383.48382568359375
1779806025.892485,Saccade,18.398418426513672,19.998,966.4264526367188
1779806029.575973,Fixation,17.528886795043945,3683.372,339.0076904296875
1779806029.590973,Saccade,15.328746795654297,15.0,1114.1055908203125
1779806033.089384,Fixation,17.386640548706055,3498.251,343.787109375
1779806033.109384,Saccade,18.44634246826172,20.0,1003.424072265625
1779806037.228499,Fixation,15.670327186584473,4118.756,325.2189025878906
1779806037.243621,Saccade,13.389972686767578,15.121,866.5655517578125
1779806044.549581,Fixation,17.739295959472656,7306.752,342.8326110839844
1779806044.564581,Saccade,18.132455825805664,15.0,940.6390380859375
1779806047.25233,Fixation,3.4978246688842773,2687.501,322.4425048828125
1779806047.27233,Saccade,16.186397552490234,20.0,888.5430297851562
1779806047.597586,Fixation,7.127248287200928,325.25,267.1092834472656
1779806047.692708,Saccade,8.207744598388672,95.125,2374.166259765625
1779806048.168086,Fixation,9.604019165039062,475.375,324.6473693847656
1779806048.183086,Saccade,15.84100341796875,15.006,1155.54248046875
1779806048.40333,Fixation,5.26381778717041,220.248,334.3535461425781
1779806048.508452,Saccade,19.815982818603516,105.121,1971.240234375
1779806053.598099,Fixation,12.164146423339844,5089.627,339.2003173828125
1779806053.623221,Saccade,25.99312400817871,25.125,1007.4842529296875
1779806056.766304,Fixation,16.343557357788086,3142.876,333.9829406738281
1779806056.781305,Saccade,15.1704740524292,15.0,1028.6663818359375
1779806056.931427,Fixation,17.17432403564453,150.125,382.0438232421875
1779806056.981427,Saccade,15.432836532592773,50.0,1097.853759765625
1779806058.547496,Fixation,29.20293617248535,1566.5,393.3238525390625
1779806058.562496,Saccade,11.51284122467041,15.0,791.2916259765625
1779806058.877752,Fixation,19.372894287109375,315.25,323.6189880371094
1779806058.897874,Saccade,18.928720474243164,20.125,980.1093139648438
1779806059.418252,Fixation,10.156373023986816,520.376,345.4638977050781
1779806059.433374,Saccade,16.516817092895508,15.125,1149.216064453125
1779806061.825945,Fixation,6.564820766448975,2392.125,347.75775146484375
1779806061.876067,Saccade,3.8900949954986572,50.125,1334.4453125
1779806067.761176,Fixation,22.121694564819336,5885.377,360.1912841796875
1779806067.781176,Saccade,16.301029205322266,20.0,804.1864013671875
1779806068.782176,Fixation,12.444046974182129,1001.0,334.0863952636719
1779806068.797188,Saccade,18.471572875976562,15.005,990.9601440429688
1779806070.124032,Fixation,18.508014678955078,1326.246,362.5213928222656
1779806070.199044,Saccade,6.8427019119262695,75.01,2352.410400390625
1779806070.64941,Fixation,11.431804656982422,450.365,305.2602233886719
1779806070.734533,Saccade,25.941165924072266,85.125,1774.8084716796875
1779806073.076655,Fixation,22.403894424438477,2342.125,341.5155029296875
1779806073.091757,Saccade,13.887436866760254,15.005,979.8531494140625
1779806074.688245,Fixation,4.949326515197754,1596.496,383.4741516113281
1779806074.703245,Saccade,19.426401138305664,15.0,1108.9119873046875
1779806074.798379,Fixation,28.782072067260742,95.126,408.7737121582031
1779806074.828379,Saccade,23.661949157714844,29.999,955.401611328125
1779806075.243757,Fixation,21.06830596923828,415.385,350.177734375
1779806075.258745,Saccade,20.09200096130371,14.99,1024.7061767578125
1779806075.844379,Fixation,9.271681785583496,585.625,362.4562683105469
1779806075.869379,Saccade,18.51988983154297,25.001,949.2647094726562
1779806076.109168,Fixation,19.96124839782715,240.25,310.5894775390625
1779806076.134179,Saccade,22.129802703857422,25.008,927.0810546875
1779806077.610546,Fixation,3.871044158935547,1476.367,381.9394836425781
1779806077.765668,Saccade,18.006587982177734,155.125,1062.2752685546875
1779806077.90079,Fixation,13.06233024597168,135.125,392.6059875488281
1779806077.96079,Saccade,8.572785377502441,60.0,1134.2904052734375
1779806078.776546,Fixation,6.888976097106934,815.75,356.4222412109375
1779806078.791668,Saccade,13.166074752807617,15.125,1135.55712890625
1779806079.257393,Fixation,3.9393093585968018,465.375,391.2069396972656
1779806079.277393,Saccade,18.099111557006836,20.0,977.3408203125
1779806079.782893,Fixation,8.801222801208496,505.501,343.02978515625
1779806079.802893,Saccade,20.0152645111084,20.0,1006.3425903320312
1779806080.378393,Fixation,8.977766036987305,575.5,346.7610778808594
1779806080.398393,Saccade,24.91193389892578,20.0,1249.6514892578125
1779806081.829771,Fixation,21.550569534301758,1431.375,271.79620361328125
1779806081.854771,Saccade,36.15271759033203,25.0,1539.1361083984375
1779806081.944905,Fixation,12.416854858398438,90.136,743.4299926757812
1779806082.034893,Saccade,73.37848663330078,89.989,1876.873291015625
1779806082.299286,Fixation,95.90261840820312,265.25,850.2594604492188
1779806082.319419,Saccade,7.749594211578369,20.125,2020.283203125
1779806082.739797,Fixation,33.55168151855469,420.376,812.6142578125
1779806083.030041,Saccade,51.39751434326172,290.249,2141.328369140625
1779806083.135164,Fixation,82.86842346191406,105.125,813.1995239257812
1779806083.390419,Saccade,78.4154052734375,255.25,2517.130859375
1779806083.470419,Fixation,41.61309814453125,80.0,725.0078125
1779806083.850797,Saccade,57.247406005859375,380.376,1766.11669921875
1779806085.031919,Fixation,8.269316673278809,1181.125,379.170654296875
1779806085.056919,Saccade,41.26643753051758,25.0,1680.548828125
1779806085.282575,Fixation,8.48288631439209,225.125,500.10491943359375
1779806085.362697,Saccade,20.351137161254883,80.125,1100.81494140625
1779806085.472831,Fixation,24.8839054107666,110.125,433.95269775390625
1779806085.562953,Saccade,21.881546020507812,90.125,1425.389404296875
1779806085.667953,Fixation,14.107422828674316,105.0,497.4089050292969
1779806085.733075,Saccade,19.15508270263672,65.125,1272.725830078125
1779806092.23945,Fixation,106.79962921142578,6506.002,298.5038757324219
1779806092.389583,Saccade,325.03668212890625,150.125,2681.654541015625
1779806092.549705,Fixation,27.78789710998535,160.131,511.24658203125
1779806092.930083,Saccade,41.3491096496582,380.369,1399.7926025390625
1779806093.010205,Fixation,13.993152618408203,80.125,551.379638671875
1779806093.040205,Saccade,23.579513549804688,30.0,1172.61181640625
1779806093.275338,Fixation,48.27249526977539,235.138,528.3788452148438
1779806093.375449,Saccade,58.61347961425781,100.112,4701.45263671875
1779806093.515583,Fixation,39.61528015136719,140.126,612.0643920898438
1779806093.800827,Saccade,434.4429931640625,285.249,3804.762451171875
1779806093.925949,Fixation,138.61192321777344,125.126,633.38818359375
1779806094.225925,Saccade,510.79278564453125,300.265,5253.7099609375
1779806094.366158,Fixation,287.6640625,140.235,849.2347412109375
1779806094.391158,Saccade,23.51917266845703,25.0,2378.6474609375
1779806094.701414,Fixation,208.1356964111328,310.25,402.0810241699219
1779806094.771536,Saccade,406.817138671875,70.125,5639.3095703125
1779806095.001658,Fixation,147.42327880859375,230.125,546.3392944335938
1779806095.031792,Saccade,80.25442504882812,30.126,2214.386474609375
1779806095.372036,Fixation,83.77556610107422,340.249,481.1884765625
1779806095.612292,Saccade,105.268798828125,240.25,2113.08251953125
1779806095.702292,Fixation,14.535694122314453,90.0,346.818603515625
1779806095.737414,Saccade,83.17479705810547,35.125,2357.439453125
1779806095.987658,Fixation,96.079833984375,250.25,566.1888427734375
1779806096.267914,Saccade,836.430419921875,280.25,6048.70263671875
1779806096.372914,Fixation,250.12542724609375,105.0,1606.1893310546875
1779806096.398036,Saccade,50.55106735229492,25.125,3504.13427734375
1779806096.498047,Fixation,50.12400817871094,100.005,701.1986694335938
1779806096.533158,Saccade,56.12255859375,35.12,2000.0303955078125
1779806096.633158,Fixation,27.4256649017334,100.0,358.9271240234375
1779806096.903414,Saccade,952.6935424804688,270.251,6693.37109375
1779806097.058536,Fixation,144.6859588623047,155.124,1131.322265625
1779806097.163658,Saccade,442.396484375,105.125,4715.513671875
1779806097.428822,Fixation,48.67591857910156,265.251,464.8009033203125
1779806097.714066,Saccade,555.801025390625,285.25,4205.9404296875
1779806098.014444,Fixation,97.0074234008789,300.375,525.771484375
1779806098.119444,Saccade,667.4474487304688,105.0,6609.6875
1779806098.269566,Fixation,136.6248016357422,150.125,544.856201171875
1779806098.309699,Saccade,90.95462036132812,40.125,2726.513916015625
1779806098.740066,Fixation,30.40199089050293,430.375,202.49916076660156
1779806098.815066,Saccade,460.9604797363281,75.0,6301.09619140625
1779806098.970322,Fixation,93.6159439086914,155.25,255.62570190429688
1779806099.005333,Saccade,73.47038269042969,35.011,2342.42724609375
1779806099.130444,Fixation,22.651988983154297,125.114,341.11260986328125
1779806099.165444,Saccade,67.66885375976562,35.0,1964.760498046875
1779806099.370588,Fixation,19.6534366607666,205.139,314.3880310058594
1779806099.400699,Saccade,64.90145874023438,30.111,1769.6768798828125
1779806099.495699,Fixation,29.198392868041992,95.0,459.8920593261719
1779806099.575822,Saccade,651.5455932617188,80.125,7328.99560546875
1779806099.881077,Fixation,179.4302520751953,305.261,388.0999450683594
1779806099.906199,Saccade,29.549137115478516,25.114,1188.30712890625
1779806100.156322,Fixation,61.91991424560547,250.125,322.9045715332031
1779806100.28175,Saccade,728.9044799804688,125.125,6331.615234375
1779806100.577005,Fixation,114.37333679199219,295.25,592.4531860351562
1779806100.712127,Saccade,716.0040283203125,135.125,6040.662109375
1779806101.012505,Fixation,68.95570373535156,300.376,310.7020263671875
1779806101.062505,Saccade,401.392333984375,50.0,5520.54541015625
1779806101.993383,Fixation,28.37991714477539,930.875,290.6896667480469
1779806102.063394,Saccade,476.09515380859375,70.011,6434.91259765625
1779806102.258627,Fixation,53.21333694458008,195.244,355.2339782714844
1779806102.428761,Saccade,320.78662109375,170.129,3840.751708984375
1779806102.518883,Fixation,5.764986991882324,90.12,280.5498962402344
1779806102.558883,Saccade,109.40796661376953,39.996,2551.171630859375
1779806102.864127,Fixation,15.502476692199707,305.25,335.2494812011719
1779806102.93925,Saccade,435.5477600097656,75.125,5063.5419921875
1779806103.084383,Fixation,27.59507942199707,145.125,291.0744934082031
1779806103.154505,Saccade,464.716064453125,70.131,6795.35888671875
1779806103.294516,Fixation,42.92043685913086,140.007,289.2626953125
1779806103.324449,Saccade,50.177425384521484,30.112,1659.447998046875
1779806103.519571,Fixation,11.450596809387207,195.125,235.49644470214844
1779806103.634705,Saccade,32.26380920410156,115.125,1056.6568603515625
1779806103.944949,Fixation,24.61750030517578,310.25,270.1283874511719
1779806104.015083,Saccade,434.7549743652344,70.136,6321.23828125
1779806104.190205,Fixation,31.272003173828125,175.114,310.92608642578125
1779806104.240327,Saccade,188.6731414794922,50.126,3839.649658203125
1779806104.435449,Fixation,22.95427131652832,195.125,300.32257080078125
1779806104.510582,Saccade,528.4403686523438,75.135,7027.27099609375
1779806104.835827,Fixation,53.91350173950195,325.24,280.0888671875
1779806104.885827,Saccade,107.75849151611328,50.0,2346.772216796875
1779806104.985949,Fixation,7.239668846130371,100.125,367.4950866699219
1779806105.005949,Saccade,20.496538162231445,20.0,1077.823974609375
1779806105.246205,Fixation,4.138578414916992,240.25,345.95904541015625
1779806105.281205,Saccade,45.78952407836914,35.0,1443.2518310546875
1779806105.761705,Fixation,2.8784053325653076,480.5,293.7438049316406
1779806105.816705,Saccade,166.91041564941406,55.0,2772.193603515625
1779806106.071949,Fixation,9.463438987731934,255.25,240.78916931152344
1779806106.10696,Saccade,35.302730560302734,35.005,1225.942138671875
1779806106.477457,Fixation,7.0676655769348145,370.383,200.0565185546875
1779806106.527446,Saccade,224.6953125,49.987,4114.1005859375
1779806106.917824,Fixation,6.989135265350342,390.375,295.06427001953125
1779806106.997957,Saccade,507.04022216796875,80.138,6053.26708984375
1779806107.26819,Fixation,22.636234283447266,270.237,274.2870178222656
1779806107.31819,Saccade,278.41046142578125,50.0,5642.92431640625
1779806107.583446,Fixation,35.01408386230469,265.25,240.66683959960938
1779806107.623568,Saccade,125.34727478027344,40.125,3214.779052734375
1779806108.053946,Fixation,90.51166534423828,430.376,369.6943054199219
1779806108.174068,Saccade,416.7361145019531,120.127,3827.300537109375
1779806108.294068,Fixation,43.99884033203125,119.998,469.3204040527344
