timestamp,event_type,amplitude_px,duration_ms,mean_velocity
1784707526.867461,Fixation,31.768503189086914,180.128,485.99407958984375
1784707526.957583,Saccade,17.639211654663086,90.126,1095.830810546875
1784707527.107717,Fixation,13.764402389526367,150.127,514.3888549804688
1784707527.292839,Saccade,17.16571807861328,185.128,1103.4398193359375
1784707527.453094,Fixation,4.0032734870910645,160.252,514.4689331054688
1784707527.523106,Saccade,10.027617454528809,70.013,1127.3133544921875
1784707527.76335,Fixation,6.054916858673096,240.242,433.0841064453125
1784707527.953483,Saccade,9.81552791595459,190.137,1311.8740234375
1784707528.048606,Fixation,8.527515411376953,95.121,461.14837646484375
1784707528.063606,Saccade,23.1892032623291,14.997,1460.78125
1784707528.138728,Fixation,14.1998929977417,75.126,416.81884765625
1784707528.233728,Saccade,27.272789001464844,95.006,1281.101318359375
1784707528.398861,Fixation,15.787232398986816,165.123,463.91070556640625
1784707528.549106,Saccade,10.413459777832031,150.252,1065.884521484375
1784707528.684239,Fixation,2.5440759658813477,135.127,450.6235656738281
1784707528.699239,Saccade,8.892934799194336,15.001,976.8338012695312
1784707528.854361,Fixation,34.32114791870117,155.127,411.37493896484375
1784707528.874372,Saccade,32.0551643371582,20.012,1362.4610595703125
1784707529.004494,Fixation,13.353538513183594,130.116,413.31683349609375
1784707529.144628,Saccade,20.665958404541016,140.135,1202.067626953125
1784707529.384883,Fixation,14.527656555175781,240.253,444.2423400878906
1784707529.404872,Saccade,11.071660041809082,19.993,1133.7607421875
1784707529.509995,Fixation,10.05660629272461,105.126,466.9223937988281
1784707529.519994,Saccade,18.952123641967773,10.0,968.7012329101562
1784707529.710128,Fixation,13.984355926513672,190.128,480.9636535644531
1784707529.966065,Saccade,16.056495666503906,255.254,1242.58984375
1784707530.051187,Fixation,2.9045469760894775,85.127,416.13031005859375
1784707530.156187,Saccade,19.719470977783203,105.001,1205.2191162109375
1784707530.26632,Fixation,23.187625885009766,110.136,494.37823486328125
1784707530.28632,Saccade,23.634260177612305,19.991,1097.595703125
1784707530.441442,Fixation,4.466793060302734,155.128,487.9066162109375
1784707530.476576,Saccade,19.59296417236328,35.131,1195.8773193359375
1784707530.551576,Fixation,12.319872856140137,74.996,480.6461486816406
1784707530.571576,Saccade,20.074708938598633,20.007,1112.3408203125
1784707530.646698,Fixation,12.907358169555664,75.119,537.48681640625
1784707530.666698,Saccade,25.122865676879883,20.006,1115.8563232421875
1784707530.80682,Fixation,17.755294799804688,140.121,478.0524597167969
1784707530.82182,Saccade,12.168450355529785,15.001,980.9996337890625
1784707531.197209,Fixation,7.471142768859863,375.381,459.91571044921875
1784707531.557465,Saccade,3.753726005554199,360.262,1233.6676025390625
1784707531.702709,Fixation,4.300270080566406,145.245,449.8106994628906
1784707531.782709,Saccade,3.4161012172698975,80.001,1232.738525390625
1784707531.907843,Fixation,7.580079078674316,125.128,396.0992431640625
1784707532.087965,Saccade,12.635841369628906,180.127,1258.4757080078125
1784707532.168098,Fixation,2.764179229736328,80.132,478.7326965332031
1784707532.203098,Saccade,10.774650573730469,34.995,1046.1634521484375
1784707532.478354,Fixation,18.4321231842041,275.254,476.6267395019531
1784707532.598476,Saccade,10.202338218688965,120.127,1053.981201171875
1784707532.708609,Fixation,21.576568603515625,110.127,459.4132385253906
1784707532.793106,Saccade,6.880728244781494,85.126,1085.8634033203125
1784707533.068362,Fixation,12.476290702819824,275.254,485.24945068359375
1784707533.238484,Saccade,15.862964630126953,170.128,1342.5423583984375
1784707533.418617,Fixation,3.4471960067749023,180.131,432.3809814453125
1784707533.433617,Saccade,12.951617240905762,14.997,1160.7921142578125
1784707533.728873,Fixation,2.6617820262908936,295.255,456.34234619140625
1784707533.813995,Saccade,11.563637733459473,85.126,1054.855224609375
1784707533.914129,Fixation,14.290645599365234,100.127,535.5760498046875
1784707534.219384,Saccade,1.827415108680725,305.264,1151.89404296875
1784707534.404506,Fixation,7.035122394561768,185.118,404.91619873046875
1784707534.429629,Saccade,35.13578796386719,25.126,1264.0098876953125
1784707534.619762,Fixation,14.514443397521973,190.128,506.83074951171875
1784707534.639762,Saccade,20.45749282836914,20.0,1182.9510498046875
1784707534.749884,Fixation,2.2094478607177734,110.127,462.4300231933594
1784707534.794895,Saccade,2.2714996337890625,45.007,1228.085205078125
1784707534.900017,Fixation,6.42667293548584,105.12,392.7665100097656
1784707535.01514,Saccade,17.904499053955078,115.127,1090.2757568359375
1784707535.305395,Fixation,12.197183609008789,290.254,429.8913879394531
1784707535.465518,Saccade,8.311040878295898,160.128,1229.2677001953125
1784707535.931027,Fixation,7.84219217300415,465.382,462.0526123046875
1784707536.036149,Saccade,13.319181442260742,105.127,1087.2674560546875
1784707536.166282,Fixation,15.638290405273438,130.127,547.5999755859375
1784707536.306405,Saccade,16.293659210205078,140.127,1148.926025390625
1784707536.406527,Fixation,6.709392547607422,100.126,504.379638671875
1784707536.521671,Saccade,11.226493835449219,115.137,1145.2296142578125
1784707536.711793,Fixation,24.97580909729004,190.126,539.0372314453125
1784707536.736782,Saccade,13.585539817810059,24.992,1183.7974853515625
1784707536.836916,Fixation,13.766341209411621,100.127,533.64990234375
1784707536.937038,Saccade,16.561498641967773,100.127,1006.0550537109375
1784707537.062171,Fixation,13.178277969360352,125.126,448.5832824707031
1784707537.167293,Saccade,3.7765445709228516,105.127,1263.6434326171875
1784707537.417427,Fixation,12.095101356506348,250.137,474.6878662109375
1784707537.437549,Saccade,19.084646224975586,20.117,1065.692138671875
1784707537.672693,Fixation,0.8600337505340576,235.141,467.4126892089844
1784707537.692682,Saccade,8.671761512756348,19.988,1304.87744140625
1784707537.842804,Fixation,13.287837028503418,150.128,476.0506286621094
1784707537.887927,Saccade,8.386919975280762,45.125,1068.34130859375
1784707537.977927,Fixation,6.71808385848999,90.002,425.8800354003906
1784707538.03306,Saccade,17.439889907836914,55.126,1049.7132568359375
1784707538.438438,Fixation,25.665637969970703,405.381,462.91552734375
1784707538.908945,Saccade,12.908228874206543,470.382,1160.55126953125
1784707539.034078,Fixation,22.311174392700195,125.127,468.1492004394531
1784707539.1592,Saccade,19.61298370361328,125.127,1193.9615478515625
1784707539.349334,Fixation,14.404057502746582,190.128,435.6763610839844
1784707539.389456,Saccade,10.640318870544434,40.125,1054.53466796875
1784707539.934967,Fixation,4.99360990524292,545.509,424.7589111328125
1784707540.220222,Saccade,24.240755081176758,285.255,1143.79248046875
1784707540.855733,Fixation,16.821279525756836,635.509,488.3779296875
1784707540.975856,Saccade,10.692634582519531,120.127,1165.201416015625
1784707541.135989,Fixation,5.479088306427002,160.132,496.2553405761719
1784707541.211111,Saccade,3.969024181365967,75.122,1110.1146240234375
1784707541.376234,Fixation,14.768247604370117,165.127,516.8123779296875
1784707541.401233,Saccade,22.23849868774414,25.001,1079.79150390625
1784707541.476367,Fixation,20.913503646850586,75.129,505.2937927246094
1784707541.501367,Saccade,21.93132781982422,24.997,1065.108642578125
1784707541.6065,Fixation,9.295984268188477,105.13,406.378662109375
1784707541.706622,Saccade,14.223191261291504,100.124,1112.9390869140625
1784707541.946651,Fixation,34.01815414428711,240.128,421.57476806640625
1784707541.996785,Saccade,28.394515991210938,50.126,1137.38623046875
1784707542.131907,Fixation,1.4974333047866821,135.127,441.4427185058594
1784707542.146918,Saccade,12.414966583251953,15.008,1091.50927734375
1784707542.287029,Fixation,22.073348999023438,140.119,506.7652893066406
1784707542.302029,Saccade,5.140607833862305,15.001,1007.9099731445312
1784707542.427162,Fixation,19.32891845703125,125.126,424.98736572265625
1784707542.442163,Saccade,15.051017761230469,15.004,1073.8839111328125
1784707542.727429,Fixation,13.352250099182129,285.265,455.9186706542969
1784707542.857551,Saccade,16.32347297668457,130.123,1213.1292724609375
1784707542.967674,Fixation,15.339020729064941,110.117,446.00189208984375
1784707542.987674,Saccade,23.02824592590332,20.004,1304.395263671875
1784707543.317929,Fixation,22.02315902709961,330.251,515.0891723632812
1784707543.328051,Saccade,15.263148307800293,10.125,1036.26025390625
1784707543.413051,Fixation,15.936358451843262,85.002,355.0230712890625
1784707543.433051,Saccade,15.472746849060059,20.0,929.2979736328125
1784707543.533174,Fixation,11.567240715026855,100.127,473.7082824707031
1784707543.553174,Saccade,14.178288459777832,20.0,1062.31005859375
1784707543.788429,Fixation,6.620504379272461,235.253,481.3922119140625
1784707543.973562,Saccade,7.131931781768799,185.128,1062.5723876953125
1784707544.138685,Fixation,12.033007621765137,165.128,438.1872863769531
1784707544.218818,Saccade,10.372190475463867,80.126,1259.40869140625
1784707544.29394,Fixation,7.495737075805664,75.126,466.07525634765625
1784707544.40894,Saccade,16.286420822143555,115.002,1110.6751708984375
1784707544.504062,Fixation,3.195591926574707,95.126,545.5924072265625
1784707544.584207,Saccade,7.27219295501709,80.14,1166.194580078125
1784707544.704329,Fixation,11.572897911071777,120.118,557.9710693359375
1784707544.724318,Saccade,19.013168334960938,19.997,1121.6798095703125
1784707544.954651,Fixation,8.440053939819336,230.127,417.6482849121094
1784707545.124917,Saccade,5.729752063751221,170.265,1099.1619873046875
1784707545.240028,Fixation,19.14971160888672,115.115,438.6474914550781
1784707545.380162,Saccade,8.67306900024414,140.13,963.3822021484375
1784707545.575284,Fixation,7.302497386932373,195.125,407.4241638183594
1784707545.755417,Saccade,4.407896041870117,180.128,1194.27587890625
1784707545.925662,Fixation,9.364143371582031,170.252,420.91949462890625
1784707546.135795,Saccade,6.890674591064453,210.129,1213.5791015625
1784707546.270917,Fixation,14.537632942199707,135.127,528.5216064453125
1784707546.290917,Saccade,6.769797325134277,20.0,940.6434326171875
1784707546.376051,Fixation,5.862760066986084,85.126,508.946044921875
1784707546.391051,Saccade,19.073328018188477,15.001,1114.2872314453125
1784707546.501173,Fixation,3.9945449829101562,110.131,537.6236572265625
1784707546.521173,Saccade,17.99456787109375,19.995,1015.2813110351562
1784707546.656306,Fixation,9.019484519958496,135.128,485.40869140625
1784707546.761429,Saccade,19.767284393310547,105.126,1108.691650390625
1784707546.926551,Fixation,26.451740264892578,165.128,430.88104248046875
1784707547.076695,Saccade,20.39194679260254,150.136,1152.5264892578125
1784707547.206806,Fixation,17.988012313842773,130.118,479.84686279296875
1784707547.226817,Saccade,24.662874221801758,20.01,1138.033935546875
1784707547.30694,Fixation,27.10004234313965,80.117,363.0284423828125
1784707547.326951,Saccade,15.399736404418945,20.011,1002.4838256835938
1784707547.522062,Fixation,16.33745574951172,195.117,452.2227478027344
1784707547.557062,Saccade,2.965885877609253,35.0,1280.13916015625
1784707547.697195,Fixation,19.58302116394043,140.128,422.6402587890625
1784707547.712317,Saccade,17.839588165283203,15.125,1373.43896484375
1784707547.827317,Fixation,14.23351764678955,115.002,506.156005859375
1784707547.84744,Saccade,17.66084098815918,20.125,1163.2745361328125
1784707547.94744,Fixation,28.060331344604492,100.001,489.22796630859375
1784707547.957956,Saccade,16.94862174987793,10.004,1175.87353515625
1784707548.2082,Fixation,13.171829223632812,250.25,437.1943664550781
1784707548.218211,Saccade,9.075058937072754,10.007,974.4866943359375
1784707548.313334,Fixation,11.621520042419434,95.12,515.8844604492188
1784707548.443456,Saccade,12.718376159667969,130.127,1016.87158203125
1784707548.518467,Fixation,10.559708595275879,75.009,558.0783081054688
1784707548.533589,Saccade,5.057030200958252,15.118,1059.654541015625
1784707548.623589,Fixation,4.772500991821289,90.004,393.3879089355469
1784707548.643589,Saccade,5.402458190917969,19.997,1203.6571044921875
1784707548.863833,Fixation,18.066593170166016,220.253,432.23822021484375
1784707548.913845,Saccade,8.074803352355957,50.001,1045.196533203125
1784707549.008978,Fixation,5.077882766723633,95.142,432.5669860839844
1784707549.053967,Saccade,18.069955825805664,44.985,1171.0457763671875
1784707549.1991,Fixation,17.22003746032715,145.128,469.8507385253906
1784707549.214222,Saccade,13.559941291809082,15.125,1136.184326171875
1784707549.314222,Fixation,21.504167556762695,100.001,477.1217041015625
1784707549.329222,Saccade,25.356189727783203,15.001,1241.5189208984375
1784707549.6646,Fixation,8.004555702209473,335.38,413.0600280761719
1784707549.849733,Saccade,21.854595184326172,185.128,1122.9398193359375
1784707549.919856,Fixation,4.164267063140869,70.126,370.1221008300781
1784707549.989856,Saccade,21.648839950561523,70.001,1175.4521484375
1784707550.175111,Fixation,19.94719123840332,185.253,424.8053283691406
1784707550.195111,Saccade,20.59149932861328,20.0,1208.5755615234375
1784707550.265111,Fixation,31.36918067932129,70.001,485.8581237792969
1784707550.290111,Saccade,43.037940979003906,25.005,1457.01611328125
1784707550.700489,Fixation,24.13852310180664,410.376,467.8019104003906
1784707550.820622,Saccade,11.094295501708984,120.132,1151.4715576171875
1784707550.905745,Fixation,20.85985565185547,85.122,443.0620422363281
1784707550.920745,Saccade,24.27269744873047,15.0,1224.904541015625
1784707551.000867,Fixation,13.860203742980957,80.126,449.9415283203125
1784707551.075714,Saccade,4.517302513122559,75.001,1262.2916259765625
1784707551.170836,Fixation,5.478559970855713,95.127,365.3473205566406
1784707551.190836,Saccade,18.138694763183594,20.0,1135.3741455078125
1784707551.411092,Fixation,19.96578025817871,220.253,420.98077392578125
1784707551.506092,Saccade,21.47947120666504,95.002,1077.4481201171875
1784707551.711347,Fixation,24.229406356811523,205.256,410.79736328125
1784707551.781348,Saccade,31.797510147094727,69.999,1176.800537109375
1784707552.006603,Fixation,23.342283248901367,225.252,409.20751953125
1784707552.026603,Saccade,9.304573059082031,20.001,1043.8916015625
1784707552.146725,Fixation,24.682313919067383,120.127,444.2839050292969
1784707552.481981,Saccade,9.435155868530273,335.255,1075.869873046875
1784707552.572103,Fixation,11.323249816894531,90.126,536.3330078125
1784707552.732236,Saccade,6.351461410522461,160.128,1225.5081787109375
1784707552.912492,Fixation,11.088801383972168,180.252,445.4676208496094
1784707552.977492,Saccade,18.244487762451172,65.001,1185.0408935546875
1784707553.247747,Fixation,16.0524845123291,270.257,439.2641906738281
1784707553.262748,Saccade,22.67301368713379,14.997,1232.104248046875
1784707553.407881,Fixation,15.989203453063965,145.134,490.17730712890625
1784707553.452992,Saccade,0.44685810804367065,45.119,1073.15673828125
1784707553.532992,Fixation,27.591259002685547,80.002,484.98333740234375
1784707553.873381,Saccade,29.528642654418945,340.38,1310.8201904296875
1784707554.028503,Fixation,13.758000373840332,155.127,446.2658386230469
1784707554.133041,Saccade,16.7232666015625,105.127,1117.4434814453125
1784707554.238041,Fixation,13.000872611999512,105.001,446.544921875
1784707554.253041,Saccade,17.610200881958008,15.001,1179.3623046875
1784707554.328163,Fixation,13.793208122253418,75.126,444.6909484863281
1784707554.383163,Saccade,6.471340656280518,55.0,1091.7564697265625
1784707554.563419,Fixation,15.482240676879883,180.253,446.79229736328125
1784707554.60843,Saccade,7.988476753234863,45.009,982.387939453125
1784707554.788541,Fixation,22.029895782470703,180.12,435.5280456542969
1784707555.334052,Saccade,16.308141708374023,545.508,1227.4371337890625
1784707555.68943,Fixation,10.392894744873047,355.38,485.88812255859375
1784707555.71443,Saccade,15.148195266723633,25.001,1379.34375
1784707555.914685,Fixation,4.928709506988525,200.253,415.60772705078125
1784707555.959686,Saccade,4.490464687347412,45.0,1063.8184814453125
1784707556.314941,Fixation,15.398378372192383,355.256,433.572509765625
1784707556.330074,Saccade,7.714987277984619,15.125,1107.0771484375
1784707556.410074,Fixation,8.837003707885742,80.001,393.1171569824219
1784707556.530197,Saccade,16.2967529296875,120.127,1114.2371826171875
1784707556.645319,Fixation,12.425407409667969,115.127,501.37591552734375
1784707556.815452,Saccade,14.679195404052734,170.127,1166.1131591796875
1784707557.220912,Fixation,13.821627616882324,405.381,482.3541259765625
1784707557.240912,Saccade,7.719181537628174,20.001,1213.997802734375
1784707557.351057,Fixation,14.211237907409668,110.138,443.1563720703125
1784707557.371046,Saccade,16.43311309814453,19.989,1212.0809326171875
1784707557.546168,Fixation,13.76911735534668,175.127,462.50311279296875
1784707557.656301,Saccade,3.1553587913513184,110.133,1236.8861083984375
1784707557.926545,Fixation,4.5195465087890625,270.248,470.91912841796875
1784707558.231812,Saccade,9.62425708770752,305.262,1233.7357177734375
1784707558.442057,Fixation,4.353416919708252,210.246,493.96826171875
1784707558.467057,Saccade,7.131598472595215,25.0,1148.7308349609375
1784707558.667312,Fixation,8.54395866394043,200.253,456.17132568359375
1784707558.702312,Saccade,10.806861877441406,35.001,1117.63525390625
1784707558.777312,Fixation,8.866448402404785,75.001,445.10650634765625
1784707558.792434,Saccade,6.113813877105713,15.125,1015.2034912109375
1784707558.987568,Fixation,5.650180816650391,195.128,514.4413452148438
1784707559.027568,Saccade,25.778066635131836,40.001,1247.619873046875
1784707559.312823,Fixation,21.800260543823242,285.254,459.5156555175781
1784707559.332946,Saccade,12.213333129882812,20.125,1015.4171752929688
1784707559.462945,Fixation,11.903210639953613,130.002,400.5068054199219
1784707559.478068,Saccade,16.802038192749023,15.125,1204.057861328125
1784707559.613201,Fixation,19.80038070678711,135.127,424.0761413574219
1784707559.693201,Saccade,8.927901268005371,80.002,1083.0555419921875
1784707560.133351,Fixation,20.617700576782227,440.39,415.7374572753906
1784707560.163474,Saccade,21.233642578125,30.117,1069.284423828125
1784707560.268473,Fixation,6.250687599182129,105.001,494.8393249511719
1784707560.308596,Saccade,17.06923484802246,40.126,1050.76513671875
1784707560.408596,Fixation,15.827840805053711,100.001,462.1866455078125
1784707560.428729,Saccade,17.410491943359375,20.126,1156.2623291015625
1784707560.623851,Fixation,0.7484374046325684,195.128,510.2716369628906
1784707560.643851,Saccade,21.41541290283203,20.0,1110.6138916015625
1784707560.728973,Fixation,5.492854118347168,85.126,471.2866516113281
1784707560.773985,Saccade,4.435396671295166,45.001,1001.5910034179688
1784707560.874107,Fixation,14.165793418884277,100.126,514.2296142578125
1784707560.989229,Saccade,28.807933807373047,115.127,1374.1300048828125
1784707561.204362,Fixation,24.224756240844727,215.128,418.3927307128906
1784707561.299484,Saccade,22.221399307250977,95.127,1075.09716796875
1784707561.714874,Fixation,15.965744972229004,415.381,457.6841735839844
1784707561.839996,Saccade,2.524538278579712,125.127,1214.9674072265625
1784707561.950118,Fixation,17.63743782043457,110.127,436.94189453125
1784707562.150251,Saccade,18.46366310119629,200.128,1390.5032958984375
1784707562.460507,Fixation,10.223209381103516,310.254,403.00482177734375
1784707562.850885,Saccade,3.240895986557007,390.381,1183.892578125
1784707563.346691,Fixation,5.997838497161865,495.507,455.3478698730469
1784707563.461814,Saccade,16.140995025634766,115.127,1159.6182861328125
1784707563.561814,Fixation,17.155214309692383,100.002,484.7911682128906
1784707563.681947,Saccade,5.893871784210205,120.126,1216.5499267578125
1784707563.997336,Fixation,5.769686222076416,315.393,455.130859375
1784707564.017325,Saccade,23.402021408081055,19.988,1135.3817138671875
1784707564.182469,Fixation,20.952611923217773,165.141,462.4122009277344
1784707564.28758,Saccade,9.629764556884766,105.113,1221.4698486328125
1784707564.37258,Fixation,20.32403564453125,85.001,376.2200622558594
1784707564.487714,Saccade,23.523195266723633,115.14,1089.4952392578125
1784707564.732958,Fixation,27.633169174194336,245.24,414.3952331542969
1784707564.757958,Saccade,25.453857421875,25.001,1085.140869140625
1784707564.898103,Fixation,19.985523223876953,140.139,454.1853942871094
1784707564.943091,Saccade,7.285791397094727,44.993,1026.8909912109375
1784707565.103336,Fixation,15.306955337524414,160.248,449.1415100097656
1784707565.303469,Saccade,12.299589157104492,200.128,1053.1492919921875
1784707565.493603,Fixation,18.533660888671875,190.134,457.1415100097656
1784707565.513725,Saccade,21.241390228271484,20.119,1005.8154296875
1784707565.81898,Fixation,5.510564804077148,305.254,476.56500244140625
1784707565.843991,Saccade,18.859325408935547,25.015,1129.3624267578125
1784707566.064236,Fixation,22.172319412231445,220.242,425.630615234375
1784707566.179422,Saccade,29.3125057220459,115.124,1214.0181884765625
1784707566.264422,Fixation,17.323150634765625,85.001,464.8247985839844
1784707566.349544,Saccade,6.4120049476623535,85.126,1068.9375
1784707566.6898,Fixation,12.108354568481445,340.255,441.9438171386719
1784707566.7048,Saccade,14.656234741210938,15.0,1038.976806640625
1784707566.779933,Fixation,13.644328117370605,75.127,406.1146240234375
1784707566.804933,Saccade,12.497710227966309,25.0,994.6685791015625
1784707566.980055,Fixation,16.29262924194336,175.127,481.01849365234375
1784707567.000177,Saccade,21.931198120117188,20.126,1294.4273681640625
1784707567.145311,Fixation,12.092177391052246,145.127,464.1387939453125
1784707567.160311,Saccade,18.232622146606445,15.0,1239.5753173828125
1784707567.255311,Fixation,26.801210403442383,95.002,413.3735656738281
1784707567.385433,Saccade,11.025660514831543,130.126,1273.653564453125
1784707567.595689,Fixation,16.883819580078125,210.253,482.8139343261719
1784707567.610689,Saccade,12.683030128479004,15.001,1225.58984375
1784707567.745822,Fixation,34.134429931640625,135.127,431.8843994140625
1784707567.845944,Saccade,27.658395767211914,100.126,1351.6097412109375
1784707567.945944,Fixation,4.48446798324585,100.005,390.6356506347656
1784707568.046077,Saccade,9.386030197143555,100.126,1172.840576171875
1784707568.306322,Fixation,24.138263702392578,260.251,406.899658203125
1784707568.416455,Saccade,10.06577205657959,110.127,1296.535400390625
1784707568.661711,Fixation,10.858471870422363,245.263,464.4187927246094
1784707568.721711,Saccade,7.663896083831787,59.991,1101.21630859375
1784707568.801833,Fixation,17.7957820892334,80.126,381.3485412597656
1784707568.816833,Saccade,16.538864135742188,15.001,1145.7486572265625
1784707569.067089,Fixation,9.671059608459473,250.258,466.871337890625
1784707569.497933,Saccade,12.355432510375977,430.377,1256.6531982421875
1784707569.658066,Fixation,9.163061141967773,160.127,494.0586242675781
1784707569.798188,Saccade,8.791065216064453,140.127,1183.60595703125
1784707569.893333,Fixation,18.968719482421875,95.141,476.46417236328125
1784707569.913321,Saccade,17.616209030151367,19.986,1301.7755126953125
1784707570.053444,Fixation,15.498394966125488,140.127,461.9228515625
1784707570.093444,Saccade,23.099916458129883,40.0,1248.4498291015625
1784707570.378699,Fixation,28.952661514282227,285.255,450.9707946777344
1784707570.523833,Saccade,18.99880599975586,145.131,1110.580322265625
1784707570.688955,Fixation,14.108122825622559,165.13,431.113525390625
1784707570.719077,Saccade,16.40909767150879,30.119,1090.7965087890625
1784707571.004333,Fixation,7.887667179107666,285.257,429.10394287109375
1784707571.019344,Saccade,20.781330108642578,15.009,1115.13037109375
1784707571.149455,Fixation,10.757856369018555,130.115,469.03656005859375
1784707571.224455,Saccade,24.814790725708008,75.001,1164.21142578125
1784707571.349588,Fixation,31.816272735595703,125.127,498.56842041015625
1784707571.434711,Saccade,1.8562427759170532,85.126,1234.415771484375
1784707571.780088,Fixation,10.018715858459473,345.38,465.3448486328125
1784707571.940222,Saccade,44.663047790527344,160.127,1224.8759765625
1784707572.020222,Fixation,29.173038482666016,80.005,512.3592529296875
1784707572.040222,Saccade,17.738040924072266,19.997,1149.5709228515625
1784707572.155344,Fixation,17.055498123168945,115.127,467.7176818847656
1784707572.200243,Saccade,3.7481021881103516,45.125,1124.0079345703125
1784707572.315243,Fixation,19.446775436401367,115.002,494.6077575683594
1784707572.335376,Saccade,33.292545318603516,20.129,1297.2005615234375
1784707572.585499,Fixation,9.497241020202637,250.125,423.1852722167969
1784707572.600621,Saccade,23.331361770629883,15.125,1247.9637451171875
1784707572.840754,Fixation,22.509355545043945,240.129,475.14044189453125
1784707572.895887,Saccade,1.0417544841766357,55.141,1128.7740478515625
1784707573.04601,Fixation,2.2550251483917236,150.115,537.725341796875
1784707573.156132,Saccade,7.517780780792236,110.123,1124.45751953125
1784707573.231132,Fixation,8.3239164352417,75.001,428.9511413574219
1784707573.496387,Saccade,9.813085556030273,265.254,1231.538818359375
1784707573.786654,Fixation,17.04128074645996,290.266,475.645751953125
1784707573.816643,Saccade,24.619487762451172,29.989,1161.61279296875
1784707574.051888,Fixation,17.20099639892578,235.253,431.8594055175781
1784707574.102021,Saccade,16.238210678100586,50.126,1212.8779296875
1784707574.177021,Fixation,7.643873691558838,75.001,516.4038696289062
1784707574.307143,Saccade,15.480746269226074,130.127,1160.126953125
1784707574.392287,Fixation,15.375391960144043,85.137,333.6872253417969
1784707574.412276,Saccade,18.890300750732422,19.989,1143.3331298828125
1784707574.597399,Fixation,10.270801544189453,185.128,501.8358459472656
1784707574.757532,Saccade,19.261598587036133,160.127,1201.795654296875
1784707574.992776,Fixation,8.524887084960938,235.254,446.9021301269531
1784707575.012776,Saccade,20.674617767333984,20.0,1182.0596923828125
1784707575.18791,Fixation,16.628915786743164,175.128,476.9461669921875
1784707575.202688,Saccade,10.522125244140625,15.125,1028.5516357421875
1784707575.562954,Fixation,8.76500415802002,360.26,433.4755554199219
1784707576.018343,Saccade,28.053905487060547,455.389,1221.9468994140625
1784707576.138454,Fixation,17.50263214111328,120.114,484.6026611328125
1784707576.153454,Saccade,18.906347274780273,15.004,1132.044921875
1784707576.518832,Fixation,33.47271728515625,365.377,483.6933898925781
1784707576.603966,Saccade,6.298453330993652,85.126,1175.24755859375
1784707576.709088,Fixation,22.660425186157227,105.129,454.791015625
1784707576.91421,Saccade,10.41426944732666,205.126,1215.106201171875
1784707577.004354,Fixation,6.980359077453613,90.139,406.6058349609375
1784707577.099343,Saccade,12.860247611999512,94.989,1098.734130859375
1784707577.229465,Fixation,21.636892318725586,130.126,503.4715881347656
1784707577.334599,Saccade,12.878265380859375,105.127,1145.857177734375
1784707577.419721,Fixation,10.756453514099121,85.126,422.94207763671875
1784707577.784976,Saccade,25.437759399414062,365.255,1265.6217041015625
1784707577.860099,Fixation,23.656753540039062,75.126,453.40570068359375
1784707577.93511,Saccade,4.071294784545898,75.011,1120.7261962890625
1784707578.055243,Fixation,10.382434844970703,120.128,409.33636474609375
1784707578.180365,Saccade,10.025734901428223,125.123,1171.8558349609375
1784707578.265488,Fixation,21.277450561523438,85.119,577.2443237304688
1784707578.380961,Saccade,20.692913055419922,115.127,1067.0115966796875
1784707578.576094,Fixation,3.766214609146118,195.131,480.9314270019531
1784707578.696216,Saccade,3.656512975692749,120.123,1049.3922119140625
1784707578.951472,Fixation,18.091800689697266,255.254,471.2066955566406
1784707578.986472,Saccade,19.830482482910156,35.006,1311.716552734375
1784707579.076594,Fixation,10.38292121887207,90.121,519.6376342773438
1784707579.106594,Saccade,9.636022567749023,30.0,1098.0660400390625
1784707579.40685,Fixation,14.383369445800781,300.254,468.71044921875
1784707579.506983,Saccade,14.363162994384766,100.127,1130.5482177734375
1784707579.707239,Fixation,5.864685535430908,200.256,356.5000915527344
1784707579.722228,Saccade,10.683711051940918,14.997,1075.6527099609375
1784707579.972361,Fixation,6.256619930267334,250.128,418.8182067871094
1784707580.052494,Saccade,4.740075588226318,80.131,1561.26806640625
1784707580.162616,Fixation,20.044076919555664,110.128,449.0105285644531
1784707580.30775,Saccade,9.983973503112793,145.132,1192.0963134765625
1784707580.522872,Fixation,18.292634963989258,215.117,522.9962768554688
1784707580.537994,Saccade,17.48973846435547,15.125,1130.986572265625
1784707580.632994,Fixation,13.667502403259277,95.002,462.7127685546875
1784707580.647994,Saccade,28.28264045715332,15.0,1265.143798828125
1784707580.758127,Fixation,1.097481608390808,110.137,489.8777770996094
1784707580.773116,Saccade,12.682044982910156,14.99,1234.46630859375
1784707580.873261,Fixation,2.3680098056793213,100.135,503.8741760253906
1784707581.013372,Saccade,11.835808753967285,140.118,1170.555419921875
1784707581.118505,Fixation,9.187307357788086,105.127,420.8142395019531
1784707581.308442,Saccade,5.998602867126465,190.127,1215.8192138671875
1784707581.498698,Fixation,10.143178939819336,190.253,503.0611572265625
1784707581.528697,Saccade,17.85643768310547,30.0,967.30224609375
1784707581.618698,Fixation,33.33576965332031,90.005,461.68463134765625
1784707581.648842,Saccade,10.615819931030273,30.138,1170.110107421875
1784707581.909075,Fixation,9.301559448242188,260.238,443.6892395019531
1784707582.054209,Saccade,21.22804069519043,145.127,1249.4442138671875
1784707582.184331,Fixation,11.59886646270752,130.127,496.2508544921875
1784707582.234331,Saccade,25.617877960205078,50.0,1374.1484375
1784707582.394453,Fixation,14.030677795410156,160.128,498.0197448730469
1784707582.419453,Saccade,21.959138870239258,25.0,996.225830078125
1784707582.549587,Fixation,6.662352085113525,130.127,468.0084533691406
1784707582.719842,Saccade,25.600845336914062,170.252,1101.809326171875
1784707582.859964,Fixation,12.386253356933594,140.127,490.4171447753906
1784707582.879964,Saccade,21.349531173706055,20.001,1170.027587890625
1784707583.030097,Fixation,19.95118522644043,150.127,440.4493713378906
1784707583.14022,Saccade,7.971927165985107,110.126,1245.7904052734375
1784707583.495475,Fixation,18.186565399169922,355.255,470.1492614746094
1784707583.585609,Saccade,1.103586196899414,90.14,1235.832763671875
1784707583.835853,Fixation,27.594615936279297,250.24,452.91534423828125
1784707583.960975,Saccade,11.87454891204834,125.127,1198.719482421875
1784707584.176109,Fixation,10.874483108520508,215.132,492.9947204589844
1784707584.286515,Saccade,12.916359901428223,110.122,1160.892578125
1784707584.391649,Fixation,15.540290832519531,105.127,429.66644287109375
1784707584.506771,Saccade,7.515771389007568,115.127,1124.776611328125
1784707584.641904,Fixation,13.979923248291016,135.126,519.2146606445312
1784707584.93716,Saccade,18.966552734375,295.262,1174.15234375
1784707585.042282,Fixation,17.357200622558594,105.12,472.14288330078125
1784707585.102282,Saccade,14.411685943603516,60.0,1247.8154296875
1784707585.347538,Fixation,14.994450569152832,245.253,467.36395263671875
1784707585.422538,Saccade,17.437360763549805,75.001,1318.8502197265625
1784707585.692793,Fixation,15.56489372253418,270.254,449.85614013671875
1784707585.812915,Saccade,10.549299240112305,120.128,1136.91162109375
1784707586.033171,Fixation,10.744513511657715,220.252,485.4361877441406
1784707586.093171,Saccade,6.989740371704102,60.001,1205.0938720703125
1784707586.418549,Fixation,9.811723709106445,325.379,435.6401672363281
1784707586.753804,Saccade,11.031927108764648,335.255,1226.0423583984375
1784707586.838926,Fixation,6.6194167137146,85.126,471.9230041503906
1784707586.863926,Saccade,15.106163024902344,25.0,1056.8555908203125
1784707586.97906,Fixation,27.179262161254883,115.127,573.9759521484375
1784707587.354579,Saccade,15.891301155090332,375.255,1142.86083984375
1784707587.639957,Fixation,29.03817367553711,285.379,441.3774719238281
1784707587.649957,Saccade,24.621292114257812,10.001,1297.694580078125
1784707587.724957,Fixation,9.624031066894531,75.0,441.0409240722656
1784707587.734957,Saccade,13.565033912658691,10.001,927.731689453125
1784707587.860079,Fixation,1.0967258214950562,125.126,414.8396911621094
1784707588.135334,Saccade,27.781421661376953,275.254,1217.3218994140625
1784707588.225468,Fixation,25.43421173095703,90.136,507.59124755859375
1784707588.36059,Saccade,16.970468521118164,135.117,1257.69140625
1784707588.44559,Fixation,19.331663131713867,85.001,557.87548828125
1784707589.156346,Saccade,20.307029724121094,710.76,1175.4930419921875
1784707589.281479,Fixation,14.992390632629395,125.127,424.7723693847656
1784707589.371479,Saccade,21.003753662109375,90.007,1022.3130493164062
1784707589.571735,Fixation,12.247831344604492,200.247,496.1252746582031
1784707589.596735,Saccade,18.355510711669922,25.005,1350.03662109375
1784707589.671735,Fixation,26.633544921875,74.996,487.5102844238281
1784707589.741857,Saccade,10.357141494750977,70.126,1194.214599609375
1784707590.117234,Fixation,19.480878829956055,375.381,496.83355712890625
1784707590.192246,Saccade,19.69125747680664,75.001,1349.2100830078125
1784707590.282368,Fixation,1.3261439800262451,90.126,473.4129638671875
1784707590.302379,Saccade,19.495296478271484,20.01,1094.21923828125
1784707590.522535,Fixation,12.393784523010254,220.243,441.85675048828125
1784707590.652657,Saccade,11.436025619506836,130.127,1162.0789794921875
1784707590.822791,Fixation,14.60962200164795,170.127,414.7953186035156
1784707590.832791,Saccade,19.892044067382812,10.005,1293.8004150390625
1784707591.027913,Fixation,19.41927719116211,195.126,471.0650634765625
1784707591.037913,Saccade,14.5199613571167,9.997,962.8792114257812
1784707591.218168,Fixation,6.63523530960083,180.253,479.5630798339844
1784707591.393291,Saccade,13.311647415161133,175.127,1277.9193115234375
1784707591.668546,Fixation,8.070667266845703,275.257,448.5350036621094
1784707591.87869,Saccade,8.732307434082031,210.138,1245.65625
1784707592.088924,Fixation,10.522241592407227,210.24,441.7565612792969
1784707592.35919,Saccade,13.305115699768066,270.267,1106.904541015625
1784707592.474313,Fixation,19.426509857177734,115.113,474.84185791015625
1784707592.524313,Saccade,6.920711517333984,50.001,1157.241455078125
1784707592.784568,Fixation,10.02198600769043,260.262,443.3550720214844
1784707592.949691,Saccade,8.703283309936523,165.119,1279.6571044921875
1784707593.184946,Fixation,5.842207431793213,235.253,480.3635559082031
1784707593.199946,Saccade,18.237157821655273,15.0,1142.5218505859375
1784707593.295068,Fixation,2.4979248046875,95.126,436.5412292480469
1784707593.310068,Saccade,8.627153396606445,15.001,949.3931274414062
1784707593.40519,Fixation,25.51044273376465,95.126,454.513916015625
1784707593.429484,Saccade,22.919645309448242,25.0,1041.2374267578125
1784707593.714739,Fixation,11.59492015838623,285.254,415.5391540527344
1784707593.889873,Saccade,4.6591796875,175.128,1131.780029296875
1784707594.004995,Fixation,11.689240455627441,115.126,454.80548095703125
1784707594.180128,Saccade,22.56998634338379,175.128,1202.6168212890625
1784707594.28025,Fixation,12.575329780578613,100.126,476.144287109375
1784707594.30525,Saccade,16.01215934753418,25.0,1161.211181640625
1784707594.380373,Fixation,17.283599853515625,75.126,416.6971435546875
1784707594.485506,Saccade,6.671275615692139,105.128,1059.828369140625
1784707594.765761,Fixation,24.58213233947754,280.253,390.0197448730469
1784707594.840773,Saccade,18.049272537231445,75.014,1143.27392578125
1784707595.081017,Fixation,27.587369918823242,240.24,501.26226806640625
1784707595.131017,Saccade,7.2767653465271,50.001,1230.0101318359375
1784707595.281139,Fixation,20.482872009277344,150.127,505.1884765625
1784707595.296261,Saccade,24.779722213745117,15.125,1188.7772216796875
1784707595.416273,Fixation,22.6114444732666,120.002,407.5080261230469
1784707595.431395,Saccade,17.06945037841797,15.125,1178.6146240234375
1784707595.561517,Fixation,8.75621509552002,130.126,484.94183349609375
1784707595.646517,Saccade,7.0754008293151855,85.002,1252.800048828125
1784707595.72665,Fixation,4.107224464416504,80.13,471.2919006347656
1784707595.75165,Saccade,27.06273078918457,24.996,1154.00927734375
1784707596.222028,Fixation,4.491838455200195,470.381,459.2816467285156
1784707596.27715,Saccade,2.4849653244018555,55.126,1185.7769775390625
1784707596.377284,Fixation,9.869064331054688,100.131,451.8313903808594
1784707596.447488,Saccade,16.449575424194336,69.996,1060.9263916015625
1784707596.882866,Fixation,27.165502548217773,435.381,439.1620178222656
1784707596.897866,Saccade,11.200925827026367,15.001,1083.511474609375
1784707596.992988,Fixation,6.952528476715088,95.126,453.48626708984375
1784707597.068121,Saccade,15.543381690979004,75.126,1163.1451416015625
1784707597.148122,Fixation,17.147537231445312,80.003,574.4116821289062
1784707597.168122,Saccade,10.19716739654541,19.999,1160.2718505859375
1784707597.423377,Fixation,16.305932998657227,255.253,445.1983642578125
1784707597.443377,Saccade,32.29825210571289,20.0,1500.2972412109375
1784707597.523499,Fixation,16.521657943725586,80.126,471.3916015625
1784707597.728633,Saccade,16.185039520263672,205.131,1143.7974853515625
1784707597.808755,Fixation,9.633907318115234,80.123,520.4321899414062
1784707597.828755,Saccade,12.01077938079834,20.0,1039.682861328125
1784707597.928877,Fixation,21.189998626708984,100.127,460.1658935546875
1784707597.988877,Saccade,18.167142868041992,60.001,1134.862548828125
1784707598.159133,Fixation,12.020379066467285,170.252,422.76348876953125
1784707598.284133,Saccade,6.842754364013672,125.001,1102.9359130859375
1784707598.409266,Fixation,14.802851676940918,125.127,411.48260498046875
1784707598.419266,Saccade,23.143461227416992,10.0,1263.78369140625
1784707598.61951,Fixation,20.65265655517578,200.253,492.3318786621094
1784707598.754644,Saccade,3.132146120071411,135.127,1212.003662109375
1784707599.019899,Fixation,11.191439628601074,265.253,413.0157165527344
1784707599.039899,Saccade,12.740803718566895,20.001,1037.7069091796875
1784707599.185022,Fixation,17.3433895111084,145.127,374.6656188964844
1784707599.255144,Saccade,31.44698143005371,70.125,1131.9224853515625
1784707599.495592,Fixation,10.579207420349121,240.13,450.4142761230469
1784707599.515592,Saccade,11.524441719055176,19.999,1220.5487060546875
1784707599.625714,Fixation,13.588699340820312,110.127,399.4418640136719
1784707599.640714,Saccade,26.049880981445312,15.0,1311.4432373046875
1784707599.785847,Fixation,26.740747451782227,145.128,487.45452880859375
1784707599.925969,Saccade,17.715967178344727,140.125,1181.86083984375
1784707600.081225,Fixation,29.47674560546875,155.253,403.50555419921875
1784707600.116225,Saccade,14.00694465637207,35.0,1164.0322265625
1784707600.631736,Fixation,13.333961486816406,515.507,447.7323303222656
1784707600.661736,Saccade,24.1884822845459,30.001,993.3489379882812
1784707600.92698,Fixation,15.479905128479004,265.253,423.74798583984375
1784707600.94698,Saccade,23.900856018066406,20.0,1101.935302734375
1784707601.197236,Fixation,9.484957695007324,250.254,472.25836181640625
1784707601.217236,Saccade,20.553205490112305,20.0,1111.3861083984375
1784707601.332369,Fixation,11.280097961425781,115.126,523.869873046875
1784707601.377369,Saccade,7.953895568847656,45.001,1273.0643310546875
1784707601.552492,Fixation,12.736406326293945,175.13,451.7677917480469
1784707601.592625,Saccade,11.909930229187012,40.126,1007.1953125
1784707601.742747,Fixation,15.870096206665039,150.124,400.48883056640625
1784707601.852869,Saccade,15.385550498962402,110.126,1023.6033325195312
1784707601.967869,Fixation,12.595075607299805,115.002,456.166259765625
1784707601.983003,Saccade,21.007217407226562,15.125,1235.2550048828125
1784707602.188125,Fixation,7.373288154602051,205.131,479.7504577636719
1784707602.208125,Saccade,18.502241134643555,19.997,986.9588012695312
1784707602.343258,Fixation,25.30418586730957,135.127,482.75506591796875
1784707602.363258,Saccade,22.45409393310547,20.003,1109.130615234375
1784707602.483392,Fixation,18.52120590209961,120.13,441.0759582519531
1784707602.628787,Saccade,28.321754455566406,145.121,1194.1187744140625
1784707602.70892,Fixation,7.003032684326172,80.128,469.554931640625
1784707602.934176,Saccade,11.843879699707031,225.251,1071.5657958984375
1784707603.159298,Fixation,8.686078071594238,225.128,460.0942077636719
1784707603.344554,Saccade,30.553319931030273,185.252,1246.4691162109375
1784707603.474554,Fixation,25.941884994506836,130.002,443.2318115234375
1784707603.539676,Saccade,16.313377380371094,65.126,1303.918701171875
1784707603.634809,Fixation,18.452341079711914,95.126,459.10467529296875
1784707603.654809,Saccade,25.000282287597656,20.0,1168.27978515625
1784707603.774932,Fixation,8.522709846496582,120.127,380.5010986328125
1784707603.804932,Saccade,23.322378158569336,30.0,1087.3438720703125
1784707603.930065,Fixation,11.927247047424316,125.136,388.30621337890625
1784707603.965065,Saccade,6.3179121017456055,34.991,1125.5484619140625
1784707604.140187,Fixation,4.663845062255859,175.128,486.5570373535156
1784707604.215309,Saccade,14.687668800354004,75.126,1124.49462890625
1784707604.330443,Fixation,13.537957191467285,115.126,325.9366455078125
1784707604.460565,Saccade,11.0530424118042,130.127,1058.9293212890625
1784707604.545565,Fixation,10.849891662597656,85.001,433.38385009765625
1784707604.570687,Saccade,8.853426933288574,25.125,1048.8424072265625
1784707604.82082,Fixation,5.835170745849609,250.129,489.0422668457031
1784707605.331331,Saccade,123.5912857055664,510.506,3631.2138671875
1784707605.406454,Fixation,16.78142547607422,75.127,856.3892211914062
1784707605.426454,Saccade,33.80166244506836,20.003,1840.9769287109375
1784707605.521454,Fixation,38.425968170166016,94.998,797.8995361328125
1784707605.796583,Saccade,158.55813598632812,275.254,2841.09228515625
1784707605.891706,Fixation,57.10658264160156,95.126,1185.738525390625
1784707606.607339,Saccade,153.93685913085938,715.634,2444.082275390625
1784707606.822594,Fixation,70.3070068359375,215.253,826.181884765625
1784707606.927728,Saccade,138.79061889648438,105.126,2050.5263671875
1784707607.177861,Fixation,126.38847351074219,250.144,987.8587646484375
1784707607.272972,Saccade,166.4364471435547,95.111,4487.6376953125
1784707607.378105,Fixation,176.35203552246094,105.126,2220.66064453125
1784707607.688361,Saccade,81.4071044921875,310.254,2697.606689453125
1784707607.768483,Fixation,39.793296813964844,80.126,754.3781127929688
1784707607.963617,Saccade,82.85964965820312,195.128,2095.59423828125
1784707608.073739,Fixation,9.888291358947754,110.126,654.4993286132812
1784707608.939755,Saccade,37.3997917175293,865.887,1888.953857421875
1784707609.094877,Fixation,40.362205505371094,155.127,700.998779296875
1784707609.129877,Saccade,45.01818084716797,35.0,2234.491455078125
1784707609.275011,Fixation,10.243014335632324,145.136,660.3616333007812
1784707609.295011,Saccade,40.6605224609375,19.997,1563.9775390625
1784707609.430133,Fixation,46.5396614074707,135.121,570.4214477539062
1784707609.515255,Saccade,24.47694969177246,85.126,1561.4422607421875
1784707609.685389,Fixation,52.125301361083984,170.128,755.3158569335938
1784707609.710389,Saccade,29.564794540405273,25.0,1707.262451171875
1784707609.880511,Fixation,39.24595260620117,170.127,732.0663452148438
1784707610.070766,Saccade,140.11944580078125,190.252,1802.837890625
1784707610.431022,Fixation,27.533723831176758,360.255,814.9196166992188
1784707610.591277,Saccade,37.67762756347656,160.252,2271.2607421875
1784707610.881533,Fixation,51.65633010864258,290.265,673.5888671875
1784707610.901522,Saccade,26.49262237548828,19.989,2024.8812255859375
1784707611.051655,Fixation,16.5260066986084,150.127,718.414794921875
1784707611.151788,Saccade,47.423683166503906,100.131,1744.6224365234375
1784707611.256788,Fixation,25.699949264526367,105.0,749.52587890625
1784707611.376911,Saccade,103.5877685546875,120.128,1797.3970947265625
1784707611.462033,Fixation,18.763338088989258,85.122,814.2033081054688
1784707611.467033,Saccade,27.519447326660156,5.0,1630.51318359375
1784707611.547166,Fixation,33.58065414428711,80.126,647.5772094726562
1784707611.626565,Saccade,65.20947265625,80.001,1903.1077880859375
1784707611.721688,Fixation,53.19052505493164,95.126,579.6773071289062
1784707612.016943,Saccade,22.680654525756836,295.254,2189.769287109375
1784707612.347199,Fixation,58.33732986450195,330.254,830.4876708984375
1784707612.372321,Saccade,40.0532112121582,25.128,1802.619384765625
1784707612.462332,Fixation,13.10904598236084,90.007,888.34375
1784707612.617443,Saccade,21.733116149902344,155.118,2249.103515625
1784707612.932832,Fixation,37.43857192993164,315.389,839.3588256835938
1784707613.002832,Saccade,53.73405838012695,69.996,2234.1123046875
1784707613.238077,Fixation,63.32367706298828,235.248,742.2212524414062
1784707613.258088,Saccade,19.23895835876465,20.001,1893.167724609375
1784707613.38321,Fixation,14.839797973632812,125.127,464.74774169921875
1784707613.448332,Saccade,48.80938720703125,65.125,1306.306640625
1784707613.548332,Fixation,42.896446228027344,100.001,637.029541015625
1784707613.678466,Saccade,77.27059936523438,130.127,1331.3134765625
1784707613.788588,Fixation,19.630924224853516,110.126,647.8421020507812
1784707613.85871,Saccade,34.87941360473633,70.126,1188.49560546875
1784707614.072521,Fixation,6.466078281402588,213.802,634.311279296875
1784707614.092521,Saccade,29.32706069946289,20.0,1621.325439453125
1784707614.387765,Fixation,10.885491371154785,295.252,592.5230712890625
1784707614.497888,Saccade,39.4593505859375,110.122,1498.4658203125
1784707615.288845,Fixation,30.624549865722656,790.751,598.2163696289062
1784707615.313845,Saccade,23.06705093383789,24.997,1410.08251953125
1784707615.448967,Fixation,35.89604949951172,135.132,630.0863647460938
1784707615.468967,Saccade,8.469862937927246,19.993,1575.795654296875
1784707615.649211,Fixation,35.80732345581055,180.25,631.9343872070312
1784707615.664212,Saccade,28.167930603027344,15.0,1409.0740966796875
1784707615.854334,Fixation,55.03799057006836,190.124,668.6332397460938
1784707615.889334,Saccade,42.61583709716797,35.0,1498.98388671875
1784707615.969467,Fixation,44.51345443725586,80.125,805.5050659179688
1784707616.124589,Saccade,24.361207962036133,155.125,1515.5443115234375
1784707616.209711,Fixation,35.92131042480469,85.125,789.2831420898438
1784707616.324834,Saccade,43.54884719848633,115.124,2122.197021484375
1784707616.429834,Fixation,30.109949111938477,105.0,1030.8931884765625
1784707616.595089,Saccade,34.3035888671875,165.25,1942.2940673828125
1784707616.825212,Fixation,42.26178741455078,230.124,732.1652221679688
1784707616.985334,Saccade,39.57525634765625,160.125,1835.517578125
1784707617.145589,Fixation,48.16530990600586,160.253,627.7919921875
1784707617.305712,Saccade,46.014610290527344,160.121,2002.17724609375
1784707617.400834,Fixation,12.578093528747559,95.125,701.3648071289062
1784707617.701201,Saccade,11.457052230834961,300.25,1808.65185546875
1784707617.886323,Fixation,50.17502212524414,185.124,799.7589721679688
1784707618.006445,Saccade,26.097209930419922,120.129,1822.93408203125
1784707618.141568,Fixation,23.97032928466797,135.121,782.7188110351562
1784707618.466823,Saccade,19.132600784301758,325.249,1852.6806640625
1784707618.581945,Fixation,12.238121032714844,115.125,717.935791015625
1784707618.712068,Saccade,46.06313705444336,130.125,2106.715576171875
1784707618.792201,Fixation,11.662124633789062,80.134,797.7697143554688
1784707618.81219,Saccade,15.704251289367676,19.99,1934.684326171875
1784707618.89719,Fixation,30.519750595092773,85.0,946.9072265625
1784707619.222568,Saccade,69.50589752197266,325.375,2765.055908203125
1784707619.34269,Fixation,38.50774002075195,120.124,745.6591186523438
1784707619.452701,Saccade,62.702938079833984,110.009,2226.038818359375
1784707619.527823,Fixation,87.91513061523438,75.116,681.1227416992188
1784707619.652946,Saccade,74.24958038330078,125.125,1907.0372314453125
1784707619.743068,Fixation,32.675201416015625,90.126,798.4933471679688
1784707619.748068,Saccade,26.120357513427734,4.998,2576.825927734375
1784707619.92319,Fixation,104.811279296875,175.125,998.1246337890625
1784707620.098312,Saccade,134.16744995117188,175.125,2459.694091796875
1784707620.173457,Fixation,94.92404174804688,75.135,739.9661865234375
1784707620.598812,Saccade,201.15924072265625,425.364,2611.830078125
1784707621.499706,Fixation,40.87823486328125,900.873,541.6332397460938
1784707621.524706,Saccade,48.46095657348633,25.0,2393.70458984375
1784707621.634828,Fixation,13.606804847717285,110.125,1060.35791015625
1784707621.649828,Saccade,26.14069366455078,15.0,1368.55322265625
1784707621.72984,Fixation,17.773038864135742,80.014,560.2225952148438
1784707621.749828,Saccade,19.356040954589844,19.985,1171.1571044921875
1784707621.869951,Fixation,19.56317901611328,120.125,494.70184326171875
1784707621.894951,Saccade,29.62803077697754,25.0,1158.5205078125
1784707622.055206,Fixation,7.49904727935791,160.25,468.78857421875
1784707622.245328,Saccade,6.652231693267822,190.124,1430.6087646484375
1784707622.385462,Fixation,20.447965621948242,140.128,786.7413330078125
1784707622.405462,Saccade,11.411684036254883,20.003,1424.1954345703125
1784707622.550584,Fixation,18.303882598876953,145.119,627.1235961914062
1784707622.565584,Saccade,18.658504486083984,15.0,1217.177001953125
1784707622.840828,Fixation,16.84967041015625,275.249,496.7336120605469
1784707623.126073,Saccade,34.68465805053711,285.249,1326.742919921875
1784707623.341328,Fixation,30.745574951171875,215.25,585.4578857421875
1784707623.351328,Saccade,17.96456527709961,10.006,1471.0830078125
1784707623.946341,Fixation,39.863014221191406,595.618,485.22393798828125
1784707623.961341,Saccade,14.051663398742676,15.0,1049.6083984375
1784707624.136463,Fixation,19.981142044067383,175.124,499.5086364746094
1784707624.156463,Saccade,15.222190856933594,20.0,1053.2520751953125
1784707624.301585,Fixation,3.16772198677063,145.125,412.3427429199219
1784707624.376719,Saccade,14.966059684753418,75.13,1174.8056640625
1784707624.591841,Fixation,20.162460327148438,215.119,402.08984375
1784707624.616841,Saccade,15.629575729370117,25.0,1053.58837890625
1784707624.862085,Fixation,34.787322998046875,245.25,482.4293212890625
1784707624.977219,Saccade,41.98759841918945,115.127,1932.9954833984375
1784707625.107341,Fixation,9.940725326538086,130.122,497.3157043457031
1784707625.127341,Saccade,16.99758529663086,20.0,1413.0072021484375
1784707625.262463,Fixation,10.169054985046387,135.128,435.1815490722656
1784707625.317585,Saccade,20.387401580810547,55.122,1116.940185546875
1784707625.822963,Fixation,21.220972061157227,505.373,442.87896728515625
1784707625.837963,Saccade,15.304739952087402,15.0,999.464111328125
1784707626.378463,Fixation,30.978418350219727,540.499,479.8759765625
1784707626.428585,Saccade,15.59682846069336,50.125,1060.0130615234375
1784707626.909698,Fixation,21.049665451049805,480.378,441.59912109375
1784707626.929698,Saccade,21.300256729125977,19.996,1088.4268798828125
1784707627.124943,Fixation,8.64051342010498,195.249,687.928466796875
1784707627.139943,Saccade,17.470834732055664,15.001,1595.002685546875
1784707627.255065,Fixation,13.960450172424316,115.124,597.7823486328125
1784707627.275065,Saccade,23.954193115234375,20.0,1308.9312744140625
1784707628.220943,Fixation,13.825577735900879,945.873,485.8703308105469
1784707628.235943,Saccade,17.079957962036133,15.0,1110.5875244140625
1784707628.566187,Fixation,9.198446273803711,330.249,406.9167175292969
1784707628.581198,Saccade,22.0992431640625,15.01,1147.41748046875
1784707629.22681,Fixation,44.71413040161133,645.614,431.1948547363281
1784707629.452065,Saccade,91.23869323730469,225.249,1338.1688232421875
1784707629.677187,Fixation,67.7831802368164,225.127,996.6561889648438
1784707629.727309,Saccade,77.54534149169922,50.122,3011.707275390625
1784707629.80231,Fixation,47.32032775878906,75.0,1087.4158935546875
1784707630.067598,Saccade,29.696041107177734,265.25,2490.02197265625
1784707630.72822,Fixation,53.59563446044922,660.623,908.5423583984375
1784707630.768342,Saccade,16.460445404052734,40.125,1425.9581298828125
1784707630.853342,Fixation,3.7195022106170654,85.0,621.9120483398438
1784707630.868342,Saccade,20.26874351501465,15.0,1580.391357421875
1784707631.153586,Fixation,25.28447914123535,285.249,683.2799072265625
1784707631.173586,Saccade,20.73996353149414,20.0,1886.2099609375
1784707631.879353,Fixation,11.470279693603516,705.758,613.8983154296875
1784707631.904342,Saccade,23.60689926147461,24.99,1415.3863525390625
1784707631.984342,Fixation,20.794612884521484,80.0,451.6651916503906
1784707631.999464,Saccade,12.65908145904541,15.125,990.2366333007812
1784707632.529853,Fixation,44.50187683105469,530.387,589.9810180664062
1784707632.544964,Saccade,14.451532363891602,15.111,1619.5374755859375
1784707632.710086,Fixation,22.410158157348633,165.125,764.156494140625
1784707632.735086,Saccade,22.916589736938477,25.0,1615.26953125
1784707632.984785,Fixation,60.65979766845703,250.249,714.4686889648438
1784707632.999784,Saccade,33.53766632080078,15.003,1880.1729736328125
1784707633.079785,Fixation,10.534552574157715,79.997,657.9369506835938
1784707633.104907,Saccade,30.169851303100586,25.125,1418.3995361328125
1784707633.275029,Fixation,52.204200744628906,170.125,899.2562866210938
1784707633.295029,Saccade,26.335693359375,19.999,2007.59912109375
1784707633.620273,Fixation,34.92605972290039,325.25,741.7765502929688
1784707633.675407,Saccade,8.783416748046875,55.124,1474.388427734375
1784707633.875529,Fixation,45.34566116333008,200.125,705.0977172851562
1784707633.955651,Saccade,37.76185989379883,80.125,1748.89794921875
1784707634.080773,Fixation,42.38177490234375,125.124,722.9357299804688
1784707634.621284,Saccade,40.14338684082031,540.503,1545.37060546875
1784707634.716274,Fixation,6.087316989898682,94.996,626.22607421875
1784707634.956529,Saccade,76.2542953491211,240.249,1847.1099853515625
1784707635.211773,Fixation,133.66761779785156,255.249,833.018798828125
1784707635.226774,Saccade,17.065629959106445,15.0,1803.4217529296875
1784707635.311907,Fixation,33.20362854003906,85.128,812.519287109375
1784707635.602151,Saccade,121.35999298095703,290.246,2164.915283203125
1784707635.677274,Fixation,39.093013763427734,75.125,949.6531372070312
1784707636.528491,Saccade,61.711814880371094,850.748,2831.294189453125
1784707636.613502,Fixation,4.648172855377197,85.008,1301.87841796875
1784707637.078991,Saccade,109.37945556640625,465.49,2304.40478515625
1784707637.204113,Fixation,38.13240432739258,125.125,987.76220703125
1784707637.959735,Saccade,84.59425354003906,755.623,2494.089599609375
1784707638.149991,Fixation,46.892642974853516,190.252,870.0057983398438
1784707638.244991,Saccade,23.71186637878418,94.997,1965.0821533203125
1784707638.335113,Fixation,32.30274200439453,90.125,738.05712890625
1784707638.605358,Saccade,70.55548095703125,270.249,2309.02001953125
1784707638.735491,Fixation,26.65399742126465,130.125,975.10009765625
1784707638.965851,Saccade,47.46165466308594,230.257,1883.36083984375
1784707639.200962,Fixation,25.616880416870117,235.116,697.5507202148438
1784707639.766596,Saccade,49.053123474121094,565.625,1678.041748046875
1784707639.876585,Fixation,39.87410354614258,109.998,605.5052490234375
1784707640.447218,Saccade,74.74679565429688,570.627,1801.380615234375
1784707640.59734,Fixation,11.49728775024414,150.121,559.9408569335938
1784707640.782462,Saccade,19.991445541381836,185.125,1180.0924072265625
1784707640.992707,Fixation,38.556941986083984,210.249,455.1969909667969
1784707641.012707,Saccade,3.2911646366119385,20.0,1112.4542236328125
1784707641.26284,Fixation,49.558021545410156,250.133,536.5897216796875
1784707641.317962,Saccade,26.272672653198242,55.116,1019.3602294921875
1784707641.523084,Fixation,12.907126426696777,205.125,366.3717346191406
1784707641.553207,Saccade,31.163114547729492,30.125,1018.8671264648438
1784707641.718329,Fixation,8.242507934570312,165.124,474.95111083984375
1784707641.733329,Saccade,20.314611434936523,15.0,1247.8807373046875
1784707642.268347,Fixation,15.857410430908203,535.498,395.6287536621094
1784707642.283358,Saccade,14.0185546875,15.004,924.0013427734375
1784707642.463469,Fixation,9.032236099243164,180.121,468.6211853027344
1784707642.478469,Saccade,15.710883140563965,15.0,1002.6129150390625
1784707642.618602,Fixation,20.11622428894043,140.124,495.67950439453125
1784707642.633724,Saccade,24.42897605895996,15.129,971.9830932617188
1784707642.993969,Fixation,9.574884414672852,360.246,428.0717468261719
1784707643.084102,Saccade,22.313343048095703,90.129,1221.0655517578125
1784707643.254224,Fixation,24.16130828857422,170.119,486.9253234863281
1784707643.269224,Saccade,18.33294105529785,15.0,1075.8358154296875
1784707643.564469,Fixation,15.389985084533691,295.25,490.961669921875
1784707643.929847,Saccade,53.441017150878906,365.373,1318.25390625
1784707644.064969,Fixation,14.018941879272461,135.125,475.57647705078125
1784707644.245091,Saccade,12.746522903442383,180.124,1338.2244873046875
1784707644.415347,Fixation,19.261795043945312,170.25,618.3224487304688
1784707644.450346,Saccade,21.115724563598633,35.0,1398.83837890625
1784707644.585469,Fixation,10.357781410217285,135.124,474.0054016113281
1784707644.715591,Saccade,29.981740951538086,130.125,2224.39990234375
1784707644.845713,Fixation,36.405696868896484,130.125,923.0440673828125
1784707644.885713,Saccade,8.0445556640625,40.0,1812.689697265625
1784707645.03575,Fixation,33.04390335083008,150.124,1368.3734130859375
1784707645.205883,Saccade,41.24039840698242,170.125,3644.900146484375
1784707645.291005,Fixation,40.01533889770508,85.13,1583.708251953125
1784707645.306005,Saccade,25.387603759765625,14.994,2815.982177734375
1784707645.386128,Fixation,12.082898139953613,80.125,1436.4930419921875
1784707645.416139,Saccade,45.98324966430664,30.007,3209.604736328125
1784707645.55625,Fixation,103.74932861328125,140.117,1404.3228759765625
1784707645.57625,Saccade,57.491641998291016,20.0,2811.24267578125
1784707645.746383,Fixation,69.0910873413086,170.125,874.02685546875
1784707645.901628,Saccade,46.302146911621094,155.249,1675.60888671875
1784707646.031628,Fixation,80.32933044433594,130.0,895.15478515625
1784707646.04675,Saccade,26.502620697021484,15.126,2072.46875
1784707646.12675,Fixation,6.995580196380615,79.999,903.9791259765625
1784707646.241872,Saccade,9.251484870910645,115.124,2101.696044921875
1784707646.467128,Fixation,18.1966495513916,225.25,817.9500122070312
1784707646.522128,Saccade,27.08331298828125,54.999,1735.758544921875
1784707646.772383,Fixation,50.05021667480469,250.262,564.978515625
1784707646.897506,Saccade,14.756568908691406,125.122,1615.6507568359375
1784707647.077628,Fixation,17.42772674560547,180.115,834.7171020507812
1784707647.122628,Saccade,37.98503875732422,45.0,1713.0284423828125
1784707647.202761,Fixation,33.75041580200195,80.132,668.0654907226562
1784707648.824427,Saccade,227.32345581054688,1621.487,3281.42431640625
1784707648.909561,Fixation,15.215144157409668,85.131,991.3827514648438
1784707649.219805,Saccade,101.07625579833984,310.243,3122.4052734375
1784707649.329927,Fixation,42.28489685058594,110.124,668.7403564453125
1784707649.434927,Saccade,19.309083938598633,105.0,1610.3941650390625
1784707649.510061,Fixation,25.773998260498047,75.126,672.0409545898438
1784707649.965427,Saccade,59.2313346862793,455.374,2321.56591796875
1784707650.130683,Fixation,76.66667938232422,165.248,732.1896362304688
1784707650.260805,Saccade,94.79591369628906,130.124,2460.70361328125
1784707650.340805,Fixation,31.32506561279297,80.0,1356.0360107421875
1784707650.861305,Saccade,60.69744873046875,520.498,3183.45556640625
1784707651.046427,Fixation,17.372812271118164,185.125,1046.0096435546875
1784707651.361428,Saccade,75.4076156616211,315.378,3464.81298828125
1784707651.451417,Fixation,76.53526306152344,89.995,965.7684936523438
1784707651.61155,Saccade,24.215736389160156,160.125,1649.28564453125
1784707651.731673,Fixation,35.654090881347656,120.128,744.9436645507812
1784707652.582539,Saccade,65.04238891601562,850.868,3126.322509765625
1784707652.682539,Fixation,135.2048797607422,100.0,1374.333984375
1784707653.628417,Saccade,227.38345336914062,945.872,4911.25732421875
1784707653.768539,Fixation,97.85493469238281,140.124,1273.29150390625
1784707653.918662,Saccade,72.07267761230469,150.125,3507.669921875
1784707654.018795,Fixation,74.42101287841797,100.129,818.3102416992188
1784707654.509268,Saccade,123.7855453491211,490.494,2637.431884765625
1784707654.604268,Fixation,30.351713180541992,94.999,650.9795532226562
1784707655.630268,Saccade,83.26165771484375,1025.997,2174.450439453125
1784707656.31589,Fixation,3.370455741882324,685.623,421.58319091796875
1784707656.581135,Saccade,41.81378936767578,265.249,1611.8719482421875
1784707657.38251,Fixation,19.158960342407227,800.747,427.879638671875
1784707657.797877,Saccade,79.15056610107422,415.373,1703.4395751953125
1784707657.918021,Fixation,22.45541763305664,120.139,553.761962890625
1784707657.98801,Saccade,38.724849700927734,69.992,1420.7310791015625
1784707658.278254,Fixation,22.963804244995117,290.243,536.1070556640625
1784707658.373377,Saccade,11.596296310424805,95.124,1222.53271484375
1784707658.548499,Fixation,18.12186622619629,175.125,511.7800598144531
1784707658.743754,Saccade,13.729561805725098,195.249,1163.0106201171875
1784707658.828754,Fixation,12.07760238647461,85.0,438.1458740234375
1784707658.968877,Saccade,24.519813537597656,140.124,1312.1358642578125
1784707659.189132,Fixation,37.9110221862793,220.257,553.3757934570312
1784707659.209121,Saccade,30.877639770507812,19.992,1353.6268310546875
1784707659.304243,Fixation,6.789245128631592,95.125,473.16656494140625
1784707659.329243,Saccade,25.75904083251953,25.0,1213.3311767578125
1784707659.454376,Fixation,25.88798713684082,125.127,537.10693359375
1784707659.479377,Saccade,32.30400085449219,24.998,1215.705322265625
1784707659.619499,Fixation,33.34162902832031,140.124,475.543212890625
1784707659.634499,Saccade,12.205879211425781,15.0,1254.120361328125
1784707659.814743,Fixation,7.137826919555664,180.249,535.4144287109375
1784707659.849743,Saccade,37.694522857666016,35.0,1328.2078857421875
1784707659.959865,Fixation,31.27716636657715,110.125,421.87353515625
1784707660.149331,Saccade,26.68225860595703,190.124,1254.7939453125
1784707660.549697,Fixation,13.214264869689941,400.374,490.17413330078125
1784707660.644831,Saccade,24.82684898376465,95.127,1177.52734375
1784707660.749953,Fixation,4.714747905731201,105.122,463.05743408203125
1784707660.769953,Saccade,17.414751052856445,20.0,1018.196533203125
1784707660.849953,Fixation,9.354635238647461,79.999,470.13568115234375
1784707661.115197,Saccade,11.493124008178711,265.249,1200.5313720703125
1784707661.240319,Fixation,13.537116050720215,125.125,497.3461608886719
1784707661.27032,Saccade,28.489418029785156,30.0,1245.577392578125
1784707661.430575,Fixation,40.56930923461914,160.249,339.83233642578125
1784707661.510575,Saccade,36.75511169433594,80.0,1124.5411376953125
1784707661.690697,Fixation,38.130741119384766,180.125,471.37200927734375
1784707661.71082,Saccade,24.047319412231445,20.127,1032.9713134765625
1784707661.825831,Fixation,10.087372779846191,115.003,419.09246826171875
1784707661.850831,Saccade,26.414241790771484,25.009,1084.88232421875
1784707662.006075,Fixation,13.323965072631836,155.234,456.6749572753906
1784707662.031075,Saccade,18.355607986450195,25.0,985.57373046875
1784707662.166197,Fixation,14.15030574798584,135.124,476.3368225097656
1784707662.26632,Saccade,6.938063621520996,100.125,1166.8673095703125
1784707662.571564,Fixation,4.35494327545166,305.249,445.94573974609375
1784707662.596564,Saccade,9.50817584991455,25.0,1270.0894775390625
1784707663.026942,Fixation,15.125094413757324,430.373,441.04876708984375
1784707663.152694,Saccade,13.665080070495605,125.125,1142.4716796875
1784707663.648194,Fixation,16.59775161743164,495.498,445.2485046386719
1784707663.668194,Saccade,29.158536911010742,20.0,1349.71240234375
1784707664.123572,Fixation,15.981571197509766,455.373,486.46759033203125
1784707664.173694,Saccade,4.305079936981201,50.125,1118.990234375
1784707664.413816,Fixation,10.232278823852539,240.124,481.0575866699219
1784707664.538938,Saccade,11.68406867980957,125.125,1056.208984375
1784707664.674061,Fixation,23.705354690551758,135.124,449.4762878417969
1784707664.689061,Saccade,19.90280532836914,15.0,1198.70068359375
1784707664.839316,Fixation,12.66217041015625,150.249,428.64593505859375
1784707664.859316,Saccade,18.987138748168945,20.0,1100.5283203125
1784707665.219561,Fixation,10.467208862304688,360.249,530.4227294921875
1784707665.304683,Saccade,20.558313369750977,85.125,1379.9140625
1784707665.504816,Fixation,18.0205078125,200.124,407.3086242675781
1784707665.524938,Saccade,10.925756454467773,20.125,938.1740112304688
1784707665.885183,Fixation,23.060184478759766,360.251,446.079833984375
1784707665.900183,Saccade,13.897378921508789,14.997,1073.244873046875
1784707666.045305,Fixation,38.71926498413086,145.125,521.6980590820312
1784707666.931079,Saccade,95.58203887939453,885.871,1639.017822265625
1784707667.011202,Fixation,5.01201057434082,80.125,473.0303955078125
1784707667.141201,Saccade,7.374075412750244,130.0,1190.03759765625
1784707667.311446,Fixation,17.181669235229492,170.249,396.12200927734375
1784707667.371446,Saccade,29.6279239654541,60.0,1547.9798583984375
1784707667.466579,Fixation,15.042343139648438,95.124,451.21356201171875
1784707667.736824,Saccade,25.380111694335938,270.249,1461.3125
1784707667.911946,Fixation,25.044832229614258,175.124,539.4674682617188
1784707667.997068,Saccade,36.17394256591797,85.125,1257.9345703125
1784707668.102202,Fixation,33.692481994628906,105.125,537.9951171875
1784707668.147202,Saccade,45.37639236450195,44.999,1104.7340087890625
1784707668.732691,Fixation,57.722530364990234,585.498,425.88494873046875
1784707668.917946,Saccade,161.04910278320312,185.249,1647.0103759765625
1784707669.032946,Fixation,26.534713745117188,115.0,511.3963317871094
1784707669.258097,Saccade,6.258909702301025,225.249,1202.03857421875
1784707669.333219,Fixation,15.26648998260498,75.125,425.01995849609375
1784707669.393219,Saccade,7.821070671081543,60.0,1112.0511474609375
1784707669.848597,Fixation,39.93695068359375,455.372,466.96856689453125
1784707669.988719,Saccade,40.57472610473633,140.125,1286.351806640625
1784707670.419219,Fixation,20.42336082458496,430.498,471.76629638671875
1784707670.504219,Saccade,8.516922950744629,85.0,1451.2532958984375
1784707670.619341,Fixation,27.127925872802734,115.124,561.6935424804688
1784707670.639341,Saccade,35.500267028808594,20.001,1340.406982421875
1784707670.824597,Fixation,20.9820499420166,185.249,642.7772827148438
1784707671.249964,Saccade,29.428028106689453,425.373,1822.9190673828125
1784707671.359963,Fixation,19.654449462890625,109.999,741.6052856445312
1784707672.120708,Saccade,104.0810317993164,760.747,1840.80517578125
1784707672.336073,Fixation,78.93399810791016,215.249,695.1361694335938
1784707672.656317,Saccade,46.13636016845703,320.249,1834.3668212890625
1784707672.731439,Fixation,83.46627044677734,75.125,850.2109985351562
1784707674.543061,Saccade,104.06099700927734,1811.619,2912.58935546875
1784707674.633184,Fixation,51.73727035522461,90.123,969.6051025390625
1784707674.873306,Saccade,84.3236083984375,240.124,2099.714111328125
1784707674.973439,Fixation,18.046741485595703,100.126,889.3855590820312
1784707675.558393,Saccade,90.58988189697266,585.496,2428.438720703125
1784707675.628526,Fixation,4.708409786224365,70.124,835.0635375976562
1784707676.784527,Saccade,123.6592025756836,1156.007,2849.821533203125
1784707676.869638,Fixation,138.9900360107422,85.113,1360.8135986328125
1784707677.024771,Saccade,184.2789306640625,155.125,5077.20166015625
1784707677.129893,Fixation,107.76775360107422,105.124,1210.474365234375
1784707677.735404,Saccade,310.2160339355469,605.512,3620.9384765625
1784707677.820515,Fixation,56.30202102661133,85.11,726.2158203125
1784707679.336822,Saccade,353.43310546875,1516.368,2691.7392578125
1784707679.411944,Fixation,14.62809944152832,75.125,816.4921875
1784707682.675499,Saccade,133.21005249023438,3262.99,2855.528564453125
1784707682.755499,Fixation,22.102540969848633,79.995,591.4973754882812
1784707683.711377,Saccade,173.25904846191406,955.879,2927.823974609375
1784707683.896621,Fixation,114.4884262084961,185.241,1832.661376953125
1784707684.231866,Saccade,84.97398376464844,335.248,2975.12353515625
1784707684.446885,Fixation,32.717769622802734,215.249,759.5711669921875
1784707684.511885,Saccade,72.12439727783203,65.0,1838.8497314453125
1784707684.592018,Fixation,3.683396577835083,80.125,599.91552734375
1784707684.617018,Saccade,45.80869674682617,25.006,1575.5089111328125
1784707684.74714,Fixation,18.22915267944336,130.118,582.7283325195312
1784707684.76214,Saccade,19.635135650634766,15.0,1548.994384765625
1784707684.962262,Fixation,114.7376480102539,200.124,1027.88232421875
1784707685.062385,Saccade,39.05830001831055,100.128,3136.432861328125
1784707685.177507,Fixation,15.003849983215332,115.121,1436.3173828125
1784707685.31764,Saccade,62.170257568359375,140.127,2099.907958984375
1784707685.507762,Fixation,39.862300872802734,190.122,953.572509765625
1784707685.527885,Saccade,45.820560455322266,20.124,2731.895263671875
1784707685.642885,Fixation,29.94402313232422,115.0,1004.2128295898438
1784707685.778007,Saccade,24.176151275634766,135.125,3823.669921875
1784707685.858129,Fixation,39.93525695800781,80.124,1257.2716064453125
1784707686.899129,Saccade,127.5643539428711,1040.997,2461.487548828125
1784707686.979129,Fixation,48.4443359375,79.999,607.4503173828125
1784707687.134251,Saccade,8.892525672912598,155.127,1822.68603515625
1784707687.259374,Fixation,28.523405075073242,125.121,636.8117065429688
1784707688.179946,Saccade,49.75599670410156,920.87,1562.1214599609375
1784707688.45019,Fixation,23.09876251220703,270.249,425.3587646484375
1784707688.515313,Saccade,11.098737716674805,65.125,1521.2298583984375
1784707688.730435,Fixation,24.6964054107666,215.124,483.6821594238281
1784707688.860557,Saccade,4.065690040588379,130.124,1074.28759765625
1784707689.105813,Fixation,4.602822780609131,245.249,462.5973205566406
1784707689.125824,Saccade,14.189591407775879,20.013,1103.7757568359375
1784707689.210935,Fixation,16.282285690307617,85.112,495.03070068359375
1784707689.230935,Saccade,15.24845027923584,19.999,1028.935302734375
1784707689.426057,Fixation,5.202353000640869,195.124,391.50433349609375
1784707689.441057,Saccade,11.808808326721191,15.001,858.1994018554688
1784707689.591179,Fixation,19.25374412536621,150.124,381.67608642578125
1784707689.671313,Saccade,19.89992904663086,80.124,1310.332763671875
1784707689.846435,Fixation,10.119833946228027,175.124,438.9693298339844
1784707689.936568,Saccade,1.740917682647705,90.132,1019.7996826171875
1784707690.106679,Fixation,15.28075122833252,170.117,453.7479553222656
1784707690.126679,Saccade,18.37999725341797,20.002,1078.700927734375
1784707690.407473,Fixation,3.9032037258148193,280.247,445.1307067871094
1784707690.422596,Saccade,15.875554084777832,15.125,1077.09033203125
1784707690.522595,Fixation,13.3579683303833,99.999,399.502685546875
1784707690.547596,Saccade,17.070098876953125,25.0,1140.7596435546875
1784707690.637718,Fixation,15.433267593383789,90.125,384.6688537597656
1784707690.652729,Saccade,13.42799186706543,15.015,1078.0010986328125
1784707690.897962,Fixation,18.570781707763672,245.233,486.3612060546875
1784707690.917962,Saccade,11.812209129333496,20.0,1017.3519897460938
1784707691.153218,Fixation,12.806233406066895,235.256,458.7615966796875
1784707691.178218,Saccade,24.639842987060547,24.993,1034.624755859375
1784707691.438462,Fixation,16.12012481689453,260.249,462.953857421875
1784707691.628595,Saccade,14.603370666503906,190.136,1122.4051513671875
1784707691.728718,Fixation,10.467508316040039,100.121,533.9757080078125
1784707691.82884,Saccade,4.281219959259033,100.116,984.4730834960938
1784707691.958962,Fixation,1.4913091659545898,130.125,553.664306640625
1784707692.079084,Saccade,6.980757713317871,120.124,1041.8720703125
1784707692.174084,Fixation,14.58664608001709,94.999,496.0511169433594
1784707692.194206,Saccade,21.58712387084961,20.125,1140.703369140625
1784707692.319206,Fixation,14.208757400512695,125.0,432.381103515625
1784707692.604584,Saccade,30.285266876220703,285.373,1253.7342529296875
1784707692.684584,Fixation,18.018661499023438,80.0,476.57489013671875
1784707692.789706,Saccade,4.033262729644775,105.124,1166.10302734375
1784707692.879718,Fixation,13.16006088256836,90.013,420.71832275390625
1784707692.894829,Saccade,19.963518142700195,15.112,1219.448486328125
1784707693.049962,Fixation,10.711941719055176,155.128,453.3564147949219
1784707693.069951,Saccade,18.313762664794922,19.996,1163.7183837890625
1784707693.150084,Fixation,9.41088581085205,80.125,489.4756164550781
1784707693.320206,Saccade,2.5539214611053467,170.124,1049.99609375
1784707693.410329,Fixation,9.342897415161133,90.127,533.3399658203125
1784707693.434996,Saccade,15.900952339172363,24.998,1133.738037109375
1784707693.680118,Fixation,8.42037582397461,245.123,461.52130126953125
1784707693.705251,Saccade,30.435529708862305,25.128,1053.71044921875
1784707693.885373,Fixation,19.404571533203125,180.121,407.5640869140625
1784707693.965496,Saccade,6.209743976593018,80.125,1136.9993896484375
1784707694.055496,Fixation,9.157029151916504,89.999,419.5044250488281
1784707694.075496,Saccade,17.91421890258789,20.0,946.688720703125
1784707694.220618,Fixation,12.001236915588379,145.125,469.8348693847656
1784707694.225629,Saccade,13.155902862548828,5.009,1026.0367431640625
1784707694.485862,Fixation,4.096039295196533,260.239,406.8329162597656
1784707694.505996,Saccade,13.283970832824707,20.125,1210.4583740234375
1784707694.711118,Fixation,7.405656814575195,205.124,498.600830078125
1784707694.736118,Saccade,16.649168014526367,25.0,1099.1024169921875
1784707694.89624,Fixation,17.62518310546875,160.124,488.2393493652344
1784707694.921362,Saccade,7.937899112701416,25.129,1053.169677734375
1784707695.146496,Fixation,14.50931167602539,225.131,473.95867919921875
1784707695.156485,Saccade,27.43094825744629,9.989,1295.7108154296875
1784707695.35174,Fixation,6.183770656585693,195.249,511.7511901855469
1784707695.37174,Saccade,5.417133808135986,20.0,955.3797607421875
1784707695.466862,Fixation,7.695573329925537,95.131,470.28717041015625
1784707695.481862,Saccade,6.893985271453857,14.996,940.1155395507812
1784707695.646985,Fixation,10.795862197875977,165.122,464.4256286621094
1784707695.706985,Saccade,5.509212017059326,60.0,1181.940185546875
1784707695.902229,Fixation,8.631902694702148,195.248,423.2210998535156
1784707696.042373,Saccade,13.520051956176758,140.135,1198.745849609375
1784707696.187485,Fixation,11.872391700744629,145.114,459.3607177734375
1784707696.252485,Saccade,17.386375427246094,65.006,1036.436279296875
1784707696.342607,Fixation,14.246929168701172,90.118,480.9400329589844
1784707696.362607,Saccade,16.598188400268555,20.0,1176.8863525390625
1784707696.627713,Fixation,6.913305759429932,265.249,446.056884765625
1784707696.958091,Saccade,163.83438110351562,330.373,2374.427978515625
1784707697.068091,Fixation,39.67850875854492,110.0,839.3950805664062
1784707697.168213,Saccade,27.98221206665039,100.124,2549.95849609375
1784707697.243335,Fixation,32.57080841064453,75.125,1152.7242431640625
1784707697.408468,Saccade,82.83988952636719,165.124,3168.96337890625
1784707697.513591,Fixation,37.376094818115234,105.124,1273.03515625
1784707698.419335,Saccade,92.7246322631836,905.749,3636.95751953125
1784707698.509469,Fixation,100.15232849121094,90.136,1249.1551513671875
1784707698.529457,Saccade,33.89482498168945,19.985,1805.2432861328125
1784707698.609591,Fixation,57.478939056396484,80.128,994.5009765625
1784707699.450653,Saccade,259.3914489746094,840.743,3994.7080078125
1784707699.525664,Fixation,42.575557708740234,75.008,652.4928588867188
1784707699.861031,Saccade,123.01091003417969,335.365,2990.226318359375
1784707700.291409,Fixation,154.27613830566406,430.373,431.1969299316406
1784707700.691775,Saccade,508.8023681640625,400.373,2758.18603515625
1784707700.841897,Fixation,132.4397430419922,150.124,656.3675537109375
1784707700.96702,Saccade,485.4370422363281,125.124,4605.65380859375
1784707701.102153,Fixation,113.492919921875,135.124,376.07550048828125
1784707701.142153,Saccade,61.11796951293945,40.0,2350.208984375
1784707701.372397,Fixation,135.7957305908203,230.249,429.83221435546875
1784707701.407398,Saccade,101.79730987548828,35.0,2728.098388671875
1784707701.712775,Fixation,51.474586486816406,305.373,448.73211669921875
1784707701.822775,Saccade,464.2472229003906,110.0,4129.9892578125
1784707701.952898,Fixation,93.6993637084961,130.124,666.7659912109375
1784707701.99302,Saccade,143.76808166503906,40.125,4045.062744140625
1784707702.153153,Fixation,134.0835723876953,160.136,515.6298828125
1784707702.258153,Saccade,21.564701080322266,104.997,2309.83203125
1784707704.475611,Fixation,107.13493347167969,2217.753,268.9154968261719
1784707704.515612,Saccade,136.80960083007812,40.003,2911.173828125
1784707707.313746,Fixation,125.45301818847656,2797.617,202.48751831054688
1784707707.378747,Saccade,342.8556213378906,65.003,5482.052734375
1784707710.206619,Fixation,414.1282043457031,2827.617,212.99649047851562
1784707710.411874,Saccade,583.5779418945312,205.249,3341.09716796875
1784707710.737119,Fixation,168.00479125976562,325.25,568.6387329101562
1784707710.76713,Saccade,92.99560546875,30.014,2587.7001953125
1784707710.882241,Fixation,5.197233200073242,115.11,331.27349853515625
1784707711.012374,Saccade,875.9415283203125,130.125,6839.5205078125
1784707711.372741,Fixation,512.5557250976562,360.375,832.9855346679688
1784707711.407752,Saccade,68.93043518066406,35.005,2352.148193359375
1784707714.355186,Fixation,54.45518493652344,2947.739,199.9141387939453
1784707714.674947,Saccade,643.5975952148438,320.258,3562.05322265625
1784707714.93518,Fixation,79.84557342529297,260.241,562.2857055664062
1784707715.110302,Saccade,942.1812133789062,175.124,6778.86083984375
1784707715.320558,Fixation,258.65484619140625,210.25,670.8631591796875
1784707715.345558,Saccade,50.14523696899414,25.0,1642.653076171875
1784707715.45068,Fixation,37.030662536621094,105.125,611.4462280273438
1784707715.921058,Saccade,91.49903869628906,470.374,4763.6103515625
1784707716.00618,Fixation,48.32611846923828,85.125,1858.244140625
1784707716.54668,Saccade,22.844867706298828,540.499,3631.521728515625
1784707716.64168,Fixation,44.70460891723633,94.999,1096.0283203125
1784707716.861924,Saccade,44.44227600097656,220.25,1954.4779052734375
1784707716.967058,Fixation,28.062910079956055,105.132,812.6834106445312
1784707717.367424,Saccade,79.31159973144531,400.367,1661.955322265625
1784707718.273829,Fixation,3.3304412364959717,905.748,440.0851135253906
1784707718.288829,Saccade,20.513282775878906,15.0,1047.634521484375
1784707718.789329,Fixation,10.663473129272461,500.499,435.88397216796875
1784707718.804329,Saccade,5.228497505187988,15.0,900.4293212890625
1784707718.939452,Fixation,18.429832458496094,135.125,446.2551574707031
1784707718.954452,Saccade,21.767780303955078,15.0,1277.94970703125
1784707719.034574,Fixation,24.6961612701416,80.126,562.9560546875
1784707719.094574,Saccade,6.4372639656066895,59.999,1151.066650390625
1784707720.190574,Fixation,13.261617660522461,1095.997,413.1532287597656
1784707720.200696,Saccade,12.53235912322998,10.125,966.3890380859375
1784707720.415818,Fixation,1.5911165475845337,215.125,445.0638427734375
1784707720.500952,Saccade,18.191173553466797,85.133,1075.8045654296875
1784707720.720502,Fixation,8.933601379394531,220.119,444.4950866699219
1784707720.745625,Saccade,21.97429656982422,25.122,993.6420288085938
1784707720.945747,Fixation,7.196437358856201,200.125,402.3955078125
1784707720.960747,Saccade,10.891550064086914,15.001,844.5191650390625
1784707721.496247,Fixation,14.369288444519043,535.498,417.98626708984375
1784707721.556258,Saccade,10.147631645202637,60.005,1007.23095703125
1784707722.131869,Fixation,5.307581424713135,575.618,439.4904479980469
1784707722.216869,Saccade,13.564087867736816,85.0,1024.640380859375
1784707722.657369,Fixation,31.119712829589844,440.499,439.51727294921875
1784707722.68238,Saccade,13.71633529663086,25.005,938.9136962890625
1784707722.947624,Fixation,14.216829299926758,265.245,471.61053466796875
1784707722.967624,Saccade,20.216419219970703,20.0,1009.7667846679688
1784707723.247869,Fixation,14.46302604675293,280.249,425.4809875488281
1784707723.297869,Saccade,4.28997278213501,50.0,1132.55615234375
1784707723.838959,Fixation,1.7979578971862793,540.507,398.014404296875
1784707723.858958,Saccade,9.681415557861328,20.001,920.6780395507812
1784707724.49457,Fixation,5.296623229980469,635.619,454.8633728027344
1784707724.589692,Saccade,10.520499229431152,95.123,1001.0720825195312
1784707724.924948,Fixation,8.233952522277832,335.246,406.13275146484375
1784707724.944947,Saccade,15.902495384216309,20.0,896.4105224609375
1784707725.475447,Fixation,18.298633575439453,530.499,420.6493225097656
1784707725.49557,Saccade,16.9291934967041,20.125,930.870361328125
1784707725.720692,Fixation,9.708785057067871,225.124,487.9468688964844
1784707725.740692,Saccade,12.280763626098633,20.0,1037.0831298828125
1784707726.051081,Fixation,5.907399654388428,310.391,489.0459899902344
1784707726.10107,Saccade,5.597858428955078,49.984,1007.5150756835938
1784707726.62657,Fixation,4.693027973175049,525.499,467.1912536621094
1784707726.646569,Saccade,18.18515396118164,20.002,960.1256713867188
1784707727.306784,Fixation,14.92068099975586,660.621,417.83416748046875
1784707727.336784,Saccade,7.194535255432129,30.0,1045.8564453125
1784707727.436906,Fixation,8.447117805480957,100.125,342.04302978515625
1784707727.486906,Saccade,5.709468841552734,50.0,1071.08203125
1784707728.272662,Fixation,13.133983612060547,785.752,451.6142272949219
1784707728.292662,Saccade,14.012818336486816,20.008,1018.4015502929688
1784707728.522906,Fixation,13.627985954284668,230.238,374.718994140625
1784707728.547906,Saccade,5.880476474761963,25.0,949.7793579101562
1784707729.053406,Fixation,10.122330665588379,505.502,429.3538818359375
1784707729.078406,Saccade,6.6952595710754395,24.997,1083.8890380859375
1784707730.309897,Fixation,5.342413902282715,1231.122,437.703125
1784707730.41502,Saccade,8.483327865600586,105.128,1073.7490234375
1784707730.530142,Fixation,21.65383529663086,115.122,479.8746032714844
1784707730.555142,Saccade,17.38503646850586,25.0,964.1533813476562
1784707730.670153,Fixation,11.741905212402344,115.015,427.8354797363281
1784707730.685264,Saccade,8.326818466186523,15.11,1040.111083984375
1784707731.06052,Fixation,7.084385395050049,375.249,436.2671203613281
1784707731.075642,Saccade,4.1566314697265625,15.125,990.7759399414062
1784707731.951386,Fixation,19.142826080322266,875.748,425.84124755859375
1784707731.966386,Saccade,12.539810180664062,15.0,911.0657348632812
1784707732.296764,Fixation,7.653947830200195,330.374,462.927734375
1784707732.311764,Saccade,11.989675521850586,15.0,875.1754760742188
1784707732.421764,Fixation,2.927922248840332,110.0,417.4216003417969
1784707732.436898,Saccade,16.712207794189453,15.128,1157.08154296875
1784707733.132708,Fixation,7.17564582824707,695.621,461.277587890625
1784707733.152708,Saccade,16.58588981628418,20.0,948.188720703125
1784707733.242841,Fixation,11.222606658935547,90.124,421.0854187011719
1784707733.267841,Saccade,13.441080093383789,25.0,1007.8584594726562
1784707733.502963,Fixation,13.892647743225098,235.125,422.1454162597656
1784707733.518086,Saccade,8.860472679138184,15.125,966.3034057617188
1784707733.923463,Fixation,16.65842628479004,405.374,386.3651123046875
1784707733.943463,Saccade,24.698232650756836,20.0,1221.2579345703125
1784707735.204597,Fixation,19.092792510986328,1261.134,424.5180969238281
1784707735.244586,Saccade,18.351566314697266,39.989,939.7103881835938
1784707735.820021,Fixation,13.310754776000977,575.498,440.4761657714844
1784707735.835144,Saccade,15.065937042236328,15.128,1034.3433837890625
1784707735.940144,Fixation,4.476012706756592,104.997,434.9375915527344
1784707735.980266,Saccade,12.39262866973877,40.125,1038.3824462890625
1784707736.295521,Fixation,10.880542755126953,315.249,434.7261047363281
1784707736.345521,Saccade,1.0511722564697266,50.001,1125.6593017578125
1784707737.276388,Fixation,5.484622478485107,930.872,441.9379577636719
1784707737.296388,Saccade,11.55511474609375,20.0,893.127197265625
1784707737.576644,Fixation,3.6430442333221436,280.25,465.4941711425781
1784707737.596766,Saccade,14.822463989257812,20.125,1085.7305908203125
1784707737.711766,Fixation,17.029552459716797,115.0,390.6745910644531
1784707737.731888,Saccade,25.36527442932129,20.125,1106.983642578125
1784707737.86701,Fixation,9.349442481994629,135.124,578.9092407226562
1784707737.88201,Saccade,20.328224182128906,15.0,962.8738403320312
1784707738.192266,Fixation,16.83910369873047,310.249,419.8041076660156
1784707738.212266,Saccade,8.308307647705078,20.001,1115.8404541015625
1784707738.48251,Fixation,21.353736877441406,270.249,418.81488037109375
1784707738.50251,Saccade,18.313562393188477,20.0,1082.060302734375
1784707738.662633,Fixation,10.776473999023438,160.124,416.05633544921875
1784707738.702766,Saccade,1.4286906719207764,40.125,1103.805908203125
1784707739.302788,Fixation,10.336360931396484,600.499,435.1611633300781
1784707739.327789,Saccade,21.451065063476562,25.0,1029.6595458984375
1784707739.558044,Fixation,2.8202064037323,230.26,420.8449401855469
1784707739.578044,Saccade,14.271796226501465,19.997,880.4868774414062
1784707740.398777,Fixation,4.864229679107666,820.74,436.19580078125
1784707740.4489,Saccade,11.389257431030273,50.125,1130.0111083984375
1784707740.568911,Fixation,11.975679397583008,120.006,443.8465270996094
1784707740.584033,Saccade,1.016310453414917,15.119,994.4007568359375
1784707741.219533,Fixation,10.219588279724121,635.499,398.9219055175781
1784707741.239533,Saccade,22.599573135375977,20.0,1065.3482666015625
1784707741.715022,Fixation,8.16463565826416,475.498,424.93585205078125
1784707741.764702,Saccade,9.69090747833252,50.0,1096.748291015625
1784707742.335202,Fixation,21.951528549194336,570.499,458.837158203125
1784707742.350335,Saccade,16.172170639038086,15.125,859.93017578125
1784707742.555457,Fixation,9.53609848022461,205.124,449.5310974121094
1784707742.585457,Saccade,18.780908584594727,30.0,956.6528930664062
1784707743.726579,Fixation,7.786862850189209,1141.123,472.2208557128906
1784707743.74158,Saccade,17.153047561645508,15.0,971.3928833007812
1784707744.196946,Fixation,14.5298490524292,455.373,430.54742431640625
1784707744.216946,Saccade,18.452272415161133,20.0,974.13037109375
1784707744.462202,Fixation,12.838905334472656,245.25,487.65081787109375
1784707744.472213,Saccade,9.912383079528809,10.008,994.9906005859375
1784707744.893317,Fixation,10.135980606079102,420.366,411.21075439453125
1784707744.913316,Saccade,21.820344924926758,20.0,1213.814453125
1784707745.153561,Fixation,4.980442047119141,240.249,461.0565185546875
1784707745.168561,Saccade,11.316344261169434,15.003,872.8099365234375
1784707745.654061,Fixation,2.1759772300720215,485.496,417.103759765625
1784707745.669061,Saccade,22.905662536621094,15.0,1087.778076171875
1784707746.144428,Fixation,9.183865547180176,475.373,481.8743896484375
1784707746.159561,Saccade,11.1278657913208,15.125,979.1689453125
1784707746.509805,Fixation,6.487685203552246,350.25,445.74346923828125
1784707746.554805,Saccade,6.128854274749756,44.999,1182.894287109375
1784707747.160428,Fixation,14.494582176208496,605.624,434.2510681152344
1784707747.180428,Saccade,24.294328689575195,20.0,1105.966552734375
1784707748.031173,Fixation,4.125907897949219,850.747,470.55438232421875
1784707748.116295,Saccade,14.700998306274414,85.125,1072.794677734375
1784707748.321539,Fixation,9.133631706237793,205.252,376.42425537109375
1784707748.341539,Saccade,2.5485939979553223,19.998,1007.4055786132812
1784707748.491662,Fixation,3.1782336235046387,150.124,427.992919921875
1784707748.506673,Saccade,11.945295333862305,15.002,892.24755859375
1784707748.706795,Fixation,9.98561954498291,200.123,471.9248962402344
1784707748.766917,Saccade,15.585886001586914,60.125,1056.201171875
1784707749.112162,Fixation,7.928706645965576,345.249,450.9996032714844
1784707749.142295,Saccade,32.154144287109375,30.125,1187.3114013671875
1784707749.452539,Fixation,11.895052909851074,310.249,502.67950439453125
1784707749.497539,Saccade,17.709211349487305,45.0,1001.9271240234375
1784707749.787784,Fixation,11.168758392333984,290.249,443.35943603515625
1784707749.832917,Saccade,6.735927581787109,45.125,1083.2303466796875
1784707750.023051,Fixation,18.80330467224121,190.133,431.20159912109375
1784707750.038039,Saccade,16.243377685546875,14.995,901.493896484375
1784707750.823784,Fixation,8.192333221435547,785.744,443.9795227050781
1784707750.838717,Saccade,14.321566581726074,15.003,1084.9718017578125
1784707750.92384,Fixation,5.486338138580322,85.122,490.4738464355469
1784707750.94384,Saccade,3.3306491374969482,20.0,1051.6572265625
1784707751.274095,Fixation,6.578042030334473,330.249,442.3406982421875
1784707751.294095,Saccade,14.30033016204834,20.0,906.3095092773438
1784707752.06984,Fixation,11.31258487701416,775.748,444.2643737792969
1784707752.08984,Saccade,17.86969566345215,20.0,1043.65283203125
1784707752.525218,Fixation,14.95313549041748,435.373,425.9930114746094
1784707752.53534,Saccade,13.40434741973877,10.129,1056.580322265625
1784707752.855584,Fixation,13.243648529052734,320.246,469.9788818359375
1784707752.880584,Saccade,16.410337448120117,25.0,890.8592529296875
1784707752.980717,Fixation,19.16790771484375,100.124,501.7117919921875
1784707753.07584,Saccade,19.497333526611328,95.128,1054.221923828125
1784707753.841462,Fixation,21.47243309020996,765.62,414.3654479980469
1784707753.936264,Saccade,21.582351684570312,95.133,1171.697021484375
1784707754.551753,Fixation,15.335896492004395,615.49,419.01885986328125
1784707754.586875,Saccade,2.235905885696411,35.125,1315.2030029296875
1784707754.701875,Fixation,8.508711814880371,115.0,468.35406494140625
1784707754.716997,Saccade,14.402297973632812,15.124,930.086669921875
1784707754.997253,Fixation,13.009770393371582,280.25,392.2227478027344
1784707755.017264,Saccade,17.321269989013672,20.012,883.905029296875
1784707755.117375,Fixation,11.719970703125,100.112,476.6745300292969
1784707755.127375,Saccade,15.209744453430176,10.0,988.1441040039062
1784707755.227375,Fixation,8.472875595092773,100.0,472.4524841308594
1784707755.247497,Saccade,11.418806076049805,20.125,1027.1439208984375
1784707756.458498,Fixation,20.965864181518555,1210.996,458.473876953125
1784707756.47362,Saccade,10.925318717956543,15.125,919.5224609375
1784707756.733742,Fixation,6.7005133628845215,260.125,430.5235595703125
1784707756.753875,Saccade,12.049436569213867,20.124,960.6361083984375
1784707757.449084,Fixation,8.091043472290039,695.623,427.48870849609375
1784707757.469084,Saccade,22.5574951171875,20.0,1076.2899169921875
1784707757.864451,Fixation,17.090208053588867,395.374,444.4645690917969
1784707758.449951,Saccade,127.37776184082031,585.498,2498.205078125
1784707758.525073,Fixation,13.163481712341309,75.125,859.5548706054688
1784707758.585073,Saccade,72.94679260253906,60.0,2507.793212890625
1784707758.695206,Fixation,24.377641677856445,110.125,1250.81591796875
1784707758.785218,Saccade,63.87380599975586,90.01,2286.072265625
1784707758.880329,Fixation,36.505001068115234,95.114,726.3988647460938
1784707760.211771,Saccade,367.2508239746094,1331.246,3705.50146484375
1784707760.336894,Fixation,67.58910369873047,125.125,751.2153930664062
1784707760.361893,Saccade,34.353275299072266,25.0,1598.6478271484375
1784707760.527016,Fixation,109.01227569580078,165.124,631.7229614257812
1784707760.547149,Saccade,41.211299896240234,20.125,1446.8740234375
1784707764.33612,Fixation,290.32318115234375,3788.363,258.30450439453125
1784707764.376253,Saccade,93.98766326904297,40.125,2089.207763671875
1784707767.388519,Fixation,51.73479461669922,3012.741,212.7133026123047
1784707767.593642,Saccade,633.4898071289062,205.124,2922.584716796875
1784707767.738897,Fixation,17.05182456970215,145.25,331.8583679199219
1784707767.96903,Saccade,222.27236938476562,230.13,2462.278564453125
1784707768.364397,Fixation,601.3529663085938,395.368,942.2699584960938
1784707768.394408,Saccade,81.23299407958984,30.01,2497.865966796875
1784707769.035274,Fixation,77.5208511352539,640.612,343.7557067871094
1784707769.130396,Saccade,165.64476013183594,95.129,2533.2666015625
1784707769.305518,Fixation,120.58124542236328,175.121,492.1742858886719
1784707769.335518,Saccade,71.986572265625,30.002,2028.0723876953125
1784707769.450651,Fixation,31.527738571166992,115.129,401.5114440917969
1784707769.635896,Saccade,882.147705078125,185.242,6412.63134765625
1784707769.796018,Fixation,242.52577209472656,160.125,1214.51220703125
1784707770.51664,Saccade,363.0697937011719,720.622,4687.41552734375
1784707770.646762,Fixation,48.809059143066406,130.125,1161.8492431640625
1784707770.831885,Saccade,74.65504455566406,185.124,2342.30322265625
1784707771.447518,Fixation,69.52979278564453,615.626,773.3028564453125
1784707771.467507,Saccade,17.13231086730957,19.997,1472.339599609375
1784707771.757762,Fixation,19.567893981933594,290.249,699.3020629882812
1784707771.777762,Saccade,16.61916732788086,20.0,1452.1363525390625
1784707771.993007,Fixation,3.115898847579956,215.25,634.0508422851562
1784707772.008239,Saccade,29.353260040283203,15.0,1399.7305908203125
1784707772.158372,Fixation,19.53970718383789,150.124,648.7918701171875
1784707772.273494,Saccade,36.39603805541992,115.125,1560.5565185546875
1784707772.673861,Fixation,47.71383285522461,400.373,478.86993408203125
1784707772.693861,Saccade,21.703649520874023,20.0,1186.499267578125
1784707772.929116,Fixation,28.452754974365234,235.25,412.5059814453125
1784707772.949116,Saccade,22.029438018798828,19.999,1049.857421875
1784707773.424483,Fixation,10.156862258911133,475.374,377.77484130859375
1784707773.444617,Saccade,14.968429565429688,20.125,991.9168701171875
1784707773.834861,Fixation,18.34223747253418,390.248,444.9881286621094
1784707774.010117,Saccade,14.071601867675781,175.25,1156.1119384765625
1784707774.145239,Fixation,2.1183114051818848,135.124,428.0498962402344
1784707774.165239,Saccade,23.40317153930664,20.001,1142.567626953125
1784707774.420483,Fixation,18.07393455505371,255.252,469.41436767578125
1784707774.440483,Saccade,16.18226432800293,19.996,1028.2213134765625
1784707774.550606,Fixation,3.3157198429107666,110.125,441.94146728515625
1784707774.570606,Saccade,14.894990921020508,20.0,991.4710083007812
1784707774.855861,Fixation,5.127767562866211,285.249,467.43536376953125
1784707774.910861,Saccade,12.008237838745117,55.0,1004.6529541015625
1784707775.946303,Fixation,8.703791618347168,1035.996,454.519775390625
1784707776.121436,Saccade,16.435012817382812,175.128,1110.184814453125
1784707776.266569,Fixation,14.668004035949707,145.136,431.2064514160156
1784707776.311681,Saccade,10.63813304901123,45.11,1030.691650390625
1784707776.641925,Fixation,3.1927781105041504,330.249,460.70220947265625
1784707776.661925,Saccade,8.888285636901855,20.0,1066.1912841796875
1784707777.222425,Fixation,17.95942497253418,560.498,447.12994384765625
1784707777.302558,Saccade,10.9020357131958,80.125,1128.872802734375
1784707777.818058,Fixation,23.614967346191406,515.501,450.36468505859375
1784707777.933181,Saccade,15.005270957946777,115.121,1018.2098999023438
1784707778.394067,Fixation,15.336426734924316,460.374,438.48541259765625
1784707778.409067,Saccade,12.5398530960083,15.0,1094.6590576171875
1784707778.594322,Fixation,15.768654823303223,185.249,427.8448181152344
1784707778.614322,Saccade,20.200183868408203,20.0,1045.493896484375
1784707778.989567,Fixation,13.376823425292969,375.249,489.3368835449219
1784707779.004689,Saccade,13.600166320800781,15.125,1172.657958984375
1784707779.815434,Fixation,10.361051559448242,810.747,453.44293212890625
1784707779.835433,Saccade,5.862827301025391,20.0,992.9097900390625
1784707780.210689,Fixation,17.42131996154785,375.249,438.20623779296875
1784707780.320811,Saccade,11.619717597961426,110.124,1038.9769287109375
1784707780.490934,Fixation,12.43887996673584,170.124,434.6659851074219
1784707780.511067,Saccade,16.368375778198242,20.126,1091.349365234375
1784707780.606067,Fixation,15.194239616394043,95.003,441.85955810546875
1784707780.626056,Saccade,10.627094268798828,19.996,998.536865234375
1784707780.916434,Fixation,7.01357364654541,290.374,437.2283020019531
1784707780.931434,Saccade,5.569941520690918,15.0,927.4963989257812
1784707781.356348,Fixation,19.35345458984375,425.374,442.46136474609375
1784707781.376348,Saccade,25.527713775634766,20.0,1087.3433837890625
1784707781.606592,Fixation,11.955469131469727,230.249,421.1180114746094
1784707781.706592,Saccade,6.685295104980469,100.0,1034.40966796875
1784707781.981848,Fixation,10.510449409484863,275.249,488.32940673828125
1784707782.05197,Saccade,11.928218841552734,70.124,1090.941650390625
1784707782.317226,Fixation,28.306053161621094,265.263,429.12506103515625
1784707782.332226,Saccade,22.515304565429688,14.99,1309.7802734375
1784707782.667592,Fixation,21.29228401184082,335.37,423.10284423828125
1784707782.732592,Saccade,14.042648315429688,65.0,1161.7369384765625
1784707783.157959,Fixation,14.620294570922852,425.373,479.6635437011719
1784707783.208092,Saccade,5.376981258392334,50.132,1236.764404296875
1784707783.368215,Fixation,14.298306465148926,160.117,396.66790771484375
1784707783.383214,Saccade,14.389764785766602,15.004,1163.4962158203125
1784707783.498337,Fixation,21.338632583618164,115.121,451.3098449707031
1784707783.618459,Saccade,21.234039306640625,120.125,968.404052734375
1784707783.873581,Fixation,17.647445678710938,255.124,489.06024169921875
1784707784.013726,Saccade,16.490354537963867,140.137,1012.431640625
1784707784.123837,Fixation,13.705657958984375,110.112,469.4634094238281
1784707784.16921,Saccade,13.017890930175781,45.125,1118.572998046875
1784707784.26921,Fixation,4.941816806793213,100.0,363.76641845703125
1784707784.529466,Saccade,12.40721607208252,260.249,1157.296142578125
1784707784.70471,Fixation,6.733244895935059,175.251,296.5292663574219
1784707784.72471,Saccade,26.657440185546875,19.998,1077.66943359375
1784707784.844832,Fixation,24.7684383392334,120.124,393.4095764160156
1784707784.864832,Saccade,20.397619247436523,20.0,1131.07763671875
1784707785.210088,Fixation,15.622231483459473,345.249,469.54705810546875
1784707785.230088,Saccade,22.78408432006836,20.0,1157.2689208984375
1784707785.385221,Fixation,14.836820602416992,155.135,373.089111328125
1784707785.515455,Saccade,22.903650283813477,130.239,1110.0555419921875
1784707785.650455,Fixation,12.143487930297852,135.003,401.7066955566406
1784707785.665577,Saccade,13.649691581726074,15.122,966.6871948242188
1784707785.79071,Fixation,12.557690620422363,125.126,446.9390563964844
1784707785.81071,Saccade,19.704160690307617,19.998,1258.211181640625
1784707785.88571,Fixation,14.665847778320312,75.0,458.3242492675781
1784707785.90571,Saccade,21.634126663208008,20.0,975.9483642578125
1784707786.201088,Fixation,16.630813598632812,295.377,443.6201171875
1784707786.226077,Saccade,27.12097930908203,24.997,1297.85302734375
1784707786.321088,Fixation,17.18749237060547,95.008,457.2502136230469
1784707786.336199,Saccade,18.017404556274414,15.116,1153.152099609375
1784707786.821577,Fixation,18.63604164123535,485.373,412.0987243652344
1784707786.856577,Saccade,45.35875701904297,35.0,1450.56884765625
1784707786.956699,Fixation,33.7254753112793,100.125,549.3104858398438
1784707787.217028,Saccade,140.3516387939453,260.256,2111.838134765625
1784707787.362162,Fixation,23.140047073364258,145.128,1019.1591186523438
1784707787.422273,Saccade,46.42664337158203,60.114,2235.88427734375
1784707787.512273,Fixation,59.151058197021484,90.0,1270.57080078125
1784707787.562395,Saccade,38.354820251464844,50.125,2559.72412109375
1784707787.642406,Fixation,50.737327575683594,80.003,988.2109375
1784707787.802528,Saccade,24.981840133666992,160.124,2966.117431640625
1784707787.877651,Fixation,27.84564208984375,75.122,855.1658935546875
1784707788.633273,Saccade,146.1614990234375,755.625,4002.73486328125
1784707788.733395,Fixation,38.655235290527344,100.122,844.3629150390625
1784707788.763395,Saccade,72.09265899658203,29.999,2252.646484375
1784707788.888517,Fixation,35.32857894897461,125.128,493.2872619628906
1784707788.978651,Saccade,6.001194477081299,90.134,2053.552978515625
1784707789.058762,Fixation,44.08670425415039,80.112,481.3246154785156
1784707789.258895,Saccade,434.52581787109375,200.125,5033.3896484375
1784707789.709262,Fixation,235.8621826171875,450.373,461.47857666015625
1784707789.749395,Saccade,34.12922668457031,40.125,1528.4403076171875
1784707789.959517,Fixation,54.52963638305664,210.124,606.2720336914062
1784707790.174385,Saccade,101.93341827392578,215.249,2463.289794921875
1784707792.891873,Fixation,123.63230895996094,2717.49,226.42137145996094
1784707792.946873,Saccade,196.9529266357422,55.0,3911.27099609375
1784707793.061996,Fixation,34.905494689941406,115.125,275.9710388183594
1784707793.082007,Saccade,17.669357299804688,20.004,1217.289306640625
1784707796.621642,Fixation,95.8952865600586,3538.972,195.0361328125
1784707796.691787,Saccade,20.496423721313477,70.138,1213.3609619140625
1784707798.708642,Fixation,84.3399658203125,2016.86,173.92721557617188
1784707798.753653,Saccade,127.3227767944336,45.007,2973.68359375
1784707800.324271,Fixation,67.28631591796875,1571.491,205.78884887695312
1784707800.579516,Saccade,745.7582397460938,255.25,4978.3935546875
1784707801.945771,Fixation,627.9697265625,1366.248,364.2533264160156
1784707801.980771,Saccade,92.56350708007812,35.0,2459.2197265625
1784707802.206016,Fixation,28.998533248901367,225.25,186.3874969482422
1784707802.226131,Saccade,22.698089599609375,20.008,1213.0728759765625
1784707802.76662,Fixation,4.546345233917236,540.491,181.24790954589844
1784707802.80662,Saccade,141.83287048339844,40.0,3392.857666015625
1784707803.016876,Fixation,155.55606079101562,210.25,419.4137878417969
1784707803.206998,Saccade,713.1485595703125,190.125,5657.89794921875
1784707803.487242,Fixation,477.2028503417969,280.249,505.26019287109375
1784707803.552242,Saccade,305.98541259765625,65.0,5107.78369140625
1784707803.657387,Fixation,98.46746826171875,105.139,455.03582763671875
1784707804.022742,Saccade,150.0859832763672,365.361,4597.5771484375
1784707804.137876,Fixation,57.14583969116211,115.125,1332.046630859375
1784707804.352998,Saccade,184.7587432861328,215.124,4176.060546875
1784707804.44312,Fixation,42.84149932861328,90.125,1331.43505859375
1784707804.688376,Saccade,112.86165618896484,245.25,3096.8125
1784707804.778498,Fixation,23.9775390625,90.125,1088.3448486328125
1784707804.883498,Saccade,19.170642852783203,105.008,2177.072998046875
1784707805.433871,Fixation,24.68179702758789,550.491,808.0023193359375
1784707805.568993,Saccade,11.36306095123291,135.125,1612.922119140625
1784707805.734237,Fixation,52.73502731323242,165.25,581.8606567382812
1784707805.754248,Saccade,24.830211639404297,20.003,1074.7967529296875
1784707805.844237,Fixation,41.106510162353516,89.996,487.713134765625
1784707806.124493,Saccade,106.45398712158203,280.25,1776.5076904296875
1784707806.795126,Fixation,24.06826400756836,670.634,447.9958190917969
1784707806.890248,Saccade,12.616835594177246,95.12,1121.296875
1784707806.97036,Fixation,14.226033210754395,80.12,426.11578369140625
1784707806.99036,Saccade,2.120594024658203,20.0,974.2900390625
1784707807.911248,Fixation,24.416261672973633,920.879,459.9757080078125
1784707807.946237,Saccade,14.642257690429688,34.995,1053.25927734375
1784707808.131371,Fixation,22.131261825561523,185.128,445.9161682128906
1784707808.251616,Saccade,12.914198875427246,120.122,1074.6322021484375
1784707808.436738,Fixation,11.243302345275879,185.124,484.77056884765625
1784707808.45186,Saccade,3.6099281311035156,15.125,1035.042236328125
1784707808.631983,Fixation,9.850915908813477,180.125,457.83685302734375
1784707808.656983,Saccade,17.968393325805664,25.0,933.0110473632812
1784707809.052361,Fixation,13.800743103027344,395.374,453.69659423828125
1784707809.067361,Saccade,8.084403038024902,15.0,921.4808349609375
1784707809.527861,Fixation,9.59928035736084,460.502,422.70660400390625
1784707809.542872,Saccade,17.337604522705078,15.004,980.5966186523438
1784707809.898116,Fixation,9.869133949279785,355.248,429.563232421875
1784707809.943238,Saccade,6.571610927581787,45.12,1080.6756591796875
1784707810.298483,Fixation,15.46221923828125,355.25,424.1235656738281
1784707810.313483,Saccade,11.2606840133667,15.0,923.16259765625
1784707810.393616,Fixation,6.827277660369873,80.127,362.3787841796875
1784707810.483738,Saccade,10.550091743469238,90.123,1025.6229248046875
1784707810.773983,Fixation,16.22754669189453,290.249,428.9100341796875
1784707810.788983,Saccade,13.331357955932617,15.0,1016.1904907226562
1784707811.734746,Fixation,4.2441792488098145,945.874,412.5430603027344
1784707811.749746,Saccade,5.901015281677246,15.0,1005.185791015625
1784707812.560491,Fixation,5.200941562652588,810.749,417.5589294433594
1784707812.655624,Saccade,12.519289016723633,95.129,1023.815673828125
1784707813.096002,Fixation,15.834673881530762,440.384,432.64215087890625
1784707813.121002,Saccade,26.5106143951416,24.994,1156.8048095703125
1784707813.206113,Fixation,26.24895668029785,85.117,435.83453369140625
1784707813.226113,Saccade,27.233299255371094,20.001,1232.8377685546875
1784707813.531368,Fixation,18.084579467773438,305.249,410.8389587402344
1784707813.551368,Saccade,13.440106391906738,20.0,1078.9473876953125
1784707813.746613,Fixation,17.29065704345703,195.25,406.24224853515625
1784707813.771613,Saccade,15.962730407714844,25.0,1101.03759765625
1784707813.856613,Fixation,17.69715118408203,85.0,455.50555419921875
1784707813.871735,Saccade,2.762083053588867,15.124,1063.661376953125
1784707814.603287,Fixation,9.612009048461914,730.625,414.5149230957031
1784707814.618287,Saccade,13.817302703857422,15.0,989.8032836914062
1784707815.218787,Fixation,3.0042827129364014,600.499,455.42449951171875
1784707815.233909,Saccade,7.441422939300537,15.125,902.7494506835938
1784707816.229787,Fixation,4.673510551452637,995.874,437.5714416503906
1784707816.249787,Saccade,12.301340103149414,20.0,958.3319702148438
1784707816.595154,Fixation,19.296062469482422,345.374,485.4787902832031
1784707816.615154,Saccade,14.3765869140625,20.0,952.3469848632812
1784707816.91042,Fixation,5.810368537902832,295.261,391.0379333496094
1784707816.930409,Saccade,11.613478660583496,19.989,996.1045532226562
1784707817.385776,Fixation,6.113965034484863,455.374,428.68426513671875
1784707817.400118,Saccade,12.498002052307129,15.128,1132.4268798828125
1784707819.116618,Fixation,11.464755058288574,1716.507,434.5447692871094
1784707819.196741,Saccade,14.968511581420898,80.121,1083.000732421875
1784707819.336863,Fixation,10.761981010437012,140.117,414.4103698730469
1784707819.351863,Saccade,13.840559959411621,15.0,898.524169921875
1784707819.496985,Fixation,20.62029266357422,145.125,429.460205078125
1784707819.516985,Saccade,16.299062728881836,20.0,935.0247802734375
1784707819.607107,Fixation,11.893877983093262,90.125,378.7460632324219
1784707819.612107,Saccade,5.112349033355713,5.001,1079.0257568359375
1784707820.372863,Fixation,11.662550926208496,760.747,455.1168518066406
1784707820.443122,Saccade,6.80922794342041,70.001,986.39111328125
1784707821.889489,Fixation,7.1311564445495605,1446.373,411.4271240234375
1784707821.909489,Saccade,19.75523567199707,20.0,1016.0672607421875
1784707822.945367,Fixation,12.658934593200684,1035.873,451.5312194824219
1784707822.995489,Saccade,18.824081420898438,50.125,1090.714599609375
1784707823.075489,Fixation,21.285924911499023,80.0,441.1683349609375
1784707823.140611,Saccade,7.031736373901367,65.125,1084.0712890625
1784707823.355744,Fixation,9.55471134185791,215.128,399.0861511230469
1784707823.370867,Saccade,13.826345443725586,15.126,1155.60009765625
1784707823.641153,Fixation,11.06255054473877,270.246,477.4447326660156
1784707823.661153,Saccade,25.364700317382812,19.999,1151.6082763671875
1784707823.891286,Fixation,12.504865646362305,230.125,451.07977294921875
1784707823.966408,Saccade,7.336386203765869,75.126,1097.5482177734375
1784707824.366786,Fixation,8.132132530212402,400.373,407.2210388183594
1784707824.386786,Saccade,10.413214683532715,20.001,900.9243774414062
1784707824.702031,Fixation,16.617435455322266,315.249,453.4132995605469
1784707824.727164,Saccade,19.022735595703125,25.137,1057.532470703125
1784707825.703031,Fixation,11.529989242553711,975.862,412.2770690917969
1784707825.723031,Saccade,9.764148712158203,20.0,990.498291015625
1784707825.928153,Fixation,6.76599645614624,205.124,504.13427734375
1784707825.948275,Saccade,9.212879180908203,20.125,902.5501098632812
1784707826.218531,Fixation,10.565496444702148,270.25,384.0903625488281
1784707826.238531,Saccade,10.834428787231445,20.0,1019.4210205078125
1784707826.753637,Fixation,21.622661590576172,515.499,486.2156677246094
1784707826.768637,Saccade,11.188699722290039,15.0,902.8974609375
1784707827.148882,Fixation,8.062837600708008,380.25,456.9107666015625
1784707827.164004,Saccade,15.431039810180664,15.125,991.54833984375
1784707827.409137,Fixation,13.787191390991211,245.124,442.0111999511719
1784707827.424259,Saccade,22.07550621032715,15.125,1137.27392578125
1784707827.614393,Fixation,5.755001544952393,190.13,432.1777038574219
1784707827.729504,Saccade,117.3165512084961,115.12,1464.536865234375
1784707827.949648,Fixation,19.616748809814453,220.136,500.0001525878906
1784707828.144882,Saccade,11.00094985961914,195.242,1099.9334716796875
1784707828.340004,Fixation,18.587398529052734,195.121,516.0963134765625
1784707828.360004,Saccade,17.444541931152344,20.0,1311.4271240234375
1784707828.435137,Fixation,19.95861053466797,75.129,424.3607177734375
1784707828.530259,Saccade,5.865548133850098,95.121,1208.712890625
1784707828.64026,Fixation,10.020681381225586,110.0,433.68255615234375
1784707828.790504,Saccade,12.27312183380127,150.25,1169.607177734375
1784707828.875504,Fixation,29.156646728515625,84.999,339.7428283691406
1784707829.075759,Saccade,26.49544334411621,200.25,1260.6136474609375
1784707829.260893,Fixation,20.17437171936035,185.136,535.251953125
1784707829.356004,Saccade,15.343705177307129,95.114,1126.6065673828125
1784707829.476126,Fixation,4.872090816497803,120.124,484.04315185546875
1784707829.58631,Saccade,14.091222763061523,110.0,1308.2808837890625
1784707830.091821,Fixation,17.12678337097168,505.506,459.72259521484375
1784707830.176944,Saccade,4.596802234649658,85.118,1129.1617431640625
1784707830.367066,Fixation,8.37443733215332,190.125,502.83837890625
1784707830.607321,Saccade,13.591339111328125,240.256,1244.8919677734375
1784707830.827566,Fixation,11.765420913696289,220.243,445.8945007324219
1784707830.902566,Saccade,18.418071746826172,75.0,1157.9490966796875
1784707831.017688,Fixation,17.45538902282715,115.125,517.7994384765625
1784707831.10281,Saccade,23.07889747619629,85.125,1310.155517578125
1784707831.18281,Fixation,26.39412498474121,80.0,496.2666015625
1784707831.342932,Saccade,10.36052131652832,160.125,1271.66796875
1784707831.423066,Fixation,16.956832885742188,80.125,444.3707275390625
1784707832.138688,Saccade,59.99541091918945,715.624,1456.8446044921875
1784707832.27881,Fixation,15.905481338500977,140.124,373.995849609375
1784707832.454066,Saccade,40.880001068115234,175.25,1444.09326171875
1784707832.558936,Fixation,15.62632942199707,105.0,516.9483642578125
1784707832.599058,Saccade,15.624930381774902,40.126,1403.2728271484375
1784707832.694058,Fixation,4.2836174964904785,94.999,373.4433898925781
1784707832.739181,Saccade,2.9730172157287598,45.125,1289.4169921875
1784707832.949303,Fixation,7.372852325439453,210.124,477.45166015625
1784707833.745059,Saccade,6.870321750640869,795.749,1366.9141845703125
1784707834.080425,Fixation,12.993127822875977,335.375,465.5272521972656
1784707834.165425,Saccade,12.769822120666504,85.0,1173.778076171875
1784707834.255558,Fixation,11.856674194335938,90.124,490.5919494628906
1784707834.540803,Saccade,14.795002937316895,285.251,1242.10302734375
1784707834.615925,Fixation,8.306525230407715,75.124,528.6741333007812
1784707834.801059,Saccade,12.90870189666748,185.125,1271.82080078125
1784707835.006181,Fixation,8.440888404846191,205.124,477.1263732910156
1784707835.156425,Saccade,15.620967864990234,150.25,1415.430908203125
1784707835.236425,Fixation,7.656312942504883,80.0,444.91265869140625
1784707835.642006,Saccade,7.699182033538818,405.375,1249.9908447265625
1784707835.807129,Fixation,2.082594871520996,165.124,433.39019775390625
1784707836.002384,Saccade,8.115519523620605,195.25,1243.5655517578125
1784707836.157506,Fixation,14.3369140625,155.125,433.6700439453125
1784707836.172507,Saccade,23.125646591186523,15.0,1433.15185546875
1784707836.372629,Fixation,11.60777473449707,200.124,447.1242370605469
1784707836.457751,Saccade,9.761204719543457,85.125,1215.8907470703125
1784707836.678006,Fixation,6.071275234222412,220.25,434.84222412109375
1784707836.708006,Saccade,11.235726356506348,30.0,1091.7176513671875
1784707836.803129,Fixation,12.785724639892578,95.125,398.7689514160156
1784707837.003251,Saccade,21.334875106811523,200.124,1278.9644775390625
1784707837.088373,Fixation,15.610610008239746,85.125,395.87420654296875
1784707837.158384,Saccade,12.465259552001953,70.003,1226.251220703125
1784707837.238507,Fixation,10.105860710144043,80.122,376.8502197265625
1784707837.278507,Saccade,10.557376861572266,40.0,1189.5355224609375
1784707837.348629,Fixation,8.289243698120117,70.128,444.2674560546875
1784707837.909129,Saccade,12.434550285339355,560.496,1228.525390625
1784707837.999129,Fixation,24.650009155273438,90.0,313.7783508300781
1784707838.144384,Saccade,16.533679962158203,145.253,1250.7835693359375
1784707838.244373,Fixation,3.713531494140625,99.996,528.8792114257812
1784707838.359507,Saccade,13.862950325012207,115.131,1110.551025390625
1784707838.539629,Fixation,18.99849510192871,180.119,433.4332275390625
1784707838.899887,Saccade,18.84912109375,360.375,1257.1409912109375
1784707839.08002,Fixation,24.418182373046875,180.124,443.1763610839844
1784707839.145143,Saccade,4.750941276550293,65.125,1109.5880126953125
1784707839.230265,Fixation,4.567739486694336,85.125,362.79296875
1784707839.260265,Saccade,15.205284118652344,30.0,1315.4234619140625
1784707839.385387,Fixation,10.877279281616211,125.125,495.0601806640625
1784707839.485387,Saccade,13.429758071899414,99.999,1383.36767578125
1784707839.61052,Fixation,24.874319076538086,125.125,460.2523498535156
1784707839.850765,Saccade,7.921942234039307,240.25,1124.2491455078125
1784707839.955887,Fixation,26.62796401977539,105.125,491.0418395996094
1784707840.07102,Saccade,24.7852725982666,115.125,1266.760498046875
1784707840.151009,Fixation,2.1373109817504883,79.999,477.16070556640625
1784707840.441387,Saccade,15.809535026550293,290.375,1256.0721435546875
1784707840.526387,Fixation,14.553984642028809,85.0,486.7209167480469
1784707840.541387,Saccade,27.383289337158203,15.0,1169.0439453125
1784707840.661509,Fixation,3.932360887527466,120.125,471.2538757324219
1784707840.686509,Saccade,19.00466537475586,25.0,1249.213134765625
1784707840.801642,Fixation,5.418981075286865,115.129,632.99951171875
1784707840.831654,Saccade,14.847210884094238,30.005,1073.059814453125
1784707841.006898,Fixation,16.477632522583008,175.246,553.4942626953125
1784707841.317142,Saccade,19.479633331298828,310.244,1217.9527587890625
1784707841.402265,Fixation,28.84466552734375,85.125,416.8258972167969
1784707841.637366,Saccade,11.619444847106934,235.124,1267.27978515625
1784707841.747488,Fixation,12.31152057647705,110.125,504.8345642089844
1784707841.797621,Saccade,22.122739791870117,50.125,1270.7767333984375
1784707841.887621,Fixation,19.456525802612305,90.01,526.1715087890625
1784707841.947744,Saccade,11.897322654724121,60.115,1370.6580810546875
1784707842.097866,Fixation,18.37874412536621,150.125,474.5776672363281
1784707842.187866,Saccade,5.798992156982422,89.999,1314.888671875
1784707842.473121,Fixation,6.433926582336426,285.254,461.730224609375
1784707842.578244,Saccade,15.216438293457031,105.121,1323.445556640625
1784707842.683377,Fixation,28.40062713623047,105.132,566.2529296875
1784707842.748488,Saccade,25.178028106689453,65.118,1320.634765625
1784707842.843488,Fixation,5.405635833740234,94.999,448.46527099609375
1784707842.863488,Saccade,2.788939952850342,20.004,1241.8626708984375
1784707843.018621,Fixation,5.965123653411865,155.125,473.1564636230469
1784707843.228866,Saccade,23.982885360717773,210.246,1338.2403564453125
1784707843.383988,Fixation,21.36102867126465,155.124,438.4400329589844
1784707843.49411,Saccade,12.141433715820312,110.125,1294.53515625
1784707843.569233,Fixation,12.691699028015137,75.125,509.19775390625
1784707843.589233,Saccade,24.55152702331543,20.0,1306.464111328125
1784707843.694366,Fixation,10.647893905639648,105.125,448.8894348144531
1784707843.724377,Saccade,31.036357879638672,30.012,1416.5596923828125
1784707843.824366,Fixation,45.11447525024414,99.988,436.3018798828125
1784707844.55511,Saccade,11.492374420166016,730.749,1295.6400146484375
1784707844.650121,Fixation,12.563398361206055,95.007,490.3023986816406
1784707845.281174,Saccade,11.871075630187988,630.617,1233.739013671875
1784707845.371307,Fixation,18.167930603027344,90.129,448.42498779296875
1784707845.626552,Saccade,5.037503242492676,255.245,1189.70947265625
1784707845.716552,Fixation,8.94533634185791,90.0,527.0033569335938
1784707845.801674,Saccade,11.514491081237793,85.125,1284.989990234375
1784707845.956796,Fixation,6.598888874053955,155.125,436.46051025390625
1784707846.06193,Saccade,6.361145973205566,105.124,1167.4482421875
1784707846.237052,Fixation,13.48185920715332,175.125,420.71392822265625
1784707846.377174,Saccade,16.589195251464844,140.125,1213.391357421875
1784707846.527308,Fixation,12.020943641662598,150.129,475.06488037109375
1784707846.677552,Saccade,18.436946868896484,150.245,1069.109375
1784707846.822674,Fixation,7.188502311706543,145.125,438.1874084472656
1784707846.917674,Saccade,2.4731884002685547,95.0,1336.4886474609375
1784707847.002807,Fixation,37.6004524230957,85.13,475.47760009765625
1784707847.062796,Saccade,16.584152221679688,59.995,1284.528564453125
1784707847.19293,Fixation,17.94647789001465,130.125,416.5387878417969
1784707847.21293,Saccade,24.281709671020508,20.0,1226.884521484375
1784707847.353052,Fixation,15.10350513458252,140.124,484.8948059082031
1784707847.563296,Saccade,10.564833641052246,210.253,1133.3065185546875
1784707847.74848,Fixation,4.268453598022461,185.122,371.67291259765625
1784707847.843614,Saccade,21.25775718688965,95.125,1396.6485595703125
1784707847.958736,Fixation,30.01321792602539,115.124,468.0388488769531
1784707848.063858,Saccade,13.98909854888916,105.125,1270.31005859375
1784707848.178992,Fixation,21.187896728515625,115.128,346.59356689453125
1784707848.444236,Saccade,12.370217323303223,265.247,1185.2088623046875
1784707848.549236,Fixation,3.8280999660491943,104.999,549.105712890625
1784707848.684358,Saccade,7.455599308013916,135.125,1331.8643798828125
1784707848.909614,Fixation,11.163721084594727,225.25,505.7750549316406
1784707849.094736,Saccade,12.280290603637695,185.125,1118.704833984375
1784707849.224858,Fixation,24.51934814453125,130.125,412.84033203125
1784707849.85048,Saccade,18.933332443237305,625.624,1286.6190185546875
1784707849.93048,Fixation,5.239234924316406,79.999,487.54730224609375
1784707850.090736,Saccade,3.856405258178711,160.25,1335.4405517578125
1784707850.250858,Fixation,16.683427810668945,160.125,465.0631408691406
1784707850.270858,Saccade,6.085027694702148,20.0,1235.8165283203125
1784707850.36098,Fixation,23.73929214477539,90.125,385.07830810546875
1784707850.39598,Saccade,21.046812057495117,35.0,1195.4132080078125
1784707850.586102,Fixation,5.300142765045166,190.124,500.33935546875
1784707850.701033,Saccade,19.70205307006836,115.125,1215.544921875
1784707850.881277,Fixation,27.91153907775879,180.25,505.3704833984375
1784707851.206522,Saccade,18.440692901611328,325.249,1268.653564453125
1784707851.341655,Fixation,7.985848426818848,135.125,498.85296630859375
1784707851.371655,Saccade,0.9678854942321777,30.0,1164.699462890625
1784707851.546777,Fixation,20.40485191345215,175.125,506.657958984375
1784707851.5669,Saccade,25.887990951538086,20.125,1147.18896484375
1784707851.752022,Fixation,1.3043835163116455,185.125,490.7358093261719
1784707851.807022,Saccade,9.663238525390625,54.999,1300.5281982421875
1784707851.917155,Fixation,6.114022731781006,110.125,403.9299011230469
1784707851.942155,Saccade,23.849607467651367,25.0,1237.82373046875
1784707852.027277,Fixation,6.1037774085998535,85.125,478.9523620605469
1784707852.1724,Saccade,12.820083618164062,145.125,1310.499267578125
1784707852.322522,Fixation,13.558629035949707,150.125,467.6246643066406
1784707852.462644,Saccade,7.557422161102295,140.124,1374.6102294921875
1784707852.587777,Fixation,17.6073055267334,125.125,458.77392578125
1784707852.873022,Saccade,3.5650362968444824,285.25,1130.6209716796875
1784707852.958144,Fixation,5.885082721710205,85.125,494.3819580078125
1784707853.023144,Saccade,11.704751968383789,64.999,1221.9375
1784707853.148277,Fixation,19.50857162475586,125.125,446.8480529785156
1784707853.2184,Saccade,19.2230167388916,70.125,1288.4949951171875
1784707853.323522,Fixation,19.526918411254883,105.125,470.2554931640625
1784707853.343522,Saccade,13.848038673400879,20.0,1207.45849609375
1784707853.483644,Fixation,6.721553802490234,140.125,482.05389404296875
1784707853.503644,Saccade,3.466135025024414,20.0,1249.5140380859375
1784707853.723777,Fixation,6.056779384613037,220.126,480.4227600097656
1784707853.999117,Saccade,2.4343299865722656,275.373,1184.54296875
1784707854.154251,Fixation,4.348327159881592,155.125,443.41998291015625
1784707854.169251,Saccade,16.827131271362305,15.0,1385.4739990234375
1784707854.289373,Fixation,12.763526916503906,120.129,473.5731506347656
1784707854.344384,Saccade,10.237869262695312,55.006,1004.1458740234375
1784707854.469495,Fixation,7.099606037139893,125.114,563.1105346679688
1784707854.539495,Saccade,6.7662739753723145,70.0,1205.246337890625
1784707854.69474,Fixation,6.903204441070557,155.25,542.8551025390625
1784707854.894873,Saccade,11.896322250366211,200.125,1129.029052734375
1784707854.969995,Fixation,17.766494750976562,75.124,490.2984313964844
1784707854.994995,Saccade,9.896993637084961,25.0,1281.152587890625
1784707855.125117,Fixation,21.585269927978516,130.125,489.1540222167969
1784707855.215128,Saccade,17.927770614624023,90.011,1180.4246826171875
1784707855.32524,Fixation,9.579886436462402,110.114,477.98431396484375
1784707855.670617,Saccade,17.52103042602539,345.374,1251.7967529296875
1784707855.83074,Fixation,8.990018844604492,160.125,436.6842956542969
1784707855.905873,Saccade,12.846209526062012,75.125,1389.69970703125
1784707856.105995,Fixation,1.9877742528915405,200.125,470.0562744140625
1784707856.181117,Saccade,15.030187606811523,75.124,1301.3465576171875
1784707856.301117,Fixation,6.075888633728027,120.0,459.2048034667969
1784707856.551362,Saccade,18.460189819335938,250.25,1318.2139892578125
1784707856.756629,Fixation,6.121634006500244,205.258,469.6061706542969
1784707856.956698,Saccade,8.146888732910156,200.116,1209.4073486328125
1784707857.221965,Fixation,3.6869184970855713,265.262,453.5733642578125
1784707857.241954,Saccade,3.6505119800567627,19.988,971.3423461914062
1784707857.347076,Fixation,5.889854907989502,105.124,447.2079772949219
1784707857.367076,Saccade,6.665260314941406,20.0,1114.5606689453125
1784707857.887576,Fixation,13.55993366241455,520.499,487.1953125
1784707858.027698,Saccade,17.16754913330078,140.125,1225.8604736328125
1784707858.117821,Fixation,9.384413719177246,90.125,467.6716613769531
1784707858.147821,Saccade,11.819819450378418,30.0,1137.197998046875
1784707858.237954,Fixation,3.132530689239502,90.129,473.2181701660156
1784707858.55321,Saccade,21.787189483642578,315.253,1297.2039794921875
1784707858.718321,Fixation,21.077381134033203,165.117,407.2599792480469
1784707858.838443,Saccade,9.610408782958984,120.125,1227.9312744140625
1784707858.918587,Fixation,24.32503318786621,80.137,522.5530395507812
1784707858.948576,Saccade,20.93896484375,29.988,1200.986083984375
1784707859.043698,Fixation,15.003226280212402,95.125,467.376220703125
1784707859.128698,Saccade,17.84056854248047,85.0,1386.4283447265625
1784707859.228821,Fixation,10.71286392211914,100.124,581.9824829101562
1784707859.303943,Saccade,24.247865676879883,75.125,986.0281982421875
1784707859.549076,Fixation,8.174301147460938,245.133,456.0692138671875
1784707859.684198,Saccade,13.452018737792969,135.117,1245.7396240234375
1784707859.764321,Fixation,19.910093307495117,80.124,607.9971923828125
1784707859.794674,Saccade,30.88614845275879,30.004,1255.7305908203125
1784707859.994918,Fixation,15.809831619262695,200.246,525.9539184570312
1784707860.01494,Saccade,8.510384559631348,20.014,1063.0528564453125
1784707860.140051,Fixation,12.272188186645508,125.111,533.3037719726562
1784707860.165051,Saccade,21.246971130371094,25.0,1160.7606201171875
1784707860.245174,Fixation,10.760433197021484,80.125,476.3605041503906
1784707860.515418,Saccade,8.068075180053711,270.249,1203.73193359375
1784707860.750551,Fixation,6.262232780456543,235.125,482.2567443847656
1784707860.770551,Saccade,13.39023494720459,20.0,1241.5130615234375
1784707860.860674,Fixation,6.644876480102539,90.124,498.6016845703125
1784707860.880674,Saccade,14.627999305725098,20.001,1144.9366455078125
1784707861.015796,Fixation,10.290780067443848,135.124,482.0214538574219
1784707861.180918,Saccade,22.81650161743164,165.125,1095.008056640625
1784707861.25604,Fixation,7.137587070465088,75.125,354.105712890625
1784707861.526296,Saccade,10.018150329589844,270.254,1317.945556640625
1784707861.716418,Fixation,2.561129331588745,190.12,471.9754333496094
1784707861.77654,Saccade,7.713757514953613,60.125,1286.9036865234375
1784707861.896674,Fixation,14.261396408081055,120.133,520.5609130859375
1784707862.171918,Saccade,13.43273639678955,275.241,1213.4017333984375
1784707862.30704,Fixation,7.194815158843994,135.125,521.4253540039062
1784707862.527174,Saccade,4.905289173126221,220.125,1378.7427978515625
1784707862.627296,Fixation,3.8011529445648193,100.125,421.77740478515625
1784707862.862684,Saccade,8.247594833374023,235.249,1238.3607177734375
1784707863.027806,Fixation,1.331722617149353,165.125,454.7244873046875
1784707863.097939,Saccade,12.756909370422363,70.125,1217.451904296875
1784707863.207939,Fixation,11.588963508605957,110.0,527.3997802734375
1784707863.603306,Saccade,18.523990631103516,395.374,1152.4427490234375
1784707863.693439,Fixation,23.51470947265625,90.125,411.9595947265625
1784707864.033806,Saccade,22.063438415527344,340.374,1258.0081787109375
1784707864.238939,Fixation,19.290233612060547,205.125,507.90289306640625
1784707864.664306,Saccade,11.849700927734375,425.375,1246.2105712890625
1784707865.189806,Fixation,18.517719268798828,525.498,425.02325439453125
1784707865.274928,Saccade,18.479543685913086,85.125,1138.4991455078125
1784707865.385062,Fixation,9.651528358459473,110.125,517.5703125
1784707865.465061,Saccade,8.374610900878906,80.0,1220.814453125
1784707865.640184,Fixation,27.232818603515625,175.124,410.4671325683594
1784707865.720306,Saccade,21.035140991210938,80.129,1170.5303955078125
1784707865.810428,Fixation,16.018924713134766,90.121,375.4037170410156
1784707865.889787,Saccade,15.512018203735352,80.0,1227.0948486328125
1784707866.110043,Fixation,23.478971481323242,220.249,404.5077819824219
1784707866.130043,Saccade,23.57448959350586,20.002,1152.9512939453125
1784707866.285165,Fixation,19.214136123657227,155.123,440.2175598144531
1784707866.355298,Saccade,6.4310431480407715,70.13,1278.7132568359375
1784707866.445287,Fixation,7.393843650817871,89.995,445.6946716308594
1784707866.595409,Saccade,2.0994186401367188,150.125,1324.0150146484375
1784707866.825676,Fixation,16.364641189575195,230.26,427.6790466308594
1784707866.900787,Saccade,9.931957244873047,75.114,1174.4892578125
1784707866.990787,Fixation,8.270772933959961,90.0,473.28466796875
1784707867.010909,Saccade,8.92776107788086,20.125,1179.1380615234375
1784707867.186043,Fixation,4.932066917419434,175.128,547.0863037109375
1784707867.291165,Saccade,7.37069034576416,105.121,1148.6168212890625
1784707867.401165,Fixation,15.526473045349121,110.006,455.3717041015625
1784707867.416165,Saccade,12.026880264282227,14.994,1050.414306640625
1784707867.516287,Fixation,20.006439208984375,100.125,484.5366516113281
1784707867.541287,Saccade,24.2843017578125,25.0,1099.735107421875
1784707867.621409,Fixation,16.83198356628418,80.125,424.9621887207031
1784707867.731531,Saccade,7.1260905265808105,110.124,1234.41748046875
1784707868.061787,Fixation,9.843021392822266,330.25,428.7850341796875
1784707868.191909,Saccade,15.474403381347656,130.125,1149.07568359375
1784707868.367165,Fixation,7.838275909423828,175.249,483.39825439453125
1784707868.377165,Saccade,13.304931640625,10.0,1370.602783203125
1784707868.482165,Fixation,20.07159996032715,105.0,569.93896484375
1784707868.562287,Saccade,18.94179916381836,80.125,1178.234619140625
1784707868.662409,Fixation,13.476673126220703,100.125,377.9115295410156
1784707868.682409,Saccade,14.768805503845215,20.0,1064.5054931640625
1784707868.812531,Fixation,30.107215881347656,130.125,386.1393737792969
1784707869.162911,Saccade,11.44915771484375,350.249,1248.185791015625
1784707869.288034,Fixation,14.119734764099121,125.125,440.04931640625
1784707869.398156,Saccade,15.494546890258789,110.124,1372.5361328125
1784707869.578278,Fixation,16.414533615112305,180.125,501.71026611328125
1784707869.863656,Saccade,18.693859100341797,285.375,1264.23779296875
1784707869.963656,Fixation,2.284595012664795,100.0,504.92822265625
1784707870.093789,Saccade,8.308845520019531,130.131,1233.5084228515625
1784707870.434156,Fixation,10.444660186767578,340.368,492.7333984375
1784707870.449156,Saccade,4.7973504066467285,15.003,1185.9739990234375
1784707870.539278,Fixation,12.399429321289062,90.122,495.4853210449219
1784707870.564278,Saccade,12.424253463745117,24.999,1249.8193359375
1784707870.659278,Fixation,13.891197204589844,95.003,508.16558837890625
1784707870.7644,Saccade,6.136458396911621,105.122,1239.9254150390625
1784707870.889534,Fixation,16.768417358398438,125.125,511.9042053222656
1784707871.079778,Saccade,12.833931922912598,190.249,1189.9788818359375
1784707871.184778,Fixation,8.34284782409668,105.0,476.6591491699219
1784707871.640289,Saccade,2.189781427383423,455.505,1249.1982421875
1784707871.740278,Fixation,6.4840850830078125,99.999,390.9766845703125
1784707871.8504,Saccade,5.037684917449951,110.12,1287.23974609375
1784707871.935534,Fixation,12.464766502380371,85.125,519.6490478515625
1784707872.091084,Saccade,1.9437217712402344,155.125,1295.3970947265625
1784707872.181218,Fixation,7.1916422843933105,90.134,500.9714050292969
1784707872.201207,Saccade,5.583539962768555,19.99,1082.919677734375
1784707872.306329,Fixation,27.163583755493164,105.125,438.94183349609375
1784707872.386329,Saccade,27.658517837524414,80.0,1251.124267578125
1784707872.521451,Fixation,7.880950927734375,135.125,474.5780944824219
1784707872.661585,Saccade,24.438051223754883,140.125,1310.24560546875
1784707872.816707,Fixation,24.051891326904297,155.124,414.3336181640625
1784707872.841829,Saccade,18.721670150756836,25.125,1237.951416015625
1784707872.986951,Fixation,14.097415924072266,145.125,436.4522705078125
1784707873.187085,Saccade,4.241878986358643,200.125,1170.88330078125
1784707873.342207,Fixation,8.31102466583252,155.124,422.4044189453125
1784707873.387329,Saccade,12.548611640930176,45.125,998.40673828125
1784707873.472329,Fixation,16.57638168334961,85.0,476.2403869628906
1784707873.727573,Saccade,12.174968719482422,255.249,1147.2938232421875
1784707873.992829,Fixation,33.95196533203125,265.25,435.92999267578125
1784707874.01284,Saccade,32.88847732543945,20.011,1451.009033203125
1784707874.102962,Fixation,30.431203842163086,90.126,418.27105712890625
1784707874.203084,Saccade,13.861427307128906,100.117,1325.2725830078125
1784707874.303073,Fixation,4.482405662536621,99.996,423.1502380371094
1784707874.488329,Saccade,6.133903980255127,185.249,1133.5487060546875
1784707874.563329,Fixation,16.226438522338867,75.0,468.4688720703125
1784707874.59834,Saccade,23.250268936157227,35.016,1123.4671630859375
1784707874.698451,Fixation,19.081035614013672,100.109,559.7122192382812
1784707875.038325,Saccade,10.935968399047852,340.382,1186.5494384765625
1784707875.143447,Fixation,5.134767532348633,105.117,454.7263488769531
1784707875.283581,Saccade,13.65417194366455,140.129,1184.8157958984375
1784707875.36857,Fixation,13.751742362976074,84.996,420.4343566894531
1784707875.493692,Saccade,22.292068481445312,125.124,1216.84619140625
1784707875.603825,Fixation,16.28409767150879,110.125,389.8492431640625
1784707875.643825,Saccade,20.58726692199707,40.0,1309.0009765625
1784707875.93907,Fixation,16.665254592895508,295.249,470.6789855957031
1784707876.104325,Saccade,15.171165466308594,165.25,1182.4725341796875
1784707876.254447,Fixation,12.758406639099121,150.125,452.24481201171875
1784707876.36457,Saccade,7.7861833572387695,110.125,1215.754150390625
1784707876.47457,Fixation,4.578282356262207,109.999,451.8086242675781
1784707876.49457,Saccade,6.132791519165039,20.0,1068.9534912109375
1784707876.884948,Fixation,1.5153930187225342,390.381,460.2136535644531
1784707876.96507,Saccade,22.313480377197266,80.119,1367.60693359375
1784707877.060192,Fixation,17.451908111572266,95.124,447.1587219238281
1784707877.095192,Saccade,14.349802017211914,35.0,1446.1055908203125
1784707877.255314,Fixation,0.11087104678153992,160.125,421.3256530761719
1784707877.300325,Saccade,22.532264709472656,45.002,1215.155029296875
1784707877.595703,Fixation,9.461380958557129,295.383,490.2132873535156
1784707877.815825,Saccade,17.429759979248047,220.122,1218.674072265625
1784707877.965947,Fixation,4.823640823364258,150.117,488.38787841796875
1784707878.146119,Saccade,6.738497734069824,180.25,1322.016845703125
1784707878.281241,Fixation,7.158841133117676,135.124,465.7972412109375
1784707878.401363,Saccade,8.78715991973877,120.125,1237.3475341796875
1784707878.491363,Fixation,13.96729564666748,90.0,388.4179382324219
1784707878.731619,Saccade,11.14306640625,240.249,1155.926025390625
1784707878.811741,Fixation,7.961508750915527,80.125,495.0245666503906
1784707878.831741,Saccade,10.974824905395508,20.0,1058.45263671875
1784707878.931741,Fixation,14.766430854797363,100.0,404.97357177734375
1784707879.126997,Saccade,19.930261611938477,195.25,1124.891845703125
1784707879.237119,Fixation,18.024675369262695,110.124,444.88360595703125
1784707879.302119,Saccade,15.690977096557617,65.0,1452.286865234375
1784707879.427241,Fixation,12.21890926361084,125.125,492.1311340332031
1784707879.912741,Saccade,8.448809623718262,485.499,1212.3192138671875
1784707879.997741,Fixation,4.63710355758667,85.0,481.8542785644531
1784707880.117863,Saccade,11.03480052947998,120.125,1216.5948486328125
1784707880.262985,Fixation,3.0859854221343994,145.124,511.7695617675781
1784707880.338119,Saccade,14.316484451293945,75.125,1260.39208984375
1784707880.433241,Fixation,23.32979393005371,95.125,493.7673645019531
1784707880.458241,Saccade,16.455768585205078,25.0,1252.717041015625
1784707880.558241,Fixation,12.402154922485352,100.0,392.0216064453125
1784707880.573363,Saccade,8.884577751159668,15.125,1353.2730712890625
1784707880.813485,Fixation,2.0064761638641357,240.124,444.63153076171875
1784707881.189237,Saccade,9.845617294311523,375.375,1272.860107421875
1784707881.424481,Fixation,13.984930992126465,235.249,432.03326416015625
1784707881.444481,Saccade,12.264684677124023,20.001,993.766845703125
1784707881.699737,Fixation,5.507709980010986,255.253,492.494384765625
1784707881.799859,Saccade,10.521496772766113,100.121,1334.1268310546875
1784707881.899859,Fixation,1.9618074893951416,99.999,398.33697509765625
1784707881.914859,Saccade,17.14296531677246,15.0,1185.4124755859375
1784707881.989981,Fixation,1.8509618043899536,75.125,367.146728515625
1784707882.009981,Saccade,13.74984359741211,20.0,1124.58984375
1784707882.100115,Fixation,20.42622947692871,90.129,446.4959411621094
1784707882.190115,Saccade,25.64363670349121,89.996,1190.7005615234375
1784707882.265237,Fixation,22.477813720703125,75.125,480.58709716796875
1784707882.295237,Saccade,18.594057083129883,30.005,1166.8223876953125
1784707882.390359,Fixation,9.330732345581055,95.12,502.10382080078125
1784707882.590482,Saccade,5.091606140136719,200.124,1169.9803466796875
1784707882.700604,Fixation,7.9259352684021,110.125,458.0298156738281
1784707882.905859,Saccade,8.11904525756836,205.253,1297.2376708984375
1784707883.070982,Fixation,6.8920207023620605,165.121,412.2366027832031
1784707883.201104,Saccade,8.123870849609375,130.125,1252.0013427734375
1784707883.361237,Fixation,10.560519218444824,160.125,465.7565002441406
1784707883.376237,Saccade,12.524165153503418,15.0,1014.9259643554688
1784707883.591481,Fixation,20.84784507751465,215.249,452.438720703125
1784707883.961859,Saccade,5.383018493652344,370.375,1101.42138671875
1784707884.186666,Fixation,10.825445175170898,225.124,378.5228271484375
1784707884.462377,Saccade,20.35611343383789,275.716,1319.460693359375
1784707884.697633,Fixation,2.963596820831299,235.25,464.01251220703125
1784707884.717633,Saccade,14.256942749023438,20.0,1163.751220703125
1784707884.812755,Fixation,10.003657341003418,95.125,451.0849304199219
1784707884.832755,Saccade,16.284523010253906,20.0,1220.5032958984375
1784707885.14801,Fixation,15.503785133361816,315.249,473.7130126953125
1784707885.198133,Saccade,6.264298915863037,50.125,1200.117919921875
1784707885.338266,Fixation,5.424159049987793,140.133,491.4228210449219
1784707885.503377,Saccade,7.730442523956299,165.117,1162.88623046875
1784707885.67851,Fixation,14.388581275939941,175.129,486.1105041503906
1784707885.793644,Saccade,12.259695053100586,115.13,1273.532470703125
1784707885.963755,Fixation,22.74997901916504,170.116,432.5345458984375
1784707886.038888,Saccade,4.498873233795166,75.129,1337.0062255859375
1784707886.12901,Fixation,11.803670883178711,90.121,400.22869873046875
1784707886.629377,Saccade,12.388810157775879,500.374,1225.0814208984375
1784707886.779499,Fixation,20.315122604370117,150.125,423.10968017578125
1784707886.869633,Saccade,8.423077583312988,90.125,1188.4097900390625
1784707886.954755,Fixation,4.485655784606934,85.125,461.7060546875
1784707886.974755,Saccade,19.628381729125977,20.0,1326.828369140625
1784707887.244792,Fixation,8.253108024597168,270.25,440.591796875
1784707887.294792,Saccade,13.712726593017578,50.0,1233.932373046875
1784707887.384925,Fixation,14.039246559143066,90.125,414.20654296875
1784707887.69017,Saccade,6.058897018432617,305.25,1296.4937744140625
1784707888.025547,Fixation,16.090499877929688,335.374,493.9839782714844
1784707888.265669,Saccade,11.661150932312012,240.125,1200.8756103515625
1784707888.385792,Fixation,7.992122173309326,120.125,476.90264892578125
1784707888.465925,Saccade,15.183206558227539,80.125,1233.1341552734375
1784707888.646047,Fixation,22.3724308013916,180.129,478.21746826171875
1784707888.976436,Saccade,24.830087661743164,330.386,1203.0565185546875
1784707889.056425,Fixation,6.910604476928711,79.985,426.9851379394531
1784707889.186547,Saccade,4.060638427734375,130.125,1366.411376953125
1784707889.261669,Fixation,4.156049728393555,75.125,382.3138122558594
1784707889.501814,Saccade,7.6474690437316895,240.14,1254.85791015625
1784707889.641925,Fixation,11.240525245666504,140.109,496.6917419433594
1784707889.657047,Saccade,19.369892120361328,15.126,1241.1497802734375
1784707889.912169,Fixation,12.597437858581543,255.124,423.1942443847656
1784707889.942292,Saccade,15.603448867797852,30.125,1515.171875
1784707890.027292,Fixation,3.1004011631011963,85.0,494.0318603515625
1784707890.047292,Saccade,10.796717643737793,20.0,1056.7833251953125
1784707890.207765,Fixation,12.2161865234375,160.254,394.7349853515625
1784707890.237765,Saccade,28.952171325683594,29.996,1509.7877197265625
1784707890.392887,Fixation,15.26694107055664,155.125,487.7969970703125
1784707890.703143,Saccade,17.55487060546875,310.25,1336.9302978515625
1784707890.908387,Fixation,12.18579387664795,205.25,521.8917236328125
1784707891.824265,Saccade,6.803704261779785,915.874,1263.2618408203125
1784707891.904265,Fixation,24.642505645751953,80.0,388.3200378417969
1784707892.17951,Saccade,11.88591480255127,275.25,1127.9820556640625
1784707892.344632,Fixation,21.565595626831055,165.124,437.03662109375
1784707892.364643,Saccade,24.857894897460938,20.012,1223.4188232421875
1784707892.675009,Fixation,16.603546142578125,310.367,421.5480041503906
1784707892.770132,Saccade,14.690558433532715,95.121,1231.9207763671875
1784707892.910265,Fixation,21.101703643798828,140.125,540.3294067382812
1784707893.060387,Saccade,10.156557083129883,150.125,1260.1400146484375
1784707893.195938,Fixation,8.388545036315918,135.125,439.3808288574219
1784707893.220938,Saccade,15.943055152893066,25.0,1209.679443359375
1784707893.471194,Fixation,16.956966400146484,250.25,429.1706848144531
1784707893.486194,Saccade,5.127349376678467,15.0,1209.5333251953125
1784707893.566194,Fixation,26.25736427307129,80.0,437.0875549316406
1784707894.006694,Saccade,19.41999626159668,440.499,1190.705078125
1784707894.096694,Fixation,19.928625106811523,90.0,548.3714599609375
1784707894.121816,Saccade,33.33280563354492,25.126,1320.5030517578125
1784707894.246816,Fixation,24.592844009399414,124.999,454.418212890625
1784707894.361938,Saccade,12.490616798400879,115.125,1384.9091796875
1784707894.47706,Fixation,19.745908737182617,115.125,410.13800048828125
1784707894.502071,Saccade,1.5603463649749756,25.013,1117.847900390625
1784707894.587193,Fixation,27.93326759338379,85.112,446.6523132324219
1784707894.832438,Saccade,27.60873031616211,245.25,1208.755859375
1784707894.912438,Fixation,12.333799362182617,80.0,543.5655517578125
1784707894.93256,Saccade,12.950981140136719,20.125,1135.2545166015625
1784707895.067694,Fixation,24.790834426879883,135.125,560.342041015625
1784707895.282816,Saccade,21.557647705078125,215.125,1224.913818359375
1784707895.437949,Fixation,22.79214096069336,155.138,468.7904052734375
1784707895.788316,Saccade,26.148117065429688,350.361,1153.999755859375
1784707895.878316,Fixation,2.0515153408050537,90.0,427.7818908691406
1784707895.923449,Saccade,18.558948516845703,45.133,1113.9154052734375
1784707896.05856,Fixation,8.807099342346191,135.119,496.72186279296875
1784707896.228384,Saccade,22.102737426757812,170.135,1192.4447021484375
1784707896.363507,Fixation,14.072147369384766,135.117,467.31658935546875
1784707896.478629,Saccade,4.711236000061035,115.12,1395.4530029296875
1784707896.598751,Fixation,14.607780456542969,120.126,604.8505249023438
1784707896.633751,Saccade,3.5918328762054443,34.999,1214.6942138671875
1784707896.713873,Fixation,7.237773895263672,80.125,461.9603271484375
1784707896.969129,Saccade,22.551454544067383,255.252,1250.0535888671875
1784707897.159251,Fixation,10.394947052001953,190.123,511.96527099609375
1784707897.234373,Saccade,13.885614395141602,75.125,1432.99853515625
1784707897.319373,Fixation,13.54773998260498,85.0,321.394287109375
1784707897.519629,Saccade,18.134077072143555,200.25,1358.5255126953125
1784707897.654751,Fixation,20.769357681274414,135.125,432.2253723144531
1784707897.799873,Saccade,9.136595726013184,145.124,1301.54345703125
1784707898.090129,Fixation,21.937040328979492,290.258,523.0122680664062
1784707898.180129,Saccade,22.544410705566406,89.992,1115.7762451171875
1784707898.275251,Fixation,16.24805450439453,95.125,503.3809814453125
1784707898.550495,Saccade,17.85613250732422,275.25,1254.5997314453125
1784707898.625629,Fixation,19.950641632080078,75.129,513.9947509765625
1784707898.690629,Saccade,10.900110244750977,64.996,1296.5296630859375
1784707898.835751,Fixation,4.430776596069336,145.125,464.6502685546875
1784707898.855751,Saccade,13.114339828491211,20.0,1057.384765625
1784707899.075995,Fixation,21.843748092651367,220.249,453.22369384765625
1784707899.32651,Saccade,19.13295555114746,250.25,1136.6693115234375
1784707899.646754,Fixation,14.883450508117676,320.25,492.0935974121094
1784707900.117254,Saccade,18.77582359313965,470.5,1289.0751953125
1784707900.202254,Fixation,24.27288055419922,85.0,441.3368225097656
1784707900.42751,Saccade,17.54290199279785,225.25,1224.64208984375
1784707900.612632,Fixation,8.178800582885742,185.124,427.776611328125
1784707901.108143,Saccade,3.860168695449829,495.505,1313.1380615234375
1784707901.183254,Fixation,7.6837921142578125,75.12,442.9316101074219
1784707901.208265,Saccade,21.869884490966797,25.004,1184.04833984375
1784707901.323387,Fixation,23.698198318481445,115.121,474.8656311035156
1784707901.643632,Saccade,23.73168182373047,320.249,1183.5303955078125
1784707901.888876,Fixation,25.297378540039062,245.25,470.7953796386719
1784707902.619727,Saccade,12.27783489227295,730.625,1230.7745361328125
1784707902.769849,Fixation,2.3788411617279053,150.125,350.55621337890625
1784707902.789849,Saccade,15.076536178588867,20.005,1097.2744140625
1784707902.884971,Fixation,28.353288650512695,95.12,465.6044006347656
1784707903.360471,Saccade,24.903059005737305,475.499,1167.6151123046875
1784707903.650727,Fixation,21.237316131591797,290.25,459.9117431640625
1784707903.665727,Saccade,9.216073989868164,15.0,1317.1041259765625
1784707903.845849,Fixation,11.143478393554688,180.125,407.9955139160156
1784707904.101104,Saccade,7.473052501678467,255.253,1201.978271484375
1784707904.231238,Fixation,32.327117919921875,130.134,513.007568359375
1784707904.461471,Saccade,14.042143821716309,230.237,1226.2847900390625
1784707904.661593,Fixation,18.004575729370117,200.125,531.9041748046875
1784707904.841849,Saccade,2.8628652095794678,180.251,1210.99609375
1784707905.011971,Fixation,20.07858657836914,170.124,475.7835693359375
1784707905.041971,Saccade,12.751501083374023,30.0,1167.8546142578125
1784707905.202093,Fixation,19.672569274902344,160.125,455.5386657714844
1784707905.471967,Saccade,18.302982330322266,270.249,1304.9554443359375
1784707905.687211,Fixation,20.256423950195312,215.25,465.064208984375
1784707905.702211,Saccade,14.299561500549316,15.0,1147.38720703125
1784707905.882333,Fixation,21.439786911010742,180.125,467.46282958984375
1784707905.962467,Saccade,26.109487533569336,80.125,1373.742919921875
1784707906.062589,Fixation,16.355989456176758,100.125,375.0924072265625
1784707906.082589,Saccade,13.512090682983398,20.0,1200.08251953125
1784707906.187711,Fixation,11.019892692565918,105.125,463.4692687988281
1784707906.252711,Saccade,13.261812210083008,65.0,1118.1419677734375
1784707906.407833,Fixation,8.844731330871582,155.124,529.1884765625
1784707906.422833,Saccade,13.414403915405273,15.001,1339.4166259765625
1784707906.502967,Fixation,18.676725387573242,80.124,514.2512817382812
1784707906.758211,Saccade,2.7308950424194336,255.25,1156.386474609375
1784707906.988333,Fixation,7.876771450042725,230.125,439.8609313964844
1784707907.008467,Saccade,15.633441925048828,20.125,1135.7884521484375
1784707907.098467,Fixation,10.45724105834961,90.0,540.2075805664062
1784707907.123467,Saccade,1.7348121404647827,25.0,1095.252685546875
1784707907.2086,Fixation,19.024410247802734,85.138,453.9486389160156
1784707907.238589,Saccade,15.556168556213379,29.987,1098.047119140625
1784707907.328711,Fixation,6.6345133781433105,90.125,399.38165283203125
1784707907.348711,Saccade,10.33050537109375,20.0,1158.9476318359375
1784707907.608967,Fixation,11.787169456481934,260.25,480.3755798339844
1784707907.628967,Saccade,6.002445220947266,20.0,1226.1695556640625
1784707907.714089,Fixation,12.836450576782227,85.125,536.2813720703125
1784707908.014333,Saccade,17.799970626831055,300.249,1183.7557373046875
1784707908.214589,Fixation,3.5972774028778076,200.253,495.8089904785156
1784707908.299238,Saccade,5.391929626464844,84.997,1145.28271484375
1784707908.41936,Fixation,27.236370086669922,120.125,492.0969543457031
1784707908.489482,Saccade,22.250272750854492,70.125,1212.810302734375
1784707908.649616,Fixation,11.153016090393066,160.125,478.07257080078125
1784707908.679615,Saccade,23.70509910583496,30.0,1150.830078125
1784707908.92486,Fixation,28.206541061401367,245.254,476.3543395996094
1784707909.104982,Saccade,0.8689213395118713,180.121,1276.6796875
1784707909.215116,Fixation,22.027700424194336,110.132,502.5639953613281
1784707909.235104,Saccade,12.503999710083008,19.992,1187.9449462890625
1784707909.340238,Fixation,17.203386306762695,105.125,406.81121826171875
1784707909.395238,Saccade,13.232950210571289,55.0,1074.71875
1784707909.52036,Fixation,14.639978408813477,125.125,445.61444091796875
1784707909.600482,Saccade,13.699100494384766,80.125,1254.4495849609375
1784707909.695482,Fixation,18.928268432617188,95.0,457.92791748046875
1784707909.710604,Saccade,12.362419128417969,15.125,977.0104370117188
1784707909.895738,Fixation,11.782633781433105,185.125,459.0226745605469
1784707910.04086,Saccade,4.732668399810791,145.125,1390.382080078125
1784707910.170982,Fixation,10.392254829406738,130.125,437.03814697265625
1784707910.356104,Saccade,13.21099853515625,185.125,1333.6759033203125
1784707910.601371,Fixation,8.559226989746094,245.261,483.62481689453125
1784707910.656493,Saccade,14.567328453063965,55.128,1058.3194580078125
1784707910.766482,Fixation,14.531132698059082,109.985,408.1078186035156
1784707910.831615,Saccade,7.949375152587891,65.129,1243.5821533203125
1784707910.926738,Fixation,17.758825302124023,95.121,479.8264465332031
1784707911.342097,Saccade,14.397796630859375,415.375,1266.6431884765625
1784707911.58223,Fixation,29.34141731262207,240.125,395.1244201660156
1784707911.647352,Saccade,12.808598518371582,65.124,1190.1153564453125
1784707911.752475,Fixation,25.690330505371094,105.125,468.0459899902344
1784707912.443108,Saccade,10.583154678344727,690.631,1249.2880859375
1784707912.58323,Fixation,3.786907911300659,140.123,556.5484008789062
1784707912.638219,Saccade,12.228743553161621,54.996,1086.955810546875
1784707912.773353,Fixation,11.026815414428711,135.124,418.64013671875
1784707912.908475,Saccade,21.1661376953125,135.126,1346.5982666015625
1784707913.128719,Fixation,13.61323070526123,220.249,466.6131286621094
1784707913.188719,Saccade,7.121342182159424,60.0,1327.7567138671875
1784707913.328853,Fixation,7.971425533294678,140.132,483.90081787109375
1784707914.019475,Saccade,9.158519744873047,690.621,1313.4517822265625
1784707914.094597,Fixation,7.68560266494751,75.121,458.2724914550781
1784707914.294719,Saccade,18.220224380493164,200.125,1219.1024169921875
1784707914.500566,Fixation,3.333468198776245,205.25,497.736328125
1784707914.520566,Saccade,18.482994079589844,20.0,1059.5804443359375
1784707914.71581,Fixation,15.088522911071777,195.25,461.2852783203125
1784707914.77081,Saccade,8.95805549621582,55.0,1161.7650146484375
1784707914.850821,Fixation,11.816906929016113,80.013,536.04443359375
1784707914.915944,Saccade,6.139458656311035,65.112,1044.2960205078125
1784707915.006077,Fixation,6.366148948669434,90.133,452.4681701660156
1784707915.096066,Saccade,17.566823959350586,89.992,1137.166259765625
1784707915.201188,Fixation,4.932448863983154,105.125,468.16876220703125
1784707915.30131,Saccade,10.9881591796875,100.126,1053.628662109375
1784707915.446433,Fixation,11.3019437789917,145.123,480.5589599609375
1784707915.641566,Saccade,15.751029014587402,195.125,1172.625732421875
1784707915.726688,Fixation,5.159124374389648,85.125,405.3906555175781
1784707915.751699,Saccade,6.488033771514893,25.012,1513.8489990234375
1784707915.90681,Fixation,13.389460563659668,155.113,470.5606994628906
1784707916.212188,Saccade,2.6924052238464355,305.375,1291.1376953125
1784707916.292188,Fixation,20.448686599731445,80.0,555.375732421875
1784707916.42231,Saccade,10.783466339111328,130.125,1319.937744140625
1784707916.662566,Fixation,28.729045867919922,240.249,428.0684509277344
1784707916.792688,Saccade,12.982471466064453,130.125,1186.2237548828125
1784707916.98281,Fixation,9.938380241394043,190.125,595.0138549804688
1784707917.00781,Saccade,12.592310905456543,25.0,1167.61962890625
1784707917.158066,Fixation,12.661896705627441,150.256,495.7615051269531
1784707917.268066,Saccade,11.60332202911377,109.994,1130.895263671875
1784707917.448212,Fixation,12.394468307495117,180.25,460.1912841796875
1784707917.568334,Saccade,15.85237979888916,120.124,1073.84716796875
1784707917.663345,Fixation,1.9933674335479736,95.006,435.72796630859375
1784707917.693468,Saccade,18.987642288208008,30.12,1337.4923095703125
1784707917.89359,Fixation,3.408637523651123,200.124,495.72796630859375
1784707917.96359,Saccade,23.898845672607422,70.0,1189.5325927734375
1784707918.068712,Fixation,13.556702613830566,105.125,406.2606506347656
1784707918.293968,Saccade,8.296740531921387,225.25,1158.0279541015625
1784707918.40909,Fixation,3.7792043685913086,115.125,485.6808776855469
1784707918.46409,Saccade,2.463369846343994,55.0,1056.2801513671875
1784707918.544212,Fixation,5.329992771148682,80.125,445.13189697265625
1784707918.649334,Saccade,1.72648286819458,105.125,1231.63720703125
1784707918.769334,Fixation,16.011001586914062,120.0,503.9479064941406
1784707918.95459,Saccade,9.445551872253418,185.249,1246.953369140625
1784707919.069712,Fixation,4.144046306610107,115.125,475.4915466308594
1784707919.144712,Saccade,16.678998947143555,75.0,1095.768798828125
1784707919.269834,Fixation,11.305660247802734,125.125,411.06170654296875
1784707919.284845,Saccade,10.399567604064941,15.012,1054.072021484375
1784707919.369956,Fixation,12.95590877532959,85.113,523.9517822265625
1784707919.424957,Saccade,17.323020935058594,55.0,1312.6439208984375
1784707919.54509,Fixation,25.33356475830078,120.132,502.08306884765625
1784707919.57009,Saccade,20.102550506591797,24.993,1130.5980224609375
1784707919.745334,Fixation,15.18443775177002,175.253,498.8157043457031
1784707920.08559,Saccade,7.45472526550293,340.246,1175.6160888671875
1784707920.175712,Fixation,16.708223342895508,90.125,498.7347717285156
1784707920.200712,Saccade,21.948951721191406,25.0,1040.1260986328125
1784707920.330834,Fixation,26.72495460510254,130.125,495.36578369140625
1784707920.355886,Saccade,17.629777908325195,25.0,1037.510009765625
1784707920.521008,Fixation,4.769035339355469,165.125,476.9596862792969
1784707920.671141,Saccade,5.578603267669678,150.125,1243.6136474609375
1784707920.846385,Fixation,16.251094818115234,175.253,518.052001953125
1784707920.936386,Saccade,9.695591926574707,90.001,1277.8228759765625
1784707921.091641,Fixation,17.597610473632812,155.246,513.492919921875
1784707921.211641,Saccade,12.790358543395996,120.0,1286.4251708984375
1784707921.306763,Fixation,25.3586368560791,95.124,483.2088317871094
1784707921.451885,Saccade,5.5286688804626465,145.125,1258.3330078125
1784707921.53703,Fixation,8.706814765930176,85.139,476.6233215332031
1784707921.727141,Saccade,18.51663589477539,190.115,1256.5899658203125
1784707921.827263,Fixation,4.419270992279053,100.121,484.098388671875
1784707921.897386,Saccade,3.6464385986328125,70.125,1268.1383056640625
1784707921.977397,Fixation,15.572431564331055,80.006,575.1298828125
1784707922.227641,Saccade,7.5339508056640625,250.245,1223.73095703125
1784707922.312763,Fixation,13.736983299255371,85.124,631.3384399414062
1784707922.432763,Saccade,17.780467987060547,120.0,1194.2581787109375
1784707922.663008,Fixation,12.307063102722168,230.25,521.302978515625
1784707923.218508,Saccade,15.237898826599121,555.499,1168.13330078125
1784707923.608479,Fixation,28.426408767700195,390.375,479.80804443359375
1784707923.718602,Saccade,13.173014640808105,110.124,1188.9620361328125
1784707923.828724,Fixation,6.349798679351807,110.125,440.89862060546875
1784707924.334224,Saccade,18.186161041259766,505.5,1230.57275390625
1784707924.429235,Fixation,2.8651082515716553,95.003,489.7232360839844
1784707924.829602,Saccade,17.294084548950195,400.371,1177.37744140625
1784707924.904724,Fixation,10.848769187927246,75.125,431.04327392578125
1784707924.969724,Saccade,17.567108154296875,65.0,1329.44580078125
1784707925.099857,Fixation,7.538435935974121,130.136,437.33587646484375
1784707925.124857,Saccade,14.003110885620117,24.989,1058.5335693359375
1784707925.25498,Fixation,8.28129768371582,130.125,511.49322509765625
1784707925.285102,Saccade,8.324294090270996,30.128,1146.935302734375
1784707925.385102,Fixation,13.56248950958252,99.997,377.7691650390625
1784707925.465224,Saccade,15.797669410705566,80.125,1307.1585693359375
1784707925.590357,Fixation,11.408236503601074,125.125,534.2155151367188
1784707925.630346,Saccade,21.160768508911133,39.999,1107.625
1784707925.79548,Fixation,21.084026336669922,165.126,457.73492431640625
1784707925.925602,Saccade,7.318562984466553,130.124,1115.4732666015625
1784707926.050724,Fixation,25.1560115814209,125.125,472.2160949707031
1784707926.175846,Saccade,2.040598154067993,125.125,1185.934326171875
1784707926.35098,Fixation,10.689568519592285,175.125,485.38525390625
1784707926.406102,Saccade,18.043859481811523,55.125,1450.10009765625
1784707926.485854,Fixation,1.7669583559036255,80.0,426.7222900390625
1784707926.535987,Saccade,10.144259452819824,50.129,1162.519775390625
1784707926.625976,Fixation,14.742989540100098,89.996,559.8544921875
1784707926.711098,Saccade,8.851548194885254,85.125,1349.9525146484375
1784707926.796232,Fixation,17.409101486206055,85.125,365.53070068359375
1784707927.111476,Saccade,13.42892074584961,315.249,1184.9798583984375
1784707927.211598,Fixation,19.323793411254883,100.125,474.9147033691406
1784707927.366732,Saccade,12.92480754852295,155.125,1379.691162109375
1784707927.486854,Fixation,10.579080581665039,120.125,468.7552490234375
1784707927.581854,Saccade,23.557079315185547,95.0,1077.7569580078125
1784707927.681976,Fixation,18.85589599609375,100.125,335.0746154785156
1784707927.767098,Saccade,8.663597106933594,85.125,1234.676025390625
1784707927.847098,Fixation,16.558944702148438,80.0,515.1295776367188
1784707928.217476,Saccade,12.695969581604004,370.374,1332.091796875
1784707928.357598,Fixation,44.52664566040039,140.125,430.1555480957031
1784707928.457721,Saccade,31.606456756591797,100.125,1107.6993408203125
1784707928.532732,Fixation,22.142377853393555,75.01,475.0866394042969
1784707928.607854,Saccade,15.433867454528809,75.115,1038.664794921875
1784707928.727976,Fixation,23.559789657592773,120.125,423.9725341796875
1784707928.767976,Saccade,6.957679748535156,40.0,1033.6683349609375
1784707928.898109,Fixation,12.221147537231445,130.131,484.8149719238281
1784707929.083354,Saccade,0.31369271874427795,185.243,1317.058349609375
1784707929.323487,Fixation,16.657550811767578,240.136,424.9572448730469
1784707929.619363,Saccade,12.36638355255127,295.364,1246.28369140625
1784707929.754485,Fixation,7.797756671905518,135.125,402.4912414550781
1784707929.829496,Saccade,10.204599380493164,75.01,1382.6163330078125
1784707930.069729,Fixation,16.9196834564209,240.239,485.2554626464844
1784707930.129729,Saccade,5.972286701202393,60.0,1185.68310546875
1784707930.214863,Fixation,2.164829730987549,85.125,445.8145751953125
1784707930.239862,Saccade,19.227779388427734,25.0,1237.1700439453125
1784707930.369985,Fixation,29.11544418334961,130.125,483.36328125
1784707930.640229,Saccade,8.426271438598633,270.25,1282.8211669921875
1784707930.820363,Fixation,8.835610389709473,180.125,485.4732360839844
1784707931.035607,Saccade,11.810856819152832,215.249,1414.5618896484375
1784707931.115729,Fixation,14.572308540344238,80.125,488.1628112792969
1784707931.180729,Saccade,36.49335479736328,65.0,1140.5018310546875
1784707931.375851,Fixation,38.9013557434082,195.125,456.44403076171875
1784707931.415985,Saccade,5.3711161613464355,40.125,1161.163818359375
1784707931.546107,Fixation,29.495695114135742,130.125,401.7535095214844
1784707931.70124,Saccade,17.5098819732666,155.137,1175.4825439453125
1784707931.806351,Fixation,1.5255504846572876,105.113,486.30120849609375
1784707931.886351,Saccade,7.981736183166504,80.0,1223.879638671875
1784707932.191729,Fixation,6.331551551818848,305.374,504.09307861328125
1784707932.601569,Saccade,12.117780685424805,410.375,1259.7659912109375
1784707932.716569,Fixation,2.58259654045105,115.0,500.17559814453125
1784707932.726569,Saccade,19.568212509155273,10.005,1173.3367919921875
1784707932.831691,Fixation,11.801896095275879,105.12,400.4624938964844
1784707932.991813,Saccade,26.03588104248047,160.125,1246.41552734375
1784707933.066947,Fixation,21.75497055053711,75.124,333.10894775390625
1784707933.081946,Saccade,12.282341003417969,15.001,1144.4085693359375
1784707933.157069,Fixation,18.779521942138672,75.124,538.9488525390625
1784707933.172069,Saccade,21.681915283203125,15.0,1126.7625732421875
1784707933.272069,Fixation,7.594045162200928,100.0,534.139892578125
1784707933.457313,Saccade,7.331662178039551,185.25,1166.463623046875
1784707933.542313,Fixation,14.328839302062988,85.0,514.9306030273438
1784707933.707569,Saccade,7.012418746948242,165.25,1215.461669921875
1784707933.872691,Fixation,9.649401664733887,165.125,441.0508728027344
1784707933.962813,Saccade,31.86695671081543,90.125,1259.7877197265625
1784707934.052813,Fixation,28.689546585083008,89.999,389.0018310546875
1784707934.248069,Saccade,4.541163444519043,195.251,1278.5081787109375
1784707934.418191,Fixation,18.48769187927246,170.124,462.1102294921875
1784707934.643446,Saccade,10.681096076965332,225.254,1233.594970703125
1784707934.793569,Fixation,7.895792007446289,150.121,505.17193603515625
1784707934.873569,Saccade,18.574491500854492,80.0,1400.8109130859375
1784707935.053813,Fixation,11.935064315795898,180.25,453.8000183105469
1784707935.238946,Saccade,22.509679794311523,185.134,1355.53125
1784707935.384069,Fixation,17.59211540222168,145.115,484.8731384277344
1784707935.544961,Saccade,9.204166412353516,160.125,1386.984619140625
1784707935.680084,Fixation,8.018837928771973,135.125,434.1148986816406
1784707935.735206,Saccade,11.6558198928833,55.125,1146.1016845703125
1784707935.935339,Fixation,6.6761674880981445,200.125,490.6570739746094
1784707936.035461,Saccade,5.8359150886535645,100.124,1144.5042724609375
1784707936.150584,Fixation,1.3328630924224854,115.125,451.8291320800781
1784707936.375706,Saccade,4.0750532150268555,225.125,1229.0032958984375
1784707936.650961,Fixation,5.053818225860596,275.25,480.08062744140625
1784707936.771083,Saccade,18.520526885986328,120.125,1266.955322265625
1784707936.881217,Fixation,7.533121585845947,110.131,471.8269958496094
1784707936.971339,Saccade,30.602087020874023,90.119,1181.40185546875
1784707937.121461,Fixation,10.610532760620117,150.124,507.51416015625
1784707937.261583,Saccade,15.757245063781738,140.125,1108.9998779296875
1784707937.386706,Fixation,10.272005081176758,125.125,488.8017883300781
1784707937.566828,Saccade,19.819135665893555,180.125,1059.9156494140625
1784707937.736961,Fixation,12.75251579284668,170.125,481.873291015625
1784707937.897206,Saccade,12.234387397766113,160.253,1148.804931640625
1784707938.082328,Fixation,9.219932556152344,185.121,430.4589538574219
1784707938.152461,Saccade,6.049243450164795,70.125,1267.1746826171875
1784707938.272461,Fixation,9.502467155456543,120.0,485.56793212890625
1784707938.292583,Saccade,12.749439239501953,20.129,1164.1492919921875
1784707938.382583,Fixation,5.885915279388428,89.996,446.4241638183594
1784707938.452706,Saccade,11.42457103729248,70.125,1379.4617919921875
1784707938.542706,Fixation,2.557746410369873,90.0,567.4186401367188
1784707938.572828,Saccade,11.231749534606934,30.125,1230.11376953125
1784707938.892827,Fixation,9.547060012817383,320.249,507.7003173828125
1784707939.01795,Saccade,10.25411319732666,125.125,1176.789794921875
1784707939.143072,Fixation,6.989404678344727,125.125,449.421875
1784707939.698572,Saccade,8.126251220703125,555.5,1268.4527587890625
1784707939.853694,Fixation,16.53936767578125,155.125,411.6873474121094
1784707939.868694,Saccade,14.381243705749512,15.0,1343.109375
1784707939.943827,Fixation,19.331026077270508,75.125,459.12261962890625
1784707940.048949,Saccade,8.66606616973877,105.124,1232.9632568359375
1784707940.13895,Fixation,20.08284568786621,90.002,445.2278137207031
1784707940.449194,Saccade,22.417171478271484,310.248,1273.862060546875
1784707940.534327,Fixation,6.952979564666748,85.125,427.76837158203125
1784707940.554327,Saccade,4.391175270080566,20.0,967.6336669921875
1784707940.65945,Fixation,12.105457305908203,105.13,357.6037902832031
1784707940.989694,Saccade,9.90007495880127,330.244,1281.2237548828125
1784707941.089827,Fixation,10.482674598693848,100.125,452.69561767578125
1784707941.520194,Saccade,5.35613489151001,430.376,1287.5860595703125
1784707941.655359,Fixation,8.382683753967285,135.124,489.53692626953125
1784707941.715493,Saccade,14.151679992675781,60.134,1048.432861328125
1784707941.810604,Fixation,7.659792900085449,95.116,554.0089721679688
1784707942.371104,Saccade,7.653420448303223,560.499,1193.758544921875
1784707942.521237,Fixation,19.64021873474121,150.129,485.9083557128906
1784707942.551237,Saccade,35.34955596923828,30.008,1289.9271240234375
1784707942.636359,Fixation,17.6827449798584,85.122,455.37548828125
1784707942.656348,Saccade,13.392489433288574,19.991,1039.53759765625
1784707942.746348,Fixation,15.14254093170166,90.0,437.69708251953125
1784707943.101726,Saccade,10.299030303955078,355.374,1260.549560546875
1784707943.226848,Fixation,9.684823989868164,125.125,491.4009094238281
1784707943.532104,Saccade,13.475211143493652,305.25,1178.720703125
1784707943.682226,Fixation,8.096545219421387,150.125,503.83013916015625
1784707943.977493,Saccade,9.286186218261719,295.262,1266.65380859375
1784707944.082604,Fixation,13.069246292114258,105.112,441.70068359375
1784707944.102604,Saccade,27.08827781677246,20.0,1188.4952392578125
1784707944.222726,Fixation,20.960224151611328,120.125,409.45721435546875
1784707944.242726,Saccade,16.881694793701172,20.0,1243.761474609375
1784707944.322848,Fixation,1.9864498376846313,80.125,457.5852966308594
1784707944.598104,Saccade,15.39826488494873,275.25,1270.0718994140625
1784707944.703283,Fixation,11.72212028503418,105.125,540.9927368164062
1784707944.748283,Saccade,15.811872482299805,45.0,1046.9183349609375
1784707944.843405,Fixation,8.291441917419434,95.125,475.69927978515625
1784707945.13866,Saccade,11.744614601135254,295.249,1337.4444580078125
1784707945.348905,Fixation,20.431074142456055,210.25,379.52764892578125
1784707945.363916,Saccade,29.12960433959961,15.009,1129.7840576171875
1784707945.463905,Fixation,6.006433963775635,99.991,494.3721618652344
1784707945.494027,Saccade,3.9940590858459473,30.125,1235.09228515625
1784707945.569027,Fixation,8.336021423339844,75.0,500.1964416503906
1784707945.68416,Saccade,21.411365509033203,115.129,1187.77734375
1784707945.774283,Fixation,1.8019392490386963,90.12,497.3144226074219
1784707945.809283,Saccade,9.811009407043457,35.004,1219.073486328125
1784707945.899405,Fixation,7.711287975311279,90.121,445.2532653808594
1784707946.039538,Saccade,13.832307815551758,140.131,1217.4696044921875
1784707946.11955,Fixation,10.194149017333984,80.01,425.4397888183594
1784707946.23466,Saccade,19.432893753051758,115.109,1384.3175048828125
1784707946.309783,Fixation,7.953185558319092,75.125,488.55255126953125
1784707946.374783,Saccade,12.898370742797852,65.0,1297.243896484375
1784707946.489905,Fixation,14.85966968536377,115.125,491.054443359375
1784707946.995405,Saccade,17.398075103759766,505.499,1233.2554931640625
1784707947.355672,Fixation,13.20268440246582,360.261,459.52490234375
1784707947.860966,Saccade,5.64938497543335,505.488,1298.8201904296875
1784707947.9861,Fixation,10.358482360839844,125.125,426.67156982421875
1784707948.266344,Saccade,23.92969512939453,280.25,1173.9017333984375
1784707948.4466,Fixation,16.99310302734375,180.25,461.2660217285156
1784707948.4616,Saccade,16.0860538482666,15.0,1048.173095703125
1784707948.581722,Fixation,9.953332901000977,120.124,450.51373291015625
1784707948.651722,Saccade,5.788593769073486,70.0,1037.1981201171875
1784707948.741866,Fixation,4.890655517578125,90.141,396.9029541015625
1784707948.756844,Saccade,21.784446716308594,14.984,1314.31591796875
1784707948.931966,Fixation,20.051971435546875,175.125,409.1888732910156
1784707948.966966,Saccade,11.333880424499512,35.0,1128.350830078125
1784707949.117111,Fixation,17.563236236572266,150.136,490.65386962890625
1784707949.292344,Saccade,14.36291217803955,175.239,1190.419677734375
1784707949.492477,Fixation,14.665167808532715,200.129,487.2788391113281
1784707949.517466,Saccade,5.261119842529297,24.995,1246.884765625
1784707949.682722,Fixation,11.700655937194824,165.25,471.4301452636719
1784707949.747722,Saccade,9.794820785522461,65.0,1298.5697021484375
1784707949.897855,Fixation,14.164226531982422,150.137,515.2970581054688
1784707949.947966,Saccade,20.80272674560547,50.113,1225.831787109375
1784707950.057966,Fixation,13.355620384216309,110.0,467.8640441894531
1784707950.0781,Saccade,6.617494583129883,20.125,1444.2281494140625
1784707950.238222,Fixation,19.945344924926758,160.125,476.29522705078125
1784707950.403344,Saccade,6.507615089416504,165.125,1210.3272705078125
1784707950.573466,Fixation,4.7964301109313965,170.124,482.9516296386719
1784707950.603466,Saccade,5.696133136749268,30.0,1147.9166259765625
1784707950.788371,Fixation,14.593094825744629,185.25,490.3488464355469
1784707950.873371,Saccade,33.42490005493164,85.0,1250.1116943359375
1784707950.968494,Fixation,16.238569259643555,95.125,519.2135009765625
1784707951.048616,Saccade,4.1336846351623535,80.125,1324.888427734375
1784707951.133627,Fixation,24.54090118408203,85.005,484.84954833984375
1784707951.173749,Saccade,22.1051025390625,40.123,1212.80078125
1784707951.273738,Fixation,2.7379560470581055,99.997,446.0472106933594
1784707951.288738,Saccade,19.98954200744629,14.999,1330.0216064453125
1784707951.388871,Fixation,2.302814245223999,100.125,521.71240234375
1784707951.423871,Saccade,27.236492156982422,35.0,1206.4476318359375
1784707951.508994,Fixation,14.174217224121094,85.125,484.5191955566406
1784707951.579116,Saccade,2.077327013015747,70.125,1172.140869140625
1784707951.689127,Fixation,15.913311004638672,110.011,458.4586181640625
1784707952.144616,Saccade,7.195287704467773,455.489,1203.0626220703125
1784707952.224616,Fixation,3.18383526802063,79.999,555.2756958007812
1784707952.369738,Saccade,12.827828407287598,145.125,1476.967529296875
1784707952.49486,Fixation,11.106511116027832,125.125,516.9078369140625
1784707952.780238,Saccade,13.662046432495117,285.375,1273.68408203125
1784707952.890238,Fixation,13.370927810668945,110.002,431.3179931640625
1784707953.335738,Saccade,5.866575717926025,445.497,1199.8328857421875
1784707953.520871,Fixation,14.003538131713867,185.137,488.7301025390625
1784707953.635993,Saccade,19.987634658813477,115.118,1286.440673828125
1784707953.776374,Fixation,12.629002571105957,140.132,479.91448974609375
1784707953.946485,Saccade,11.586167335510254,170.113,1113.72412109375
1784707954.101607,Fixation,8.655674934387207,155.124,435.7550048828125
1784707954.141741,Saccade,4.178286075592041,40.125,1570.2874755859375
1784707954.316863,Fixation,11.150345802307129,175.13,535.55029296875
1784707954.321863,Saccade,24.580774307250977,4.996,1174.2303466796875
1784707954.486985,Fixation,21.798545837402344,165.124,450.6180419921875
1784707954.552107,Saccade,14.17085075378418,65.125,1105.045166015625
1784707954.712241,Fixation,23.62430191040039,160.134,453.9228210449219
1784707954.897363,Saccade,23.87212562561035,185.12,1315.3848876953125
1784707954.972485,Fixation,4.788420677185059,75.121,425.2027587890625
1784707954.992485,Saccade,20.537939071655273,19.999,989.7631225585938
1784707955.182607,Fixation,7.8224358558654785,190.125,444.30615234375
1784707955.197607,Saccade,15.053459167480469,15.0,1088.7757568359375
1784707955.387863,Fixation,9.387913703918457,190.25,487.5038757324219
1784707955.557985,Saccade,1.748908519744873,170.128,1278.1378173828125
1784707955.643107,Fixation,10.342264175415039,85.121,384.1986999511719
1784707955.763229,Saccade,25.167545318603516,120.125,1257.901123046875
1784707955.883241,Fixation,16.660768508911133,120.004,414.8543395996094
1784707956.073485,Saccade,9.08498764038086,190.246,1282.462890625
1784707956.233607,Fixation,7.019412517547607,160.125,429.8282165527344
1784707956.293607,Saccade,3.2060863971710205,60.0,1127.4403076171875
1784707956.403729,Fixation,20.9851016998291,110.125,492.9433898925781
1784707956.593985,Saccade,19.70757293701172,190.249,1423.4881591796875
1784707956.708985,Fixation,8.127777099609375,115.004,409.1456298828125
1784707956.724607,Saccade,10.228569030761719,15.121,1273.63720703125
1784707956.844729,Fixation,13.685561180114746,120.125,481.1474609375
1784707956.904729,Saccade,10.130213737487793,60.0,1112.6806640625
1784707957.124873,Fixation,4.6535563468933105,220.136,456.9635009765625
1784707957.194984,Saccade,19.895204544067383,70.114,1256.35986328125
1784707957.275106,Fixation,25.59673309326172,80.125,514.9059448242188
1784707957.555362,Saccade,24.095470428466797,280.255,1198.3331298828125
1784707957.670484,Fixation,14.923945426940918,115.119,415.74530029296875
1784707957.705484,Saccade,15.444379806518555,35.0,1174.146728515625
1784707957.840606,Fixation,6.055220603942871,135.125,491.8941345214844
1784707957.865607,Saccade,6.487608909606934,25.0,1030.1771240234375
1784707958.055729,Fixation,8.448264122009277,190.125,407.9522399902344
1784707958.100851,Saccade,3.2046573162078857,45.125,1257.525146484375
1784707958.180851,Fixation,22.59939956665039,80.0,417.2439270019531
1784707958.205984,Saccade,21.1517391204834,25.129,1208.00341796875
1784707958.351118,Fixation,13.816950798034668,145.13,483.75177001953125
1784707958.386106,Saccade,11.807625770568848,34.99,1181.9920654296875
1784707958.466106,Fixation,21.528078079223633,80.0,468.9225769042969
1784707958.616351,Saccade,19.41411590576172,150.25,1192.0806884765625
1784707958.746484,Fixation,5.459035873413086,130.125,509.1194763183594
1784707958.971606,Saccade,7.750432968139648,225.125,1262.7347412109375
1784707959.046729,Fixation,19.780790328979492,75.125,476.2373046875
1784707959.251862,Saccade,19.265579223632812,205.128,1160.854248046875
1784707959.396984,Fixation,28.24614715576172,145.121,479.2955322265625
1784707959.657229,Saccade,36.24708938598633,260.25,1199.863525390625
1784707959.741472,Fixation,18.319190979003906,85.125,438.6048278808594
1784707959.756472,Saccade,13.694993019104004,15.0,1024.4796142578125
1784707959.876605,Fixation,17.359743118286133,120.125,442.9905090332031
1784707959.886605,Saccade,20.784435272216797,10.0,1230.3243408203125
1784707960.056727,Fixation,15.685089111328125,170.124,458.3181457519531
1784707960.076727,Saccade,9.42797565460205,20.0,975.4298706054688
1784707960.191849,Fixation,16.530254364013672,115.125,436.6867980957031
1784707960.246972,Saccade,15.685892105102539,55.125,1245.877197265625
1784707960.382094,Fixation,16.86611557006836,135.125,469.3006286621094
1784707960.437094,Saccade,31.853042602539062,55.0,1247.309814453125
1784707960.527227,Fixation,15.435035705566406,90.125,568.5614013671875
1784707960.557227,Saccade,10.989422798156738,30.0,1096.7255859375
1784707960.702349,Fixation,19.328807830810547,145.125,480.38983154296875
1784707960.722349,Saccade,11.784579277038574,19.999,1150.012451171875
1784707960.817472,Fixation,20.151504516601562,95.125,492.26776123046875
1784707960.892472,Saccade,18.88072395324707,75.0,1311.0927734375
1784707961.032594,Fixation,13.569694519042969,140.125,512.6673583984375
1784707961.212849,Saccade,6.8656744956970215,180.25,1303.1175537109375
1784707961.312972,Fixation,8.19787883758545,100.129,419.3346252441406
1784707961.377972,Saccade,11.518135070800781,64.996,1187.781494140625
1784707961.453094,Fixation,14.578081130981445,75.125,510.206787109375
1784707961.688216,Saccade,7.693645000457764,235.124,1213.4830322265625
1784707961.918472,Fixation,16.628143310546875,230.254,464.19256591796875
1784707962.133716,Saccade,10.97499942779541,215.246,1299.37890625
1784707962.544105,Fixation,3.9830944538116455,410.384,456.837890625
1784707962.564094,Saccade,15.469785690307617,19.99,1289.2044677734375
1784707962.770051,Fixation,5.448768138885498,205.125,454.8163757324219
1784707962.805184,Saccade,17.6658878326416,35.125,1025.17041015625
1784707962.940184,Fixation,17.99002456665039,135.002,412.4625244140625
1784707963.095428,Saccade,17.720890045166016,155.247,1168.6927490234375
1784707963.180428,Fixation,12.714177131652832,85.0,504.4170227050781
1784707963.325551,Saccade,6.021475791931152,145.125,1177.44775390625
1784707963.440684,Fixation,10.947859764099121,115.125,428.52191162109375
1784707963.535806,Saccade,13.318951606750488,95.125,1256.805419921875
1784707963.675928,Fixation,9.736248016357422,140.125,519.4609985351562
1784707963.710928,Saccade,1.2670701742172241,35.0,1484.188720703125
1784707963.806062,Fixation,15.868631362915039,95.136,497.1349792480469
1784707963.841051,Saccade,9.040959358215332,34.989,1221.7296142578125
1784707963.941184,Fixation,14.444036483764648,100.125,562.5800170898438
1784707964.011184,Saccade,7.362781047821045,70.0,1206.3782958984375
1784707964.161428,Fixation,10.741433143615723,150.249,476.8553161621094
1784707964.236439,Saccade,18.73826789855957,75.012,1296.9788818359375
1784707964.396551,Fixation,11.084425926208496,160.113,453.8520812988281
1784707964.882051,Saccade,8.37005615234375,485.499,1289.2783203125
1784707965.077173,Fixation,18.137786865234375,195.125,561.984130859375
1784707965.152306,Saccade,24.527544021606445,75.125,1400.2227783203125
1784707965.467551,Fixation,19.3303279876709,315.254,484.5323791503906
1784707965.50755,Saccade,15.27548599243164,39.995,1115.9744873046875
1784707965.617673,Fixation,12.395328521728516,110.125,553.0640869140625
1784707965.637673,Saccade,14.588850975036621,20.0,1215.2421875
1784707965.737806,Fixation,11.378460884094238,100.125,434.2254943847656
1784707966.072337,Saccade,5.576996803283691,335.378,1187.3043212890625
1784707966.162326,Fixation,9.31411075592041,89.997,460.52996826171875
1784707966.417582,Saccade,7.030127048492432,255.25,1189.631591796875
1784707966.722826,Fixation,11.839710235595703,305.249,460.0205383300781
1784707966.73796,Saccade,11.257866859436035,15.13,1056.3580322265625
1784707966.817948,Fixation,25.19785499572754,79.995,511.3965759277344
1784707966.837948,Saccade,6.115638732910156,20.0,1296.756103515625
1784707966.948082,Fixation,14.22925090789795,110.125,459.5105285644531
1784707967.013204,Saccade,6.649561405181885,65.125,1417.6724853515625
1784707967.168326,Fixation,16.166242599487305,155.124,469.9041442871094
1784707967.673704,Saccade,3.6783370971679688,505.375,1265.501220703125
1784707967.873948,Fixation,19.010913848876953,200.249,476.2147521972656
1784707967.979082,Saccade,10.95742130279541,105.126,1195.37646484375
1784707968.059082,Fixation,26.373424530029297,79.999,446.86248779296875
1784707968.079093,Saccade,26.732152938842773,20.013,1241.1356201171875
1784707968.204204,Fixation,25.093069076538086,125.112,487.5543212890625
1784707968.269326,Saccade,22.865955352783203,65.125,1373.945556640625
1784707968.414448,Fixation,20.217517852783203,145.125,461.5052795410156
1784707968.584582,Saccade,20.020761489868164,170.125,1272.302490234375
1784707968.734704,Fixation,10.148666381835938,150.125,509.4696044921875
1784707968.930137,Saccade,19.022567749023438,195.249,1459.9149169921875
1784707969.05026,Fixation,12.668294906616211,120.125,450.66064453125
1784707969.11526,Saccade,4.7234392166137695,65.0,1192.9989013671875
1784707969.320515,Fixation,19.051755905151367,205.25,541.871826171875
1784707969.455637,Saccade,19.355884552001953,135.125,1315.8280029296875
1784707969.540637,Fixation,20.191102981567383,84.999,442.36663818359375
1784707969.765893,Saccade,13.119818687438965,225.251,1197.155517578125
1784707970.041137,Fixation,25.781879425048828,275.249,391.8766174316406
1784707970.096138,Saccade,2.72908616065979,55.0,1256.9046630859375
1784707970.19126,Fixation,24.56467628479004,95.125,346.059814453125
1784707970.21626,Saccade,6.071382999420166,24.999,1128.457763671875
1784707970.331393,Fixation,22.747386932373047,115.125,488.5777893066406
1784707970.396515,Saccade,25.11642074584961,65.125,1266.7349853515625
1784707970.526638,Fixation,19.949478149414062,130.125,481.3275146484375
1784707970.576638,Saccade,11.916993141174316,50.0,1326.9693603515625
1784707970.826893,Fixation,2.369016170501709,250.25,489.85076904296875
1784707971.347382,Saccade,12.948379516601562,520.499,1174.3135986328125
1784707971.617637,Fixation,19.997562408447266,270.25,471.5831298828125
1784707971.692649,Saccade,30.51761817932129,75.008,1309.458251953125
1784707971.77276,Fixation,20.87375831604004,80.117,389.96429443359375
1784707971.867624,Saccade,18.089317321777344,95.0,1204.6033935546875
1784707971.982747,Fixation,19.170215606689453,115.124,390.7684326171875
1784707971.997746,Saccade,19.403751373291016,15.0,1347.2213134765625
1784707972.13788,Fixation,3.908794403076172,140.125,447.5867919921875
1784707972.228002,Saccade,10.126022338867188,90.125,1091.4193115234375
1784707972.313124,Fixation,11.257814407348633,85.125,450.19140625
1784707972.333124,Saccade,9.115199089050293,20.0,1100.7144775390625
1784707972.503247,Fixation,23.49850082397461,170.125,492.94952392578125
1784707972.838624,Saccade,21.04050064086914,335.374,1192.110107421875
1784707972.993747,Fixation,11.716853141784668,155.125,540.8278198242188
1784707973.10388,Saccade,11.172440528869629,110.131,1238.8018798828125
1784707973.344002,Fixation,3.772124767303467,240.119,486.86102294921875
1784707973.369124,Saccade,8.348099708557129,25.125,1044.7890625
1784707973.464124,Fixation,4.598097801208496,95.0,490.4040222167969
1784707973.489124,Saccade,11.318498611450195,25.0,1128.136474609375
1784707973.589247,Fixation,7.616961479187012,100.124,516.8356323242188
1784707973.71938,Saccade,20.32891845703125,130.135,1271.67041015625
1784707973.889502,Fixation,4.523037910461426,170.115,529.3073120117188
1784707973.909624,Saccade,19.035585403442383,20.125,942.7543334960938
1784707973.999624,Fixation,11.434270858764648,90.0,400.1059875488281
1784707974.019624,Saccade,22.062002182006836,20.0,1125.113037109375
1784707974.22488,Fixation,12.44072437286377,205.255,493.0152587890625
1784707974.309869,Saccade,4.786000728607178,84.994,1374.1878662109375
1784707974.385002,Fixation,4.716221809387207,75.125,535.1826782226562
1784707974.395002,Saccade,17.024505615234375,10.005,1287.1143798828125
1784707974.510124,Fixation,24.00542449951172,115.127,429.66522216796875
1784707974.775969,Saccade,11.978368759155273,265.845,1300.15576171875
1784707974.98136,Fixation,30.77073860168457,205.131,423.8841247558594
1784707974.996483,Saccade,18.16840362548828,15.119,1249.793701171875
1784707975.111483,Fixation,12.358757019042969,114.999,453.2027282714844
1784707975.126483,Saccade,16.963747024536133,15.002,1094.78076171875
1784707975.401872,Fixation,14.416569709777832,275.39,476.933349609375
1784707975.611983,Saccade,7.998322486877441,210.109,1358.3968505859375
1784707975.702105,Fixation,10.877013206481934,90.125,425.2916564941406
1784707975.792116,Saccade,16.453126907348633,90.004,1144.1246337890625
1784707975.937227,Fixation,14.254252433776855,145.121,564.0890502929688
1784707975.957361,Saccade,23.465269088745117,20.129,1202.2152099609375
1784707976.132483,Fixation,8.383822441101074,175.121,414.33160400390625
1784707976.282605,Saccade,15.783624649047852,150.127,1337.08740234375
1784707976.367738,Fixation,4.031073570251465,85.125,424.8066101074219
1784707976.462727,Saccade,24.489925384521484,94.998,1059.77685546875
1784707976.647983,Fixation,28.64995574951172,185.25,524.0992431640625
1784707976.677983,Saccade,14.431723594665527,30.0,1118.430908203125
1784707976.773105,Fixation,16.84545135498047,95.125,551.1212158203125
1784707976.788105,Saccade,20.783132553100586,15.0,1042.273681640625
1784707976.908227,Fixation,14.064188003540039,120.125,466.1958923339844
1784707976.933227,Saccade,16.824796676635742,25.0,1215.501220703125
1784707977.108361,Fixation,15.825830459594727,175.125,500.2142639160156
1784707977.263483,Saccade,13.355411529541016,155.125,1300.564697265625
1784707977.448727,Fixation,24.78489112854004,185.25,477.77374267578125
1784707977.468727,Saccade,25.851282119750977,20.0,1588.617431640625
1784707977.60886,Fixation,5.340699195861816,140.125,455.81597900390625
1784707977.61886,Saccade,17.745492935180664,10.005,1085.728515625
1784707977.813983,Fixation,10.986130714416504,195.12,504.720458984375
1784707978.28455,Saccade,26.965892791748047,470.5,1361.302490234375
1784707978.394672,Fixation,18.42725944519043,110.125,402.54095458984375
1784707978.404672,Saccade,21.017730712890625,10.0,1074.9383544921875
1784707978.499672,Fixation,5.418500900268555,95.0,453.1238098144531
1784707978.689928,Saccade,2.749871015548706,190.25,1260.0797119140625
1784707978.88005,Fixation,9.343033790588379,190.125,428.9525146484375
1784707979.060305,Saccade,4.093079566955566,180.255,1273.0494384765625
1784707979.235427,Fixation,12.596220970153809,175.12,413.5105285644531
1784707979.38555,Saccade,23.646259307861328,150.129,1224.5452880859375
1784707979.495672,Fixation,8.0421142578125,110.121,440.6719970703125
1784707979.665794,Saccade,4.592351913452148,170.125,1320.3001708984375
1784707979.855927,Fixation,19.80185317993164,190.125,408.9540100097656
1784707979.99105,Saccade,17.610170364379883,135.125,1250.630615234375
1784707980.171294,Fixation,6.023740291595459,180.25,455.3163757324219
1784707980.231294,Saccade,6.122018337249756,60.0,1286.6497802734375
1784707980.321428,Fixation,20.91237449645996,90.125,411.1867980957031
1784707980.346427,Saccade,15.31035041809082,25.005,1182.1385498046875
1784707980.441561,Fixation,5.6389265060424805,95.133,487.9515380859375
1784707980.53155,Saccade,6.972858428955078,89.987,1286.8843994140625
1784707980.616683,Fixation,7.029347896575928,85.13,471.9100341796875
1784707980.661683,Saccade,17.416460037231445,45.008,1075.54833984375
1784707980.796794,Fixation,6.215329647064209,135.112,475.0745544433594
1784707980.966958,Saccade,7.662415981292725,170.25,1344.5504150390625
1784707981.046958,Fixation,7.636173248291016,80.0,411.1322326660156
1784707981.347203,Saccade,9.298369407653809,300.25,1236.267578125
1784707981.522458,Fixation,15.950643539428711,175.25,424.3440246582031
1784707981.782714,Saccade,21.753957748413086,260.259,1267.955078125
1784707981.927836,Fixation,22.231725692749023,145.116,503.2131652832031
1784707982.062958,Saccade,23.631792068481445,135.129,1397.621826171875
1784707982.323203,Fixation,9.957983016967773,260.246,396.70733642578125
1784707982.453347,Saccade,18.347383499145508,130.142,1331.7279052734375
1784707982.643458,Fixation,18.738740921020508,190.108,513.5628662109375
1784707982.668458,Saccade,20.71433448791504,25.0,1165.441162109375
1784707982.80358,Fixation,8.01795482635498,135.125,420.4007873535156
1784707982.938703,Saccade,5.189568996429443,135.125,1084.9285888671875
1784707983.143958,Fixation,12.033129692077637,205.25,472.048828125
1784707983.223958,Saccade,15.1084566116333,80.0,1362.4744873046875
1784707983.304091,Fixation,14.938641548156738,80.128,533.20654296875
1784707983.399203,Saccade,18.669116973876953,95.122,1161.38330078125
1784707983.474214,Fixation,1.2697104215621948,75.002,415.2043151855469
1784707983.489202,Saccade,23.397907257080078,14.998,1487.39111328125
1784707983.564336,Fixation,12.237334251403809,75.125,541.894287109375
1784707983.644336,Saccade,15.03628921508789,80.0,1374.661376953125
1784707983.84458,Fixation,6.349080562591553,200.25,452.00555419921875
1784707983.869603,Saccade,10.705757141113281,25.015,1072.78271484375
1784707983.964703,Fixation,11.002187728881836,95.11,551.7320556640625
1784707984.250219,Saccade,16.712739944458008,285.25,1169.812744140625
1784707984.425352,Fixation,27.029985427856445,175.133,443.0589904785156
1784707984.505474,Saccade,14.626908302307129,80.124,1260.75146484375
1784707984.640597,Fixation,6.612592697143555,135.118,432.4454040527344
1784707984.760719,Saccade,22.73218536376953,120.125,1170.1944580078125
1784707984.865719,Fixation,11.408446311950684,105.0,453.5462341308594
1784707985.436341,Saccade,5.130059719085693,570.625,1212.4898681640625
1784707985.566463,Fixation,10.061902046203613,130.125,580.5878295898438
1784707985.811597,Saccade,16.942636489868164,245.125,1379.287109375
1784707986.051841,Fixation,13.71216869354248,240.25,466.18170166015625
1784707986.081863,Saccade,23.402591705322266,30.017,1040.99853515625
1784707986.297096,Fixation,9.47111988067627,215.233,499.1494445800781
1784707986.322097,Saccade,4.708247184753418,25.0,1189.796875
1784707986.572341,Fixation,20.56658363342285,250.25,475.6458740234375
1784707986.892596,Saccade,7.605656623840332,320.25,1246.3211669921875
1784707987.012719,Fixation,12.99827766418457,120.125,414.80902099609375
1784707987.178223,Saccade,6.168224811553955,165.136,1220.2659912109375
1784707987.278334,Fixation,3.4396462440490723,100.114,533.5775756835938
1784707987.438467,Saccade,15.481127738952637,160.125,1277.74755859375
1784707987.773834,Fixation,10.714083671569824,335.375,405.5321960449219
1784707988.009089,Saccade,9.947166442871094,235.25,1248.89599609375
1784707988.194211,Fixation,10.601898193359375,185.125,477.2207946777344
1784707988.224211,Saccade,21.679367065429688,30.0,1244.1361083984375
1784707988.374334,Fixation,14.771400451660156,150.125,438.21014404296875
1784707988.484467,Saccade,13.004212379455566,110.125,1341.8365478515625
1784707988.574589,Fixation,5.884459495544434,90.125,564.6800537109375
1784707988.779711,Saccade,12.997579574584961,205.125,1162.4505615234375
1784707989.004967,Fixation,11.72346305847168,225.25,379.4534606933594
1784707989.195089,Saccade,10.73547649383545,190.125,1146.382568359375
1784707989.285212,Fixation,3.8007164001464844,90.125,437.63409423828125
1784707989.375334,Saccade,11.31139087677002,90.125,1188.49267578125
1784707989.470334,Fixation,10.532421112060547,95.0,496.4066467285156
1784707989.750589,Saccade,14.793375968933105,280.25,1090.37255859375
1784707989.855723,Fixation,27.97837257385254,105.129,388.381103515625
1784707990.465531,Saccade,31.739484786987305,610.634,1298.0361328125
1784707990.635642,Fixation,31.049171447753906,170.112,439.2127380371094
1784707990.650642,Saccade,9.49964427947998,15.008,1109.1680908203125
1784707990.800776,Fixation,8.415094375610352,150.129,479.17041015625
1784707990.991009,Saccade,6.711274147033691,190.238,1259.9393310546875
1784707991.381275,Fixation,3.290168285369873,390.263,481.9697265625
1784707991.541509,Saccade,8.272880554199219,160.237,1225.470947265625
1784707991.626509,Fixation,16.23145294189453,85.0,460.7813720703125
1784707992.157009,Saccade,32.895912170410156,530.5,1209.3934326171875
1784707992.282142,Fixation,9.690438270568848,125.125,456.5834045410156
1784707992.302142,Saccade,15.236069679260254,20.0,1145.69140625
1784707992.452264,Fixation,30.03414535522461,150.125,471.4587097167969
1784707992.487386,Saccade,36.742431640625,35.125,1256.114501953125
1784707992.697509,Fixation,25.06525421142578,210.125,474.5463562011719
1784707992.787642,Saccade,9.177496910095215,90.125,1210.6246337890625
1784707992.997764,Fixation,9.77519416809082,210.125,500.1104431152344
1784707993.138035,Saccade,28.449169158935547,140.262,1274.21533203125
1784707993.283146,Fixation,9.403851509094238,145.113,453.44818115234375
1784707993.323146,Saccade,13.121147155761719,40.0,1115.0899658203125
1784707993.448268,Fixation,22.06475067138672,125.125,515.9575805664062
1784707993.468268,Saccade,15.635382652282715,20.0,1399.7508544921875
1784707993.743513,Fixation,13.37417984008789,275.25,377.2434997558594
1784707993.793513,Saccade,9.027791976928711,50.0,1046.17041015625
1784707994.078768,Fixation,7.549302101135254,285.25,481.5923767089844
1784707994.138891,Saccade,4.584371566772461,60.125,1127.32177734375
1784707994.224024,Fixation,23.55274772644043,85.129,432.0047302246094
1784707994.254013,Saccade,37.17976379394531,29.996,1189.9097900390625
1784707994.364146,Fixation,12.464040756225586,110.125,483.3527526855469
1784707994.774513,Saccade,11.253218650817871,410.375,1361.0325927734375
1784707994.859513,Fixation,30.47032928466797,85.0,421.462890625
1784707994.909646,Saccade,22.22922706604004,50.128,1353.7591552734375
1784707994.994646,Fixation,27.056737899780273,84.997,420.00506591796875
1784707995.325013,Saccade,8.061369895935059,330.375,1112.4288330078125
1784707995.470146,Fixation,14.3089017868042,145.125,380.95831298828125
1784707995.665268,Saccade,20.536705017089844,195.125,1259.8736572265625
1784707995.965513,Fixation,10.461745262145996,300.25,450.38232421875
1784707996.000646,Saccade,12.1082124710083,35.125,1151.015869140625
1784707996.181629,Fixation,19.235368728637695,180.125,471.0164794921875
1784707996.251629,Saccade,11.396214485168457,70.0,1296.7476806640625
1784707996.627007,Fixation,10.37647819519043,375.375,509.61688232421875
1784707996.942373,Saccade,7.7339301109313965,315.375,1366.2669677734375
1784707997.042373,Fixation,16.060420989990234,100.0,468.34197998046875
1784707997.167507,Saccade,28.28993034362793,125.125,1182.97412109375
1784707997.347751,Fixation,12.416282653808594,180.25,471.0411071777344
1784707997.367751,Saccade,15.48410415649414,20.0,1022.740966796875
1784707997.452751,Fixation,28.089113235473633,85.0,437.3649597167969
1784707997.623018,Saccade,6.355494976043701,170.263,1336.1993408203125
1784707997.743129,Fixation,28.212568283081055,120.112,485.0579833984375
1784707998.018373,Saccade,28.95748519897461,275.25,1225.0244140625
1784707998.153507,Fixation,25.37712860107422,135.132,384.42022705078125
1784707998.358629,Saccade,12.31363582611084,205.118,1193.0477294921875
1784707998.473751,Fixation,7.701817512512207,115.125,477.9500427246094
1784707998.493751,Saccade,15.646224021911621,20.0,1319.8392333984375
1784707998.573873,Fixation,43.890872955322266,80.125,585.6807250976562
1784707998.683884,Saccade,32.77295684814453,110.009,1491.2828369140625
1784707998.799007,Fixation,18.85776138305664,115.116,410.9893798828125
1784707998.929129,Saccade,15.89303970336914,130.125,1089.662841796875
1784707999.044251,Fixation,19.61286735534668,115.125,348.86309814453125
1784707999.724422,Saccade,25.056955337524414,680.625,1266.225830078125
1784707999.814555,Fixation,8.32401180267334,90.125,504.8019104003906
1784707999.979677,Saccade,13.840989112854004,165.125,1192.94970703125
1784708000.189922,Fixation,27.298080444335938,210.249,425.00335693359375
1784708000.209922,Saccade,20.103723526000977,20.0,1053.123291015625
1784708000.304922,Fixation,9.753756523132324,95.001,462.6101989746094
1784708000.415055,Saccade,22.591983795166016,110.124,1184.3831787109375
1784708000.525177,Fixation,28.25335693359375,110.126,463.57403564453125
1784708000.905555,Saccade,22.033119201660156,380.375,1274.8511962890625
1784708000.985555,Fixation,13.485113143920898,79.999,566.6655883789062
1784708001.000677,Saccade,31.482425689697266,15.125,1261.390869140625
1784708001.190799,Fixation,21.187231063842773,190.125,525.7914428710938
1784708001.210799,Saccade,20.76949119567871,20.0,1200.7879638671875
1784708001.516066,Fixation,16.23228645324707,305.261,442.92205810546875
1784708001.731299,Saccade,11.884736061096191,215.239,1148.900390625
1784708001.921422,Fixation,18.722070693969727,190.125,469.8509521484375
1784708001.946555,Saccade,20.025985717773438,25.125,1208.6895751953125
1784708002.166677,Fixation,15.058674812316895,220.125,472.647216796875
1784708002.186677,Saccade,15.654022216796875,20.0,1344.3695068359375
1784708002.332118,Fixation,18.376516342163086,145.126,453.953369140625
1784708002.44224,Saccade,9.01901626586914,110.124,1070.4498291015625
1784708002.522374,Fixation,27.47837257385254,80.125,485.2738037109375
1784708002.547374,Saccade,10.112639427185059,25.0,1248.6910400390625
1784708002.627496,Fixation,9.4385404586792,80.125,425.60357666015625
1784708002.827629,Saccade,20.181608200073242,200.131,1194.1002197265625
1784708003.022874,Fixation,31.149900436401367,195.244,394.97564697265625
1784708003.047873,Saccade,30.969921112060547,25.001,1210.823486328125
1784708003.257996,Fixation,18.42503547668457,210.129,474.80572509765625
1784708003.313118,Saccade,10.450593948364258,55.12,1213.7996826171875
1784708003.44824,Fixation,4.997297286987305,135.125,472.3078918457031
1784708003.47824,Saccade,17.647279739379883,30.0,1116.6024169921875
1784708003.748496,Fixation,18.39792251586914,270.25,466.1321105957031
1784708003.873618,Saccade,17.494924545288086,125.125,1339.528564453125
1784708004.113873,Fixation,9.069975852966309,240.258,461.70037841796875
1784708004.323996,Saccade,21.527795791625977,210.117,1400.1890869140625
1784708004.464129,Fixation,25.10491943359375,140.137,464.4483642578125
1784708004.569251,Saccade,19.980268478393555,105.117,1156.56591796875
1784708004.679374,Fixation,4.931884765625,110.121,429.6162109375
1784708005.024618,Saccade,21.812381744384766,345.25,1184.1209716796875
1784708005.10974,Fixation,22.055774688720703,85.125,422.0362548828125
1784708005.144751,Saccade,7.252810478210449,35.012,1244.0521240234375
1784708005.344849,Fixation,7.534862518310547,200.238,471.6912536621094
1784708005.459849,Saccade,5.376007556915283,115.0,1061.823486328125
1784708005.534983,Fixation,13.360214233398438,75.13,417.1572265625
1784708005.549983,Saccade,17.03980255126953,14.999,1090.4093017578125
1784708005.825227,Fixation,17.83061408996582,275.249,501.7281494140625
1784708006.005483,Saccade,34.51222610473633,180.252,1282.170654296875
1784708006.195594,Fixation,15.131511688232422,190.12,423.3208312988281
1784708007.226594,Saccade,13.23505687713623,1031.0,1271.1680908203125
1784708007.371738,Fixation,7.764620304107666,145.138,434.4249267578125
1784708007.842094,Saccade,23.388456344604492,470.362,1267.7938232421875
1784708007.932227,Fixation,2.2703723907470703,90.125,499.3984069824219
1784708007.967227,Saccade,11.247851371765137,35.0,1116.804931640625
1784708008.102349,Fixation,7.434756278991699,135.125,512.1414184570312
1784708008.34251,Saccade,4.49660062789917,240.254,1196.4361572265625
1784708008.467632,Fixation,20.191349029541016,125.128,497.8329162597656
1784708008.487632,Saccade,20.465593338012695,19.993,1087.5633544921875
1784708008.572632,Fixation,11.740028381347656,85.0,455.2159118652344
1784708008.617754,Saccade,25.4549617767334,45.125,1121.026123046875
1784708008.767877,Fixation,11.977554321289062,150.125,494.2486572265625
1784708008.787888,Saccade,20.487070083618164,20.004,1264.5543212890625
1784708008.87301,Fixation,8.069222450256348,85.126,488.2060241699219
1784708008.887999,Saccade,21.998332977294922,14.995,1251.4771728515625
1784708009.118254,Fixation,33.04397964477539,230.25,442.2432556152344
1784708009.143255,Saccade,22.05352020263672,25.006,1212.9244384765625
1784708009.363388,Fixation,4.437441349029541,220.126,463.328125
1784708009.643632,Saccade,24.448867797851562,280.243,1146.7225341796875
1784708009.738755,Fixation,14.942663192749023,95.125,390.3079528808594
1784708009.818877,Saccade,4.067488670349121,80.125,1339.8211669921875
1784708009.898877,Fixation,4.943610668182373,80.0,592.248779296875
1784708009.918888,Saccade,10.33546257019043,20.011,1079.552001953125
1784708010.043999,Fixation,9.423007011413574,125.114,496.651611328125
1784708010.574499,Saccade,8.416666984558105,530.5,1208.2445068359375
1784708010.684632,Fixation,10.506854057312012,110.125,444.9916076660156
1784708010.709632,Saccade,9.979696273803711,25.0,1119.196044921875
1784708010.879877,Fixation,8.375957489013672,170.25,403.9358215332031
1784708011.069999,Saccade,8.714412689208984,190.125,1286.7672119140625
1784708011.150132,Fixation,14.396803855895996,80.125,469.68121337890625
1784708011.235132,Saccade,11.307320594787598,85.0,1298.7012939453125
1784708011.409843,Fixation,32.549766540527344,175.125,500.9271545410156
1784708011.630088,Saccade,20.324308395385742,220.25,1173.3587646484375
1784708012.025465,Fixation,3.5448670387268066,395.375,438.7294616699219
1784708012.040465,Saccade,9.095941543579102,15.0,968.6925659179688
1784708012.125588,Fixation,6.384529113769531,85.125,516.436767578125
1784708012.330721,Saccade,19.746135711669922,205.125,1162.6422119140625
1784708012.520965,Fixation,15.736132621765137,190.25,510.2421875
1784708012.595965,Saccade,20.038070678710938,75.0,1073.9044189453125
1784708012.701088,Fixation,14.104924201965332,105.125,413.36578369140625
1784708012.836221,Saccade,15.078064918518066,135.125,1118.2640380859375
1784708012.946343,Fixation,13.348068237304688,110.125,425.64764404296875
1784708012.966343,Saccade,18.857324600219727,20.0,1366.31640625
1784708013.056465,Fixation,24.895227432250977,90.125,452.65826416015625
1784708013.686965,Saccade,13.507030487060547,630.5,1349.3265380859375
1784708013.772088,Fixation,9.734152793884277,85.125,539.5931396484375
1784708013.812088,Saccade,4.114695072174072,40.0,1165.38134765625
1784708013.957221,Fixation,15.67580509185791,145.125,467.5228576660156
1784708013.982221,Saccade,21.416893005371094,25.0,1229.403076171875
1784708014.092354,Fixation,24.836957931518555,110.136,491.4249267578125
1784708014.152477,Saccade,6.033019065856934,60.119,1221.08544921875
1784708014.332588,Fixation,18.105575561523438,180.12,490.48944091796875
1784708014.388372,Saccade,2.1985154151916504,55.0,1177.0028076171875
1784708014.468505,Fixation,5.7498459815979,80.124,619.2493896484375
1784708014.603627,Saccade,17.48373031616211,135.126,1166.7392578125
1784708014.713749,Fixation,45.16926193237305,110.124,464.0647888183594
1784708014.823872,Saccade,19.981721878051758,110.125,1264.52587890625
1784708014.974005,Fixation,12.344622611999512,150.126,345.17242431640625
1784708015.009005,Saccade,12.182291984558105,35.0,1231.52490234375
1784708015.094127,Fixation,14.951306343078613,85.124,542.4668579101562
1784708015.179127,Saccade,14.411028861999512,85.001,1234.850341796875
1784708015.274249,Fixation,4.7456889152526855,95.124,523.9161987304688
1784708015.294249,Saccade,3.757880210876465,20.0,1418.15576171875
1784708015.389372,Fixation,2.233537197113037,95.125,552.3008422851562
1784708015.404383,Saccade,18.632862091064453,15.005,1275.073486328125
1784708015.704627,Fixation,19.604047775268555,300.246,480.21185302734375
1784708015.939872,Saccade,14.581916809082031,235.249,1184.211669921875
1784708016.095005,Fixation,18.3443660736084,155.125,400.78631591796875
1784708016.110016,Saccade,16.02866554260254,15.011,1116.634521484375
1784708016.225127,Fixation,16.331037521362305,115.115,400.2589416503906
1784708017.196005,Saccade,10.645604133605957,970.879,1198.3804931640625
1784708017.420812,Fixation,13.752856254577637,225.245,438.3824462890625
1784708017.470812,Saccade,14.16614818572998,50.0,1025.100830078125
1784708017.620934,Fixation,3.299964666366577,150.125,514.0032958984375
1784708017.661067,Saccade,17.92933464050293,40.125,1101.3035888671875
1784708017.751067,Fixation,8.783367156982422,90.0,489.2111511230469
1784708017.936312,Saccade,21.193965911865234,185.25,1332.59619140625
1784708018.056434,Fixation,14.20065975189209,120.125,480.24896240234375
1784708018.116445,Saccade,5.933612823486328,60.006,1379.2803955078125
1784708018.261567,Fixation,10.792088508605957,145.119,509.8469543457031
1784708018.276567,Saccade,9.152169227600098,15.0,1133.5599365234375
1784708018.441689,Fixation,13.64356517791748,165.131,459.96630859375
1784708018.501823,Saccade,24.83368682861328,60.13,1245.9588623046875
1784708018.767078,Fixation,30.783260345458984,265.251,423.2455139160156
1784708018.817067,Saccade,14.726513862609863,49.988,1284.56298828125
1784708018.962189,Fixation,16.836360931396484,145.125,544.7640380859375
1784708018.977189,Saccade,15.50238037109375,15.0,1096.682861328125
1784708019.082312,Fixation,10.466632843017578,105.125,500.9001159667969
1784708019.202445,Saccade,18.01618766784668,120.128,1322.0977783203125
1784708019.397567,Fixation,10.887001037597656,195.122,498.936767578125
1784708019.417689,Saccade,23.365596771240234,20.125,1095.721923828125
1784708019.537689,Fixation,21.74469757080078,120.0,423.0140686035156
1784708019.657823,Saccade,11.4573392868042,120.131,1176.6485595703125
1784708019.747934,Fixation,23.193742752075195,90.119,441.5744934082031
1784708019.818067,Saccade,17.5302734375,70.125,1166.525390625
1784708019.983189,Fixation,21.952106475830078,165.125,404.5478210449219
1784708020.178312,Saccade,3.999752998352051,195.125,1100.2913818359375
1784708020.463577,Fixation,13.276376724243164,285.25,482.9054870605469
1784708020.493699,Saccade,36.00361251831055,30.125,1317.825439453125
1784708020.663821,Fixation,45.480472564697266,170.125,472.8030090332031
1784708020.803955,Saccade,20.170894622802734,140.136,1313.9757080078125
1784708020.924077,Fixation,14.766227722167969,120.124,497.0030212402344
1784708021.089199,Saccade,19.09122085571289,165.115,1380.760498046875
1784708021.189321,Fixation,13.431206703186035,100.125,514.246826171875
1784708021.249321,Saccade,13.652435302734375,60.0,1300.2789306640625
1784708021.359443,Fixation,1.6710431575775146,110.125,445.75103759765625
1784708021.574699,Saccade,20.2115421295166,215.25,1225.8638916015625
1784708021.824821,Fixation,13.180126190185547,250.125,432.30438232421875
1784708021.894943,Saccade,5.7539286613464355,70.125,1225.4168701171875
1784708022.070077,Fixation,7.87123966217041,175.125,493.2900390625
1784708022.080077,Saccade,8.225320816040039,10.01,1184.9344482421875
1784708022.240199,Fixation,15.84717845916748,160.115,443.3011169433594
1784708022.410443,Saccade,14.997730255126953,170.25,1197.8572998046875
1784708022.505443,Fixation,29.131921768188477,95.001,443.7528991699219
1784708022.570566,Saccade,7.938371181488037,65.123,1341.8333740234375
1784708022.815821,Fixation,21.099279403686523,245.25,402.4559631347656
1784708023.176077,Saccade,27.11768913269043,360.251,1308.2476806640625
1784708023.356321,Fixation,11.69809341430664,180.249,485.443359375
1784708023.376321,Saccade,16.508129119873047,20.0,1216.3861083984375
1784708023.496144,Fixation,11.165116310119629,120.132,514.2781982421875
1784708023.676266,Saccade,7.368513584136963,180.119,1198.4989013671875
1784708023.821388,Fixation,17.75889778137207,145.124,488.52691650390625
1784708023.911522,Saccade,19.753498077392578,90.131,1218.6390380859375
1784708024.096633,Fixation,26.190773010253906,185.119,384.9444274902344
1784708024.326888,Saccade,10.204522132873535,230.25,1171.3466796875
1784708024.411888,Fixation,29.72163963317871,85.0,542.9695434570312
1784708024.492011,Saccade,21.972904205322266,80.125,1098.251220703125
1784708024.627133,Fixation,12.423768997192383,135.125,394.5208435058594
1784708025.407888,Saccade,9.913944244384766,780.75,1276.7342529296875
1784708025.643022,Fixation,17.036243438720703,235.136,413.3114013671875
1784708025.783266,Saccade,21.34496307373047,140.24,1146.9254150390625
1784708025.893255,Fixation,34.9351806640625,109.999,433.6598205566406
1784708025.998388,Saccade,46.5929069519043,105.125,1316.53955078125
1784708026.14851,Fixation,39.141544342041016,150.125,417.97314453125
1784708026.178633,Saccade,19.596338272094727,30.125,1100.9835205078125
1784708026.413766,Fixation,4.218260288238525,235.129,522.2379150390625
1784708026.5392,Saccade,9.443880081176758,125.121,1155.6947021484375
1784708026.654322,Fixation,22.96027183532715,115.125,490.6031494140625
1784708026.699322,Saccade,20.4671688079834,45.0,1147.18896484375
1784708026.819444,Fixation,2.0379555225372314,120.125,416.37994384765625
1784708026.864567,Saccade,9.563173294067383,45.125,1270.36083984375
1784708026.9997,Fixation,6.145030975341797,135.125,477.0794982910156
1784708027.184822,Saccade,24.309532165527344,185.125,1375.4921875
1784708027.309944,Fixation,19.48331642150879,125.125,512.8613891601562
1784708027.389944,Saccade,13.721948623657227,80.0,1184.21435546875
1784708027.5402,Fixation,10.059464454650879,150.25,484.4644470214844
1784708027.545211,Saccade,14.552543640136719,5.011,1116.1669921875
1784708027.685322,Fixation,22.559307098388672,140.114,456.8330383300781
1784708027.745322,Saccade,12.296937942504883,60.004,1099.521728515625
1784708027.905444,Fixation,10.328943252563477,160.123,482.9520568847656
1784708028.1307,Saccade,13.986008644104004,225.248,1234.242919921875
1784708028.255822,Fixation,18.428829193115234,125.125,405.1007385253906
1784708028.330822,Saccade,14.494063377380371,75.0,1164.848388671875
1784708028.435944,Fixation,10.832267761230469,105.124,478.7991027832031
1784708028.501067,Saccade,18.30648422241211,65.126,1178.341796875
1784708028.626211,Fixation,13.554509162902832,125.135,468.2216491699219
1784708028.6412,Saccade,21.250337600708008,14.99,1205.59375
1784708028.816322,Fixation,2.6895828247070312,175.124,454.16717529296875
1784708029.111567,Saccade,14.460908889770508,295.25,1402.4119873046875
1784708029.2217,Fixation,14.909435272216797,110.125,392.6006774902344
1784708029.396822,Saccade,22.372478485107422,175.125,1205.159912109375
1784708029.496944,Fixation,28.82969093322754,100.125,500.11224365234375
1784708029.702435,Saccade,6.671555042266846,205.25,1125.343505859375
1784708029.892557,Fixation,20.701351165771484,190.129,459.9375305175781
1784708030.012679,Saccade,33.63904571533203,120.121,1108.747314453125
1784708030.097679,Fixation,10.139143943786621,85.0,434.46405029296875
1784708030.157813,Saccade,17.004959106445312,60.13,1207.219482421875
1784708030.367946,Fixation,13.077348709106445,210.132,429.5586853027344
1784708030.388057,Saccade,11.024649620056152,20.119,1087.1253662109375
1784708030.553179,Fixation,3.7325048446655273,165.119,542.7636108398438
1784708030.608179,Saccade,9.747652053833008,55.0,1338.9554443359375
1784708030.778301,Fixation,9.142943382263184,170.125,461.4282531738281
1784708031.033557,Saccade,8.803125381469727,255.25,1244.964599609375
1784708031.288801,Fixation,7.485241889953613,255.25,438.1749267578125
1784708031.489057,Saccade,12.168458938598633,200.25,1104.38671875
1784708031.609179,Fixation,9.641905784606934,120.125,546.9913330078125
1784708031.689179,Saccade,5.213796138763428,80.0,1058.9473876953125
1784708032.259679,Fixation,6.727000713348389,570.5,427.4584655761719
1784708032.379802,Saccade,19.105083465576172,120.125,1192.94482421875
1784708032.499935,Fixation,18.096263885498047,120.125,552.7444458007812
1784708032.705209,Saccade,16.519468307495117,205.25,1179.86962890625
1784708032.810209,Fixation,16.652141571044922,105.0,541.9752807617188
1784708032.830331,Saccade,15.700263977050781,20.125,1196.1728515625
1784708032.905331,Fixation,9.36754322052002,75.0,397.1458435058594
1784708032.980464,Saccade,16.59014892578125,75.125,1162.9747314453125
1784708033.060465,Fixation,15.571676254272461,80.007,554.4810180664062
1784708033.120587,Saccade,4.498213768005371,60.122,1394.69677734375
1784708033.265709,Fixation,24.07196044921875,145.12,424.31689453125
1784708033.280709,Saccade,9.302323341369629,15.001,1029.806884765625
1784708033.435831,Fixation,18.719133377075195,155.124,517.8379516601562
1784708033.600965,Saccade,19.26785659790039,165.135,1280.736328125
1784708033.866209,Fixation,17.104976654052734,265.24,470.6129455566406
1784708033.921331,Saccade,8.186050415039062,55.125,1164.8251953125
1784708034.256587,Fixation,18.921789169311523,335.25,502.86053466796875
1784708034.276587,Saccade,17.384803771972656,20.001,1248.7911376953125
1784708034.371709,Fixation,13.314789772033691,95.124,505.6669006347656
1784708034.707087,Saccade,9.632349014282227,335.375,1219.6002197265625
1784708034.862209,Fixation,26.807193756103516,155.125,525.9992065429688
1784708035.082331,Saccade,18.620420455932617,220.125,1299.04736328125
1784708035.397709,Fixation,2.3699867725372314,315.375,470.04278564453125
1784708035.477709,Saccade,16.16469383239746,80.0,1223.4031982421875
1784708035.557831,Fixation,24.655073165893555,80.125,508.451904296875
1784708035.667295,Saccade,24.851699829101562,110.125,1248.62890625
1784708035.787295,Fixation,8.077871322631836,120.0,397.19635009765625
1784708036.237795,Saccade,0.8751900792121887,450.502,1222.3609619140625
1784708036.337917,Fixation,15.745430946350098,100.123,503.2809143066406
1784708036.548039,Saccade,10.3454008102417,210.128,1354.028076171875
1784708036.728162,Fixation,17.05657958984375,180.122,507.5691833496094
1784708036.828295,Saccade,22.1756534576416,100.125,1441.3431396484375
1784708036.958417,Fixation,11.46603012084961,130.125,405.626953125
1784708036.988417,Saccade,17.858003616333008,30.0,1246.6295166015625
1784708037.108539,Fixation,10.646978378295898,120.125,443.55255126953125
1784708037.143673,Saccade,19.707067489624023,35.137,1309.521728515625
1784708037.363795,Fixation,5.096760272979736,220.113,516.262939453125
1784708037.388795,Saccade,2.0533196926116943,25.0,1130.38232421875
1784708037.493917,Fixation,9.920257568359375,105.125,546.0321044921875
1784708037.689039,Saccade,20.71471405029297,195.13,1137.8228759765625
1784708037.934295,Fixation,21.409320831298828,245.245,453.58624267578125
1784708038.019417,Saccade,11.701501846313477,85.125,1064.71142578125
1784708038.149539,Fixation,22.169063568115234,130.125,375.47772216796875
1784708038.244662,Saccade,7.607008457183838,95.125,1097.63427734375
1784708038.324661,Fixation,7.017720699310303,80.0,433.85589599609375
1784708038.344661,Saccade,1.2150781154632568,20.0,1320.1036376953125
1784708038.424795,Fixation,17.47348403930664,80.125,495.0378112792969
1784708038.740484,Saccade,18.082639694213867,315.25,1300.2296142578125
1784708038.950739,Fixation,7.256882667541504,210.25,429.9479064941406
1784708038.965751,Saccade,3.6873080730438232,15.011,1124.6949462890625
1784708039.270984,Fixation,15.959824562072754,305.239,463.4422302246094
1784708039.646373,Saccade,19.276371002197266,375.387,1283.2177734375
1784708039.721484,Fixation,28.59237289428711,75.113,511.6859130859375
1784708039.786484,Saccade,13.442075729370117,65.0,1157.027587890625
1784708039.916606,Fixation,17.807926177978516,130.125,463.2497253417969
1784708039.981606,Saccade,27.7092342376709,65.0,1239.745849609375
1784708040.05674,Fixation,10.766692161560059,75.125,519.0787963867188
1784708040.442117,Saccade,24.393341064453125,385.379,1182.4232177734375
1784708040.522106,Fixation,22.561594009399414,79.996,441.504150390625
1784708040.832484,Saccade,13.763230323791504,310.375,1292.5220947265625
1784708040.962606,Fixation,24.503480911254883,130.125,511.28118896484375
1784708041.052617,Saccade,13.243387222290039,90.011,1330.5982666015625
1784708041.252862,Fixation,17.90020179748535,200.239,419.1597595214844
1784708041.292862,Saccade,27.233022689819336,40.0,1417.1878662109375
1784708041.372984,Fixation,31.620914459228516,80.125,509.0940856933594
1784708042.06819,Saccade,7.7767534255981445,695.625,1340.3009033203125
1784708042.158324,Fixation,14.184834480285645,90.125,434.06561279296875
1784708042.493568,Saccade,22.694927215576172,335.25,1269.7374267578125
1784708042.603701,Fixation,8.918120384216309,110.138,435.5715026855469
1784708042.753824,Saccade,23.729339599609375,150.112,1046.5462646484375
