timestamp,button_id,state,in_frame,surface_angle_deg,center_x,center_y,apparent_area
1785512757.652261,LeftHybrid,inactive,True,11.523702423229114,353.6772195111553,362.36083444342654,3538.5680518907393
1785512757.652261,RightHybrid,inactive,True,19.37853397235246,476.62266541153633,346.85926172379897,3158.8256614160346
1785512757.652261,DownHybrid,inactive,True,20.57166042679689,422.1355176526377,414.13925336183246,3227.87032310215
1785512757.652261,UpHybrid,inactive,True,8.783238659566162,410.2618221449175,293.36182634895124,3595.0185329045125
1785512757.652261,Close,inactive,True,23.42853860005854,476.0280191315355,401.26499367579356,2741.6318864692294
1785512757.652261,Open,inactive,True,18.542653390220245,364.8796185960666,417.06648345665053,3037.5866436668366
1785512757.652261,CloserHybrid,inactive,True,16.145411723221862,469.05797312265355,293.3527525371249,3013.7737113968396
1785512757.652261,FartherHybrid,inactive,True,4.355064533778344,350.59920637277236,306.3479002871243,3368.127005094073
1785512758.155401,LeftHybrid,inactive,True,11.910014895717357,353.7365604666621,363.23748898143134,3528.100072942878
1785512758.155401,RightHybrid,inactive,True,19.606481461786828,476.49903970664,347.2462854741222,3148.089107508218
1785512758.155401,DownHybrid,inactive,True,20.90826303957465,422.2725231541206,414.571608402185,3210.1558667942445
1785512758.155401,UpHybrid,hovered,True,8.965184965953885,410.0535992435761,294.09674081216104,3592.3485266739444
1785512758.155401,Close,inactive,True,23.706620974637985,476.027926569824,401.50490133025517,2726.574561829737
1785512758.155401,Open,inactive,True,18.90712917084769,365.12525394798365,417.7402092660444,3021.8798881813927
1785512758.155401,CloserHybrid,inactive,True,16.268519474266274,468.82061728638155,293.84642745160767,3010.1742240375534
1785512758.155401,FartherHybrid,inactive,True,4.7535123013902565,350.4497935339165,307.3172642911391,3365.931096443972
1785512758.6523693,LeftHybrid,inactive,True,12.899866038860933,353.45645571335336,363.28292251859995,3537.1329884767765
1785512758.6523693,RightHybrid,inactive,True,20.2531229832106,476.56367306626515,347.1928693823603,3152.79440578715
1785512758.6523693,DownHybrid,inactive,True,21.814677783857537,422.02842373667113,414.39359968571785,3193.1565644933
1785512758.6523693,UpHybrid,active,True,9.479704470103396,410.0850779122766,293.97417288837494,3627.3324019256834
1785512758.6523693,Close,inactive,True,24.484765464867447,475.82771077583226,401.32114523486536,2712.304121706111
1785512758.6523693,Open,inactive,True,19.876948207963302,364.851007559722,417.6208899011288,3008.0600162367264
1785512758.6523693,CloserHybrid,inactive,True,16.65981138878972,469.11675070303306,293.70112131243843,3035.4025552556486
1785512758.6523693,FartherHybrid,inactive,True,5.7323872750602405,350.1566298853803,307.2751379848643,3398.848470762452
1785512759.1560826,LeftHybrid,inactive,True,12.662147119453076,353.54901028597874,363.2353055090011,3558.745063628885
1785512759.1560826,RightHybrid,inactive,True,20.64264984398533,476.4933978028134,346.91902454959717,3137.900460663266
1785512759.1560826,DownHybrid,inactive,True,21.856127604980088,422.14968454640183,414.3546016879729,3200.6981733267166
1785512759.1560826,UpHybrid,active,True,9.984120392932203,410.20540308549533,293.72662866357086,3622.343226364137
1785512759.1560826,Close,inactive,True,24.711030714698577,475.80926616121167,401.09186024042975,2705.387743774423
1785512759.1560826,Open,inactive,True,19.68224650624686,364.9372837120549,417.77909203434785,3030.11350570224
1785512759.1560826,CloserHybrid,inactive,True,17.237289131612695,469.03568325769675,293.45808106604613,3016.1390461012197
1785512759.1560826,FartherHybrid,inactive,True,5.545923573397832,350.28013002970454,307.0548083151113,3413.0601540895877
1785512759.6523285,LeftHybrid,inactive,True,13.176364654755048,354.01932407043336,362.87255009671975,3565.5905436159155
1785512759.6523285,RightHybrid,inactive,True,20.871186013904513,477.2773165645174,346.2498541070843,3151.691980129195
1785512759.6523285,DownHybrid,inactive,True,22.27829808430932,422.82544328046936,413.77299186503217,3197.3267901559448
1785512759.6523285,UpHybrid,active,True,10.117737261278284,410.72066645608555,293.10807829470355,3650.0580672825818
1785512759.6523285,Close,inactive,True,25.037533430177728,476.5715972066977,400.41509679424047,2706.3254645080597
1785512759.6523285,Open,inactive,True,20.186894020161308,365.55465451804173,417.31452262578705,3023.744587276582
1785512759.6523285,CloserHybrid,inactive,True,17.311160359205633,469.80366448010506,292.6838942960651,3041.266260899167
1785512759.6523285,FartherHybrid,inactive,True,6.0249325989106595,350.5957933818647,306.634001360155,3433.9466736833347
1785512760.1523876,LeftHybrid,inactive,True,11.434650233590979,350.87612249227084,355.1106637061106,3640.3676789096207
1785512760.1523876,RightHybrid,inactive,True,19.17192158307361,475.56975436157984,338.2627619544113,3253.9583828124887
1785512760.1523876,DownHybrid,inactive,True,20.475692033532553,420.88947608709447,406.8644826358749,3304.5585656943585
1785512760.1523876,UpHybrid,active,True,8.39625023911618,407.6196324013967,284.5110885140381,3721.274470356795
1785512760.1523876,Close,inactive,True,23.315591795937095,475.40409955969955,393.3638561895739,2808.6301954059163
1785512760.1523876,Open,inactive,True,18.54170053031483,362.89541431103663,410.3585838365449,3107.6919666346075
1785512760.1523876,CloserHybrid,inactive,True,15.90273001486212,467.44065822193767,283.9809047876821,3119.3507795502737
1785512760.1523876,FartherHybrid,inactive,True,4.136360468322619,347.07772712826454,298.2857589721796,3482.122439554725
1785512760.6522832,LeftHybrid,inactive,True,10.024189274841168,349.6028247290894,344.2235221604455,3698.8727789381446
1785512760.6522832,RightHybrid,inactive,True,18.394243158411804,475.1902048932026,327.9005291405204,3309.156310656879
1785512760.6522832,DownHybrid,hovered,True,19.261588082775916,420.0372857292448,396.90471872197276,3368.7860213248787
1785512760.6522832,UpHybrid,hovered,True,7.862166000561436,406.82543098297083,273.30771064659655,3770.0216726827493
1785512760.6522832,Close,inactive,True,22.338660248433367,474.99287548317824,383.5801408520584,2863.030898595156
1785512760.6522832,Open,inactive,True,17.230472928292738,361.6027640582288,400.11917629228003,3165.7178908164715
1785512760.6522832,CloserHybrid,inactive,True,15.556738006984295,467.0314165958726,273.1078127325304,3162.657250618053
1785512760.6522832,FartherHybrid,inactive,True,2.6618030835786164,345.90167390552455,286.89487032090426,3526.595573090999
1785512761.1523206,LeftHybrid,inactive,True,9.132775976100316,349.1334196651676,338.55433366312513,3795.907380425546
1785512761.1523206,RightHybrid,inactive,True,18.790210976622447,475.62715751596375,322.0716884454017,3347.767940143276
1785512761.1523206,DownHybrid,active,True,18.9512912775377,420.2412467612682,391.88314375349285,3439.525231636784
1785512761.1523206,UpHybrid,inactive,True,8.621688735782232,406.90197078457265,266.84803857236255,3831.178920892882
1785512761.1523206,Close,inactive,True,22.41476660338027,475.48864770659054,378.3158103519878,2903.733361425053
1785512761.1523206,Open,inactive,True,16.499515265001843,361.2465938316368,395.26482310924507,3252.8219960003917
1785512761.1523206,CloserHybrid,inactive,True,16.374320799207993,467.38511441241405,266.8062100252379,3192.7239166169747
1785512761.1523206,FartherHybrid,inactive,True,1.7671788333954568,345.4299487323842,280.4658937836874,3609.5790474825117
1785512761.6528513,LeftHybrid,inactive,True,9.658340347274313,348.7735125396463,338.59392242490253,3769.467710809993
1785512761.6528513,RightHybrid,inactive,True,18.212610078777924,475.5157435280807,321.9312970326732,3373.9266277721836
1785512761.6528513,DownHybrid,active,True,18.975718026871135,420.006237488773,391.6552829055357,3428.3543487414718
1785512761.6528513,UpHybrid,inactive,True,7.704562652956487,406.347455971729,266.8575964142353,3848.776104102755
1785512761.6528513,Close,inactive,True,22.12803439487886,475.4228731216199,378.14261575937616,2914.076494368841
1785512761.6528513,Open,inactive,True,16.93571530550508,361.0643908721965,394.98757036034,3220.5405550474243
1785512761.6528513,CloserHybrid,inactive,True,15.4917898482268,467.1648027284283,266.58206829673054,3228.728795640687
1785512761.6528513,FartherHybrid,inactive,True,2.236681838753868,344.8519432993977,280.69330785869624,3598.611494477198
1785512762.152327,LeftHybrid,inactive,True,8.103819394919068,348.47209596709354,337.7714144827609,3751.500830380777
1785512762.152327,RightHybrid,inactive,True,16.879019782262084,475.0685292719895,321.53366228074816,3389.364518798393
1785512762.152327,DownHybrid,active,True,17.279158420715753,419.70290475959024,391.372903578626,3469.6143253055634
1785512762.152327,UpHybrid,inactive,True,6.944674527527494,405.7590753740241,266.4376315630276,3801.1729532534737
1785512762.152327,Close,inactive,True,20.57752253868822,475.316157719905,378.03489205534936,2958.6878132095007
1785512762.152327,Open,inactive,True,15.337200153914834,360.67501335441705,394.41164342206383,3243.8088273540343
1785512762.152327,CloserHybrid,inactive,True,14.677583147442968,466.39209723677254,266.2519644999828,3207.2274964362223
1785512762.152327,FartherHybrid,inactive,True,1.194001742287961,344.66547414351857,280.07476346592836,3540.357677685257
1785512762.6528075,LeftHybrid,inactive,True,9.883369160068975,349.5293286737019,341.1104424861726,3730.778692932421
1785512762.6528075,RightHybrid,inactive,True,18.328885359255576,475.7253873616164,325.1066752372706,3340.2980673219645
1785512762.6528075,DownHybrid,hovered,True,19.15731496730596,420.1283811916591,394.2279037419981,3395.319567835337
1785512762.6528075,UpHybrid,inactive,True,7.796403018149979,407.18705793947953,270.0241860412738,3808.2339097552176
1785512762.6528075,Close,inactive,True,22.26523449159252,475.35251425886116,381.03170892858776,2886.5900820136303
1785512762.6528075,Open,inactive,True,17.12303466723728,361.45249464444487,397.2698540587967,3189.3001649392972
1785512762.6528075,CloserHybrid,inactive,True,15.53534320951691,467.693559510899,270.01332972199725,3195.44193817045
1785512762.6528075,FartherHybrid,inactive,True,2.4902489159415264,345.93909571602956,283.50302181449877,3560.5163604763075
1785512763.1523347,LeftHybrid,inactive,True,9.0821224297427,350.23082363088326,341.85221164218996,3735.283253635622
1785512763.1523347,RightHybrid,inactive,True,18.271976146574577,476.1471519458098,326.10904034851256,3325.826408263114
1785512763.1523347,DownHybrid,active,True,18.633696985199165,420.6973071458014,395.28254708934986,3412.0450962918403
1785512763.1523347,UpHybrid,inactive,True,8.084245121459505,407.8773512800019,270.97145710500143,3776.2586254102644
1785512763.1523347,Close,inactive,True,21.97180026760021,475.8571113795391,382.1195890738195,2892.364910077493
1785512763.1523347,Open,inactive,True,16.372250495110233,361.99539838615556,398.2487225275639,3212.5728814574613
1785512763.1523347,CloserHybrid,inactive,True,15.804566090975317,468.0783116615518,271.12464531365964,3162.482451908123
1785512763.1523347,FartherHybrid,inactive,True,1.6865781933349762,346.8239653946728,284.2435373929399,3541.9192662598216
1785512763.6523798,LeftHybrid,inactive,True,7.968327507576687,350.10369742977156,341.9637712781114,3719.6990314976065
1785512763.6523798,RightHybrid,inactive,True,17.902738636797462,475.48981598004724,326.6256729711715,3302.0687444884315
1785512763.6523798,DownHybrid,active,True,17.739618152210422,420.31402681935776,395.69573348188635,3422.0788328587078
1785512763.6523798,UpHybrid,inactive,True,8.222407344738052,407.5645345587693,271.5391291075046,3721.336124630274
1785512763.6523798,Close,inactive,True,21.320511786625925,475.3514045622435,382.648429291385,2895.1810554135154
1785512763.6523798,Open,inactive,True,15.28313599850331,361.68359758557955,398.5056043888666,3225.707798632051
1785512763.6523798,CloserHybrid,inactive,True,15.851802542109523,467.3342938700198,271.8792472945486,3115.102908155204
1785512763.6523798,FartherHybrid,inactive,True,0.6696324677704752,346.8938277797066,284.5313395473609,3497.602966264327
1785512764.1522617,LeftHybrid,inactive,True,8.727374231346708,350.4525537351118,343.16877907225125,3706.3964948540015
1785512764.1522617,RightHybrid,inactive,True,17.94916584749117,475.9909596235808,328.10749262508756,3308.8260868581856
1785512764.1522617,DownHybrid,active,True,18.234361142847117,420.4629498645635,396.8759921384419,3403.680352665513
1785512764.1522617,UpHybrid,inactive,True,7.90197071881685,408.138647446055,272.8798996968885,3736.9365252692296
1785512764.1522617,Close,inactive,True,21.594652963914665,475.5681753729471,384.023826798089,2887.9577131185943
1785512764.1522617,Open,inactive,True,15.991608462487571,361.90009507324737,399.5087749683716,3200.5229934305025
1785512764.1522617,CloserHybrid,inactive,True,15.588117949724039,468.08305907190345,273.29624448868555,3134.913048836366
1785512764.1522617,FartherHybrid,inactive,True,1.3584522145007418,347.34761160288383,285.79859436253025,3501.449907549817
1785512764.6527457,LeftHybrid,inactive,True,11.644142281871595,351.9593081948887,350.704381362414,3646.0413688141707
1785512764.6527457,RightHybrid,inactive,True,20.017778602106524,476.55633236872245,335.71592315245346,3222.493669005795
1785512764.6527457,DownHybrid,hovered,True,21.009002003663912,420.91725622853727,403.3354876048667,3278.318192231847
1785512764.6527457,UpHybrid,inactive,True,9.352982980670726,409.8987553286863,280.93428842335703,3719.6045386018086
1785512764.6527457,Close,inactive,True,24.014702608397926,475.3396092068706,390.610441312312,2773.3759045561164
1785512764.6527457,Open,inactive,True,18.791689114928303,363.03103591287635,406.07966607202536,3099.3081241991604
1785512764.6527457,CloserHybrid,inactive,True,16.841749840619677,469.50651824916065,281.40844276854784,3100.084503119848
1785512764.6527457,FartherHybrid,inactive,True,4.400625594613017,349.1160216154267,293.74119221111494,3499.7014214319643
1785512765.1523042,LeftHybrid,hovered,True,11.123187927892364,353.3002365613135,355.436492615234,3560.59714074542
1785512765.1523042,RightHybrid,inactive,True,18.349639718055958,477.32369399520326,340.5561622677765,3230.6966416375944
1785512765.1523042,DownHybrid,inactive,True,19.845059949873047,422.0978208645628,407.9102631969086,3270.098744300689
1785512765.1523042,UpHybrid,inactive,True,7.605986821949919,410.30685246244843,286.3311803426633,3652.427021893709
1785512765.1523042,Close,inactive,True,22.555018936495344,476.5876488728079,395.3983408977303,2797.4999765193206
1785512765.1523042,Open,inactive,True,18.127147535777464,364.50131377344644,410.37948918263703,3053.7499569236534
1785512765.1523042,CloserHybrid,inactive,True,15.069380029614305,469.7771658851423,286.52671521454783,3085.339701184428
1785512765.1523042,FartherHybrid,inactive,True,3.937191713193347,350.2503726651684,299.1991310465715,3393.6085822094465
1785512765.6523216,LeftHybrid,active,True,12.030631064786657,353.394703240652,355.687031325663,3577.798677960527
1785512765.6523216,RightHybrid,inactive,True,20.09177053361811,476.8309518776206,339.66911486824284,3170.951608486881
1785512765.6523216,DownHybrid,inactive,True,21.239923342843735,422.2085206738957,407.20201210882925,3223.9375087912777
1785512765.6523216,UpHybrid,inactive,True,9.432533865189251,410.22906265252067,286.04899704410406,3652.9451223060314
1785512765.6523216,Close,inactive,True,24.140109674778255,476.111815342692,394.09341254601156,2731.004299821667
1785512765.6523216,Open,inactive,True,19.09590720921242,364.82601553629183,410.432598206358,3044.410640709888
1785512765.6523216,CloserHybrid,inactive,True,16.797222029659913,469.3553426990927,285.92069279445184,3049.008293984516
1785512765.6523216,FartherHybrid,inactive,True,4.8494054359558785,350.10135597719676,299.31359826091506,3432.784898763457
1785512766.152759,LeftHybrid,hovered,True,10.715753430403796,350.0896662402917,357.80378077866925,3498.132130891987
1785512766.152759,RightHybrid,inactive,True,16.32183113279173,473.7612579233399,342.3957213701293,3254.066191524529
1785512766.152759,DownHybrid,inactive,True,18.491206162077912,419.1826865530223,409.927155552302,3277.178335320248
1785512766.152759,UpHybrid,inactive,True,5.457155345271636,405.9678978833396,288.86912813962095,3607.4210528023395
1785512766.152759,Close,inactive,True,20.8035366083912,473.7849452846837,397.32384755838723,2833.214180040406
1785512766.152759,Open,inactive,True,17.44215063220145,361.75433196036,412.4288648397261,3024.9715154534424
1785512766.152759,CloserHybrid,inactive,True,12.936739234270487,465.4428362002902,288.53113766553787,3086.4427466536
1785512766.152759,FartherHybrid,inactive,True,4.180024372463559,346.53365518962687,302.11025095315597,3312.210988276325
1785512766.6523395,LeftHybrid,hovered,True,11.81150186687466,346.38472517647864,358.43470290816083,3543.2219043890364
1785512766.6523395,RightHybrid,hovered,True,18.382313420280994,470.06589483360614,342.5840075526693,3204.9456388075196
1785512766.6523395,DownHybrid,inactive,True,20.26081250036017,415.46016928864685,410.01942846250927,3238.0832691359537
1785512766.6523395,UpHybrid,inactive,True,7.5047256282389325,402.822525725396,289.10126270685794,3642.0559533792184
1785512766.6523395,Close,inactive,True,22.762506531024783,469.6780041136267,397.09440887363917,2766.5453994018026
1785512766.6523395,Open,inactive,True,18.733153117450733,358.0283140404795,412.9990024679713,3029.413732921632
1785512766.6523395,CloserHybrid,inactive,True,14.8286505673805,462.2197667365964,288.83899797609973,3071.066916696589
1785512766.6523395,FartherHybrid,inactive,True,4.69788468099329,342.8831065770455,302.3957667016075,3388.2930238454355
1785512767.1524925,LeftHybrid,inactive,True,10.673630121006209,344.6849750758516,358.3816066467716,3534.59907031287
1785512767.1524925,RightHybrid,active,True,17.136698139858115,468.21280561791144,342.32200805800716,3219.445939180674
1785512767.1524925,DownHybrid,inactive,True,18.92092544604929,414.01297640525013,410.12234634803843,3270.9193313622673
1785512767.1524925,UpHybrid,inactive,True,6.380346374886495,400.60865139548497,289.05019293201576,3612.0692665632887
1785512767.1524925,Close,inactive,True,21.45181237548686,468.3271237563302,397.08900394775605,2801.250027971313
1785512767.1524925,Open,inactive,True,17.54217155331936,356.5200713892259,413.12837551117013,3049.433988976183
1785512767.1524925,CloserHybrid,inactive,True,13.863565456570473,459.88189535365507,288.6142878039133,3058.9398860242145
1785512767.1524925,FartherHybrid,inactive,True,3.778406658832497,341.0125862494155,302.4525399795672,3350.7551113444642
1785512767.6523693,LeftHybrid,inactive,True,11.831517564644457,348.34145810804637,359.2237513126087,3574.508457766031
1785512767.6523693,RightHybrid,active,True,18.471310751356853,472.58195471749633,343.1374694669576,3237.557152659778
1785512767.6523693,DownHybrid,inactive,True,20.33340115895762,417.791165451875,410.97778660348047,3269.5088217304437
1785512767.6523693,UpHybrid,inactive,True,7.553803840676924,404.9397810987933,289.4875429062177,3676.145718273503
1785512767.6523693,Close,inactive,True,22.856721229090777,472.26142261258656,397.92878282570445,2795.051304739507
1785512767.6523693,Open,inactive,True,18.787090428303706,360.09894846616527,414.02724577984804,3056.594146565818
1785512767.6523693,CloserHybrid,inactive,True,14.918776494997042,464.61956652674513,289.13143087500606,3101.5587335208547
1785512767.6523693,FartherHybrid,inactive,True,4.67965658461188,344.7538455608741,302.93379011192394,3417.5764735957127
1785512768.152264,LeftHybrid,inactive,True,11.76747417622773,361.390564848164,354.26419109545793,3522.3332540152696
1785512768.152264,RightHybrid,active,True,19.43164929844496,484.6411233346337,339.0974947481309,3186.4772062758857
1785512768.152264,DownHybrid,inactive,True,20.752813549018367,429.71294683475935,406.10816511463787,3213.287392429309
1785512768.152264,UpHybrid,inactive,True,8.754983076534359,418.11100490147436,285.29613018951125,3626.863480490312
1785512768.152264,Close,inactive,True,23.549960091237935,483.76385398552134,393.52910551056215,2747.1325505034474
1785512768.152264,Open,inactive,True,18.78614731463109,372.5424754983976,408.7583223536063,3005.071675412284
1785512768.152264,CloserHybrid,inactive,True,16.105704420414686,477.26368447923676,285.3427505764796,3057.9495499603872
1785512768.152264,FartherHybrid,inactive,True,4.575556372425502,358.29525484220187,298.28504687647813,3374.430820903479
1785512768.652317,LeftHybrid,hovered,True,11.46149952998597,373.59341465193734,352.50092152120146,3563.562645304708
1785512768.652317,RightHybrid,hovered,True,20.968082671110384,496.61731331668665,337.8774038329543,3166.735065457673
1785512768.652317,DownHybrid,inactive,True,21.274340085427564,441.42777158822787,405.0124636384918,3231.826345893118
1785512768.652317,UpHybrid,inactive,True,10.71161561337596,430.9223046578172,283.4980330811543,3622.468742902289
1785512768.652317,Close,inactive,True,24.60298328130704,495.3293604518836,392.5218101022807,2741.7871604129614
1785512768.652317,Open,inactive,True,18.556709141405364,384.2037508290286,407.5344051760362,3046.407285098423
1785512768.652317,CloserHybrid,inactive,True,18.12642123692294,489.67920286466403,283.9922610205283,3029.5353729782146
1785512768.652317,FartherHybrid,inactive,True,4.694843905500067,371.0436265809282,296.11004895706526,3402.156023909578
1785512769.1523113,LeftHybrid,active,True,10.420169404912837,374.4984906426647,352.118725800495,3537.3813475615825
1785512769.1523113,RightHybrid,inactive,True,19.97994749379579,497.3636115456462,338.0819563928376,3176.044598486682
1785512769.1523113,DownHybrid,inactive,True,20.180253139196083,442.1803837450657,405.0463091129242,3247.900362051616
1785512769.1523113,UpHybrid,inactive,True,9.876375234204845,431.63432263227276,283.60268822264595,3588.3399112356637
1785512769.1523113,Close,inactive,True,23.551166164027432,496.20918555285596,392.8502519915704,2766.6935342945944
1785512769.1523113,Open,inactive,True,17.53171662900728,384.9821849636227,407.2003397328706,3046.242127208374
1785512769.1523113,CloserHybrid,inactive,True,17.32952822035281,490.28558438126566,284.25376757630414,3018.2517825435425
1785512769.1523113,FartherHybrid,inactive,True,3.598731741650994,372.0646747089255,295.9665527009601,3354.3957287234443
1785512769.6524928,LeftHybrid,active,True,13.748391864292335,368.68829942627616,352.9813103884875,3515.7927742111133
1785512769.6524928,RightHybrid,inactive,True,22.243456525853954,491.1068815430389,337.6991901539627,3102.944604054108
1785512769.6524928,DownHybrid,inactive,True,23.20789925486204,436.07522412423634,404.0955778306451,3125.265648853572
1785512769.6524928,UpHybrid,inactive,True,11.688801664206798,425.9485465279888,284.05246044574136,3624.226283426011
1785512769.6524928,Close,inactive,True,26.18223722030422,489.41494860979674,391.43031810128355,2646.3634140482463
1785512769.6524928,Open,inactive,True,20.73111696819198,379.3815418460915,407.04908106792703,2957.3932851253776
1785512769.6524928,CloserHybrid,inactive,True,18.840093050256705,484.6295709976605,284.25648359098767,3015.586401430359
1785512769.6524928,FartherHybrid,inactive,True,6.851886913675614,365.97980740113275,296.9569234473439,3412.036642502353
1785512770.1523488,LeftHybrid,active,True,11.960653162136337,354.1076981600202,356.5927034327557,3543.1137847579666
1785512770.1523488,RightHybrid,inactive,True,19.237880055202247,477.6327747209049,340.96441312514247,3192.861479356623
1785512770.1523488,DownHybrid,inactive,True,20.78049025102903,422.8455873618162,408.24569190349024,3224.351283377342
1785512770.1523488,UpHybrid,inactive,True,8.458904073151487,410.7790599249446,287.3166854561565,3643.408962376183
1785512770.1523488,Close,inactive,True,23.465846512910687,476.9532610154558,395.4203146088952,2751.316839189705
1785512770.1523488,Open,inactive,True,18.95843182424723,365.51516580254196,411.1477333953354,3021.3671762042577
1785512770.1523488,CloserHybrid,inactive,True,15.789056241798113,470.07011139990374,287.19490038425147,3065.859142469082
1785512770.1523488,FartherHybrid,inactive,True,4.756598188299354,350.80588918827374,300.4986848758487,3395.7723114070686
1785512770.6523664,LeftHybrid,hovered,True,12.86467010286472,338.90074829164075,360.8609577734012,3607.3187078350384
1785512770.6523664,RightHybrid,inactive,True,19.87348423951566,462.88952758228015,343.87860169260335,3179.687255991026
1785512770.6523664,DownHybrid,inactive,True,21.6406669076586,408.4832433778199,411.7585997382762,3228.208164675496
1785512770.6523664,UpHybrid,hovered,True,8.966123707688565,395.6457498707959,290.6817539640933,3689.422680993899
1785512770.6523664,Close,inactive,True,24.22094658091685,462.4763000989445,398.19101374878335,2727.8649413113017
1785512770.6523664,Open,inactive,True,19.859916200495874,350.85314436258824,415.5052295133578,3058.016053259562
1785512770.6523664,CloserHybrid,inactive,True,16.188861877570574,455.1223052390436,290.16413303571,3070.0536792923886
1785512770.6523664,FartherHybrid,inactive,True,5.635792370904037,335.16130101087526,304.37536214867634,3474.930282685338
1785512771.1524272,LeftHybrid,inactive,True,12.079757486287653,336.6523569315807,360.3424882039108,3599.9792480657343
1785512771.1524272,RightHybrid,inactive,True,18.389206259108622,460.9849847173442,343.5000462728795,3223.8555078268837
1785512771.1524272,DownHybrid,inactive,True,20.43904842341292,406.58459921889187,411.61232273052985,3267.41316739771
1785512771.1524272,UpHybrid,active,True,7.404564785898932,393.1007978389588,290.2093726968152,3688.418438375964
1785512771.1524272,Close,inactive,True,22.863688725551782,460.9315604135251,398.1539080296286,2778.8167457608215
1785512771.1524272,Open,inactive,True,19.00150091354253,348.7852341510298,415.1386971254899,3072.0596295403157
1785512771.1524272,CloserHybrid,inactive,True,14.719154672767457,452.81101352992135,289.61630389452444,3094.7104660585683
1785512771.1524272,FartherHybrid,inactive,True,4.968017285037858,332.7519131768539,303.933382860407,3447.674517009873
1785512771.6523328,LeftHybrid,inactive,True,10.913165472554047,337.24970334084605,360.58317221353224,3567.246187564422
1785512771.6523328,RightHybrid,inactive,True,17.876586635990815,460.6615626487117,344.1417295042231,3183.766517391152
1785512771.6523328,DownHybrid,inactive,True,19.45928225904333,406.68679257344814,412.0394663972162,3261.192816109062
1785512771.6523328,UpHybrid,active,True,7.162663968703669,393.3645033498693,291.02347620045987,3614.635399597304
1785512771.6523328,Close,inactive,True,22.105878634362636,460.74346821589376,398.70387964324766,2767.739481450859
1785512771.6523328,Open,inactive,True,17.856490369550595,349.13571592293295,415.4245017564939,3070.2620066643067
1785512771.6523328,CloserHybrid,inactive,True,14.610232348756341,452.4437279695027,290.6063637123287,3031.100667773295
1785512771.6523328,FartherHybrid,inactive,True,3.822128625842167,333.58546910934666,304.45393447720465,3386.681433185462
1785512772.1523762,LeftHybrid,inactive,True,12.077299431716357,336.8397179128081,359.93641464479805,3616.640124014106
1785512772.1523762,RightHybrid,inactive,True,19.388557924241507,460.70130355513004,342.7634757282792,3179.2609927518643
1785512772.1523762,DownHybrid,inactive,True,20.937465765222623,406.6058660008855,410.9215142707539,3247.963143733228
1785512772.1523762,UpHybrid,active,True,8.568007409976941,393.34503096113707,289.6565470361751,3674.54581478388
1785512772.1523762,Close,inactive,True,23.630307448253852,460.5719632252378,397.21262904824187,2740.073248081506
1785512772.1523762,Open,inactive,True,19.100171853023333,348.9168513592067,414.78033349554346,3080.263996146714
1785512772.1523762,CloserHybrid,inactive,True,15.91638998898007,452.6805173164145,289.0797744011232,3055.5098527211667
1785512772.1523762,FartherHybrid,inactive,True,4.844373477740333,333.0049018643765,303.4021338917077,3466.6941307316883
1785512772.6528363,LeftHybrid,inactive,True,11.777529535734953,336.9924034243719,359.8074629120097,3591.5199917670325
1785512772.6528363,RightHybrid,inactive,True,18.95773723810496,460.4979904955279,342.42236261108843,3171.7507759025175
1785512772.6528363,DownHybrid,inactive,True,20.53580702764946,406.75253888852313,410.5814103087152,3240.322909452967
1785512772.6528363,UpHybrid,active,True,8.16623621942264,393.0521405251669,289.628499214131,3648.958851474912
1785512772.6528363,Close,inactive,True,23.202949246454637,460.6155882801396,396.81116238772915,2738.7641806549655
1785512772.6528363,Open,inactive,True,18.77092510626189,349.20689591916044,414.50676488864195,3066.3201509524297
1785512772.6528363,CloserHybrid,inactive,True,15.525193974773492,452.2469296984894,288.88320341326886,3041.828783771525
1785512772.6528363,FartherHybrid,inactive,True,4.576755053212024,332.9944071426869,303.4865817770597,3435.2327832795563
1785512773.1536741,LeftHybrid,inactive,True,11.128498526462824,336.6768757135088,358.96282064457364,3584.0230876862333
1785512773.1536741,RightHybrid,inactive,True,17.39164053773599,460.795694747989,342.23614940551323,3232.222387373695
1785512773.1536741,DownHybrid,inactive,True,19.343935646173737,406.6231179158122,410.4635912793244,3286.9744818304316
1785512773.1536741,UpHybrid,hovered,True,6.499211589862159,392.7778986477351,289.00321641001057,3658.895743007728
1785512773.1536741,Close,inactive,True,21.80340154452502,461.02643737820216,397.06152656578166,2802.7413087268797
1785512773.1536741,Open,inactive,True,18.009101810277766,348.8426686356678,413.86944945736224,3079.589444151119
1785512773.1536741,CloserHybrid,inactive,True,13.957871886988785,452.3488673337568,288.38815871959514,3082.669324128423
1785512773.1536741,FartherHybrid,inactive,True,4.186642687558822,332.7459078577177,302.6888085453258,3409.7179515048992
1785512773.6522963,LeftHybrid,inactive,True,11.99278568643653,336.61250209844934,359.0522282247104,3614.514712845339
1785512773.6522963,RightHybrid,inactive,True,19.195407285342935,460.5454412598155,341.9945068945903,3185.7404047206655
1785512773.6522963,DownHybrid,inactive,True,20.793067664105344,406.3858169173461,410.11850095003615,3250.7343812715553
1785512773.6522963,UpHybrid,inactive,True,8.358983175908644,393.1314146104403,288.8176330418474,3676.8332142791696
1785512773.6522963,Close,inactive,True,23.459955750892135,460.40813135448025,396.4760028925819,2745.521850103236
1785512773.6522963,Open,inactive,True,19.007475670442464,348.68239094177557,413.89952646550023,3079.077594161725
1785512773.6522963,CloserHybrid,inactive,True,15.717098403121836,452.5215783420719,288.2739813562654,3061.3002324670524
1785512773.6522963,FartherHybrid,inactive,True,4.76394795049675,332.78459779154264,302.529310386305,3464.31490332479
1785512774.1522985,LeftHybrid,inactive,True,11.260352944826344,336.87809251190305,358.90733628067113,3578.3230420109467
1785512774.1522985,RightHybrid,inactive,True,17.247995508224683,461.1178503154574,342.5061243636278,3240.9323509228416
1785512774.1522985,DownHybrid,hovered,True,19.345057328144474,406.7235857365413,410.5804110615889,3287.2865877808945
1785512774.1522985,UpHybrid,inactive,True,6.3021880583660295,393.1164829933296,289.0982927427224,3663.00406697156
1785512774.1522985,Close,inactive,True,21.726819963951453,461.223377253707,397.352899987727,2808.4530828812567
1785512774.1522985,Open,inactive,True,18.105389066895086,348.9354355542166,413.7946018763414,3073.799973984984
1785512774.1522985,CloserHybrid,inactive,True,13.738295416544934,452.775054624067,288.59814893391564,3092.284915064847
1785512774.1522985,FartherHybrid,inactive,True,4.385719002745692,333.0497688500369,302.66158358012933,3406.141609180093
1785512774.6558766,LeftHybrid,inactive,True,12.02013379819059,336.6185326108212,359.7927285633441,3613.4414959352944
1785512774.6558766,RightHybrid,inactive,True,19.004053968622753,460.66715116561414,342.5998895803997,3196.845307824682
1785512774.6558766,DownHybrid,active,True,20.715562933535107,406.5288222464103,410.82263558762224,3257.1479352940514
1785512774.6558766,UpHybrid,inactive,True,8.12553917818617,393.04105126796276,289.4813234554286,3681.6933590043845
1785512774.6558766,Close,inactive,True,23.322609100215754,460.6298992598523,397.1393441838006,2755.43389444935
1785512774.6558766,Open,inactive,True,19.016158387881475,348.78484972674204,414.62820862063404,3079.7496220492467
1785512774.6558766,CloserHybrid,inactive,True,15.47537366731821,452.52610762405186,288.8382181086712,3070.964860486085
1785512774.6558766,FartherHybrid,inactive,True,4.805546784992516,332.6932621544987,303.28680322328563,3462.3311412347175
1785512775.152326,LeftHybrid,inactive,True,11.48065836575267,336.12899095893533,359.3013961694134,3600.678809155288
1785512775.152326,RightHybrid,inactive,True,18.203904988076378,460.1814983279745,342.3614235427241,3211.2186267452344
1785512775.152326,DownHybrid,active,True,19.984918757570938,406.04957020631576,410.5844974740621,3272.531124300993
1785512775.152326,UpHybrid,inactive,True,7.335610514032674,392.4012112476501,289.17976509290145,3667.7795915434763
1785512775.152326,Close,inactive,True,22.54608546045511,460.28054623198204,397.03682417571343,2777.35432216787
1785512775.152326,Open,inactive,True,18.435957047277107,348.2842997927396,414.1967692096513,3082.4020866120773
1785512775.152326,CloserHybrid,inactive,True,14.749882868409859,451.8937800197386,288.57501831893774,3072.589944644751
1785512775.152326,FartherHybrid,inactive,True,4.350995442004708,332.2173318360546,302.9009607248024,3436.3322958976423
1785512775.652328,LeftHybrid,inactive,True,10.919599277042547,336.45501744546294,358.9498515733954,3592.411798952897
1785512775.652328,RightHybrid,inactive,True,17.865862478024884,460.2007695016594,341.67583148375644,3204.2907762223476
1785512775.652328,DownHybrid,active,True,19.46892379581727,406.4709713034139,410.09657465218237,3277.8385781810794
1785512775.652328,UpHybrid,inactive,True,7.11122514933426,392.32771959694134,288.7773402376226,3644.8616788256113
1785512775.652328,Close,inactive,True,22.114480892442067,460.6020352801811,396.3843394101818,2781.2545105175377
1785512775.652328,Open,inactive,True,17.881320703088626,348.764225876167,413.86537036004506,3086.7901709627913
1785512775.652328,CloserHybrid,inactive,True,14.591276710984696,451.63947647306173,288.0002984912021,3054.947654496267
1785512775.652328,FartherHybrid,inactive,True,3.8157767136991687,332.3867251143447,302.6374875815034,3415.557865949384
1785512776.152417,LeftHybrid,inactive,True,11.365222685217637,336.6687002415055,358.86911430962647,3608.1695956693
1785512776.152417,RightHybrid,inactive,True,18.490293798865657,460.53181913723637,341.4271999103561,3199.0071002202167
1785512776.152417,DownHybrid,active,True,20.063755023111227,406.72580833575347,409.87298753931447,3269.6833525871625
1785512776.152417,UpHybrid,inactive,True,7.696814404993682,392.72429097864426,288.5002336448403,3663.9952566285137
1785512776.152417,Close,inactive,True,22.73639409187423,460.8026610190336,396.068114872936,2767.736153222606
1785512776.152417,Open,inactive,True,18.365204077543854,348.99276912215646,413.7741002693991,3088.062275528784
1785512776.152417,CloserHybrid,inactive,True,15.134117841522768,452.09818799074304,287.7134451238316,3060.8165956870143
1785512776.152417,FartherHybrid,inactive,True,4.173314301464807,332.58870728773064,302.42254027599375,3442.9787818180776
1785512776.652306,LeftHybrid,inactive,True,11.974569667704971,336.98184681351177,361.2935937910099,3552.641197525205
1785512776.652306,RightHybrid,inactive,True,17.74557274711708,460.934288600149,345.32524250855255,3215.041138889035
1785512776.652306,DownHybrid,active,True,20.024645106055825,406.3664683916158,412.85606742162366,3250.780180906775
1785512776.652306,UpHybrid,inactive,True,6.752563536653844,393.3988150804317,291.9044205378234,3649.0848265455425
1785512776.652306,Close,inactive,True,22.30781450932431,460.70973717499743,399.8581168785361,2777.1574059756385
1785512776.652306,Open,inactive,True,18.7945164513018,348.78626605372443,415.8957665624169,3041.522175525526
1785512776.652306,CloserHybrid,inactive,True,14.014581987120659,452.93768886039635,291.58793604571173,3078.269263113347
1785512776.652306,FartherHybrid,inactive,True,5.036521409255276,333.37094123366563,305.2408187556675,3393.866209278909
1785512777.1522546,LeftHybrid,inactive,True,13.445150468702243,338.7370369131005,369.75514149237176,3466.6650279463574
1785512777.1522546,RightHybrid,inactive,True,18.36381101487598,461.70824116504275,353.9392656222148,3160.3907694997324
1785512777.1522546,DownHybrid,active,True,21.169972456229818,407.3825461033662,420.5756181938442,3171.0260135461867
1785512777.1522546,UpHybrid,inactive,True,7.405491087910473,394.73652569250754,301.16002228011024,3590.9414286165847
1785512777.1522546,Close,inactive,True,23.144429553376384,461.31533228111357,407.7803507951791,2719.2378306212777
1785512777.1522546,Open,inactive,True,20.12154800236465,350.3794827774222,423.5241555365392,2958.13589131146
1785512777.1522546,CloserHybrid,inactive,True,14.160438511843092,453.9217633756555,300.7448299182798,3038.8930180330935
1785512777.1522546,FartherHybrid,inactive,True,6.576380466574457,335.1749291750691,314.41363290903746,3326.8596578822617
1785512777.6522899,LeftHybrid,inactive,True,14.050323234521239,341.2646280242496,379.8514275658538,3354.0144168019615
1785512777.6522899,RightHybrid,inactive,True,18.9339674500233,462.09160599463365,363.55100285173165,3050.3318453989195
1785512777.6522899,DownHybrid,active,True,21.744142429769617,408.9505332511063,429.4277598376666,3072.604032957548
1785512777.6522899,UpHybrid,inactive,True,8.209043874654576,396.1031815435716,312.15583568006366,3461.797317949822
1785512777.6522899,Close,inactive,True,23.666498754849226,461.9504959743416,416.4804994003114,2632.3021903215704
1785512777.6522899,Open,inactive,True,20.630725465093334,352.85178632763996,432.68871559410104,2870.3587479667476
1785512777.6522899,CloserHybrid,inactive,True,14.650902286683946,454.21307718676195,311.3786175252413,2927.5999441290187
1785512777.6522899,FartherHybrid,inactive,True,7.225949453918513,337.6200744627471,325.494592356477,3212.2571588455103
1785512778.1523302,LeftHybrid,inactive,True,16.77217973631438,343.64244132066057,390.89418381129644,3274.0815264934936
1785512778.1523302,RightHybrid,inactive,True,21.475647626410215,463.2741456346925,374.39827377587824,2948.6613744841306
1785512778.1523302,DownHybrid,active,True,24.471541466459385,410.31441198986744,439.07194577448644,2949.3302777860517
1785512778.1523302,UpHybrid,inactive,True,11.05559508447772,398.43647826974416,323.9743511425369,3407.0093145860883
1785512778.1523302,Close,inactive,True,26.242004767034175,462.57467849984823,426.1401852493514,2518.6389247642655
1785512778.1523302,Open,inactive,True,23.244940059006456,354.92107940455986,442.5774362535967,2769.876721833105
1785512778.1523302,CloserHybrid,inactive,True,16.839681563769382,456.04349708161647,323.0645688864408,2864.302862934579
1785512778.1523302,FartherHybrid,inactive,True,9.968434855482966,340.1815833747102,337.28811727276445,3174.7360106271226
1785512778.6523337,LeftHybrid,inactive,True,18.220206943791283,347.79750940836396,403.25775392436594,3105.515245044313
1785512778.6523337,RightHybrid,inactive,True,22.17268730525541,464.9952508601706,387.3225747511772,2829.2879020878463
1785512778.6523337,DownHybrid,active,True,25.501789631712175,412.8645053456589,450.2794431385445,2815.097745581137
1785512778.6523337,UpHybrid,inactive,True,12.19296845884581,401.5099293790242,338.18009224198414,3252.0309943734173
1785512778.6523337,Close,inactive,True,26.99757065075261,464.183063887422,437.8008169946613,2417.2555963878112
1785512778.6523337,Open,inactive,True,24.450766108381234,358.67231216325325,453.5232417890911,2630.9853975473816
1785512778.6523337,CloserHybrid,inactive,True,17.319859247925883,458.01961165091075,337.22468488547185,2750.06293330084
1785512778.6523337,FartherHybrid,inactive,True,11.639043569769855,344.5352142605193,351.1417853835243,3013.769881420638
1785512779.152817,LeftHybrid,inactive,True,21.355807464758772,350.5817902514979,418.87843731776604,2977.569034018976
1785512779.152817,RightHybrid,inactive,True,24.9270420962967,465.9058358158841,402.1871874113099,2698.7932775210793
1785512779.152817,DownHybrid,active,True,28.39726344823969,414.5259183891089,463.74057435180623,2666.1125007424125
1785512779.152817,UpHybrid,inactive,True,15.46421684311453,403.5834958572541,354.91041251199346,3145.752293195401
1785512779.152817,Close,inactive,True,29.698681379621146,464.85408597834794,451.09747395088675,2286.492939185322
1785512779.152817,Open,inactive,True,27.34977579247551,361.32396388537575,467.48182219240977,2500.065292565414
1785512779.152817,CloserHybrid,inactive,True,19.929008039783728,459.30683824604216,353.43184438339546,2651.3096077873633
1785512779.152817,FartherHybrid,inactive,True,14.972672353391612,347.2767646770327,368.0903861373057,2921.371612284427
1785512779.6523283,LeftHybrid,hovered,True,22.762579301117984,354.12098844325385,429.81383835918314,2833.201279084453
1785512779.6523283,RightHybrid,inactive,True,26.237368038767535,466.79482182492364,413.06176020702526,2561.3106888053007
1785512779.6523283,DownHybrid,hovered,True,29.63524493060216,416.4823861266607,473.16570221158054,2533.8013718934963
1785512779.6523283,UpHybrid,inactive,True,17.16111399677484,406.06998939886626,367.364238686674,2991.4036689886125
1785512779.6523283,Close,inactive,True,30.873501268653147,465.6482943773076,460.6257200445097,2171.3390042342508
1785512779.6523283,Open,inactive,True,28.55704600124102,364.4921190567247,477.0586876125777,2379.9145679188514
1785512779.6523283,CloserHybrid,inactive,True,21.31674768937108,460.4842856773948,365.6765049657008,2518.7721627577557
1785512779.6523283,FartherHybrid,inactive,True,16.591884127881254,351.00511516870387,380.4062957788398,2782.5736506861795
1785512780.1522784,LeftHybrid,active,True,23.002441978333902,354.702216829725,429.79719323121765,2829.5811651002223
1785512780.1522784,RightHybrid,inactive,True,26.009773993401716,467.8472999444666,413.122492394241,2590.4584359021974
1785512780.1522784,DownHybrid,inactive,True,29.67352027855427,417.4396531205981,473.19849358795045,2542.7318762898067
1785512780.1522784,UpHybrid,inactive,True,17.01894794132316,406.50682202652416,367.35602706437464,3012.11474220948
1785512780.1522784,Close,inactive,True,30.761299501038316,466.8658137049811,460.76689994618016,2191.3905684348574
1785512780.1522784,Open,inactive,True,28.763336254765033,365.32443461473525,476.9509009375024,2374.538332867509
1785512780.1522784,CloserHybrid,inactive,True,20.94642181683031,461.3041139023416,365.60047979657213,2551.247616054141
1785512780.1522784,FartherHybrid,inactive,True,16.836918430806634,351.32543964767785,380.45199772602035,2783.668522279535
1785512780.653662,LeftHybrid,active,True,23.361653214981644,347.00790129345955,432.980601914691,2845.884444070529
1785512780.653662,RightHybrid,inactive,True,26.439555223161147,460.0070072492596,415.0627461661801,2567.8251190125447
1785512780.653662,DownHybrid,inactive,True,30.05572590404615,410.0869133336458,475.5844444559051,2535.514259648917
1785512780.653662,UpHybrid,inactive,True,17.470700605465147,398.57594589978675,369.99704819510924,3011.251061512092
1785512780.653662,Close,inactive,True,31.159569620092647,459.2871407589052,462.53115785478485,2170.6425557778275
1785512780.653662,Open,inactive,True,29.110204276314466,357.9432011574306,480.04844251453335,2385.197607695198
1785512780.653662,CloserHybrid,inactive,True,21.39816837834428,453.2548176973759,367.76389129400206,2533.0663251194637
1785512780.653662,FartherHybrid,inactive,True,17.207995490319405,343.3412090919975,383.5958313365166,2802.3328467196916
1785512781.1523201,LeftHybrid,active,True,23.585518080808775,334.7560002578686,436.0603166491503,2853.798830654421
1785512781.1523201,RightHybrid,inactive,True,25.807935806088228,448.2237860771591,417.67846533191346,2591.028195726758
1785512781.1523201,DownHybrid,inactive,True,29.886418480841066,398.6058380888718,478.4083798760805,2550.7491723120183
1785512781.1523201,UpHybrid,inactive,True,17.064541428666285,385.8933135752716,372.8799506194016,3028.8564007336245
1785512781.1523201,Close,inactive,True,30.716463282350805,448.0074787150594,465.1651473504297,2188.5689483666647
1785512781.1523201,Open,inactive,True,29.245170376996995,346.2480450403759,483.06313530528337,2394.9059407637687
1785512781.1523201,CloserHybrid,inactive,True,20.540372825461816,440.9350363466293,370.3767508355242,2557.149940638148
1785512781.1523201,FartherHybrid,inactive,True,17.4924541418301,330.5576688484027,386.7278346948128,2808.7186078733575
1785512781.6528325,LeftHybrid,active,True,23.919347537142514,323.97364542000554,438.66091328631444,2837.0786292532284
1785512781.6528325,RightHybrid,inactive,True,25.123288206990722,437.53760344632104,419.9147093214411,2605.501621791802
1785512781.6528325,DownHybrid,inactive,True,29.723661735266948,388.44242005964855,480.6500491552072,2551.157221062953
1785512781.6528325,UpHybrid,inactive,True,16.761480709201752,374.35235630999864,375.5155679782532,3027.168601258396
1785512781.6528325,Close,inactive,True,30.223899364232594,437.92217122441093,467.30725444459574,2199.136796889172
1785512781.6528325,Open,inactive,True,29.433425390274817,336.06219161841193,485.4194022285511,2384.9334320544294
1785512781.6528325,CloserHybrid,inactive,True,19.62610434300132,429.6230822552166,372.7239253603809,2571.9032763409487
1785512781.6528325,FartherHybrid,inactive,True,17.967426803791522,319.1643998696745,389.58202740051377,2790.3229948471053
1785512782.1523452,LeftHybrid,active,True,24.765664434483945,307.2035359092243,444.51415514444943,2884.508212114175
1785512782.1523452,RightHybrid,inactive,True,25.249917167153875,421.7028667044949,424.39804355173965,2632.900421902683
1785512782.1523452,DownHybrid,inactive,True,30.220532679289793,372.92117101543903,485.80511854633494,2579.510393897872
1785512782.1523452,UpHybrid,inactive,True,17.218856808862434,357.34759997168027,380.5629057685683,3074.644773369597
1785512782.1523452,Close,inactive,True,30.476525579227065,422.66749516519656,471.8106006310281,2216.7340113982937
1785512782.1523452,Open,inactive,True,30.164836274449282,320.0553118464551,491.29026895098735,2422.7595186933177
1785512782.1523452,CloserHybrid,inactive,True,19.587992948579,413.1706543102197,377.189275227128,2606.963615694345
1785512782.1523452,FartherHybrid,inactive,True,18.921624941381214,301.6955745414703,395.26549211527947,2841.1279420300853
1785512782.6529803,LeftHybrid,hovered,True,24.650922518665745,295.00079629491177,447.7672690558068,2847.6983968200148
1785512782.6529803,RightHybrid,inactive,True,24.190356969110212,408.72313973901225,427.3171900765994,2617.20817365071
1785512782.6529803,DownHybrid,hovered,True,29.592564329441196,360.890151371794,488.66774655931437,2568.5977234381135
1785512782.6529803,UpHybrid,inactive,True,16.693996408426393,344.05594424636513,384.0647198358454,3026.935502555578
1785512782.6529803,Close,inactive,True,29.539703410599053,410.3768534111129,474.5528015614631,2212.8217311254557
1785512782.6529803,Open,inactive,True,29.857568759271558,308.2876362364482,494.31308526364677,2407.908491196249
1785512782.6529803,CloserHybrid,inactive,True,18.409595672905972,399.5594220004721,380.4397561430085,2579.6772376270164
1785512782.6529803,FartherHybrid,inactive,True,19.043307476936505,289.02396774991945,398.9044868772691,2788.525233978944
1785512783.1522741,LeftHybrid,inactive,True,24.38302530796,295.1734409910077,447.8727242071906,2874.2984741574473
1785512783.1522741,RightHybrid,inactive,True,24.18300154266106,409.1175916559718,427.0003289905624,2623.8061976143217
1785512783.1522741,DownHybrid,inactive,True,29.467848103821485,361.25149104921127,488.7373726796694,2585.4181438941887
1785512783.1522741,UpHybrid,hovered,True,16.513905485272367,344.3935313578488,383.77029331290487,3042.605160686333
1785512783.1522741,Close,inactive,True,29.506227320091483,410.7864703276359,474.3798036648296,2220.4835598779173
1785512783.1522741,Open,inactive,True,29.650328960616466,308.4933662275994,494.61944023916465,2431.2515082378377
1785512783.1522741,CloserHybrid,inactive,True,18.433933602551793,399.94180552739437,380.0239440687243,2584.5303156355003
1785512783.1522741,FartherHybrid,inactive,True,18.709754054633386,289.19703419578246,398.7894036185503,2812.5368272315245
1785512783.6522985,LeftHybrid,inactive,True,25.181137126878124,295.8255166185155,447.02432308221535,2825.65359609374
1785512783.6522985,RightHybrid,inactive,True,24.10827164179188,409.69236820608006,426.9128904400732,2641.4435471298348
1785512783.6522985,DownHybrid,inactive,True,29.814713324580218,361.93666095509104,488.0457883830518,2566.1819409571617
1785512783.6522985,UpHybrid,inactive,True,16.958845986065132,344.47050139418604,383.5419448576422,3035.1475146109005
1785512783.6522985,Close,inactive,True,29.55288413901172,411.57603525579805,474.1818473198062,2227.7039743837668
1785512783.6522985,Open,inactive,True,30.27949511559307,309.38074872083564,493.39681487873384,2386.650943666362
1785512783.6522985,CloserHybrid,inactive,True,18.22232525954316,400.236803438354,379.92584283470813,2607.630116323926
1785512783.6522985,FartherHybrid,hovered,True,19.695285033582348,289.53843515394345,398.32455012380024,2772.0418102692784
1785512784.1542363,LeftHybrid,inactive,True,24.948626159025913,294.8221073902151,446.9245356334485,2832.184903376183
1785512784.1542363,RightHybrid,inactive,True,23.841480987888247,408.6267973566425,426.40878239519884,2644.332288659207
1785512784.1542363,DownHybrid,inactive,True,29.566926619382446,361.10316803894307,487.81016636135604,2573.745333144674
1785512784.1542363,UpHybrid,inactive,True,16.693069310282702,343.2579647647828,383.2032822254313,3035.7753726862647
1785512784.1542363,Close,inactive,True,29.298731562314572,410.7060262649887,473.7489037116165,2232.8355301224074
1785512784.1542363,Open,inactive,True,30.047720428938007,308.5329678086666,493.35596270296617,2395.1601864793774
1785512784.1542363,CloserHybrid,inactive,True,17.948293252378026,398.98546941912997,379.41088422330427,2607.186489456086
1785512784.1542363,FartherHybrid,active,True,19.47087372023502,288.3858585134225,398.17424485877297,2774.623765012446
1785512784.6523132,LeftHybrid,inactive,True,24.365735622661973,294.8321533506054,438.8259787197536,2702.83004993177
1785512784.6523132,RightHybrid,inactive,True,22.78526705413753,406.41225047662346,420.4647743621418,2561.5553157433314
1785512784.6523132,DownHybrid,inactive,True,28.675037380460225,359.30945045502295,480.07596778097457,2481.5001672026992
1785512784.6523132,UpHybrid,inactive,True,16.02427686664044,342.6056196466702,377.0826620779447,2908.8213826978026
1785512784.6523132,Close,inactive,True,28.251864239500794,408.14480676778993,467.1221093335006,2167.4308915234724
1785512784.6523132,Open,inactive,True,29.319143685031644,307.84534404955525,484.57355160197534,2291.6097671679163
1785512784.6523132,CloserHybrid,inactive,True,16.91633029909591,397.2502624707817,374.10984048288526,2516.806005202634
1785512784.6523132,FartherHybrid,active,True,19.085970681824985,288.95597622982825,391.0076212884277,2640.8040441047415
1785512785.152363,LeftHybrid,inactive,True,23.77712627913915,295.0494930606701,432.9115388049846,2607.432791260224
1785512785.152363,RightHybrid,inactive,True,22.093896930636543,404.6334140000578,415.2690172163737,2480.5122630806436
1785512785.152363,DownHybrid,inactive,True,27.974689221157412,358.28088977617324,473.79355648232286,2402.4731029092654
1785512785.152363,UpHybrid,inactive,True,15.48976550620607,342.0164376699041,372.35237271230193,2805.035117818137
1785512785.152363,Close,inactive,True,27.519779189500273,406.30481272035576,461.2530969666468,2102.2440477977943
1785512785.152363,Open,inactive,True,28.657819258306834,307.7400967530556,477.990856541985,2213.6213636702087
1785512785.152363,CloserHybrid,inactive,True,16.291539460130323,395.667410123686,369.61082741414117,2431.7652715157965
1785512785.152363,FartherHybrid,active,True,18.60037565981251,289.3799967386467,385.8732667640308,2543.218601151675
1785512785.6524308,LeftHybrid,inactive,True,22.550003831275532,294.72193032037563,429.1587721875365,2566.7401107091064
1785512785.6524308,RightHybrid,inactive,True,21.697342424930902,403.00412716138027,413.1051999445969,2399.5041387269157
1785512785.6524308,DownHybrid,inactive,True,27.128722369123278,356.2650309027679,470.5238306156838,2353.988115706583
1785512785.6524308,UpHybrid,inactive,True,14.640225468246504,342.43893996189365,369.82256460168054,2724.6638117433176
1785512785.6524308,Close,inactive,True,26.965672818039756,403.7392362408095,458.62041175071863,2043.6953978239617
1785512785.6524308,Open,inactive,True,27.546905603180164,306.2399790125307,474.15672410338084,2185.5318250888013
1785512785.6524308,CloserHybrid,inactive,True,16.07691526941929,395.1283506812298,367.9438860645245,2342.724173929062
1785512785.6524308,FartherHybrid,active,True,17.2528029712295,290.21545824253053,382.40980225300655,2493.3479000748775
1785512786.1523454,LeftHybrid,inactive,True,21.953414369295384,295.50083912081385,421.0341493141287,2446.4972226933896
1785512786.1523454,RightHybrid,inactive,True,20.484933425479035,401.5340289890722,406.5832027956593,2325.084635348263
1785512786.1523454,DownHybrid,inactive,True,26.141977857700464,355.46381904395366,462.46067638161844,2269.260067698342
1785512786.1523454,UpHybrid,inactive,True,13.888694770076915,342.2756761584531,363.4151676389838,2609.0532080970515
1785512786.1523454,Close,inactive,True,25.779898433090235,402.13768306093533,451.4329162074124,1984.8083000623155
1785512786.1523454,Open,inactive,True,26.774305894229382,306.5478735325817,465.29533666548963,2089.5508897810796
1785512786.1523454,CloserHybrid,inactive,True,14.867457848289122,393.9139166546899,362.08105330530816,2261.8992418749767
1785512786.1523454,FartherHybrid,active,True,16.893072910470263,291.3112397737784,375.23626759122203,2369.7106495220723
1785512786.6522949,LeftHybrid,inactive,True,21.96951371021788,296.4704810884373,414.2642656545525,2336.5294944695634
1785512786.6522949,RightHybrid,inactive,True,19.438586594828266,400.63430941889055,401.4890135112937,2276.823546053347
1785512786.6522949,DownHybrid,inactive,True,25.53579378855937,355.1021691813349,455.9351702626986,2199.7684744341677
1785512786.6522949,UpHybrid,inactive,True,13.654760387907876,342.2919646302625,358.23253746399223,2516.285322460826
1785512786.6522949,Close,inactive,True,24.809988534324816,401.1819871433354,445.85012043682104,1945.8088734099729
1785512786.6522949,Open,inactive,True,26.522446246181975,307.17268852004895,457.8715284387156,2001.4497436289384
1785512786.6522949,CloserHybrid,inactive,True,13.781962714823132,393.1469766243331,357.43393046667074,2208.723951389715
1785512786.6522949,FartherHybrid,active,True,17.25137001697308,292.4713745561128,369.3209480516002,2258.5318398769305
1785512787.1525323,LeftHybrid,inactive,True,20.188654075171584,298.35939546195164,407.8451286633177,2278.2392714931702
1785512787.1525323,RightHybrid,inactive,True,18.36713340898915,400.6224043995743,395.3763351198845,2189.7863692872634
1785512787.1525323,DownHybrid,hovered,True,24.055600559018956,355.67178799531933,449.1297018828942,2141.2109427772375
1785512787.1525323,UpHybrid,inactive,True,12.120235628932393,343.8587091189985,352.65627691564674,2422.769809459045
1785512787.1525323,Close,inactive,True,23.60420081822094,400.90813195849563,439.15427131864226,1882.2598836061516
1785512787.1525323,Open,inactive,True,24.83265394120587,308.4951740041202,451.0689537006227,1959.2189530704127
1785512787.1525323,CloserHybrid,inactive,True,12.867324544617261,393.5677504118119,352.0408238969972,2113.128899377545
1785512787.1525323,FartherHybrid,hovered,True,15.401983557264009,294.8587717730355,363.4380510327531,2191.025421796876
1785512787.6526618,LeftHybrid,inactive,True,22.18067152196656,298.4557222627545,407.5081454152813,2210.4744819003536
1785512787.6526618,RightHybrid,inactive,True,18.7149619597513,400.22111956609274,396.1494809028325,2203.9488251333387
1785512787.6526618,DownHybrid,inactive,True,25.15952063010795,355.5406188041077,449.01625502512366,2108.366667220107
1785512787.6526618,UpHybrid,inactive,True,13.799820716585904,343.05301574982144,353.1755297417639,2403.33669512911
1785512787.6526618,Close,inactive,True,24.093724996347444,400.7518021864567,439.7771900816251,1884.581905595318
1785512787.6526618,Open,inactive,True,26.452127149369343,308.83144666348613,450.21873745618825,1897.450366154888
1785512787.6526618,CloserHybrid,inactive,True,13.116882448609475,392.86567769934607,352.78523568840114,2133.709070089717
1785512787.6526618,FartherHybrid,active,True,17.80583898944826,294.5929775960599,363.6222284726849,2134.024074837609
1785512788.1523263,LeftHybrid,inactive,True,20.673336436753363,298.2734080133095,405.0509875305646,2195.2773812858795
1785512788.1523263,RightHybrid,inactive,True,17.994231683905337,399.1309849091067,393.87198506330503,2148.340652618208
1785512788.1523263,DownHybrid,inactive,True,24.035678558581008,354.5246457621137,446.4100633849531,2083.193272670047
1785512788.1523263,UpHybrid,inactive,True,12.473652433817428,343.1347893041678,351.151299130055,2353.9228674919214
1785512788.1523263,Close,inactive,True,23.27457857330814,399.2921622620719,437.1651788452929,1846.2850475944142
1785512788.1523263,Open,inactive,True,25.087135075169297,308.1048674509543,447.6820834574612,1890.287483260232
1785512788.1523263,CloserHybrid,inactive,True,12.473449219590421,392.2599107416668,350.9529855107567,2071.514471714552
1785512788.1523263,FartherHybrid,active,True,16.15904484930487,294.9543408233922,361.354909989818,2110.491542751646
1785512788.6523216,LeftHybrid,inactive,True,20.251495633419182,300.1712734009478,399.2857991218812,2125.5969337389906
1785512788.6523216,RightHybrid,inactive,True,17.130972768633683,399.48088870781856,388.6820002548231,2100.4521458259696
1785512788.6523216,DownHybrid,hovered,True,23.317290889991554,355.4801509966638,440.4435594938652,2031.8743188371009
1785512788.6523216,UpHybrid,inactive,True,12.012101929801327,344.2795588224009,346.2659042375419,2283.9436252666274
1785512788.6523216,Close,inactive,True,22.411251363014266,399.66156933771134,431.5566832501821,1808.7427958741173
1785512788.6523216,Open,inactive,True,24.52228161490384,309.7991650806271,441.4273472272033,1834.790526283541
1785512788.6523216,CloserHybrid,inactive,True,11.643866293601324,392.6775947583599,346.21400067739205,2019.8112650505136
1785512788.6523216,FartherHybrid,hovered,True,15.93380081745354,296.9480590577318,356.19096320880016,2038.9280246687922
1785512789.153666,LeftHybrid,inactive,True,20.294235938132417,300.2712126030877,398.68248697383035,2111.9278105069825
1785512789.153666,RightHybrid,inactive,True,16.6919516517574,399.34875084855247,388.42117505356885,2104.878558765209
1785512789.153666,DownHybrid,active,True,23.084542797563017,355.39724466368847,440.07734798772356,2031.9478722682106
1785512789.153666,UpHybrid,inactive,True,11.966319572903084,344.2013974719259,345.8490726453773,2273.680638568352
1785512789.153666,Close,inactive,True,22.012993062799854,399.56493726672807,431.3808497425034,1815.6001652028644
1785512789.153666,Open,inactive,True,24.45121282135791,309.84200971871223,440.8423293877099,1827.4517006218957
1785512789.153666,CloserHybrid,inactive,True,11.193221385289782,392.512118229402,345.89827219008066,2019.5780849214207
1785512789.153666,FartherHybrid,inactive,True,16.12917596251957,297.0830044516143,355.65275742154455,2021.696444373294
1785512789.6522493,LeftHybrid,inactive,True,19.00098329479768,300.3593696118405,398.80900949821574,2114.1557933471922
1785512789.6522493,RightHybrid,inactive,True,16.157332252123844,398.9942096885524,388.3452728341889,2072.63332940868
1785512789.6522493,DownHybrid,active,True,22.167570779094866,355.1271791493265,440.0348982818555,2025.5665421380836
1785512789.6522493,UpHybrid,inactive,True,10.803008586787783,344.48889049220054,346.04081918370343,2247.8978118208324
1785512789.6522493,Close,inactive,True,21.392922143324387,399.05234762686973,431.1544490807581,1796.1499674141378
1785512789.6522493,Open,inactive,True,23.3038703270472,309.64517974933483,441.01160004189046,1835.1598122366922
1785512789.6522493,CloserHybrid,inactive,True,10.722084124278659,392.3886687100714,346.09489755511885,1981.324041769265
1785512789.6522493,FartherHybrid,inactive,True,14.691809062711183,297.4736713779536,355.81576128599403,2015.7716239167567
1785512790.1522925,LeftHybrid,inactive,True,19.767161248869748,299.7831034863708,400.4584758783817,2111.8829294242823
1785512790.1522925,RightHybrid,inactive,True,16.83491821383453,398.63655869598966,390.47524257796505,2077.2520905168494
1785512790.1522925,DownHybrid,active,True,22.906283558144384,354.48801738929023,441.84769064691,2020.6516670874116
1785512790.1522925,UpHybrid,inactive,True,11.592916198497106,344.1330103550612,347.9258730913789,2256.4555981973754
1785512790.1522925,Close,inactive,True,22.074638414984115,398.5102616121115,433.2130491615295,1794.7295464710915
1785512790.1522925,Open,inactive,True,24.055325968850443,308.97696693541667,442.5879080749369,1828.3807592826997
1785512790.1522925,CloserHybrid,inactive,True,11.38884142690319,392.1886918038695,348.1854390090655,1991.660067092227
1785512790.1522925,FartherHybrid,inactive,True,15.43890656765494,296.9847560818271,357.49517060442673,2019.5646037218394
1785512790.652377,LeftHybrid,inactive,True,20.654743277508164,302.7777442880424,406.53899561952113,2067.3635118867387
1785512790.652377,RightHybrid,inactive,True,17.646026537193954,400.90058015773303,397.12442251998124,2047.8269705925195
1785512790.652377,DownHybrid,active,True,23.73331784881548,356.8971490504928,447.7684881766427,1983.8661470538646
1785512790.652377,UpHybrid,inactive,True,12.59762851748771,346.86131134442866,354.74750747055754,2218.9812724593066
1785512790.652377,Close,inactive,True,22.837246594938023,400.64815768367384,439.4647588031488,1767.8028331297246
1785512790.652377,Open,inactive,True,24.886275891711552,311.7797712656475,448.2346555246536,1789.592548934801
1785512790.652377,CloserHybrid,inactive,True,12.250779654293128,394.6067377317595,355.1731059189467,1965.3792438556047
1785512790.652377,FartherHybrid,inactive,True,16.34407094470871,300.096395496386,364.0341362530896,1978.9609311118838
1785512791.1523578,LeftHybrid,inactive,True,22.98468937095378,304.1925706013385,414.62770434398055,2003.481345666005
1785512791.1523578,RightHybrid,inactive,True,20.2026194664671,401.4849396817718,405.2644709039173,1991.8094729570585
1785512791.1523578,DownHybrid,active,True,26.155037538344633,357.97111377489773,454.76541187541216,1907.921500313707
1785512791.1523578,UpHybrid,inactive,True,15.237845194839272,347.68173170253476,363.7374357520079,2176.71245716088
1785512791.1523578,Close,inactive,True,25.26084708860256,401.245426980077,446.61786304027044,1703.9460754579486
1785512791.1523578,Open,inactive,True,27.186004421965063,313.3671692119307,455.27455855268295,1719.5520956498221
1785512791.1523578,CloserHybrid,inactive,True,14.92071040792814,395.20644609487465,364.0623403110958,1930.283076421365
1785512791.1523578,FartherHybrid,inactive,True,18.60039253349312,301.22928985913484,372.9483366682993,1936.1514781758597
1785512791.6524844,LeftHybrid,inactive,True,25.077057769517747,307.5724326008208,422.63548777028024,1921.9588516178846
1785512791.6524844,RightHybrid,inactive,True,22.941676254773135,403.5074997533469,413.10232812450596,1899.8846731769881
1785512791.6524844,DownHybrid,hovered,True,28.512875969029253,360.6437348132852,461.18363445700373,1807.7980791575974
1785512791.6524844,UpHybrid,inactive,True,17.80720385364796,350.4559482188444,372.9351514699752,2104.159024527493
1785512791.6524844,Close,inactive,True,27.788047778196376,403.15547889159825,453.08057930774254,1611.4928154652443
1785512791.6524844,Open,inactive,True,29.285386999167674,316.7526806640195,461.9257719555737,1634.6521324630448
1785512791.6524844,CloserHybrid,inactive,True,17.83268605675292,397.42423367211893,373.07423503888947,1859.4842820183985
1785512791.6524844,FartherHybrid,inactive,True,20.60068435055495,304.4732937490736,382.0839589665034,1875.4381919609077
1785512792.1526785,LeftHybrid,inactive,True,23.547362018963156,308.19799403393563,423.1942701755563,1929.302699640175
1785512792.1526785,RightHybrid,inactive,True,21.333141659073846,403.68677649070895,413.244772421348,1903.5773982914252
1785512792.1526785,DownHybrid,inactive,True,26.94300105990645,361.1588678952443,461.96035694220313,1829.9095524537552
1785512792.1526785,UpHybrid,inactive,True,16.181773950702414,350.8038115040643,373.1111866784063,2089.6900241467883
1785512792.1526785,Close,inactive,True,26.217964814376227,403.5648174690642,453.6032809724451,1628.9922781973
1785512792.1526785,Open,inactive,True,27.762828112101356,317.33118398242345,462.87162205639277,1655.3151684222248
1785512792.1526785,CloserHybrid,inactive,True,16.20516384864951,397.4208133951295,373.080885209475,1846.4877988898807
1785512792.1526785,FartherHybrid,inactive,True,19.10408649315245,305.15610484018475,382.4444777414582,1865.7812512895616
1785512792.6523006,LeftHybrid,inactive,True,24.48326063566753,308.3330398242183,423.2076678724718,1916.8271864696362
1785512792.6523006,RightHybrid,inactive,True,22.00736649984615,403.92114368725856,413.52196480320345,1907.3990012490685
1785512792.6523006,DownHybrid,inactive,True,27.73354886110335,361.3975541332484,461.9154300429102,1818.7092428524484
1785512792.6523006,UpHybrid,inactive,True,17.081377650342024,350.7848974507913,373.3534089363591,2093.610322877903
1785512792.6523006,Close,inactive,True,26.898951288384914,403.8478065411948,453.74488768634455,1625.5666918041534
1785512792.6523006,Open,inactive,True,28.632034399650568,317.6130781230513,462.6672196191885,1639.1290734959912
1785512792.6523006,CloserHybrid,inactive,True,16.88051882386618,397.57450742338034,373.3812982733062,1857.0989513469976
1785512792.6523006,FartherHybrid,inactive,True,20.096766220371094,305.11856002323094,382.60698411870226,1860.835111519009
1785512793.152445,LeftHybrid,inactive,True,25.060912837807862,308.36482835342593,422.919008682597,1909.049000091327
1785512793.152445,RightHybrid,inactive,True,22.01122122796873,404.0960399757841,414.1052489702337,1929.0816016489553
1785512793.152445,DownHybrid,inactive,True,27.998132768031002,361.38679610514845,462.21781168720906,1825.4316725906683
1785512793.152445,UpHybrid,inactive,True,17.509154773003768,350.76384924525973,373.36595516765294,2101.0773544419717
1785512793.152445,Close,active,True,26.950621829583874,404.0086109467639,454.5033787846993,1642.8632539801474
1785512793.152445,Open,inactive,True,29.089807696113795,317.6224291750348,462.46422466136175,1633.6783526524596
1785512793.152445,CloserHybrid,inactive,True,16.874289164157585,397.72219902042116,373.72355963718496,1877.9160528411594
1785512793.152445,FartherHybrid,inactive,True,20.810551346721386,305.15478545552645,382.2983541049019,1853.3566462567687
1785512793.6566443,LeftHybrid,inactive,True,24.555247498226294,308.1997584930763,422.9330439282948,1912.3185804159439
1785512793.6566443,RightHybrid,inactive,True,21.8597831392112,403.8084047187116,414.15964056794377,1914.1902957265265
1785512793.6566443,DownHybrid,inactive,True,27.684683547628616,360.9507108795345,462.2109024129079,1821.8667059360596
1785512793.6566443,UpHybrid,inactive,True,17.090889163183025,350.90658646330735,373.46044132729435,2092.479540642431
1785512793.6566443,Close,active,True,26.771316668111183,403.48932522810884,454.4677316583112,1632.625039341845
1785512793.6566443,Open,inactive,True,28.658756522539374,317.1990238130709,462.50170781375596,1637.4356680664714
1785512793.6566443,CloserHybrid,inactive,True,16.72772997901243,397.69858974561,373.89587922196824,1861.6635207468207
1785512793.6566443,FartherHybrid,inactive,True,20.223737577530603,305.26326860737197,382.3109673491118,1854.588311150248
1785512794.1524599,LeftHybrid,inactive,True,23.614931804036583,307.57532000254895,423.2213446148215,1941.6464533030958
1785512794.1524599,RightHybrid,inactive,True,21.673543992720152,403.4250703451395,413.97687153229225,1905.2124928449048
1785512794.1524599,DownHybrid,inactive,True,27.164485977707223,360.28881070097304,462.3976358541751,1834.163011712284
1785512794.1524599,UpHybrid,inactive,True,16.3325218319414,350.8849524839435,373.3884168465006,2100.2866764721257
1785512794.1524599,Close,active,True,26.533978672369454,402.8438617308442,454.32581010030884,1628.834527524028
1785512794.1524599,Open,inactive,True,27.88882644160287,316.32142553544645,463.0174105341629,1663.4666992888233
1785512794.1524599,CloserHybrid,inactive,True,16.55373650189975,397.6073952660941,373.74579513697705,1850.5582158490724
1785512794.1524599,FartherHybrid,inactive,True,19.097724197550935,304.951946687326,382.36233490545817,1880.0735228677513
1785512794.652396,LeftHybrid,inactive,True,24.11017830525865,307.6208364193874,422.8836995612005,1921.7091619799903
1785512794.652396,RightHybrid,inactive,True,21.75825113527702,403.2043003523616,413.5257808315267,1904.5833456320106
1785512794.652396,DownHybrid,inactive,True,27.428654163491437,360.45184169506035,461.84281850525736,1822.4515057089156
1785512794.652396,UpHybrid,inactive,True,16.730580720058633,350.3779353772745,373.1415117791336,2091.3681576729505
1785512794.652396,Close,active,True,26.6444280355722,402.914309899198,453.78803399010246,1625.8336202201608
1785512794.652396,Open,inactive,True,28.288716788941876,316.64896052078115,462.4647727888588,1645.413286663781
1785512794.652396,CloserHybrid,inactive,True,16.632206739075542,397.0887521732496,373.36107070914125,1851.6878324471909
1785512794.652396,FartherHybrid,inactive,True,19.696776539409935,304.67417511014037,382.21528384944287,1862.7805025196649
1785512795.1523256,LeftHybrid,inactive,True,23.446264908438216,307.46156011593524,422.9467745870139,1941.301129748732
1785512795.1523256,RightHybrid,inactive,True,21.573044895390336,403.1606174208603,413.0069907784181,1899.7881969753362
1785512795.1523256,DownHybrid,inactive,True,27.0302321098471,360.38384281622507,461.7130259468277,1831.5749081410322
1785512795.1523256,UpHybrid,inactive,True,16.184340346912215,350.44620053297405,372.8255700290457,2096.6643409427124
1785512795.1523256,Close,active,True,26.426145509445217,402.8310649481122,453.3218226687359,1624.5807677275152
1785512795.1523256,Open,inactive,True,27.733026751648758,316.44669855529037,462.6724656923529,1663.1607619318966
1785512795.1523256,CloserHybrid,inactive,True,16.459630257301086,397.1053173250902,372.8611857316841,1845.0064521880995
1785512795.1523256,FartherHybrid,inactive,True,18.917291164050543,304.59390862279724,382.11548041995445,1879.3797076949122
1785512795.6523137,LeftHybrid,inactive,True,24.606035067983118,307.5385967655161,422.84869665731594,1913.3173439616949
1785512795.6523137,RightHybrid,inactive,True,21.75207538688209,403.2026523667789,414.230646443923,1921.1110009253898
1785512795.6523137,DownHybrid,inactive,True,27.650387659977184,360.3092720734537,462.2859526214871,1826.6149900106102
1785512795.6523137,UpHybrid,inactive,True,17.093566252466765,350.235020386132,373.38894501481985,2095.56775745131
1785512795.6523137,Close,active,True,26.680432965867674,402.8999038163697,454.6198165326899,1639.083644229002
1785512795.6523137,Open,inactive,True,28.679163693090736,316.5414299278987,462.4810401849014,1639.3999605878125
1785512795.6523137,CloserHybrid,inactive,True,16.61414019879976,397.0680453261929,373.88556322171246,1867.3858812457984
1785512795.6523137,FartherHybrid,inactive,True,20.312101872914468,304.59944820476017,382.18703945620945,1854.5782094595488
1785512796.152295,LeftHybrid,inactive,True,23.89151469388223,307.4406489953765,424.4354002980637,1938.5285610422434
1785512796.152295,RightHybrid,inactive,True,22.288371012664776,403.14562779031576,414.2588755514036,1886.6648351917684
1785512796.152295,DownHybrid,inactive,True,27.6111316090025,360.3751259718738,462.84022741893705,1818.5916087020742
1785512796.152295,UpHybrid,inactive,True,16.768437934724606,350.49371576737786,374.35289619080925,2094.4792961374696
1785512796.152295,Close,active,True,27.090944172760384,402.75357855137213,454.34291718010854,1609.3746100143617
1785512796.152295,Open,inactive,True,28.21266401709104,316.44481008009507,463.9611405265009,1655.8686932858545
1785512796.152295,CloserHybrid,inactive,True,17.21027895166227,397.1590903365097,374.2939856589468,1837.6962442106887
1785512796.152295,FartherHybrid,inactive,True,19.306450309242454,304.5513483983135,383.7173591547452,1882.0536551544792
1785512796.6523144,LeftHybrid,inactive,True,24.743648813153378,307.6796167511101,424.176077347872,1922.7828851785453
1785512796.6523144,RightHybrid,inactive,True,22.105252701739985,403.53137815479477,414.7808198900384,1920.6594292879308
1785512796.6523144,DownHybrid,inactive,True,27.91075310821317,360.82347200469957,463.1508250618758,1827.7435290660505
1785512796.6523144,UpHybrid,hovered,True,17.290895596069277,350.25612065203103,374.34635616039327,2104.4058425412586
1785512796.6523144,Close,hovered,True,27.01527762642502,403.42013417976665,455.11775117613865,1636.4057625949645
1785512796.6523144,Open,inactive,True,28.862999928839788,316.9434632594589,463.7370693422614,1644.5141086279182
1785512796.6523144,CloserHybrid,inactive,True,16.967421900160716,397.19767585465564,374.5002715729583,1870.2483832204962
1785512796.6523144,FartherHybrid,inactive,True,20.388218923962928,304.49096077196793,383.4919136623589,1866.8027278405061
1785512797.1523132,LeftHybrid,inactive,True,24.83982418932717,308.16356654706726,423.9951031002368,1912.4517192266358
1785512797.1523132,RightHybrid,inactive,True,22.39984565996658,403.79481224229386,414.6234994478789,1903.5596271819522
1785512797.1523132,DownHybrid,inactive,True,28.103798357796357,361.1173325817238,462.7545232014813,1812.0482633984793
1785512797.1523132,UpHybrid,hovered,True,17.474852451940585,350.7626252397054,374.3645456453073,2092.606318970931
1785512797.1523132,Close,inactive,True,27.27466260090401,403.58117872919416,454.7379572693151,1619.9489559384092
1785512797.1523132,Open,inactive,True,28.985073447624327,317.34532278806745,463.37036160616833,1633.105875041154
1785512797.1523132,CloserHybrid,inactive,True,17.28544824130162,397.5837432507953,374.53440899416427,1856.2502665143693
1785512797.1523132,FartherHybrid,inactive,True,20.446885371073524,305.0434734051117,383.463755971393,1859.4194042015588
1785512797.657246,LeftHybrid,inactive,True,25.479477505472445,308.4609934441122,423.5199303624231,1904.573712762096
1785512797.657246,RightHybrid,inactive,True,22.653601018678845,404.20614463172205,414.4168875753222,1917.1073228665045
1785512797.657246,DownHybrid,inactive,True,28.532638832799364,361.5777660682805,462.40708395966476,1811.5148561946262
1785512797.657246,UpHybrid,hovered,True,18.019377619193346,350.82416792429774,373.9953913667665,2099.580930631062
1785512797.657246,Close,inactive,True,27.556382425101013,404.13161901247565,454.5723297779524,1627.7985383532214
1785512797.657246,Open,inactive,True,29.541222380420013,317.82382243542946,462.83087916658167,1624.4085415314694
1785512797.657246,CloserHybrid,inactive,True,17.533359150580367,397.81975904489707,374.22142949763355,1872.490872730319
1785512797.657246,FartherHybrid,inactive,True,21.174466810118236,305.13831460830005,383.03557477235074,1855.0199425080064
1785512798.1525683,LeftHybrid,inactive,True,23.997433636477194,308.321858335328,423.8526162551882,1925.3080588014927
1785512798.1525683,RightHybrid,inactive,True,21.845382276429056,403.9082865238548,414.3063634360847,1900.1194115894614
1785512798.1525683,DownHybrid,inactive,True,27.423258122169347,361.15006371458594,462.69927700864844,1822.3284017812402
1785512798.1525683,UpHybrid,active,True,16.68079355199732,351.150517899969,374.03458863376414,2090.653219512438
1785512798.1525683,Close,inactive,True,26.71074771732653,403.58967054887484,454.53944888868443,1622.6397543223575
1785512798.1525683,Open,inactive,True,28.2150643207072,317.3229864593351,463.4340555858273,1648.4620966435177
1785512798.1525683,CloserHybrid,inactive,True,16.729806101966116,397.8292400838649,374.18893755805453,1847.2100976594375
1785512798.1525683,FartherHybrid,inactive,True,19.53788685251438,305.4090070017097,383.1727424316699,1866.0215497554454
1785512798.6523752,LeftHybrid,inactive,True,25.0007354341083,308.45475536217805,423.88406782249825,1907.9394184217745
1785512798.6523752,RightHybrid,inactive,True,22.378002443779323,404.0516308365582,414.4924733252266,1908.2433165609255
1785512798.6523752,DownHybrid,inactive,True,28.164329463997465,361.4931484987817,462.6395470880875,1812.0440733655705
1785512798.6523752,UpHybrid,active,True,17.58632952312389,350.8554479343536,374.2428993009838,2092.7824470189807
1785512798.6523752,Close,inactive,True,27.267876379148063,403.9622626955206,454.63812025668017,1623.461009830935
1785512798.6523752,Open,inactive,True,29.107431974373107,317.75272524329597,463.2336143277962,1629.5038869130003
1785512798.6523752,CloserHybrid,inactive,True,17.259847799830503,397.7068688476874,374.37021256739973,1860.8188207979329
1785512798.6523752,FartherHybrid,inactive,True,20.651733599700076,305.20610808363455,383.379227975542,1855.1600179252418
1785512799.1526747,LeftHybrid,inactive,True,24.269770566484898,308.5554340424274,424.18358242215635,1914.0320401676363
1785512799.1526747,RightHybrid,inactive,True,21.485216593537242,403.9907704756752,414.463553296603,1916.258638803396
1785512799.1526747,DownHybrid,inactive,True,27.3495522155758,361.6542183595235,463.0482877193959,1827.7525506860693
1785512799.1526747,UpHybrid,active,True,16.76913363859013,350.7328101775001,374.2405303822342,2089.583525848655
1785512799.1526747,Close,inactive,True,26.409936835802288,404.10684517211814,454.8698165119994,1637.8191543637658
1785512799.1526747,Open,inactive,True,28.35813548244585,317.9161172175639,463.7639087447982,1642.4908186065295
1785512799.1526747,CloserHybrid,inactive,True,16.34898292495007,397.45690273232503,374.2169374322336,1859.6898354222576
1785512799.1526747,FartherHybrid,inactive,True,19.965535606321744,305.2510578023274,383.54241304582814,1852.2162100063942
1785512799.652432,LeftHybrid,inactive,True,23.101113934730865,306.5620368737991,420.93970167142226,1982.075144464965
1785512799.652432,RightHybrid,inactive,True,20.9349946676779,403.0814100004827,409.9799054962594,1946.6406985791837
1785512799.652432,DownHybrid,inactive,True,26.570829042699394,360.4639069643218,459.722624969499,1875.0869135964895
1785512799.652432,UpHybrid,active,True,15.628901908142945,349.32392970971597,369.7905768757632,2142.0815654356993
1785512799.652432,Close,inactive,True,25.880098502712592,403.26216055026356,450.84275338898556,1665.6035162707121
1785512799.652432,Open,inactive,True,27.3841242347935,316.113371865549,461.08201179472167,1699.7462333744916
1785512799.652432,CloserHybrid,inactive,True,15.738185639292734,396.45191731580593,369.36888496530173,1888.344392721243
1785512799.652432,FartherHybrid,inactive,True,18.597028368698467,303.1799235767387,379.6455284682826,1916.737028482079
1785512800.1523705,LeftHybrid,inactive,True,22.682947725292838,304.36641367878536,413.30715796018023,2016.8890304475717
1785512800.1523705,RightHybrid,inactive,True,19.280701009167156,401.8215135300863,402.9308010295655,2025.9321975760831
1785512800.1523705,DownHybrid,hovered,True,25.527734255065326,358.8555895278849,453.3315513583489,1937.1869165159296
1785512800.1523705,UpHybrid,hovered,True,14.718189348417857,347.14097355322076,361.620226763229,2194.374463859771
1785512800.1523705,Close,inactive,True,24.429425024821665,402.258184333366,444.74159482102846,1737.7451067625661
1785512800.1523705,Open,inactive,True,26.778150390244843,314.13234352538217,454.20242497405525,1737.33657340442
1785512800.1523705,CloserHybrid,inactive,True,13.950444260973878,394.8365633146153,361.4160250505775,1956.3600208422067
1785512800.1523705,FartherHybrid,inactive,True,18.45631797141025,300.8168789864429,371.4020855526994,1942.5759982888121
1785512800.652383,LeftHybrid,inactive,True,22.79929985623445,304.8387005564323,413.03257035649426,2003.226464685009
1785512800.652383,RightHybrid,inactive,True,19.596431150749833,401.971467732667,402.32097164324017,2005.8359922263044
1785512800.652383,DownHybrid,inactive,True,25.74357207314357,359.2843971314996,452.59311794694077,1917.280312857416
1785512800.652383,UpHybrid,inactive,True,14.914577851316563,347.37400171376675,361.41851389263655,2180.4265008056245
1785512800.652383,Close,inactive,True,24.709113170338178,402.48626405687867,443.867139748704,1717.676579164472
1785512800.652383,Open,inactive,True,26.922866639300988,314.70744823424025,453.66147915169586,1722.1088619481015
1785512800.652383,CloserHybrid,inactive,True,14.289084746257195,394.9316170447093,361.0502858751855,1940.5939065690836
1785512800.652383,FartherHybrid,inactive,True,18.526340511193876,301.1621005776086,371.3252655803125,1933.0021226665485
1785512801.1523438,LeftHybrid,inactive,True,22.376719397478727,304.8976265442111,413.0687309073967,2007.8493141457802
1785512801.1523438,RightHybrid,inactive,True,19.103697308771675,402.0152583981383,402.5472402946061,2010.6558228640206
1785512801.1523438,DownHybrid,inactive,True,25.281060796014145,359.2233018079324,452.9060873401294,1927.4763729195402
1785512801.1523438,UpHybrid,hovered,True,14.450049111506189,347.55127200884897,361.451713136289,2178.8683995066312
1785512801.1523438,Close,inactive,True,24.23343915738926,402.46620352642407,444.2433190154636,1726.6014112105913
1785512801.1523438,Open,inactive,True,26.490985458100667,314.62438804448686,453.87289180859125,1730.916762564193
1785512801.1523438,CloserHybrid,inactive,True,13.786645351416306,395.04695559060815,361.18482297031557,1939.7483565743096
1785512801.1523438,FartherHybrid,inactive,True,18.13267839724498,301.3747655837463,371.26904583647416,1932.0119345629573
1785512801.6523318,LeftHybrid,inactive,True,23.412633374413943,304.705347345616,413.51205149106045,1984.511926657331
1785512801.6523318,RightHybrid,inactive,True,19.52419117962397,401.6012798846916,402.91247601812375,2018.0321044341254
1785512801.6523318,DownHybrid,inactive,True,25.96473444709818,359.23532323680837,453.15801414725684,1915.7295741765265
1785512801.6523318,UpHybrid,active,True,15.422918283903886,346.67183576721914,361.9757166200487,2174.6941135827947
1785512801.6523318,Close,inactive,True,24.67157398074224,402.42524642977594,444.5580459899593,1728.2052094962128
1785512801.6523318,Open,inactive,True,27.371226163654462,314.8129446521577,454.0733617271179,1708.6506703329578
1785512801.6523318,CloserHybrid,inactive,True,14.24329816324713,394.23627800354336,361.5492661866498,1950.552645668482
1785512801.6523318,FartherHybrid,inactive,True,19.33194256938291,300.7489349592037,371.9111696953716,1913.5395240119033
1785512802.15255,LeftHybrid,inactive,True,22.74136794622328,304.55027233982906,413.27458905327103,1994.480249300359
1785512802.15255,RightHybrid,inactive,True,19.319928516338972,401.4701270312565,402.8036170475905,2004.84773259348
1785512802.15255,DownHybrid,inactive,True,25.55521612208422,358.8294636893185,452.9911162390449,1916.284550113167
1785512802.15255,UpHybrid,active,True,14.818063986664068,346.98685827413954,361.80813528005945,2170.748623557214
1785512802.15255,Close,inactive,True,24.44414468832606,401.99057654521664,444.3859109316684,1719.6289055690431
1785512802.15255,Open,inactive,True,26.810122814251272,314.3480926518909,453.9230573192376,1718.0515371333531
1785512802.15255,CloserHybrid,inactive,True,14.020867808002949,394.4357888164302,361.5257405739259,1936.0549878974125
1785512802.15255,FartherHybrid,inactive,True,18.540375455900037,300.9321069577246,371.6124365195302,1921.107979865992
1785512802.6558392,LeftHybrid,inactive,True,21.092769421497366,304.10509874449036,411.3301540894712,2042.5074369443973
1785512802.6558392,RightHybrid,inactive,True,18.676371461997558,401.48454594437277,400.1258535182908,2002.7824265858071
1785512802.6558392,DownHybrid,inactive,True,24.47211916517052,358.5598983188885,450.98970738028174,1943.3045998509479
1785512802.6558392,UpHybrid,active,True,13.300343223695876,347.23648974353995,359.2112222308089,2189.383072450204
1785512802.6558392,Close,inactive,True,23.756122478153006,401.80482752846035,441.8931693680627,1724.1919467794796
1785512802.6558392,Open,inactive,True,25.410888730526338,313.71587424091996,452.3946564662598,1761.7681988840923
1785512802.6558392,CloserHybrid,inactive,True,13.366075174868039,394.67849012154306,358.7853164697947,1929.2328035042156
1785512802.6558392,FartherHybrid,inactive,True,16.632527134889926,300.7645578656359,369.25103644935825,1961.801678660573
1785512803.1523707,LeftHybrid,inactive,True,20.034536459293452,301.74105593212016,405.4272665598917,2080.211427303795
1785512803.1523707,RightHybrid,inactive,True,17.74667389479056,399.7560761226253,394.76055783823347,2027.3059992411
1785512803.1523707,DownHybrid,inactive,True,23.497287693772527,356.20267394138955,445.8626594858707,1977.6558778313338
1785512803.1523707,UpHybrid,active,True,12.14850675503768,345.6250086149807,353.11244905932995,2216.978829728687
1785512803.1523707,Close,inactive,True,22.862203869030335,399.7504139324818,436.92796474635054,1749.5521149802225
1785512803.1523707,Open,inactive,True,24.416637737045,311.03398047845553,447.0250863554362,1797.4644632215131
1785512803.1523707,CloserHybrid,inactive,True,12.40413156488829,393.2560109508819,353.0449805472017,1947.8944338645233
1785512803.1523707,FartherHybrid,inactive,True,15.54515906702788,298.7909657087546,362.90195337697213,1992.9710817670202
1785512803.6525383,LeftHybrid,inactive,True,21.79069132893779,302.4261970550525,400.3511423872326,2047.9113785200752
1785512803.6525383,RightHybrid,inactive,True,17.3439675975319,400.5405328263564,390.56163080089016,2088.2888035912038
1785512803.6525383,DownHybrid,inactive,True,24.084561765397456,357.1539976386329,441.5130322033765,1988.9315461865626
1785512803.6525383,UpHybrid,hovered,True,13.48359484839376,345.4094506509224,348.2106873139653,2234.976024501986
1785512803.6525383,Close,inactive,True,22.659241641535885,401.0040260218805,433.19958504582155,1795.9473625015817
1785512803.6525383,Open,hovered,True,25.709157565072832,312.1720637367964,441.9482323136392,1770.421275165405
1785512803.6525383,CloserHybrid,inactive,True,11.935287529049052,393.46506077460475,348.2709011010626,2007.4496436501067
1785512803.6525383,FartherHybrid,inactive,True,17.860311074433337,298.94364178358154,357.87979327418134,1964.9226588231977
1785512804.152752,LeftHybrid,inactive,True,20.09507855560985,301.72713125968903,400.6202555827276,2070.6893977587315
1785512804.152752,RightHybrid,inactive,True,16.229438058533486,399.8017865174442,390.69105460493836,2074.2854109730106
1785512804.152752,DownHybrid,inactive,True,22.694322519140353,356.20602175348836,441.9441938245368,2006.1512293237465
1785512804.152752,UpHybrid,inactive,True,11.794016130783717,345.23602721383804,348.3416844479791,2224.989506960017
1785512804.152752,Close,inactive,True,21.530348740133856,400.02476689846776,433.4354080118172,1796.3664291109599
1785512804.152752,Open,hovered,True,24.150516616946092,311.0858510528747,442.5436646116083,1799.7256594312203
1785512804.152752,CloserHybrid,inactive,True,10.779856472529485,393.0225195648983,348.47027513790243,1982.1005650982406
1785512804.152752,FartherHybrid,inactive,True,16.061517401139344,298.6886150083734,357.9619128819472,1974.3365960274023
1785512804.6523323,LeftHybrid,inactive,True,21.457528865776506,300.8831589113728,400.68860040433793,2080.248992261302
1785512804.6523323,RightHybrid,inactive,True,17.51872987324369,399.62836727509205,390.7941691971852,2096.166551565708
1785512804.6523323,DownHybrid,inactive,True,24.059179152010273,355.84059065178303,441.93969250450965,2005.6881461232842
1785512804.6523323,UpHybrid,inactive,True,13.168636037435096,344.4562259149088,348.29047775787024,2260.0329220990316
1785512804.6523323,Close,inactive,True,22.827514822825687,399.88749973559516,433.5030578157234,1801.3963243026665
1785512804.6523323,Open,active,True,25.51729273245245,310.5369559226002,442.49033610504216,1795.2792634362122
1785512804.6523323,CloserHybrid,inactive,True,12.059164365008687,392.7396043952903,348.40794226188376,2017.8815391941098
1785512804.6523323,FartherHybrid,inactive,True,17.359883970543947,297.5525354479354,357.96385290968493,1998.1986535460237
1785512805.1522484,LeftHybrid,inactive,True,21.01854677919035,300.4063167699388,400.56548008041943,2090.1488915648006
1785512805.1522484,RightHybrid,inactive,True,17.21000754866351,399.1694353637832,390.0942707379746,2095.644391554728
1785512805.1522484,DownHybrid,inactive,True,23.69103434189781,355.57372979073386,441.590286247338,2012.8600993158761
1785512805.1522484,UpHybrid,inactive,True,12.723391098107065,343.8695375671684,347.84661451580524,2261.884623236663
1785512805.1522484,Close,inactive,True,22.5198256137669,399.5958679620395,432.8582292273276,1803.627674895266
1785512805.1522484,Open,active,True,25.11272486036172,310.20188083300246,442.43268766117114,1805.7096599259821
1785512805.1522484,CloserHybrid,inactive,True,11.73853526266692,392.125892727409,347.7267429035519,2014.817700563406
1785512805.1522484,FartherHybrid,inactive,True,16.896404387700475,296.95084190307546,357.7680459837505,2004.9941818754814
1785512805.6525404,LeftHybrid,inactive,True,20.326050633309816,300.135889818089,400.90619217799167,2073.85736946651
1785512805.6525404,RightHybrid,inactive,True,16.1340087351554,398.287877336303,390.5395218841792,2085.76911340472
1785512805.6525404,DownHybrid,inactive,True,22.74650229128979,354.9320611255077,442.0879070920712,2013.7184375256766
1785512805.6525404,UpHybrid,inactive,True,11.979220372285376,343.33818519386864,348.34326203545237,2232.0402941381763
1785512805.6525404,Close,inactive,True,21.463026467184314,398.79198199445466,433.39512892952735,1806.3375015448983
1785512805.6525404,Open,hovered,True,24.30918055185685,309.7696232623485,442.85589356128287,1803.3593498254777
1785512805.6525404,CloserHybrid,inactive,True,10.682661217203968,391.2173535667,348.24073370621437,1992.46877005625
1785512805.6525404,FartherHybrid,inactive,True,16.381934894739658,296.8241503869458,358.20258254884277,1976.7941794819853
1785512806.1524856,LeftHybrid,inactive,True,20.9539710427747,299.62158521753724,401.7538446570868,2088.345981252649
1785512806.1524856,RightHybrid,inactive,True,17.362811991650215,398.2186477548478,390.7084389918007,2082.598346066472
1785512806.1524856,DownHybrid,inactive,True,23.740564344270638,354.9230122604374,442.3353437362106,2004.754964932581
1785512806.1524856,UpHybrid,inactive,True,12.714905896550965,342.86456536521564,348.88357830234514,2254.9475407636055
1785512806.1524856,Close,inactive,True,22.643967557398973,398.8107346372716,433.3293366794035,1792.0699799433205
1785512806.1524856,Open,inactive,True,25.088903720179214,309.5867670901968,443.4899390142028,1803.0772500755847
1785512806.1524856,CloserHybrid,inactive,True,11.905634823716227,391.03175731989916,348.51216554875833,2003.4086288697363
1785512806.1524856,FartherHybrid,inactive,True,16.77529599845324,295.99356490049405,359.03609248964386,2004.0758900868968
1785512806.652366,LeftHybrid,inactive,True,21.470929044050617,299.22989605824364,401.4126360805321,2085.781010737759
1785512806.652366,RightHybrid,inactive,True,18.240755208020175,397.975687564557,390.820363905774,2070.971715447071
1785512806.652366,DownHybrid,inactive,True,24.466209576068742,354.36554543042377,441.9724862155109,1988.2060640180862
1785512806.652366,UpHybrid,hovered,True,13.34269305419042,342.8444754871819,348.868001101957,2258.819192713854
1785512806.652366,Close,inactive,True,23.476407519291104,398.24945170322434,433.18060022463993,1774.273382888554
1785512806.652366,Open,inactive,True,25.682244391966126,309.02487635181876,442.969211689296,1792.2174488627861
1785512806.652366,CloserHybrid,inactive,True,12.801562010982089,391.09755406738174,348.735737135168,2001.726316002154
1785512806.652366,FartherHybrid,inactive,True,17.163725331936952,295.77015652972324,358.7802291919121,2010.9765334308322
1785512807.1522982,LeftHybrid,inactive,True,20.70556705988325,299.2807307108265,401.45588031260434,2077.14597746294
1785512807.1522982,RightHybrid,inactive,True,16.724964612580727,397.54814205283776,390.5282624464905,2082.376119560955
1785512807.1522982,DownHybrid,inactive,True,23.25702706251786,354.40803642373027,442.1835720119531,2006.5203004698415
1785512807.1522982,UpHybrid,active,True,12.404047595296692,342.2992802130452,348.6747655196471,2240.168184355469
1785512807.1522982,Close,inactive,True,22.032856858822324,398.2299390213654,433.24297587626273,1797.596348731473
1785512807.1522982,Open,inactive,True,24.74133355264348,309.200621855007,443.2438325873905,1800.0119247039256
1785512807.1522982,CloserHybrid,inactive,True,11.27524064964304,390.2919240430065,348.31951390728466,1996.1000080248632
1785512807.1522982,FartherHybrid,inactive,True,16.67051325857568,295.6829442701577,358.78797918321834,1986.5044302937167
1785512807.6523235,LeftHybrid,inactive,True,21.303178999851976,297.55210418474235,401.7046895842012,2091.374443028435
1785512807.6523235,RightHybrid,inactive,True,18.08899737448352,396.2586449595141,390.4064630523507,2069.704043607795
1785512807.6523235,DownHybrid,inactive,True,24.30446978237369,352.9791837581962,441.9056139749136,1991.280143873897
1785512807.6523235,UpHybrid,active,True,13.171068615604085,340.8848216313422,348.81995183214804,2259.6574183244375
1785512807.6523235,Close,inactive,True,23.32503942766561,396.8043533480735,432.77770742420876,1774.3279082842928
1785512807.6523235,Open,inactive,True,25.517988298035966,307.6064376933233,443.2491482467091,1797.8166103391486
1785512807.6523235,CloserHybrid,inactive,True,12.649735679636557,389.120608164467,348.3718112738679,1999.4969198280378
1785512807.6523235,FartherHybrid,inactive,True,16.99834317001134,293.84029816310937,359.05053237674537,2015.1321818248034
1785512808.1525052,LeftHybrid,inactive,True,19.373824488436856,297.942751283937,401.7158283502454,2091.167893468162
1785512808.1525052,RightHybrid,inactive,True,16.494440053636712,395.992916623901,390.50812602864744,2046.3151906615676
1785512808.1525052,DownHybrid,inactive,True,22.504958008604127,352.7826205483802,442.18683687857026,2000.0442088193813
1785512808.1525052,UpHybrid,active,True,11.253485857688483,341.43307959226195,348.9356328833579,2223.143380298796
1785512808.1525052,Close,inactive,True,21.697608545546704,396.39212617971765,432.9953116552032,1772.1749915094842
1785512808.1525052,Open,inactive,True,23.641351990544983,307.5371251403759,443.551680412225,1814.1352279112325
1785512808.1525052,CloserHybrid,inactive,True,11.092511932797507,389.09206052494784,348.6075366629636,1958.0544954616198
1785512808.1525052,FartherHybrid,inactive,True,15.079546534136272,294.7116105650041,359.0212759417782,1995.3567600435708
1785512808.6525028,LeftHybrid,inactive,True,20.67930251672155,295.92215570127075,397.76286510445925,2104.572557160158
1785512808.6525028,RightHybrid,inactive,True,16.798865231744717,394.8995611577541,387.52494146104544,2100.846437743923
1785512808.6525028,DownHybrid,inactive,True,23.310934053456446,351.07747911524507,439.05435973700764,2023.620834681904
1785512808.6525028,UpHybrid,active,True,12.340514134937104,339.6954907481295,345.01488283155305,2270.286636559693
1785512808.6525028,Close,inactive,True,22.12849630876564,395.1877411618831,430.3897672969274,1809.5905838677281
1785512808.6525028,Open,inactive,True,24.763663503411436,305.5870458752148,439.81364944863384,1819.1376569690983
1785512808.6525028,CloserHybrid,inactive,True,11.3126691378667,387.99936121758867,345.0601019129975,2018.2694767769135
1785512808.6525028,FartherHybrid,inactive,True,16.590459155046013,292.6319866398266,354.8125123180878,2017.0530546925584
1785512809.1523843,LeftHybrid,inactive,True,18.848527027264403,292.8574536554337,389.9154783627974,2190.388582042244
1785512809.1523843,RightHybrid,inactive,True,16.00860765781689,393.14582495694765,379.0073412786825,2130.542953083823
1785512809.1523843,DownHybrid,inactive,True,22.072793214826632,348.716311484256,431.4935304671764,2079.1312710185593
1785512809.1523843,UpHybrid,active,True,10.492128185509959,337.6742503241193,336.1420697551618,2331.2467158264117
1785512809.1523843,Close,inactive,True,21.32237292062188,393.2398989060318,422.3367696423449,1837.5515879389714
1785512809.1523843,Open,inactive,True,23.22016177318391,302.49378954547353,432.6881606207332,1890.8983238715373
1785512809.1523843,CloserHybrid,inactive,True,10.487975618164212,386.4133639627533,336.13891728947345,2045.946906559213
1785512809.1523843,FartherHybrid,inactive,True,14.487657317936234,289.7452684234537,346.18523976967776,2097.8931984832525
1785512809.65252,LeftHybrid,inactive,True,17.0404967112243,290.1376876522691,382.04430473803603,2244.6689740559523
1785512809.65252,RightHybrid,inactive,True,13.848972655253098,391.15288566442297,370.8136373624915,2177.349684825771
1785512809.65252,DownHybrid,inactive,True,20.02307519780056,346.5156112681244,424.31505314842855,2144.4733613993303
1785512809.65252,UpHybrid,hovered,True,8.383014342951592,335.248082041265,327.4668818261954,2365.3554381115027
1785512809.65252,Close,inactive,True,19.253394359414465,391.4339817271317,414.9073204748796,1892.041213120945
1785512809.65252,Open,inactive,True,21.345565212810598,299.8315144539074,425.6152119783649,1951.5851950971337
1785512809.65252,CloserHybrid,inactive,True,8.281686696179959,384.2132760715911,327.4099692817059,2074.2298709603783
1785512809.65252,FartherHybrid,inactive,True,12.92697332505117,287.0657598795202,337.6978302537826,2133.0597724396066
1785512810.1527812,LeftHybrid,inactive,True,18.36363828054936,290.5537336011696,381.64985306087556,2232.152391643118
1785512810.1527812,RightHybrid,inactive,True,13.86243465211066,391.7924962295546,370.5479017637719,2215.992043714832
1785512810.1527812,DownHybrid,inactive,True,20.674519625167108,347.2058388977805,424.1360438175839,2153.76623263122
1785512810.1527812,UpHybrid,inactive,True,9.580949165536433,335.22161550678516,326.9701593897755,2383.765966894731
1785512810.1527812,Close,inactive,True,19.41713197123942,392.3435465782236,414.9071915306872,1920.3443957241107
1785512810.1527812,Open,inactive,True,22.396038641643116,300.55241640081044,425.1993618877109,1939.387889246951
1785512810.1527812,CloserHybrid,inactive,True,8.171927338888294,384.5141262977483,326.81905406535617,2113.788417395226
1785512810.1527812,FartherHybrid,inactive,True,14.556424123570785,287.1404216278645,337.3033444622809,2125.054931047671
1785512810.6530263,LeftHybrid,inactive,True,18.01652804279288,290.53640100569464,381.75973467396136,2238.1315112095035
1785512810.6530263,RightHybrid,inactive,True,13.87515732240105,391.8052131510321,370.80270639799033,2208.0365652268374
1785512810.6530263,DownHybrid,inactive,True,20.518832395677276,347.07048301530756,424.31015390655375,2153.4898240558614
1785512810.6530263,UpHybrid,inactive,True,9.25086161198711,335.4598451677378,327.16129324519306,2381.911261676789
1785512810.6530263,Close,inactive,True,19.397313276272737,392.19557452935976,415.1108856157892,1914.6318827779905
1785512810.6530263,Open,inactive,True,22.129875708072348,300.3766186623935,425.3522790782958,1944.6946380903537
1785512810.6530263,CloserHybrid,inactive,True,8.197999871971573,384.69953081201714,327.12569709959433,2105.7297613631526
1785512810.6530263,FartherHybrid,inactive,True,14.118147538326582,287.2964924469459,337.3841407301052,2129.961493603485
1785512811.1526635,LeftHybrid,inactive,True,17.884193699072306,290.1459545367774,381.9694130745187,2239.4120953043166
1785512811.1526635,RightHybrid,inactive,True,13.602279161297535,391.4278398443869,371.2586291088023,2211.5056740153523
1785512811.1526635,DownHybrid,inactive,True,20.298531861235553,346.565683171413,424.74475684545325,2159.768099745721
1785512811.1526635,UpHybrid,inactive,True,9.09998100466943,335.190358320663,327.4516798675767,2379.9260303775154
1785512811.1526635,Close,inactive,True,19.138067511205364,391.738888891938,415.647763139695,1920.8665965159453
1785512811.1526635,Open,inactive,True,21.95963668251112,299.8552697320376,425.65980656706597,1949.3447794764725
1785512811.1526635,CloserHybrid,inactive,True,7.91962655099811,384.4031712602009,327.53097034025683,2105.3590266629762
1785512811.1526635,FartherHybrid,inactive,True,14.050473676529627,287.04344299513673,337.5603441914248,2127.457786327519
1785512811.6526713,LeftHybrid,inactive,True,18.626594238267646,290.3278016132819,382.1878509558104,2222.6926294095974
1785512811.6526713,RightHybrid,active,True,14.138614186818431,391.4072933963304,370.9744266849279,2208.0749580859556
1785512811.6526713,DownHybrid,inactive,True,20.949687070465995,346.97612146124385,424.4652795745023,2142.3600514804857
1785512811.6526713,UpHybrid,inactive,True,9.87301085396508,334.82147575088186,327.5655595749391,2377.8857257117343
1785512811.6526713,Close,inactive,True,19.680789302268984,392.02185491869477,415.2066181555825,1910.9270503837179
1785512811.6526713,Open,inactive,True,22.65956278246145,300.41117431273835,425.58749592393656,1928.7471868280481
1785512811.6526713,CloserHybrid,inactive,True,8.461386163656673,384.07192978229494,327.3435240018305,2109.105951922771
1785512811.6526713,FartherHybrid,inactive,True,14.794524166352035,286.8120705367539,337.9485115029395,2118.906636800981
1785512812.1527205,LeftHybrid,inactive,True,18.12396742804967,292.58316857964127,379.72495070401783,2237.005426569245
1785512812.1527205,RightHybrid,active,True,14.018939684151823,393.9428818099358,369.0008151019133,2212.6418742531096
1785512812.1527205,DownHybrid,inactive,True,20.659145161399017,349.0666451857604,422.38628651584895,2151.3690520451637
1785512812.1527205,UpHybrid,inactive,True,9.349758587132868,337.59854627102675,325.19594550247007,2388.3121263806315
1785512812.1527205,Close,inactive,True,19.5464288215796,394.2327730029518,413.31444855564075,1915.1743336869404
1785512812.1527205,Open,inactive,True,22.256286142767618,302.3795692672908,423.3013051390527,1940.3038497904345
1785512812.1527205,CloserHybrid,inactive,True,8.33231416926633,386.91792700992386,325.2583525850847,2113.465357961468
1785512812.1527205,FartherHybrid,inactive,True,14.195508805266599,289.37862855905735,335.33575711390984,2132.63817061796
1785512812.6527882,LeftHybrid,inactive,True,18.747575408288366,303.8107307439125,376.29589006614253,2232.7561441283833
1785512812.6527882,RightHybrid,hovered,True,15.104503068318234,405.67294140973627,367.3510876628046,2229.8080008390316
1785512812.6527882,DownHybrid,inactive,True,21.59891735790734,359.69145269222963,419.83911374370086,2143.2161651764327
1785512812.6527882,UpHybrid,inactive,True,10.007247323241982,349.75151422306953,322.4704175808816,2413.265032869378
1785512812.6527882,Close,inactive,True,20.615684868123132,405.1253217530605,411.64777971308916,1916.8859239516023
1785512812.6527882,Open,inactive,True,23.029845914534647,312.9951495769006,419.86098237685763,1923.9358765036523
1785512812.6527882,CloserHybrid,hovered,True,9.401640085729497,399.39548892067114,323.33135971443136,2143.32334357551
1785512812.6527882,FartherHybrid,inactive,True,14.577250576684426,301.1882816396096,331.85969115265317,2143.113400982569
1785512813.1530707,LeftHybrid,inactive,True,17.656908846498787,306.79407012320587,376.80126017503,2231.350420054987
1785512813.1530707,RightHybrid,inactive,True,14.652446402748113,408.2490452555126,367.5093223476424,2206.351833822875
1785512813.1530707,DownHybrid,inactive,True,20.80928840953788,362.4736124062651,420.13939147755656,2139.8474223875673
1785512813.1530707,UpHybrid,inactive,True,8.996067371264228,352.7032246189823,322.9497311663661,2389.990802520835
1785512813.1530707,Close,inactive,True,20.079319041890287,407.71080750407555,411.72993760442785,1904.9626954407286
1785512813.1530707,Open,inactive,True,22.056283701385638,315.8533746397644,420.38775227588786,1929.0519598754327
1785512813.1530707,CloserHybrid,inactive,True,9.040268412202396,402.0121879740899,323.6988296672378,2112.888412300548
1785512813.1530707,FartherHybrid,hovered,True,13.383996901892479,304.2987714740191,332.4188457900018,2133.548168477326
1785512813.6526651,LeftHybrid,inactive,True,17.16401689658976,306.6655742848342,377.0925889607619,2231.69374165123
1785512813.6526651,RightHybrid,inactive,True,13.685550752643163,408.0527268709163,368.14971467127623,2217.493289028498
1785512813.6526651,DownHybrid,inactive,True,20.02127949825175,362.15691222713053,420.88526712523293,2157.869681384109
1785512813.6526651,UpHybrid,inactive,True,8.379927310366005,352.63672995177814,323.3231280428306,2381.8456311754926
1785512813.6526651,Close,inactive,True,19.16560029050819,407.48683196099785,412.6224880341893,1924.6051787252654
1785512813.6526651,Open,inactive,True,21.441047864923114,315.5267410593119,420.91737059350635,1940.3933011319896
1785512813.6526651,CloserHybrid,inactive,True,8.040992858156294,401.84758613040555,324.2114816798216,2111.7583655300477
1785512813.6526651,FartherHybrid,inactive,True,13.110008462879948,304.3751621907468,332.6475831166356,2122.213109689539
