timestamp,event_type,amplitude_px,duration_ms,mean_velocity
1779475184.476603,Fixation,11.429891586303711,780.75,396.99005126953125
1779475184.616725,Saccade,26.92395782470703,140.126,1261.147216796875
1779475184.831847,Fixation,7.863578796386719,215.125,431.64886474609375
1779475184.84698,Saccade,13.769598960876465,15.125,1062.2431640625
1779475185.43248,Fixation,12.091744422912598,585.5,422.1976623535156
1779475185.45748,Saccade,27.4576358795166,25.0,1074.1181640625
1779475186.308225,Fixation,20.21568489074707,850.75,398.68707275390625
1779475186.403347,Saccade,22.964365005493164,95.125,1111.174072265625
1779475186.603492,Fixation,22.41805648803711,200.136,422.79486083984375
1779475186.628603,Saccade,23.047739028930664,25.119,1018.086669921875
1779475187.224073,Fixation,23.608112335205078,595.496,394.6035461425781
1779475187.269073,Saccade,5.452266216278076,45.0,1170.6246337890625
1779475187.744573,Fixation,7.147244930267334,475.5,426.33917236328125
1779475187.809573,Saccade,0.3389261066913605,65.0,1015.5210571289062
1779475188.265073,Fixation,11.547995567321777,455.5,408.5478820800781
1779475188.285073,Saccade,19.340057373046875,20.0,975.456787109375
1779475188.535317,Fixation,8.048689842224121,250.25,451.6005554199219
1779475188.550328,Saccade,21.13533592224121,15.001,1178.3084716796875
1779475188.800573,Fixation,5.061269283294678,250.25,435.1741027832031
1779475188.940695,Saccade,5.111285209655762,140.125,1020.6021118164062
1779475189.030695,Fixation,15.580060005187988,90.0,519.809814453125
1779475189.050828,Saccade,20.190982818603516,20.125,1041.9637451171875
1779475189.561195,Fixation,11.54168701171875,510.375,442.03912353515625
1779475189.581328,Saccade,15.8402738571167,20.125,1075.5574951171875
1779475189.791451,Fixation,4.7349042892456055,210.125,388.1140441894531
1779475189.8163,Saccade,27.8328914642334,25.0,1206.525634765625
1779475190.111544,Fixation,17.735929489135742,295.25,426.3720397949219
1779475190.126678,Saccade,6.668975353240967,15.125,965.91064453125
1779475190.391922,Fixation,14.282485961914062,265.25,391.4140930175781
1779475190.406922,Saccade,12.958757400512695,15.0,1116.1962890625
1779475190.8023,Fixation,16.349733352661133,395.376,452.010498046875
1779475190.8273,Saccade,20.516721725463867,24.999,1032.19189453125
1779475190.9273,Fixation,17.42181396484375,100.001,534.8364868164062
1779475190.942422,Saccade,11.846487998962402,15.129,984.5186767578125
1779475192.188544,Fixation,4.496211528778076,1246.121,427.3271179199219
1779475192.278555,Saccade,24.021329879760742,90.005,1211.2947998046875
1779475192.948959,Fixation,5.594913959503174,670.621,389.2813415527344
1779475193.104203,Saccade,3.3171956539154053,155.25,1106.6495361328125
1779475194.685581,Fixation,9.305710792541504,1581.375,406.16619873046875
1779475194.710581,Saccade,9.09581184387207,25.0,1064.2054443359375
1779475194.830714,Fixation,16.302947998046875,120.132,426.3132629394531
1779475194.890837,Saccade,12.022128105163574,60.119,1178.0633544921875
1779475195.751581,Fixation,26.16195297241211,860.75,421.2310485839844
1779475195.786581,Saccade,7.668997764587402,35.0,1257.078125
1779475195.901703,Fixation,3.480825901031494,115.125,418.85467529296875
1779475195.917022,Saccade,14.499176979064941,15.006,873.4576416015625
1779475196.3424,Fixation,19.920745849609375,425.379,408.042236328125
1779475196.617644,Saccade,71.73192596435547,275.24,2792.9609375
1779475196.727766,Fixation,14.436059951782227,110.131,1287.1865234375
1779475196.747766,Saccade,11.189586639404297,19.995,2077.760009765625
1779475197.153155,Fixation,9.420313835144043,405.386,1241.396240234375
1779475197.218266,Saccade,52.7751579284668,65.114,2156.211181640625
1779475197.313389,Fixation,16.902162551879883,95.128,823.7245483398438
1779475197.433388,Saccade,37.01409912109375,119.997,2429.540283203125
1779475197.728766,Fixation,41.41914749145508,295.375,1208.135986328125
1779475198.074022,Saccade,95.34671020507812,345.255,3683.38720703125
1779475198.509388,Fixation,119.56661987304688,435.37,476.84552001953125
1779475198.624511,Saccade,80.1517333984375,115.125,2032.4630126953125
1779475199.199729,Fixation,119.50357818603516,575.501,401.3592224121094
1779475200.005496,Saccade,224.125,805.756,3610.136474609375
1779475200.125618,Fixation,110.35209655761719,120.125,834.8583984375
1779475200.185729,Saccade,40.72627258300781,60.119,2068.566162109375
1779475200.335863,Fixation,15.928396224975586,150.125,588.3451538085938
1779475200.375863,Saccade,135.54188537597656,40.0,3245.8623046875
1779475200.485985,Fixation,22.186141967773438,110.125,436.1130676269531
1779475200.641107,Saccade,73.18763732910156,155.125,2063.9423828125
1779475203.213941,Fixation,102.3404312133789,2572.376,232.1085968017578
1779475203.464197,Saccade,460.38958740234375,250.251,4222.85205078125
1779475204.099819,Fixation,427.8807067871094,635.627,449.9361267089844
1779475204.259941,Saccade,28.57377052307129,160.123,1665.7799072265625
1779475204.980563,Fixation,34.79142761230469,720.625,229.5450439453125
1779475205.220685,Saccade,28.323001861572266,240.251,5463.6865234375
1779475205.375808,Fixation,43.11564254760742,155.124,400.2580261230469
1779475205.395808,Saccade,24.476783752441406,20.001,1020.8417358398438
1779475205.736186,Fixation,32.986656188964844,340.375,322.57550048828125
1779475205.766186,Saccade,40.18461990356445,30.0,1493.9195556640625
1779475206.096441,Fixation,90.56680297851562,330.25,374.2713928222656
1779475206.206574,Saccade,501.8760986328125,110.134,6368.25732421875
1779475206.416808,Fixation,319.5883483886719,210.241,643.83203125
1779475206.441819,Saccade,68.009521484375,25.006,2153.947021484375
1779475209.674431,Fixation,200.87864685058594,3232.996,224.91561889648438
1779475209.714431,Saccade,101.57215118408203,40.0,2599.85107421875
1779475212.232213,Fixation,209.96533203125,2517.376,225.2213592529297
1779475212.267213,Saccade,92.61795043945312,35.0,2660.271484375
1779475212.577469,Fixation,43.854679107666016,310.25,399.8780212402344
1779475212.742591,Saccade,16.29058265686035,165.125,2146.154296875
1779475213.888713,Fixation,151.3804473876953,1146.126,269.58221435546875
1779475214.013846,Saccade,496.8823547363281,125.125,4658.92529296875
1779475214.879383,Fixation,439.8891296386719,865.75,366.20806884765625
1779475215.094639,Saccade,12.35186767578125,215.25,2077.85595703125
1779475215.595017,Fixation,51.48006820678711,500.387,259.0312805175781
1779475215.805272,Saccade,242.7744903564453,210.248,3795.129638671875
1779475215.935383,Fixation,113.87370300292969,130.116,651.8485107421875
1779475215.970383,Saccade,42.29023742675781,35.0,1422.16064453125
1779475217.877371,Fixation,278.3524475097656,1906.751,299.9793701171875
1779475217.957494,Saccade,264.2168884277344,80.125,3667.427490234375
1779475218.993494,Fixation,391.8995056152344,1036.0,367.5855407714844
1779475219.238616,Saccade,18.935794830322266,245.126,3407.103271484375
1779475220.219597,Fixation,68.81221771240234,981.0,291.30792236328125
1779475220.519852,Saccade,351.8148498535156,300.25,3570.39892578125
1779475220.639974,Fixation,22.884082794189453,120.125,559.5006103515625
1779475220.659974,Saccade,26.052824020385742,20.0,1469.8543701171875
1779475221.095352,Fixation,42.79550552368164,435.376,354.2238464355469
1779475221.420597,Saccade,390.95391845703125,325.25,4540.8037109375
1779475222.06123,Fixation,172.79446411132812,640.63,408.23577880859375
1779475222.201352,Saccade,39.23343276977539,140.12,3216.817138671875
1779475222.356474,Fixation,68.8115463256836,155.125,513.765625
1779475222.59173,Saccade,562.2266235351562,235.25,5575.03955078125
1779475222.766852,Fixation,301.29522705078125,175.125,601.2192993164062
1779475222.861974,Saccade,412.01007080078125,95.125,4410.314453125
1779475223.05723,Fixation,63.27408981323242,195.25,605.8919067382812
1779475223.14723,Saccade,414.2414855957031,90.0,4130.0986328125
1779475223.90776,Fixation,281.7532043457031,760.751,415.4624328613281
1779475224.017893,Saccade,593.7413940429688,110.125,6753.4072265625
1779475224.193015,Fixation,349.8211364746094,175.125,1060.5362548828125
1779475224.223015,Saccade,93.4573745727539,30.0,2738.665771484375
1779475224.713515,Fixation,245.04563903808594,490.5,490.3083801269531
1779475224.758515,Saccade,41.79718017578125,45.0,1390.4781494140625
1779475224.838649,Fixation,25.212682723999023,80.136,477.5791931152344
1779475224.853637,Saccade,19.97893524169922,14.989,1120.11181640625
1779475225.02376,Fixation,71.4141616821289,170.125,501.41973876953125
1779475225.289015,Saccade,861.6661376953125,265.256,5332.9345703125
1779475225.484138,Fixation,368.6909484863281,195.12,1281.419189453125
1779475225.874515,Saccade,793.2684326171875,390.375,6062.673828125
1779475226.094771,Fixation,286.5203552246094,220.255,793.0838012695312
1779475226.10976,Saccade,25.61345100402832,14.995,1579.3143310546875
1779475226.309913,Fixation,161.60890197753906,200.25,558.6028442382812
1779475226.379913,Saccade,221.0929718017578,70.001,4034.970703125
1779475226.555035,Fixation,100.65740966796875,175.124,458.5785217285156
1779475226.590157,Saccade,86.96648406982422,35.125,2359.000244140625
1779475226.870413,Fixation,49.91138458251953,280.25,307.6156005859375
1779475226.900413,Saccade,64.4431381225586,30.0,1931.39892578125
1779475227.045535,Fixation,31.24185562133789,145.125,348.4806823730469
1779475227.160657,Saccade,190.113037109375,115.125,2364.460693359375
1779475227.330791,Fixation,11.810999870300293,170.133,511.4320068359375
1779475227.350791,Saccade,17.154916763305664,19.993,1026.0694580078125
1779475228.056413,Fixation,130.46432495117188,705.625,399.86151123046875
1779475228.191535,Saccade,546.9515380859375,135.125,5029.54638671875
1779475228.531913,Fixation,321.00506591796875,340.375,706.419677734375
1779475228.601913,Saccade,417.1214294433594,70.0,6050.78271484375
1779475228.722035,Fixation,78.5315170288086,120.125,563.0589599609375
1779475228.772157,Saccade,200.81056213378906,50.125,4931.22021484375
1779475228.867157,Fixation,98.45268249511719,95.0,719.0399169921875
1779475229.052413,Saccade,393.7613220214844,185.25,3922.730712890625
1779475229.217546,Fixation,83.33021545410156,165.128,599.2655639648438
1779475229.242958,Saccade,37.45051193237305,25.005,1868.6795654296875
1779475229.743447,Fixation,179.26742553710938,500.493,411.97442626953125
1779475229.83858,Saccade,637.9782104492188,95.125,7077.97705078125
1779475230.023702,Fixation,184.4369659423828,185.13,546.9520874023438
1779475230.353946,Saccade,241.45880126953125,330.245,2528.532470703125
1779475232.870701,Fixation,94.82195281982422,2517.376,243.57907104492188
1779475232.915701,Saccade,79.86518096923828,45.0,1702.4798583984375
1779475235.322957,Fixation,42.57544708251953,2407.252,236.8131561279297
1779475235.353341,Saccade,28.7891788482666,30.0,988.7986450195312
1779475236.224219,Fixation,31.677379608154297,870.875,224.27960205078125
1779475236.549464,Saccade,563.587646484375,325.25,6062.72021484375
1779475237.505341,Fixation,698.3585205078125,955.876,458.86785888671875
1779475237.615464,Saccade,36.37709426879883,110.125,1951.0340576171875
1779475238.346086,Fixation,34.03345489501953,730.625,235.60150146484375
1779475238.511594,Saccade,7.377155303955078,165.25,1564.405517578125
1779475239.627594,Fixation,6.809723854064941,1116.001,243.49464416503906
1779475239.94285,Saccade,4.0607099533081055,315.25,2822.492919921875
1779475241.508615,Fixation,20.48431396484375,1566.501,280.1718444824219
1779475241.813859,Saccade,380.2087707519531,305.25,3489.864013671875
1779475246.628841,Fixation,498.9366455078125,4814.39,264.52545166015625
1779475246.733952,Saccade,347.2675476074219,105.113,3358.461181640625
1779475246.894085,Fixation,6.427099704742432,160.125,388.7279357910156
1779475247.464718,Saccade,742.7042236328125,570.633,3496.704345703125
1779475248.550315,Fixation,536.4248657226562,1085.993,390.6037292480469
1779475248.650315,Saccade,29.945878982543945,100.0,2031.9876708984375
1779475248.900559,Fixation,46.517276763916016,250.25,443.1976013183594
1779475248.93057,Saccade,26.30396842956543,30.003,1042.095458984375
1779475249.055692,Fixation,12.873001098632812,125.122,227.25741577148438
1779475249.075692,Saccade,15.74021053314209,20.0,840.9052734375
1779475249.691315,Fixation,16.604135513305664,615.625,200.81414794921875
1779475249.881448,Saccade,424.455322265625,190.132,3570.480712890625
1779475250.061692,Fixation,375.6220397949219,180.245,754.86962890625
1779475250.076692,Saccade,20.69198226928711,14.998,2128.726806640625
1779475250.361937,Fixation,121.08256530761719,285.251,411.5822448730469
1779475250.386937,Saccade,38.87021255493164,25.0,1430.791015625
1779475250.48707,Fixation,23.36615562438965,100.125,415.1119384765625
1779475250.507411,Saccade,19.763185501098633,20.003,1018.765625
1779475250.692533,Fixation,27.998567581176758,185.122,341.48193359375
1779475250.732655,Saccade,115.31716918945312,40.125,2969.002197265625
1779475252.209033,Fixation,13.747045516967773,1476.376,237.1995391845703
1779475252.384155,Saccade,8.231622695922852,175.125,1706.6253662109375
1779475254.650967,Fixation,14.761390686035156,2267.126,209.5398406982422
1779475254.871089,Saccade,684.6823120117188,220.125,4353.54296875
1779475255.161345,Fixation,41.229183197021484,290.263,486.3554382324219
1779475255.426589,Saccade,32.32940673828125,265.237,1384.3189697265625
1779475256.82773,Fixation,673.3198852539062,1401.376,335.5160827636719
1779475256.992852,Saccade,9.513678550720215,165.125,2173.3583984375
1779475257.42323,Fixation,61.39671325683594,430.382,328.0508728027344
1779475257.648474,Saccade,383.1622009277344,225.244,4148.09375
1779475257.858596,Fixation,283.37890625,210.124,668.8551025390625
1779475258.063852,Saccade,18.82019805908203,205.251,2646.49365234375
1779475260.501904,Fixation,42.20832824707031,2437.255,243.72935485839844
1779475260.687027,Saccade,630.473876953125,185.129,3369.1201171875
1779475260.862149,Fixation,22.50106430053711,175.117,424.46209716796875
1779475260.897271,Saccade,85.32840728759766,35.125,1918.5035400390625
1779475260.982282,Fixation,20.067337036132812,85.008,425.913330078125
1779475261.087404,Saccade,67.22923278808594,105.123,1334.58837890625
1779475261.347649,Fixation,17.3570556640625,260.244,450.3323974609375
1779475261.412649,Saccade,43.587989807128906,65.0,1132.683837890625
1779475261.667904,Fixation,21.653121948242188,255.251,487.4496154785156
1779475261.943149,Saccade,258.21148681640625,275.25,2218.81005859375
1779475264.014492,Fixation,559.0706787109375,2072.001,296.8344421386719
1779475264.249614,Saccade,14.496870994567871,235.125,1700.4560546875
1779475264.44487,Fixation,6.300225734710693,195.25,303.2413330078125
1779475264.599992,Saccade,502.1698913574219,155.125,4165.5263671875
1779475264.795115,Fixation,334.66680908203125,195.125,760.128173828125
1779475264.815248,Saccade,15.502425193786621,20.125,1905.3218994140625
1779475264.94037,Fixation,61.08610916137695,125.125,654.76904296875
1779475264.99537,Saccade,125.53224182128906,55.0,2516.862548828125
1779475265.075503,Fixation,18.97020149230957,80.13,366.0519104003906
1779475265.270614,Saccade,39.44212341308594,195.12,2166.727783203125
1779475265.385759,Fixation,14.854976654052734,115.138,415.5868225097656
1779475265.420748,Saccade,69.0036849975586,34.987,2134.865234375
1779475265.57587,Fixation,58.63539123535156,155.126,279.6258239746094
1779475265.606434,Saccade,66.68704223632812,29.999,1788.6834716796875
1779475266.782556,Fixation,18.57630157470703,1176.126,198.8386688232422
1779475266.827556,Saccade,75.2673110961914,45.0,1825.4757080078125
1779475266.91769,Fixation,4.245176315307617,90.125,283.176025390625
1779475267.192934,Saccade,2.901102304458618,275.25,2669.60009765625
1779475269.069062,Fixation,31.941682815551758,1876.756,272.8729248046875
1779475269.089062,Saccade,24.981056213378906,19.995,1250.3116455078125
1779475272.987568,Fixation,164.45806884765625,3898.632,219.01316833496094
1779475273.20268,Saccade,868.5599365234375,215.121,4113.427734375
1779475273.417935,Fixation,12.421649932861328,215.252,359.9176330566406
1779475273.452935,Saccade,64.95659637451172,34.998,1883.0989990234375
1779475273.553068,Fixation,10.176937103271484,100.129,390.41314697265625
1779475273.71318,Saccade,79.27957153320312,160.121,4214.2529296875
1779475274.90995,Fixation,611.5696411132812,1196.125,350.3717956542969
1779475275.180205,Saccade,38.16221237182617,270.258,3671.098388671875
1779475275.610572,Fixation,24.510059356689453,430.368,310.7868347167969
1779475275.785705,Saccade,32.978721618652344,175.132,2177.93701171875
1779475276.116072,Fixation,57.9509391784668,330.368,377.4154968261719
1779475276.48645,Saccade,483.0885925292969,370.375,3497.431396484375
1779475276.796694,Fixation,343.53192138671875,310.25,691.6478271484375
1779475276.906839,Saccade,612.0783081054688,110.139,5360.12646484375
1779475277.04195,Fixation,157.549560546875,135.116,775.4912109375
1779475277.11195,Saccade,44.77861022949219,69.996,2898.179931640625
1779475277.277194,Fixation,144.20179748535156,165.25,648.6701049804688
1779475277.387194,Saccade,296.9485778808594,110.0,3921.333251953125
1779475277.512327,Fixation,33.18461227416992,125.125,508.434814453125
1779475277.702051,Saccade,632.3619384765625,190.25,4373.47216796875
1779475277.872184,Fixation,195.1543731689453,170.13,568.0033569335938
1779475277.902173,Saccade,55.206172943115234,29.995,1995.4178466796875
1779475278.617806,Fixation,89.89655303955078,715.626,357.3479309082031
1779475278.938173,Saccade,507.518798828125,320.375,3473.437255859375
1779475279.038306,Fixation,101.905029296875,100.125,1113.152587890625
1779475279.073306,Saccade,62.78793716430664,35.0,2730.940185546875
1779475279.233428,Fixation,51.6544303894043,160.125,693.1290893554688
1779475279.298429,Saccade,188.4413604736328,65.0,3048.894775390625
1779475279.373551,Fixation,34.71654510498047,75.125,442.359619140625
1779475279.478673,Saccade,487.4754333496094,105.125,4476.869140625
1779475279.593806,Fixation,165.67266845703125,115.125,875.0490112304688
1779475279.738929,Saccade,127.00444793701172,145.125,2776.371826171875
1779475279.959051,Fixation,146.92605590820312,220.125,636.4690551757812
1779475279.994173,Saccade,53.98750686645508,35.125,1941.719970703125
1779475280.249306,Fixation,104.68102264404297,255.125,392.8917236328125
1779475280.544673,Saccade,676.6780395507812,295.375,4867.498046875
1779475280.769806,Fixation,438.23291015625,225.13,1004.8191528320312
1779475280.80553,Saccade,80.87074279785156,35.127,2189.396728515625
1779475280.975652,Fixation,34.69824981689453,170.129,509.42327880859375
1779475281.010641,Saccade,78.50009155273438,34.99,2004.73193359375
1779475281.125786,Fixation,34.10511779785156,115.137,360.5887756347656
1779475281.150774,Saccade,41.00473403930664,24.995,1642.584228515625
1779475281.250897,Fixation,79.63229370117188,100.118,622.4124145507812
1779475281.290897,Saccade,102.15750885009766,40.0,2890.3203125
1779475281.906519,Fixation,105.06438446044922,615.625,458.35546875
1779475282.191774,Saccade,741.9850463867188,285.25,5443.16162109375
1779475282.406897,Fixation,462.6081237792969,215.125,839.7579956054688
1779475282.432019,Saccade,60.22279739379883,25.126,2289.01171875
1779475283.06253,Fixation,113.91896057128906,630.506,392.4793395996094
1779475283.077519,Saccade,26.955657958984375,14.994,1067.3697509765625
1779475283.307774,Fixation,48.10772705078125,230.25,394.53204345703125
1779475283.342774,Saccade,34.52946090698242,35.0,1419.6334228515625
1779475283.52303,Fixation,32.42091369628906,180.255,452.3800964355469
1779475283.543019,Saccade,19.011329650878906,19.995,896.0286254882812
1779475284.033471,Fixation,40.550838470458984,490.375,267.6680908203125
1779475284.153593,Saccade,51.406463623046875,120.125,2886.185302734375
1779475284.403849,Fixation,41.51604461669922,250.251,362.5815734863281
1779475284.453849,Saccade,216.20855712890625,50.0,4355.99609375
1779475284.869349,Fixation,31.762001037597656,415.5,247.39332580566406
1779475284.924349,Saccade,172.69619750976562,55.0,2913.600830078125
1779475285.079471,Fixation,41.74925994873047,155.125,417.379638671875
1779475285.259593,Saccade,199.6348876953125,180.125,3031.94775390625
1779475286.065349,Fixation,145.18820190429688,805.75,360.5442810058594
1779475286.195471,Saccade,13.967323303222656,130.125,2720.664306640625
1779475286.876138,Fixation,18.405967712402344,680.626,275.59771728515625
1779475287.266516,Saccade,23.04120445251465,390.375,3369.903076171875
1779475288.317516,Fixation,31.145700454711914,1051.001,283.1768798828125
1779475288.557772,Saccade,287.6005554199219,240.254,2834.768798828125
1779475288.792905,Fixation,25.50398063659668,235.129,384.20965576171875
1779475288.853016,Saccade,279.8336486816406,60.121,4787.40185546875
1779475289.633772,Fixation,18.039337158203125,780.746,227.7326202392578
1779475289.77336,Saccade,13.890913963317871,140.125,2477.796875
1779475290.719238,Fixation,31.169580459594727,945.876,299.1018981933594
1779475290.92936,Saccade,7.231491565704346,210.125,2908.700439453125
1779475291.044482,Fixation,8.036590576171875,115.125,444.4716491699219
1779475291.099605,Saccade,125.52456665039062,55.125,2252.1806640625
1779475291.259738,Fixation,10.536005020141602,160.125,316.5050354003906
1779475291.294738,Saccade,67.75296783447266,35.0,1958.4180908203125
1779475291.46986,Fixation,11.701181411743164,175.125,350.09857177734375
1779475291.504994,Saccade,102.05287170410156,35.137,2263.420166015625
1779475291.790238,Fixation,38.778961181640625,285.238,273.9296875
1779475291.870249,Saccade,121.56246185302734,80.014,1732.705078125
1779475292.235616,Fixation,3.307431221008301,365.367,244.0266571044922
1779475292.47086,Saccade,6.4637346267700195,235.245,2748.37646484375
1779475292.625983,Fixation,35.424964904785156,155.125,386.2740478515625
1779475292.645983,Saccade,23.43067169189453,20.0,1187.25146484375
1779475293.497003,Fixation,81.63070678710938,850.75,301.1376037597656
1779475293.697247,Saccade,592.4880981445312,200.25,5704.08837890625
1779475293.83738,Fixation,352.3144836425781,140.126,1005.5082397460938
1779475293.917381,Saccade,190.90707397460938,80.0,5705.9931640625
1779475294.082625,Fixation,140.66891479492188,165.25,394.0231628417969
1779475294.137625,Saccade,126.65901947021484,55.0,2692.876953125
1779475294.267747,Fixation,16.422203063964844,130.125,445.14715576171875
1779475294.307758,Saccade,58.113250732421875,40.009,1757.7490234375
1779475294.488003,Fixation,15.855725288391113,180.241,221.26943969726562
1779475294.513003,Saccade,34.102909088134766,25.0,1305.9364013671875
1779475294.713125,Fixation,45.610084533691406,200.125,399.7674865722656
1779475294.753125,Saccade,81.42414093017578,40.0,2083.9912109375
1779475294.993381,Fixation,76.11376953125,240.25,714.400390625
1779475295.208636,Saccade,672.2949829101562,215.256,6071.43212890625
1779475295.43888,Fixation,384.318115234375,230.245,676.1282348632812
1779475295.45888,Saccade,28.264963150024414,19.999,1838.5216064453125
1779475296.344339,Fixation,136.70877075195312,885.756,416.9282531738281
1779475296.374328,Saccade,66.50617218017578,29.995,1839.6995849609375
1779475296.669705,Fixation,135.39077758789062,295.375,486.8165283203125
1779475296.804828,Saccade,5.985136032104492,135.125,1839.729736328125
1779475298.316205,Fixation,72.02786254882812,1511.376,317.37982177734375
1779475298.561461,Saccade,109.11678314208984,245.25,2982.69775390625
1779475299.317173,Fixation,61.21762466430664,755.626,361.13226318359375
1779475299.442296,Saccade,571.6845703125,125.124,5804.03564453125
1779475299.667551,Fixation,199.61932373046875,225.251,589.7566528320312
1779475299.797673,Saccade,435.140869140625,130.129,5458.521484375
1779475301.253929,Fixation,325.6783752441406,1456.247,333.0502014160156
1779475301.524173,Saccade,412.0244140625,270.25,3563.69287109375
1779475301.664295,Fixation,227.3111572265625,140.125,853.9320678710938
1779475302.214745,Saccade,340.5702819824219,550.625,3683.72412109375
1779475302.319745,Fixation,47.43830871582031,105.0,483.95208740234375
1779475302.354867,Saccade,49.58877182006836,35.125,1555.0904541015625
1779475302.645112,Fixation,18.53900718688965,290.251,325.7704772949219
1779475302.865245,Saccade,393.4768981933594,220.125,3806.912353515625
1779475304.907112,Fixation,120.48172760009766,2041.876,459.3150939941406
1779475305.082593,Saccade,411.6882629394531,175.25,3731.969970703125
1779475305.292716,Fixation,35.30152893066406,210.125,455.9940185546875
1779475305.317715,Saccade,19.49693489074707,25.0,1046.9415283203125
1779475306.794104,Fixation,6.159931659698486,1476.387,248.5674285888672
1779475306.964226,Saccade,18.541399002075195,170.125,2013.0628662109375
1779475308.986022,Fixation,127.86925506591797,2021.866,280.4825439453125
1779475309.106144,Saccade,407.6114501953125,120.124,3989.701904296875
1779475310.127144,Fixation,249.9152374267578,1021.001,371.0619201660156
1779475310.307278,Saccade,250.58633422851562,180.125,2742.22265625
1779475311.578876,Fixation,117.56859588623047,1271.25,285.92529296875
1779475311.783999,Saccade,274.0564880371094,205.125,3369.231689453125
1779475313.545632,Fixation,6.519041538238525,1761.627,336.7478942871094
1779475313.685765,Saccade,347.28887939453125,140.134,3254.158203125
1779475314.916816,Fixation,197.1721954345703,1231.116,276.2637023925781
1779475315.046949,Saccade,7.701250076293945,130.125,2192.46337890625
1779475317.02822,Fixation,16.967395782470703,1981.876,268.941650390625
1779475317.193353,Saccade,31.188798904418945,165.126,2738.15576171875
1779475317.813975,Fixation,56.87371826171875,620.625,271.4581298828125
1779475318.004097,Saccade,60.0665283203125,190.125,3025.666748046875
1779475318.669731,Fixation,40.15420913696289,665.625,278.97601318359375
1779475318.684731,Saccade,15.875767707824707,15.0,972.9352416992188
1779475318.829864,Fixation,50.34028244018555,145.139,350.1923522949219
1779475318.934975,Saccade,497.5920715332031,105.112,5815.064453125
1779475319.140097,Fixation,277.0903625488281,205.125,771.2166137695312
1779475319.165231,Saccade,43.22610855102539,25.125,1787.2294921875
1779475320.501746,Fixation,187.37075805664062,1336.125,346.6350402832031
1779475320.797124,Saccade,504.0876159667969,295.376,5819.5244140625
1779475322.283491,Fixation,205.37124633789062,1486.375,427.34161376953125
1779475322.298502,Saccade,15.753337860107422,15.011,1479.6357421875
1779475322.969124,Fixation,132.51292419433594,670.615,400.8263854980469
1779475323.103918,Saccade,744.97509765625,135.125,6078.9501953125
1779475323.259041,Fixation,102.77006530761719,155.125,519.5999755859375
1779475323.27404,Saccade,24.79924774169922,15.0,1341.1453857421875
1779475327.20347,Fixation,88.4825210571289,3928.627,245.89639282226562
1779475327.22347,Saccade,18.273183822631836,20.0,884.2501220703125
1779475327.879103,Fixation,17.927776336669922,655.634,251.7187957763672
1779475327.899092,Saccade,17.590219497680664,19.992,877.9749755859375
1779475330.536506,Fixation,139.3289031982422,2637.376,251.43392944335938
1779475330.891884,Saccade,519.5437622070312,355.378,4857.044921875
1779475331.137128,Fixation,18.267841339111328,245.247,412.4375
1779475331.17714,Saccade,11.26747989654541,40.006,957.4996948242188
1779475331.267251,Fixation,17.885473251342773,90.119,488.7537536621094
1779475331.522506,Saccade,42.68788528442383,255.251,1482.43603515625
1779475331.897762,Fixation,411.7445373535156,375.25,680.3197021484375
1779475331.912884,Saccade,32.8001594543457,15.125,1779.1728515625
1779475332.638424,Fixation,184.3350067138672,725.631,318.9862365722656
1779475332.738535,Saccade,12.839704513549805,100.119,2314.084228515625
1779475333.779424,Fixation,43.757606506347656,1040.885,257.0608215332031
1779475333.824535,Saccade,153.13421630859375,45.116,3409.6708984375
1779475334.049669,Fixation,23.4874267578125,225.125,267.7104187011719
1779475334.079791,Saccade,79.98794555664062,30.125,2300.64208984375
1779475334.279913,Fixation,8.384174346923828,200.125,292.1618957519531
1779475334.304913,Saccade,29.221370697021484,25.0,1124.3494873046875
1779475336.231419,Fixation,33.722740173339844,1926.751,286.39801025390625
1779475336.386663,Saccade,495.75030517578125,155.25,4068.015869140625
1779475336.666919,Fixation,402.73724365234375,280.251,769.6091918945312
1779475336.882041,Saccade,128.34266662597656,215.125,3054.6552734375
1779475336.992163,Fixation,34.177059173583984,110.125,496.39483642578125
1779475337.027163,Saccade,86.47804260253906,35.0,2545.062255859375
1779475343.597916,Fixation,228.05682373046875,6571.128,235.13421630859375
1779475343.823038,Saccade,786.235595703125,225.126,4022.890869140625
1779475344.30399,Fixation,88.48805236816406,480.504,406.966796875
1779475344.318979,Saccade,40.15556716918945,14.996,1679.9178466796875
1779475345.274856,Fixation,485.6904296875,955.875,344.996337890625
1779475345.45499,Saccade,74.21578216552734,180.138,2660.5830078125
1779475346.606112,Fixation,225.63323974609375,1151.113,318.2973937988281
1779475346.786234,Saccade,57.77373123168945,180.125,1653.21875
1779475347.181612,Fixation,94.09552764892578,395.375,576.7911376953125
1779475347.196612,Saccade,25.492563247680664,15.001,1232.844482421875
1779475347.5121,Fixation,81.38868713378906,315.375,451.828125
1779475347.682233,Saccade,418.8186340332031,170.125,5628.83056640625
1779475347.907478,Fixation,222.6261444091797,225.254,560.9912109375
1779475347.947478,Saccade,112.83232879638672,39.996,2649.754150390625
1779475348.0826,Fixation,60.620750427246094,135.125,355.1754455566406
1779475348.1326,Saccade,214.16232299804688,50.0,4312.19921875
1779475348.297733,Fixation,23.247774124145508,165.125,461.2945251464844
1779475348.407856,Saccade,613.0194702148438,110.125,5888.0830078125
1779475348.542978,Fixation,158.63888549804688,135.125,612.8384399414062
1779475348.5731,Saccade,73.41793823242188,30.125,3219.45556640625
1779475348.793233,Fixation,138.5247802734375,220.134,458.0961608886719
1779475348.938355,Saccade,415.23822021484375,145.116,4707.8740234375
1779475349.073478,Fixation,133.83370971679688,135.125,647.9214477539062
1779475349.113489,Saccade,149.5970458984375,40.009,4276.92431640625
1779475349.343733,Fixation,47.3066520690918,230.242,367.21600341796875
1779475349.378733,Saccade,59.57899856567383,35.004,1716.4915771484375
1779475349.563978,Fixation,39.6796989440918,185.246,277.3190612792969
1779475349.593978,Saccade,35.786460876464844,30.0,1342.19140625
1779475350.129478,Fixation,46.123382568359375,535.5,273.16644287109375
1779475350.35989,Saccade,244.17529296875,230.25,4186.248046875
1779475350.755267,Fixation,4.367616176605225,395.385,328.24298095703125
1779475350.89039,Saccade,11.926578521728516,135.115,2255.140869140625
1779475352.041389,Fixation,9.90233325958252,1151.001,285.588623046875
1779475352.106512,Saccade,265.62286376953125,65.125,3907.263427734375
1779475352.752012,Fixation,32.007164001464844,645.502,272.9574890136719
1779475352.812134,Saccade,157.1225128173828,60.123,2678.08642578125
1779475352.967267,Fixation,8.861136436462402,155.126,329.5777282714844
1779475353.13239,Saccade,119.2153549194336,165.125,2666.463134765625
1779475353.412634,Fixation,132.724609375,280.25,505.268798828125
1779475353.437429,Saccade,43.529563903808594,25.0,1455.69384765625
1779475353.542562,Fixation,174.10488891601562,105.125,735.8700561523438
1779475353.637685,Saccade,510.76129150390625,95.125,6591.79833984375
1779475354.343307,Fixation,495.1230773925781,705.625,567.0933837890625
1779475354.778685,Saccade,890.6548461914062,435.381,4769.0185546875
1779475354.898807,Fixation,182.20262145996094,120.12,1066.969970703125
1779475354.943818,Saccade,190.8806915283203,45.009,4322.57861328125
1779475355.214185,Fixation,144.6549530029297,270.37,1074.37646484375
1779475355.414307,Saccade,683.4813232421875,200.121,6122.67578125
1779475355.594429,Fixation,255.5918731689453,180.125,784.0198974609375
1779475355.629562,Saccade,104.7746353149414,35.125,3326.62841796875
1779475357.065611,Fixation,231.9648895263672,1436.251,370.3464660644531
1779475357.285866,Saccade,564.7638549804688,220.25,4561.15625
1779475357.450989,Fixation,327.29620361328125,165.125,842.4049072265625
1779475357.495989,Saccade,177.61903381347656,45.0,4743.25244140625
1779475357.671244,Fixation,74.97355651855469,175.25,477.9031066894531
1779475357.711244,Saccade,123.12337493896484,40.0,2557.978759765625
1779475357.946489,Fixation,146.3335723876953,235.25,583.4993286132812
1779475358.201744,Saccade,648.5269775390625,255.25,6223.23193359375
1779475358.727122,Fixation,363.1535339355469,525.378,533.8493041992188
1779475358.762244,Saccade,88.80091094970703,35.123,2726.635009765625
1779475359.0225,Fixation,38.60118103027344,260.256,358.134521484375
1779475359.052489,Saccade,53.537208557128906,29.994,1774.9991455078125
1779475359.252611,Fixation,37.432125091552734,200.125,385.5269470214844
1779475359.443032,Saccade,58.06959533691406,190.25,2199.50732421875
1779475360.37391,Fixation,142.1615447998047,930.876,337.8391418457031
1779475360.579032,Saccade,632.5889282226562,205.125,3903.55712890625
1779475360.91441,Fixation,274.975341796875,335.375,544.3260498046875
1779475360.94441,Saccade,29.276273727416992,30.0,1508.287353515625
1779475361.249665,Fixation,33.903690338134766,305.254,303.42901611328125
1779475361.50991,Saccade,413.69677734375,260.246,5826.35546875
1779475361.745155,Fixation,126.60240173339844,235.25,604.4766845703125
1779475361.785155,Saccade,105.88914489746094,40.001,2963.056396484375
1779475361.905277,Fixation,17.4238224029541,120.124,233.72508239746094
1779475361.950277,Saccade,176.17662048339844,45.0,3532.429931640625
1779475362.08541,Fixation,54.2908935546875,135.126,488.29241943359375
1779475362.230532,Saccade,668.32763671875,145.127,5514.53564453125
1779475370.087781,Fixation,561.4037475585938,7857.252,254.60458374023438
1779475370.283025,Saccade,388.3892517089844,195.25,2663.297607421875
1779475370.648292,Fixation,21.689403533935547,365.259,362.7681579589844
1779475370.823536,Saccade,33.69142532348633,175.242,1455.42236328125
1779475371.683641,Fixation,577.7739868164062,860.752,398.5783996582031
1779475371.798764,Saccade,19.358373641967773,115.123,2314.025634765625
1779475373.850641,Fixation,182.18060302734375,2051.876,317.5188903808594
1779475374.201019,Saccade,458.47607421875,350.375,4206.990234375
1779475374.401141,Fixation,73.73719787597656,200.126,447.33929443359375
1779475374.756478,Saccade,300.9853820800781,355.375,3862.65576171875
1779475376.287856,Fixation,78.7154312133789,1531.38,252.61935424804688
1779475376.933478,Saccade,130.5216827392578,645.621,3471.83154296875
1779475377.228733,Fixation,45.746734619140625,295.25,485.7774658203125
1779475377.253733,Saccade,48.59406661987305,25.0,1534.6895751953125
1779475377.453978,Fixation,87.91639709472656,200.25,454.4756774902344
1779475377.488978,Saccade,66.59982299804688,35.0,2213.5615234375
1779475377.5891,Fixation,35.08586883544922,100.126,392.2647705078125
1779475377.619608,Saccade,63.299041748046875,30.0,2088.785888671875
1779475378.009986,Fixation,88.28455352783203,390.375,353.4779052734375
1779475378.425364,Saccade,401.5203552246094,415.379,3375.5771484375
1779475378.570486,Fixation,4.571308135986328,145.121,407.81500244140625
1779475378.670608,Saccade,66.55863189697266,100.125,1420.9422607421875
1779475384.015552,Fixation,617.1475219726562,5344.878,289.9441833496094
1779475384.305807,Saccade,862.4928588867188,290.25,4169.068359375
1779475385.196685,Fixation,640.3103637695312,890.876,445.2899475097656
1779475385.306685,Saccade,35.78555679321289,110.005,2999.641357421875
1779475386.09243,Fixation,87.74077606201172,785.745,284.6912841796875
1779475386.187552,Saccade,426.8787841796875,95.125,5179.72900390625
1779475386.432807,Fixation,238.89956665039062,245.251,556.597900390625
1779475386.457808,Saccade,29.56816291809082,25.0,1167.61279296875
1779475386.722735,Fixation,69.46339416503906,265.25,335.4516296386719
1779475387.333235,Saccade,255.35845947265625,610.5,4481.4541015625
1779475387.463357,Fixation,95.29248046875,130.125,686.618896484375
1779475387.493479,Saccade,53.43966293334961,30.125,2465.2802734375
1779475387.618602,Fixation,68.67727661132812,125.125,473.77252197265625
1779475387.643602,Saccade,24.082778930664062,25.0,1321.0064697265625
1779475387.808735,Fixation,113.0420913696289,165.125,654.2984619140625
1779475388.033979,Saccade,311.6299743652344,225.251,3825.677734375
1779475388.224102,Fixation,342.8622741699219,190.125,919.0777587890625
1779475388.269102,Saccade,195.17970275878906,45.0,4195.2548828125
1779475388.369235,Fixation,34.41887664794922,100.125,678.3018798828125
1779475388.699613,Saccade,100.05830383300781,330.379,3767.66015625
1779475389.164979,Fixation,23.610925674438477,465.371,846.143798828125
1779475389.285102,Saccade,10.996095657348633,120.125,2217.914306640625
1779475389.375235,Fixation,18.611555099487305,90.128,886.19970703125
1779475389.470235,Saccade,10.357728004455566,94.997,2278.105224609375
1779475389.640357,Fixation,33.4891357421875,170.126,1023.0389404296875
1779475389.720803,Saccade,17.01547622680664,80.124,2026.45703125
1779475389.961058,Fixation,43.1030158996582,240.251,1370.086181640625
1779475390.05118,Saccade,13.070939064025879,90.125,2993.08447265625
1779475390.726681,Fixation,20.29802703857422,675.5,892.5084228515625
1779475390.896936,Saccade,16.665672302246094,170.25,2661.576416015625
1779475391.242192,Fixation,81.36920166015625,345.256,1390.8321533203125
1779475391.26718,Saccade,32.05242156982422,24.994,2600.474853515625
1779475391.372303,Fixation,5.361397743225098,105.126,1495.3294677734375
1779475391.407436,Saccade,11.767220497131348,35.125,2241.88818359375
1779475392.022936,Fixation,20.423551559448242,615.5,863.4447021484375
1779475392.047936,Saccade,16.277908325195312,25.0,1455.628173828125
1779475392.193058,Fixation,13.198528289794922,145.125,597.1021118164062
1779475392.393303,Saccade,8.609517097473145,200.25,1802.4127197265625
1779475392.82817,Fixation,15.01769733428955,435.375,508.8355407714844
1779475392.973292,Saccade,18.75390625,145.126,1192.9849853515625
1779475393.058425,Fixation,6.235240936279297,85.129,588.0348510742188
1779475393.083425,Saccade,26.390766143798828,24.995,1122.1651611328125
1779475393.34367,Fixation,19.849262237548828,260.251,446.48406982421875
1779475393.37367,Saccade,32.23051071166992,30.0,1403.0118408203125
1779475394.324548,Fixation,3.2748873233795166,950.875,508.5538330078125
1779475394.339548,Saccade,25.73677635192871,15.0,1531.3299560546875
1779475395.05517,Fixation,12.891489028930664,715.626,511.12689208984375
1779475395.070303,Saccade,13.99441146850586,15.125,1770.8719482421875
1779475397.637593,Fixation,13.949726104736328,2567.251,517.8350219726562
1779475397.727715,Saccade,21.59830665588379,90.125,2380.772216796875
1779475397.957971,Fixation,21.961196899414062,230.256,1214.97021484375
1779475397.987971,Saccade,10.40365219116211,29.994,2016.2977294921875
1779475399.089588,Fixation,60.8682746887207,1101.001,623.8694458007812
1779475399.865344,Saccade,44.75902557373047,775.759,2056.32373046875
1779475400.105588,Fixation,45.93085861206055,240.242,810.7969970703125
1779475400.175588,Saccade,20.26641273498535,70.0,2064.969482421875
1779475400.29571,Fixation,34.88541793823242,120.125,755.7791137695312
1779475400.31571,Saccade,25.808116912841797,20.0,1650.364990234375
1779475400.490966,Fixation,9.85728645324707,175.25,763.8231811523438
1779475400.605977,Saccade,22.960786819458008,115.011,1933.5684814453125
1779475400.761221,Fixation,44.45204162597656,155.245,830.2144165039062
1779475400.86621,Saccade,60.78987121582031,104.994,2576.87744140625
1779475401.011344,Fixation,78.6611328125,145.125,1008.2620239257812
1779475401.031466,Saccade,16.717464447021484,20.125,1858.8787841796875
1779475401.752088,Fixation,45.642513275146484,720.626,812.061279296875
1779475401.772088,Saccade,15.515546798706055,20.004,1620.5838623046875
1779475402.888252,Fixation,21.46050453186035,1115.996,741.5115356445312
1779475402.908252,Saccade,9.630851745605469,20.002,1508.8074951171875
1779475405.365047,Fixation,6.798355579376221,2457.25,358.9508056640625
1779475405.38017,Saccade,13.423609733581543,15.125,891.783203125
1779475407.872425,Fixation,12.865883827209473,2492.251,395.39825439453125
1779475407.892425,Saccade,16.876279830932617,20.0,961.8336791992188
1779475408.09767,Fixation,4.439453601837158,205.25,326.3561096191406
1779475408.11767,Saccade,18.856428146362305,20.0,910.3583984375
1779475408.698581,Fixation,19.286846160888672,580.501,332.2230529785156
1779475408.718581,Saccade,21.315555572509766,20.0,1274.60498046875
1779475409.684459,Fixation,38.54146957397461,965.877,322.91705322265625
1779475409.704459,Saccade,28.377172470092773,19.998,1341.2891845703125
1779475409.824581,Fixation,1.6690795421600342,120.125,401.1456604003906
1779475409.854703,Saccade,33.44175338745117,30.125,1161.45458984375
1779475410.680459,Fixation,44.0942268371582,825.751,351.7431335449219
1779475410.695459,Saccade,14.27612590789795,15.0,966.5215454101562
1779475411.010715,Fixation,9.393848419189453,315.25,382.9536437988281
1779475411.025715,Saccade,17.913442611694336,15.0,1199.079833984375
1779475413.897668,Fixation,10.29653549194336,2872.627,394.7643737792969
1779475413.912679,Saccade,15.28618049621582,15.009,1280.529541015625
1779475415.164267,Fixation,11.769848823547363,1251.242,434.609375
1779475415.184267,Saccade,17.496517181396484,20.0,1011.8709106445312
1779475419.418505,Fixation,12.872344017028809,4233.877,395.3001708984375
1779475419.438505,Saccade,24.423133850097656,20.0,1164.69775390625
1779475422.115857,Fixation,31.917171478271484,2677.502,381.0799560546875
1779475422.190979,Saccade,4.8005194664001465,75.125,980.959716796875
1779475422.601357,Fixation,21.44614601135254,410.375,421.5156555175781
1779475422.621357,Saccade,20.086641311645508,20.0,1082.882080078125
1779475423.026724,Fixation,45.4995002746582,405.375,715.967529296875
1779475423.096724,Saccade,22.84467887878418,70.0,1715.25537109375
1779475423.216857,Fixation,11.418539047241211,120.125,660.6154174804688
1779475423.236857,Saccade,17.80225372314453,20.0,1537.91064453125
1779475423.637235,Fixation,37.93354034423828,400.376,641.1979370117188
1779475423.732357,Saccade,42.738521575927734,95.125,2266.63916015625
1779475423.817479,Fixation,49.45338439941406,85.125,832.6942749023438
1779475423.857479,Saccade,3.3034849166870117,40.0,2254.213134765625
1779475424.037602,Fixation,40.67185592651367,180.125,846.607421875
1779475424.072613,Saccade,56.552642822265625,35.011,2345.21044921875
1779475424.402991,Fixation,14.441049575805664,330.373,795.1292724609375
1779475424.422979,Saccade,15.487621307373047,19.991,2239.8271484375
1779475424.513102,Fixation,12.93509578704834,90.125,1218.2620849609375
1779475424.593032,Saccade,55.334678649902344,80.0,2588.7890625
1779475424.708166,Fixation,21.957351684570312,115.125,1264.1474609375
1779475425.418788,Saccade,38.717350006103516,710.63,2399.2373046875
1779475425.574032,Fixation,7.779115200042725,155.246,1090.80859375
1779475425.804166,Saccade,26.66097640991211,230.125,2449.710693359375
1779475425.879288,Fixation,16.223140716552734,75.125,1144.30029296875
1779475425.939288,Saccade,32.216609954833984,60.0,2166.289794921875
1779475426.06441,Fixation,44.04639434814453,125.125,1095.9749755859375
1779475426.109421,Saccade,26.453601837158203,45.005,2796.7265625
1779475426.194532,Fixation,14.066983222961426,85.12,1406.3095703125
1779475426.239532,Saccade,22.178680419921875,45.0,2247.894775390625
1779475426.419799,Fixation,44.305206298828125,180.262,1389.169677734375
1779475426.720032,Saccade,24.995777130126953,300.239,4076.86572265625
1779475427.15041,Fixation,32.871822357177734,430.375,969.6691284179688
1779475427.17041,Saccade,11.085992813110352,20.0,1747.52490234375
1779475427.380666,Fixation,24.65082359313965,210.25,845.8045043945312
1779475427.395666,Saccade,26.379472732543945,15.0,1600.1287841796875
1779475427.490788,Fixation,24.05269432067871,95.125,516.5764770507812
1779475427.510412,Saccade,21.39530372619629,20.0,1221.8983154296875
1779475427.610546,Fixation,31.134931564331055,100.13,511.6989440917969
1779475427.805657,Saccade,61.437469482421875,195.12,1950.9979248046875
1779475427.88579,Fixation,13.853793144226074,80.128,1036.373779296875
1779475428.366168,Saccade,10.02677059173584,480.373,2879.960693359375
1779475428.51629,Fixation,50.16041564941406,150.125,1134.115478515625
1779475428.621412,Saccade,44.68051528930664,105.129,4465.06982421875
1779475428.701535,Fixation,15.72281265258789,80.121,2494.13232421875
1779475428.776535,Saccade,16.351470947265625,75.0,4859.3251953125
1779475428.911668,Fixation,10.630631446838379,135.125,1555.571044921875
1779475428.951668,Saccade,6.86763858795166,40.0,2241.1484375
1779475429.297035,Fixation,4.922534942626953,345.375,1163.860595703125
1779475429.322035,Saccade,0.8038728833198547,25.0,1906.0384521484375
1779475429.492168,Fixation,13.002408027648926,170.125,981.0841064453125
1779475429.647412,Saccade,57.14704513549805,155.25,2250.61083984375
1779475429.752412,Fixation,26.745525360107422,105.0,1435.017578125
1779475429.767534,Saccade,34.58070755004883,15.125,2273.725830078125
1779475429.952668,Fixation,40.10517501831055,185.125,1153.967041015625
1779475430.022668,Saccade,12.857335090637207,70.0,2124.05322265625
1779475430.13279,Fixation,23.501914978027344,110.126,889.4213256835938
1779475430.162801,Saccade,42.042930603027344,30.013,2218.669677734375
1779475430.272912,Fixation,61.110923767089844,110.112,1380.780029296875
1779475430.333035,Saccade,13.401653289794922,60.125,2152.5595703125
1779475430.813443,Fixation,9.028178215026855,480.375,912.85595703125
1779475430.963565,Saccade,18.195405960083008,150.125,2512.442138671875
1779475431.043699,Fixation,24.40278434753418,80.125,1056.7479248046875
1779475431.083699,Saccade,73.06517028808594,40.0,2467.459228515625
1779475431.263954,Fixation,82.12751007080078,180.257,816.9567260742188
1779475431.474076,Saccade,56.279258728027344,210.125,2057.121826171875
1779475431.564198,Fixation,63.88078308105469,90.119,1087.6251220703125
1779475431.739321,Saccade,56.80921173095703,175.125,3648.76904296875
1779475432.259821,Fixation,17.306015014648438,520.5,862.5000610351562
1779475432.765332,Saccade,11.7539644241333,505.508,2847.322998046875
1779475432.885454,Fixation,36.16947937011719,120.13,658.361083984375
1779475432.910443,Saccade,20.164085388183594,24.988,1830.5758056640625
1779475433.025576,Fixation,49.730918884277344,115.124,668.9459228515625
1779475433.390821,Saccade,348.216552734375,365.25,3638.455810546875
1779475433.711796,Fixation,132.09507751464844,320.379,499.6964416503906
1779475433.756796,Saccade,99.74578094482422,44.997,2599.62158203125
1779475433.896919,Fixation,81.07141876220703,140.125,364.4779052734375
1779475434.072052,Saccade,53.60443878173828,175.129,3142.802001953125
1779475434.172174,Fixation,31.526058197021484,100.121,400.2825927734375
1779475434.197174,Saccade,26.61519432067871,25.0,1112.7147216796875
1779475434.332296,Fixation,19.848548889160156,135.125,447.7496337890625
1779475434.517541,Saccade,655.07373046875,185.25,5911.14111328125
1779475434.802796,Fixation,255.68165588378906,285.251,541.421142578125
1779475434.857796,Saccade,212.90908813476562,55.0,4147.88720703125
1779475435.047919,Fixation,96.22969818115234,190.124,467.6195983886719
1779475435.268174,Saccade,804.4535522460938,220.251,5043.4716796875
1779475435.913796,Fixation,230.19540405273438,645.625,384.8122253417969
1779475435.963796,Saccade,41.76340866088867,50.0,3336.3427734375
1779475436.389174,Fixation,332.591796875,425.375,449.7401428222656
1779475436.484296,Saccade,152.93992614746094,95.125,2779.502685546875
1779475436.729401,Fixation,114.9379653930664,245.251,389.76531982421875
1779475436.769401,Saccade,129.84521484375,40.0,3166.62744140625
1779475437.079646,Fixation,101.67141723632812,310.25,308.41796875
1779475437.134768,Saccade,206.68849182128906,55.125,3868.248291015625
1779475437.370023,Fixation,76.0195541381836,235.254,378.7359924316406
1779475437.750268,Saccade,363.34124755859375,380.246,3913.162353515625
1779475437.845401,Fixation,83.5663070678711,95.125,603.1075439453125
1779475437.970523,Saccade,494.140869140625,125.125,4588.7734375
1779475439.041523,Fixation,134.3570556640625,1071.001,331.43695068359375
1779475439.211646,Saccade,68.30216979980469,170.125,2311.485107421875
1779475440.377714,Fixation,6.1797709465026855,1166.126,246.7834014892578
1779475440.547847,Saccade,51.66501235961914,170.125,2100.97412109375
1779475441.053347,Fixation,135.4457244873047,505.5,323.99493408203125
1779475441.328592,Saccade,303.6656494140625,275.251,4487.73974609375
1779475441.478714,Fixation,108.38630676269531,150.124,481.6981506347656
1779475441.523725,Saccade,170.09669494628906,45.001,4161.41943359375
1779475441.688847,Fixation,37.13605499267578,165.125,376.4036560058594
1779475441.783969,Saccade,555.955810546875,95.125,5712.8603515625
1779475441.969225,Fixation,77.56573486328125,185.25,650.8073120117188
1779475442.129347,Saccade,192.18228149414062,160.125,4234.4169921875
1779475442.289469,Fixation,122.67363739013672,160.129,465.341552734375
1779475442.334469,Saccade,162.0103302001953,44.996,3920.495849609375
1779475442.409591,Fixation,39.21694564819336,75.125,435.41680908203125
1779475442.454592,Saccade,89.21746826171875,45.0,2172.00732421875
1779475442.604725,Fixation,53.37747573852539,150.125,330.00994873046875
1779475442.694754,Saccade,495.69354248046875,90.125,5601.43798828125
1779475442.879876,Fixation,171.46249389648438,185.125,635.9381713867188
1779475443.070131,Saccade,525.9985961914062,190.251,4407.6318359375
1779475443.360376,Fixation,143.17796325683594,290.25,394.6554260253906
1779475443.580509,Saccade,123.66230773925781,220.127,2762.921142578125
1779475443.775753,Fixation,44.52526092529297,195.248,461.30560302734375
1779475443.915876,Saccade,573.7697143554688,140.125,5115.24658203125
1779475444.086009,Fixation,307.704345703125,170.13,857.9287719726562
1779475444.306254,Saccade,480.9645690917969,220.245,4577.4228515625
1779475444.476387,Fixation,207.712158203125,170.14,866.03515625
1779475444.511376,Saccade,62.63007354736328,34.986,2099.480224609375
1779475444.671509,Fixation,168.8184814453125,160.13,795.4481201171875
1779475445.061876,Saccade,723.207763671875,390.37,5190.7216796875
1779475445.232131,Fixation,401.2994384765625,170.25,817.6765747070312
1779475445.267131,Saccade,75.87863159179688,35.0,3738.673828125
1779475445.437265,Fixation,85.19660949707031,170.133,428.50714111328125
1779475445.457254,Saccade,22.872913360595703,19.992,1093.274169921875
1779475445.807365,Fixation,23.933883666992188,350.375,250.99855041503906
1779475445.832365,Saccade,29.99924659729004,25.0,1327.878173828125
1779475446.848243,Fixation,15.418597221374512,1015.883,248.2359619140625
1779475446.878365,Saccade,44.44948959350586,30.118,1508.597412109375
1779475447.148609,Fixation,9.627888679504395,270.25,195.2413330078125
1779475447.173609,Saccade,46.40730667114258,25.0,1553.3660888671875
1779475447.313743,Fixation,11.524856567382812,140.125,303.2974548339844
1779475447.353743,Saccade,78.58983612060547,40.0,2028.9671630859375
1779475447.478865,Fixation,14.92987060546875,125.128,273.0141906738281
1779475447.518865,Saccade,86.07840728759766,39.997,2139.202392578125
1779475447.633987,Fixation,19.142963409423828,115.126,326.54669189453125
1779475447.66412,Saccade,54.12982177734375,30.128,1947.7711181640625
1779475447.899243,Fixation,62.96369934082031,235.122,420.9769287109375
1779475447.929243,Saccade,58.66995620727539,30.0,1808.017333984375
1779475448.054365,Fixation,16.688331604003906,125.125,352.46929931640625
1779475448.084487,Saccade,33.16412353515625,30.125,1203.2677001953125
1779475448.254609,Fixation,4.388323783874512,170.125,403.2874450683594
1779475448.284609,Saccade,63.45387649536133,30.0,1973.6278076171875
1779475448.494865,Fixation,52.98411178588867,210.25,589.6117553710938
1779475448.519865,Saccade,28.406558990478516,25.004,1382.1402587890625
1779475449.30564,Fixation,53.518428802490234,785.758,383.1263427734375
1779475449.455762,Saccade,213.4642791748047,150.114,3230.741455078125
1779475449.736007,Fixation,24.190797805786133,280.25,380.5198059082031
1779475449.786007,Saccade,194.4289093017578,50.0,3596.27685546875
1779475450.576762,Fixation,43.029876708984375,790.753,250.58966064453125
1779475450.721885,Saccade,502.9598388671875,145.123,4320.3154296875
1779475450.94714,Fixation,55.507347106933594,225.251,333.369384765625
1779475451.252396,Saccade,818.068115234375,305.255,4960.3369140625
1779475451.437507,Fixation,343.7613220214844,185.119,1046.5789794921875
1779475451.47764,Saccade,81.64125061035156,40.125,2879.783447265625
1779475451.692762,Fixation,93.19860076904297,215.125,570.2268676757812
1779475451.717762,Saccade,51.79163360595703,25.0,1797.8134765625
1779475451.988248,Fixation,139.6632080078125,270.25,634.5579833984375
1779475452.003381,Saccade,24.65741539001465,15.125,1611.3612060546875
1779475452.363626,Fixation,44.322837829589844,360.25,467.0400695800781
1779475452.789004,Saccade,783.3410034179688,425.376,4612.19189453125
1779475452.974248,Fixation,386.45831298828125,185.25,1140.419677734375
1779475453.024248,Saccade,105.80179595947266,50.0,3181.198974609375
1779475453.109381,Fixation,45.99656677246094,85.132,468.9753723144531
1779475453.149381,Saccade,142.60824584960938,39.993,3131.849609375
1779475453.709882,Fixation,132.23849487304688,560.5,550.6749877929688
1779475453.860004,Saccade,340.78753662109375,150.13,4078.704345703125
1779475454.120259,Fixation,110.23198699951172,260.246,388.7588806152344
1779475454.150259,Saccade,50.36604690551758,30.0,1321.8983154296875
1779475454.245381,Fixation,35.48988342285156,95.131,618.530517578125
1779475454.290381,Saccade,182.16860961914062,44.994,3174.635986328125
1779475454.390504,Fixation,177.81222534179688,100.125,1176.7958984375
1779475454.450626,Saccade,383.62322998046875,60.125,6785.4287109375
1779475454.615759,Fixation,208.7758026123047,165.125,1287.5980224609375
1779475454.635759,Saccade,75.05290222167969,20.0,2774.5908203125
1779475454.755882,Fixation,115.28736877441406,120.125,1186.6185302734375
1779475454.830601,Saccade,149.9639434814453,75.0,3332.500244140625
1779475454.970723,Fixation,223.33477783203125,140.125,823.5193481445312
1779475455.005845,Saccade,88.35031127929688,35.125,3503.21728515625
1779475456.121845,Fixation,130.6575164794922,1116.002,411.568115234375
1779475456.527223,Saccade,572.7229614257812,405.374,5127.1484375
1779475457.047723,Fixation,333.9815673828125,520.5,554.7567138671875
1779475457.197845,Saccade,36.089683532714844,150.126,2070.484619140625
1779475457.307978,Fixation,2.988619327545166,110.125,592.248046875
1779475457.412978,Saccade,74.45814514160156,105.0,1807.4659423828125
1779475457.553101,Fixation,43.17994689941406,140.125,424.666748046875
1779475457.588234,Saccade,45.61231231689453,35.13,1812.4874267578125
1779475457.928454,Fixation,158.0829620361328,340.25,543.3367309570312
1779475458.068576,Saccade,543.90673828125,140.12,4607.4892578125
1779475458.24382,Fixation,278.6434326171875,175.25,1020.37744140625
1779475458.358831,Saccade,248.33773803710938,115.011,3396.009033203125
1779475458.559076,Fixation,143.65866088867188,200.24,446.97503662109375
1779475458.579076,Saccade,31.103992462158203,20.0,1317.121826171875
1779475458.859331,Fixation,46.03453063964844,280.25,374.79437255859375
1779475458.889331,Saccade,50.89598083496094,30.0,1790.9052734375
1779475459.199709,Fixation,33.71882247924805,310.387,352.6488342285156
1779475459.229698,Saccade,41.36308288574219,29.988,1497.62841796875
1779475459.344831,Fixation,7.948090553283691,115.125,269.72247314453125
1779475459.379831,Saccade,71.68636322021484,35.0,2089.197021484375
1779475460.180576,Fixation,47.10536575317383,800.751,283.94580078125
1779475460.225576,Saccade,152.41403198242188,45.0,3170.9853515625
1779475460.370698,Fixation,23.581907272338867,145.125,327.9229736328125
1779475460.39072,Saccade,17.40752601623535,20.014,1013.6943969726562
1779475460.540954,Fixation,10.02147388458252,150.236,294.8572692871094
1779475460.590954,Saccade,92.96287536621094,50.002,1813.971923828125
1779475460.776076,Fixation,12.70074462890625,185.123,337.3020324707031
1779475460.821198,Saccade,61.5512580871582,45.125,1493.169677734375
1779475465.811353,Fixation,175.58758544921875,4989.503,278.1728515625
1779475466.326853,Saccade,151.0595245361328,515.501,4119.31640625
1779475466.471976,Fixation,3.0996086597442627,145.125,223.4820098876953
1779475466.491976,Saccade,25.53660011291504,20.003,1020.436767578125
1779475466.957487,Fixation,14.908859252929688,465.506,246.3710479736328
1779475467.006797,Saccade,214.79440307617188,50.005,3989.871337890625
1779475472.597198,Fixation,92.96736907958984,5590.128,293.10552978515625
1779475473.052804,Saccade,505.3759460449219,455.487,4288.73486328125
1779475473.167926,Fixation,12.599358558654785,115.125,433.98779296875
1779475473.192926,Saccade,30.928022384643555,25.0,1102.4034423828125
1779475474.689303,Fixation,463.0318298339844,1496.376,439.6566162109375
1779475474.774303,Saccade,22.0535831451416,85.005,1184.1910400390625
1779475474.999548,Fixation,164.5222930908203,225.245,557.4462890625
1779475475.389937,Saccade,474.1268615722656,390.386,3954.93017578125
1779475475.480048,Fixation,31.42076301574707,90.117,379.2721862792969
1779475475.670181,Saccade,225.76803588867188,190.123,2177.220947265625
1779475476.045691,Fixation,25.03224754333496,375.375,425.52716064453125
1779475476.225824,Saccade,14.05025863647461,180.125,2922.663330078125
1779475476.576191,Fixation,13.873724937438965,350.376,268.1048278808594
1779475476.611191,Saccade,72.61408233642578,35.0,2095.172607421875
1779475480.764608,Fixation,43.58997344970703,4153.89,291.42486572265625
1779475480.819597,Saccade,180.19525146484375,54.987,3296.933349609375
1779475481.154974,Fixation,5.551433086395264,335.376,276.8899230957031
1779475481.174974,Saccade,20.557350158691406,20.0,1027.857666015625
1779475481.249974,Fixation,30.05079460144043,75.0,518.2525634765625
1779475481.54523,Saccade,208.58404541015625,295.252,3502.05419921875
1779475483.111707,Fixation,30.410215377807617,1566.499,315.5377502441406
1779475483.136719,Saccade,31.62825584411621,25.009,1097.6451416015625
1779475483.28683,Fixation,11.672722816467285,150.116,229.3635711669922
1779475483.351963,Saccade,173.87091064453125,65.134,2741.91943359375
1779475483.441952,Fixation,12.666929244995117,89.991,365.7286071777344
1779475483.462074,Saccade,18.09969711303711,20.125,907.5022583007812
1779475483.847341,Fixation,11.469779968261719,385.257,224.7884979248047
1779475483.942452,Saccade,162.7356414794922,95.119,2137.982177734375
1779475484.39783,Fixation,44.143123626708984,455.375,332.3417053222656
1779475484.422952,Saccade,28.339351654052734,25.125,942.943115234375
1779475484.507952,Fixation,15.229372024536133,85.0,407.7732238769531
1779475484.527952,Saccade,18.58204460144043,20.0,975.046630859375
1779475485.719555,Fixation,12.803204536437988,1191.126,311.3177490234375
1779475485.769677,Saccade,96.59773254394531,50.125,1777.9893798828125
1779475485.869677,Fixation,17.36115074157715,100.0,324.09771728515625
1779475485.899799,Saccade,37.92252731323242,30.125,1265.00634765625
1779475485.989799,Fixation,5.766530990600586,90.0,358.8789367675781
1779475486.019799,Saccade,35.182151794433594,30.002,1177.164306640625
1779475486.335177,Fixation,12.702413558959961,315.373,262.3558654785156
1779475486.555299,Saccade,622.2096557617188,220.125,3054.1630859375
1779475486.705433,Fixation,23.1915283203125,150.13,507.69012451171875
1779475486.740555,Saccade,47.70203399658203,35.12,1318.2171630859375
1779475487.04581,Fixation,16.828346252441406,305.254,421.0365905761719
1779475487.155921,Saccade,649.9568481445312,110.122,5596.40087890625
1779475487.261055,Fixation,3.0641095638275146,105.125,309.2796325683594
1779475487.296055,Saccade,58.23442459106445,35.0,1496.567138671875
1779475487.411177,Fixation,6.7997589111328125,115.125,232.89968872070312
1779475487.441177,Saccade,53.034027099609375,30.0,1755.2066650390625
1779475487.681422,Fixation,23.718841552734375,240.25,278.9870910644531
1779475487.731421,Saccade,214.08984375,50.0,4314.86572265625
1779475487.986677,Fixation,22.78188133239746,255.25,242.34471130371094
1779475488.001677,Saccade,12.568331718444824,15.0,833.1611328125
1779475490.152943,Fixation,10.629016876220703,2152.002,244.8641815185547
1779475490.233065,Saccade,321.0696716308594,80.125,3976.403564453125
1779475490.463198,Fixation,5.925503253936768,230.125,279.6658020019531
1779475490.483198,Saccade,18.28156089782715,20.0,913.6570434570312
1779475490.743443,Fixation,23.92021942138672,260.25,297.84796142578125
1779475490.963699,Saccade,325.5978698730469,220.25,2384.91845703125
1779475492.520882,Fixation,8.324217796325684,1556.376,242.0811004638672
1779475492.741127,Saccade,160.86343383789062,220.25,2106.67529296875
1779475494.352489,Fixation,39.07011413574219,1611.505,222.55235290527344
1779475494.852988,Saccade,487.46905517578125,500.497,4912.59375
1779475495.688744,Fixation,597.4131469726562,835.75,416.4122314453125
1779475495.793866,Saccade,39.8025016784668,105.129,2253.843017578125
1779475496.504488,Fixation,105.15674591064453,710.622,348.562744140625
1779475496.599488,Saccade,414.7969665527344,95.0,5847.05908203125
1779475497.004866,Fixation,424.91796875,405.375,616.5551147460938
1779475497.284825,Saccade,77.67852020263672,280.385,3632.823486328125
1779475497.845314,Fixation,63.0663948059082,560.491,322.76287841796875
1779475497.905314,Saccade,171.67530822753906,60.0,2574.68017578125
1779475498.050436,Fixation,11.818592071533203,145.125,386.9908752441406
1779475498.085436,Saccade,82.96444702148438,35.0,2364.377197265625
1779475498.240692,Fixation,5.43366813659668,155.25,343.2240905761719
1779475498.285692,Saccade,126.72899627685547,45.0,2836.199951171875
1779475501.228363,Fixation,54.12783432006836,2942.752,257.8269348144531
1779475501.273363,Saccade,100.23959350585938,45.0,2339.00927734375
1779475501.478507,Fixation,5.197805881500244,205.137,230.55679321289062
1779475501.513618,Saccade,57.41977310180664,35.113,1651.262451171875
1779475501.758862,Fixation,8.49941349029541,245.25,288.1541442871094
1779475501.788862,Saccade,40.95527648925781,30.0,1371.5802001953125
1779475502.013996,Fixation,9.530405044555664,225.125,262.6410217285156
1779475502.17924,Saccade,169.68124389648438,165.251,2454.329833984375
1779475502.309363,Fixation,21.665102005004883,130.125,403.72955322265625
1779475502.324363,Saccade,14.215351104736328,15.0,954.667724609375
1779475503.61566,Fixation,11.446390151977539,1291.126,230.74497985839844
1779475503.675782,Saccade,166.12001037597656,60.125,2779.690185546875
1779475503.905904,Fixation,13.697340965270996,230.125,324.6139831542969
1779475503.936026,Saccade,51.03274917602539,30.125,1715.752685546875
1779475504.08616,Fixation,9.508016586303711,150.125,310.35382080078125
1779475504.14116,Saccade,241.66014099121094,55.0,4474.81103515625
1779475505.382282,Fixation,33.10036849975586,1241.126,266.9730224609375
1779475505.492404,Saccade,24.345609664916992,110.125,1218.0125732421875
1779475508.255221,Fixation,32.35224914550781,2762.501,255.78651428222656
1779475508.400354,Saccade,20.33415985107422,145.132,1938.947998046875
1779475508.585599,Fixation,17.307958602905273,185.245,315.46533203125
1779475508.655599,Saccade,292.1781005859375,69.999,4507.9326171875
1779475509.251232,Fixation,12.05522632598877,595.625,305.6437072753906
1779475509.496694,Saccade,130.55670166015625,245.25,2658.735107421875
1779475510.807827,Fixation,27.005456924438477,1311.132,245.83119201660156
1779475510.862949,Saccade,125.46012878417969,55.119,2164.42919921875
1779475511.108205,Fixation,4.843635082244873,245.256,362.0329284667969
1779475511.128194,Saccade,18.26545524597168,19.994,920.7242431640625
1779475511.363327,Fixation,15.461584091186523,235.132,306.9176025390625
1779475511.418449,Saccade,265.66815185546875,55.118,4229.029296875
1779475512.763856,Fixation,41.310245513916016,1346.251,268.7807922363281
1779475512.833856,Saccade,255.41969299316406,70.0,4026.198486328125
1779475513.589612,Fixation,39.658721923828125,755.751,330.8163757324219
1779475513.639612,Saccade,200.50213623046875,50.0,3347.410888671875
1779475514.865734,Fixation,34.69911193847656,1226.126,272.6119079589844
1779475514.920856,Saccade,239.66317749023438,55.125,3989.59814453125
1779475515.561943,Fixation,17.947364807128906,640.5,303.88421630859375
1779475515.607076,Saccade,184.12351989746094,45.125,3686.9365234375
1779475516.377699,Fixation,37.529808044433594,770.625,274.8394775390625
1779475516.547943,Saccade,189.64479064941406,170.251,2276.38818359375
1779475516.983321,Fixation,6.4935221672058105,435.375,317.9681701660156
1779475517.028321,Saccade,176.0110626220703,45.0,3917.05517578125
1779475517.183443,Fixation,24.57694435119629,155.125,330.2166748046875
1779475517.203443,Saccade,23.350238800048828,20.0,934.242431640625
1779475517.779077,Fixation,6.037473678588867,575.625,295.14892578125
1779475517.904199,Saccade,162.36280822753906,125.125,2185.634521484375
1779475518.439945,Fixation,32.18611526489258,535.501,376.6070556640625
1779475518.489945,Saccade,89.22354125976562,50.0,2233.343505859375
1779475519.050445,Fixation,18.25503921508789,560.5,307.2638854980469
1779475519.140568,Saccade,313.7371826171875,90.125,3336.59130859375
1779475519.600945,Fixation,18.977144241333008,460.376,288.94482421875
1779475519.656079,Saccade,198.74615478515625,55.129,3123.46923828125
1779475519.801201,Fixation,16.207361221313477,145.121,316.6410827636719
1779475519.826201,Saccade,21.343833923339844,25.0,901.6524658203125
1779475520.837067,Fixation,3.8338489532470703,1010.875,294.062255859375
1779475520.932212,Saccade,539.3798217773438,95.136,5701.11279296875
1779475521.312567,Fixation,2.3322670459747314,380.365,294.8457336425781
1779475521.337568,Saccade,24.016387939453125,25.0,963.3656616210938
1779475521.551869,Fixation,18.608842849731445,215.142,326.4283142089844
1779475522.032357,Saccade,177.46690368652344,480.487,3867.724609375
1779475522.21748,Fixation,35.96708679199219,185.126,396.2135925292969
1779475522.74798,Saccade,461.7452697753906,530.496,3602.0986328125
1779475523.638858,Fixation,557.7434692382812,890.875,415.14544677734375
1779475523.75398,Saccade,8.204283714294434,115.125,2227.31982421875
1779475525.430489,Fixation,43.304290771484375,1676.501,251.56321716308594
1779475525.580611,Saccade,15.549345016479492,150.125,2196.097412109375
1779475527.152122,Fixation,17.077816009521484,1571.509,230.29864501953125
1779475527.347244,Saccade,17.64493179321289,195.118,2922.97314453125
1779475528.849546,Fixation,40.987247467041016,1501.375,244.40525817871094
1779475529.044791,Saccade,536.1705932617188,195.25,3550.16455078125
1779475529.520169,Fixation,477.0436096191406,475.376,523.4976196289062
1779475529.705413,Saccade,101.47852325439453,185.25,2251.4990234375
1779475530.060668,Fixation,154.56362915039062,355.25,378.640380859375
1779475530.095791,Saccade,80.7579116821289,35.125,1965.8580322265625
1779475530.295924,Fixation,10.356908798217773,200.13,286.43524169921875
1779475530.335913,Saccade,96.06477355957031,39.995,2423.080078125
1779475530.511168,Fixation,15.590601921081543,175.25,321.277099609375
1779475530.755415,Saccade,662.4291381835938,245.125,4563.13916015625
1779475532.562171,Fixation,513.6722412109375,1806.752,372.82000732421875
1779475532.687293,Saccade,37.744850158691406,125.125,2606.193603515625
1779475533.312793,Fixation,38.684532165527344,625.5,298.0676574707031
1779475533.332793,Saccade,18.317928314208984,20.0,882.7265625
1779475533.658098,Fixation,4.05503511428833,325.375,280.4031982421875
1779475533.813221,Saccade,592.6357421875,155.125,4062.65283203125
1779475534.263598,Fixation,512.6703491210938,450.376,610.8721313476562
1779475534.293721,Saccade,49.63578796386719,30.125,2063.5283203125
1779475535.129476,Fixation,21.477636337280273,835.75,285.1534729003906
1779475535.564843,Saccade,522.921875,435.375,5038.47314453125
1779475535.659976,Fixation,18.2463436126709,95.125,437.7966613769531
1779475535.744976,Saccade,555.485595703125,85.001,6621.0517578125
1779475535.915232,Fixation,10.071703910827637,170.263,388.31280517578125
1779475535.960232,Saccade,157.22695922851562,44.991,3526.54150390625
1779475536.741412,Fixation,10.166730880737305,780.746,292.7748718261719
1779475536.801412,Saccade,248.88629150390625,60.0,4172.35009765625
1779475537.316912,Fixation,23.046541213989258,515.501,286.18719482421875
1779475537.366912,Saccade,229.00936889648438,49.999,4751.81103515625
1779475537.832412,Fixation,69.00350189208984,465.501,283.0201721191406
1779475537.917412,Saccade,381.83489990234375,85.0,4758.0458984375
1779475538.052534,Fixation,16.923521041870117,135.125,553.0886840820312
1779475538.122656,Saccade,87.49325561523438,70.125,1345.2362060546875
1779475538.362912,Fixation,100.32316589355469,240.25,549.5714111328125
1779475538.508045,Saccade,294.7171936035156,145.134,3834.05908203125
1779475538.588034,Fixation,45.74130630493164,79.993,521.9441528320312
1779475539.008412,Saccade,37.46743392944336,420.374,2172.60595703125
1779475539.173656,Fixation,49.977447509765625,165.25,606.2573852539062
1779475539.568606,Saccade,38.112369537353516,395.25,2982.787841796875
1779475539.673728,Fixation,30.253854751586914,105.125,872.976806640625
1779475539.76385,Saccade,29.565954208374023,90.125,1827.9794921875
1779475539.968984,Fixation,16.48813819885254,205.125,730.7515869140625
1779475540.584606,Saccade,5.8245768547058105,615.625,2759.23486328125
1779475540.739728,Fixation,31.4571590423584,155.126,1462.99365234375
1779475540.834862,Saccade,13.75427532196045,95.125,2543.9609375
1779475542.877475,Fixation,23.636842727661133,2041.877,573.0743408203125
1779475542.927475,Saccade,9.445965766906738,49.999,1053.4112548828125
1779475543.327853,Fixation,8.735464096069336,400.375,254.84194946289062
1779475543.337853,Saccade,18.0261173248291,10.0,1287.984130859375
1779475543.422986,Fixation,15.744269371032715,85.13,355.8422546386719
1779475543.467986,Saccade,11.710783958435059,45.001,1022.8449096679688
1779475545.609975,Fixation,8.955660820007324,2141.995,313.0862121582031
1779475545.624316,Saccade,12.920069694519043,15.001,1023.9840087890625
1779475548.256816,Fixation,24.303163528442383,2632.501,300.9518737792969
1779475548.286816,Saccade,15.706096649169922,30.0,921.1320190429688
1779475557.200098,Fixation,10.401809692382812,8913.256,305.1446533203125
1779475557.215098,Saccade,15.26930046081543,14.999,949.2225952148438
1779475561.499426,Fixation,12.729179382324219,4283.878,317.3212890625
1779475561.514426,Saccade,10.878561973571777,15.0,1049.369140625
1779475561.634548,Fixation,12.458788871765137,120.125,480.0880126953125
1779475561.77967,Saccade,18.50726890563965,145.125,1417.376220703125
1779475561.854792,Fixation,4.86115026473999,75.125,626.8499755859375
1779475561.869792,Saccade,27.15758514404297,15.0,2230.9453125
1779475561.979926,Fixation,58.843990325927734,110.125,1245.5400390625
1779475562.009926,Saccade,17.52657127380371,30.0,2068.952880859375
1779475562.105048,Fixation,16.958616256713867,95.13,1189.0115966796875
1779475562.130048,Saccade,12.437044143676758,24.996,1917.0787353515625
1779475562.470292,Fixation,24.562437057495117,340.25,982.6621704101562
1779475562.500426,Saccade,10.037145614624023,30.125,2206.6376953125
1779475562.640548,Fixation,26.15105438232422,140.125,1135.3597412109375
1779475562.655548,Saccade,5.455367088317871,15.003,2213.4248046875
1779475562.77567,Fixation,6.777496337890625,120.122,1382.41455078125
1779475562.79567,Saccade,3.229491710662842,20.0,2352.360595703125
1779475562.960792,Fixation,28.399492263793945,165.125,1586.493896484375
1779475562.980792,Saccade,4.642678260803223,20.0,1986.06298828125
1779475563.110926,Fixation,36.02037048339844,130.125,1125.564208984375
1779475563.226048,Saccade,62.07548141479492,115.13,2216.806640625
1779475563.33617,Fixation,26.007627487182617,110.12,993.637939453125
1779475563.39617,Saccade,44.32627487182617,60.0,2104.894287109375
1779475563.681426,Fixation,9.406105041503906,285.25,658.6439208984375
1779475563.851222,Saccade,41.6462287902832,170.25,1981.7017822265625
1779475563.936222,Fixation,33.19461441040039,85.001,865.0997924804688
1779475564.761977,Saccade,74.93718719482422,825.75,3683.090576171875
1779475565.187355,Fixation,268.0267639160156,425.375,534.4992065429688
1779475565.217477,Saccade,42.80439376831055,30.125,2259.9873046875
1779475565.322477,Fixation,82.06544494628906,105.0,409.8616638183594
1779475565.3426,Saccade,28.034570693969727,20.125,1877.7452392578125
1779475565.4276,Fixation,34.79433059692383,85.0,480.3971862792969
1779475565.547722,Saccade,516.5889892578125,120.125,4546.3759765625
1779475565.797977,Fixation,82.00101470947266,250.251,454.1619567871094
1779475565.817977,Saccade,26.417068481445312,20.0,1337.545166015625
1779475565.968111,Fixation,39.103145599365234,150.129,330.0125427246094
1779475566.643722,Saccade,46.381248474121094,675.621,3644.947998046875
1779475566.848977,Fixation,42.784427642822266,205.25,476.8380126953125
1779475567.154778,Saccade,516.6610107421875,305.25,4155.62158203125
1779475567.520156,Fixation,19.12223243713379,365.376,305.63214111328125
1779475567.700278,Saccade,12.84067153930664,180.125,2058.990478515625
1779475568.601167,Fixation,29.610084533691406,900.883,221.08445739746094
1779475568.651156,Saccade,210.35377502441406,49.992,4256.056640625
1779475569.121534,Fixation,8.283485412597656,470.376,291.2796936035156
1779475569.161656,Saccade,92.06995391845703,40.125,2330.77001953125
1779475570.447248,Fixation,3.91363787651062,1286.125,223.07937622070312
1779475570.48737,Saccade,99.56214904785156,40.13,2038.715087890625
1779475570.952748,Fixation,25.384157180786133,465.371,323.2861328125
1779475571.032871,Saccade,350.5655517578125,80.125,4409.251953125
1779475571.268004,Fixation,35.2327766418457,235.13,351.5223083496094
1779475571.293115,Saccade,34.992271423339844,25.12,1406.1251220703125
1779475571.418126,Fixation,3.0813217163085938,125.001,193.6060791015625
1779475571.473248,Saccade,192.87420654296875,55.124,3555.08154296875
1779475572.769371,Fixation,13.13344955444336,1296.126,211.47970581054688
1779475572.854633,Saccade,552.8007202148438,85.125,6774.97900390625
1779475573.0899,Fixation,1.9278957843780518,235.26,296.3805847167969
1779475573.215011,Saccade,211.05938720703125,125.115,2904.5869140625
1779475574.030766,Fixation,8.143311500549316,815.751,222.76358032226562
1779475574.195889,Saccade,8.039366722106934,165.125,1798.8414306640625
1779475575.657267,Fixation,43.47846221923828,1461.376,211.96714782714844
1779475575.982491,Saccade,74.35004425048828,325.25,2922.02587890625
1779475577.704124,Fixation,37.821292877197266,1721.626,207.77490234375
1779475577.789124,Saccade,37.24168014526367,85.007,2394.2392578125
1779475581.117636,Fixation,71.89917755126953,3328.12,189.26986694335938
1779475581.292758,Saccade,810.1981811523438,175.125,4260.82958984375
1779475581.43788,Fixation,12.600686073303223,145.125,389.67974853515625
1779475581.473013,Saccade,74.16130828857422,35.125,1624.1995849609375
1779475581.668136,Fixation,16.548786163330078,195.125,383.22100830078125
1779475581.898391,Saccade,24.715721130371094,230.257,3132.17578125
1779475584.035367,Fixation,253.12242126464844,2136.995,323.9411926269531
1779475584.460745,Saccade,516.8148193359375,425.38,3870.312255859375
1779475584.650867,Fixation,58.54694366455078,190.12,465.4312438964844
1779475584.675867,Saccade,28.62932586669922,25.0,1029.69580078125
1779475585.271485,Fixation,14.9566650390625,595.625,221.14588928222656
1779475585.441618,Saccade,23.68250846862793,170.136,1554.1031494140625
1779475587.458485,Fixation,47.90481948852539,2016.866,206.07981872558594
1779475587.498485,Saccade,86.98600006103516,40.0,2220.132568359375
1779475588.784425,Fixation,3.705209970474243,1286.262,184.81211853027344
1779475588.914547,Saccade,160.14990234375,130.122,2118.27294921875
1779475589.069658,Fixation,27.339622497558594,155.117,341.9702453613281
1779475589.334914,Saccade,7.656164646148682,265.25,2849.2783203125
1779475590.445914,Fixation,24.16066551208496,1111.0,238.7168426513672
1779475590.490914,Saccade,140.70787048339844,45.0,3138.631103515625
1779475592.037235,Fixation,17.555683135986328,1546.501,207.11685180664062
1779475592.262357,Saccade,669.509765625,225.126,3444.627197265625
1779475592.357479,Fixation,18.99664306640625,95.125,419.6368103027344
1779475592.392479,Saccade,53.31734848022461,35.0,1527.73046875
1779475592.557612,Fixation,2.9093096256256104,165.125,352.7801208496094
1779475592.662745,Saccade,706.23583984375,105.137,6767.73046875
1779475592.752857,Fixation,10.362339973449707,90.113,369.435791015625
1779475592.782857,Saccade,32.200740814208984,30.002,1093.8193359375
1779475593.898857,Fixation,31.30367088317871,1115.999,185.59571838378906
1779475593.943979,Saccade,132.6835479736328,45.125,2968.83349609375
1779475595.195149,Fixation,8.474100112915039,1251.125,182.36990356445312
1779475595.510393,Saccade,144.6746368408203,315.251,3133.141357421875
1779475597.852762,Fixation,46.85310745239258,2342.126,195.7003173828125
1779475597.897884,Saccade,127.05333709716797,45.125,2830.942626953125
1779475599.164006,Fixation,5.150426387786865,1266.126,211.848388671875
1779475599.899762,Saccade,171.95465087890625,735.75,3125.177734375
1779475601.461323,Fixation,44.21357345581055,1561.376,222.4655303955078
1779475601.84669,Saccade,614.748291015625,385.376,4095.650634765625
1779475602.572334,Fixation,309.8875427246094,725.635,371.08087158203125
1779475602.802567,Saccade,99.47687530517578,230.24,2923.4462890625
1779475602.882701,Fixation,29.81279945373535,80.13,1073.8154296875
1779475603.107473,Saccade,40.45067596435547,225.12,2388.296875
1779475603.262607,Fixation,13.512171745300293,155.134,1430.357421875
1779475603.382718,Saccade,33.22235870361328,120.116,3305.19384765625
1779475603.49784,Fixation,64.40225982666016,115.126,3024.74462890625
1779475603.682973,Saccade,20.672016143798828,185.129,4394.83935546875
1779475603.818095,Fixation,4.510566711425781,135.121,932.60693359375
1779475603.843229,Saccade,14.273942947387695,25.129,1872.9622802734375
1779475603.938218,Fixation,14.845906257629395,94.996,1005.6046142578125
1779475604.09334,Saccade,54.542301177978516,155.125,2205.1826171875
1779475604.994218,Fixation,45.770240783691406,900.875,364.9386901855469
1779475605.009229,Saccade,16.473783493041992,15.004,1045.243896484375
1779475605.204473,Fixation,25.864397048950195,195.25,398.3287658691406
1779475605.274473,Saccade,6.481760025024414,70.003,1875.740478515625
1779475605.694851,Fixation,12.373479843139648,420.369,344.31927490234375
1779475605.714851,Saccade,21.569246292114258,20.005,1121.0208740234375
1779475610.424604,Fixation,16.40422821044922,4709.372,334.8323059082031
1779475610.439615,Saccade,17.070289611816406,15.001,1096.2489013671875
1779475612.371585,Fixation,13.4581880569458,1931.876,326.6311340332031
1779475612.396585,Saccade,27.727643966674805,25.0,1136.94287109375
1779475613.77784,Fixation,13.300819396972656,1381.251,341.2836608886719
1779475613.79784,Saccade,18.253358840942383,20.0,1017.97412109375
1779475618.832302,Fixation,22.52904510498047,5034.632,323.57012939453125
1779475618.852302,Saccade,16.96122169494629,19.998,928.3428955078125
1779475628.406209,Fixation,18.263700485229492,9553.878,315.1129455566406
1779475628.421209,Saccade,17.34368896484375,15.0,1064.88671875
1779475639.575962,Fixation,4.960884094238281,11155.27,266.2729797363281
1779475639.595951,Saccade,17.888620376586914,19.987,1038.5028076171875
1779475654.980424,Fixation,22.12470054626465,15384.258,265.3335266113281
1779475655.010424,Saccade,21.847684860229492,30.0,893.7377319335938
1779475662.382274,Fixation,17.723569869995117,7371.754,273.1389465332031
1779475662.397396,Saccade,13.49303913116455,15.128,896.9175415039062
1779475674.883434,Fixation,14.191949844360352,12486.504,268.6063537597656
1779475674.903434,Saccade,22.29277229309082,20.0,1076.7532958984375
1779475684.898559,Fixation,12.137718200683594,9994.256,259.5541076660156
1779475684.913559,Saccade,16.579072952270508,15.0,1165.73095703125
1779475700.337634,Fixation,23.9678955078125,15424.258,271.7577819824219
1779475700.357634,Saccade,17.790746688842773,20.0,936.3575439453125
1779475709.235665,Fixation,13.087377548217773,8878.129,277.8729248046875
1779475709.255665,Saccade,18.9777889251709,20.0,920.9076538085938
1779475717.558778,Fixation,27.569223403930664,8302.754,262.8533935546875
1779475717.578778,Saccade,20.58452796936035,20.0,978.59619140625
1779475760.668574,Fixation,8.326807022094727,43089.771,269.2652893066406
1779475760.683574,Saccade,12.565864562988281,15.0,867.4500732421875
1779475762.68033,Fixation,9.007278442382812,1996.751,288.45556640625
1779475762.695452,Saccade,14.99557113647461,15.125,916.1248779296875
1779475765.708135,Fixation,2.075953245162964,3012.752,286.90765380859375
1779475765.728146,Saccade,22.049718856811523,20.003,1034.3668212890625
1779475796.756484,Fixation,5.503798007965088,31028.635,269.5909118652344
1779475796.776484,Saccade,15.277276992797852,20.001,805.7593994140625
1779475799.368903,Fixation,15.864563941955566,2592.376,261.7032165527344
1779475799.388903,Saccade,19.5942440032959,20.0,961.7803344726562
1779475809.248112,Fixation,5.138284206390381,9859.129,275.6846618652344
1779475809.268112,Saccade,23.386613845825195,20.0,1235.08984375
1779475820.8731,Fixation,8.621363639831543,11605.755,280.45599365234375
1779475820.8931,Saccade,23.315271377563477,20.0,1227.5321044921875
1779475822.840374,Fixation,19.17937660217285,1946.751,279.8154602050781
1779475822.860374,Saccade,16.577861785888672,20.004,990.9930419921875
1779475832.629732,Fixation,19.40741539001465,9769.125,278.7431945800781
1779475832.644732,Saccade,19.94399070739746,15.0,1038.490478515625
1779475841.627588,Fixation,3.6279826164245605,8983.254,268.8046569824219
1779475841.642588,Saccade,13.315746307373047,15.0,891.7733764648438
1779475844.976218,Fixation,15.940943717956543,3333.126,295.9737854003906
1779475844.996218,Saccade,17.383621215820312,20.0,900.14111328125
1779475849.269727,Fixation,4.68549919128418,4273.877,278.6553039550781
1779475849.284727,Saccade,14.869112968444824,15.0,990.6218872070312
1779475851.351738,Fixation,21.89424705505371,2067.011,278.8599853515625
1779475851.371351,Saccade,22.590221405029297,19.993,1059.408935546875
1779475854.298973,Fixation,15.951994895935059,2927.624,309.3809814453125
1779475854.314095,Saccade,14.139676094055176,15.124,1064.0283203125
1779475854.610133,Fixation,16.98233413696289,295.25,299.3822937011719
1779475854.625133,Saccade,12.353113174438477,15.0,838.71826171875
1779475863.968215,Fixation,9.303961753845215,9343.629,301.9667053222656
1779475863.988214,Saccade,25.473684310913086,20.0,1219.0048828125
1779475866.355348,Fixation,3.754006862640381,2367.126,297.5326232910156
1779475866.37047,Saccade,15.824939727783203,15.125,1059.743408203125
1779475867.181778,Fixation,7.503354549407959,810.764,321.5889587402344
1779475867.231767,Saccade,5.279566287994385,49.992,1057.65234375
1779475869.343634,Fixation,17.93828773498535,2111.87,306.991943359375
1779475869.358767,Saccade,18.298418045043945,15.13,1128.0869140625
1779475871.775094,Fixation,13.828337669372559,2417.121,301.76812744140625
1779475871.795216,Saccade,21.74325180053711,20.125,1088.5506591796875
1779475872.866717,Fixation,16.3194522857666,1070.876,254.5185089111328
1779475872.88184,Saccade,17.93508529663086,15.125,1103.0623779296875
1779475874.398217,Fixation,8.90119457244873,1516.375,333.91510009765625
1779475874.413217,Saccade,12.50036907196045,15.0,843.563720703125
1779475876.454874,Fixation,24.63871955871582,2041.876,288.1289367675781
1779475876.484874,Saccade,30.385543823242188,30.0,1023.5432739257812
1779475884.652516,Fixation,21.694791793823242,8167.503,291.4022216796875
1779475884.672089,Saccade,20.23709487915039,20.125,1142.779296875
1779475886.178467,Fixation,21.588930130004883,1506.376,317.2319030761719
1779475886.198489,Saccade,16.66144371032715,20.015,883.0374755859375
1779475886.458723,Fixation,12.457796096801758,260.235,274.5282897949219
1779475886.478723,Saccade,20.77238655090332,20.0,1069.9501953125
1779475888.265984,Fixation,6.669876575469971,1786.626,318.711181640625
1779475888.341106,Saccade,21.649396896362305,75.125,1011.19091796875
1779475888.456106,Fixation,12.131845474243164,115.0,321.5046081542969
1779475888.47124,Saccade,13.439583778381348,15.125,967.28759765625
1779475893.375555,Fixation,8.513818740844727,4904.502,229.77273559570312
1779475893.475566,Saccade,17.93971061706543,100.012,867.7192993164062
1779475899.171315,Fixation,17.393117904663086,5695.365,286.1471862792969
1779475899.186315,Saccade,13.448090553283691,15.001,868.1063232421875
1779475909.855835,Fixation,9.875539779663086,10669.754,301.24462890625
1779475909.870835,Saccade,20.42754554748535,15.001,979.7716674804688
1779475911.657579,Fixation,15.765458106994629,1786.75,311.8925476074219
1779475911.68759,Saccade,14.395537376403809,30.012,914.0054321289062
1779475914.074894,Fixation,5.097678184509277,2387.24,311.3851013183594
1779475914.084894,Saccade,18.657312393188477,9.999,908.4811401367188
1779475920.395586,Fixation,8.138318061828613,6310.753,282.6053161621094
1779475920.410586,Saccade,16.701744079589844,15.0,1130.04345703125
1779475933.432601,Fixation,21.300457000732422,13022.007,305.12542724609375
1779475933.447612,Saccade,12.830619812011719,15.012,837.8805541992188
1779475937.386435,Fixation,13.380884170532227,3938.74,295.9873352050781
1779475937.406435,Saccade,24.19009780883789,20.0,1018.4347534179688
1779475942.946633,Fixation,23.9332275390625,5540.127,305.9183349609375
1779475942.971644,Saccade,25.90193748474121,25.002,998.9348754882812
1779475943.186766,Fixation,10.208927154541016,215.124,322.8458557128906
1779475943.231889,Saccade,4.868871212005615,45.125,1091.6953125
1779475943.346889,Fixation,3.2464871406555176,115.0,345.736328125
1779475943.357011,Saccade,12.269915580749512,10.125,843.6532592773438
1779475943.467022,Fixation,9.0856294631958,110.009,315.9853515625
1779475943.492133,Saccade,24.438817977905273,25.116,1185.854736328125
1779475944.703133,Fixation,19.4653377532959,1211.0,280.07568359375
1779475944.713266,Saccade,18.46306800842285,10.125,1078.8519287109375
1779475945.323766,Fixation,30.54701042175293,610.501,307.8775939941406
1779475945.343766,Saccade,25.92169761657715,20.0,1115.97314453125
1779475948.561552,Fixation,12.805341720581055,3218.001,302.7440490722656
1779475948.581552,Saccade,18.632667541503906,20.0,997.1519775390625
1779475950.683552,Fixation,17.96482276916504,2102.002,303.984619140625
1779475950.698551,Saccade,17.833837509155273,14.999,870.689453125
1779475951.809187,Fixation,13.238370895385742,1111.001,302.5850524902344
1779475951.829198,Saccade,25.33835220336914,20.005,1027.855224609375
1779475953.220443,Fixation,37.010520935058594,1391.246,333.86944580078125
1779475953.240443,Saccade,23.911632537841797,20.001,1080.5037841796875
1779475959.01637,Fixation,11.928299903869629,5775.377,323.4186706542969
1779475959.06637,Saccade,8.874359130859375,50.0,950.32861328125
1779475960.402614,Fixation,11.118278503417969,1336.25,297.8885498046875
1779475960.417614,Saccade,15.250609397888184,15.001,1028.1705322265625
1779475960.497736,Fixation,14.707817077636719,80.124,365.013671875
1779475960.512737,Saccade,12.998374938964844,15.0,851.4060668945312
1779475961.53819,Fixation,10.041580200195312,1026.011,311.6511535644531
1779475961.56319,Saccade,21.12651824951172,24.99,1064.5079345703125
1779475963.670737,Fixation,11.776555061340332,2106.876,327.7428894042969
1779475963.690871,Saccade,22.700725555419922,20.125,1132.19482421875
1779475964.356371,Fixation,7.217037200927734,665.5,336.3489685058594
1779475964.371493,Saccade,14.724700927734375,15.126,983.7757568359375
1779475964.926993,Fixation,19.00326156616211,555.5,300.2268981933594
1779475964.941993,Saccade,18.675045013427734,15.0,1203.25537109375
1779475965.152115,Fixation,18.319141387939453,210.127,346.55731201171875
1779475965.177237,Saccade,25.742765426635742,25.123,967.9064331054688
1779475970.59153,Fixation,9.91998291015625,5414.883,312.2693176269531
1779475970.606652,Saccade,16.185453414916992,15.12,1012.8855590820312
1779475973.459627,Fixation,7.247966766357422,2852.626,316.66119384765625
1779475973.474627,Saccade,13.730794906616211,15.0,1012.8665161132812
1779475974.69575,Fixation,8.015277862548828,1221.126,326.9102783203125
1779475974.720749,Saccade,19.396757125854492,25.0,970.4630126953125
1779475978.444128,Fixation,15.438772201538086,3723.377,329.500244140625
1779475978.464262,Saccade,20.282102584838867,20.125,1069.0118408203125
1779475981.521732,Fixation,31.804840087890625,3057.756,302.7984924316406
1779475981.531721,Saccade,22.032390594482422,9.995,1470.317138671875
1779475983.13288,Fixation,7.452310085296631,1601.501,319.8945617675781
1779475983.147891,Saccade,12.07843017578125,15.005,810.4667358398438
1779475984.829513,Fixation,21.504627227783203,1681.621,344.5613708496094
1779475984.849722,Saccade,18.986743927001953,20.0,979.4559936523438
1779475986.656344,Fixation,5.366367816925049,1806.626,293.72442626953125
1779475986.706355,Saccade,6.0540666580200195,50.01,1051.4656982421875
1779475987.171844,Fixation,14.493207931518555,465.491,338.0177001953125
1779475987.196844,Saccade,28.98598289489746,24.999,1248.5240478515625
1779475991.300401,Fixation,21.731109619140625,4103.758,327.2275390625
1779475991.310401,Saccade,21.972293853759766,9.995,1044.0343017578125
1779475991.966023,Fixation,30.669157028198242,655.625,316.05810546875
1779475991.986023,Saccade,30.82025909423828,20.0,1106.20703125
1779475994.619434,Fixation,15.72114086151123,2632.501,309.5694274902344
1779475994.634434,Saccade,17.3582763671875,15.0,971.8345336914062
1779475995.535311,Fixation,21.766660690307617,900.876,298.7417907714844
1779475995.550312,Saccade,17.981584548950195,15.005,906.8115234375
1779475996.561189,Fixation,11.020795822143555,1010.87,306.6372985839844
1779475996.581189,Saccade,19.374040603637695,20.0,1073.2889404296875
1779475997.255995,Fixation,21.977907180786133,675.626,349.0762634277344
1779475997.275995,Saccade,18.083974838256836,20.0,908.0637817382812
1779475999.683251,Fixation,22.895854949951172,2407.251,326.9093933105469
1779475999.708251,Saccade,23.822818756103516,25.0,941.1860961914062
1779475999.998959,Fixation,10.850805282592773,290.254,321.145263671875
1779476000.014081,Saccade,15.065539360046387,15.121,943.5786743164062
1779476000.409348,Fixation,13.019423484802246,395.263,327.69781494140625
1779476000.434459,Saccade,36.161170959472656,25.112,1224.0406494140625
1779476003.271657,Fixation,12.705841064453125,2837.627,307.9125671386719
1779476003.286656,Saccade,14.375750541687012,15.0,1003.515869140625
1779476004.232523,Fixation,5.335604667663574,945.875,338.588134765625
1779476004.247523,Saccade,12.200580596923828,15.0,829.962890625
1779476005.558656,Fixation,25.815811157226562,1311.126,350.4228820800781
1779476005.573779,Saccade,23.202754974365234,15.125,1320.2315673828125
1779476006.009558,Fixation,5.146731853485107,435.375,281.583984375
1779476006.029558,Saccade,21.144142150878906,20.0,1199.965576171875
1779476006.369803,Fixation,7.219327449798584,340.25,349.0745849609375
1779476006.419925,Saccade,4.454462051391602,50.126,972.1829833984375
1779476008.001303,Fixation,11.927441596984863,1581.376,327.3711853027344
1779476008.046436,Saccade,5.286279678344727,45.125,936.5689086914062
1779476008.206558,Fixation,13.087772369384766,160.125,352.5178527832031
1779476008.226558,Saccade,17.792869567871094,20.007,961.3775634765625
1779476009.487585,Fixation,7.571601867675781,1261.118,351.0724182128906
1779476009.502707,Saccade,18.605056762695312,15.125,923.762939453125
1779476012.590432,Fixation,9.947796821594238,3087.752,314.4679260253906
1779476012.610432,Saccade,17.08118438720703,20.0,863.3651733398438
1779476013.276054,Fixation,22.161640167236328,665.625,316.4477233886719
1779476013.386176,Saccade,6.163088321685791,110.125,898.0828247070312
1779476018.741283,Fixation,2.6414554119110107,5355.003,339.3949279785156
1779476018.761283,Saccade,17.305856704711914,20.004,877.44189453125
1779476020.267661,Fixation,25.44589614868164,1506.375,323.9720764160156
1779476020.282661,Saccade,13.243575096130371,14.997,886.9209594726562
1779476021.443376,Fixation,4.815056324005127,1161.125,288.592041015625
1779476021.488376,Saccade,10.694222450256348,45.0,1330.682373046875
1779476023.625376,Fixation,13.283756256103516,2137.002,313.6902770996094
1779476023.640376,Saccade,12.99458122253418,15.0,952.9697265625
1779476024.586374,Fixation,3.031324863433838,945.875,319.6280822753906
1779476024.606374,Saccade,19.043245315551758,20.0,980.6025390625
1779476025.962629,Fixation,10.01954460144043,1356.255,298.9622802734375
1779476025.977618,Saccade,14.12110710144043,14.996,904.56640625
1779476027.799771,Fixation,17.04127311706543,1821.751,322.5492248535156
1779476027.844771,Saccade,7.885891914367676,45.0,914.7601928710938
1779476029.751526,Fixation,18.842670440673828,1906.751,286.1954650878906
1779476029.771526,Saccade,22.93408203125,20.0,1013.4278564453125
1779476030.766999,Fixation,19.632625579833984,995.875,307.6824035644531
1779476030.787133,Saccade,18.831270217895508,20.125,1035.76611328125
1779476031.908133,Fixation,3.555954933166504,1121.001,338.7081298828125
1779476031.928133,Saccade,20.939306259155273,20.0,1041.6732177734375
1779476036.412715,Fixation,14.776966094970703,4484.127,329.103271484375
1779476036.427292,Saccade,14.314873695373535,15.0,937.0687866210938
1779476038.048792,Fixation,15.736227035522461,1621.501,320.3332214355469
1779476038.058815,Saccade,17.93498992919922,10.016,905.7278442382812
1779476041.341685,Fixation,20.732959747314453,3282.986,305.41534423828125
1779476041.361819,Saccade,22.92690086364746,20.125,1113.7119140625
1779476041.531941,Fixation,4.664174556732178,170.127,323.0184631347656
1779476041.551941,Saccade,14.53519344329834,19.998,937.53759765625
1779476045.330497,Fixation,4.959000587463379,3778.502,324.4008483886719
1779476045.340508,Saccade,13.398818016052246,10.007,877.0234985351562
1779476046.081642,Fixation,17.36420249938965,740.618,345.44549560546875
1779476046.096776,Saccade,11.86659049987793,15.125,837.7782592773438
1779476046.572142,Fixation,9.373922348022461,475.376,342.2145690917969
1779476046.587142,Saccade,16.457624435424805,15.0,873.0250854492188
1779476047.798276,Fixation,10.177671432495117,1211.125,326.15313720703125
1779476047.813276,Saccade,13.048919677734375,15.0,879.974609375
1779476048.00852,Fixation,21.219018936157227,195.25,294.88311767578125
1779476048.023531,Saccade,13.31027889251709,15.009,1028.208740234375
1779476048.634136,Fixation,22.38352394104004,610.492,326.63360595703125
1779476048.654148,Saccade,25.012210845947266,20.005,1178.8175048828125
1779476049.419892,Fixation,9.992291450500488,765.753,315.91571044921875
1779476049.439892,Saccade,16.65778160095215,19.992,822.3236083984375
1779476050.175637,Fixation,22.19084358215332,735.751,317.7618103027344
1779476050.200636,Saccade,18.257431030273438,25.0,910.234130859375
1779476052.752762,Fixation,3.408855438232422,2552.376,336.5316162109375
1779476052.812762,Saccade,2.34446120262146,60.0,1091.4049072265625
1779476053.24314,Fixation,10.132064819335938,430.375,357.35650634765625
1779476053.25814,Saccade,13.0040283203125,15.0,1044.333251953125
1779476054.083896,Fixation,6.253828525543213,825.76,328.6289978027344
1779476054.099018,Saccade,12.368535995483398,15.116,1005.2155151367188
1779476057.566648,Fixation,11.90040111541748,3468.127,320.5531005859375
1779476057.581649,Saccade,16.520004272460938,15.0,987.60009765625
1779476064.718533,Fixation,7.6665849685668945,7136.628,311.26922607421875
1779476064.738533,Saccade,13.041104316711426,20.0,884.3964233398438
1779476065.354155,Fixation,12.270609855651855,615.63,315.3685607910156
1779476065.409155,Saccade,4.285891056060791,54.996,1105.4410400390625
1779476066.435155,Fixation,13.852690696716309,1026.0,378.35821533203125
1779476066.450155,Saccade,14.124688148498535,15.0,990.736328125
1779476068.051125,Fixation,14.665342330932617,1601.38,305.32293701171875
1779476068.066247,Saccade,13.038790702819824,15.121,947.8187866210938
1779476068.321381,Fixation,10.597360610961914,255.13,410.7335510253906
1779476068.336503,Saccade,13.236656188964844,15.126,923.2149047851562
1779476070.298571,Fixation,6.197116851806641,1961.745,329.00347900390625
1779476070.318571,Saccade,20.024425506591797,20.0,1006.3435668945312
1779476070.934204,Fixation,27.177387237548828,615.626,342.2436828613281
1779476070.959204,Saccade,21.15300750732422,25.0,889.59033203125
1779476071.279448,Fixation,15.779003143310547,320.25,380.48138427734375
1779476071.299448,Saccade,11.420193672180176,20.0,836.980712890625
1779476072.140326,Fixation,15.581441879272461,840.875,336.1007385253906
1779476072.160326,Saccade,19.357051849365234,20.0,954.1869506835938
1779476072.820948,Fixation,17.240821838378906,660.626,285.1296081542969
1779476072.835948,Saccade,15.182591438293457,15.0,961.560546875
1779476073.17627,Fixation,9.952560424804688,340.258,321.9890441894531
1779476073.221392,Saccade,4.889484882354736,45.117,1289.5631103515625
1779476073.811892,Fixation,2.038112163543701,590.5,306.2550048828125
1779476073.831892,Saccade,20.34123992919922,20.0,969.3682861328125
1779476075.79377,Fixation,11.210230827331543,1961.876,346.6929931640625
1779476075.81377,Saccade,17.14618492126465,20.0,911.825927734375
1779476077.670974,Fixation,5.825962066650391,1856.631,331.8814697265625
1779476077.691096,Saccade,24.520965576171875,20.12,1146.6820068359375
1779476079.17196,Fixation,13.372405052185059,1481.376,319.0604553222656
1779476079.19696,Saccade,18.493309020996094,25.0,1000.2814331054688
1779476079.607337,Fixation,4.398473262786865,410.379,335.8892517089844
1779476079.632337,Saccade,30.438840866088867,24.996,1077.25439453125
1779476079.972582,Fixation,35.11301803588867,340.25,329.0499572753906
1779476079.987715,Saccade,16.865711212158203,15.134,1064.6314697265625
1779476081.328837,Fixation,7.6031494140625,1341.117,307.244140625
1779476081.37396,Saccade,3.4955649375915527,45.125,944.180908203125
1779476083.146033,Fixation,11.193371772766113,1771.626,334.3783264160156
1779476083.171033,Saccade,19.491479873657227,25.0,1010.2818603515625
1779476084.041789,Fixation,25.544723510742188,870.761,340.3343505859375
1779476084.0569,Saccade,20.24808692932129,15.115,1019.123046875
1779476084.1569,Fixation,8.978841781616211,100.0,514.2533569335938
1779476084.1719,Saccade,18.914546966552734,15.0,979.2388916015625
1779476085.242344,Fixation,28.80257225036621,1071.0,336.1351013183594
1779476085.257355,Saccade,13.408945083618164,15.011,899.5882568359375
1779476085.677733,Fixation,10.548333168029785,420.374,358.5017395019531
1779476085.707844,Saccade,42.83071517944336,30.115,1269.2177734375
1779476086.348478,Fixation,79.12277221679688,640.631,329.5286560058594
1779476086.368478,Saccade,25.839305877685547,19.995,1303.7181396484375
1779476086.5936,Fixation,15.460716247558594,225.125,353.09130859375
1779476086.6136,Saccade,18.820510864257812,20.0,986.6251831054688
1779476089.931713,Fixation,10.817521095275879,3318.127,345.282958984375
1779476089.946713,Saccade,15.758026123046875,15.0,991.941162109375
1779476090.457224,Fixation,18.771635055541992,510.504,301.8270568847656
1779476090.477224,Saccade,17.81155776977539,20.007,905.7350463867188
1779476094.536426,Fixation,20.4399356842041,4058.741,352.6929626464844
1779476094.551426,Saccade,15.024829864501953,15.0,914.1047973632812
1779476096.508182,Fixation,13.488142013549805,1956.751,316.1250305175781
1779476096.528304,Saccade,21.162755966186523,20.13,1163.766357421875
1779476101.552369,Fixation,17.036561965942383,5024.623,335.4855651855469
1779476101.567369,Saccade,13.934548377990723,15.0,960.9961547851562
1779476102.513258,Fixation,4.566314220428467,945.881,328.0950012207031
1779476102.538247,Saccade,26.90926170349121,24.995,1036.34521484375
1779476104.640018,Fixation,11.288296699523926,2101.876,337.2743835449219
1779476104.660141,Saccade,31.6029052734375,20.125,1372.5528564453125
1779476106.306798,Fixation,34.85316467285156,1646.501,334.0669250488281
1779476106.326798,Saccade,19.079448699951172,19.999,982.6327514648438
1779476106.451931,Fixation,18.87808609008789,125.13,312.81414794921875
1779476106.471931,Saccade,16.531763076782227,19.996,856.119140625
1779476108.173553,Fixation,5.1725358963012695,1701.626,341.0177307128906
1779476108.193553,Saccade,19.128883361816406,20.0,917.49169921875
1779476110.070207,Fixation,5.199448108673096,1876.75,356.2093200683594
1779476110.085207,Saccade,13.496379852294922,15.009,1039.134033203125
1779476116.130616,Fixation,1.4766384363174438,6045.495,331.0428466796875
1779476116.155616,Saccade,21.85997772216797,25.0,893.8789672851562
1779476118.227616,Fixation,28.255624771118164,2072.001,315.9812927246094
1779476118.272616,Saccade,2.3062801361083984,45.0,1119.318115234375
1779476120.195045,Fixation,20.086177825927734,1921.751,319.4375915527344
1779476120.220044,Saccade,23.246719360351562,25.0,946.941650390625
1779476122.141351,Fixation,40.30293655395508,1921.876,322.216064453125
1779476122.166352,Saccade,33.401248931884766,25.0,1261.78466796875
1779476122.276496,Fixation,4.557663917541504,110.139,455.5573425292969
1779476122.296485,Saccade,19.64154624938965,19.986,1064.530029296875
1779476125.224875,Fixation,15.22884464263916,2927.627,264.4964294433594
1779476125.344997,Saccade,6.152897357940674,120.125,1128.369873046875
1779476128.532841,Fixation,16.88222312927246,3188.002,281.3543395996094
1779476128.582841,Saccade,8.106715202331543,50.004,1111.8900146484375
1779476135.648936,Fixation,15.532265663146973,7066.499,277.15399169921875
1779476135.668936,Saccade,19.123708724975586,20.0,971.3173217773438
1779476138.791636,Fixation,27.782119750976562,3122.877,277.9114074707031
1779476138.811758,Saccade,16.514568328857422,20.125,814.2808227539062
1779476143.050395,Fixation,16.62270164489746,4238.877,300.94122314453125
1779476143.065395,Saccade,18.85462188720703,15.0,1122.6092529296875
1779476150.262639,Fixation,8.622960090637207,7196.629,303.8353576660156
1779476150.282639,Saccade,17.103710174560547,20.0,841.3568725585938
1779476157.909994,Fixation,23.114694595336914,7627.011,312.66558837890625
1779476158.015105,Saccade,49.17685317993164,105.119,1350.24853515625
1779476158.590605,Fixation,16.894123077392578,575.5,305.3078308105469
1779476158.605727,Saccade,15.279716491699219,15.125,1021.0794677734375
1779476158.79586,Fixation,4.784316539764404,190.125,329.7398681640625
1779476158.84586,Saccade,6.476335048675537,50.0,1150.79833984375
1779476162.098634,Fixation,2.674699306488037,3253.002,304.259521484375
1779476162.118756,Saccade,19.825328826904297,20.125,1069.72705078125
1779476162.278878,Fixation,17.085290908813477,160.125,448.96044921875
1779476162.298878,Saccade,21.75217056274414,20.0,1170.4718017578125
1779476168.094209,Fixation,7.407224178314209,5795.378,317.7952880859375
1779476168.109221,Saccade,20.906890869140625,15.004,1300.02490234375
1779476168.444465,Fixation,0.7546031475067139,335.246,416.94122314453125
1779476168.494587,Saccade,6.572991371154785,50.128,1140.531982421875
1779476170.291125,Fixation,5.347068786621094,1796.623,320.6166076660156
1779476170.306125,Saccade,10.647414207458496,15.0,814.5935668945312
1779476172.142748,Fixation,6.001470565795898,1836.626,320.8435363769531
1779476172.16287,Saccade,17.082265853881836,20.125,854.1698608398438
1779476172.332992,Fixation,7.599287509918213,170.125,320.9613037109375
1779476172.377992,Saccade,3.43118953704834,45.0,964.5631103515625
1779476172.848492,Fixation,1.761351466178894,470.501,342.69964599609375
1779476172.873348,Saccade,16.85771369934082,25.008,1010.8607177734375
1779476175.415714,Fixation,2.546332836151123,2542.368,315.7174072265625
1779476175.430714,Saccade,15.948393821716309,15.0,1072.74560546875
1779476179.329231,Fixation,3.201582193374634,3898.502,318.7356872558594
1779476179.344364,Saccade,15.02277660369873,15.125,1078.5755615234375
1779476179.609609,Fixation,18.67999839782715,265.251,350.4897155761719
1779476179.629609,Saccade,18.7060489654541,19.999,975.4124145507812
1779476180.860742,Fixation,8.897701263427734,1231.126,319.68890380859375
1779476180.875742,Saccade,14.016469955444336,15.0,946.1860961914062
1779476184.644328,Fixation,8.910473823547363,3768.507,297.6753845214844
1779476184.659328,Saccade,17.46141242980957,14.995,1073.2879638671875
1779476184.83945,Fixation,13.5897216796875,180.125,343.3487243652344
1779476184.85945,Saccade,18.94456672668457,20.0,949.3810424804688
1779476188.68798,Fixation,22.565078735351562,3828.627,305.5232238769531
1779476188.702991,Saccade,15.596369743347168,15.001,1080.859130859375
1779476191.665483,Fixation,2.7028355598449707,2962.626,307.334716796875
1779476191.680605,Saccade,19.458999633789062,15.125,936.6817626953125
1779476191.965861,Fixation,14.638411521911621,285.25,328.8778076171875
1779476191.98086,Saccade,13.928363800048828,15.0,908.1007080078125
1779476200.188584,Fixation,12.478569984436035,8207.505,321.9930419921875
1779476200.203584,Saccade,13.59683609008789,15.0,941.5806274414062
1779476206.014148,Fixation,7.734853744506836,5810.378,321.2016296386719
1779476206.029148,Saccade,11.314126014709473,15.0,770.4339599609375
1779476207.805238,Fixation,7.580862998962402,1776.751,311.9305419921875
1779476207.820238,Saccade,14.668350219726562,15.0,977.8929443359375
1779476208.230604,Fixation,11.731124877929688,410.375,306.2548522949219
1779476208.255616,Saccade,21.29381561279297,25.006,1040.963623046875
1779476211.483751,Fixation,4.633964538574219,3227.996,323.4383544921875
1779476211.503751,Saccade,22.52565574645996,20.0,1130.6383056640625
1779476218.359959,Fixation,16.928956985473633,6856.254,320.344482421875
1779476218.370092,Saccade,18.554658889770508,10.125,1075.2906494140625
1779476221.122592,Fixation,7.668163299560547,2752.501,328.2048645019531
1779476221.147592,Saccade,21.57746124267578,25.0,898.9844970703125
1779476221.753122,Fixation,12.253554344177246,605.501,309.34228515625
1779476221.768244,Saccade,14.627568244934082,15.125,1175.2791748046875
1779476222.0985,Fixation,15.705835342407227,330.25,340.2039489746094
1779476222.193622,Saccade,11.044461250305176,95.125,1525.2060546875
1779476225.696585,Fixation,6.573186874389648,3503.139,324.98638916015625
1779476225.746708,Saccade,4.402846336364746,50.113,1113.275634765625
1779476232.568668,Fixation,1.5569384098052979,6821.253,324.5101013183594
1779476232.583668,Saccade,14.15423583984375,15.001,971.1392211914062
1779476234.204475,Fixation,3.4441328048706055,1621.5,306.52044677734375
1779476234.224475,Saccade,20.85313606262207,20.0,997.294677734375
1779476236.651741,Fixation,19.042879104614258,2427.252,320.05224609375
1779476236.666741,Saccade,13.436267852783203,15.0,943.7572021484375
1779476243.187914,Fixation,30.016921997070312,6521.016,323.9570007324219
1779476243.208025,Saccade,21.606592178344727,20.117,1089.931640625
1779476243.308025,Fixation,18.59983253479004,99.995,324.9044189453125
1779476243.333148,Saccade,21.562149047851562,25.126,908.2172241210938
1779476243.48827,Fixation,6.2137837409973145,155.124,263.2137756347656
1779476243.50327,Saccade,12.220979690551758,15.0,799.8197021484375
1779476244.06377,Fixation,10.463907241821289,560.501,320.0029602050781
1779476244.08377,Saccade,16.00820541381836,20.0,951.29296875
