timestamp,button_id,state,in_frame,surface_angle_deg,center_x,center_y,apparent_area
1785251302.2639647,LeftHybridRe,inactive,True,32.976210867118134,125.94024657543423,396.51723818967264,1998.1752414962284
1785251302.2639647,RightHybridRe,inactive,True,23.471208900914572,218.42501475083063,380.44346792142403,1995.0058669658902
1785251302.2639647,DownHybridRe,inactive,True,29.809877795791987,181.35188523368055,434.61625571584136,1994.6095270793667
1785251302.2639647,UpHybridRe,inactive,True,27.921561737090524,163.4259342613673,342.2411403293977,2026.8302642388117
1785251302.2639647,CloseRe,inactive,True,25.522580556580397,222.87618715596886,423.55372144869307,1796.5512444741835
1785251302.2639647,OpenRe,inactive,True,33.61778601356939,137.7278266986682,438.13442746684694,1816.1896103151848
1785251302.2639647,CloserHybridRe,inactive,True,23.074755829520093,208.201667925241,339.1945204218873,1835.0984111145517
1785251302.2639647,FartherHybridRe,inactive,True,32.382298463429095,120.35913463377221,354.7950032463913,1832.687787855837
1785251302.2639647,SwitchRef2,inactive,True,37.03019148580938,167.2094262435397,496.35560983930236,4095.116939890024
1785251302.2639647,LeftHybrid,hovered,True,18.11405102092075,312.4065746374089,391.3711682065463,3832.8456497024454
1785251302.2639647,RightHybrid,inactive,True,23.433181222470715,441.79700258638536,399.96347843962855,3329.301956713054
1785251302.2639647,DownHybrid,inactive,True,26.406046069370067,371.7896552176695,456.28899668302984,3381.482283799807
1785251302.2639647,UpHybrid,inactive,True,12.355018559851121,385.62989382243467,333.06032148472127,3931.95235449756
1785251302.2639647,Close,inactive,True,28.35269028570363,429.3076923868424,453.70269069453906,2840.1222909448406
1785251302.2639647,Open,inactive,True,24.986337608294356,312.53155480402677,448.2535086489089,3231.5314908519285
1785251302.2639647,CloserHybrid,inactive,True,18.607292861738518,445.98824885408544,344.8514016472804,3244.743696669364
1785251302.2639647,FartherHybrid,inactive,True,10.827485233132396,321.06588722600486,334.0313787522352,3725.002156697825
1785251302.2639647,SwitchRef1,inactive,True,15.704222165541557,483.15744125894685,225.02154849981815,20663.709351250523
1785251302.7652156,LeftHybridRe,inactive,True,33.329047592496,125.68525872166117,396.5146576446722,1993.513083590271
1785251302.7652156,RightHybridRe,inactive,True,23.811710363608398,217.95448333481735,380.44726061683616,1999.3280196804772
1785251302.7652156,DownHybridRe,inactive,True,30.083406067278784,180.85867921680713,434.7795602829284,1999.278761849222
1785251302.7652156,UpHybridRe,inactive,True,28.35200520537906,163.1413346382355,342.16011903030096,2021.8469115530788
1785251302.7652156,CloseRe,inactive,True,25.770391958015665,222.35529545285985,423.72355381140557,1804.1609760096544
1785251302.7652156,OpenRe,inactive,True,33.91298376911076,137.33195009587865,438.25120690866584,1816.5559881391891
1785251302.7652156,CloserHybridRe,inactive,True,23.509871487242805,207.79724623462727,339.092161416954,1834.9047883146704
1785251302.7652156,FartherHybridRe,inactive,True,32.788399438315444,120.23081374178236,354.7354824285635,1824.417303963177
1785251302.7652156,SwitchRef2,inactive,True,36.14837264245345,166.71046905661927,496.2809383239753,4099.194693423746
1785251302.7652156,LeftHybrid,inactive,True,17.601484057371657,311.9647240783519,391.36423700406976,3814.6031605288736
1785251302.7652156,RightHybrid,inactive,True,22.459008232091875,441.36779242811866,399.8687873788903,3355.6749968357763
1785251302.7652156,DownHybrid,inactive,True,25.658806375146618,371.60329887759315,456.43654840219926,3401.588350708742
1785251302.7652156,UpHybrid,hovered,True,11.364731159954847,384.6489067890888,332.9575663371137,3921.167142159691
1785251302.7652156,Close,inactive,True,27.48707147779373,429.2547400913812,453.88799428851564,2871.9003873734473
1785251302.7652156,Open,inactive,True,24.43423142781409,312.3562232775604,448.3221128350407,3231.4729423829413
1785251302.7652156,CloserHybrid,inactive,True,17.555500246612237,445.12752638946506,344.60099672222725,3257.353875685527
1785251302.7652156,FartherHybrid,inactive,True,10.355947755390973,320.3112620328243,334.09756844612633,3691.989144772895
1785251302.7652156,SwitchRef1,inactive,True,15.957496831599302,482.3529761885818,224.1637462674833,20594.695780378817
1785251303.2640507,LeftHybridRe,inactive,True,34.4415101667452,124.81344761602753,395.24014694312535,1986.0932129380344
1785251303.2640507,RightHybridRe,inactive,True,25.03370382188111,216.95026189174374,379.77106008272085,2012.5682521432682
1785251303.2640507,DownHybridRe,inactive,True,31.3489904306913,180.1494677190919,433.8578318847323,1988.8677108694756
1785251303.2640507,UpHybridRe,inactive,True,29.37699572086211,161.791795658027,340.9639549798188,2038.0540426221341
1785251303.2640507,CloseRe,inactive,True,27.09872641744704,221.55787239822033,423.1498321701382,1804.2433873524278
1785251303.2640507,OpenRe,inactive,True,35.10364377986264,136.79764380130024,436.9634972480426,1798.5105562965982
1785251303.2640507,CloserHybridRe,inactive,True,24.562091282302955,206.55639192784093,338.1180542698396,1857.7642964980732
1785251303.2640507,FartherHybridRe,inactive,True,33.80578578627288,118.97303976227715,353.3596710939118,1829.711601313942
1785251303.2640507,SwitchRef2,inactive,True,36.43311770846889,165.7240753393309,495.2331736613663,4090.9032640130026
1785251303.2640507,LeftHybrid,inactive,True,17.31994122970745,311.20308621986123,390.06062317414705,3779.8313788173255
1785251303.2640507,RightHybrid,inactive,True,21.67161946227616,440.3169255588382,399.3041437866481,3364.914981210619
1785251303.2640507,DownHybrid,inactive,True,25.11414235095081,370.5188560487137,455.45004768351265,3399.0216246335185
1785251303.2640507,UpHybrid,inactive,True,10.60756515647735,383.6585426511132,332.16955921454564,3899.2340909653067
1785251303.2640507,Close,inactive,True,26.80564882673896,428.1787157643012,453.3284997482648,2884.27725587631
1785251303.2640507,Open,inactive,True,24.08566576110768,311.4782923631533,446.90415210675263,3211.1012593734267
1785251303.2640507,CloserHybrid,inactive,True,16.67337364793493,444.0827070272259,344.0475257857829,3258.8607071899023
1785251303.2640507,FartherHybrid,inactive,True,10.158446878034349,319.6123737426312,333.04947336774205,3650.048565610101
1785251303.2640507,SwitchRef1,inactive,True,15.620653535081088,481.54675403562777,223.7374324541409,20634.46868993393
1785251303.7638836,LeftHybridRe,inactive,True,34.73196810389827,120.25681055712482,394.14986502359994,1979.767465990215
1785251303.7638836,RightHybridRe,inactive,True,25.360533477195567,212.1313669164896,379.09874251472627,1999.8379297799183
1785251303.7638836,DownHybridRe,inactive,True,31.515892581014082,174.9376307593606,433.0594724867964,1988.896482052598
1785251303.7638836,UpHybridRe,inactive,True,29.832635708398872,157.7098684569206,340.13401908694277,2017.3472434430005
1785251303.7638836,CloseRe,inactive,True,27.249034813718335,216.30851801373205,422.52449973481276,1801.7094829464913
1785251303.7638836,OpenRe,inactive,True,35.28971117541579,131.65778666774298,435.9857052653181,1801.9036023103945
1785251303.7638836,CloserHybridRe,inactive,True,25.059354684060224,202.2021880432972,337.49341944812164,1837.7619160695758
1785251303.7638836,FartherHybridRe,inactive,True,34.194273177754994,114.98824004254851,352.3071084885304,1815.1172440956889
1785251303.7638836,SwitchRef2,inactive,True,36.60117673320669,160.9435082583994,494.6489885164957,4129.786854630413
1785251303.7638836,LeftHybrid,inactive,True,17.26238999019057,306.36517405761043,389.5850003347915,3826.9886921742727
1785251303.7638836,RightHybrid,inactive,True,22.13475107323634,435.6714382188142,398.6297016253525,3346.668518708888
1785251303.7638836,DownHybrid,inactive,True,25.311710508390465,365.7550973068984,454.98657231501187,3409.312628750238
1785251303.7638836,UpHybrid,hovered,True,11.026292753450422,379.3310123951621,331.49034550668426,3912.691047495682
1785251303.7638836,Close,inactive,True,27.154155198455726,423.38316446232386,452.6139180313876,2869.89133856837
1785251303.7638836,Open,inactive,True,24.097488116202655,306.4763904089017,446.6747343343377,3248.7352735576787
1785251303.7638836,CloserHybrid,inactive,True,17.271812065361733,439.63547805727194,343.4326336306589,3242.588605501536
1785251303.7638836,FartherHybrid,inactive,True,10.025573076701937,315.0155104562598,332.2993981175603,3695.2209240592565
1785251303.7638836,SwitchRef1,inactive,True,15.174715100833303,477.1981333170205,223.76322494015173,20643.08359175722
1785251304.2640011,LeftHybridRe,inactive,True,34.016028289467116,120.87622137721024,394.7688004494697,1994.6282006825859
1785251304.2640011,RightHybridRe,inactive,True,24.62120450729728,213.20347853682588,379.18411108770687,1997.633154291354
1785251304.2640011,DownHybridRe,inactive,True,30.874062048370536,176.18412521141812,433.175333350029,1989.2586734663892
1785251304.2640011,UpHybridRe,inactive,True,29.0166838411812,158.26577687907485,340.61941100993187,2029.504369907012
1785251304.2640011,CloseRe,inactive,True,26.621390909440287,217.6343970131636,422.3779725222078,1795.5000916705903
1785251304.2640011,OpenRe,inactive,True,34.6396794676738,132.66516987066763,436.425243856669,1809.5117207690673
1785251304.2640011,CloserHybridRe,inactive,True,24.222076091772877,202.99948376018173,337.77403610554455,1840.7588100854846
1785251304.2640011,FartherHybridRe,inactive,True,33.421870647921125,115.26067437820228,352.9947466398043,1833.5773445912255
1785251304.2640011,SwitchRef2,inactive,True,36.771639149448205,161.99402605551074,494.9479321066864,4106.088698639254
1785251304.2640011,LeftHybrid,inactive,True,17.256798043844622,307.3935114005133,389.21410623255133,3777.629982922721
1785251304.2640011,RightHybrid,inactive,True,21.026256827240836,436.68907206428105,399.32036041113145,3390.442128841343
1785251304.2640011,DownHybrid,inactive,True,24.764648538272876,366.54620395487046,455.13915700987786,3416.3050665517803
1785251304.2640011,UpHybrid,active,True,9.995682707402585,380.0297272801853,331.71146098801114,3906.8588596975605
1785251304.2640011,Close,inactive,True,26.2940018197558,424.39333000325115,453.44890853109086,2908.6411830632132
1785251304.2640011,Open,inactive,True,23.95126066692827,307.4828023839016,446.13026143387134,3215.8996255168604
1785251304.2640011,CloserHybrid,inactive,True,15.887555360332176,440.58450963644685,343.9400986149751,3279.049569792187
1785251304.2640011,FartherHybrid,inactive,True,10.193971234851304,315.9863246841479,332.24782703342214,3642.2886793318685
1785251304.2640011,SwitchRef1,inactive,True,16.056279341918195,477.80797133314707,223.28785406406382,20731.814934885668
1785251304.7640398,LeftHybridRe,inactive,True,34.19939179379423,120.51617912592508,395.06329333315773,1986.2682939935949
1785251304.7640398,RightHybridRe,inactive,True,24.792013988891632,212.51740786134502,379.3884752872603,1994.1887558696326
1785251304.7640398,DownHybridRe,inactive,True,30.953729012706585,175.46459753952647,433.5279097439337,1991.0600042541446
1785251304.7640398,UpHybridRe,inactive,True,29.304933517159544,157.92336207724364,340.88248704750913,2015.8293803344313
1785251304.7640398,CloseRe,inactive,True,26.67210472674948,216.84536738899484,422.68365291428,1798.6666757792773
1785251304.7640398,OpenRe,inactive,True,34.747993020452185,132.07066374833505,436.7971952753711,1808.9925308335041
1785251304.7640398,CloserHybridRe,inactive,True,24.520335300362035,202.44649691438093,337.9759986688464,1831.1478984003006
1785251304.7640398,FartherHybridRe,inactive,True,33.67788375374475,115.12063767590058,353.3001132468356,1819.3025743239941
1785251304.7640398,SwitchRef2,inactive,True,36.242814424492174,162.18081084409624,495.277803263495,4080.1944308297752
1785251304.7640398,LeftHybrid,inactive,True,17.42701447184447,306.6520638032465,389.5436445038062,3792.8794953271135
1785251304.7640398,RightHybrid,inactive,True,21.528081230870228,435.9955659654332,399.18104568448814,3373.262743115876
1785251304.7640398,DownHybrid,inactive,True,25.106485007385217,365.9539574176797,455.1672428599474,3407.8775003564224
1785251304.7640398,UpHybrid,active,True,10.48018323560073,379.3872946185387,331.80586380502774,3912.0155876053395
1785251304.7640398,Close,inactive,True,26.723900357481124,423.71896750215427,453.2012481813101,2890.1375244104856
1785251304.7640398,Open,inactive,True,24.164942639368334,306.81339932280144,446.45535151054844,3221.9700486539004
1785251304.7640398,CloserHybrid,inactive,True,16.451916646770943,439.9027336082561,343.88989336580863,3268.415535875516
1785251304.7640398,FartherHybrid,inactive,True,10.296196308552442,315.2062886393344,332.48274482821483,3663.3080094277902
1785251304.7640398,SwitchRef1,inactive,True,15.644702024752482,477.044455543052,223.61798446597487,20617.372817205527
1785251305.2639222,LeftHybridRe,inactive,True,34.12652917780683,120.62287536406302,395.20067665343754,1982.5364769773696
1785251305.2639222,RightHybridRe,inactive,True,24.686724023280366,212.4000770602352,379.02752705289447,1990.7441734663953
1785251305.2639222,DownHybridRe,inactive,True,30.77484382097361,175.4844987516603,433.44040615886365,1993.6685113900203
1785251305.2639222,UpHybridRe,inactive,True,29.323152410283193,157.90958824161382,340.8415984812316,2006.0186644838031
1785251305.2639222,CloseRe,inactive,True,26.458965583340927,216.79729978360342,422.3573614222868,1800.8902210341766
1785251305.2639222,OpenRe,inactive,True,34.605686486465025,132.15352083110298,436.937944731431,1810.9443122801895
1785251305.2639222,CloserHybridRe,inactive,True,24.53968146100639,202.2898057920306,337.69157314811,1822.6530618291035
1785251305.2639222,FartherHybridRe,inactive,True,33.67573944754994,115.25113391202416,353.4770678216011,1810.672389911806
1785251305.2639222,SwitchRef2,inactive,True,37.113174559942195,161.68641068368245,494.9227687701365,4083.3983078600068
1785251305.2639222,LeftHybrid,inactive,True,17.383567390973955,306.5209692159651,389.34958115487643,3816.756738834876
1785251305.2639222,RightHybrid,inactive,True,21.82531017278954,436.0141287075437,398.768785741177,3369.2253376694134
1785251305.2639222,DownHybrid,inactive,True,25.233577379125766,365.92453224025854,454.94872899478594,3414.7302534936753
1785251305.2639222,UpHybrid,active,True,10.732257207262922,379.4682062859521,331.40356573344934,3923.3744862410895
1785251305.2639222,Close,inactive,True,26.95027321352701,423.6959566385484,452.81689357086225,2886.4674000430095
1785251305.2639222,Open,inactive,True,24.17284028979101,306.65672397999913,446.3906089259438,3239.6681062157513
1785251305.2639222,CloserHybrid,inactive,True,16.83489109602304,439.97411284017926,343.4565589776845,3265.887065117793
1785251305.2639222,FartherHybrid,inactive,True,10.192268455415782,315.1341022843651,332.12392133453926,3687.610462298522
1785251305.2639222,SwitchRef1,inactive,True,15.93769794524884,476.8786417808641,222.74840522605024,20739.810035803916
1785251305.7642207,LeftHybridRe,inactive,True,34.41125803120836,120.05497017841532,394.9298443711541,1983.725830093921
1785251305.7642207,RightHybridRe,inactive,True,25.007088145339146,211.90393183299705,379.05240067080996,1995.496861235646
1785251305.7642207,DownHybridRe,inactive,True,31.12967506008944,174.99741832829517,433.3321809728127,1991.6160316440728
1785251305.7642207,UpHybridRe,inactive,True,29.55858248135313,157.29455254840616,340.63423544334705,2013.8506300889458
1785251305.7642207,CloseRe,inactive,True,26.83948896883067,216.3225475750297,422.403116190534,1800.8705671582502
1785251305.7642207,OpenRe,inactive,True,34.931052171201216,131.66830081567855,436.67543588160027,1807.7824809773883
1785251305.7642207,CloserHybridRe,inactive,True,24.780675489115794,201.75507791204979,337.616183399396,1831.1043786541923
1785251305.7642207,FartherHybridRe,inactive,True,33.91576724898605,114.59189769335143,353.1589608545541,1816.110092603687
1785251305.7642207,SwitchRef2,inactive,True,37.0235686442563,161.17487212261764,495.0103573702287,4110.140819373744
1785251305.7642207,LeftHybrid,inactive,True,16.817659007799797,304.54037306523765,384.5485065959531,3924.468399905658
1785251305.7642207,RightHybrid,inactive,True,21.71784841315682,435.47563802973605,392.4345795646027,3425.7806565859646
1785251305.7642207,DownHybrid,inactive,True,24.915832757691863,365.41755845503366,450.16203039429615,3487.585531872217
1785251305.7642207,UpHybrid,active,True,10.420003936499281,377.71633247053165,324.9635681367528,4013.0818292365293
1785251305.7642207,Close,inactive,True,26.78968397362542,423.6551463924508,447.18141834336257,2933.035969686418
1785251305.7642207,Open,inactive,True,23.737464731905455,305.3569068800306,442.3568812948424,3325.6843498473463
1785251305.7642207,CloserHybrid,inactive,True,16.865527510695244,438.87212599924396,336.5023846169471,3322.0613993831575
1785251305.7642207,FartherHybrid,inactive,True,9.501065776743628,312.61391447189465,326.41143941786487,3792.453780352247
1785251305.7642207,SwitchRef1,inactive,True,16.314311665348832,477.8875950963263,215.89013990823946,20776.686550587918
1785251306.2639103,LeftHybridRe,inactive,True,34.62967277300449,120.34505887428298,395.4161808446736,1975.6759273279822
1785251306.2639103,RightHybridRe,inactive,True,25.26884547885143,212.0076802791121,379.57120768380076,1991.8204559523656
1785251306.2639103,DownHybridRe,inactive,True,31.408776308424546,175.33617323341204,433.73705827988033,1981.8214503385789
1785251306.2639103,UpHybridRe,inactive,True,29.74364724782996,157.30506939502533,341.1799050663458,2012.0645856840529
1785251306.2639103,CloseRe,inactive,True,27.14563430776186,216.55595615275863,422.8478458554096,1794.01696012279
1785251306.2639103,OpenRe,inactive,True,35.181395326841006,132.11801896070972,437.05604308228556,1796.9770298227304
1785251306.2639103,CloserHybridRe,inactive,True,24.97837380951285,201.73119186790683,338.1561702491641,1831.0560043132064
1785251306.2639103,FartherHybridRe,inactive,True,34.098310908412806,114.70119404533227,353.7033192039784,1812.3216780769362
1785251306.2639103,SwitchRef2,inactive,True,36.80473004286683,161.25780841861257,495.5009056871139,4104.20854549839
1785251306.2639103,LeftHybrid,inactive,True,15.253602778664055,304.2602388805657,373.46317218947314,4030.2633884809256
1785251306.2639103,RightHybrid,inactive,True,20.37305889714322,436.679761146379,382.31117160661904,3531.1812333333073
1785251306.2639103,DownHybrid,inactive,True,23.43171868520905,365.68638351364154,440.67793548468353,3601.9723418423528
1785251306.2639103,UpHybrid,active,True,8.795482977501546,378.3249696617577,313.363508236039,4109.174082274389
1785251306.2639103,Close,inactive,True,25.437008311530867,424.6823490664166,438.04132926799934,3032.538646024681
1785251306.2639103,Open,inactive,True,22.29474710641962,304.9248374918156,432.3237589242578,3426.4716462248252
1785251306.2639103,CloserHybrid,inactive,True,15.748096804513237,440.1226372406472,325.46088319408216,3408.4362356306083
1785251306.2639103,FartherHybrid,inactive,True,7.884732815301584,312.5921028296991,314.478550603754,3876.721403449752
1785251306.2639103,SwitchRef1,inactive,True,18.233273209845407,483.08211041085485,204.65043727632354,21017.71479200411
1785251306.7639992,LeftHybridRe,inactive,True,35.00266628956828,120.48711504168358,394.7838564607914,1974.6706650747074
1785251306.7639992,RightHybridRe,inactive,True,25.671601665219573,212.23320975187357,379.72177488419254,1999.905368816646
1785251306.7639992,DownHybridRe,inactive,True,31.846316091796602,175.28206762343612,433.6298772967683,1982.1907931344067
1785251306.7639992,UpHybridRe,inactive,True,30.068705176742483,157.64752406752163,340.762836423663,2019.1218003310205
1785251306.7639992,CloseRe,inactive,True,27.604765123029704,216.57267997478775,423.1145975774357,1797.9973760820285
1785251306.7639992,OpenRe,inactive,True,35.59226002784701,132.08582766152472,436.5459167387663,1793.6540504641998
1785251306.7639992,CloserHybridRe,inactive,True,25.306247178062442,202.13995118604078,338.0969014497473,1841.338933255287
1785251306.7639992,FartherHybridRe,inactive,True,34.428895094335175,115.0030590040235,352.9626881741926,1814.2285715704838
1785251306.7639992,SwitchRef2,inactive,True,36.536760531800375,161.7863429498462,495.0743098453279,4068.2155915269395
1785251306.7639992,LeftHybrid,inactive,True,13.6759753849067,302.9513055975034,361.696300832993,4133.274206583454
1785251306.7639992,RightHybrid,inactive,True,18.65118890846094,437.0028800113593,371.70646710446,3655.7571443626803
1785251306.7639992,DownHybrid,inactive,True,21.691614186803047,364.9515567103199,430.68090220393566,3730.3417330972734
1785251306.7639992,UpHybrid,active,True,6.821708221730513,377.90033127444866,301.15837583030225,4209.203555494052
1785251306.7639992,Close,inactive,True,23.748985382497626,424.8364980888345,428.5206674304118,3151.5704211432458
1785251306.7639992,Open,inactive,True,20.75491346082611,303.4554890779375,421.6333790513768,3530.6901322433187
1785251306.7639992,CloserHybrid,inactive,True,14.287507364580302,440.4569001594148,313.8626735777018,3508.59646566178
1785251306.7639992,FartherHybrid,inactive,True,6.478374128238066,311.54234163891846,301.9063029086598,3953.3699879312917
1785251306.7639992,SwitchRef1,inactive,True,19.558504681130234,488.07119849765076,192.39429452737286,21203.23494978129
1785251307.2638369,LeftHybridRe,inactive,True,34.24465152099088,121.721784328718,394.56127522299124,1981.8854149350154
1785251307.2638369,RightHybridRe,inactive,True,24.831352519415027,213.65983981407138,379.070190743627,1995.7503497102443
1785251307.2638369,DownHybridRe,inactive,True,31.013916096284493,176.59350675062413,433.14020496324594,1988.5829939503274
1785251307.2638369,UpHybridRe,inactive,True,29.32927795462726,159.09252845780858,340.44069117126907,2016.0705054952632
1785251307.2638369,CloseRe,inactive,True,26.732997595603774,217.961027090876,422.3891060484872,1798.7128174854588
1785251307.2638369,OpenRe,inactive,True,34.80582138003222,133.2589472417663,436.30277849990443,1803.8905484418283
1785251307.2638369,CloserHybridRe,inactive,True,24.53806043342661,203.61169500941054,337.6072302878137,1833.5557609169446
1785251307.2638369,FartherHybridRe,inactive,True,33.71065681292999,116.33430338996135,352.78729128000816,1816.5120160378756
1785251307.2638369,SwitchRef2,inactive,True,31.446738807999466,168.36851564697048,493.2251546498089,3319.6267669318513
1785251307.2638369,LeftHybrid,inactive,True,10.264473480458403,304.5953287080424,347.86817875379455,4247.284636352764
1785251307.2638369,RightHybrid,inactive,True,16.923370825209393,439.41402630359255,359.13737399172777,3729.660168793096
1785251307.2638369,DownHybrid,inactive,True,18.73258980795113,366.67279377343317,418.93445816007414,3884.111988280958
1785251307.2638369,UpHybrid,hovered,True,5.600008437417603,380.3506638822659,287.2167563071872,4231.06699820127
1785251307.2638369,Close,inactive,True,21.44463415126138,427.1595033190171,417.1272779033533,3266.1230045273696
1785251307.2638369,Open,inactive,True,17.519329160215317,304.4768174510336,409.2337593312775,3683.8998634775053
1785251307.2638369,CloserHybrid,inactive,True,13.825098815831458,442.83540809540045,300.6292999920393,3520.58745704584
1785251307.2638369,FartherHybrid,inactive,True,3.521900974435826,313.85756742401594,287.36487559793875,3992.752168416053
1785251307.2638369,SwitchRef1,inactive,True,21.648792921184995,495.46684936775904,179.64010511356003,21105.86804465758
1785251307.7640834,LeftHybridRe,inactive,True,33.464943597839266,124.04603734591717,393.8387662877917,1981.820896891626
1785251307.7640834,RightHybridRe,inactive,True,24.001272570240587,216.17458792378946,378.64618817122494,1987.0564371930595
1785251307.7640834,DownHybridRe,inactive,True,30.247409993211928,178.7768382805552,432.45505504236917,1985.4307902979635
1785251307.7640834,UpHybridRe,inactive,True,28.497388140422213,161.80498937116442,339.9839808258677,2011.422806751012
1785251307.7640834,CloseRe,inactive,True,25.958534701634353,220.22554629595905,421.81192832550533,1791.7266070228216
1785251307.7640834,OpenRe,inactive,True,34.05414913012367,135.35673531414955,435.5269528749848,1804.2214026974398
1785251307.7640834,CloserHybridRe,inactive,True,23.68054561283266,206.36580751931868,337.3236341454429,1825.129079936607
1785251307.7640834,FartherHybridRe,inactive,True,32.914483173965806,118.9054308552877,352.1419273697111,1815.3831998442638
1785251307.7640834,SwitchRef2,inactive,True,29.398676430850884,170.72003754463265,492.41652386750036,3348.1624755870325
1785251307.7640834,LeftHybrid,inactive,True,10.649290365240617,307.1945449150345,346.7121742836025,4225.874722763001
1785251307.7640834,RightHybrid,inactive,True,16.933783935208062,441.9631473911044,358.6050701740623,3738.945822961032
1785251307.7640834,DownHybrid,inactive,True,18.973765687604452,368.91072654623645,417.9098479533434,3866.404583034193
1785251307.7640834,UpHybrid,inactive,True,5.449816263211258,383.1088754683866,286.40639044351224,4240.827171207544
1785251307.7640834,Close,inactive,True,21.56827104552309,429.4004641350585,416.4728911722532,3263.14037020228
1785251307.7640834,Open,inactive,True,17.862775859615684,306.8949149406435,407.87503973611126,3653.9146053477743
1785251307.7640834,CloserHybrid,inactive,True,13.665064596009882,445.68021106099496,300.0600447122314,3539.854321469051
1785251307.7640834,FartherHybrid,inactive,True,3.9049103192448684,316.6132240963526,286.33077269204335,3986.1853184438005
1785251307.7640834,SwitchRef1,inactive,True,21.984515429542995,497.90552691309665,178.7690027045499,21147.48938533591
1785251308.2641597,LeftHybridRe,inactive,True,34.365971411558654,122.9473504657658,394.16303877694264,1986.9128432346151
1785251308.2641597,RightHybridRe,inactive,True,24.95833641440156,215.10165186584996,378.89407296506386,2006.8319800134486
1785251308.2641597,DownHybridRe,inactive,True,31.2250802058697,178.06745450095863,432.8882728727598,1989.6205700837345
1785251308.2641597,UpHybridRe,inactive,True,29.355551216824356,160.22101527524063,340.0222474128915,2031.6973501108769
1785251308.2641597,CloseRe,inactive,True,26.964855844764063,219.49978943139723,422.25651786346305,1802.351005061013
1785251308.2641597,OpenRe,inactive,True,34.99214835386858,134.68594482673825,435.9222360140666,1802.1679084904863
1785251308.2641597,CloserHybridRe,inactive,True,24.550208597716114,204.92554429027325,337.2874871876557,1849.6302501627397
1785251308.2641597,FartherHybridRe,inactive,True,33.76645032030487,117.35899586020037,352.30117340688554,1827.4288199556922
1785251308.2641597,SwitchRef2,inactive,True,36.17107343634315,163.97767872275654,494.1212121542209,4076.959090361099
1785251308.2641597,LeftHybrid,inactive,True,11.668028459056211,305.75300632628995,347.4208652230115,4273.60226498761
1785251308.2641597,RightHybrid,inactive,True,18.556601991520324,440.8617910867162,358.6269328320929,3708.587951125868
1785251308.2641597,DownHybrid,inactive,True,20.51123962350909,367.83303127699895,418.02749434971105,3831.6844556437136
1785251308.2641597,UpHybrid,inactive,True,6.907779634291832,382.1265967539416,286.5993120833755,4292.099751120601
1785251308.2641597,Close,inactive,True,23.18619351391295,428.14017844932533,416.14239807802545,3208.7714904092427
1785251308.2641597,Open,inactive,True,19.060883234036798,305.66277413028047,408.51934014504366,3655.4629294510305
1785251308.2641597,CloserHybrid,inactive,True,15.00865379535296,444.8206313239562,300.1497004883934,3545.644199129267
1785251308.2641597,FartherHybrid,inactive,True,4.191267310003037,315.07451686146874,286.66972493176615,4070.9603795150106
1785251308.2641597,SwitchRef1,inactive,True,21.781122164340832,496.51382497878495,178.8808801814246,21163.255535482145
1785251308.7639332,LeftHybridRe,inactive,True,33.606840634206335,123.45621557790685,393.82887450757386,1983.2750773108855
1785251308.7639332,RightHybridRe,inactive,True,24.15165462306462,215.57790414446964,378.51229147123877,1989.4623589866824
1785251308.7639332,DownHybridRe,inactive,True,30.38864652425891,178.28217612659066,432.39549488726925,1986.3943658347707
1785251308.7639332,UpHybridRe,inactive,True,28.646236771344793,161.10710293705318,339.88910159220427,2014.0460899061436
1785251308.7639332,CloseRe,inactive,True,26.10130963099127,219.71745004385855,421.70192121317007,1793.2219072428052
1785251308.7639332,OpenRe,inactive,True,34.19245365908381,134.86368830838092,435.51741534702984,1804.778018103516
1785251308.7639332,CloserHybridRe,inactive,True,23.833337962653378,205.6814715858362,337.16547160462574,1827.9443101132201
1785251308.7639332,FartherHybridRe,inactive,True,33.05786594207616,118.2174920854398,352.11465450321793,1817.5537053410008
1785251308.7639332,SwitchRef2,inactive,True,31.18668816197372,170.29588785982202,492.9938759033529,3320.2782350119705
1785251308.7639332,LeftHybrid,inactive,True,10.347445270505684,306.5776096469672,346.93982596547085,4250.602159068723
1785251308.7639332,RightHybrid,inactive,True,17.386128404195656,441.26766775288723,358.67215704920005,3717.7889843387093
1785251308.7639332,DownHybrid,inactive,True,19.056166710081772,368.32287749939263,418.1300413037694,3870.463714991027
1785251308.7639332,UpHybrid,inactive,True,6.069764191462035,382.631489789319,286.5466988304719,4235.669428983325
1785251308.7639332,Close,inactive,True,21.851421716459726,428.7107722428108,416.5097257037626,3249.6501128862
1785251308.7639332,Open,inactive,True,17.683438017000586,306.212225194255,408.2585460768478,3677.4920435834356
1785251308.7639332,CloserHybrid,inactive,True,14.280632347484419,445.0117157408306,300.2146208843021,3516.7171112339274
1785251308.7639332,FartherHybrid,hovered,True,3.3115704282337557,316.08920937683433,286.42888063164787,4004.5066728550955
1785251308.7639332,SwitchRef1,inactive,True,22.044121205034866,497.0914410047028,178.96691737513436,21221.050197823577
1785251309.2639213,LeftHybridRe,inactive,True,33.97842845284591,123.50720945264874,394.2262178263001,1987.1056110162463
1785251309.2639213,RightHybridRe,inactive,True,24.516710342576022,215.6385817647932,378.8054354449333,2002.0494566376947
1785251309.2639213,DownHybridRe,inactive,True,30.74668731896939,178.4207641880284,432.9075267537032,1994.537265736697
1785251309.2639213,UpHybridRe,inactive,True,29.027387130626316,161.01772330886914,340.07677313925814,2022.3496621380473
1785251309.2639213,CloseRe,inactive,True,26.450505505716013,219.88394573502367,422.1764777901451,1804.186854927866
1785251309.2639213,OpenRe,inactive,True,34.553832664030125,135.00958486456625,436.03204672805816,1808.527285861157
1785251309.2639213,CloserHybridRe,inactive,True,24.209999555046178,205.63166497146628,337.286226378547,1839.3584813662383
1785251309.2639213,FartherHybridRe,inactive,True,33.4358853682034,118.16934406342887,352.392331867417,1821.2584440937735
1785251309.2639213,SwitchRef2,inactive,True,36.1717395510105,164.12922571525792,494.1892475095249,4099.8884362973295
1785251309.2639213,LeftHybrid,inactive,True,10.764532994021177,306.4180657943608,346.529895723384,4248.204116068322
1785251309.2639213,RightHybrid,inactive,True,17.558350377281005,441.21944166741395,358.07554388931345,3719.1561274315172
1785251309.2639213,DownHybrid,inactive,True,19.408696279687565,368.28714572111784,417.50211888846655,3855.947786409328
1785251309.2639213,UpHybrid,inactive,True,6.092978862658534,382.45787287277517,286.00466877693077,4251.31054409247
1785251309.2639213,Close,inactive,True,22.116185559789486,428.65937361319243,415.82258011450335,3239.711074749139
1785251309.2639213,Open,inactive,True,18.086240149670754,306.1982267584295,407.7293149472389,3662.4988151850557
1785251309.2639213,CloserHybrid,inactive,True,14.285272016192557,444.97472767021753,299.59792266838264,3529.846788481904
1785251309.2639213,FartherHybrid,active,True,3.656069342408589,315.80024799578797,285.9919047346362,4016.5646894732126
1785251309.2639213,SwitchRef1,inactive,True,21.87926391951798,496.8477267919419,178.8734588553349,21141.425754502612
1785251309.7646928,LeftHybridRe,inactive,True,33.62507557876085,123.36244516483623,394.06065007000046,1990.4216266039075
1785251309.7646928,RightHybridRe,inactive,True,24.115440508490558,215.51355678795215,378.2732270336431,1998.3553643461782
1785251309.7646928,DownHybridRe,inactive,True,30.300285785912873,178.2459549564488,432.56029390266804,2000.0015297921345
1785251309.7646928,UpHybridRe,inactive,True,28.74015997172195,160.99123070809813,339.8046452285424,2016.3351392696168
1785251309.7646928,CloseRe,inactive,True,25.96955880505071,219.73043376244058,421.6348476140346,1806.0204423632895
1785251309.7646928,OpenRe,inactive,True,34.14637957659566,134.77660318469373,435.8803919606638,1816.3252040123334
1785251309.7646928,CloserHybridRe,inactive,True,23.91496284618403,205.551620836531,336.8589586669319,1831.1782842206412
1785251309.7646928,FartherHybridRe,inactive,True,33.142159713461325,118.13113994777012,352.2571574171796,1819.2912799218866
1785251309.7646928,SwitchRef2,inactive,True,36.50983328960535,164.11231307425817,493.9943324726701,4077.4866893388244
1785251309.7646928,LeftHybrid,inactive,True,11.720434155651638,307.64065531466065,339.1306279847799,3989.9613300828714
1785251309.7646928,RightHybrid,inactive,True,15.802787498707671,439.68475496449656,352.36734642618205,3632.9092479950705
1785251309.7646928,DownHybrid,inactive,True,18.91313819633535,367.419823899646,409.2171951341926,3674.607897874208
1785251309.7646928,UpHybrid,inactive,True,4.070347620059289,382.1480585190281,280.92508155137,4095.692801605175
1785251309.7646928,Close,inactive,True,20.86772807164741,426.8087581759039,408.83038936764825,3143.5859704658797
1785251309.7646928,Open,inactive,True,18.471273431403382,307.1122768168765,398.49769802085575,3427.8758829707804
1785251309.7646928,CloserHybrid,inactive,True,11.96219007090599,443.86758759403,294.8598062808686,3464.3586967946103
1785251309.7646928,FartherHybrid,active,True,5.623158070531731,317.0432297596834,280.37107312457937,3795.1491504602163
1785251309.7646928,SwitchRef1,inactive,True,21.854195088073148,492.1415534006318,177.56184827848296,20196.25776288293
1785251310.2638888,LeftHybridRe,inactive,True,33.925183864284264,123.16068168110485,394.1478467537773,1994.4074836503314
1785251310.2638888,RightHybridRe,inactive,True,24.4636869791576,215.52410584034527,378.9145517122555,2006.4050440208666
1785251310.2638888,DownHybridRe,inactive,True,30.724442863580254,178.14873290595514,432.95444157491977,1998.684787986549
1785251310.2638888,UpHybridRe,inactive,True,28.94011168113661,160.84618665764793,340.03127267844997,2029.7369629219102
1785251310.2638888,CloseRe,inactive,True,26.43570684227208,219.7025601696871,422.30249121527584,1806.8056412231017
1785251310.2638888,OpenRe,inactive,True,34.523979893395214,134.63572940847405,436.0003577994182,1813.8016421650136
1785251310.2638888,CloserHybridRe,inactive,True,24.11755184008163,205.5665553443384,337.34563063112904,1844.8271010132048
1785251310.2638888,FartherHybridRe,inactive,True,33.360189155811995,117.86223107138875,352.26054810721877,1829.1964533964601
1785251310.2638888,SwitchRef2,inactive,True,35.995587842214675,164.10345031641376,494.6299209354444,4091.1161788782665
1785251310.2638888,LeftHybrid,inactive,True,10.680358802349865,309.48088495133453,333.90864279749826,3750.134626158746
1785251310.2638888,RightHybrid,inactive,True,13.713298106634571,437.73490781180817,348.05025181821367,3481.74164835344
1785251310.2638888,DownHybrid,inactive,True,16.927202230474247,366.9893072149724,403.07779636288984,3526.5351010472295
1785251310.2638888,UpHybrid,inactive,True,2.4255613501611126,381.95728636576354,277.9713279740611,3842.956078780102
1785251310.2638888,Close,inactive,True,18.689010150088357,425.03873892359286,403.415386641641,3041.886816706683
1785251310.2638888,Open,inactive,True,16.933422102011786,308.4310002792805,391.8700148178658,3259.203555267566
1785251310.2638888,CloserHybrid,inactive,True,10.327397321986473,441.8922641014054,291.9334545449806,3286.235509007376
1785251310.2638888,FartherHybrid,active,True,5.833476943935365,319.05667279349217,277.0129193052074,3531.372210932517
1785251310.2638888,SwitchRef1,inactive,True,22.381518023073927,486.5185342210515,178.50297270516438,19264.69590151211
1785251310.764214,LeftHybridRe,inactive,True,33.52169544125067,123.22635383620991,394.6806362410317,1994.7822688207962
1785251310.764214,RightHybridRe,inactive,True,24.013632245994344,215.49058836735873,378.795090486646,1998.7361739932676
1785251310.764214,DownHybridRe,inactive,True,30.21864406992864,178.24278040441547,433.098095255159,2001.3559004532544
1785251310.764214,UpHybridRe,inactive,True,28.614378485288363,160.86195003499878,340.3873982566392,2019.5667863736853
1785251310.764214,CloseRe,inactive,True,25.894291705307598,219.75424657369808,422.12278222191145,1805.6755498834536
1785251310.764214,OpenRe,inactive,True,34.0592555966555,134.71022116102108,436.4808420542703,1819.4403531513562
1785251310.764214,CloserHybridRe,inactive,True,23.78689630723004,205.47642229659502,337.40760021420317,1832.442024493379
1785251310.764214,FartherHybridRe,inactive,True,33.02387368985697,117.93446336631371,352.8777555595824,1823.9642925766875
1785251310.764214,SwitchRef2,inactive,True,35.95516814756895,164.49712959766546,494.97327587498,4081.112267134373
1785251310.764214,LeftHybrid,inactive,True,10.588495874151887,311.99966136699277,328.559024920852,3549.838165845591
1785251310.764214,RightHybrid,inactive,True,13.651194171794232,436.7761715204945,342.8921849828886,3300.422670885884
1785251310.764214,DownHybrid,inactive,True,16.80844917874677,367.67896633321635,396.0401469979662,3330.5783090081677
1785251310.764214,UpHybrid,inactive,True,2.581362166086159,382.77261230583076,274.399568108616,3650.853866078309
1785251310.764214,Close,inactive,True,18.5346383683541,424.13702303334844,396.66207419562653,2876.2428142041754
1785251310.764214,Open,inactive,True,16.751669141734734,310.7920539092205,384.8905180242785,3076.858360115635
1785251310.764214,CloserHybrid,inactive,True,10.236375742041044,441.12358743291657,288.267515863696,3124.408990834847
1785251310.764214,FartherHybrid,active,True,5.648306159912051,321.4962563170362,273.2087605577111,3353.4969399617476
1785251310.764214,SwitchRef1,inactive,True,22.191000947487908,481.5166443661433,179.87553147503365,18122.499639703132
1785251311.2638268,LeftHybridRe,inactive,True,34.051442752081975,123.117876408965,394.3292575548131,1991.4557135847244
1785251311.2638268,RightHybridRe,inactive,True,24.607186128594503,215.400209425556,379.0943961851739,2005.6805494055516
1785251311.2638268,DownHybridRe,inactive,True,30.86666967442615,178.1148142960188,433.1145476241063,1995.7209840936011
1785251311.2638268,UpHybridRe,inactive,True,29.061763516818587,160.69401863843464,340.217945164739,2029.0225019001336
1785251311.2638268,CloseRe,inactive,True,26.586481575518913,219.6285123591795,422.471682535272,1805.1259887266351
1785251311.2638268,OpenRe,inactive,True,34.65669097185309,134.6472990547149,436.15417549913667,1810.1717544545463
1785251311.2638268,CloserHybridRe,inactive,True,24.245396635835434,205.39480559162504,337.52205358034337,1845.0855754165204
1785251311.2638268,FartherHybridRe,inactive,True,33.47779975276635,117.75638975871698,352.4557629158851,1827.5342309499993
1785251311.2638268,SwitchRef2,inactive,True,36.92209581401916,164.2035978907036,494.51792920891876,4068.2849991872936
1785251311.2638268,LeftHybrid,inactive,True,12.872442897906849,314.7244606384679,322.0256136124977,3219.9623946994543
1785251311.2638268,RightHybrid,inactive,True,10.154532759906159,435.172894250007,338.48729948543007,3201.8033412029254
1785251311.2638268,DownHybrid,inactive,True,16.001363020393406,367.2415938201037,388.57924616535485,3131.15421302677
1785251311.2638268,UpHybrid,inactive,True,2.180419032077774,382.96485072793274,270.8705045732943,3418.0029373279176
1785251311.2638268,Close,inactive,True,16.034505866909356,422.292490074511,390.9379576173804,2787.7683429187455
1785251311.2638268,Open,inactive,True,17.665555528566724,312.9496460886427,376.1420033348534,2804.867483035596
1785251311.2638268,CloserHybrid,inactive,True,5.612845598592488,439.88173857259426,285.0477353803364,3023.7209759990656
1785251311.2638268,FartherHybrid,active,True,9.629366129757246,324.31247633981354,269.10820844686623,3040.0477041312624
1785251311.2638268,SwitchRef1,inactive,True,22.49762921399029,476.4725756211581,181.33357599232332,17071.351635327035
1785251311.764235,LeftHybridRe,inactive,True,33.96308335790623,123.40094307281225,394.1517740985031,1990.1233842427027
1785251311.764235,RightHybridRe,inactive,True,24.480034395242495,215.61632418261303,378.9881289926244,2005.5515167987178
1785251311.764235,DownHybridRe,inactive,True,30.691928152044408,178.09893580735852,433.091763747963,2001.7730557138784
1785251311.764235,UpHybridRe,inactive,True,29.039198090788727,161.21537189697833,340.0559787357668,2021.7072168938976
1785251311.764235,CloseRe,inactive,True,26.379480403646347,219.64820760726414,422.4625331466531,1810.5348172736703
1785251311.764235,OpenRe,inactive,True,34.515134962469325,134.64332764487114,436.0893468556565,1815.0278184316303
1785251311.764235,CloserHybridRe,inactive,True,24.216685263874293,205.8191566582568,337.3953233530098,1839.4180292700912
1785251311.764235,FartherHybridRe,inactive,True,33.44485398645888,118.32915799766334,352.25210499033005,1820.4593852777707
1785251311.764235,SwitchRef2,inactive,True,36.50353946860813,164.44338226489768,494.44341533931487,4086.512512371948
1785251311.764235,LeftHybrid,inactive,True,11.892452407624377,319.0465361696975,316.15571887459856,3023.484998379754
1785251311.764235,RightHybrid,inactive,True,10.029662694069195,435.39704385001954,332.7904830796529,2984.803636458222
1785251311.764235,DownHybrid,inactive,True,15.25612696238015,369.4041941954315,380.85002662963086,2932.109084676995
1785251311.764235,UpHybrid,inactive,True,1.4696308398499291,385.4757194959483,267.10784772224497,3194.5951355822253
1785251311.764235,Close,inactive,True,15.548079765932602,422.5816941759027,383.4126386278179,2602.9620785684674
1785251311.764235,Open,inactive,True,16.674205076278305,316.9190593026974,368.5532788398642,2635.568847764196
1785251311.764235,CloserHybrid,inactive,True,5.972268022847283,440.3321710849944,281.2052506271948,2817.5832773027505
1785251311.764235,FartherHybrid,hovered,True,8.689084278786249,328.7186674195831,264.9934903776353,2853.0421714168842
1785251311.764235,SwitchRef1,inactive,True,36.85754648282314,483.18884159195045,186.47337331747752,10663.823602249537
1785251312.2638478,LeftHybridRe,inactive,True,33.69909099897591,123.71970383236197,394.0362352675205,1986.9356899513623
1785251312.2638478,RightHybridRe,inactive,True,24.187430895571257,215.7711981689351,378.26799829631796,1998.269161997865
1785251312.2638478,DownHybridRe,inactive,True,30.359478439047635,178.51471876703098,432.5716014651008,1999.3166565529136
1785251312.2638478,UpHybridRe,inactive,True,28.82870344132621,161.3139819035507,339.7833230815406,2013.6438259179522
1785251312.2638478,CloseRe,inactive,True,26.024035820643316,219.97444189450937,421.6583120739958,1806.6645139628672
1785251312.2638478,OpenRe,inactive,True,34.20956900859938,135.09665659050336,435.86958062983524,1814.1237510566534
1785251312.2638478,CloserHybridRe,inactive,True,24.004473468244445,205.82812689631353,336.83654019761957,1830.1996978880852
1785251312.2638478,FartherHybridRe,inactive,True,33.226107259635214,118.5183495173153,352.2332238812473,1815.290128648945
1785251312.2638478,SwitchRef2,inactive,True,36.61885632581906,164.66274541606506,493.84808490439946,4093.185485712711
1785251312.2638478,LeftHybrid,inactive,True,10.048728173253696,319.28261361614835,314.9930348348533,3062.8885199086435
1785251312.2638478,RightHybrid,inactive,True,10.534281807445495,435.57191840519926,331.7145877843836,2951.6447652186616
1785251312.2638478,DownHybrid,inactive,True,14.331783811857091,369.5406879262548,379.8971404719549,2950.9876668419165
1785251312.2638478,UpHybrid,inactive,True,0.5582895885561323,386.17955558962495,266.0912707543218,3178.956801735025
1785251312.2638478,Close,inactive,True,15.415454787440401,422.64251941811017,382.28654597407103,2590.426229503515
1785251312.2638478,Open,inactive,True,15.156920339779857,316.8076876985641,367.6882424428922,2681.256480738266
1785251312.2638478,CloserHybrid,inactive,True,7.554022654280443,440.65129196222307,280.361863461134,2772.5738541450773
1785251312.2638478,FartherHybrid,active,True,6.881977505938831,329.335130860498,263.70909731374195,2873.982456299629
1785251312.2638478,SwitchRef1,inactive,True,36.99743280934593,483.957624713207,185.67760403653466,10626.710223159054
1785251312.7639103,LeftHybridRe,inactive,True,33.09291500968135,123.7423204602328,393.81105393884155,1994.3441790618053
1785251312.7639103,RightHybridRe,inactive,True,23.57845690006612,216.0725009711339,377.7937455573369,1990.2231923244326
1785251312.7639103,DownHybridRe,inactive,True,29.82381492545146,178.93128475308907,431.96702019816587,1993.4981957966302
1785251312.7639103,UpHybridRe,inactive,True,28.144485922183556,161.32289840600842,339.5939486452284,2018.540703247214
1785251312.7639103,CloseRe,inactive,True,25.5089070044042,220.41063837892258,420.9288901857975,1795.556651681698
1785251312.7639103,OpenRe,inactive,True,33.659691949924415,135.3667033771918,435.4521311319288,1815.4173848612081
1785251312.7639103,CloserHybridRe,inactive,True,23.310492301637176,205.98225962731422,336.56775137026153,1827.400747883301
1785251312.7639103,FartherHybridRe,inactive,True,32.57163581064374,118.31976330476908,352.1133916681033,1826.5285809601683
1785251312.7639103,SwitchRef2,inactive,True,36.26351878249542,164.8731221805615,493.4652413590585,4084.599322536964
1785251312.7639103,LeftHybrid,inactive,True,10.359644851526296,320.8013504021236,311.93032298946235,2895.8522175236867
1785251312.7639103,RightHybrid,inactive,True,8.365139351742675,434.2728425433946,328.90108544206754,2855.6175432790915
1785251312.7639103,DownHybrid,inactive,True,12.98491562984491,369.4462240161929,375.8636521840766,2844.5808776353733
1785251312.7639103,UpHybrid,inactive,True,2.0198490264344504,386.01211857060485,264.48020813551693,3016.1661852634134
1785251312.7639103,Close,inactive,True,13.431219207681682,421.5446209562839,378.6707250866182,2522.6393184795015
1785251312.7639103,Open,inactive,True,14.63032593059941,318.08749461246936,363.457725032017,2556.7126195855235
1785251312.7639103,CloserHybrid,inactive,True,5.799218941064622,439.2528630027582,278.54191364747146,2662.5298475799354
1785251312.7639103,FartherHybrid,active,True,8.34482492311259,330.81785450856546,262.0589131086321,2698.986477450846
1785251312.7639103,SwitchRef1,inactive,True,36.811860025034456,479.82758974446944,187.1653635514376,10207.037494328233
1785251313.264356,LeftHybridRe,inactive,True,33.30938361464559,122.99219583527292,393.4339371155933,1999.1910023576784
1785251313.264356,RightHybridRe,inactive,True,23.795075539077413,215.42239491714938,377.548433755209,1997.8432428933666
1785251313.264356,DownHybridRe,inactive,True,30.032819598188716,178.18256988157003,431.77126110652836,1999.5671346099589
1785251313.264356,UpHybridRe,inactive,True,28.368724813551587,160.6534361375177,339.1697585329605,2024.7032911599126
1785251313.264356,CloseRe,inactive,True,25.71417138764294,219.721251312515,420.79465078707335,1802.295646429542
1785251313.264356,OpenRe,inactive,True,33.8694905948419,134.58006226888506,435.1742989166873,1819.9453910321208
1785251313.264356,CloserHybridRe,inactive,True,23.534384683145113,205.36261535787952,336.2043644261904,1834.3660816416086
1785251313.264356,FartherHybridRe,inactive,True,32.792169615509074,117.60827570114657,351.6483842480468,1831.0684755316688
1785251313.264356,SwitchRef2,inactive,True,36.067133893345485,164.45964131593183,493.12555112634675,4083.994055695137
1785251313.264356,LeftHybrid,inactive,True,10.67111021762987,322.3161421360766,307.0913401162375,2789.866604013201
1785251313.264356,RightHybrid,inactive,True,9.91820166047326,433.51930867614476,324.2464088836537,2723.596707407407
1785251313.264356,DownHybrid,inactive,True,14.34878510402574,369.84898748271326,369.5932981471788,2691.9329422920637
1785251313.264356,UpHybrid,inactive,True,0.5859331700844421,386.6176085298493,260.83421300198455,2929.2331809732277
1785251313.264356,Close,inactive,True,14.969672725113757,420.6678348281672,372.5337290123189,2378.7951520876813
1785251313.264356,Open,inactive,True,15.439835237858084,319.6410432170826,357.34840982042505,2432.7572164252924
1785251313.264356,CloserHybrid,inactive,True,6.436707014541413,438.86855747827843,274.99026957816943,2571.1172945001454
1785251313.264356,FartherHybrid,active,True,7.516664096616765,332.211057725661,258.1173134883826,2632.1926067506065
1785251313.264356,SwitchRef1,inactive,True,37.368608683501364,476.32173811047653,187.3265299091588,9646.758281863138
1785251313.763885,LeftHybridRe,inactive,True,33.28403381039783,122.51778309481057,394.0321340181408,1989.3206553445234
1785251313.763885,RightHybridRe,inactive,True,23.77985864761979,214.64768137183813,378.02832632542174,1986.195712471228
1785251313.763885,DownHybridRe,inactive,True,29.94494039151574,177.43727975013425,432.25043839584293,1994.236506496767
1785251313.763885,UpHybridRe,inactive,True,28.419494890640365,160.17546159338636,339.8432308319448,2008.3501869091851
1785251313.763885,CloseRe,inactive,True,25.61629846763004,218.87573664803176,421.21381291862957,1796.4385977668571
1785251313.763885,OpenRe,inactive,True,33.79486247843041,133.94106617622901,435.7228433590353,1815.8745675317077
1785251313.763885,CloserHybridRe,inactive,True,23.6031441181467,204.68746665566002,336.8153203444814,1819.292810408977
1785251313.763885,FartherHybridRe,inactive,True,32.81483790849975,117.28632493252024,352.35172573290714,1817.2599835888686
1785251313.763885,SwitchRef2,inactive,True,35.74241777607475,163.80392293243125,493.62751655923864,4081.8566523468835
1785251313.763885,LeftHybrid,inactive,True,9.893395360402984,324.7045002773861,303.61769740504957,2679.6718900995693
1785251313.763885,RightHybrid,inactive,True,9.997104867435295,433.29914298160884,321.3687489205031,2598.084554107343
1785251313.763885,DownHybrid,inactive,True,13.869832740634525,370.62799511731555,365.2063264306073,2580.0304630486353
1785251313.763885,UpHybrid,inactive,True,0.07855241615567711,388.1148385934381,258.95252678348555,2800.038237675297
1785251313.763885,Close,inactive,True,14.745484352568136,420.279246728841,368.47699916909903,2273.197149791231
1785251313.763885,Open,inactive,True,14.7086758047033,321.5656464011479,352.83029381369516,2339.2189277864527
1785251313.763885,CloserHybrid,inactive,True,6.873764129162391,439.00100826679596,273.2925320507888,2450.4456716204804
1785251313.763885,FartherHybrid,hovered,True,6.726597070202669,334.8940909776479,255.7608061051522,2525.5342582345256
1785251313.763885,SwitchRef1,hovered,True,37.31365573727636,475.2439708741604,187.83162022387575,9267.60422477248
1785251314.263869,LeftHybridRe,inactive,True,33.782940199336046,123.0347617454081,393.3923288390187,1979.459434377637
1785251314.263869,RightHybridRe,inactive,True,24.368492182023882,215.05075735563454,377.857808583143,1986.8851907850913
1785251314.263869,DownHybridRe,inactive,True,30.623073940642595,178.12730581669103,431.7064379806513,1976.9561881461304
1785251314.263869,UpHybridRe,inactive,True,28.78863660355407,160.2924461793751,339.4034153670201,2016.8767239567205
1785251314.263869,CloseRe,inactive,True,26.36158367042406,219.45316249188213,420.94076707721035,1785.8931080262046
1785251314.263869,OpenRe,inactive,True,34.39989131214538,134.77698336113576,434.92830473709284,1795.5549049114343
1785251314.263869,CloserHybridRe,inactive,True,23.987606182897473,204.89229988708297,336.5606646086432,1830.4600123566997
1785251314.263869,FartherHybridRe,inactive,True,33.19893621642462,117.44822403626097,351.74153749892423,1819.7079897953463
1785251314.263869,SwitchRef2,inactive,True,36.66338515487331,164.15471977907185,492.8813335823386,4077.1666667177196
1785251314.263869,LeftHybrid,inactive,True,8.887702295030355,324.97751231674107,303.15756005361334,2711.922628745604
1785251314.263869,RightHybrid,inactive,True,10.294061943252624,433.92272491102676,320.4305751330629,2599.078100942883
1785251314.263869,DownHybrid,inactive,True,13.371826109437658,371.30266980053665,364.798429564941,2603.9934472869136
1785251314.263869,UpHybrid,inactive,True,1.1278605107456394,388.52303612298414,258.0940071093685,2808.282676368719
1785251314.263869,Close,inactive,True,14.683259876209993,421.07394805927646,367.73874084068694,2281.824270379191
1785251314.263869,Open,inactive,True,13.878889576976183,321.9275752262563,352.6786544495873,2373.0981390315937
1785251314.263869,CloserHybrid,inactive,True,7.734808382170942,439.4378194101816,272.28387120011854,2444.5414657549554
1785251314.263869,FartherHybrid,inactive,True,5.807513052047098,335.1159736013914,255.05184872487314,2547.8859637792484
1785251314.263869,SwitchRef1,active,True,37.304533091448356,476.065140799502,186.99910285342105,9264.282731682706
1785251314.7640154,LeftHybridRe,inactive,True,33.67522080329739,122.22041359009552,394.5115104058873,1989.957390448857
1785251314.7640154,RightHybridRe,inactive,True,24.22862345294141,214.41256957150273,378.74608042017667,1992.0948959539164
1785251314.7640154,DownHybridRe,inactive,True,30.454220558412125,177.34035732326257,432.82738317956057,1989.7873757607995
1785251314.7640154,UpHybridRe,inactive,True,28.724155918932663,159.68093022235726,340.3540110430982,2019.2634721505638
1785251314.7640154,CloseRe,inactive,True,26.16869816737981,218.76680029555658,421.9295242069642,1795.068055109201
1785251314.7640154,OpenRe,inactive,True,34.25597615789204,133.86137823566816,436.16868610967447,1809.8778148227502
1785251314.7640154,CloserHybridRe,inactive,True,23.916277172492187,204.30435636804603,337.4247351148136,1831.1003829167457
1785251314.7640154,FartherHybridRe,inactive,True,33.12978827321111,116.7573577122177,352.7885815584522,1824.561504830077
1785251314.7640154,SwitchRef2,inactive,True,36.66626321139778,163.95355525290952,494.45635572460964,4064.2531120148415
1785251314.7640154,LeftHybrid,inactive,True,9.248249266375035,324.1262039481751,304.14505468157984,2696.748352149152
1785251314.7640154,RightHybrid,inactive,True,9.974429225832923,432.97287489698084,321.086170726881,2598.318964112048
1785251314.7640154,DownHybrid,inactive,True,13.39963326653614,370.5631958302525,365.5600861325193,2596.662471598218
1785251314.7640154,UpHybrid,inactive,True,0.7014190810298906,387.3643470993261,258.96550943033037,2799.723246931324
1785251314.7640154,Close,inactive,True,14.508502689389775,420.3070058646853,368.3974595071848,2280.890682639365
1785251314.7640154,Open,inactive,True,14.105355112797321,321.25911072891984,353.56390511445625,2360.701368621718
1785251314.7640154,CloserHybrid,inactive,True,7.263390945836671,438.30320772417105,272.9570405873309,2443.4304278268173
1785251314.7640154,FartherHybrid,inactive,True,6.264725587043791,334.06552908606824,256.122755486402,2533.586656409054
1785251314.7640154,SwitchRef1,active,True,36.998637343530305,474.3145299558642,187.67155514947837,9294.747457611884
1785251315.2641277,LeftHybridRe,inactive,True,34.38862409487026,122.79390528170455,394.3787841230419,1982.7976576637702
1785251315.2641277,RightHybridRe,inactive,True,24.94534133810928,214.64178294446097,378.3596601881799,2004.5220461548888
1785251315.2641277,DownHybridRe,inactive,True,31.127492339390116,177.92361074578508,432.7532904872289,1992.3630160413268
1785251315.2641277,UpHybridRe,inactive,True,29.48383118985071,159.7601762595363,339.93609533747207,2022.2576560011366
1785251315.2641277,CloseRe,inactive,True,26.827732156711292,219.2426697259014,421.7743179268934,1805.5207540340853
1785251315.2641277,OpenRe,inactive,True,34.93475028824414,134.63618580867183,436.12289352926416,1803.5263730522165
1785251315.2641277,CloserHybridRe,inactive,True,24.679284450052762,204.3007824750498,336.82941239006044,1842.0837804106704
1785251315.2641277,FartherHybridRe,inactive,True,33.86962817566692,117.09859007987797,352.55773680851473,1818.7088164446868
1785251315.2641277,SwitchRef2,inactive,True,36.808345055166065,164.34663701337539,494.0290174092197,4050.886728960915
1785251315.2641277,LeftHybrid,inactive,True,13.07633540055808,325.0423636285172,303.5520388558509,2601.042056032107
1785251315.2641277,RightHybrid,inactive,True,8.396511278611099,433.3317100575216,321.19134039825775,2648.877876655257
1785251315.2641277,DownHybrid,inactive,True,14.918037265309145,370.90043740364274,364.8989980391112,2555.8014619059904
1785251315.2641277,UpHybrid,inactive,True,3.733602525113637,387.36375072240526,258.7297689648953,2797.6141788274326
1785251315.2641277,Close,inactive,True,14.203363804047768,420.6041442433753,368.5260244403894,2303.189123678254
1785251315.2641277,Open,inactive,True,17.03651355096458,322.4066478613765,352.30984301580145,2266.2639743841137
1785251315.2641277,CloserHybrid,inactive,True,3.4132843095401935,438.678321155185,272.73606356781437,2506.7345913362515
1785251315.2641277,FartherHybrid,inactive,True,10.462293697327024,334.6155111337142,256.0243432712104,2462.9278857951867
1785251315.2641277,SwitchRef1,hovered,True,37.42654891943828,474.6749168011021,187.33237413982198,9242.496766870961
1785251315.7639163,LeftHybridRe,inactive,True,34.0342242474788,122.89171960290184,393.97514612601225,1977.4315330653517
1785251315.7639163,RightHybridRe,inactive,True,24.592577112898667,214.7096629702531,378.2329698463533,1991.777625112336
1785251315.7639163,DownHybridRe,inactive,True,30.77141244952346,177.7786762185105,432.367757888571,1985.2879848037192
1785251315.7639163,UpHybridRe,inactive,True,29.132575470370913,160.12554615760652,339.80850402743295,2011.3471642731893
1785251315.7639163,CloseRe,inactive,True,26.47511667267507,219.08879347843856,421.50104604469044,1795.8399905636252
1785251315.7639163,OpenRe,inactive,True,34.580515751587384,134.49618681049458,435.6491232139082,1800.1621562761502
1785251315.7639163,CloserHybridRe,inactive,True,24.332327485440317,204.595610376397,336.8499041963846,1829.065968774612
1785251315.7639163,FartherHybridRe,inactive,True,33.5185820823852,117.4364078877673,352.26025362554117,1811.9370793861744
1785251315.7639163,SwitchRef2,inactive,True,35.927039506258794,164.3130351132484,493.7843131373486,4068.601448735506
1785251315.7639163,LeftHybrid,inactive,True,11.222213996864308,324.8990885270135,303.302407129857,2631.0953728218883
1785251315.7639163,RightHybrid,inactive,True,7.277197251171462,433.3239308451137,320.7643784480864,2643.7647133956925
1785251315.7639163,DownHybrid,inactive,True,12.90545355992028,370.76922205958056,364.97166147963264,2599.3813205624247
1785251315.7639163,UpHybrid,inactive,True,2.922616212024784,387.5167595013802,258.4341356229332,2776.3644153892383
1785251315.7639163,Close,inactive,True,12.648987587048847,420.64490968172765,368.38826404822254,2326.6187155296793
1785251315.7639163,Open,inactive,True,15.002743985087626,321.9439019077164,352.4641477768929,2317.364401996085
1785251315.7639163,CloserHybrid,inactive,True,4.1486851509299,438.57814922504747,272.38647790162213,2473.7865518797335
1785251315.7639163,FartherHybrid,inactive,True,9.357992196553107,334.7856870141211,255.70323395266638,2462.6682107569577
1785251315.7639163,SwitchRef1,inactive,True,37.16322979231389,474.65041829317136,187.2661266888796,9250.435870807563
1785251316.264035,LeftHybridRe,inactive,True,33.898122207525674,122.95683719297944,393.34694781849174,1976.2468511051957
1785251316.264035,RightHybridRe,inactive,True,24.469674978924253,214.86462645582364,378.02346376175245,1987.6328492640387
1785251316.264035,DownHybridRe,inactive,True,30.679081242959608,177.7352597534574,431.89222305426864,1980.7983580994078
1785251316.264035,UpHybridRe,inactive,True,28.95848143879063,160.40288400127503,339.41383736996477,2010.6486610532484
1785251316.264035,CloseRe,inactive,True,26.398435538235134,219.077818238838,421.21501391511765,1790.5508476533869
1785251316.264035,OpenRe,inactive,True,34.47410057386311,134.4304647420754,434.99639215403914,1797.3822956056792
1785251316.264035,CloserHybridRe,inactive,True,24.15908765091467,204.90452286674125,336.66398934799724,1827.0050052846382
1785251316.264035,FartherHybridRe,inactive,True,33.35398429009633,117.6329774341009,351.6588348763369,1812.3527484774313
1785251316.264035,SwitchRef2,inactive,True,36.608584421780286,164.2193606789876,493.2316653051426,4043.6736237124533
1785251316.264035,LeftHybrid,inactive,True,9.982169299656585,324.64700433725784,303.3614543950516,2676.2510287729456
1785251316.264035,RightHybrid,inactive,True,9.90411156216806,433.33124586465124,320.38385167472353,2598.737660115541
1785251316.264035,DownHybrid,inactive,True,13.866945633737188,370.9751881376263,364.6185056760565,2577.5904826041224
1785251316.264035,UpHybrid,inactive,True,0.06125848695612126,387.71234053788794,258.27363844776175,2799.8405629384433
1785251316.264035,Close,inactive,True,14.688784831635186,420.63562703930256,367.5706963911811,2272.683703901974
1785251316.264035,Open,inactive,True,14.759541378707029,321.8614915844497,352.56700190903763,2335.405682891869
1785251316.264035,CloserHybrid,inactive,True,6.743176402172851,438.7037549157425,272.2654417798966,2452.004771537926
1785251316.264035,FartherHybrid,inactive,True,6.853944823567243,334.4889917922329,255.45237294442256,2523.427801187412
1785251316.264035,SwitchRef1,inactive,True,37.37042557732529,474.85966343509125,187.03369965779666,9229.143495040698
1785251316.763964,LeftHybridRe,inactive,True,33.61417550707511,122.45596091767328,394.82657672915747,1980.6912845929874
1785251316.763964,RightHybridRe,inactive,True,24.121078157027295,214.18044957459313,378.1497203615119,1984.7106920572623
1785251316.763964,DownHybridRe,inactive,True,30.216609363832852,177.45644825416028,432.6919292077806,1991.1580961839754
1785251316.763964,UpHybridRe,inactive,True,28.82077800226044,159.5849572141739,340.3592462070539,2001.2007501511944
1785251316.763964,CloseRe,inactive,True,25.875977885094933,218.7212126490431,421.366644133962,1796.7284956990625
1785251316.763964,OpenRe,inactive,True,34.07686484168436,134.12803218252867,436.4482870541956,1809.755739419299
1785251316.763964,CloserHybridRe,inactive,True,24.01909889950582,203.94119103291519,336.9777094593604,1815.9151482119778
1785251316.763964,FartherHybridRe,inactive,True,33.187880174764594,116.95544733396423,353.1971749305559,1808.015569462459
1785251316.763964,SwitchRef2,inactive,True,36.101404736627444,163.98473912438075,494.02471657791915,4082.0375169192084
1785251316.763964,LeftHybrid,inactive,True,6.738065780921407,323.79995120709157,303.1872099618296,2737.576725465915
1785251316.763964,RightHybrid,inactive,True,11.956686526047166,432.1579649576374,320.20833877675443,2533.209632714643
1785251316.763964,DownHybrid,inactive,True,3.7888178648296607,370.4549933333253,366.07510881687415,2799.6109132653364
1785251316.763964,UpHybrid,inactive,True,13.015463115336743,386.61703325344354,259.4728659259065,2570.807183168472
1785251316.763964,Close,inactive,True,10.012481643185048,420.8862905625051,368.54544349346907,2400.6470242470095
1785251316.763964,Open,inactive,True,3.129702272175115,319.82848871512863,353.9015657323925,2583.7574400872472
1785251316.763964,CloserHybrid,inactive,True,15.475150900203753,435.88280372581454,273.2704840533627,2216.5718904033056
1785251316.763964,FartherHybrid,inactive,True,12.272567561354178,334.55192526419626,256.18275035219557,2385.0529463500716
1785251316.763964,SwitchRef1,inactive,True,37.13363651207052,473.5396650194931,187.16537856061825,9236.037669547546
1785251317.2639604,LeftHybridRe,inactive,True,33.586078898003834,121.95431559044295,394.9376778602304,1972.8118914099068
1785251317.2639604,RightHybridRe,inactive,True,24.111519315403537,213.49578250211215,378.40637696320414,1974.7252054801356
1785251317.2639604,DownHybridRe,inactive,True,30.16173420288669,176.67863911804622,432.8220651921721,1985.5197509452264
1785251317.2639604,UpHybridRe,inactive,True,28.835526472894355,159.19811575614435,340.6398358241127,1988.8918180265646
1785251317.2639604,CloseRe,inactive,True,25.822309867288723,217.88824922720414,421.55869838058,1790.5392364265936
1785251317.2639604,OpenRe,inactive,True,34.02386516556357,133.42126278969897,436.5259804374475,1805.600946833587
1785251317.2639604,CloserHybridRe,inactive,True,24.04996036367293,203.41992790575205,337.32603938649146,1804.2145725933806
1785251317.2639604,FartherHybridRe,inactive,True,33.183410521472105,116.64866663003488,353.38882641617687,1797.8705857559326
1785251317.2639604,SwitchRef2,inactive,True,36.59396345319614,163.42440864547413,494.2764387213136,4071.943260961216
1785251317.2639604,LeftHybrid,inactive,True,9.018578183120376,322.98272665509705,303.6426485877374,2671.533959894645
1785251317.2639604,RightHybrid,inactive,True,9.010971075593678,431.4038334198867,320.34594230621684,2587.3539722429778
1785251317.2639604,DownHybrid,inactive,True,12.51118110609783,369.3046971800968,364.9043709779014,2593.439776797357
1785251317.2639604,UpHybrid,inactive,True,1.3249033847095544,385.78812441540356,258.5565894916803,2764.9343508015227
1785251317.2639604,Close,inactive,True,13.497703876925575,418.95690730101416,367.68330474108575,2282.6806695802807
1785251317.2639604,Open,inactive,True,13.529013847730756,320.14687123356805,352.97109920811783,2351.619164962445
1785251317.2639604,CloserHybrid,inactive,True,6.7417732393568786,436.50992468628215,272.3580084637745,2420.3918064992176
1785251317.2639604,FartherHybrid,inactive,True,6.751567399087028,332.8338650399437,255.85488278819219,2497.031209344379
1785251317.2639604,SwitchRef1,inactive,True,37.525759674219174,472.1963948940015,186.99799047929258,9166.318622985935
1785251317.763918,LeftHybridRe,inactive,True,34.159773630776264,123.49334249246078,396.9911406808847,1968.5624420873392
1785251317.763918,RightHybridRe,inactive,True,24.749344754234958,214.9254384904847,380.4061961969511,1984.361710306388
1785251317.763918,DownHybridRe,inactive,True,30.904114852230297,178.61855272278095,434.7998780637912,1977.3641168260692
1785251317.763918,UpHybridRe,inactive,True,29.273965569040453,160.09134925043298,342.5659582956889,2002.9311156929143
1785251317.763918,CloseRe,inactive,True,26.619560021143414,219.72483389019024,423.5653561466571,1789.2839433864501
1785251317.763918,OpenRe,inactive,True,34.70198034336372,135.4778847684251,438.47996397022047,1792.3452997519234
1785251317.763918,CloserHybridRe,inactive,True,24.489739539160716,204.42265926131594,339.1847065207299,1822.1357090092097
1785251317.763918,FartherHybridRe,inactive,True,33.645120267540264,117.63984755195361,355.4056157258707,1803.6789828414894
1785251317.763918,SwitchRef2,inactive,True,36.331945565282,165.06993606165207,496.2775341318185,4087.4670452705104
1785251317.763918,LeftHybrid,inactive,True,10.888160559552752,323.99308009475124,305.24576657539933,2627.5049002606393
1785251317.763918,RightHybrid,inactive,True,8.443483613979545,432.2573708636791,321.65742842177383,2605.838747246453
1785251317.763918,DownHybrid,inactive,True,13.48929403168823,370.3685437732719,366.1343963199208,2567.957328924167
1785251317.763918,UpHybrid,inactive,True,1.7750197739818208,386.19116534814543,260.00185238404566,2766.5551841072665
1785251317.763918,Close,inactive,True,13.62710765036542,419.99114494625087,368.9863767032592,2285.4891401254863
1785251317.763918,Open,inactive,True,15.097669443934876,321.5266099731757,354.2229459354998,2303.874068620309
1785251317.763918,CloserHybrid,inactive,True,5.026706864161389,437.16670336770164,273.5335706706805,2448.732264386599
1785251317.763918,FartherHybrid,inactive,True,8.426891090386261,333.4294216084156,257.64058180245473,2468.795061570687
1785251317.763918,SwitchRef1,inactive,True,37.29643838840496,471.83458292079416,188.16928922250997,9149.619441241033
1785251318.2639675,LeftHybridRe,inactive,True,34.76254092275326,122.01483492654086,398.0853761404987,1956.4682998127937
1785251318.2639675,RightHybridRe,inactive,True,25.482877170495463,213.2669366568122,382.27831181473664,1976.6038692161674
1785251318.2639675,DownHybridRe,inactive,True,31.65914937907344,176.96730470491462,436.1598334846393,1960.4807063762528
1785251318.2639675,UpHybridRe,inactive,True,29.809064366989432,158.54867285647632,344.062423073866,1999.6618026794968
1785251318.2639675,CloseRe,inactive,True,27.449773194581056,217.97632765409432,425.320694959607,1776.150558416295
1785251318.2639675,OpenRe,inactive,True,35.37876588305805,133.96283770301318,439.47461026653787,1775.875051298386
1785251318.2639675,CloserHybridRe,inactive,True,25.069658431851458,202.84024828848354,341.02753020208866,1821.2193572850956
1785251318.2639675,FartherHybridRe,inactive,True,34.16202752749488,116.15760951076675,356.56376300899757,1798.44058494833
1785251318.2639675,SwitchRef2,inactive,True,35.50704749026723,163.53437757870446,498.0288451806699,4121.778852203934
1785251318.2639675,LeftHybrid,inactive,True,8.74904372439168,321.76189785999424,307.4093558731721,2643.012583433141
1785251318.2639675,RightHybrid,inactive,True,8.484046622499974,429.6713647181093,323.38363581419304,2562.6097145116582
1785251318.2639675,DownHybrid,inactive,True,11.880986668012326,368.1481719092897,368.2135446052894,2582.8183583489663
1785251318.2639675,UpHybrid,inactive,True,1.8953319714456354,383.9345769864337,262.2628573332845,2720.1687972093496
1785251318.2639675,Close,inactive,True,12.857103455951336,417.63912866710973,370.68103526778305,2273.7518083771574
1785251318.2639675,Open,inactive,True,13.041022936230735,319.1166568892896,356.59171061039325,2340.3099044122428
1785251318.2639675,CloserHybrid,inactive,True,6.612785464058976,434.3730459793938,275.64776800070973,2383.899730718833
1785251318.2639675,FartherHybrid,inactive,True,6.936565470218487,331.36801436436343,259.8890960043293,2456.4416013924056
1785251318.2639675,SwitchRef1,inactive,True,37.33766520739803,468.5969913429922,190.23419087908525,9126.157714815923
1785251318.7640386,LeftHybridRe,inactive,True,34.6922972105755,120.6392398557283,397.9177936423376,1972.3530810094308
1785251318.7640386,RightHybridRe,inactive,True,25.349491908263037,212.06287501623558,381.24704475661537,1987.9166131299498
1785251318.7640386,DownHybridRe,inactive,True,31.47406968092456,175.94037866517266,435.6944482065919,1977.9297617406191
1785251318.7640386,UpHybridRe,inactive,True,29.817156421962004,157.05423076825394,343.3934021488023,2008.5428464492252
1785251318.7640386,CloseRe,inactive,True,27.21753180658371,217.01355606124795,424.4393196375631,1790.3880344148129
1785251318.7640386,OpenRe,inactive,True,35.240611681919376,132.79474932116426,439.40726325473565,1793.7254227810881
1785251318.7640386,CloserHybridRe,inactive,True,25.061514460353187,201.40722434268267,339.9650047683034,1827.6518515750104
1785251318.7640386,FartherHybridRe,inactive,True,34.162721225262594,114.6050373813261,356.2966873698615,1809.5158621913179
1785251318.7640386,SwitchRef2,inactive,True,36.85157841057048,162.36318642578527,497.43667909375733,4119.622069814224
1785251318.7640386,LeftHybrid,inactive,True,10.59600898038334,320.56670541385495,306.8976316516143,2598.9716981750316
1785251318.7640386,RightHybrid,inactive,True,6.100663516683382,428.3637644996153,322.5731378478547,2601.666090960971
1785251318.7640386,DownHybrid,inactive,True,11.511684247503808,366.917499420332,367.6594827969274,2591.664612050321
1785251318.7640386,UpHybrid,inactive,True,3.7682319675350233,382.085240463409,261.55614737532545,2706.231826360825
1785251318.7640386,Close,inactive,True,11.229716807877166,416.5904899798131,370.2398656373314,2314.4428233370127
1785251318.7640386,Open,inactive,True,13.911062466205385,318.1187721326109,355.9553672329359,2313.442150729614
1785251318.7640386,CloserHybrid,inactive,True,4.375369280277536,432.73162524211403,274.5883327118516,2409.3410701378016
1785251318.7640386,FartherHybrid,inactive,True,9.539035894962206,329.88942792579746,259.60122703384604,2407.2861910318825
1785251318.7640386,SwitchRef1,inactive,True,37.19313653151004,467.2101834825834,189.53046044375714,9121.182197854901
1785251319.2639084,LeftHybridRe,inactive,True,34.930337599485995,121.02822204203807,397.9105704789509,1958.5480238832024
1785251319.2639084,RightHybridRe,inactive,True,25.60801813947571,212.09689052949463,381.49214669880405,1981.7337253403166
1785251319.2639084,DownHybridRe,inactive,True,31.68765985409525,175.9482430807515,435.8393202905521,1971.0774265072832
1785251319.2639084,UpHybridRe,inactive,True,30.097909232192933,157.41757035269666,343.5379891763737,1995.7466683970633
1785251319.2639084,CloseRe,inactive,True,27.43130816930315,216.92054403621756,424.7101086215225,1786.9590221724065
1785251319.2639084,OpenRe,inactive,True,35.45334179628231,132.98143512974752,439.4095467370323,1784.0676914328324
1785251319.2639084,CloserHybridRe,inactive,True,25.35676144360644,201.58703962119418,340.2019237743821,1819.5138970919907
1785251319.2639084,FartherHybridRe,inactive,True,34.42234633693098,115.16918743858736,356.3320216439653,1794.3935448912125
1785251319.2639084,SwitchRef2,inactive,True,36.216032766207235,163.31591692873064,497.37362587024165,4063.457923452137
1785251319.2639084,LeftHybrid,inactive,True,9.094881013673394,320.5318517825039,306.85429661986416,2629.069284567995
1785251319.2639084,RightHybrid,inactive,True,6.558262732099751,428.50088237888195,322.4440431920664,2587.916416324435
1785251319.2639084,DownHybrid,inactive,True,10.434351810182688,367.03222130806944,367.77155469848213,2614.4846583594117
1785251319.2639084,UpHybrid,inactive,True,3.75090660739652,382.33897717674756,261.507478541914,2699.2014946065756
1785251319.2639084,Close,inactive,True,10.925582526647116,416.7685353945121,370.16482680887924,2316.1204082738695
1785251319.2639084,Open,inactive,True,12.471109272437399,317.9396702722551,356.17549927381276,2351.223689493141
1785251319.2639084,CloserHybrid,inactive,True,5.906956289211147,432.8271015476022,274.5798262454503,2384.7340766820926
1785251319.2639084,FartherHybrid,inactive,True,8.528540376820867,330.02524011042624,259.4518895881751,2421.61755622708
1785251319.2639084,SwitchRef1,inactive,True,37.04985212155917,466.9455012702521,189.38861349944005,9164.001256093881
1785251319.7641616,LeftHybridRe,inactive,True,34.91873673916793,120.07982022075055,397.1358316953903,1963.292592576192
1785251319.7641616,RightHybridRe,inactive,True,25.654216091671238,211.46757296382475,381.2853420434447,1980.4792684089698
1785251319.7641616,DownHybridRe,inactive,True,31.817953679482777,175.2028139165156,435.20227345796934,1963.2964862479603
1785251319.7641616,UpHybridRe,inactive,True,29.974233565502,156.60270600978686,343.0444231128623,2006.7824558740758
1785251319.7641616,CloseRe,inactive,True,27.61330191533067,216.24074224817664,424.3474929618232,1778.1076400332458
1785251319.7641616,OpenRe,inactive,True,35.53179738858739,132.13222395215416,438.53863458426224,1779.9484104025978
1785251319.7641616,CloserHybridRe,inactive,True,25.242058347798473,200.9700686964687,339.99576050899105,1826.4554975829014
1785251319.7641616,FartherHybridRe,inactive,True,34.31908459235958,114.12457894532531,355.5737701412863,1806.7810317613985
1785251319.7641616,SwitchRef2,inactive,True,35.43602575920865,162.41179160981,497.17561806637366,4073.624196469438
1785251319.7641616,LeftHybrid,inactive,True,9.195574156547206,319.4500634199133,306.3637722654964,2664.727796583822
1785251319.7641616,RightHybrid,inactive,True,9.643183311317152,427.74802170305793,321.9757673958299,2560.703465687555
1785251319.7641616,DownHybrid,inactive,True,13.126623144139385,366.285437974183,366.9039299069388,2569.58923331766
1785251319.7641616,UpHybrid,hovered,True,0.7210074762200279,381.7686163964099,260.8349156101383,2754.769151336186
1785251319.7641616,Close,inactive,True,14.167098278182829,415.7530189168772,369.1377584935908,2254.1779914504004
1785251319.7641616,Open,inactive,True,13.928576665210251,317.1159959630036,355.5444771078096,2339.0664452076962
1785251319.7641616,CloserHybrid,inactive,True,7.009731114029607,432.45497926690354,274.1637496579167,2402.036292918492
1785251319.7641616,FartherHybrid,inactive,True,6.401918818943904,328.8301136476799,258.57265899704066,2496.93352856244
1785251319.7641616,SwitchRef1,inactive,True,37.08256147577127,466.28518016738,188.6869038086391,9169.060145100313
1785251320.2640235,LeftHybridRe,inactive,True,35.11945413312093,119.6577098184053,397.1439467368505,1956.9684863010225
1785251320.2640235,RightHybridRe,inactive,True,25.840304073209477,210.7688047307914,381.25723148840274,1979.4462800150723
1785251320.2640235,DownHybridRe,inactive,True,31.921681364603852,174.4303078775131,435.32905428174945,1966.7659716649614
1785251320.2640235,UpHybridRe,inactive,True,30.27113462004113,156.2361642357246,343.0089202833411,1995.8495641563459
1785251320.2640235,CloseRe,inactive,True,27.68919165212731,215.4206125222125,424.4511963027993,1783.0104376818927
1785251320.2640235,OpenRe,inactive,True,35.66281768406915,131.46769309725926,438.6547968703975,1780.7776381143194
1785251320.2640235,CloserHybridRe,inactive,True,25.545828249454242,200.41916164919323,339.9267172583411,1819.4363772140641
1785251320.2640235,FartherHybridRe,inactive,True,34.58743920747111,113.93314877754051,355.56069290585475,1794.8587061447306
1785251320.2640235,SwitchRef2,inactive,True,36.47660104583826,161.78779828474134,496.93934218615414,4083.8836962581154
1785251320.2640235,LeftHybrid,inactive,True,11.9150442057958,319.32583083646597,306.0924506486999,2601.6398581437534
1785251320.2640235,RightHybrid,inactive,True,8.301203547555586,427.35576200246885,321.9629802966566,2598.3860801698975
1785251320.2640235,DownHybrid,inactive,True,14.10107001743139,365.91202951548667,366.5209181953092,2545.072216331013
1785251320.2640235,UpHybrid,inactive,True,2.6842527014804793,380.9714810241987,260.6670143006017,2756.0180949343194
1785251320.2640235,Close,inactive,True,13.799632252581489,415.40524346545226,369.19363667992013,2272.770031403299
1785251320.2640235,Open,inactive,True,15.974417398435733,317.23788209880416,354.8423540705609,2276.667646223512
1785251320.2640235,CloserHybrid,inactive,True,4.138649986384239,431.97783549772595,273.89747349238905,2447.4508365104557
1785251320.2640235,FartherHybrid,inactive,True,9.382033898739365,328.3742642437099,258.6083037603702,2450.7128429798104
1785251320.2640235,SwitchRef1,inactive,True,37.10435730294821,465.76170337822305,188.657167225762,9159.058986939937
1785251320.7638755,LeftHybridRe,inactive,True,35.06186664641874,119.5236723837217,397.3397294837655,1962.5344164643357
1785251320.7638755,RightHybridRe,inactive,True,25.773701080623244,210.71538899001504,381.0116099355856,1982.5386486532225
1785251320.7638755,DownHybridRe,inactive,True,31.86821852258827,174.6212801386951,435.25666698928694,1968.8003058049726
1785251320.7638755,UpHybridRe,inactive,True,30.202010828093353,155.8744519737598,343.0005685409013,2002.2355448804556
1785251320.7638755,CloseRe,inactive,True,27.633788060482388,215.60233559298553,424.1796836689191,1784.1983625092616
1785251320.7638755,OpenRe,inactive,True,35.61116858796793,131.6074368642184,438.7944916890574,1783.6448904528152
1785251320.7638755,CloserHybridRe,inactive,True,25.471126052337077,200.12979559986667,339.7129006705935,1823.9172360872617
1785251320.7638755,FartherHybridRe,inactive,True,34.52499378868511,113.53491178256684,355.7580906716181,1801.959481048034
1785251320.7638755,SwitchRef2,inactive,True,35.57188713305504,162.11523367368582,497.0676536160438,4061.2886450041224
1785251320.7638755,LeftHybrid,inactive,True,11.758433427806779,319.236012745527,306.09720562044356,2600.1486931202016
1785251320.7638755,RightHybrid,inactive,True,7.764885626551681,427.2611924250377,321.73771653219615,2602.552127386116
1785251320.7638755,DownHybrid,inactive,True,13.63573040679202,365.8927905445886,366.52406774705804,2554.7854339000914
1785251320.7638755,UpHybrid,inactive,True,2.8876179923934866,380.7512503270622,260.5500496372598,2748.109218727499
1785251320.7638755,Close,inactive,True,13.262935099304748,415.4373506278994,369.10295635187174,2283.2778128588106
1785251320.7638755,Open,inactive,True,15.656926684674865,317.1839206798637,354.9165943158626,2282.6422367781925
1785251320.7638755,CloserHybrid,inactive,True,3.884282760275043,431.7372518577621,273.644588284689,2443.658577434522
1785251320.7638755,FartherHybrid,inactive,True,9.515601794891744,328.23363631795763,258.6225175099757,2441.7811587159667
1785251320.7638755,SwitchRef1,inactive,True,36.86114581500144,465.663602426681,188.60272011261873,9153.889981458586
1785251321.2640257,LeftHybridRe,inactive,True,35.46834346429582,119.2963598456289,396.995359211282,1950.0342068882128
1785251321.2640257,RightHybridRe,inactive,True,26.239643990090755,210.17328529802353,380.78374432354644,1977.5177135900594
1785251321.2640257,DownHybridRe,inactive,True,32.326948257219904,174.37392827970788,434.87157750369187,1955.5261116024049
1785251321.2640257,UpHybridRe,inactive,True,30.59747632274871,155.28485637518,342.7577558830551,1998.0319497699238
1785251321.2640257,CloseRe,inactive,True,28.12211452742081,215.19784500642464,423.8843477053805,1775.6582621035777
1785251321.2640257,OpenRe,inactive,True,36.0377580016488,131.5419792498842,438.3314221317278,1768.2846899976976
1785251321.2640257,CloserHybridRe,inactive,True,25.889114302268418,199.4571874464409,339.48988720263173,1822.9543625988845
1785251321.2640257,FartherHybridRe,inactive,True,34.90498029070914,113.11169598276763,355.4845228737671,1794.7702963095562
1785251321.2640257,SwitchRef2,inactive,True,36.07282004861834,161.78571375796702,496.7237575101616,4060.722205572547
1785251321.2640257,LeftHybrid,inactive,True,13.605404144776156,318.8108079973391,305.462997838294,2581.2816138615017
1785251321.2640257,RightHybrid,inactive,True,8.574774632543015,426.92212699226366,321.5008949961279,2624.405132831089
1785251321.2640257,DownHybrid,hovered,True,15.347339704777479,365.4483576664782,365.86554346709863,2530.821680464229
1785251321.2640257,UpHybrid,inactive,True,4.24239040918862,380.20546735428275,259.9543801333697,2777.722720168218
1785251321.2640257,Close,inactive,True,14.462804217153248,414.9766733221258,368.7588493287122,2279.222093036413
1785251321.2640257,Open,inactive,True,17.527370031270966,316.96460472335343,354.03615903056277,2246.4418318207754
1785251321.2640257,CloserHybrid,inactive,True,3.2088853790828895,431.5284254303392,273.1959317355529,2486.9342064649027
1785251321.2640257,FartherHybrid,inactive,True,10.91334025972855,327.6065350658905,257.98081314580156,2447.375484786142
1785251321.2640257,SwitchRef1,inactive,True,36.84572920041316,465.03963844643937,187.97021939053826,9177.99593107764
1785251321.7638392,LeftHybridRe,inactive,True,35.56169315295187,119.35564319865159,396.9814059419904,1952.5955697069767
1785251321.7638392,RightHybridRe,inactive,True,26.29706964218228,210.16853717475013,380.4708221927799,1984.1986006432708
1785251321.7638392,DownHybridRe,inactive,True,32.342011243192054,174.39876608088863,434.8568412100276,1964.4885809993793
1785251321.7638392,UpHybridRe,inactive,True,30.749501573668088,155.30056876523955,342.51896498510695,1998.2393582466902
1785251321.7638392,CloseRe,inactive,True,28.106536760234228,215.23341038850086,423.7247548592294,1785.282238466978
1785251321.7638392,OpenRe,inactive,True,36.082119159679415,131.57679750752084,438.4280279212324,1774.5423220422745
1785251321.7638392,CloserHybridRe,inactive,True,26.032959192395477,199.4254896571581,339.1015778577891,1825.1862168022417
1785251321.7638392,FartherHybridRe,inactive,True,35.04764736968497,113.19957571307066,355.39769775831707,1793.4469832954346
1785251321.7638392,SwitchRef2,inactive,True,37.45330583604681,161.5762235034405,495.90288185599536,4030.739405510547
1785251321.7638392,LeftHybrid,inactive,True,14.925956603702721,318.90496694902424,305.5597394150903,2577.8014217089076
1785251321.7638392,RightHybrid,inactive,True,9.09316773608938,427.3766143734322,321.53769456700076,2657.708730790924
1785251321.7638392,DownHybrid,active,True,16.434186883941553,365.85082162512026,365.98577413477364,2530.866005495176
1785251321.7638392,UpHybrid,inactive,True,5.480934806004088,380.12630311725695,259.73467910531866,2809.4289486622583
1785251321.7638392,Close,inactive,True,15.182810506049476,415.52525536534927,368.95314033774923,2294.341018549283
1785251321.7638392,Open,inactive,True,18.785576418131672,317.37540597388727,354.1138313253993,2232.962998354822
1785251321.7638392,CloserHybrid,inactive,True,3.0725290515516566,431.85946786262144,272.908303486377,2531.410226849599
1785251321.7638392,FartherHybrid,inactive,True,12.109050109981055,327.3932075900347,257.9372159132265,2457.2924740092494
1785251321.7638392,SwitchRef1,inactive,True,37.036460195099934,465.2308447033089,188.03688963203388,9170.058455088536
1785251322.2639713,LeftHybridRe,inactive,True,35.005694131837615,118.5433079272542,396.91699369749637,1967.8280579230159
1785251322.2639713,RightHybridRe,inactive,True,25.69063650529023,209.78053089138376,380.35462321450336,1984.6490304924373
1785251322.2639713,DownHybridRe,inactive,True,31.738708588013505,173.6248571001297,434.79389747341594,1976.4204391283347
1785251322.2639713,UpHybridRe,inactive,True,30.205450915210978,154.99590052515367,342.4427697255956,2001.5694899592381
1785251322.2639713,CloseRe,inactive,True,27.479185461367454,214.64236143114306,423.59345944334507,1789.8030776816668
1785251322.2639713,OpenRe,inactive,True,35.50812019992891,130.55748823777236,438.44351025005426,1791.9726839094365
1785251322.2639713,CloserHybridRe,inactive,True,25.472323501356982,199.23014288060287,339.05458918739805,1822.3100585025531
1785251322.2639713,FartherHybridRe,inactive,True,34.51686947838574,112.63726870077562,355.30021658476954,1803.2975586881967
1785251322.2639713,SwitchRef2,inactive,True,36.475982508730574,160.68968976312905,496.1798030871687,4083.156986166581
1785251322.2639713,LeftHybrid,inactive,True,10.370760513152259,316.6519973919271,307.6122453276729,2654.194806567277
1785251322.2639713,RightHybrid,inactive,True,9.46837744694274,425.22404162572025,322.1849903744616,2574.7650518758164
1785251322.2639713,DownHybrid,active,True,13.836065563029813,364.16903609703786,367.61005425868694,2560.6840508357636
1785251322.2639713,UpHybrid,inactive,True,0.6578391622717659,378.4154598791071,261.41231410731126,2768.863189329095
1785251322.2639713,Close,inactive,True,14.403221808685618,413.70306194537295,369.44583871864194,2256.5630242483894
1785251322.2639713,Open,inactive,True,14.962058646198946,314.9628598898105,356.6859471187788,2321.507564442545
1785251322.2639713,CloserHybrid,inactive,True,6.121007908249376,429.4488357181706,274.21956869881996,2424.514624125164
1785251322.2639713,FartherHybrid,inactive,True,7.405109613742486,325.4079895719348,259.74012296535614,2497.4323876920243
1785251322.2639713,SwitchRef1,inactive,True,36.90669627334431,463.21106734318744,189.16035992716306,9310.326161174267
1785251322.763814,LeftHybridRe,inactive,True,34.80966421998813,118.49858377052777,396.9907088201544,1964.6422462778864
1785251322.763814,RightHybridRe,inactive,True,25.4898218140269,209.65623162346347,380.32507744412493,1977.0709220804274
1785251322.763814,DownHybridRe,inactive,True,31.516079847296215,173.49396516020778,434.74181344230084,1973.3504306434952
1785251322.763814,UpHybridRe,inactive,True,30.034446634012376,154.99565114436004,342.5675458372856,1993.8334518413758
1785251322.763814,CloseRe,inactive,True,27.250790585299377,214.47714115132925,423.4850111316105,1785.096416710774
1785251322.763814,OpenRe,inactive,True,35.294690554020875,130.44266649939738,438.46253086003856,1790.9749138859297
1785251322.763814,CloserHybridRe,inactive,True,25.304947375506096,199.15915215099994,339.13746812704426,1813.5111004722348
1785251322.763814,FartherHybridRe,inactive,True,34.33999029312616,112.66469737722247,355.44730069974094,1798.3097938525862
1785251322.763814,SwitchRef2,inactive,True,36.64811282009257,160.87361586929563,496.0872340544122,4043.7985462213837
1785251322.763814,LeftHybrid,inactive,True,15.985153673734027,314.4873338328781,311.71528667304267,2605.8530643351332
1785251322.763814,RightHybrid,inactive,True,11.109859492460943,424.00351269049185,325.5381513364385,2665.6930630215065
1785251322.763814,DownHybrid,active,True,18.22669204013812,363.21798672587573,371.05978275672385,2522.082417819016
1785251322.763814,UpHybrid,inactive,True,6.195960645522655,375.11826010177117,264.48812340559977,2859.856371711445
1785251322.763814,Close,inactive,True,17.16436270543534,413.0713607798242,372.9747502194555,2279.3397577831784
1785251322.763814,Open,inactive,True,20.22107675745185,314.2464402953507,360.24253800606266,2234.8274179369982
1785251322.763814,CloserHybrid,inactive,True,4.980183113575685,427.5657885251967,276.7390897794272,2564.9041557482124
1785251322.763814,FartherHybrid,inactive,True,12.46943981217833,321.8001164252579,263.68211758465293,2508.3551620414946
1785251322.763814,SwitchRef1,inactive,True,36.38799052180468,461.1589830339005,190.70483057216052,9936.934413888324
1785251323.2639587,LeftHybridRe,inactive,True,35.12151548830679,118.53731887223711,396.45591596850477,1960.807210805895
1785251323.2639587,RightHybridRe,inactive,True,25.88462458676283,209.76197210599253,380.2125374665657,1977.1406687868948
1785251323.2639587,DownHybridRe,inactive,True,32.01214708361542,173.8643797484943,434.22489572958585,1957.7211021610601
1785251323.2639587,UpHybridRe,inactive,True,30.208171305170275,154.700926296881,342.2399430931318,2005.869299102913
1785251323.2639587,CloseRe,inactive,True,27.814004882335663,214.78437718526044,423.20920373844,1773.4518136468323
1785251323.2639587,OpenRe,inactive,True,35.71922179726546,130.85944836445765,437.7434941538594,1775.1886998924092
1785251323.2639587,CloserHybridRe,inactive,True,25.492215941747613,199.02935797928248,338.99130619559213,1825.0569679276778
1785251323.2639587,FartherHybridRe,inactive,True,34.53371769453125,112.30175891608314,354.95553850815514,1806.991333257076
1785251323.2639587,SwitchRef2,inactive,True,35.827053783382254,160.56012086134248,496.33129980428737,4106.688637996736
1785251323.2639587,LeftHybrid,inactive,True,18.88046208319647,309.9197804438252,317.6417628995409,2670.9399064973186
1785251323.2639587,RightHybrid,inactive,True,16.609929139143777,421.61345976622664,329.141625527458,2654.5983717452837
1785251323.2639587,DownHybrid,active,True,22.859986539562428,361.18223048070587,375.07613460345505,2468.3333566669025
1785251323.2639587,UpHybrid,inactive,True,9.495085911201604,370.7762205887671,268.9647195883697,2988.927206553504
1785251323.2639587,Close,inactive,True,22.42545130748059,411.2610288427699,375.77075125351644,2205.558178176856
1785251323.2639587,Open,inactive,True,23.89739994930672,311.3601562912143,365.6386288322192,2220.0201395093027
1785251323.2639587,CloserHybrid,inactive,True,10.546184683938122,424.6449325299425,280.42597754094953,2635.456058003183
1785251323.2639587,FartherHybrid,inactive,True,13.898144995888124,315.7890855377395,269.06044647965604,2650.972914169135
1785251323.2639587,SwitchRef1,inactive,True,35.70520125782497,459.3343760409769,192.631183176945,10945.336130784035
1785251323.763938,LeftHybridRe,inactive,True,34.96295938885079,118.70361918731152,396.6213475057466,1965.3793950595937
1785251323.763938,RightHybridRe,inactive,True,25.618321471117614,209.7599297729107,379.6067679789929,1983.4474679776904
1785251323.763938,DownHybridRe,inactive,True,31.608828440394998,173.75193644814726,434.3010293783676,1979.0003597603973
1785251323.763938,UpHybridRe,inactive,True,30.234687647016568,155.01554924055753,341.9651498959127,1995.336115054888
1785251323.763938,CloseRe,inactive,True,27.320150398064406,214.71046753615235,422.88695599330697,1792.5486614758556
1785251323.763938,OpenRe,inactive,True,35.4091348701118,130.74009713085485,438.1518241227593,1793.432074869681
1785251323.763938,CloserHybridRe,inactive,True,25.500319983968005,199.14549933129697,338.35396005214193,1817.2648271668768
1785251323.763938,FartherHybridRe,inactive,True,34.531337176145534,112.7760343879138,355.02583959997116,1797.45763033623
1785251323.763938,SwitchRef2,inactive,True,36.60078722585912,161.13397686676194,495.7867287816978,4049.091330357158
1785251323.763938,LeftHybrid,inactive,True,24.09348807608777,307.8390707860326,323.52066068524755,2619.7879970917274
1785251323.763938,RightHybrid,inactive,True,21.11381031033454,420.827985064499,332.99584584470773,2671.3944257663534
1785251323.763938,DownHybrid,active,True,27.82651946800095,361.48793009299266,378.7476193269473,2380.5229445062723
1785251323.763938,UpHybrid,inactive,True,14.861694254541879,367.08502114454626,273.9895146652675,3067.294157789598
1785251323.763938,Close,inactive,True,26.983955261733144,411.7115898718627,378.8151032886431,2154.4933659555536
1785251323.763938,Open,inactive,True,28.964204769463134,311.55155233784376,370.2335462598209,2120.4013047438493
1785251323.763938,CloserHybrid,inactive,True,14.851586893578531,422.54584643832874,284.35778883785196,2732.392260348817
1785251323.763938,FartherHybrid,inactive,True,19.00433364582597,311.3935001208139,275.27544887141687,2677.9631975698067
1785251323.763938,SwitchRef1,inactive,True,34.72994938759515,459.18324349177476,196.80902857117667,11906.654862671385
1785251324.2640023,LeftHybridRe,inactive,True,34.85618917280014,118.27516680577992,396.42522400611523,1961.343261886468
1785251324.2640023,RightHybridRe,inactive,True,25.52239899568358,209.1846903065447,379.03887592886065,1975.1957720095015
1785251324.2640023,DownHybridRe,inactive,True,31.493436068119472,173.4508041875103,433.7617080923201,1971.8279847043705
1785251324.2640023,UpHybridRe,inactive,True,30.145276923247565,154.3453405000987,341.72640429164215,1989.9411778737158
1785251324.2640023,CloseRe,inactive,True,27.20787315977023,214.3035334648989,422.1836178001079,1784.6785475147553
1785251324.2640023,OpenRe,inactive,True,35.293491778960444,130.488948445699,437.80757665599083,1788.5268015515721
1785251324.2640023,CloserHybridRe,inactive,True,25.419728694928136,198.41828158409558,337.93686197444674,1810.323399213099
1785251324.2640023,FartherHybridRe,inactive,True,34.43367634134952,112.16712014391976,354.9400807857991,1794.7246611811352
1785251324.2640023,SwitchRef2,inactive,True,36.33362521069204,160.07654086301375,495.4085655797931,4121.77350656387
1785251324.2640023,LeftHybrid,inactive,True,31.23731418886453,300.08661332945,336.7198477223889,2602.010413124357
1785251324.2640023,RightHybrid,inactive,True,29.819183989790638,416.2401543212317,340.97130980003874,2571.069254449576
1785251324.2640023,DownHybrid,active,True,35.700448137223155,357.8974423195521,386.2961159848279,2214.3473905994397
1785251324.2640023,UpHybrid,inactive,True,23.006749993476888,358.7538963243064,286.1497592148112,3173.3705800466196
1785251324.2640023,Close,inactive,True,35.246178568242826,408.369141886896,384.1076220588084,1981.5460291479394
1785251324.2640023,Open,inactive,True,36.20574921861142,306.8799634551382,380.6253904681448,2005.7034144423887
1785251324.2640023,CloserHybrid,inactive,True,23.814410673667393,416.65898845901165,294.120712242474,2768.9671002397154
1785251324.2640023,FartherHybrid,inactive,True,25.726343489173676,300.59010526685654,289.6148335117167,2800.2468988946057
1785251324.2640023,SwitchRef1,inactive,True,33.2122787229318,456.9809523841777,208.26117606392222,13624.607508822399
1785251324.7639427,LeftHybridRe,inactive,True,34.70650062720057,118.46197635636537,395.98923987743296,1964.8134664178651
1785251324.7639427,RightHybridRe,inactive,True,25.367717301360347,209.5379011076302,378.7648926855782,1975.8173911328777
1785251324.7639427,DownHybridRe,inactive,True,31.378408430391264,173.71657608908427,433.3722760332927,1971.367450983813
1785251324.7639427,UpHybridRe,inactive,True,29.95420857555603,154.6325016064045,341.365493975969,1994.5563281675313
1785251324.7639427,CloseRe,inactive,True,27.099651678475738,214.62049504629152,421.8664011469355,1783.1950408257253
1785251324.7639427,OpenRe,inactive,True,35.17174199436703,130.68991863523536,437.3556507119026,1789.3361498052036
1785251324.7639427,CloserHybridRe,inactive,True,25.220707956634698,198.7928358211901,337.6644093580682,1813.0425492277864
1785251324.7639427,FartherHybridRe,inactive,True,34.25822115024662,112.34771519158494,354.4990834203156,1800.0081409737468
1785251324.7639427,SwitchRef2,inactive,True,37.17748576622856,160.6140855577717,495.01126403991435,4072.722039861168
1785251324.7639427,LeftHybrid,inactive,True,34.964675958775075,298.12493466548614,342.7510696078065,2523.352522529385
1785251324.7639427,RightHybrid,inactive,True,33.1736366429874,415.09002930626303,345.40610455470056,2537.4776667048136
1785251324.7639427,DownHybrid,active,True,39.1010403612812,357.75321641607525,389.91911345660543,2124.928013891091
1785251324.7639427,UpHybrid,inactive,True,26.853586674722916,355.25617973549004,292.49327870742616,3175.3622499858902
1785251324.7639427,Close,inactive,True,38.480344595566905,408.2865581023842,387.28049883857466,1917.6574399093952
1785251324.7639427,Open,inactive,True,39.693424305391815,306.66421029544097,385.0029918975857,1912.2699773135464
1785251324.7639427,CloserHybrid,inactive,True,27.25118519343752,414.30122468059704,299.45446677114705,2790.804512944218
1785251324.7639427,FartherHybrid,inactive,True,29.64241545976608,296.6877576671085,296.7900377303564,2770.7619681710785
1785251324.7639427,SwitchRef1,inactive,True,31.78934457560726,459.09856971300246,226.21336004675737,15090.563160866426
1785251325.263828,LeftHybridRe,inactive,True,34.81863490054972,118.58998766116457,395.7318011941086,1964.1216167999773
1785251325.263828,RightHybridRe,inactive,True,25.515628207557477,209.8144737442029,379.20205425572794,1976.9645659456073
1785251325.263828,DownHybridRe,inactive,True,31.58939241977158,173.76636847284902,433.4532542858358,1966.663147591069
1785251325.263828,UpHybridRe,inactive,True,29.98610289247132,154.95430138641035,341.3870519475389,1999.960683585432
1785251325.263828,CloseRe,inactive,True,27.343965363083505,214.7289563462128,422.27688304410117,1779.7402115252844
1785251325.263828,OpenRe,inactive,True,35.346846941043516,130.7196057292906,437.1110130213989,1784.5273922403649
1785251325.263828,CloserHybridRe,inactive,True,25.254860094478747,199.20910830540788,338.01655200195074,1818.5357958401873
1785251325.263828,FartherHybridRe,inactive,True,34.30553142657149,112.56604513958229,354.2122123434574,1803.573260834084
1785251325.263828,SwitchRef2,inactive,True,34.967901533703134,160.8331883615346,495.66978951097974,4110.304552054193
1785251325.263828,LeftHybrid,inactive,True,34.964675958775075,298.12493466548614,342.7510696078065,2523.352522529385
1785251325.263828,RightHybrid,inactive,True,33.1736366429874,415.09002930626303,345.40610455470056,2537.4776667048136
1785251325.263828,DownHybrid,active,True,39.1010403612812,357.75321641607525,389.91911345660543,2124.928013891091
1785251325.263828,UpHybrid,inactive,True,26.853586674722916,355.25617973549004,292.49327870742616,3175.3622499858902
1785251325.263828,Close,inactive,True,38.480344595566905,408.2865581023842,387.28049883857466,1917.6574399093952
1785251325.263828,Open,inactive,True,39.693424305391815,306.66421029544097,385.0029918975857,1912.2699773135464
1785251325.263828,CloserHybrid,inactive,True,27.25118519343752,414.30122468059704,299.45446677114705,2790.804512944218
1785251325.263828,FartherHybrid,inactive,True,29.64241545976608,296.6877576671085,296.7900377303564,2770.7619681710785
1785251325.263828,SwitchRef1,inactive,True,8.533019141828879,451.72336045894383,251.77188089764854,23072.08698924783
1785251325.7638726,LeftHybridRe,inactive,True,34.81615043049203,118.69047769193236,395.68645735167695,1967.3687420520437
1785251325.7638726,RightHybridRe,inactive,True,25.483714918373188,209.9691806401643,379.2391465108126,1981.9021053003817
1785251325.7638726,DownHybridRe,inactive,True,31.53288346687972,173.70252288326543,433.5965601067827,1975.140363091352
1785251325.7638726,UpHybridRe,inactive,True,30.02014572487327,155.27239694706498,341.30024684220746,1999.7488605604958
1785251325.7638726,CloseRe,inactive,True,27.265096661934766,214.73823546103384,422.44220437835713,1787.7142558488267
1785251325.7638726,OpenRe,inactive,True,35.3123651759955,130.62036234455383,437.20213866465144,1791.5506154049363
1785251325.7638726,CloserHybridRe,inactive,True,25.281328592570958,199.51055690136076,337.9734984290588,1819.4654101674932
1785251325.7638726,FartherHybridRe,inactive,True,34.336090432014494,112.87408455430926,354.09080655637365,1802.6758854559012
1785251325.7638726,SwitchRef2,inactive,True,37.173701890013895,160.20515385683422,495.19330798673917,4114.63454588407
1785251325.7638726,LeftHybrid,inactive,True,34.964675958775075,298.12493466548614,342.7510696078065,2523.352522529385
1785251325.7638726,RightHybrid,inactive,True,33.1736366429874,415.09002930626303,345.40610455470056,2537.4776667048136
1785251325.7638726,DownHybrid,hovered,True,39.1010403612812,357.75321641607525,389.91911345660543,2124.928013891091
1785251325.7638726,UpHybrid,inactive,True,26.853586674722916,355.25617973549004,292.49327870742616,3175.3622499858902
1785251325.7638726,Close,inactive,True,38.480344595566905,408.2865581023842,387.28049883857466,1917.6574399093952
1785251325.7638726,Open,inactive,True,39.693424305391815,306.66421029544097,385.0029918975857,1912.2699773135464
1785251325.7638726,CloserHybrid,inactive,True,27.25118519343752,414.30122468059704,299.45446677114705,2790.804512944218
1785251325.7638726,FartherHybrid,inactive,True,29.64241545976608,296.6877576671085,296.7900377303564,2770.7619681710785
1785251325.7638726,SwitchRef1,inactive,True,8.178037128707652,459.4300521952741,292.69017006841267,24418.221366111968
1785251326.263571,LeftHybridRe,inactive,True,35.00173345169655,118.87933888800558,395.20748800425906,1953.2228657209744
1785251326.263571,RightHybridRe,inactive,True,25.712040657602437,209.84809958893635,379.011998239897,1972.5083320275662
1785251326.263571,DownHybridRe,inactive,True,31.75154985849653,173.69602786648974,433.13649213786084,1961.4954683772157
1785251326.263571,UpHybridRe,inactive,True,30.202502799217857,155.30366407488907,341.0317167652004,1990.091557387197
1785251326.263571,CloseRe,inactive,True,27.504995761867484,214.59719936689334,422.12017691311723,1777.4020628243816
1785251326.263571,OpenRe,inactive,True,35.50957419982709,130.7866491457143,436.6160460477085,1776.909563811725
1785251326.263571,CloserHybridRe,inactive,True,25.48132140614127,199.4199447162664,337.79898212364736,1812.4750805352778
1785251326.263571,FartherHybridRe,inactive,True,34.50628999610098,113.05668205093968,353.70894740626215,1791.6215916462788
1785251326.263571,SwitchRef2,inactive,True,36.880733273052996,160.5524300457495,494.7872486773332,4074.348481079087
1785251326.263571,SwitchRef1,inactive,True,12.150032515189466,459.87528118865947,306.58191078406804,24803.737708032873
1785251326.7640445,LeftHybridRe,inactive,True,34.908240584549894,119.69451178117077,394.00379208611986,1951.0159331041468
1785251326.7640445,RightHybridRe,inactive,True,25.54491202012805,210.45774783696743,377.36009540923567,1975.3046373731231
1785251326.7640445,DownHybridRe,inactive,True,31.48759673341257,174.27166655674557,431.88388064590987,1971.3770739318861
1785251326.7640445,UpHybridRe,inactive,True,30.23727544190726,156.14593259477564,339.58609281785215,1981.1319431912088
1785251326.7640445,CloseRe,inactive,True,27.178303497544853,215.16047652765042,420.6413110808978,1787.9023378061684
1785251326.7640445,OpenRe,inactive,True,35.31069348644164,131.42387303025987,435.5398597104826,1783.0667179077718
1785251326.7640445,CloserHybridRe,inactive,True,25.504576958691754,200.10811245658968,336.12894126073394,1806.705923150359
1785251326.7640445,FartherHybridRe,inactive,True,34.520982994785136,114.0555154915669,352.4676929218688,1781.7342422801557
1785251326.7640445,SwitchRef2,inactive,True,35.94477943394699,160.75213794385655,493.32673287648595,4097.3368349544
1785251326.7640445,SwitchRef1,inactive,True,12.102954244372397,461.80924693669493,305.6994917863506,24905.280073195943
1785251327.2636063,LeftHybridRe,inactive,True,34.80734999167034,118.65274791267188,393.92089693974435,1964.7118240366435
1785251327.2636063,RightHybridRe,inactive,True,25.381176994736563,209.56528434267665,376.6211202975856,1985.1495030709848
1785251327.2636063,DownHybridRe,inactive,True,31.2149950776327,173.24276441462303,431.70411912765246,1993.3470034583697
1785251327.2636063,UpHybridRe,inactive,True,30.271353095611317,155.3049386212097,339.09650988372033,1982.2943063045896
1785251327.2636063,CloseRe,inactive,True,26.846659260403012,214.25200574751435,420.12043030645077,1805.903939259937
1785251327.2636063,OpenRe,inactive,True,35.10154717732735,130.25176855640774,435.6598532944465,1804.69489998899
1785251327.2636063,CloserHybridRe,inactive,True,25.53473083223452,199.25007885167483,335.3490779772926,1806.9344115667845
1785251327.2636063,FartherHybridRe,inactive,True,34.530257743643446,113.17673639949129,352.27040880569655,1785.397591362098
1785251327.2636063,SwitchRef2,inactive,True,35.570266764459596,160.05715284840156,493.1907103852444,4094.5707743725907
1785251327.2636063,SwitchRef1,inactive,True,11.563639082659094,461.16166168890015,304.50025272463546,24792.043105181816
1785251327.7642384,LeftHybridRe,inactive,True,35.220235295203494,117.40267429945527,393.26154192789585,1952.5198322757096
1785251327.7642384,RightHybridRe,inactive,True,25.94912323151223,208.30582872064892,376.96895521141687,1972.9347121455976
1785251327.7642384,DownHybridRe,inactive,True,31.96403463708566,172.34694331046396,431.10914246200014,1957.9502830387755
1785251327.7642384,UpHybridRe,inactive,True,30.44213524036615,153.62622946070746,339.03527778060396,1992.8354132662498
1785251327.7642384,CloseRe,inactive,True,27.721234469747397,213.18597481951684,420.0660314019483,1775.414253535986
1785251327.7642384,OpenRe,inactive,True,35.71716108470167,129.48054424681146,434.62063454901477,1773.056013012294
1785251327.7642384,CloserHybridRe,inactive,True,25.731136024723344,197.75017271546662,335.7439915449007,1815.088115727045
1785251327.7642384,FartherHybridRe,inactive,True,34.73261080084321,111.40143559690569,351.7705064424834,1794.1931991078764
1785251327.7642384,SwitchRef2,inactive,True,36.60771710183557,159.10427557708186,492.68840673395755,4076.2455730833462
1785251327.7642384,SwitchRef1,inactive,True,11.826682396271206,459.17401420309795,304.0283991601064,24895.53034675432
1785251328.2635806,LeftHybridRe,inactive,True,34.2074864468587,119.86956360017183,392.5228959867883,1972.6774444505536
1785251328.2635806,RightHybridRe,inactive,True,24.793390886303794,211.40669782125084,376.26528898626344,1981.9055053575066
1785251328.2635806,DownHybridRe,hovered,True,30.86221740962499,174.7980797966543,430.547515885196,1979.4866431807168
1785251328.2635806,UpHybridRe,inactive,True,29.416564725319315,156.83803457121138,338.2414549649872,2001.2373317645543
1785251328.2635806,CloseRe,inactive,True,26.556424462660473,215.9550846594314,419.4528020672421,1789.3152385373614
1785251328.2635806,OpenRe,inactive,True,34.683766673977985,131.60407623969087,434.08191328644045,1797.0515059143108
1785251328.2635806,CloserHybridRe,inactive,True,24.646287640215753,201.15841725917653,335.02987271503116,1817.9269322246873
1785251328.2635806,FartherHybridRe,inactive,True,33.75728174677496,114.27593633645216,350.91459118841044,1806.3094826894721
1785251328.2635806,SwitchRef2,inactive,True,36.76631946587219,161.40137380903104,491.7290425440621,4068.5710079444943
1785251328.2635806,SwitchRef1,inactive,True,11.437681957593634,463.0191185207041,304.5927724825241,25170.433074446104
1785251328.763517,LeftHybridRe,inactive,True,34.64089685152642,119.48186031785491,393.2059887126884,1970.4737643642657
1785251328.763517,RightHybridRe,inactive,True,25.265964767226105,210.87714388174126,376.71428407046926,1986.5520078358531
1785251328.763517,DownHybridRe,hovered,True,31.341111181848824,174.63766206497542,431.101955022803,1976.3096277788245
1785251328.763517,UpHybridRe,inactive,True,29.8303979311391,156.02239908606683,338.76474655578403,2006.6603774663054
1785251328.763517,CloseRe,inactive,True,27.055664546367584,215.70336290520967,419.929670560836,1789.717777186299
1785251328.763517,OpenRe,inactive,True,35.137701067892465,131.5264898628934,434.715409171366,1791.3438063816066
1785251328.763517,CloserHybridRe,inactive,True,25.071078076412615,200.3523974505851,335.41568976757856,1825.5859387002893
1785251328.763517,FartherHybridRe,inactive,True,34.16417866620966,113.55971776530612,351.58217629255495,1808.294321635729
1785251328.763517,SwitchRef2,inactive,True,36.3803857849155,160.8959414499828,492.5465743687207,4098.90684743911
1785251328.763517,SwitchRef1,inactive,True,11.452807311540447,462.8114807406313,305.0834766200579,25048.939608796638
1785251329.2635992,LeftHybridRe,inactive,True,34.44448479982217,119.33322105018311,393.11923119566063,1972.0441878735364
1785251329.2635992,RightHybridRe,inactive,True,25.093928663543934,210.87945532986623,376.7769497164612,1981.4562941890872
1785251329.2635992,DownHybridRe,inactive,True,31.22394496892998,174.64873431240693,430.9318621797945,1969.493587219502
1785251329.2635992,UpHybridRe,inactive,True,29.565796718099744,155.89858270364533,338.82744724207413,2009.8855914989326
1785251329.2635992,CloseRe,inactive,True,26.96625278656587,215.72341304790686,419.83194837816836,1781.144709777509
1785251329.2635992,OpenRe,inactive,True,34.994584270347325,131.4795417390722,434.51101534635075,1788.1090730267424
1785251329.2635992,CloserHybridRe,inactive,True,24.8080776906148,200.32123364438988,335.5649469159135,1825.271354026303
1785251329.2635992,FartherHybridRe,inactive,True,33.91595751274354,113.31399366359688,351.55838394910586,1813.9883119913302
1785251329.2635992,SwitchRef2,inactive,True,36.3803857849155,160.8959414499828,492.5465743687207,4098.90684743911
1785251329.2635992,SwitchRef1,inactive,True,11.296976544444385,462.3761724877673,304.9055311911128,24954.445052122457
1785251329.7636483,LeftHybridRe,inactive,True,21.34205143587726,220.95030585330315,378.83230296763713,1923.6730086242678
1785251329.7636483,RightHybridRe,inactive,True,12.51760820751541,314.1915258145854,367.9664959188723,1918.6909783706797
1785251329.7636483,DownHybridRe,hovered,True,20.311725398534925,273.9005383129874,418.4545127128847,1897.3520409780103
1785251329.7636483,UpHybridRe,inactive,True,14.271580138404698,261.4131256343373,327.8838126928567,2006.865004205909
1785251329.7636483,CloseRe,inactive,True,17.059355867523983,315.73115929036794,409.609195935936,1697.298663447873
1785251329.7636483,OpenRe,inactive,True,23.522206051886403,230.58728235509076,419.7027753140339,1710.4385938863998
1785251329.7636483,CloserHybridRe,inactive,True,9.37484567322193,306.6318079755356,327.44181672817035,1794.4353621019254
1785251329.7636483,FartherHybridRe,inactive,True,19.501648153322915,217.51697608453307,337.7163020738231,1794.5708910576905
1785251329.7636483,SwitchRef2,inactive,True,34.127093576538755,253.57826033170994,478.42097815768057,3987.267686000552
1785251329.7636483,SwitchRef1,inactive,True,24.25452688995998,581.5625535381741,308.90334685934954,27490.387273862034
1785251330.2635646,LeftHybridRe,inactive,True,20.948913366204444,197.79807525344262,377.77563964178427,1970.8866347131516
1785251330.2635646,RightHybridRe,inactive,True,11.187081739467367,291.52669398345597,365.5950644912737,1925.0670446508593
1785251330.2635646,DownHybridRe,active,True,18.95584869185526,251.3351980398692,417.1070192676503,1945.957453795454
1785251330.2635646,UpHybridRe,inactive,True,14.552204043370319,238.56604230633255,326.1021139985938,2005.0786378196462
1785251330.2635646,CloseRe,inactive,True,15.211499319863483,293.3844336730972,407.5253662462725,1725.1558917123184
1785251330.2635646,OpenRe,inactive,True,22.582691851044753,207.48608891761515,419.0844654708984,1773.7459619833826
1785251330.2635646,CloserHybridRe,inactive,True,9.268898425411702,283.7296709273326,325.17249387069967,1779.6515166552272
1785251330.2635646,FartherHybridRe,inactive,True,19.733227520850825,194.44155845574193,336.44073939375625,1816.1555744702273
1785251330.2635646,SwitchRef2,inactive,True,32.00711198039087,231.80133259162855,478.04879132778876,4129.966480541247
1785251330.2635646,SwitchRef1,inactive,True,19.681141868299125,558.0388574318866,305.9977988157293,27433.905130091778
1785251330.763582,LeftHybridRe,inactive,True,21.56894066639695,192.57429451101146,378.62665161795536,1976.5441659501557
1785251330.763582,RightHybridRe,inactive,True,11.818527257843774,286.40790717074174,366.2195964214729,1929.402291080929
1785251330.763582,DownHybridRe,active,True,19.539321438092273,246.35145579295013,417.8298500317586,1947.972913827456
1785251330.763582,UpHybridRe,inactive,True,15.196344970062325,233.21947182492366,326.80984541319737,2011.666465683873
1785251330.763582,CloseRe,inactive,True,15.752117749194275,288.4157125441448,408.15682923052407,1727.1416294893497
1785251330.763582,OpenRe,inactive,True,23.173457180032663,202.44399023232037,419.9171019787171,1777.1886684648853
1785251330.763582,CloserHybridRe,inactive,True,9.944734540563958,278.46059057858304,325.7733081933895,1785.7234064059157
1785251330.763582,FartherHybridRe,inactive,True,20.348568168039076,189.04273688105505,337.26691695162015,1823.3437153038067
1785251330.763582,SwitchRef2,inactive,True,32.06767736298177,227.5326622676405,478.9217928091191,4121.977502387621
1785251330.763582,SwitchRef1,inactive,True,18.980435769224297,552.1226054781116,311.0251940570395,27436.1476920142
1785251331.263549,LeftHybridRe,inactive,True,21.68326874011711,192.32918061309664,379.00426551240383,1978.9316358952237
1785251331.263549,RightHybridRe,inactive,True,12.032768344388234,286.20433274470264,366.193825010423,1930.4239670472525
1785251331.263549,DownHybridRe,active,True,19.760145732265183,246.40553800665487,417.92168300874096,1944.982319529976
1785251331.263549,UpHybridRe,inactive,True,15.23436268959311,232.71730790435066,326.9970719157456,2018.0880084085584
1785251331.263549,CloseRe,inactive,True,16.024393188286027,288.4303337522126,408.0770037988998,1724.2970684622705
1785251331.263549,OpenRe,inactive,True,23.347354910664876,202.48438656966562,420.20456970106363,1775.2118031994978
1785251331.263549,CloserHybridRe,inactive,True,10.017517627065917,278.0347861526452,325.77129251286556,1790.5485719241478
1785251331.263549,FartherHybridRe,inactive,True,20.391475814766764,188.51247444952162,337.64991056865205,1829.6194769248941
1785251331.263549,SwitchRef2,inactive,True,32.19783761947816,227.15924431744443,479.0723729457373,4120.876412444304
1785251331.263549,SwitchRef1,inactive,True,21.154876435656114,554.1491613451929,328.3025166383711,27952.047181618895
1785251331.7636423,LeftHybridRe,inactive,True,21.883787201656126,188.81903028280058,379.21496746377903,1978.0646730190092
1785251331.7636423,RightHybridRe,inactive,True,12.195826996123051,282.63731603870303,366.4040734537299,1926.0908361315232
1785251331.7636423,DownHybridRe,active,True,19.87905713083783,242.86308165513867,418.092956336501,1943.415219339091
1785251331.7636423,UpHybridRe,inactive,True,15.508505559917582,229.2177493374145,327.2603837534137,2013.2238916732385
1785251331.7636423,CloseRe,inactive,True,16.09804412641927,284.86130641020225,408.2475396702291,1721.8078145342006
1785251331.7636423,OpenRe,inactive,True,23.492688893676725,198.94504656520604,420.3921284981743,1775.8741752906863
1785251331.7636423,CloserHybridRe,inactive,True,10.29629247105214,274.4826540075166,326.0369571382939,1785.3989012784878
1785251331.7636423,FartherHybridRe,inactive,True,20.637694886951323,185.03251696231408,337.90120590557126,1827.468576499843
1785251331.7636423,SwitchRef2,inactive,True,34.23174319907168,224.423433241553,478.5176953437361,4017.253801186547
1785251331.7636423,SwitchRef1,inactive,True,24.288186482484985,551.0397115703693,355.4493049836225,27850.521054424862
1785251332.2637062,LeftHybridRe,inactive,True,20.648900744109564,187.91251246106907,379.8649568619568,1993.7721679651004
1785251332.2637062,RightHybridRe,inactive,True,10.135874137992985,281.65289277377667,365.99344612432856,1930.0449675703858
1785251332.2637062,DownHybridRe,active,True,17.62074415398903,241.79008536162752,418.69061825317135,1989.3913076874305
1785251332.2637062,UpHybridRe,inactive,True,15.088309371585968,228.57058496856217,327.4210091924209,1985.9790972489645
1785251332.2637062,CloseRe,inactive,True,13.366572996652474,283.9506751795215,408.2394652196509,1756.0195172502426
1785251332.2637062,OpenRe,inactive,True,21.67090410537524,197.64864832669767,421.49752693907726,1821.701329300784
1785251332.2637062,CloserHybridRe,inactive,True,9.729716175355104,273.50063684788336,325.737838275881,1758.922271163996
1785251332.2637062,FartherHybridRe,inactive,True,20.09929182616,184.58376215664194,338.47652189881853,1810.2538035978469
1785251332.2637062,SwitchRef2,inactive,True,32.022381032229205,223.64467691872008,479.2440912865608,4065.3429961419242
1785251332.2637062,SwitchRef1,inactive,True,29.673242218477192,549.5845450268905,390.3375306611347,27268.81539719866
1785251332.763669,LeftHybridRe,inactive,True,20.97340357179169,185.46501229972128,380.3256564715401,1992.312877343229
1785251332.763669,RightHybridRe,inactive,True,10.663144572452204,279.22367740062276,366.5746804721686,1925.4872705193338
1785251332.763669,DownHybridRe,active,True,18.201574902050357,239.45188263948543,419.04593292302013,1977.1892487830846
1785251332.763669,UpHybridRe,inactive,True,15.207355829191044,226.04096577682745,327.97104285620395,1991.2273510787709
1785251332.763669,CloseRe,inactive,True,14.066380739672155,281.5483147582561,408.6745331024498,1744.6995852084
1785251332.763669,OpenRe,inactive,True,22.139374686440473,195.3395866169437,421.81806086830136,1812.782468987527
1785251332.763669,CloserHybridRe,inactive,True,9.863059818486128,271.03535719368534,326.3474524203947,1762.0816812537523
1785251332.763669,FartherHybridRe,inactive,True,20.249800341696613,181.98763414965083,338.97528027252184,1816.3254145636856
1785251332.763669,SwitchRef2,inactive,True,32.54090299482333,221.15800126487312,479.93843927890276,4093.4147423137183
1785251332.763669,SwitchRef1,inactive,True,35.94550195169782,544.3349755808144,428.03417200937014,26014.942022213232
1785251333.2634797,LeftHybridRe,inactive,True,21.529834086998562,184.94212239245124,379.5396064249999,1988.9216252421138
1785251333.2634797,RightHybridRe,inactive,True,11.460758276885757,278.7520038379838,366.02517736944156,1927.7745487645589
1785251333.2634797,DownHybridRe,hovered,True,19.062716784289073,239.07557500543905,418.2446368394284,1963.9047363199497
1785251333.2634797,UpHybridRe,inactive,True,15.507100520906798,225.3536899143468,327.2569365511462,2003.483083841049
1785251333.2634797,CloseRe,inactive,True,15.058978947024402,281.124567827275,408.02796935992643,1736.0585403139412
1785251333.2634797,OpenRe,inactive,True,22.871852412702207,195.02865646917022,420.8912125953028,1798.5985221642986
1785251333.2634797,CloserHybridRe,inactive,True,10.197791864619237,270.4894252454783,325.7266904137366,1774.5135439496953
1785251333.2634797,FartherHybridRe,inactive,True,20.589268105772966,181.23212644251592,338.18952675762625,1824.3607824307219
1785251333.2634797,SwitchRef2,inactive,True,32.80091616609891,220.90723797072525,478.997306034238,4042.3211383214148
1785251333.2634797,SwitchRef1,inactive,True,42.49684335533424,538.0860269544615,467.45436519376835,23708.085891979077
1785251333.7636926,LeftHybridRe,inactive,True,21.758463326990228,185.34118847744378,378.58301966499386,1975.0137856937981
1785251333.7636926,RightHybridRe,inactive,True,11.838720930637125,278.9376761372399,365.49924042865877,1918.0772414679523
1785251333.7636926,DownHybridRe,active,True,19.444917753795032,239.26687531396377,417.33275836536086,1946.3106553566467
1785251333.7636926,UpHybridRe,inactive,True,15.630165056170974,225.70161910934357,326.6064850406995,1997.6569190579248
1785251333.7636926,CloseRe,inactive,True,15.515180765906127,281.2034747380156,407.3450850886927,1722.3328583533512
1785251333.7636926,OpenRe,inactive,True,23.18248232117167,195.3771088427918,419.7771255527951,1780.8459757463497
1785251333.7636926,CloserHybridRe,inactive,True,10.36500993381693,270.77958116933894,325.25657674840755,1770.4710336063654
1785251333.7636926,FartherHybridRe,inactive,True,20.714492095611302,181.651223869633,337.3438044728772,1816.8856230099955
1785251333.7636926,SwitchRef2,inactive,True,30.349450742499062,220.93837306575924,478.94022927206856,4115.507716107939
1785251333.7636926,SwitchRef1,inactive,True,45.91362242350524,533.821248737984,488.59519014482646,22350.11177298121
1785251334.2636058,LeftHybridRe,inactive,True,21.171225855990794,183.9271013206376,378.0957682920757,1996.4679305104
1785251334.2636058,RightHybridRe,inactive,True,11.225798715727136,278.0162841259131,365.2598654372711,1923.6201867677883
1785251334.2636058,DownHybridRe,hovered,True,18.87087711126836,237.91580409255408,417.10595393011204,1962.1216702902311
1785251334.2636058,UpHybridRe,inactive,True,15.041726197341285,224.84643998026775,326.1302978419978,2008.3493961723143
1785251334.2636058,CloseRe,inactive,True,14.968952157881743,280.0581792263253,407.17552940406676,1730.009641734694
1785251334.2636058,OpenRe,inactive,True,22.609073483029114,193.75413404391836,419.4814058558703,1802.2343132110327
1785251334.2636058,CloserHybridRe,inactive,True,9.750996627547611,270.06558917497085,324.96432626762817,1773.6559526707206
1785251334.2636058,FartherHybridRe,inactive,True,20.144433010867132,180.4929417866558,336.7144636946016,1833.9178779938266
1785251334.2636058,SwitchRef2,inactive,True,31.097339504425285,219.756729912716,478.4462383748066,4109.751642233292
1785251334.2636058,SwitchRef1,inactive,True,46.11551680215835,532.3534012172493,489.916629686988,22050.645515514974
1785251334.7634857,LeftHybridRe,inactive,True,22.474672843431577,182.18967580148222,376.99558617982166,1993.5167502960394
1785251334.7634857,RightHybridRe,inactive,True,12.460756197889257,276.27698516818054,364.22268180800916,1944.6330819475188
1785251334.7634857,DownHybridRe,active,True,20.053146628991733,236.27576353176562,416.21088574034786,1967.0466631781237
1785251334.7634857,UpHybridRe,inactive,True,16.37922869434484,222.82175746183617,324.85155683073475,2021.6499861045668
1785251334.7634857,CloseRe,inactive,True,16.034840177132935,278.4639116852974,406.3690086469879,1744.6585301550222
1785251334.7634857,OpenRe,inactive,True,23.842913765146694,192.1937552484884,418.4537250406615,1796.6451047199007
1785251334.7634857,CloserHybridRe,inactive,True,11.092007040221864,268.15987840039793,323.6480251902714,1795.8742247541886
1785251334.7634857,FartherHybridRe,inactive,True,21.463171963492933,178.55462052443067,335.50355374548997,1835.3069799650439
1785251334.7634857,SwitchRef2,inactive,True,31.034184215400003,217.90850417546764,477.3213711126013,4116.446846567815
1785251334.7634857,SwitchRef1,inactive,True,46.35049268674052,530.6295294054136,490.0060556396437,22039.41100024982
1785251335.2635577,LeftHybridRe,inactive,True,22.548366816040197,181.42862870881197,377.12215268065694,1985.3686462171863
1785251335.2635577,RightHybridRe,inactive,True,12.397575119457162,275.21036007500174,363.93859324600953,1939.7958968720268
1785251335.2635577,DownHybridRe,active,True,19.91009400009558,235.45756399289374,416.1256062703983,1966.5455114967408
1785251335.2635577,UpHybridRe,inactive,True,16.626103222077056,221.8027936983983,324.87017127244815,2008.6191984582983
1785251335.2635577,CloseRe,inactive,True,15.78490678698059,277.54600075518783,406.10035220041505,1745.3568320189152
1785251335.2635577,OpenRe,inactive,True,23.784721198301007,191.47661781023902,418.54856430448194,1794.6580121448715
1785251335.2635577,CloserHybridRe,inactive,True,11.32300394637446,266.9752713819411,323.4497449100533,1786.1719216711062
1785251335.2635577,FartherHybridRe,inactive,True,21.671945781393873,177.73998348870734,335.70950139633385,1822.6812556756486
1785251335.2635577,SwitchRef2,inactive,True,32.40659892390621,216.96230344637203,476.86651630018764,4068.4507367214246
1785251335.2635577,SwitchRef1,inactive,True,47.51893391542528,526.2980399329242,498.8000884686698,21238.954292904687
1785251335.7634928,LeftHybridRe,inactive,True,22.42275488228746,180.33399433382928,377.66598784280825,1988.3108541616857
1785251335.7634928,RightHybridRe,inactive,True,12.26378860017487,274.1286103381682,364.2355277638028,1937.0445376287098
1785251335.7634928,DownHybridRe,active,True,19.763183683097445,234.4664034862199,416.5115473605736,1967.650668914357
1785251335.7634928,UpHybridRe,inactive,True,16.52828393841271,220.6655543400438,325.33387717912035,2007.1848862515762
1785251335.7634928,CloseRe,inactive,True,15.6340307331219,276.5410002057155,406.3629533300282,1744.1209272201086
1785251335.7634928,OpenRe,inactive,True,23.644161015373935,190.44778426096164,419.07202538246,1798.3117387775237
1785251335.7634928,CloserHybridRe,inactive,True,11.227607215185786,265.8256927088631,323.8104764851801,1782.731798547422
1785251335.7634928,FartherHybridRe,inactive,True,21.566162137908293,176.5886414538625,336.2710055495612,1824.2237847719916
1785251335.7634928,SwitchRef2,inactive,True,31.278789855336772,216.19703725163913,477.4944287526421,4065.5987790617583
1785251335.7634928,SwitchRef1,inactive,True,49.54147557364987,519.4507692629128,513.5907686466655,19945.926807926196
1785251336.263623,LeftHybridRe,inactive,True,23.566258136335687,180.6963298424419,377.0484610775029,1969.2689576869998
1785251336.263623,RightHybridRe,inactive,True,13.393590358151892,274.1460387153928,364.2097560996097,1945.1535730185933
1785251336.263623,DownHybridRe,hovered,True,20.81934450402224,234.42100710122497,416.3041388124751,1961.4214879301362
1785251336.263623,UpHybridRe,inactive,True,17.712279636437824,220.88033741098187,324.9142022050493,2002.9443181312708
1785251336.263623,CloseRe,inactive,True,16.615175670808856,276.4441001770343,406.48810902585757,1749.5518284768405
1785251336.263623,OpenRe,inactive,True,24.728680975820176,190.6537293595817,418.48508288591285,1781.0222960721621
1785251336.263623,CloserHybridRe,inactive,True,12.426438412149151,265.95085589017935,323.5847340422121,1790.6180068417307
1785251336.263623,FartherHybridRe,inactive,True,22.723166753932027,177.05571913493674,335.65528382122983,1808.098917392119
1785251336.263623,SwitchRef2,inactive,True,32.64822960353688,216.29832151618766,476.54561237543385,4023.927344033691
1785251336.263623,SwitchRef1,inactive,True,51.3796770192355,514.9220300495994,526.5551735522604,18730.503327122075
1785251336.763559,LeftHybridRe,inactive,True,22.468625317583353,181.08979623058582,376.2323182044586,1983.5724586726028
1785251336.763559,RightHybridRe,inactive,True,12.161888100218496,274.7793509459635,363.0899582057884,1939.8069959352433
1785251336.763559,DownHybridRe,active,True,19.596339200374437,234.90829090371983,415.36397085504166,1973.2263637839133
1785251336.763559,UpHybridRe,inactive,True,16.730566811648096,221.58601338012423,324.008770133333,1999.981858883726
1785251336.763559,CloseRe,inactive,True,15.359389713175906,277.0215616241619,405.34296013893896,1751.67667552919
1785251336.763559,OpenRe,inactive,True,23.56665974074009,190.93841767897922,417.75472366788676,1799.6520219893646
1785251336.763559,CloserHybridRe,inactive,True,11.409687321228775,266.6527559247582,322.60188539244615,1779.7488015584531
1785251336.763559,FartherHybridRe,inactive,True,21.742170461150057,177.6037582696722,334.8212087542301,1814.5848058889496
1785251336.763559,SwitchRef2,inactive,True,32.439068339302736,216.45068201250027,475.67376083970163,4042.156454539043
1785251336.763559,SwitchRef1,inactive,True,51.50490303627115,515.1833401279454,526.4644986186582,18716.681963699506
1785251337.2634737,LeftHybridRe,inactive,True,22.055961706821236,179.9482275570566,376.11538007344825,1995.5498974938128
1785251337.2634737,RightHybridRe,inactive,True,11.639525645967222,273.84222131054435,362.7797157555067,1941.7617848072332
1785251337.2634737,DownHybridRe,active,True,19.036104692548612,233.84456654839192,415.2444129836728,1986.0715029748608
1785251337.2634737,UpHybridRe,inactive,True,16.446373074904976,220.66221725477,323.77868945573243,2000.6234435664883
1785251337.2634737,CloseRe,inactive,True,14.740043688086823,276.05776577562506,405.0945132500125,1758.8713631760402
1785251337.2634737,OpenRe,inactive,True,23.069144541167127,189.7163864529037,417.7541897885319,1815.631379550152
1785251337.2634737,CloserHybridRe,inactive,True,11.11536812282317,265.7482754720223,322.31683975572844,1776.6549547975956
1785251337.2634737,FartherHybridRe,inactive,True,21.438374194748718,176.57428806391107,334.6498543170512,1820.1365391539548
1785251337.2634737,SwitchRef2,inactive,True,32.515460198768665,215.11552894535586,475.7625107296759,4093.088017000846
1785251337.2634737,SwitchRef1,inactive,True,51.61697809299595,514.0247217662917,526.69740288242,18668.623330465023
1785251337.7634907,LeftHybridRe,inactive,True,22.39044186772285,179.34262096229222,375.87934221295995,1984.1733538060653
1785251337.7634907,RightHybridRe,inactive,True,12.044003702380275,273.01061256277035,362.72962154529057,1935.6009639641998
1785251337.7634907,DownHybridRe,active,True,19.426095454397238,233.0975145303548,414.99676606446405,1974.2578026759147
1785251337.7634907,UpHybridRe,inactive,True,16.74115136073662,219.92706665040131,323.7017604620047,1994.6631186473642
1785251337.7634907,CloseRe,inactive,True,15.151691783020397,275.2087496118851,404.9602635748141,1750.6865945747995
1785251337.7634907,OpenRe,inactive,True,23.428709465957965,189.10746587741966,417.409363375186,1802.851933030026
1785251337.7634907,CloserHybridRe,inactive,True,11.428526506463717,264.93942088785616,322.3014204903917,1773.3980631660306
1785251337.7634907,FartherHybridRe,inactive,True,21.727456401922385,175.9465299172546,334.4973628037663,1812.4249396232626
1785251337.7634907,SwitchRef2,inactive,True,32.1544231289585,214.93265674563173,475.543445302463,4060.0837517103573
1785251337.7634907,SwitchRef1,inactive,True,53.287511411215014,507.8544853317384,537.4826080265622,17506.98140418064
1785251338.263608,LeftHybridRe,inactive,True,22.227560073062858,178.24733853400127,375.8779050398962,1969.5019283667752
1785251338.263608,RightHybridRe,inactive,True,11.812015907888537,271.47592476231466,362.47304245064186,1917.7246548322946
1785251338.263608,DownHybridRe,hovered,True,19.057851307379572,231.76500943326113,414.7270284880278,1964.9833398248302
1785251338.263608,UpHybridRe,inactive,True,16.7851647721385,218.67178894245166,323.8139201930088,1970.6569869316008
1785251338.263608,CloseRe,inactive,True,14.703451639188227,273.7097969041957,404.5701245391248,1740.805330669944
1785251338.263608,OpenRe,inactive,True,23.12901810021098,187.92234827472822,417.2838545833612,1795.7720841855407
1785251338.263608,CloserHybridRe,inactive,True,11.504900307057785,263.4131355002795,322.2798088967875,1751.1289016527662
1785251338.263608,FartherHybridRe,inactive,True,21.707074461049004,174.9257103258633,334.6878611258856,1792.8795098405753
1785251338.263608,SwitchRef2,inactive,True,32.541033114782685,213.34414475589236,475.20910144274484,4113.818731587562
1785251338.263608,SwitchRef1,inactive,True,54.63637382092456,501.5493823398149,546.4438109360306,16349.306059735565
1785251338.7636094,LeftHybridRe,inactive,True,22.625456914142394,179.25210946758938,375.3828847301205,1972.9689451386694
1785251338.7636094,RightHybridRe,inactive,True,12.284724654434402,272.6549376533148,362.22626426543223,1930.1502936027973
1785251338.7636094,DownHybridRe,inactive,True,19.623848891055097,232.8852649862379,414.4261982857902,1965.7813944841764
1785251338.7636094,UpHybridRe,inactive,True,17.011079765628665,219.6500285001331,323.27672605088776,1986.3870597104906
1785251338.7636094,CloseRe,inactive,True,15.329107956683076,274.89173602676277,404.4088573429107,1745.5162416313033
1785251338.7636094,OpenRe,inactive,True,23.63516401279486,189.0329927854863,416.82675635667863,1792.6043276094388
1785251338.7636094,CloserHybridRe,inactive,True,11.711760335894622,264.55816445315656,321.84509701763847,1768.3688265331366
1785251338.7636094,FartherHybridRe,inactive,True,21.979212489015826,175.81813271785958,334.08413911597535,1802.508105478155
1785251338.7636094,SwitchRef2,hovered,True,32.85196638708631,214.13733490100435,475.27053037312135,4106.978934474035
1785251338.7636094,SwitchRef1,inactive,True,54.79554913426522,502.8597996251498,547.5239267676254,16354.25554106594
1785251339.263982,LeftHybridRe,inactive,True,23.264230577190553,180.03850756851372,375.45393500386757,1970.9856712309738
1785251339.263982,RightHybridRe,inactive,True,13.046841772024747,273.4737950005451,362.33140748365975,1940.4335254259204
1785251339.263982,DownHybridRe,hovered,True,20.457574814458212,233.87454070306254,414.5066118883295,1960.58122947417
1785251339.263982,UpHybridRe,inactive,True,17.4660982268901,220.15150764191725,323.2453068674497,2000.4346692026666
1785251339.263982,CloseRe,inactive,True,16.233692536404565,275.861786519443,404.5506958836934,1746.3657552231161
1785251339.263982,OpenRe,inactive,True,24.391833597932667,190.08652928145622,416.8443478303455,1782.7728195568234
1785251339.263982,CloserHybridRe,inactive,True,12.172713970410124,265.2008939223722,321.79710896771854,1785.480440518062
1785251339.263982,FartherHybridRe,inactive,True,22.469578421173996,176.31749795781207,334.096589503956,1809.0918231788855
1785251339.263982,SwitchRef2,inactive,True,33.483880333510015,215.19002646323003,475.1591052455358,4055.5215165339177
1785251339.263982,SwitchRef1,inactive,True,54.7963160355352,503.9562775314647,547.7324420679608,16343.781060488414
1785251339.7636576,LeftHybridRe,inactive,True,22.138712040475088,180.5822900863765,374.1810888297722,1980.5842016068818
1785251339.7636576,RightHybridRe,inactive,True,11.725744902028433,274.2213501007077,361.51513708613436,1932.6776208546216
1785251339.7636576,DownHybridRe,hovered,True,19.088315226603992,234.0115814734941,413.58965250348047,1974.6688353537756
1785251339.7636576,UpHybridRe,inactive,True,16.56270641682345,221.46241841616444,322.25395876128863,1988.216810137692
1785251339.7636576,CloseRe,inactive,True,14.779049964405665,276.15938524605633,403.7624746599334,1750.923662446825
1785251339.7636576,OpenRe,inactive,True,23.128423407419113,190.04212793315588,415.7730920555407,1802.4434194695714
1785251339.7636576,CloserHybridRe,inactive,True,11.243441279737924,266.40918901853865,321.0831556952524,1767.807419773737
1785251339.7636576,FartherHybridRe,inactive,True,21.53911981560777,177.48843769075285,332.8119882180137,1806.2512815468508
1785251339.7636576,SwitchRef2,inactive,True,33.51729131476222,215.73667442682304,474.09650134110626,4036.5084912771417
1785251339.7636576,SwitchRef1,inactive,True,54.737225167397945,504.3770072263199,546.9128989868473,16339.693187378318
1785251340.2635643,LeftHybridRe,inactive,True,21.809208636743076,178.965229209028,374.0785933345873,1993.1808861929167
1785251340.2635643,RightHybridRe,inactive,True,11.336071498126453,272.83549212198295,361.18280100812433,1934.5311420568396
1785251340.2635643,DownHybridRe,inactive,True,18.675876304617365,232.56397169099233,413.42288942718346,1984.8842936249566
1785251340.2635643,UpHybridRe,inactive,True,16.312965837742546,219.99888086289394,322.0206424325465,1991.8474251728694
1785251340.2635643,CloseRe,inactive,True,14.337535200728288,274.7974202032684,403.4572590072629,1755.7134131196508
1785251340.2635643,OpenRe,inactive,True,22.750739312311282,188.43341753053835,415.7469117794553,1816.5351594882559
1785251340.2635643,CloserHybridRe,inactive,True,10.993494399688917,265.001566531647,320.77849327702876,1766.9723970409977
1785251340.2635643,FartherHybridRe,inactive,True,21.275597827533108,175.8935869012662,332.6579144589026,1814.7699665539149
1785251340.2635643,SwitchRef2,inactive,True,31.709335008697746,214.48820330913549,474.0894838110156,4071.608154536916
1785251340.2635643,SwitchRef1,inactive,True,54.81345033984689,501.99488269008344,547.3240795776866,16227.692995127698
1785251340.7634532,LeftHybridRe,inactive,True,23.363595969067983,178.8611626686087,374.4517942276336,1978.1441288565547
1785251340.7634532,RightHybridRe,inactive,True,13.291968938952298,272.58595739545956,361.7723261490442,1943.1891293225854
1785251340.7634532,DownHybridRe,inactive,True,20.77332780509638,232.7960648399728,413.6749505178771,1957.0966416404917
1785251340.7634532,UpHybridRe,inactive,True,17.397399173852016,219.18193726687818,322.38936594269643,2013.7725052967908
1785251340.7634532,CloseRe,inactive,True,16.651404213627742,274.853478489041,403.9274280677907,1742.0642003326284
1785251340.7634532,OpenRe,inactive,True,24.61903320307784,188.9211843991081,415.82425288778404,1781.9198115467152
1785251340.7634532,CloserHybridRe,inactive,True,12.127607327821265,264.40443405529584,321.17219781055843,1795.0768719334883
1785251340.7634532,FartherHybridRe,inactive,True,22.42948775308712,175.13467845364764,333.0394030339498,1822.7835755587585
1785251340.7634532,SwitchRef2,inactive,True,32.20366117383523,214.27358600410506,474.5559822821922,4045.086402043584
1785251340.7634532,SwitchRef1,inactive,True,54.775024294757934,502.66171218720933,547.3236703479216,16163.657660841389
1785251341.2634294,LeftHybridRe,inactive,True,22.31159594899921,176.64771555976236,374.37491649496235,1976.158019241986
1785251341.2634294,RightHybridRe,inactive,True,12.01360061716284,270.11300724977355,361.2427065947585,1919.7587655588432
1785251341.2634294,DownHybridRe,inactive,True,19.351052118863453,230.3313225701788,413.28983504211476,1960.3484377534623
1785251341.2634294,UpHybridRe,inactive,True,16.695725530940617,217.1639601081128,322.38547823940536,1983.5066695572168
1785251341.2634294,CloseRe,inactive,True,15.092295843167108,272.30986265934905,403.2678864993046,1735.5922874578973
1785251341.2634294,OpenRe,inactive,True,23.33924049754702,186.42182488177494,415.73697954692443,1793.9226535764064
1785251341.2634294,CloserHybridRe,inactive,True,11.412372569891346,262.06423582739194,320.9993572689224,1760.1506500102405
1785251341.2634294,FartherHybridRe,inactive,True,21.65592858525826,173.23343141718217,333.13921095680087,1806.4535135918923
1785251341.2634294,SwitchRef2,inactive,True,31.881698774325457,212.05875148911616,474.0708164767904,4065.119703051787
1785251341.2634294,SwitchRef1,inactive,True,54.75738370676396,500.3878314678365,546.8782707081581,16219.666486554052
1785251341.7637942,LeftHybridRe,inactive,True,24.354048312941437,175.284855246602,375.2577228844639,1974.448939088823
1785251341.7637942,RightHybridRe,inactive,True,14.095343354134176,268.754514284954,362.16414686203535,1956.1825332274166
1785251341.7637942,DownHybridRe,inactive,True,21.386402415737265,229.14568406424902,414.5255876105086,1970.8192868554615
1785251341.7637942,UpHybridRe,inactive,True,18.671209801545675,215.3262606396775,322.88898979642823,2008.0663745885904
1785251341.7637942,CloseRe,inactive,True,17.065104053679143,271.19887938893356,404.60964894652176,1761.1602727166974
1785251341.7637942,OpenRe,inactive,True,25.373245709333702,185.3561409186699,416.7871613550496,1787.6504683994426
1785251341.7637942,CloserHybridRe,hovered,True,13.393606749699927,260.4212118303486,321.41951319801643,1798.6597023936993
1785251341.7637942,FartherHybridRe,inactive,True,23.62864951282455,171.5342984088834,333.78519585127617,1811.473057802672
1785251341.7637942,SwitchRef2,inactive,True,32.113107658511005,211.2566070201448,475.0396880203466,4073.231378919576
1785251341.7637942,SwitchRef1,inactive,True,54.74813031073135,498.6103854261063,546.6581331874225,16300.012077056119
1785251342.2634804,LeftHybridRe,inactive,True,23.584806859754494,173.43653437676036,376.63158561148884,1975.0466307151255
1785251342.2634804,RightHybridRe,inactive,True,13.417301671659326,266.88947119918146,363.40340138775923,1932.9330781405006
1785251342.2634804,DownHybridRe,inactive,True,20.733112344253016,227.33440035337213,415.5402350538427,1959.169472181602
1785251342.2634804,UpHybridRe,inactive,True,17.86176202763661,213.60625848745926,324.4579223112382,1995.9867351596295
1785251342.2634804,CloseRe,inactive,True,16.49596955184051,269.2971975714704,405.52817514500094,1741.1588415717779
1785251342.2634804,OpenRe,inactive,True,24.665372996938,183.4847332575036,417.9742499260482,1787.8363884991559
1785251342.2634804,CloserHybridRe,inactive,True,12.611312319724806,258.614176227957,322.9801925855843,1777.8657114519156
1785251342.2634804,FartherHybridRe,inactive,True,22.817457519825133,169.7248497088332,335.328648003321,1811.4752560185152
1785251342.2634804,SwitchRef2,inactive,True,31.263582965620916,209.896038862647,476.6453426998115,4054.614619550608
1785251342.2634804,SwitchRef1,inactive,True,54.94663011838391,497.04402152590575,547.502650869629,16219.19051096971
1785251342.763698,LeftHybridRe,inactive,True,23.921093530538954,173.8787559171795,376.7610018893137,1976.1276133216961
1785251342.763698,RightHybridRe,inactive,True,13.764170160411982,267.34607533814693,363.2950890371215,1941.4426789057034
1785251342.763698,DownHybridRe,inactive,True,21.092828197478383,227.97158990425595,415.59371915387857,1961.1257599493692
1785251342.763698,UpHybridRe,inactive,True,18.162010516330373,213.8052594357972,324.3901093710277,2003.925517947333
1785251342.763698,CloseRe,inactive,True,16.854869753190105,269.9312890612483,405.4934207200253,1746.1219445292372
1785251342.763698,OpenRe,inactive,True,25.01771752768492,184.13913441842223,418.1056303538033,1786.3770814115742
1785251342.763698,CloserHybridRe,hovered,True,12.908838500649734,258.88519466188075,322.78057693725987,1787.9153189778299
1785251342.763698,FartherHybridRe,inactive,True,23.126010667250295,169.9493067433836,335.40693234727576,1815.1683178195271
1785251342.763698,SwitchRef2,inactive,True,32.25976625998654,210.1427294194658,477.0948843818716,4073.2970405507876
1785251342.763698,SwitchRef1,inactive,True,54.931152345033674,497.29008220453795,547.7773285387059,16226.973056629562
1785251343.2635863,LeftHybridRe,inactive,True,23.806501199198134,173.5819332001877,376.42529999088674,1973.4705054326514
1785251343.2635863,RightHybridRe,inactive,True,13.735637830267683,267.08502195417583,363.4979288279186,1934.1940959935891
1785251343.2635863,DownHybridRe,inactive,True,21.096593314359843,227.4791016977399,415.4414460136439,1953.4720109409682
1785251343.2635863,UpHybridRe,inactive,True,17.96996438442552,213.76763029513688,324.3660402844267,2001.610789639435
1785251343.2635863,CloseRe,inactive,True,16.921384289522397,269.4421329803488,405.5848638709123,1737.4865756651634
1785251343.2635863,OpenRe,inactive,True,24.97025651708643,183.65220805124216,417.7281458540329,1781.6146014221194
1785251343.2635863,CloserHybridRe,active,True,12.735774224092657,258.8440824745639,323.02397361606415,1783.7163021343658
1785251343.2635863,FartherHybridRe,inactive,True,22.94283704881089,169.83815889329853,335.1132138536007,1814.906356735657
1785251343.2635863,SwitchRef2,inactive,True,32.36554447651845,209.7113102959106,476.6074431932735,4077.335794745348
1785251343.2635863,SwitchRef1,inactive,True,54.9205241007756,497.18664247741026,547.6393677311968,16227.927777035657
1785251343.763689,LeftHybridRe,inactive,True,23.867359172837585,173.84961041070517,376.479752764159,1968.4991869662044
1785251343.763689,RightHybridRe,inactive,True,13.605989134575522,267.13255011420733,363.42627437440296,1936.5627043142595
1785251343.763689,DownHybridRe,inactive,True,20.83990887506438,227.45762717034813,415.61456940270074,1963.7849811891283
1785251343.763689,UpHybridRe,inactive,True,18.275217358150837,214.07308688122868,324.3544651247978,1988.6809060915657
1785251343.763689,CloseRe,inactive,True,16.513990170140172,269.43192594332174,405.68762330269385,1748.9921532935405
1785251343.763689,OpenRe,inactive,True,24.840741078589865,183.68899907017402,417.92280419180463,1787.4212210263177
1785251343.763689,CloserHybridRe,active,True,13.018451923042765,258.9739778402934,322.9289391150212,1776.1026868273038
1785251343.763689,FartherHybridRe,inactive,True,23.201620648007072,170.33343679562765,335.16396789714355,1800.5280972099063
1785251343.763689,SwitchRef2,inactive,True,32.66008288910074,209.74940304266153,476.4229335515975,4060.963583109922
1785251343.763689,SwitchRef1,inactive,True,55.305600316589185,511.58190093404943,548.2242460884656,16314.40856922623
1785251344.2636216,LeftHybridRe,inactive,True,23.575747245708595,174.0028051432474,376.69027767895835,1969.791083063592
1785251344.2636216,RightHybridRe,inactive,True,13.157669750148639,267.1403438269003,362.82519976578254,1935.32809321487
1785251344.2636216,DownHybridRe,inactive,True,20.259884603689496,227.71836939209243,415.4808672112848,1973.7885757004842
1785251344.2636216,UpHybridRe,inactive,True,18.224732742183505,214.01705090933876,324.24120083253973,1978.6095140178804
1785251344.2636216,CloseRe,inactive,True,15.810368767429106,269.66228702371484,405.1578842181937,1756.4595746073028
1785251344.2636216,OpenRe,inactive,True,24.374993201473348,183.9327525678044,418.17113921723455,1797.0819905521457
1785251344.2636216,CloserHybridRe,hovered,True,12.967503184257279,258.7933568546325,322.4338310267585,1766.5594597339514
1785251344.2636216,FartherHybridRe,inactive,True,23.10168599658151,170.41158347110388,335.40577884239275,1793.2725997732632
1785251344.2636216,SwitchRef2,inactive,True,32.149898683250775,209.9744821537313,476.1277092074937,4048.4912603551275
1785251344.2636216,SwitchRef1,inactive,True,54.761941323689825,534.8021470965599,543.6557430599389,16585.960269025876
1785251344.7635088,LeftHybridRe,inactive,True,24.52015196436859,172.32903984271988,375.9164822066442,1962.1981803412164
1785251344.7635088,RightHybridRe,inactive,True,14.379482077501173,265.47701253780014,362.66736627726317,1937.5521035284837
1785251344.7635088,DownHybridRe,inactive,True,21.63114010769263,226.18989907405654,414.8205576841196,1951.7017335588243
1785251344.7635088,UpHybridRe,inactive,True,18.821222412198964,212.09414754843704,323.6960790350037,1995.0094165698065
1785251344.7635088,CloseRe,inactive,True,17.36032027718628,268.0412671368497,404.85405071504636,1742.0313727594475
1785251344.7635088,OpenRe,inactive,True,25.56722162016611,182.53621159723406,417.19799831677625,1773.7365205631795
1785251344.7635088,CloserHybridRe,hovered,True,13.592011496542423,257.04952730982166,322.1462960850789,1784.4439287156638
1785251344.7635088,FartherHybridRe,inactive,True,23.750873425481277,168.42095792183656,334.63634887453964,1802.9944200893333
1785251344.7635088,SwitchRef2,inactive,True,33.626864886010644,208.6055509981649,475.3619906204693,4022.149462241592
1785251344.7635088,SwitchRef1,inactive,True,54.672857380766246,545.3930200612142,540.4672350900996,16718.681105307303
1785251345.2636578,LeftHybridRe,inactive,True,23.572526418314883,170.6331476237566,375.4785552958584,1987.764722309581
1785251345.2636578,RightHybridRe,inactive,True,13.26045055284619,264.28843143421034,362.04141136804645,1941.336077811451
1785251345.2636578,DownHybridRe,inactive,True,20.473877130699872,224.59489683776383,414.46696109452716,1976.525002385446
1785251345.2636578,UpHybridRe,inactive,True,18.042848653781434,210.99679214548974,323.11716350940947,1998.8048157109697
1785251345.2636578,CloseRe,inactive,True,16.12153064096773,266.6834284443852,404.33024184129806,1755.0032592302814
1785251345.2636578,OpenRe,inactive,True,24.505125068887235,180.59495964691013,416.99698544931096,1805.5787419405315
1785251345.2636578,CloserHybridRe,active,True,12.780653834664935,256.0321378429247,321.56027248761995,1779.4716732475936
1785251345.2636578,FartherHybridRe,inactive,True,22.960845883665424,167.0373456830875,334.07814015552316,1816.9489734538001
1785251345.2636578,SwitchRef2,inactive,True,32.38205458050917,207.27021532386635,475.1825943744474,4061.9878456968654
1785251345.2636578,SwitchRef1,inactive,True,54.4210609237545,544.0843429355341,539.3998881980025,16757.68134450681
1785251345.7635992,LeftHybridRe,inactive,True,23.647637243020426,169.00485898452064,376.3641186481221,1985.5446071463593
1785251345.7635992,RightHybridRe,inactive,True,13.25675518875049,262.4516987657335,362.26243895907584,1938.047516573526
1785251345.7635992,DownHybridRe,inactive,True,20.330815283781362,223.03937819538356,415.0249725383595,1980.7563607795528
1785251345.7635992,UpHybridRe,inactive,True,18.312676940640056,209.11596225589773,323.76615567517865,1988.2939992563734
1785251345.7635992,CloseRe,inactive,True,15.886003840972313,265.0581814865151,404.5770436597629,1758.2373974166694
1785251345.7635992,OpenRe,inactive,True,24.43904615150654,179.06863459319482,417.8677845057614,1809.9929075986693
1785251345.7635992,CloserHybridRe,active,True,13.070547797456351,254.01715954342643,321.8863621438228,1770.421311296559
1785251345.7635992,FartherHybridRe,inactive,True,23.175583372791937,165.31026976434606,335.02310134716043,1808.7480602480537
1785251345.7635992,SwitchRef2,inactive,True,33.111512652327455,205.29203165946402,475.86566040156254,4075.883364925001
1785251345.7635992,SwitchRef1,inactive,True,54.2130387176758,549.4758937605915,537.236546234648,16731.47406879757
1785251346.2636786,LeftHybridRe,inactive,True,24.285896745125477,168.76733508988303,376.72073794039716,1980.754519198057
1785251346.2636786,RightHybridRe,inactive,True,14.039974208007376,262.22078644840076,363.08556899213545,1942.9674770100246
1785251346.2636786,DownHybridRe,inactive,True,21.211660665375035,222.80318324682656,415.5734826196627,1970.9218889702242
1785251346.2636786,UpHybridRe,inactive,True,18.74134732987232,208.78698751031658,324.26167544386647,1998.3903289179798
1785251346.2636786,CloseRe,inactive,True,16.862644348288388,264.79816621013,405.3826254291289,1753.9508125499196
1785251346.2636786,OpenRe,inactive,True,25.220790646108075,178.91624111046792,418.165554618961,1797.3517276713173
1785251346.2636786,CloserHybridRe,active,True,13.503644889974474,253.78884652309875,322.57463594132884,1783.0960915809992
1785251346.2636786,FartherHybridRe,inactive,True,23.64130629177332,164.9611492494086,335.34924525772675,1812.9783286015445
1785251346.2636786,SwitchRef2,inactive,True,32.08166062332225,205.39563410663348,476.4767013800785,4085.644848201635
1785251346.2636786,SwitchRef1,inactive,True,53.31793833151344,572.0347009557593,527.1611097413302,16677.258703272615
1785251346.764207,LeftHybridRe,inactive,True,23.925935129733205,168.2301092281089,376.82900864280793,1975.3038938438222
1785251346.764207,RightHybridRe,inactive,True,13.594499772098223,261.435902798912,362.7520809975966,1931.052228049506
1785251346.764207,DownHybridRe,inactive,True,20.65097771849527,222.17540549588242,415.3938175875699,1970.202863350547
1785251346.764207,UpHybridRe,inactive,True,18.570550583385796,208.1618393870872,324.3266785224834,1981.243826649672
1785251346.764207,CloseRe,inactive,True,16.227064024724804,264.08131783051545,404.98005692156005,1750.3162717516097
1785251346.764207,OpenRe,inactive,True,24.733048512380364,178.33100616882695,418.22186955076637,1799.273609979613
1785251346.764207,CloserHybridRe,active,True,13.346235013343062,252.9732480365578,322.4364720178088,1765.5134747915072
1785251346.764207,FartherHybridRe,inactive,True,23.423293060446028,164.47604650526063,335.57668483162473,1801.009934024616
1785251346.764207,SwitchRef2,inactive,True,31.172065613116906,205.0274812875991,476.284161751581,4058.254529021666
1785251346.764207,SwitchRef1,inactive,True,52.011504907843666,593.7406052379392,514.8524477324154,16759.488122417373
1785251347.264079,LeftHybridRe,inactive,True,24.125606170519788,167.18600790616236,376.2444197512099,1995.3194128154719
1785251347.264079,RightHybridRe,inactive,True,13.925806279409628,261.05332165504274,362.96590124250474,1947.9433135443105
1785251347.264079,DownHybridRe,inactive,True,21.16150190785651,221.32733134229568,415.31270536425836,1977.0430795634093
1785251347.264079,UpHybridRe,inactive,True,18.490369537338445,207.5812135522423,323.866473314976,2011.3604595931174
1785251347.264079,CloseRe,inactive,True,16.863576139952954,263.4684358445933,405.26439500758454,1755.908020927709
1785251347.264079,OpenRe,inactive,True,25.13085172986033,177.25321577374072,417.7687013968996,1807.493196097672
1785251347.264079,CloserHybridRe,active,True,13.249713814874845,252.75753642518558,322.38899600487434,1790.6902713774107
1785251347.264079,FartherHybridRe,inactive,True,23.414669455867635,163.48725103720218,334.776047898451,1828.9934917408318
1785251347.264079,SwitchRef2,inactive,True,31.282635024491125,204.22732080424115,476.47675980996235,4069.174280436644
1785251347.264079,SwitchRef1,inactive,True,49.81730626270632,623.5501635012329,493.1872645638342,16546.16392161428
1785251347.7636726,LeftHybridRe,inactive,True,13.75375226545405,164.64431104685508,376.5673897165908,2420.052793516941
1785251347.7636726,RightHybridRe,inactive,True,24.10531791127779,258.19029996980845,362.7819970940103,1602.709083365211
1785251347.7636726,DownHybridRe,inactive,True,18.820016146687124,221.55476163340714,415.47396146286894,2052.753990103156
1785251347.7636726,UpHybridRe,inactive,True,20.73406140121275,207.96747916350657,324.3043014977852,1906.9261588917143
1785251347.7636726,CloseRe,inactive,True,23.487798353273057,261.2339045901658,403.1058660553039,1526.3349220936943
1785251347.7636726,OpenRe,inactive,True,13.754877008946233,174.90946862674517,421.15707328617464,2265.993626268344
1785251347.7636726,CloserHybridRe,active,True,24.93461363482144,250.1264257436563,325.12067222618197,1426.923913675062
1785251347.7636726,FartherHybridRe,inactive,True,16.065841494263193,161.6782119202485,333.09068792112635,2103.394681830385
1785251347.7636726,SwitchRef2,inactive,True,30.722384233546475,203.9113025325736,476.49339665702894,4076.501259123739
1785251347.7636726,SwitchRef1,inactive,True,47.39971778576179,646.9145749616343,470.8913896486333,16192.81177891756
1785251348.2636611,LeftHybridRe,inactive,True,24.391393779295697,166.1871300992686,376.13166799796915,1978.887494518327
1785251348.2636611,RightHybridRe,inactive,True,14.19612104336911,259.60716526771205,362.65020913665234,1936.018813933304
1785251348.2636611,DownHybridRe,inactive,True,21.3412026676346,220.17514528533107,414.96450014677714,1964.567514734088
1785251348.2636611,UpHybridRe,inactive,True,18.850095493095893,206.26110029475797,323.8162951126596,1994.927583664714
1785251348.2636611,CloseRe,inactive,True,17.010141227634783,262.1309689427518,404.84806398599324,1746.6636428208585
1785251348.2636611,OpenRe,inactive,True,25.330798670390816,176.30020126201228,417.50898198500215,1794.2601580369628
1785251348.2636611,CloserHybridRe,active,True,13.634960440677865,251.2339701380551,322.2083053576249,1778.0884184485913
1785251348.2636611,FartherHybridRe,inactive,True,23.733961007329306,162.41352632959072,334.81724836868176,1812.5843266285083
1785251348.2636611,SwitchRef2,inactive,True,32.44916844558533,203.67103155269785,475.96362846225145,3989.7870663834983
1785251348.2636611,SwitchRef1,inactive,True,43.63602504506957,667.7803179031418,440.66934561413507,15595.565037759792
1785251348.7636218,LeftHybridRe,inactive,True,24.420213049916658,166.25224914879342,376.72204035178447,1977.954054023241
1785251348.7636218,RightHybridRe,inactive,True,14.064022410525261,259.49407214278085,362.7157524909773,1939.7856161496456
1785251348.7636218,DownHybridRe,inactive,True,21.035642297595615,220.12682971616437,415.4722704931913,1978.6237984962281
1785251348.7636218,UpHybridRe,inactive,True,19.15018942289665,206.2542333523828,324.15364626037115,1983.7075629294814
1785251348.7636218,CloseRe,inactive,True,16.55745413655013,262.0967169902592,405.0956289107114,1760.461769331072
1785251348.7636218,OpenRe,inactive,True,25.153954847980803,176.26487354203215,418.2329043135461,1804.6225731276936
1785251348.7636218,CloserHybridRe,active,True,13.936492241349944,251.07230994174856,322.2814839704618,1770.969536551529
1785251348.7636218,FartherHybridRe,inactive,True,23.974183037493553,162.58580325203798,335.39652037202575,1801.0372074281804
1785251348.7636218,SwitchRef2,inactive,True,32.20062830502978,203.34622905908049,476.1607175175808,4031.5105239039185
1785251348.7636218,SwitchRef1,inactive,True,40.35115603788224,680.091726963303,412.245447371488,14776.244296923134
1785251349.263653,LeftHybridRe,inactive,True,24.545774152465412,166.01098779161546,376.5071434448978,1981.6205203757927
1785251349.263653,RightHybridRe,inactive,True,14.37983432561366,259.49750283148745,362.9363652759553,1940.2239785668644
1785251349.263653,DownHybridRe,inactive,True,21.549558566288443,220.1392542090709,415.30155587952396,1965.373375873387
1785251349.263653,UpHybridRe,inactive,True,18.95546855471949,205.99464634017664,324.1024872427222,2001.0607967104552
1785251349.263653,CloseRe,inactive,True,17.238525507588808,262.1052715245583,405.1525419991243,1748.1892641865052
1785251349.263653,OpenRe,inactive,True,25.518270408029384,176.24538015935752,417.88023430829946,1794.500853290061
1785251349.263653,CloserHybridRe,hovered,True,13.741211497387788,251.03257979900738,322.4500492173508,1784.1149771010896
1785251349.263653,FartherHybridRe,inactive,True,23.849100479934464,162.1165523407066,335.1595413684653,1817.3814609256478
1785251349.263653,SwitchRef2,inactive,True,32.48159955130716,203.01347467364153,476.21201344167457,4035.825614232701
1785251349.263653,SwitchRef1,inactive,True,39.36213241022463,686.5465355550333,381.72071556022706,13431.22504075167
1785251349.7636256,LeftHybridRe,inactive,True,24.733764402535684,169.37097393974759,376.2748824882609,1981.7078363960245
1785251349.7636256,RightHybridRe,inactive,True,14.51514870316167,262.9247854117899,362.99704422571097,1954.5503092970175
1785251349.7636256,DownHybridRe,inactive,True,21.72152329119244,223.3738745500305,415.422528756488,1973.6473557392455
1785251349.7636256,UpHybridRe,inactive,True,19.117210116293105,209.43378321527106,323.8370727772143,2008.7329087916369
1785251349.7636256,CloseRe,inactive,True,17.38616596369658,265.43530309023265,405.41633426673116,1760.827717107597
1785251349.7636256,OpenRe,inactive,True,25.708886142743253,179.49848260581732,417.800781195071,1795.2733317774837
1785251349.7636256,CloserHybridRe,inactive,True,13.873828674845047,254.5359994854424,322.29784053059103,1796.6511179190347
1785251349.7636256,FartherHybridRe,inactive,True,24.034154235330746,165.57644046434234,334.8044430547853,1817.1943597097234
1785251349.7636256,SwitchRef2,inactive,True,32.353769668479266,205.3999507083565,476.24362483720904,4109.853186295368
1785251349.7636256,SwitchRef1,inactive,True,40.089491580598406,691.0061016829616,376.35256597442213,12989.816701894291
1785251350.2634513,LeftHybridRe,inactive,True,24.560916464421148,169.31910960092503,376.12453386322375,1980.8110056419137
1785251350.2634513,RightHybridRe,inactive,True,14.300705134492139,262.80095426013145,362.628854245097,1951.0016192801631
1785251350.2634513,DownHybridRe,inactive,True,21.47352324238632,223.32490982615104,415.1451851100564,1974.2696067592624
1785251350.2634513,UpHybridRe,inactive,True,19.01018229892804,209.33447161318105,323.6356202703405,2003.5211263227939
1785251350.2634513,CloseRe,inactive,True,17.108794641058516,265.3581663546144,405.03048394168127,1760.1961004777477
1785251350.2634513,OpenRe,inactive,True,25.490349877991513,179.4551931737665,417.6354896791168,1796.811182008405
1785251350.2634513,CloserHybridRe,inactive,True,13.764853263989917,254.3786191667222,321.9971789678374,1790.9656134697652
1785251350.2634513,FartherHybridRe,inactive,True,23.914320721434503,165.51988595010664,334.68900485516355,1813.9157298893879
1785251350.2634513,SwitchRef2,inactive,True,33.12511655935177,205.6218680196656,475.60713633234764,4038.19402294288
1785251350.2634513,SwitchRef1,inactive,True,40.03936625796227,690.9288117453632,375.77550786847274,12929.21793925132
1785251350.7643018,LeftHybridRe,inactive,True,24.2524387780862,167.86068819779382,375.66184429406945,1980.1232364784955
1785251350.7643018,RightHybridRe,inactive,True,13.919794744496956,261.237263245338,361.905136933094,1942.1790678663092
1785251350.7643018,DownHybridRe,inactive,True,20.99230363594046,221.78957985973665,414.51785865310603,1976.0152676790603
1785251350.7643018,UpHybridRe,inactive,True,18.86442351229018,207.92780685400166,323.16638902674833,1991.5291006206753
1785251350.7643018,CloseRe,inactive,True,16.563400220653268,263.79023522857256,404.25990086221714,1758.3081631804453
1785251350.7643018,OpenRe,inactive,True,25.07165723493307,177.90529745075884,417.1617921940643,1801.847699079266
1785251350.7643018,CloserHybridRe,inactive,True,13.630242884010993,252.84579131978225,321.41961779677024,1777.3185027223371
1785251350.7643018,FartherHybridRe,inactive,True,23.72784517820373,164.16376662081262,334.30090807759194,1807.4473900034354
1785251350.7643018,SwitchRef2,inactive,True,32.4109123739175,204.4822013970367,475.2573652883148,4067.8241460829013
1785251350.7643018,SwitchRef1,inactive,True,39.83155889943085,689.5759183372683,374.7766728975847,12957.208374155656
1785251351.2634876,LeftHybridRe,inactive,True,24.640587194714417,168.41318991519475,373.0391886390425,1974.7384735861415
1785251351.2634876,RightHybridRe,inactive,True,14.420525617495755,261.8337799890349,359.9771244287819,1945.399163834416
1785251351.2634876,DownHybridRe,inactive,True,21.597455956361443,222.27962568310255,412.1843474886396,1963.907815577746
1785251351.2634876,UpHybridRe,inactive,True,19.063173421278176,208.49708611193168,320.8000703378642,2001.9946883234952
1785251351.2634876,CloseRe,inactive,True,17.25488204163799,264.2657666978081,402.28530014089233,1751.601456362907
1785251351.2634876,OpenRe,inactive,True,25.59257876068042,178.48133043519914,414.47526746463166,1787.082295415039
1785251351.2634876,CloserHybridRe,inactive,True,13.828602947751683,253.53267092449565,319.3611101837981,1789.2902635423525
1785251351.2634876,FartherHybridRe,inactive,True,23.965983245802438,164.66908835523347,331.65241904160064,1812.453444662362
1785251351.2634876,SwitchRef2,hovered,True,32.34404040163336,204.66215387752052,473.08549994199393,4037.750153559078
1785251351.2634876,SwitchRef1,inactive,True,39.85482035523694,690.2249426349144,374.9476468843564,12940.07813925462
1785251351.7637317,LeftHybridRe,inactive,True,23.430169539171896,167.96237412888658,373.2555904289551,1984.7814969137144
1785251351.7637317,RightHybridRe,inactive,True,13.023786392637225,261.46231729914064,359.64482996256527,1932.2514072099439
1785251351.7637317,DownHybridRe,inactive,True,20.07457881986482,221.7862190642006,412.1300682444276,1977.2811855561595
1785251351.7637317,UpHybridRe,inactive,True,18.139798875502535,208.37803917939723,320.9353653126954,1984.870670843
1785251351.7637317,CloseRe,inactive,True,15.619873877465485,263.83054402093114,401.89771453883213,1753.2868344855087
1785251351.7637317,OpenRe,inactive,True,24.19645059161864,177.80092151144174,414.7631451148505,1808.8257667731195
1785251351.7637317,CloserHybridRe,inactive,True,12.904521028014777,253.263070966258,319.3021734215576,1765.0536282667963
1785251351.7637317,FartherHybridRe,inactive,True,22.99111760071044,164.4964276141333,331.9422036449569,1808.2074081149767
1785251351.7637317,SwitchRef2,active,True,31.604673083155593,203.85597980243924,473.47823475852863,4110.087531098667
1785251351.7637317,SwitchRef1,inactive,True,39.72141052023063,689.6744047098746,374.61995699665914,12945.155322400038
1785251352.2636263,LeftHybridRe,inactive,True,24.318269244847656,166.22358844567552,375.2475154682272,1992.720506032132
1785251352.2636263,RightHybridRe,inactive,True,13.967656608701699,259.9569865789942,362.0161781523966,1951.8942354588362
1785251352.2636263,DownHybridRe,inactive,True,21.03991421257033,220.04379089409738,414.54037313562026,1988.5306266613989
1785251352.2636263,UpHybridRe,inactive,True,18.93577386679126,206.7814868179931,322.8604352348835,2000.9857636926426
1785251352.2636263,CloseRe,inactive,True,16.59864989279669,262.2344164741025,404.50096684866554,1768.3655083071571
1785251352.2636263,OpenRe,inactive,True,25.12895659353514,175.99631617108372,416.9373242918839,1814.8712277904451
1785251352.2636263,CloserHybridRe,inactive,True,13.695441010995774,251.81715648525687,321.38553872268386,1785.1066466087286
1785251352.2636263,FartherHybridRe,inactive,True,23.801565303389065,162.81866930336818,333.753570800902,1817.4519378240911
1785251352.2636263,SwitchRef2,hovered,True,33.488946617936186,202.7396193779256,474.79766282642004,4022.486146670708
1785251352.2636263,SwitchRef1,inactive,True,39.52093296900887,687.809079360442,375.8857465195445,12963.179979799184
1785251352.7636263,LeftHybridRe,inactive,True,25.157337377791155,166.97325276906278,374.9587946545697,1969.698338766255
1785251352.7636263,RightHybridRe,inactive,True,14.977789589709223,260.2656791733304,362.05072457715517,1946.3694806776984
1785251352.7636263,DownHybridRe,inactive,True,22.109558098792796,220.69272019603932,414.2161154657249,1962.8531672636454
1785251352.7636263,UpHybridRe,hovered,True,19.594795798030596,207.03255339392024,322.7790789031481,1998.4756220229356
1785251352.7636263,CloseRe,inactive,True,17.762839881862863,262.657856403692,404.4025882166154,1753.0970056133956
1785251352.7636263,OpenRe,inactive,True,26.095417017187096,176.95996553941765,416.4137485383343,1784.1742475896572
1785251352.7636263,CloserHybridRe,inactive,True,14.381419862090357,252.00783409642912,321.38984283346525,1789.3813902066613
1785251352.7636263,FartherHybridRe,inactive,True,24.47650610311926,163.29406601371326,333.57840595685985,1806.7362708887922
1785251352.7636263,SwitchRef2,inactive,True,33.18385696840713,203.34230075542862,474.7553477976317,4039.9740795593025
1785251352.7636263,SwitchRef1,inactive,True,39.39963015181545,688.4383741624413,375.3223312420059,12956.42627121853
1785251353.2635984,LeftHybridRe,inactive,True,25.538351700521783,167.67666407978737,375.3006666784833,1959.7316514936683
1785251353.2635984,RightHybridRe,inactive,True,15.286690237066482,260.60123276287067,361.80185510223026,1948.8143529233712
1785251353.2635984,DownHybridRe,inactive,True,22.315040379730682,221.4009576806437,414.3223992184514,1963.9437728899866
1785251353.2635984,UpHybridRe,hovered,True,20.11455343094014,207.2812149295127,322.8497746984802,1989.9590229035894
1785251353.2635984,CloseRe,inactive,True,17.886649371236814,263.2517592143072,404.2604611552289,1758.9445579489256
1785251353.2635984,OpenRe,inactive,True,26.364598950787286,177.82412528680976,416.74420315210705,1779.440310717444
1785251353.2635984,CloserHybridRe,inactive,True,14.902199821073477,252.11200325565918,321.1343733642241,1787.2613076052949
1785251353.2635984,FartherHybridRe,inactive,True,24.96060856813697,163.8167055364228,333.9535579549433,1793.8812009078392
1785251353.2635984,SwitchRef2,inactive,True,33.34710105477582,203.78458623641777,474.8121759644146,4047.3906074758415
1785251353.2635984,SwitchRef1,inactive,True,39.6922104421659,688.8902874604962,374.95497923229806,12963.373793625273
1785251353.7635214,LeftHybridRe,inactive,True,24.780212353026325,167.64128956036402,374.96768190635623,1972.7772289627646
1785251353.7635214,RightHybridRe,inactive,True,14.514850061405753,260.94852435435337,361.82668511501475,1945.1154013747655
1785251353.7635214,DownHybridRe,inactive,True,21.609075698768724,221.3394982965235,414.15631383813104,1969.5707931018624
1785251353.7635214,UpHybridRe,inactive,True,19.31464146056471,207.7811914119615,322.7048543004717,1993.7094474990517
1785251353.7635214,CloseRe,inactive,True,17.21145452762752,263.33416614802417,404.21081325682775,1756.9458549254123
1785251353.7635214,OpenRe,inactive,True,25.648496995368678,177.55560830239932,416.47529315826273,1791.7744679152456
1785251353.7635214,CloserHybridRe,hovered,True,14.087986225814433,252.70868450637894,321.21973909443386,1783.466869235388
1785251353.7635214,FartherHybridRe,inactive,True,24.185632958950556,164.0492734195448,333.5892370007286,1804.5648144736733
1785251353.7635214,SwitchRef2,inactive,True,31.410973118,203.87868921879212,475.0388483010153,4083.9514622087227
1785251353.7635214,SwitchRef1,inactive,True,39.78388310821453,689.1690590483412,375.45238793915706,12986.290397068733
1785251354.2641616,LeftHybridRe,inactive,True,24.90707898950257,166.89461521270437,375.2015494629427,1971.9489811963867
1785251354.2641616,RightHybridRe,inactive,True,14.75062904110687,260.20223724335636,361.8890824000222,1941.8086561674427
1785251354.2641616,DownHybridRe,inactive,True,21.91052849190458,220.86228353782172,414.13959760509636,1959.4724436272882
1785251354.2641616,UpHybridRe,inactive,True,19.310018843856124,206.76921620628036,322.89694433436273,1999.3763518852938
1785251354.2641616,CloseRe,inactive,True,17.592072325153186,262.7764933989332,404.1374349983271,1747.5159258456988
1785251354.2641616,OpenRe,inactive,True,25.877290591720502,177.10157636504405,416.5562190297603,1784.017148353505
1785251354.2641616,CloserHybridRe,inactive,True,14.098598029070564,251.76829133378504,321.3315385838845,1787.0223006029337
1785251354.2641616,FartherHybridRe,inactive,True,24.20067798383084,163.00311829200632,333.86582520965084,1810.6213729200863
1785251354.2641616,SwitchRef2,inactive,True,31.662778557369915,203.77087417116502,475.12932821668085,4040.7620693847057
1785251354.2641616,SwitchRef1,inactive,True,39.382043477857955,687.4238857223381,375.0572199635934,12942.422886106375
1785251354.7637463,LeftHybridRe,inactive,True,24.270876545890605,166.67685336331337,375.1145095101919,1976.6816873949683
1785251354.7637463,RightHybridRe,inactive,True,13.881913366179992,259.95674895165837,361.58210422873736,1938.453403587584
1785251354.7637463,DownHybridRe,inactive,True,20.833240839191404,220.2844075896819,414.1515348217471,1979.6052879645576
1785251354.7637463,UpHybridRe,inactive,True,19.04459915744571,206.98659744256054,322.76994937405715,1980.412209251197
1785251354.7637463,CloseRe,inactive,True,16.333594620772036,262.3089734024183,403.98138610961837,1761.0838991536148
1785251354.7637463,OpenRe,inactive,True,24.974163914155913,176.41586459152992,416.68952043181514,1805.2522193122313
1785251354.7637463,CloserHybridRe,inactive,True,13.82991555472298,251.77966075733246,321.1260784038345,1767.9385215490765
1785251354.7637463,FartherHybridRe,inactive,True,23.86196898851789,163.2841536643381,333.7833894199118,1798.0642581156826
1785251354.7637463,SwitchRef2,inactive,True,32.08456897861367,203.51733965833003,475.10798844366684,4062.2332038154345
1785251354.7637463,SwitchRef1,inactive,True,39.527969443288065,687.692648026132,375.15808025329846,12983.525716223536
1785251355.263671,LeftHybridRe,inactive,True,24.906210106306748,165.688161462775,375.0924327298626,1987.0295342885547
1785251355.263671,RightHybridRe,inactive,True,14.53044309505042,259.1881232806228,361.35240311299333,1958.5257161618647
1785251355.263671,DownHybridRe,inactive,True,21.51452050779317,219.62777813077665,414.19263734244925,1990.0365811376178
1785251355.263671,UpHybridRe,hovered,True,19.610452645855954,205.80743414185122,322.4179689175978,2000.2730919131645
1785251355.263671,CloseRe,inactive,True,17.016158747474517,261.7378336540637,403.9504007806796,1774.9686668683062
1785251355.263671,OpenRe,inactive,True,25.640720806451217,175.6938468236945,416.7737003890043,1810.7953914716527
1785251355.263671,CloserHybridRe,inactive,True,14.379961738098025,250.79106688281797,320.65973032710644,1789.8434463057201
1785251355.263671,FartherHybridRe,inactive,True,24.446617004983903,162.03392004095502,333.59003507134634,1811.7540937190752
1785251355.263671,SwitchRef2,inactive,True,32.250764824726375,202.64637332423348,475.2199288091874,4063.7330780718257
1785251355.263671,SwitchRef1,inactive,True,39.21771260324259,686.8607441786011,374.9328425803617,12955.029719245053
1785251355.7636023,LeftHybridRe,inactive,True,25.481999080923867,166.17421412188432,374.98210302022744,1982.3262569838844
1785251355.7636023,RightHybridRe,inactive,True,15.343772289819322,259.7552984433494,361.7365404427898,1961.2548657776133
1785251355.7636023,DownHybridRe,inactive,True,22.533821138266124,220.3727301066313,414.1287750945701,1969.7022509635644
1785251355.7636023,UpHybridRe,active,True,19.82035787782327,206.0149383923754,322.47740450386647,2019.0868869764636
1785251355.7636023,CloseRe,inactive,True,18.21978997554828,262.406799333378,404.1754500339439,1760.789215498895
1785251355.7636023,OpenRe,inactive,True,26.484522325946365,176.52939253599467,416.46469698545786,1789.7112915224207
1785251355.7636023,CloserHybridRe,inactive,True,14.602402041505572,251.21427445916044,320.93194309145224,1808.5445533905659
1785251355.7636023,FartherHybridRe,inactive,True,24.726319992976865,162.13914269399874,333.4724533764689,1824.2737942228887
1785251355.7636023,SwitchRef2,inactive,True,32.53109512021297,202.90652127411747,474.94566195714606,4058.9315559847746
1785251355.7636023,SwitchRef1,inactive,True,39.38004885333637,687.3955572967124,375.093592441473,12995.243187854925
1785251356.2636566,LeftHybridRe,inactive,True,25.655741560384683,166.39809934327516,375.08873999281855,1966.991022864935
1785251356.2636566,RightHybridRe,inactive,True,15.670330245721694,259.6781156602457,361.8391479682324,1946.7783230444838
1785251356.2636566,DownHybridRe,inactive,True,22.89693675195628,220.64281142673664,413.9365646462563,1946.6504775179928
1785251356.2636566,UpHybridRe,active,True,19.87379428662641,205.86408970073472,322.75728236888654,2012.4132723082148
1785251356.2636566,CloseRe,inactive,True,18.67637498814476,262.47351486205406,404.0205150999542,1740.9278073200476
1785251356.2636566,OpenRe,inactive,True,26.76107911717118,176.97970803145614,416.2927844913643,1768.5903016949233
1785251356.2636566,CloserHybridRe,inactive,True,14.699045688115337,250.99962204049615,321.18780102450165,1802.218148331216
1785251356.2636566,FartherHybridRe,inactive,True,24.7823642869389,162.10271559336,333.75141303852274,1817.4633231468688
1785251356.2636566,SwitchRef2,inactive,True,31.28733626245526,203.16520649981277,475.34861311756504,4059.6547707222417
1785251356.2636566,SwitchRef1,inactive,True,39.54276257547752,687.587717907834,375.1518912938395,13002.696037953428
1785251356.7636697,LeftHybridRe,inactive,True,25.6407595726988,166.05468468287995,375.04307530227265,1973.109024339512
1785251356.7636697,RightHybridRe,inactive,True,15.478739185295412,259.415879468815,362.0576980431914,1956.89755772247
1785251356.7636697,DownHybridRe,inactive,True,22.607821132778987,219.92789173796635,414.3467592110373,1967.0060024570848
1785251356.7636697,UpHybridRe,active,True,20.056707263519392,205.97211195694342,322.706111671876,2008.089057947156
1785251356.7636697,CloseRe,inactive,True,18.25824459764106,261.92196127600675,404.51696308245596,1760.0622316599693
1785251356.7636697,OpenRe,inactive,True,26.585608973501277,176.1872200809096,416.5455377203708,1785.1675168292131
1785251356.7636697,CloserHybridRe,inactive,True,14.845806760915654,251.03317208640058,321.2636887444547,1801.1383669949355
1785251356.7636697,FartherHybridRe,inactive,True,24.938071443282418,162.22613822137149,333.58059000334157,1812.3314338618766
1785251356.7636697,SwitchRef2,inactive,True,31.094396424840642,202.80137788066472,475.6026950639847,4088.793038314958
1785251356.7636697,SwitchRef1,inactive,True,39.38784674424636,687.3295791393061,374.91066852241033,12969.612040150008
1785251357.2634711,LeftHybridRe,inactive,True,25.77042570215288,166.16742825308316,375.1262441835869,1970.182673149735
1785251357.2634711,RightHybridRe,inactive,True,15.617199937157336,259.45711171146104,362.12910913591213,1956.9931541762853
1785251357.2634711,DownHybridRe,inactive,True,22.74057401166305,220.02726076638186,414.4180939609917,1965.092762873639
1785251357.2634711,UpHybridRe,active,True,20.184894374125893,206.00252858927843,322.78465710137385,2007.2100023929634
1785251357.2634711,CloseRe,inactive,True,18.39124009801436,261.9936650992297,404.5921518380996,1759.6008064839698
1785251357.2634711,OpenRe,inactive,True,26.715241961977647,176.32862053158118,416.61192026543074,1782.1416897129238
1785251357.2634711,CloserHybridRe,inactive,True,14.977450062786675,251.04558734960105,321.3256573296346,1801.6155619630154
1785251357.2634711,FartherHybridRe,inactive,True,25.063373072786536,162.30260579018338,333.67365930647173,1810.1560073515575
1785251357.2634711,SwitchRef2,inactive,True,31.8416664468709,202.81308082600256,475.2655671793368,4074.7261560990737
1785251357.2634711,SwitchRef1,inactive,True,40.422493291697975,692.192609266503,371.0881360665529,13116.716442788646
1785251357.7636392,LeftHybridRe,inactive,True,25.111763975080628,165.66058532940346,375.31396793898085,1985.2642639692567
1785251357.7636392,RightHybridRe,inactive,True,15.021661897748864,259.3545517741524,362.25591280564834,1953.2570025991372
1785251357.7636392,DownHybridRe,inactive,True,22.247025000503733,219.83085323976917,414.4539773463078,1966.139850293097
1785251357.7636392,UpHybridRe,active,True,19.398348690029085,205.7223747299118,322.97697864762233,2017.3259110408035
1785251357.7636392,CloseRe,inactive,True,17.980647187455208,261.88198306957736,404.5674495152138,1753.1885779813747
1785251357.7636392,OpenRe,inactive,True,26.164344216379053,175.91969209389362,416.7510241384462,1791.3851444695429
1785251357.7636392,CloserHybridRe,inactive,True,14.189764840742649,250.93517265228192,321.55143023805795,1802.2793324020604
1785251357.7636392,FartherHybridRe,inactive,True,24.314287972687126,161.73287134097652,333.8472535087549,1827.5103275334586
1785251357.7636392,SwitchRef2,inactive,True,32.44092756809849,202.21682261014337,475.61276545444525,4104.378087522004
1785251357.7636392,SwitchRef1,inactive,True,40.486091658195924,701.2719924532552,358.53675312230206,11282.842408730881
1785251358.2640228,LeftHybridRe,inactive,True,25.64334755115586,164.56523567855353,375.15047214513083,1983.4710801530382
1785251358.2640228,RightHybridRe,hovered,True,15.611202566834002,258.2124643665521,361.9314109451452,1958.3016662643204
1785251358.2640228,DownHybridRe,inactive,True,22.83390318381705,218.9374455030136,414.18252849886807,1962.3297648152802
1785251358.2640228,UpHybridRe,hovered,True,19.888298920834583,204.31744888577788,322.688437815862,2024.1687460713729
1785251358.2640228,CloseRe,inactive,True,18.585952036328546,260.9379026565991,404.2550269984069,1753.118691172327
1785251358.2640228,OpenRe,inactive,True,26.722696549287672,175.08039965495323,416.52776288790665,1785.2849007589502
1785251358.2640228,CloserHybridRe,inactive,True,14.697813601235275,249.5889506375819,321.1624803622572,1811.1844824154978
1785251358.2640228,FartherHybridRe,inactive,True,24.799587190685738,160.36687172541758,333.6699375264183,1830.7172466105258
1785251358.2640228,SwitchRef2,inactive,True,33.18872783525911,201.55107851879893,475.35905158287926,4040.7382623939047
1785251358.2640228,SwitchRef1,inactive,True,40.486091658195924,701.2719924532552,358.53675312230206,11282.842408730881
1785251358.7636724,LeftHybridRe,inactive,True,25.56487353230945,165.03203486854184,375.2457989957659,1983.08407112836
1785251358.7636724,RightHybridRe,hovered,True,15.328761134300533,258.5426331248358,361.91396451608847,1963.6811947604874
1785251358.7636724,DownHybridRe,inactive,True,22.413202591753603,219.04871208227416,414.4935313403305,1979.5845141345126
1785251358.7636724,UpHybridRe,inactive,True,20.068578730371026,204.99268975823674,322.6787269243756,2011.8673098410763
1785251358.7636724,CloseRe,inactive,True,18.009652120711593,261.12162230518595,404.48447893046034,1770.0064535361962
1785251358.7636724,OpenRe,inactive,True,26.440537050873683,175.19560460979034,416.8539938594491,1797.980784371197
1785251358.7636724,CloserHybridRe,inactive,True,14.845703581466305,250.09070773471188,321.0872550132422,1803.647832485105
1785251358.7636724,FartherHybridRe,inactive,True,24.93759253022267,161.19438583067756,333.71056360792437,1817.6707984841996
1785251358.7636724,SwitchRef2,inactive,True,33.14476915623982,201.94774562091013,475.2509168847499,4040.7048233357855
1785251358.7636724,SwitchRef1,inactive,True,40.486091658195924,701.2719924532552,358.53675312230206,11282.842408730881
1785251359.2637498,LeftHybridRe,inactive,True,24.245082424484895,165.29291752854445,375.02577509779405,1988.94481736717
1785251359.2637498,RightHybridRe,inactive,True,13.87360324824788,258.8243678189194,361.1430793056552,1944.764525192557
1785251359.2637498,DownHybridRe,inactive,True,20.876038964019877,219.29802477341332,413.880651409684,1984.51671741256
1785251359.2637498,UpHybridRe,inactive,True,18.954678193334207,205.49870332357187,322.44426328631215,1993.5057727895473
1785251359.2637498,CloseRe,inactive,True,16.403062945846283,261.36831593457407,403.54647996491815,1763.6250779038091
1785251359.2637498,OpenRe,inactive,True,24.994104054838488,175.30320504496686,416.59842203352116,1812.5763708058948
1785251359.2637498,CloserHybridRe,inactive,True,13.730175297798496,250.4455009333946,320.6577677717355,1777.0621368925858
1785251359.2637498,FartherHybridRe,hovered,True,23.791585840320433,161.6503866175327,333.6241526155946,1812.7393968071883
1785251359.2637498,SwitchRef2,inactive,True,31.72230201724891,202.43428538453182,474.82352894972246,4046.7666433447157
1785251359.7635624,LeftHybridRe,inactive,True,25.015202773355792,165.82244319512887,375.2903993805577,1982.4287082364935
1785251359.7635624,RightHybridRe,inactive,True,14.720976643340084,259.2087370036503,361.25685831961044,1954.3846084127144
1785251359.7635624,DownHybridRe,inactive,True,21.776681178747534,220.0253262608038,414.0692020148922,1978.1146083960775
1785251359.7635624,UpHybridRe,inactive,True,19.597830537373135,205.54666546023506,322.53303519208856,2003.3682291102887
1785251359.7635624,CloseRe,inactive,True,17.34461107664534,262.0101656447866,403.7206956449443,1764.9943427506223
1785251359.7635624,OpenRe,inactive,True,25.84129844602056,176.16974139382117,416.7947886162309,1799.878514906206
1785251359.7635624,CloserHybridRe,inactive,True,14.370359504173232,250.56101004565977,320.62569821015023,1792.188939216212
1785251359.7635624,FartherHybridRe,active,True,24.45675027123688,161.81320204238372,333.8514817179779,1814.0943418974348
1785251359.7635624,SwitchRef2,inactive,True,31.38588422977461,202.80951474897222,474.91819033148676,4052.1184765337966
1785251360.2636075,LeftHybridRe,inactive,True,24.611854896399667,165.9674105415048,375.32989721404755,1984.4785870301057
1785251360.2636075,RightHybridRe,inactive,True,14.20709279339871,259.37746589597765,361.47301363367234,1951.1661852906254
1785251360.2636075,DownHybridRe,inactive,True,21.148929086101763,219.8251535104181,414.3243836118302,1988.9755209221694
1785251360.2636075,UpHybridRe,inactive,True,19.388230234842283,206.12217552680275,322.6955694351269,1991.4142194053456
1785251360.2636075,CloseRe,inactive,True,16.628238237096756,261.90475824918235,404.01330952419437,1771.7552139976106
1785251360.2636075,OpenRe,inactive,True,25.301412795085394,175.89872946546058,416.98294174825594,1811.7509996783738
1785251360.2636075,CloserHybridRe,inactive,True,14.16609644087642,251.017782194797,320.89088552992007,1780.0262289787424
1785251360.2636075,FartherHybridRe,active,True,24.207050154940735,162.3909385744716,333.8931078106741,1806.0194960712506
1785251360.2636075,SwitchRef2,inactive,True,32.52512123820912,202.7491943133792,474.9737748416851,4051.0511145359487
1785251360.7641785,LeftHybridRe,inactive,True,24.77335953320682,165.87762595389074,375.0641199329593,1982.254328473682
1785251360.7641785,RightHybridRe,inactive,True,14.504624949983489,259.3885680622325,361.8696668801698,1949.135599788373
1785251360.7641785,DownHybridRe,inactive,True,21.593143382982337,219.7039190550519,414.2710000588462,1976.2867863280262
1785251360.7641785,UpHybridRe,inactive,True,19.316192145905926,206.13846831001013,322.72543331917404,1999.885250740048
1785251360.7641785,CloseRe,inactive,True,17.192025897941605,261.7734528902159,404.2874826828017,1760.9811343276087
1785251360.7641785,OpenRe,inactive,True,25.635754698134825,175.80559110993653,416.6291647415527,1800.5889386036433
1785251360.7641785,CloserHybridRe,inactive,True,14.090192506553295,251.14330475035942,321.2356524569208,1787.0397974009538
1785251360.7641785,FartherHybridRe,hovered,True,24.18494039268103,162.2897414938229,333.62861017472244,1812.9121755467131
1785251360.7641785,SwitchRef2,inactive,True,32.79886756443126,202.56018855441607,475.0295511074347,4044.094790224146
1785251360.7641785,SwitchRef1,inactive,True,40.49473608968825,688.3203543720495,348.71168700447197,13101.606978752476
1785251361.26359,LeftHybridRe,inactive,True,27.192633689533242,164.47900483866016,386.5332530467291,1970.973754118997
1785251361.26359,RightHybridRe,inactive,True,17.04916963760643,257.55322537021743,373.20950463538423,1979.0544820614232
1785251361.26359,DownHybridRe,inactive,True,24.02590848679933,218.11044666402427,426.1077303846887,1990.8719116348511
1785251361.26359,UpHybridRe,inactive,True,21.732819358256528,204.18748632169869,333.7911159758646,2003.5920865049848
1785251361.26359,CloseRe,inactive,True,19.609531027883843,260.1644760883708,416.1363714846125,1790.2200011990717
1785251361.26359,OpenRe,inactive,True,28.03092704626636,174.44805080970593,428.3588985090722,1798.3365244538254
1785251361.26359,CloserHybridRe,inactive,True,16.55411905166634,249.0797438385103,332.119093153791,1810.5849664442358
1785251361.26359,FartherHybridRe,inactive,True,26.551136153428995,160.7823249171287,344.9043317925384,1797.6976337497
1785251361.26359,SwitchRef2,inactive,True,33.59714050840549,201.10154632879912,486.9830441310846,4039.6291298824217
1785251361.26359,SwitchRef1,inactive,True,40.11783678267755,682.3667467755697,357.5843734535971,13156.480173768592
1785251361.7635386,LeftHybridRe,inactive,True,23.785189185856847,169.92949838680923,396.3663525672141,1997.9073858398879
1785251361.7635386,RightHybridRe,inactive,True,13.73051943323907,263.658424359236,382.61679824949636,1936.6239128523302
1785251361.7635386,DownHybridRe,inactive,True,20.98776268235154,223.77693760594792,435.2662098064817,1991.8769277298052
1785251361.7635386,UpHybridRe,inactive,True,18.068429508787453,210.58380939712598,343.90376631413505,1988.3293177823398
1785251361.7635386,CloseRe,inactive,True,16.7898499432735,265.96704595454617,424.9208177966309,1760.5226144979824
1785251361.7635386,OpenRe,inactive,True,24.8769867770691,179.58581232769637,438.0252328938643,1829.7717616971677
1785251361.7635386,CloserHybridRe,inactive,True,12.870321068083557,255.4929683490909,342.2413080126955,1767.6429774693388
1785251361.7635386,FartherHybridRe,inactive,True,22.98835792183287,166.6389401692786,354.9547052372331,1812.864854309315
1785251361.7635386,SwitchRef2,inactive,True,34.670715335367184,207.1937618178004,495.8554716786159,3988.214067087836
1785251361.7635386,SwitchRef1,inactive,True,40.5973827851583,688.3627332107269,367.1113174724442,12841.040223085656
1785251362.2640448,LeftHybridRe,inactive,True,25.926510229804677,173.05482740359963,398.6319801302452,1957.776438186782
1785251362.2640448,RightHybridRe,inactive,True,16.252785760749056,266.1700427787655,386.0660359205764,1941.2050334334344
1785251362.2640448,DownHybridRe,inactive,True,23.550199058439347,226.54215469330288,437.96281446733644,1954.8096496313956
1785251362.2640448,UpHybridRe,inactive,True,19.900879300217735,213.06001913098214,346.6763243832893,1991.5623231480058
1785251362.2640448,CloseRe,inactive,True,19.51864226236213,268.4855481122978,428.30831760948325,1746.1491657604565
1785251362.2640448,OpenRe,inactive,True,27.242881746667425,182.8819110169923,440.02552090295296,1777.0471545228938
1785251362.2640448,CloserHybridRe,inactive,True,14.827111928172174,257.95892092533904,345.4256271497593,1788.1565956733903
1785251362.2640448,FartherHybridRe,hovered,True,24.814843265318792,169.47830437537263,357.3203623791636,1794.0551028109476
1785251362.2640448,SwitchRef2,inactive,True,35.78643108213704,209.27810635335243,497.70233577996606,3966.1478189070913
1785251362.2640448,SwitchRef1,inactive,True,41.04107211736792,690.8892230247528,371.94031776828047,12726.241277796391
1785251362.7635558,LeftHybridRe,inactive,True,24.656192266405565,173.32019474720366,376.46889636593534,1969.0023508135346
1785251362.7635558,RightHybridRe,inactive,True,14.500947521379356,266.63839912299466,363.16962698458246,1949.198332634558
1785251362.7635558,DownHybridRe,inactive,True,21.78410394919798,227.31105017177214,415.47203293927157,1960.214008068091
1785251362.7635558,UpHybridRe,inactive,True,18.920990828864884,213.08515523025835,324.09197499061105,2005.4602451730862
1785251362.7635558,CloseRe,inactive,True,17.510683762736228,269.24803333432055,405.48355422483365,1751.5271722332473
1785251362.7635558,OpenRe,inactive,True,25.720447690285358,183.59300991798625,417.8456196057154,1779.3279909840749
1785251362.7635558,CloserHybridRe,inactive,True,13.677076213507481,258.14896539798167,322.5155328723281,1795.8062117196096
1785251362.7635558,FartherHybridRe,active,True,23.867851351159267,169.3536692241384,335.0827674495628,1809.969272402781
1785251362.7635558,SwitchRef2,inactive,True,32.93752720926914,209.78549341853386,475.8337609706509,4035.1282627282853
1785251362.7635558,SwitchRef1,inactive,True,41.3227457012253,696.6508531478657,343.3033600489134,11266.96080463627
1785251363.2635176,LeftHybridRe,inactive,True,23.305062445322594,173.09485500635265,375.47994650952944,1988.6401323083373
1785251363.2635176,RightHybridRe,inactive,True,12.908385022671231,266.73194272604917,361.78414391965475,1944.5364143048428
1785251363.2635176,DownHybridRe,inactive,True,20.116762146883044,227.0878646119075,414.41129722834205,1982.5488637756716
1785251363.2635176,UpHybridRe,inactive,True,17.835372615325788,213.39585642652713,322.97512950129294,1997.7280415078167
1785251363.2635176,CloseRe,inactive,True,15.722544433964329,269.1935493995684,404.1449199740339,1760.822381658385
1785251363.2635176,OpenRe,inactive,True,24.192461541710387,183.0799649715346,417.0491084482289,1809.385147501489
1785251363.2635176,CloserHybridRe,inactive,True,12.554525946742814,258.41371549725255,321.29426868946985,1779.2885239990355
1785251363.2635176,FartherHybridRe,active,True,22.754784734061932,169.48205245316638,334.0567979135888,1814.7057206337522
1785251363.2635176,SwitchRef2,inactive,True,32.24336793207392,209.71929759070414,474.987173887418,4052.466933919073
1785251363.2635176,SwitchRef1,inactive,True,40.33781158636818,685.3185065063692,345.6975446588845,12795.161223524716
1785251363.7637813,LeftHybridRe,inactive,True,23.621614808089447,171.78270660903235,375.53121490917255,1989.7311197860581
1785251363.7637813,RightHybridRe,inactive,True,13.311427948089145,265.47046285488693,361.8374329355798,1946.7295293139614
1785251363.7637813,DownHybridRe,inactive,True,20.560623308655725,225.9359897661255,414.4062761398457,1977.9793619005432
1785251363.7637813,UpHybridRe,inactive,True,18.046470278435002,211.95557611238888,322.9956927646358,2005.1731856527185
1785251363.7637813,CloseRe,inactive,True,16.219246017875363,268.0200622683267,404.1614654658595,1757.7630360654075
1785251363.7637813,OpenRe,inactive,True,24.582215817003792,181.9341721936483,417.0402970247624,1805.186990994469
1785251363.7637813,CloserHybridRe,inactive,True,12.773071913665612,257.05390701190356,321.3109947861064,1786.2451057524377
1785251363.7637813,FartherHybridRe,active,True,22.981588045970604,167.99778135158027,334.094901984872,1820.9193706264632
1785251363.7637813,SwitchRef2,inactive,True,33.181056011611716,208.4833982488337,475.15134609643127,4027.7930488320562
1785251363.7637813,SwitchRef1,inactive,True,38.76763683753195,676.3327739878312,342.88701862851354,12632.674914369796
1785251364.2636063,LeftHybridRe,inactive,True,23.65536749602434,171.63342033392325,375.30715210687106,1980.2593531742168
1785251364.2636063,RightHybridRe,inactive,True,13.279031182957743,265.0236791624584,361.37365193788924,1940.1589032472475
1785251364.2636063,DownHybridRe,inactive,True,20.4240933765115,225.6389285572389,414.04073526455886,1975.497741779851
1785251364.2636063,UpHybridRe,inactive,True,18.231726384031198,211.64818221833383,322.7580966567082,1991.4182055447745
1785251364.2636063,CloseRe,inactive,True,16.01011355566002,267.6298838067436,403.6888593930585,1756.4712677962307
1785251364.2636063,OpenRe,inactive,True,24.506387309753162,181.74589894565224,416.7788113517268,1801.443228527056
1785251364.2636063,CloserHybridRe,inactive,True,12.971376890200283,256.5780963881898,320.93972831159704,1775.4913423592807
1785251364.2636063,FartherHybridRe,active,True,23.124977090882858,167.87589285690498,333.9598245105636,1807.6402720910119
1785251364.2636063,SwitchRef2,inactive,True,31.187080438050653,208.8075911867215,475.27368564484925,4034.484776610807
1785251364.2636063,SwitchRef1,inactive,True,37.57733756614943,667.2919327205952,339.09866189246856,12338.678338699188
1785251364.7635577,LeftHybridRe,inactive,True,24.012163344140117,172.1242117686994,374.5270489162977,1977.8971849344161
1785251364.7635577,RightHybridRe,inactive,True,13.756682288507148,265.537810563466,360.6697181310809,1943.95357742739
1785251364.7635577,DownHybridRe,inactive,True,21.00559007867935,226.34157086526315,413.20374859234386,1965.5349878990382
1785251364.7635577,UpHybridRe,inactive,True,18.392854241107653,211.8802388995101,321.9609931608296,2003.1548438180143
1785251364.7635577,CloseRe,inactive,True,16.683307549477835,268.2790373207432,402.92627648086875,1750.715206227047
1785251364.7635577,OpenRe,inactive,True,25.00013101960094,182.51028365611828,415.8866878834205,1789.8323006031642
1785251364.7635577,CloserHybridRe,inactive,True,13.131918348011713,256.93586476470193,320.160682463416,1787.708425602832
1785251364.7635577,FartherHybridRe,hovered,True,23.327173461219445,168.07550890361472,333.16533926827066,1814.9559983546897
1785251364.7635577,SwitchRef2,inactive,True,31.8830297505436,208.7035947758826,474.1028035073903,4082.5801255557744
1785251364.7635577,SwitchRef1,inactive,True,37.11966556673549,661.8393001712418,336.5744855871858,12191.310786982445
1785251365.2636003,LeftHybridRe,hovered,True,23.55900231810176,180.2999054384052,395.6294119210796,1962.7372824197628
1785251365.2636003,RightHybridRe,inactive,True,14.180691825446187,273.697673580176,382.89181687464867,1909.3911946490698
1785251365.2636003,DownHybridRe,inactive,True,21.67623843430098,234.0416972762622,434.35485880297546,1932.1330182708116
1785251365.2636003,UpHybridRe,inactive,True,17.191687422103325,220.5884533267703,343.94398700759683,1989.2922731783292
1785251365.2636003,CloseRe,inactive,True,17.935875905989715,275.9082868048124,424.5616168074324,1710.8617934935974
1785251365.2636003,OpenRe,inactive,True,25.18529915612378,190.23788285854118,436.66331487604145,1770.4238244665903
1785251365.2636003,CloserHybridRe,inactive,True,12.17753441961131,265.58511704133434,342.7195354480172,1767.3205846925266
1785251365.2636003,FartherHybridRe,inactive,True,22.19657823980973,176.65495664071554,354.52870009527396,1806.9594420509056
1785251365.2636003,SwitchRef2,inactive,True,35.312285549609484,216.4630660663374,494.6266617621698,3953.5344900296623
1785251365.2636003,SwitchRef1,inactive,True,37.42353075228542,668.1791231027814,359.2763177585205,11762.862424671082
1785251365.7636168,LeftHybridRe,active,True,24.248769352202903,183.9818652911366,391.50653744444224,1944.7890194249048
1785251365.7636168,RightHybridRe,inactive,True,14.704978573868388,277.13418656138634,379.90236728529396,1922.6457526522863
1785251365.7636168,DownHybridRe,inactive,True,22.200436105771225,237.10111314951914,431.0422207054374,1930.7583315145748
1785251365.7636168,UpHybridRe,inactive,True,17.949369207840995,224.40714326059089,340.1947871777254,1987.7734258358687
1785251365.7636168,CloseRe,inactive,True,18.34646671864762,279.0020119561158,421.81732225139024,1721.8231628286521
1785251365.7636168,OpenRe,inactive,True,25.78895191911046,193.5382515542028,432.6935368372864,1754.6222163112543
1785251365.7636168,CloserHybridRe,inactive,True,12.87374589759853,269.34517682740875,339.42358791147984,1778.578182476529
1785251365.7636168,FartherHybridRe,inactive,True,22.961161832358624,180.67393485316165,350.33790772246175,1791.0398684170323
1785251365.7636168,SwitchRef2,inactive,True,33.6044155606619,218.92161436714048,491.32761631925837,4015.4825179193285
1785251365.7636168,SwitchRef1,inactive,True,38.40552667319146,671.5567955578287,358.773361735177,11823.64401806242
1785251366.2635157,LeftHybridRe,active,True,23.193511788264377,181.07293780074681,390.062322200217,1966.209647808344
1785251366.2635157,RightHybridRe,inactive,True,13.25128682916094,274.3885331803705,377.2919703173674,1924.493030512007
1785251366.2635157,DownHybridRe,inactive,True,20.696103779868547,234.484213836735,429.2134904073031,1958.2065905972777
1785251366.2635157,UpHybridRe,inactive,True,17.213016428030027,221.5653572817827,338.1890031007548,1982.1173225110142
1785251366.2635157,CloseRe,inactive,True,16.641174128106506,276.47613885479507,419.37435152345427,1738.0656721026535
1785251366.2635157,OpenRe,inactive,True,24.485210076191482,190.67175880478342,431.4577505344801,1787.5490880777943
1785251366.2635157,CloserHybridRe,inactive,True,11.997591665286302,266.4229936580766,336.9297670863004,1766.4031656815569
1785251366.2635157,FartherHybridRe,inactive,True,22.21737307895361,177.7856653871758,348.81190552740503,1796.405914250743
1785251366.2635157,SwitchRef2,inactive,True,33.42588108402695,216.6035493330565,489.6879750785836,4017.778545820307
1785251366.2635157,SwitchRef1,inactive,True,36.98319542246006,664.4222244911746,355.78047223432714,11906.023938483006
1785251366.7636406,LeftHybridRe,hovered,True,22.784405789184238,179.46443004403957,387.74134547399655,1980.0844284830855
1785251366.7636406,RightHybridRe,inactive,True,12.931480236184159,273.1480736518039,374.99557463278586,1923.8214815995816
1785251366.7636406,DownHybridRe,inactive,True,20.433372679155642,233.15015241786668,426.82179274397623,1958.5795780045955
1785251366.7636406,UpHybridRe,inactive,True,16.701599118359155,220.15605961639403,335.86287565906616,1994.3556114543426
1785251366.7636406,CloseRe,inactive,True,16.46219140724842,275.214988513986,416.9750991896871,1733.1874348605488
1785251366.7636406,OpenRe,inactive,True,24.165183989024772,189.16517088557924,429.10767713783844,1794.2700159473243
1785251366.7636406,CloserHybridRe,inactive,True,11.49806752638972,265.18694271675656,334.6663731015505,1770.6717419943961
1785251366.7636406,FartherHybridRe,inactive,True,21.730560374207332,176.10650829450572,346.4471115010953,1814.049887654157
1785251366.7636406,SwitchRef2,inactive,True,33.849200128519136,215.02990628411553,487.3146996788706,4046.2338052826526
1785251366.7636406,SwitchRef1,inactive,True,35.67776789885787,655.4276657013202,354.6172540476311,12101.839832574857
1785251367.2642121,LeftHybridRe,inactive,True,24.09205187694817,179.07050933558435,385.3402493907082,1962.3926118227937
1785251367.2642121,RightHybridRe,inactive,True,14.353253772848378,272.50148445342165,373.0007477829614,1931.0728982064757
1785251367.2642121,DownHybridRe,inactive,True,21.82708340514785,232.72479775192087,424.5588853902141,1942.006320272034
1785251367.2642121,UpHybridRe,inactive,True,17.93023757257926,219.32960414778776,333.5884344687849,2000.905783538543
1785251367.2642121,CloseRe,inactive,True,17.86387604109701,274.67602058108014,414.9877981029001,1729.3473157187836
1785251367.2642121,OpenRe,inactive,True,25.513288961754522,188.9907185238208,426.56661468520383,1768.5475883121326
1785251367.2642121,CloserHybridRe,inactive,True,12.78229303819633,264.4136294234696,332.5017909476614,1786.349652149307
1785251367.2642121,FartherHybridRe,inactive,True,22.941592136008687,175.4407502867815,344.0747020546555,1808.4541005809006
1785251367.2642121,SwitchRef2,inactive,True,34.00046009890821,214.48945917946148,485.02409993707386,4024.2532248222924
1785251367.2642121,SwitchRef1,inactive,True,35.433163927609606,654.2657342314625,352.73660360721254,12107.725915834773
1785251367.7638023,LeftHybridRe,hovered,True,23.435312115214185,179.25257968545606,382.0537083829811,1967.619989410443
1785251367.7638023,RightHybridRe,inactive,True,13.456979165675628,272.6680473351364,369.2571530560415,1930.4628953316933
1785251367.7638023,DownHybridRe,inactive,True,20.90643248607897,232.95164941581714,421.12991230336775,1951.8273915305763
1785251367.7638023,UpHybridRe,inactive,True,17.4570935270816,219.5191870851221,330.0995265530799,1995.4670662184544
1785251367.7638023,CloseRe,inactive,True,16.824120183114424,274.9142629019934,411.31841435656304,1735.5784483619937
1785251367.7638023,OpenRe,inactive,True,24.71318716208351,189.16396389723857,423.35992340725494,1779.043059047348
1785251367.7638023,CloserHybridRe,inactive,True,12.228134743674554,264.5320019708372,328.81650568158307,1778.972116114477
1785251367.7638023,FartherHybridRe,inactive,True,22.46738446551346,175.65604352452394,340.77258054632836,1806.9361610067826
1785251367.7638023,SwitchRef2,inactive,True,33.57500556978164,214.75298133915982,481.5515169729515,4020.611718344422
1785251367.7638023,SwitchRef1,inactive,True,35.7083014154719,654.9566744058905,349.64605244687516,12066.939128787562
1785251368.2636886,LeftHybridRe,hovered,True,22.00622528900675,179.7903061225119,374.3929854898715,1976.5730010693442
1785251368.2636886,RightHybridRe,inactive,True,11.712730971022713,273.32582956497447,361.5221057560985,1921.511551513846
1785251368.2636886,DownHybridRe,inactive,True,19.121490938447753,233.3752506656949,413.47909010844097,1961.3689348947082
1785251368.2636886,UpHybridRe,inactive,True,16.32035283353382,220.45749391007791,322.4921375604236,1985.788844484192
1785251368.2636886,CloseRe,inactive,True,14.902119918925344,275.39868869766065,403.56838072602756,1736.5961298244365
1785251368.2636886,OpenRe,inactive,True,23.088562599763808,189.45449508003185,415.7989238901883,1793.7553663525614
1785251368.2636886,CloserHybridRe,inactive,True,11.016863342515931,265.387901223657,321.2347450725028,1762.2216920367937
1785251368.2636886,FartherHybridRe,inactive,True,21.31159382151861,176.48639072948632,333.12441245224255,1807.2173649904726
1785251368.2636886,SwitchRef2,inactive,True,32.79439324782406,215.24376109602204,474.61640618260355,4059.7898602969
1785251368.2636886,SwitchRef1,inactive,True,35.74011883083433,656.228740570787,341.7063650896645,12206.174146311605
1785251368.7636175,LeftHybridRe,hovered,True,22.569118068545446,181.6165433285724,373.0963533376091,1976.541405041422
1785251368.7636175,RightHybridRe,inactive,True,12.275010344269637,275.1705947296591,359.91623798658475,1937.660895295965
1785251368.7636175,DownHybridRe,inactive,True,19.716821940155345,235.48771304037933,412.1180752364645,1963.8335249338124
1785251368.7636175,UpHybridRe,hovered,True,16.80966714650541,221.88038523017886,320.882947149828,2000.4154592066407
1785251368.7636175,CloseRe,inactive,True,15.485603873093032,277.51062878409016,402.1080682684129,1745.7055281982757
1785251368.7636175,OpenRe,inactive,True,23.67953278635449,191.62250893845174,414.5111634195719,1788.548168447589
1785251368.7636175,CloserHybridRe,inactive,True,11.488831761749381,266.94707797502895,319.43911706615575,1781.3966285431234
1785251368.7636175,FartherHybridRe,inactive,True,21.825668113946982,177.95799829187322,331.73046334266877,1812.779813018562
1785251368.7636175,SwitchRef2,inactive,True,30.920035423424995,217.21796643885298,473.07213849428047,4067.518241154263
1785251368.7636175,SwitchRef1,inactive,True,35.913291954198655,655.5873833322393,341.148393027484,12320.06040628611
1785251369.2633965,LeftHybridRe,hovered,True,21.7976205723428,181.35082459789658,372.4948789776293,1988.8165530421466
1785251369.2633965,RightHybridRe,inactive,True,11.491621497507765,275.1541089520192,359.1897439769873,1932.7324714098868
1785251369.2633965,DownHybridRe,inactive,True,18.979744390135465,235.3751363587741,411.4115744445745,1968.3803364475243
1785251369.2633965,UpHybridRe,inactive,True,16.03448619304674,221.84541953819192,320.2589280677034,2002.9269690178771
1785251369.2633965,CloseRe,inactive,True,14.789937226014501,277.45721150948964,401.3015183717031,1742.7853274157824
1785251369.2633965,OpenRe,inactive,True,22.933159280635486,191.3445987156069,413.9270366702028,1799.9637359917942
1785251369.2633965,CloserHybridRe,inactive,True,10.701369864636375,266.96830842996445,318.81356232587393,1776.236305010687
1785251369.2633965,FartherHybridRe,inactive,True,21.064138287996364,177.73815735591788,331.11303987243394,1822.8790915901627
1785251369.2633965,SwitchRef2,inactive,True,32.90017449118849,216.71509518359036,472.2036516935142,4079.380701789778
1785251369.2633965,SwitchRef1,inactive,True,35.503059726568516,655.2385082365739,339.86314934175425,12303.331942014833
1785251369.7634392,LeftHybridRe,inactive,True,21.96353122513002,181.04109858033246,372.18495711247044,1985.2011803264104
1785251369.7634392,RightHybridRe,inactive,True,11.573428486189348,274.6796584225525,358.4527924041285,1933.8161594121848
1785251369.7634392,DownHybridRe,inactive,True,18.994345235077663,235.14609914327076,410.90384235100606,1969.9312448028068
1785251369.7634392,UpHybridRe,inactive,True,16.316780530896967,221.26319173999457,319.76530094411277,1998.6918670603627
1785251369.7634392,CloseRe,inactive,True,14.725760973219243,277.1708189106397,400.6082047308315,1746.0626720742803
1785251369.7634392,OpenRe,inactive,True,23.007412205803494,191.17318307999815,413.5985763107167,1799.1597659965446
1785251369.7634392,CloserHybridRe,inactive,True,10.984875232816638,266.3224094954825,318.0977932035094,1774.639625216616
1785251369.7634392,FartherHybridRe,inactive,True,21.31810099915967,177.28515177564788,330.82934145973866,1817.3297361888654
1785251369.7634392,SwitchRef2,inactive,True,31.346615131735376,216.89104850413202,471.98754732398294,4068.3350728253645
1785251369.7634392,SwitchRef1,inactive,True,35.707270081131696,655.1903364862793,338.94720240852234,12290.321695054488
1785251370.263565,LeftHybridRe,inactive,True,22.417074952447102,181.5326206688392,371.63706312634355,1977.1707449676105
1785251370.263565,RightHybridRe,inactive,True,12.373802016477411,275.21625458946346,358.6514427061879,1929.6929881246033
1785251370.263565,DownHybridRe,inactive,True,19.926097630960417,235.6142869532439,410.50335847428477,1947.279001353898
1785251370.263565,UpHybridRe,inactive,True,16.3925983443832,221.75378908114718,319.5764028003952,2009.7738551672446
1785251370.263565,CloseRe,inactive,True,15.880184822478903,277.5730089079364,400.5995612599201,1728.248236233194
1785251370.263565,OpenRe,inactive,True,23.7383978641463,191.74398464176727,412.8520574229868,1777.4185969248574
1785251370.263565,CloserHybridRe,inactive,True,11.109307854548684,266.95575107975196,318.24855540038897,1784.9004182943754
1785251370.263565,FartherHybridRe,inactive,True,21.454658692436052,177.66390132085613,330.32147458635046,1824.5190617983717
1785251370.263565,SwitchRef2,inactive,True,32.034623886301645,217.2357730492631,471.72889183862605,4072.0442594951237
1785251370.263565,SwitchRef1,inactive,True,35.987274568380805,655.5792685683605,338.5623616125176,12329.587215016189
1785251370.7639456,LeftHybridRe,hovered,True,19.329574800876,218.55572489650785,365.6338573563198,1937.0380237285863
1785251370.7639456,RightHybridRe,inactive,True,10.289853036809001,311.80330406538826,354.11638907145107,1899.6002790533166
1785251370.7639456,DownHybridRe,inactive,True,18.13636124637955,271.72726643021133,404.8099860556335,1897.0271657229823
1785251370.7639456,UpHybridRe,inactive,True,12.409722283907989,259.07772100290634,314.49295290527266,2000.3030890168084
1785251370.7639456,CloseRe,inactive,True,14.91036575433885,313.4403096169174,395.6001649269451,1684.5897866943706
1785251370.7639456,OpenRe,inactive,True,21.423964117203354,228.31159241069443,406.47678910765666,1722.236375232118
1785251370.7639456,CloserHybridRe,inactive,True,7.293340555378385,304.192846479794,313.8516586280778,1773.3651722837676
1785251370.7639456,FartherHybridRe,inactive,True,17.705743101003346,215.0531194259933,324.5336688816183,1804.814624993669
1785251370.7639456,SwitchRef2,inactive,True,31.77086064233909,252.68643184807885,464.97577478825104,3897.9671613594037
1785251370.7639456,SwitchRef1,inactive,True,43.3836858337347,698.912692370968,338.14916863590065,10401.159134165515
1785251371.2637906,LeftHybridRe,active,True,11.698617198235727,253.79451808810512,360.93408855445375,1984.3291182977555
1785251371.2637906,RightHybridRe,inactive,True,8.83045167008463,347.1949177213795,349.8059407520723,1827.2358022630215
1785251371.2637906,DownHybridRe,inactive,True,14.069584370297223,306.3566958321262,400.08925746339287,1884.426007691356
1785251371.2637906,UpHybridRe,inactive,True,3.5822345907958857,295.9835207312896,310.11326882029726,1989.9343894884441
1785251371.2637906,CloseRe,inactive,True,13.64578773112808,347.7840283619728,390.7266957090667,1624.3158911445207
1785251371.2637906,OpenRe,inactive,True,15.446031565856108,262.6416772642649,402.00471265759916,1757.350673421075
1785251371.2637906,CloserHybridRe,inactive,True,4.276612792743417,340.6701641710202,310.0890345040006,1707.7964529097735
1785251371.2637906,FartherHybridRe,inactive,True,8.6950566505906,251.28383300088984,319.5927935984939,1847.84664518731
1785251371.2637906,SwitchRef2,inactive,True,31.96246335060063,285.64399616744817,459.72984645549,3910.2595373822624
1785251371.2637906,SwitchRef1,inactive,True,43.3836858337347,698.912692370968,338.14916863590065,10401.159134165515
1785251371.764086,LeftHybridRe,active,True,11.650120168799447,246.02958645033172,357.85254631458184,1977.7508503671925
1785251371.764086,RightHybridRe,inactive,True,6.107106537780231,339.26026304444764,346.0973499811921,1841.2383048927077
1785251371.764086,DownHybridRe,inactive,True,12.337222453486591,298.86988637779683,396.9190527148003,1907.0212393892216
1785251371.764086,UpHybridRe,inactive,True,4.3465046287987885,287.65023970398363,306.78371297305443,1973.621529603639
1785251371.764086,CloseRe,inactive,True,11.16184604345063,340.3738749640413,387.2886741351675,1651.3376657962435
1785251371.764086,OpenRe,inactive,True,14.582238435822585,255.13485334640004,399.0444496013006,1769.027920924149
1785251371.764086,CloserHybridRe,inactive,True,1.4372944786587885,332.2462485012243,306.38456843146804,1704.645290924862
1785251371.764086,FartherHybridRe,inactive,True,9.846740744834264,243.27822990398977,316.5969457940753,1824.977673740159
1785251371.764086,SwitchRef2,inactive,True,31.656998011034243,278.0141257513899,456.88720176848074,3977.0760078639723
1785251371.764086,SwitchRef1,inactive,True,43.3836858337347,698.912692370968,338.14916863590065,10401.159134165515
1785251372.263578,LeftHybridRe,active,True,14.775933504358004,240.82508226718795,357.60219178091836,1970.4740059044125
1785251372.263578,RightHybridRe,inactive,True,8.121303297552046,334.51693782499353,346.25062124960357,1872.414339382507
1785251372.263578,DownHybridRe,inactive,True,15.2124835906622,293.8991872520722,396.7885829096688,1896.3433160152053
1785251372.263578,UpHybridRe,inactive,True,7.141613114337982,282.33052183428396,306.5045805788904,2010.692515926581
1785251372.263578,CloseRe,inactive,True,13.340255657396833,335.59644656240505,387.48889480547155,1658.940169293659
1785251372.263578,OpenRe,inactive,True,17.685779021770397,250.20604919199621,398.5878058680572,1743.8565871215542
1785251372.263578,CloserHybridRe,inactive,True,3.114921771404742,327.44767737848605,306.17991623550995,1752.4150788268016
1785251372.263578,FartherHybridRe,inactive,True,12.566181205715337,237.7563944850388,316.29548072749327,1839.704104995497
1785251372.263578,SwitchRef2,inactive,True,31.73622699379459,273.1531157181204,457.02530794891425,3998.787380445523
1785251372.7635005,LeftHybridRe,active,True,14.306018005667191,239.22438960295312,357.17473452307274,1977.8322270026838
1785251372.7635005,RightHybridRe,inactive,True,7.872150545345391,332.9462844063136,345.53377837597304,1867.2759736948938
1785251372.7635005,DownHybridRe,inactive,True,14.838245003687614,292.4427011432912,396.19442212048017,1898.4068462310825
1785251372.7635005,UpHybridRe,inactive,True,6.667823237914069,280.7179933552895,305.9580876076298,2010.0706384848381
1785251372.7635005,CloseRe,inactive,True,13.084012362574718,334.1084549495714,386.73251601204635,1655.9350361559482
1785251372.7635005,OpenRe,inactive,True,17.25103611459045,248.68590335244375,398.17446589169526,1751.0735017176848
1785251372.7635005,CloserHybridRe,inactive,True,2.7839730996512433,325.81003449451043,305.5382919670056,1746.637108230134
1785251372.7635005,FartherHybridRe,inactive,True,12.100292590826458,236.09424422506032,315.8483226028358,1845.24898612584
1785251372.7635005,SwitchRef2,inactive,True,30.9058726490681,272.2731702541711,456.3235132989637,3950.5274386401434
1785251373.263628,LeftHybridRe,active,True,11.921445782479172,236.52134954406236,357.17854913394194,1985.188464960971
1785251373.263628,RightHybridRe,inactive,True,3.568023350673291,329.8825764805033,345.10064911090393,1856.5117574364485
1785251373.263628,DownHybridRe,inactive,True,10.835922300993658,289.51528303683085,396.41510570744197,1940.6583257073726
1785251373.263628,UpHybridRe,inactive,True,6.097498596108611,278.1107453139042,305.95569032038117,1961.3090494935095
1785251373.263628,CloseRe,inactive,True,8.801933452941768,331.24275842839955,386.60380450650393,1683.1691338474047
1785251373.263628,OpenRe,inactive,True,13.935931370731963,245.58065179198235,398.6465900228124,1796.4228608313788
1785251373.263628,CloserHybridRe,inactive,True,1.5851648023041394,322.6551451143593,305.3735155043135,1700.1122050596678
1785251373.263628,FartherHybridRe,inactive,True,11.226921422893385,233.8658793202591,315.9169072997885,1811.9524201850072
1785251373.263628,SwitchRef2,inactive,True,30.881283649237357,269.492460532262,456.13524623561,3958.7013452466417
1785251373.263628,SwitchRef1,inactive,True,39.457494813371376,678.535913376682,337.2295707016102,12414.037488276954
1785251373.7636416,LeftHybridRe,hovered,True,11.487995436814062,232.50808499595072,356.6817847867444,1996.3348843324638
1785251373.7636416,RightHybridRe,inactive,True,3.9276414298713744,325.946600807892,344.11298181645407,1847.2483866942057
1785251373.7636416,DownHybridRe,inactive,True,10.810627956068833,285.8504640546282,395.52358995239337,1935.7779788057887
1785251373.7636416,UpHybridRe,inactive,True,5.465615128940466,273.98359338577734,305.2562180008286,1966.4720716793381
1785251373.7636416,CloseRe,inactive,True,9.080381807419535,327.48408076233164,385.4605549866967,1671.4640520705361
1785251373.7636416,OpenRe,inactive,True,13.694013226374011,241.83842180129506,398.0693310941042,1801.4275415928278
1785251373.7636416,CloserHybridRe,inactive,True,1.2976452554148672,318.560693122816,304.5098715979483,1695.9644702221703
1785251373.7636416,FartherHybridRe,inactive,True,10.634726336732847,229.60720507373603,315.3995771913269,1826.2885504172627
1785251373.7636416,SwitchRef2,inactive,True,30.983431267719073,265.46098966839094,455.3721000922978,4003.8755264922147
1785251373.7636416,SwitchRef1,inactive,True,36.80419584989937,663.7506159281602,338.8947343321802,12603.564729928577
1785251374.2637908,LeftHybridRe,inactive,True,14.768886831120478,231.5756755594929,354.7361150618186,1989.1536763430558
1785251374.2637908,RightHybridRe,inactive,True,8.350167582043657,325.5781521872535,342.9591148479469,1868.0088055746164
1785251374.2637908,DownHybridRe,hovered,True,15.344533828520536,285.1211302807095,393.57813418281563,1895.5156809748514
1785251374.2637908,UpHybridRe,inactive,True,7.089209946997318,273.09876832328246,303.4197846623358,2024.1111685044089
1785251374.2637908,CloseRe,inactive,True,13.545845693443356,326.8107003715569,384.05639881013224,1650.4540540009111
1785251374.2637908,OpenRe,inactive,True,17.739681993802094,241.2509556769764,395.6662317668986,1753.6548136282363
1785251374.2637908,CloserHybridRe,inactive,True,3.316033634939465,318.36604932329544,302.9750796952109,1754.2884023338338
1785251374.2637908,FartherHybridRe,inactive,True,12.468878362692351,228.25327925752032,313.3646478764461,1863.385486808951
1785251374.2637908,SwitchRef2,inactive,True,30.496907908060027,265.20560800058263,454.2311928008746,3972.3487031072946
1785251374.2637908,SwitchRef1,inactive,True,36.801491079373584,662.8366151994937,337.094997319564,12639.590744068671
1785251374.76371,LeftHybridRe,inactive,True,13.662769764933962,230.84073509160575,355.1288265930656,1990.7443473444582
1785251374.76371,RightHybridRe,inactive,True,7.050415067841883,324.6090816378637,343.04917005797716,1857.5432163274818
1785251374.76371,DownHybridRe,inactive,True,13.997548268486577,284.3196587781253,393.89240504999674,1904.0305227655772
1785251374.76371,UpHybridRe,inactive,True,6.233886093289335,272.3194896990796,303.7741224149015,2004.8892192283893
1785251374.76371,CloseRe,inactive,True,12.24384191759801,325.94231737109965,384.1763816782484,1652.394777278787
1785251374.76371,OpenRe,inactive,True,16.48318110413553,240.4317902616007,396.1640263184885,1766.3765739221562
1785251374.76371,CloserHybridRe,inactive,True,1.975786204616172,317.34347194875716,303.2179802573465,1733.4196683920964
1785251374.76371,FartherHybridRe,inactive,True,11.685399170953612,227.62527981895747,313.7982974626632,1852.4615804167843
1785251374.76371,SwitchRef2,inactive,True,30.48124164841766,264.6556916388198,454.1031254372832,3928.617404161305
1785251374.76371,SwitchRef1,inactive,True,36.838054396900205,661.9040906075568,337.5286655305427,12670.601132941563
1785251375.2639966,LeftHybridRe,inactive,True,13.33329905449005,229.43200398592316,354.76552242517283,1997.8149381896728
1785251375.2639966,RightHybridRe,inactive,True,5.833309719019928,323.28841304057414,342.6759338760973,1867.124847608895
1785251375.2639966,DownHybridRe,inactive,True,13.055969498911088,282.89915786978355,393.7800052609665,1924.6741306601689
1785251375.2639966,UpHybridRe,inactive,True,6.374917193480671,271.0162978678287,303.3396902595959,2000.2961870220824
1785251375.2639966,CloseRe,inactive,True,11.058546602333049,324.65569550783863,384.02652110154133,1670.8971968114056
1785251375.2639966,OpenRe,inactive,True,15.834509161288397,238.8978148060214,396.03082507030564,1783.8222473503556
1785251375.2639966,CloserHybridRe,inactive,True,1.0595995521852517,315.9998074659242,302.77614605709005,1731.8400264200318
1785251375.2639966,FartherHybridRe,inactive,True,11.816515446487355,226.36932143804628,313.36532372936443,1847.7324216870802
1785251375.2639966,SwitchRef2,inactive,True,30.20462762655714,263.2310566799741,454.01806573402104,3953.9829342179
1785251375.2639966,SwitchRef1,inactive,True,36.452253026637415,660.5036796369287,337.3557391589539,12616.003111377824
1785251375.7636702,LeftHybridRe,inactive,True,13.946272848440547,228.85860146988244,355.2544829747587,1983.4061148665205
1785251375.7636702,RightHybridRe,inactive,True,5.961429661520109,322.4519481872047,342.94551606038885,1866.2709486263993
1785251375.7636702,DownHybridRe,inactive,True,13.408918122114246,282.31043274960825,394.0746260523444,1916.9803510495913
1785251375.7636702,UpHybridRe,hovered,True,7.072037642158264,270.0895964975403,303.80908494460346,1992.9232611325642
1785251375.7636702,CloseRe,inactive,True,11.1627589728985,323.9788761277275,384.26650706250064,1669.4418689519007
1785251375.7636702,OpenRe,inactive,True,16.327336459806205,238.45725590749717,396.3863290019317,1771.1568353647817
1785251375.7636702,CloserHybridRe,inactive,True,1.684242817016232,315.01126169542204,303.08423536659865,1731.1219147239244
1785251375.7636702,FartherHybridRe,inactive,True,12.490278737444674,225.6348163084905,313.97041076648605,1834.943511116413
1785251375.7636702,SwitchRef2,inactive,True,30.032935429497567,262.2626946615526,454.2698540688129,4001.170572990275
1785251375.7636702,SwitchRef1,inactive,True,36.09580149613009,659.4606786606107,337.0205288772702,12670.722655671314
1785251376.2640712,LeftHybridRe,inactive,True,13.952899478376592,228.25103295079776,355.09529160569605,1981.8183634902161
1785251376.2640712,RightHybridRe,inactive,True,6.840888150062558,321.8357824144041,342.97386289450003,1853.996808081065
1785251376.2640712,DownHybridRe,inactive,True,13.987274336681764,281.669560476112,393.7826966173383,1899.9971342897115
1785251376.2640712,UpHybridRe,active,True,6.689607318870946,269.57331278437255,303.8121504933861,1995.8511812632642
1785251376.2640712,CloseRe,inactive,True,12.03044985857453,323.2378067141225,384.0655588566258,1650.909039074606
1785251376.2640712,OpenRe,inactive,True,16.62343906110583,237.86073898008146,396.0615287175643,1760.704194330443
1785251376.2640712,CloserHybridRe,inactive,True,1.9778861435390758,314.51626159001677,303.2069491138939,1728.1824268226992
1785251376.2640712,FartherHybridRe,inactive,True,12.12352629542922,225.00621011568933,313.8598744437606,1842.2608222571835
1785251376.2640712,SwitchRef2,inactive,True,29.56117995938892,262.08849897560077,454.6252947398221,3985.8838956782783
1785251376.2640712,SwitchRef1,inactive,True,36.32887013953698,658.9952793113443,336.9720047248483,12646.93661105509
1785251376.7636855,LeftHybridRe,inactive,True,13.49934346162238,228.18465956418885,355.05805902330565,1978.4865036384872
1785251376.7636855,RightHybridRe,inactive,True,5.570512755275956,321.5855417879996,342.82769370161657,1853.7221296478237
1785251376.7636855,DownHybridRe,inactive,True,12.942805442435139,281.47628506585534,393.837138918813,1911.6289358237918
1785251376.7636855,UpHybridRe,active,True,6.741731948803776,269.4534188426114,303.7786938255765,1979.954756969295
1785251376.7636855,CloseRe,inactive,True,10.769068091664208,323.0591353996041,384.04578060406277,1661.4323814568925
1785251376.7636855,OpenRe,inactive,True,15.850702123799582,237.67184634343235,396.14962712746706,1769.6663548259094
1785251376.7636855,CloserHybridRe,inactive,True,1.281227057529579,314.22309678591125,303.10608046050356,1716.7034082485043
1785251376.7636855,FartherHybridRe,inactive,True,12.129886576033888,225.0722351562074,313.86152684728506,1827.1013874836244
1785251376.7636855,SwitchRef2,inactive,True,29.944765382960757,261.615652852911,454.4906547840676,4012.014035012937
1785251376.7636855,SwitchRef1,inactive,True,35.98997813181166,658.9703746003606,336.7169041760675,12605.77103855963
1785251377.2637496,LeftHybridRe,inactive,True,14.724593426319645,227.59236198474684,354.6457098079434,1982.267318858365
1785251377.2637496,RightHybridRe,inactive,True,7.256925525203173,321.36969312979227,342.86521634556107,1867.802538054617
1785251377.2637496,DownHybridRe,inactive,True,14.600619989036543,280.9873717203725,393.59978544573164,1904.0155760081834
1785251377.2637496,UpHybridRe,active,True,7.452722938198421,269.01946030524505,303.4036772474426,2006.9593667052031
1785251377.2637496,CloseRe,inactive,True,12.440369427455453,322.6792263766843,384.0691741612625,1659.9972199292024
1785251377.2637496,OpenRe,inactive,True,17.33765325243321,237.15547730428628,395.66309916662465,1758.713885394427
1785251377.2637496,CloserHybridRe,inactive,True,2.641221644256516,314.1123432973245,302.9245908563571,1743.5924760642592
1785251377.2637496,FartherHybridRe,inactive,True,12.883229918045375,224.38753933541292,313.34468025762305,1845.8598017231307
1785251377.2637496,SwitchRef2,inactive,True,29.00174931583363,261.51764596288297,454.8832435948682,4012.076002672089
1785251377.2637496,SwitchRef1,inactive,True,35.88376559049967,658.3043022687791,336.232285402007,12642.297303424682
1785251377.7638886,LeftHybridRe,inactive,True,14.196742467576867,227.2223507749744,354.21632038963776,1983.3017479316404
1785251377.7638886,RightHybridRe,inactive,True,6.397431342006251,320.8713167727908,342.06588524875417,1864.7524378293092
1785251377.7638886,DownHybridRe,inactive,True,13.804162377426541,280.68036492226935,393.0376420523213,1910.6435716374253
1785251377.7638886,UpHybridRe,active,True,7.178974231154952,268.5058997241882,302.84607091561406,1997.5435249668517
1785251377.7638886,CloseRe,inactive,True,11.587831359111094,322.337012589873,383.3142831970582,1663.7935666207632
1785251377.7638886,OpenRe,inactive,True,16.65785214693265,236.83629081202045,395.28560918740516,1766.252880301101
1785251377.7638886,CloserHybridRe,inactive,True,1.971661931706064,313.4838220560592,302.20131440278993,1734.2037597772432
1785251377.7638886,FartherHybridRe,inactive,True,12.606674480428504,223.97911564360524,312.93661595958565,1839.764574218916
1785251377.7638886,SwitchRef2,inactive,True,30.319736068763543,260.9229768551044,453.4234944921738,3996.02990531479
1785251377.7638886,SwitchRef1,inactive,True,36.20774320379713,658.8867217590007,332.7868764284094,12769.093090362527
1785251378.2635424,LeftHybridRe,inactive,True,13.546300994399667,225.62108985128455,354.41976517070566,1990.3716469658611
1785251378.2635424,RightHybridRe,inactive,True,5.416152770227433,319.2639525287158,342.01152318405536,1861.9464966668675
1785251378.2635424,DownHybridRe,inactive,True,12.863081143742944,279.1387905728095,393.2038433390924,1921.9939201755624
1785251378.2635424,UpHybridRe,active,True,6.873933566796262,266.93748892693935,302.9595389373557,1989.3250122732643
1785251378.2635424,CloseRe,inactive,True,10.617384761725502,320.81489344972897,383.31683272705175,1669.4243731779497
1785251378.2635424,OpenRe,inactive,True,15.834801438888853,235.2027437369783,395.6034800001293,1780.755610279004
1785251378.2635424,CloserHybridRe,inactive,True,1.360717469992044,311.8181323679563,302.22367897896277,1723.777561798961
1785251378.2635424,FartherHybridRe,inactive,True,12.251085547548792,222.43872980864734,313.12819524075474,1837.529142905376
1785251378.2635424,SwitchRef2,inactive,True,31.09182803706835,259.19548692810486,453.6019549142025,4007.3498049098052
1785251378.2635424,SwitchRef1,inactive,True,36.64939520758931,661.4670262741198,324.95782738897316,12980.880735505067
1785251378.7635646,LeftHybridRe,inactive,True,16.201460513201837,223.68644453686613,355.0098012729339,1960.5000946772234
1785251378.7635646,RightHybridRe,inactive,True,6.758107050610864,317.03699650220193,342.84286381161337,1887.1315750565627
1785251378.7635646,DownHybridRe,hovered,True,14.69961759966793,276.981020391331,394.0263899830778,1918.5225554910867
1785251378.7635646,UpHybridRe,hovered,True,9.71024931016959,264.50144275873544,303.5866511881578,1989.520050017578
1785251378.7635646,CloseRe,inactive,True,11.595312376162035,318.70500030808364,384.390802360443,1688.4483911786738
1785251378.7635646,OpenRe,inactive,True,18.1153754442816,233.33567470832,396.10702528601666,1754.352077922602
1785251378.7635646,CloserHybridRe,inactive,True,4.212421385750994,309.44303187834737,302.7745170640136,1747.7898128001907
1785251378.7635646,FartherHybridRe,inactive,True,15.045691632832897,220.36435972433452,313.80925572877726,1812.510498627933
1785251378.7635646,SwitchRef2,inactive,True,31.16395751356339,257.12414760188994,454.46572697464455,3999.182658704871
1785251378.7635646,SwitchRef1,inactive,True,37.52118452279146,663.4276631420037,318.44422174356504,13254.23988921754
1785251379.2636273,LeftHybridRe,inactive,True,11.882354166238285,223.97626744347136,353.24546994236846,2008.5721417015993
1785251379.2636273,RightHybridRe,inactive,True,4.318298498386431,317.73075785826916,340.84687758824236,1847.368467813074
1785251379.2636273,DownHybridRe,active,True,11.300132849654945,277.51057493044476,392.0815439829272,1932.4575340911979
1785251379.2636273,UpHybridRe,inactive,True,5.61359785758805,265.666518705331,301.8523911341993,1980.3179783578016
1785251379.2636273,CloseRe,inactive,True,9.49048422534307,319.19172442352465,382.0948756190327,1665.2334468833214
1785251379.2636273,OpenRe,inactive,True,14.153949881847462,233.377880282529,394.59610432508845,1804.483869624557
1785251379.2636273,CloserHybridRe,inactive,True,0.8067364808779728,310.4126053147415,301.2314193371366,1702.9884495033039
1785251379.2636273,FartherHybridRe,inactive,True,10.862838552895681,221.02893221594746,311.90278307972983,1845.1940067522846
1785251379.2636273,SwitchRef2,inactive,True,29.605919503414956,257.8104415578201,453.0283426704501,4036.0830543112243
1785251379.2636273,SwitchRef1,inactive,True,37.63686371951913,663.9643599934052,316.51938455176094,13279.224441803075
1785251379.763701,LeftHybridRe,inactive,True,3.375114263590855,224.22993154668052,353.0562890336545,2109.515389242788
1785251379.763701,RightHybridRe,inactive,True,9.395693255179514,317.9622604424074,339.7544275255299,1764.7425853505265
1785251379.763701,DownHybridRe,active,True,8.746742059557258,278.5092959115195,391.46952649071363,1952.710423360535
1785251379.763701,UpHybridRe,inactive,True,4.697262632661518,266.6219620943151,301.2489950426764,1962.310437383734
1785251379.763701,CloseRe,inactive,True,11.41763391534763,319.61273786014635,380.5661682470853,1611.0588862596123
1785251379.763701,OpenRe,inactive,True,7.837626670733806,233.73563111029375,395.09708292482605,1906.6220438756136
1785251379.763701,CloserHybridRe,inactive,True,9.191249943815288,310.65914809222977,300.84434052983727,1615.3342515820914
1785251379.763701,FartherHybridRe,inactive,True,3.3780705096409718,221.3988950952168,311.1727712856917,1916.40782417441
1785251379.763701,SwitchRef2,inactive,True,29.306864332034053,258.7903975380689,451.7752879719577,4008.1150060478976
1785251379.763701,SwitchRef1,inactive,True,37.79885531766408,664.4993250590948,315.4903805001253,13281.132643475241
1785251380.2640815,LeftHybridRe,inactive,True,11.798502008434598,224.2350043327461,352.45153900064327,1998.940061177942
1785251380.2640815,RightHybridRe,hovered,True,4.4183100767896395,317.7386788108902,339.92331368943223,1837.1113062611912
1785251380.2640815,DownHybridRe,active,True,11.313781747303748,277.72612935488036,391.070346327203,1920.5041803204076
1785251380.2640815,UpHybridRe,inactive,True,5.477219427953828,265.7210035783388,301.112643767417,1972.139835521186
1785251380.2640815,CloseRe,inactive,True,9.56643461822887,319.2680170560838,381.0400315781036,1654.5263631580528
1785251380.2640815,OpenRe,inactive,True,14.113347830481285,233.71556443518617,393.66069036988483,1793.8998272723184
1785251380.2640815,CloserHybridRe,inactive,True,0.7174512738970761,310.36795486427883,300.4226233776754,1695.1212468843223
1785251380.2640815,FartherHybridRe,inactive,True,10.731738888280738,221.19081394280173,311.21400131962776,1838.2031998164566
1785251380.2640815,SwitchRef2,inactive,True,31.112383131321725,258.2978332719632,451.29591792531005,3970.305962974795
1785251380.2640815,SwitchRef1,inactive,True,37.715116296181556,663.8730179933175,314.87510397688385,13255.187447204255
1785251380.76362,LeftHybridRe,inactive,True,14.921939955400452,225.0591413164062,353.39894846706477,1982.3228479136123
1785251380.76362,RightHybridRe,inactive,True,7.013548490701454,318.7495242286856,340.85167413567024,1871.0356200170354
1785251380.76362,DownHybridRe,hovered,True,14.511336609822692,278.820345872847,391.94169010911526,1906.1438796388247
1785251380.76362,UpHybridRe,inactive,True,7.8147539778869675,266.00978568630273,301.8041197782958,2007.6785929815014
1785251380.76362,CloseRe,inactive,True,12.170536166458252,320.44860328582655,382.08016733418947,1663.4081863265965
1785251380.76362,OpenRe,inactive,True,17.39075710394386,235.00400979528925,394.3502899689278,1759.3173773919625
1785251380.76362,CloserHybridRe,inactive,True,2.7277286294211547,311.11609276998195,300.9467336982645,1745.8150697686724
1785251380.76362,FartherHybridRe,hovered,True,13.23713433238461,221.4729819836985,312.12234070435903,1845.5625604346533
1785251380.76362,SwitchRef2,inactive,True,30.368728965242802,259.2839987331731,452.28936659352325,3957.9214920749437
1785251380.76362,SwitchRef1,inactive,True,37.86275583305486,664.5078361437032,315.5889764599021,13258.11010783857
1785251381.2640612,LeftHybridRe,inactive,True,12.174579946734804,223.9198190850857,353.4056053785424,1994.8996635192852
1785251381.2640612,RightHybridRe,inactive,True,3.8253158764317567,317.31093155460263,340.24451087370073,1844.4554531706453
1785251381.2640612,DownHybridRe,inactive,True,11.132524903926015,277.62485407678696,391.766020296907,1928.0301436574737
1785251381.2640612,UpHybridRe,inactive,True,6.224326986020223,265.00070261862555,301.77878355970404,1968.301999969226
1785251381.2640612,CloseRe,inactive,True,9.030182158702377,319.1633248325771,381.46724227058246,1665.2760270346844
1785251381.2640612,OpenRe,inactive,True,14.210822045679993,233.63850938518755,394.6067109498946,1795.6702305371437
1785251381.2640612,CloserHybridRe,inactive,True,1.3634956985034539,309.6289857060805,300.74673939226795,1697.133570562015
1785251381.2640612,FartherHybridRe,active,True,11.381240971242375,220.63544450040882,312.20675716359057,1829.6919794433234
1785251381.2640612,SwitchRef2,inactive,True,30.26006326825879,258.26840070436754,451.80332961362063,3977.6854913995994
1785251381.2640612,SwitchRef1,inactive,True,37.801972303308574,663.7294475099242,315.12896072402697,13298.582545915982
1785251381.7639177,LeftHybridRe,inactive,True,13.975795690460654,222.46045637023568,353.5853912507541,1997.1210762538249
1785251381.7639177,RightHybridRe,inactive,True,5.513170783656435,316.2263202646982,340.5540992479875,1871.0952357629212
1785251381.7639177,DownHybridRe,inactive,True,13.108620311619152,276.39551531527184,392.0688413191799,1927.3525744098442
1785251381.7639177,UpHybridRe,inactive,True,7.356472515343087,263.46092959049463,301.7603075489686,1999.6234712842488
1785251381.7639177,CloseRe,inactive,True,10.687027020597741,318.087976001579,381.9150207783196,1675.693803248665
1785251381.7639177,OpenRe,inactive,True,16.181170394899404,232.4005789272182,394.74541878708897,1784.7477406194157
1785251381.7639177,CloserHybridRe,inactive,True,1.8359354513409571,308.4670395611632,300.72485107811445,1733.9902849343343
1785251381.7639177,FartherHybridRe,active,True,12.725584790674645,218.9299135643084,312.24787941216744,1846.0848613856324
1785251381.7639177,SwitchRef2,inactive,True,30.84849980976676,256.9142391739439,452.26961467658805,4005.6209720967236
1785251381.7639177,SwitchRef1,inactive,True,36.61026913016006,655.6957660069776,312.9062996581646,13074.737343631161
1785251382.2636228,LeftHybridRe,inactive,True,14.923848138848001,222.74794183151292,352.88243982594594,1970.9565903456896
1785251382.2636228,RightHybridRe,inactive,True,5.1962164129400845,316.0032768874605,339.6702485776077,1875.758270714723
1785251382.2636228,DownHybridRe,inactive,True,13.158453310358066,276.4367413901849,391.3354588917247,1926.6935832699892
1785251382.2636228,UpHybridRe,inactive,True,8.852648286593839,263.26485175570747,301.0804508027688,1979.2550981810164
1785251382.2636228,CloseRe,inactive,True,10.09674040224103,318.0576558922014,381.16180252413966,1686.6413082902145
1785251382.2636228,OpenRe,inactive,True,16.666302724912867,232.69107273777846,393.9847990995293,1770.5586284567617
1785251382.2636228,CloserHybridRe,inactive,True,3.357957069830307,308.07311003500996,299.83985101043885,1729.8601365502109
1785251382.2636228,FartherHybridRe,hovered,True,14.0947236732121,219.17179960761254,311.71574320217286,1814.1053672714115
1785251382.2636228,SwitchRef2,inactive,True,30.78129015490847,257.0751249827664,451.40930731141236,3986.983442030454
1785251382.2636228,SwitchRef1,inactive,True,36.13001127670068,651.401533155523,310.27974433580846,12941.893059542053
1785251382.7636874,LeftHybridRe,inactive,True,14.421336339529004,221.7871067422702,352.4807894362803,1985.3989243191318
1785251382.7636874,RightHybridRe,inactive,True,5.644542628347452,315.26335810282706,338.84666132356557,1869.2910673080914
1785251382.7636874,DownHybridRe,inactive,True,13.359498133480589,275.9090370803184,390.5332738555032,1918.6641693982892
1785251382.7636874,UpHybridRe,inactive,True,7.875276976230391,262.2296537123957,300.455196962268,1994.8951635857484
1785251382.7636874,CloseRe,inactive,True,10.755750691060804,317.45684017063996,380.15057755415495,1672.1734710604142
1785251382.7636874,OpenRe,inactive,True,16.532274585238206,232.0641216629747,393.4631541837103,1772.5615583907638
1785251382.7636874,CloserHybridRe,inactive,True,2.360384003091786,307.1860549442724,299.0894493387318,1733.760684011133
1785251382.7636874,FartherHybridRe,inactive,True,13.223597711637426,217.89363427444943,311.25511558415354,1837.4838397172825
1785251382.7636874,SwitchRef2,inactive,True,30.229584768921065,256.3519962338851,450.96764005661527,4000.336556029244
1785251382.7636874,SwitchRef1,inactive,True,36.190440262479264,650.8979390258446,309.7073045147086,12992.088596784888
1785251383.2640226,LeftHybridRe,inactive,True,15.279230566739582,221.6528711766132,351.7836638435716,1971.2560811534822
1785251383.2640226,RightHybridRe,inactive,True,5.313471777680022,314.96915625532574,338.68151024454335,1882.7420999189417
1785251383.2640226,DownHybridRe,active,True,13.321065397259378,275.3198585885229,390.3706186365906,1931.089251755162
1785251383.2640226,UpHybridRe,inactive,True,9.299400076089363,262.2034880238644,299.9767582510067,1982.21789435943
1785251383.2640226,CloseRe,inactive,True,10.098739726335449,317.0005999588228,380.25850201636524,1693.3120497647396
1785251383.2640226,OpenRe,inactive,True,16.924547225429233,231.56315408543006,392.9381471639981,1771.640545429691
1785251383.2640226,CloserHybridRe,inactive,True,3.812556610781651,307.0541135140306,298.77022765751315,1735.4977730278551
1785251383.2640226,FartherHybridRe,inactive,True,14.521625859489893,218.10931425818794,310.58424784201947,1813.920502124798
1785251383.2640226,SwitchRef2,inactive,True,30.51511933958784,255.92867903954203,450.39262523773743,3998.8119799863707
1785251383.2640226,SwitchRef1,inactive,True,36.04717447457948,650.3825108656022,309.5776803321602,12971.524259870406
1785251383.7635856,LeftHybridRe,inactive,True,13.051915652427557,221.55912639263104,352.32226499859735,1985.757435623389
1785251383.7635856,RightHybridRe,inactive,True,2.2528198432021904,314.78809998981995,338.66697767398887,1859.4940057655913
1785251383.7635856,DownHybridRe,active,True,10.302496679575029,275.25718665355583,390.7050150430808,1952.6420929568267
1785251383.7635856,UpHybridRe,inactive,True,8.39551441136588,262.3431052665446,300.51440721550546,1950.1665348020433
1785251383.7635856,CloseRe,inactive,True,7.12309531836525,316.92864766672324,380.19302551864973,1695.3754407017914
1785251383.7635856,OpenRe,inactive,True,14.175871143131445,231.26197811504025,393.67490336774415,1806.9821935525615
1785251383.7635856,CloserHybridRe,inactive,True,3.9905922471677067,306.84778728285414,299.1583142283573,1693.354917839839
1785251383.7635856,FartherHybridRe,inactive,True,13.132257067821113,218.300108327953,311.21110117349343,1803.3745603483803
1785251383.7635856,SwitchRef2,inactive,True,30.691653134977265,255.9050250262619,450.87633615453984,4012.8753051646563
1785251383.7635856,SwitchRef1,inactive,True,35.92155615694651,650.2580024537606,309.6691109614042,13003.139099314678
1785251384.2637389,LeftHybridRe,inactive,True,12.445821247523424,221.4298460826228,352.59197372282676,1992.3580086474249
1785251384.2637389,RightHybridRe,inactive,True,1.4968428866211143,314.6708387957858,338.63414056911563,1853.8008308085628
1785251384.2637389,DownHybridRe,active,True,8.195905614814027,275.089806138556,391.0218709133733,1981.5310697745226
1785251384.2637389,UpHybridRe,inactive,True,9.517067864004792,262.4174927052112,300.8357160582227,1922.445829627486
1785251384.2637389,CloseRe,inactive,True,4.425234869540622,316.90563155472637,380.276066473476,1713.7744427891666
1785251384.2637389,OpenRe,inactive,True,12.645714976729499,230.87062151134288,394.1771594669692,1838.0880200368774
1785251384.2637389,CloserHybridRe,inactive,True,6.299560738504685,306.6920289150755,299.3645369633923,1666.2551328967384
1785251384.2637389,FartherHybridRe,inactive,True,13.517389721154863,218.48958991761853,311.57907363788996,1784.8531364438932
1785251384.2637389,SwitchRef2,inactive,True,29.506157062187228,256.3129216044562,450.73460580377935,3981.5495578665505
1785251384.2637389,SwitchRef1,inactive,True,35.907536475617455,649.9777963881778,309.1175604716946,12938.839678854885
1785251384.7642064,LeftHybridRe,inactive,True,11.742340585598711,220.71696822487286,352.4585438785719,2006.9990197123625
1785251384.7642064,RightHybridRe,inactive,True,1.09570984234782,314.24896557969697,338.99466471332653,1851.547874969212
1785251384.7642064,DownHybridRe,active,True,9.034794371327013,274.4912388874736,391.0063735595172,1965.0332169950343
1785251384.7642064,UpHybridRe,inactive,True,7.601634292625129,261.9675020205285,300.7414106611851,1949.830664383011
1785251384.7642064,CloseRe,inactive,True,6.317725698200881,316.2505326356825,380.48779253331793,1694.1838860120624
1785251384.7642064,OpenRe,inactive,True,12.826085394688386,230.24290932395525,393.9916960903008,1831.2137275852874
1785251384.7642064,CloserHybridRe,inactive,True,4.083379257335964,306.4615151190411,299.5788508843472,1681.707669897507
1785251384.7642064,FartherHybridRe,inactive,True,12.076638916604056,217.6895758035711,311.25588584051786,1816.5188306651435
1785251384.7642064,SwitchRef2,inactive,True,30.124288708436946,256.0686348242724,450.6269299981277,3955.480676828629
1785251384.7642064,SwitchRef1,inactive,True,35.63906628406465,647.8741952832065,310.6519179538432,12980.1606934117
1785251385.263662,LeftHybridRe,inactive,True,10.834701266830766,220.1178251129883,352.65093743753687,2017.5381390579169
1785251385.263662,RightHybridRe,inactive,True,2.332916240158798,313.6425235336259,338.6254376130483,1837.8306635725312
1785251385.263662,DownHybridRe,active,True,9.268974856939193,274.305272264784,390.66036130163326,1949.28992924482
1785251385.263662,UpHybridRe,inactive,True,6.044791824081943,261.11386034506023,300.6754514722213,1960.69049519068
1785251385.263662,CloseRe,inactive,True,7.392880342326543,315.8554495246165,379.8702501666786,1671.8368001471827
1785251385.263662,OpenRe,inactive,True,12.502587983165347,230.0586875176204,394.0115313718998,1827.9765018445905
1785251385.263662,CloserHybridRe,inactive,True,2.9191358873521778,305.654828756308,299.3315878704777,1680.02559077771
1785251385.263662,FartherHybridRe,inactive,True,10.715193850163335,216.68489284627907,311.4100160169555,1837.3264957856409
1785251385.263662,SwitchRef2,inactive,True,30.290482368070954,255.2331147769007,450.8477482120527,4002.054972129823
1785251385.263662,SwitchRef1,inactive,True,34.56515670518097,643.9423946679777,316.54456323790464,12739.272554199706
1785251385.763623,LeftHybridRe,inactive,True,12.291090643805106,219.44421058520192,352.749614979544,2010.9949400996666
1785251385.763623,RightHybridRe,inactive,True,2.87422444841762,313.06541131128773,338.6916812322253,1857.5409388904154
1785251385.763623,DownHybridRe,active,True,10.54977877369438,273.6917318970469,390.81314304067666,1949.8799757898305
1785251385.763623,UpHybridRe,inactive,True,6.953973366063118,260.25636815841824,300.61887297679374,1974.8298786142113
1785251385.763623,CloseRe,inactive,True,8.090362844514042,315.33360298795253,380.0832575001547,1683.417318815642
1785251385.763623,OpenRe,inactive,True,13.952248549229195,229.51221248296636,394.0711390566566,1816.8979438633905
1785251385.763623,CloserHybridRe,inactive,True,2.450051436264634,304.9835600779593,299.1780752178565,1702.8763226226074
1785251385.763623,FartherHybridRe,inactive,True,11.913494106772976,215.85530962168127,311.4683001810754,1837.8191609497226
1785251385.763623,SwitchRef2,inactive,True,30.689566750682953,255.273607743224,450.82097711066484,3936.1156547782957
1785251385.763623,SwitchRef1,inactive,True,33.54463231479167,639.3735708081686,323.48463576293216,12529.739133361145
1785251386.2637537,LeftHybridRe,inactive,True,14.667000807877127,218.99942622300927,352.0133628487555,1978.6437945050893
1785251386.2637537,RightHybridRe,inactive,True,4.793498667061663,312.3013123978575,338.3742578791498,1871.950157133033
1785251386.2637537,DownHybridRe,active,True,12.761524314835944,272.93220146044916,390.21367437933804,1930.2148249070378
1785251386.2637537,UpHybridRe,inactive,True,8.776391716153592,259.41871389756636,300.04940958036315,1978.4500033072472
1785251386.2637537,CloseRe,inactive,True,9.667769359712748,314.5280920909378,379.82153023980015,1685.443239080494
1785251386.2637537,OpenRe,inactive,True,16.321096357539577,229.10628025006363,393.106684282073,1778.9283927178549
1785251386.2637537,CloserHybridRe,inactive,True,3.3539239162726964,304.21939991186696,298.6416428488886,1724.7155656426694
1785251386.2637537,FartherHybridRe,inactive,True,13.961084656285697,215.2836395024741,310.85118687684496,1819.3200329019091
1785251386.2637537,SwitchRef2,inactive,True,30.280653891061018,254.6608119332041,450.82840407891746,3974.5583532791134
1785251386.2637537,SwitchRef1,inactive,True,32.26226816256158,633.5151138520097,331.013666548051,12268.583752388586
1785251386.7635107,LeftHybridRe,inactive,True,12.265544489401163,218.4802223334917,352.8866929580621,2001.3503765773094
1785251386.7635107,RightHybridRe,inactive,True,1.0668387280375218,311.7838975666627,338.32073383176987,1852.5457761568468
1785251386.7635107,DownHybridRe,active,True,8.368363712012535,272.5589225739836,390.9024496591901,1977.9881847108118
1785251386.7635107,UpHybridRe,inactive,True,9.063636737120165,259.18635189032557,300.81241189143884,1932.392667043623
1785251386.7635107,CloseRe,inactive,True,4.8549560351812,314.28936376533744,379.87853725066253,1707.3755147992924
1785251386.7635107,OpenRe,inactive,True,12.670586001151621,228.30225356093425,394.3851705157226,1839.908971526398
1785251386.7635107,CloserHybridRe,inactive,True,5.769518112440132,303.5437088736715,299.09078723316935,1670.567183739935
1785251386.7635107,FartherHybridRe,inactive,True,13.170884953322496,215.17509581864934,311.8322172646435,1798.6506572701546
1785251386.7635107,SwitchRef2,inactive,True,30.059502499414286,254.25949573783433,451.2511480809868,3992.0101114787176
1785251386.7635107,SwitchRef1,inactive,True,31.30969302778596,628.1769380922782,341.69323513723634,11925.735842267808
1785251387.26612,LeftHybridRe,inactive,True,13.93595372884092,219.4430358484024,352.845346848189,1977.507113330801
1785251387.26612,RightHybridRe,inactive,True,3.139240074057685,312.46485370214634,338.35843162792105,1864.2692540368953
1785251387.26612,DownHybridRe,hovered,True,11.154273558753118,273.47273386983505,390.69928355073995,1945.721756733059
1785251387.26612,UpHybridRe,inactive,True,9.028482662186114,259.5816934240222,300.6607815019241,1953.5440520192278
1785251387.26612,CloseRe,inactive,True,7.7354442096893825,315.0203593933771,379.8663747574732,1695.1435766754366
1785251387.26612,OpenRe,inactive,True,15.069994778859401,229.60901227833085,394.01455607420996,1795.2755527914996
1785251387.26612,CloserHybridRe,inactive,True,4.220812286788849,304.1178000850024,298.8601090771987,1701.5222380672058
1785251387.26612,FartherHybridRe,hovered,True,13.879885808191064,215.69887391997153,311.7977616284866,1800.735242728544
1785251387.26612,SwitchRef2,inactive,True,29.5887720511794,254.9284403825963,451.58993294677737,4018.909451629843
1785251387.26612,SwitchRef1,inactive,True,29.872496747472916,624.323423944127,351.6064593407713,11551.775057979583
1785251387.7638073,LeftHybridRe,inactive,True,13.772787183786873,219.12261196732436,352.905704358041,1983.228065129053
1785251387.7638073,RightHybridRe,inactive,True,3.779298535638178,312.29489160889756,338.6145880426015,1860.8661714895643
1785251387.7638073,DownHybridRe,inactive,True,11.733490370591698,273.2555063289843,390.7223252653663,1933.9922096517475
1785251387.7638073,UpHybridRe,inactive,True,8.223958714502501,259.35134785699745,300.75697531907764,1967.3062976373294
1785251387.7638073,CloseRe,inactive,True,8.742516607235395,314.75952209236516,379.9870589578071,1682.0194650582926
1785251387.7638073,OpenRe,inactive,True,15.323285440000301,229.381280436555,393.9842884782261,1789.0065643937705
1785251387.7638073,CloserHybridRe,inactive,True,3.0714631871167364,304.0152281735898,299.0847958511249,1708.805100481928
1785251387.7638073,FartherHybridRe,active,True,13.289651564451637,215.27988699538557,311.80157773300317,1816.8093157998555
1785251387.7638073,SwitchRef2,inactive,True,29.355837424486058,255.0887419366547,451.51514388993223,3969.587327528774
1785251387.7638073,SwitchRef1,inactive,True,29.98184642519565,624.1355971975016,351.70323628025415,11578.558817250072
1785251388.2640254,LeftHybridRe,inactive,True,2.1644360988649542,218.54373781958617,352.9101595884123,2138.1002998775184
1785251388.2640254,RightHybridRe,inactive,True,11.846265974325355,311.83248929655144,338.37204646508894,1728.3650763376063
1785251388.2640254,DownHybridRe,inactive,True,9.8273215441572,273.4440600559976,390.48196831181315,1943.5272899253905
1785251388.2640254,UpHybridRe,inactive,True,6.977097089549837,260.38582443246946,300.57912474640625,1953.6734677928434
1785251388.2640254,CloseRe,inactive,True,13.283595736281933,314.03459294086974,378.8929331251732,1579.6952685284923
1785251388.2640254,OpenRe,inactive,True,7.368633488522501,228.66595941612442,394.96228954567624,1929.7558012554218
1785251388.2640254,CloserHybridRe,inactive,True,11.736331762669895,304.09023259043454,299.81640999954396,1583.2662358459202
1785251388.2640254,FartherHybridRe,active,True,2.9957255504692006,215.15317474960275,310.90985097632284,1941.6076542565715
1785251388.2640254,SwitchRef2,inactive,True,30.634548881053323,254.64974186600176,451.385692571612,3993.942801189005
1785251388.2640254,SwitchRef1,inactive,True,29.542378392605272,622.1527508461581,351.3275012951173,11389.44988057825
1785251388.7638907,LeftHybridRe,inactive,True,14.132138549706267,218.3217699293765,352.26746646259534,1989.0188472131085
1785251388.7638907,RightHybridRe,inactive,True,3.4246450374363975,311.69842043109634,338.1862122704117,1875.8906008001795
1785251388.7638907,DownHybridRe,inactive,True,11.46381063145533,272.3594494169504,390.463915624911,1954.364213013163
1785251388.7638907,UpHybridRe,inactive,True,9.054866724475247,258.79895371838023,300.10835392797173,1968.1708828205592
1785251388.7638907,CloseRe,inactive,True,8.06603289295033,314.06882685295204,379.80928027542944,1703.2056152555524
1785251388.7638907,OpenRe,inactive,True,15.34277522262053,228.36460046078201,393.57558422661424,1803.1728587918842
1785251388.7638907,CloserHybridRe,inactive,True,4.1084240477279605,303.50523091311607,298.51447916553957,1714.4775929348762
1785251388.7638907,FartherHybridRe,hovered,True,13.977342074811574,214.7154127171776,311.07525324033946,1813.7700614659407
1785251388.7638907,SwitchRef2,inactive,True,30.396830523292817,253.748224437097,451.3588952294676,4020.532798282824
1785251388.7638907,SwitchRef1,inactive,True,43.136513090924694,622.273601288073,341.0302899846255,6791.294413934433
1785251389.2646885,LeftHybridRe,inactive,True,15.997645072147058,217.68186648116114,351.6607798584608,1968.8691135379595
1785251389.2646885,RightHybridRe,inactive,True,5.624496009840792,310.87237507064333,337.77652952808626,1889.4749243146434
1785251389.2646885,DownHybridRe,inactive,True,13.632049753761171,271.6647771708359,389.86359768377326,1935.3844479607142
1785251389.2646885,UpHybridRe,inactive,True,10.245065688296107,257.73097171547477,299.4923309118854,1981.6210316717043
1785251389.2646885,CloseRe,inactive,True,10.084162565465167,313.2994593746699,379.4226986194616,1701.107494556316
1785251389.2646885,OpenRe,inactive,True,17.424377108590562,227.9444784421375,392.76007388866594,1771.8538686558968
1785251389.2646885,CloserHybridRe,inactive,True,4.800034626398728,302.57984343072155,297.877545732279,1739.4511073002723
1785251389.2646885,FartherHybridRe,inactive,True,15.4023420105171,213.7843963085906,310.4961215276044,1810.019148743766
1785251389.2646885,SwitchRef2,inactive,True,30.115994933843456,253.099554682476,450.1100310387908,4012.259650056614
1785251389.2646885,SwitchRef1,inactive,True,42.82251647022243,620.6586415433508,339.6799703306329,6768.499646359385
1785251389.7637103,LeftHybridRe,inactive,True,14.376945754606641,217.84056224283754,351.05187120020764,1991.0925024206153
1785251389.7637103,RightHybridRe,inactive,True,3.4189016694200896,311.3022949336448,337.0137339314248,1883.4733895763056
1785251389.7637103,DownHybridRe,inactive,True,11.420979191033377,271.8674890623105,389.3828709540103,1962.6354795697262
1785251389.7637103,UpHybridRe,inactive,True,9.49894723062705,258.3780409851644,298.85797646916046,1969.811150025449
1785251389.7637103,CloseRe,inactive,True,7.818875267770153,313.6599087061155,378.748619184661,1712.6400277526554
1785251389.7637103,OpenRe,inactive,True,15.430952029304313,227.83116723444186,392.4457574603721,1808.0534392814443
1785251389.7637103,CloserHybridRe,inactive,True,4.622171803661946,303.116938259999,297.27118338292047,1718.5452467722425
1785251389.7637103,FartherHybridRe,inactive,True,14.359564640226695,214.2929052749061,309.82102176306904,1812.9813904209877
1785251389.7637103,SwitchRef2,inactive,True,30.149694012993073,253.43322892500322,449.83783971864455,4002.077175927727
1785251389.7637103,SwitchRef1,inactive,True,42.94862072266407,621.1529798355169,339.35145638640654,6769.458007131761
1785251390.263776,LeftHybridRe,inactive,True,14.971985655922872,217.94240059396813,351.4442789627628,1967.5583630104702
1785251390.263776,RightHybridRe,inactive,True,5.036839543645386,310.9968190490541,337.66750622699374,1865.8816088998283
1785251390.263776,DownHybridRe,inactive,True,13.001086677679798,271.84022146067696,389.45251102281014,1920.0956239514635
1785251390.263776,UpHybridRe,inactive,True,9.08596828356231,258.10931730231493,299.51498519331346,1971.1584684638838
1785251390.263776,CloseRe,inactive,True,9.819260743178834,313.32128976709646,379.02609959559913,1678.6624724650537
1785251390.263776,OpenRe,inactive,True,16.59141524060606,228.1445543863616,392.4012820147717,1767.7362767557497
1785251390.263776,CloserHybridRe,inactive,True,3.6562103757139788,302.830003103608,298.01339470614084,1720.264951267549
1785251390.263776,FartherHybridRe,hovered,True,14.262454657391414,214.1096637946603,310.38929242517236,1810.6663608344206
1785251390.263776,SwitchRef2,inactive,True,30.843940360155155,253.3214839708345,449.9370212894039,3987.750078936675
1785251390.263776,SwitchRef1,inactive,True,42.695022393689364,620.9502044307286,339.60055792246794,6765.900159855271
1785251390.7635765,LeftHybridRe,inactive,True,15.474067804476736,217.3573462864031,351.7781698502423,1969.1243756556723
1785251390.7635765,RightHybridRe,inactive,True,6.221376434452992,310.53157661114153,337.90543062142314,1867.7753074681968
1785251390.7635765,DownHybridRe,inactive,True,14.07845965565855,271.5075232150066,389.57203570175716,1907.244831190801
1785251390.7635765,UpHybridRe,inactive,True,9.032367230562729,257.3552780522736,299.7473701463219,1987.9700164423448
1785251390.7635765,CloseRe,inactive,True,11.129649793618439,312.93531823068605,379.1418656742761,1668.446364444928
1785251390.7635765,OpenRe,inactive,True,17.42006782308945,227.84027734831662,392.56990221584624,1756.4071736917977
1785251390.7635765,CloserHybridRe,inactive,True,3.551811350922127,302.25616491882494,298.20097491167587,1734.1111665255594
1785251390.7635765,FartherHybridRe,active,True,14.339041557902599,213.22469414091552,310.698314747054,1825.0876208214504
1785251390.7635765,SwitchRef2,inactive,True,29.862219645901035,252.74801274741336,450.26828034456014,4018.2474982383283
1785251390.7635765,SwitchRef1,inactive,True,42.84523347298462,620.6411186280266,339.9223050670972,6752.098167705102
1785251391.2637277,LeftHybridRe,inactive,True,4.965162853298737,216.3785948556964,352.05171349590285,2170.7773342961955
1785251391.2637277,RightHybridRe,inactive,True,14.239314337988096,309.87283697511316,338.0623203919747,1715.092511936913
1785251391.2637277,DownHybridRe,inactive,True,8.071161048735936,272.0577669688793,390.4079763001113,2017.9897584472928
1785251391.2637277,UpHybridRe,inactive,True,12.748356943141731,258.15685618032285,300.43350891130257,1894.7381032171543
1785251391.2637277,CloseRe,inactive,True,13.138342519999219,312.91350943860857,378.78030609021897,1618.4849080324857
1785251391.2637277,OpenRe,inactive,True,2.762485469255015,226.55803138782287,394.8192818457063,2024.9465792367337
1785251391.2637277,CloserHybridRe,inactive,True,16.157771641532797,301.45409336582514,300.0180428716928,1525.2118512140805
1785251391.2637277,FartherHybridRe,active,True,9.819573866718986,213.13034764992025,310.23802532529874,1907.08834716813
1785251391.2637277,SwitchRef2,inactive,True,29.689784773297713,253.30404263966486,450.67969311333644,3982.4223483318056
1785251391.2637277,SwitchRef1,inactive,True,42.93046987898014,618.0151686258639,338.83897848935044,6669.470560262751
1785251391.7635002,LeftHybridRe,inactive,True,15.456879341791982,217.19422480722272,351.991439435359,1969.3087582810003
1785251391.7635002,RightHybridRe,inactive,True,5.497834023369579,310.28364989210843,337.76001651730115,1874.5133902762318
1785251391.7635002,DownHybridRe,inactive,True,13.474530436589077,271.36581558674817,389.7812397603949,1922.240751950747
1785251391.7635002,UpHybridRe,inactive,True,9.485535732268366,257.0615094425066,299.78283724948534,1979.6537707795324
1785251391.7635002,CloseRe,inactive,True,10.211230261404125,312.8439765988006,379.1729036948986,1683.6569903634372
1785251391.7635002,OpenRe,inactive,True,17.08269988034011,227.67273992285337,392.91219630163005,1766.8309040553067
1785251391.7635002,CloserHybridRe,inactive,True,4.013272752034836,301.8732684939198,298.04469322942424,1730.5986114473926
1785251391.7635002,FartherHybridRe,hovered,True,14.690319244922424,213.08048825086541,310.9057850460032,1815.154382953573
1785251391.7635002,SwitchRef2,inactive,True,29.903719378486024,252.81594657250028,450.27392720213027,3987.6214060454076
1785251391.7635002,SwitchRef1,inactive,True,43.23103012671273,613.5297466407563,336.8970880786344,6456.80010484255
1785251392.2640767,LeftHybridRe,inactive,True,16.120232651001864,217.23627089551388,351.0239106202097,1971.1577045673512
1785251392.2640767,RightHybridRe,inactive,True,5.87041999247654,310.52917585795524,337.32115251210365,1891.9408879340772
1785251392.2640767,DownHybridRe,inactive,True,13.88178503226591,271.2281511235809,389.315748573099,1933.9705966407273
1785251392.2640767,UpHybridRe,inactive,True,10.237848098175576,257.36936318615244,298.89325769584576,1987.8918657573558
1785251392.2640767,CloseRe,inactive,True,10.386826759770113,312.8904483922624,378.96440982949036,1700.2171732690113
1785251392.2640767,OpenRe,inactive,True,17.62194362295104,227.48983796460692,392.1257162196617,1770.6155885463813
1785251392.2640767,CloserHybridRe,inactive,True,4.755777002993126,302.28890132486777,297.36836763201427,1744.8189777208318
1785251392.2640767,FartherHybridRe,inactive,True,15.43205770959211,213.3465519914939,309.82254650888257,1815.450310291766
1785251392.2640767,SwitchRef2,inactive,True,30.324035522758336,252.6476759710382,450.03506243284863,4021.898645923342
1785251392.2640767,SwitchRef1,inactive,True,42.95830361562525,613.5436621477238,335.97559772975944,6453.496266052927
1785251392.7637367,LeftHybridRe,inactive,True,15.16776258547942,216.90747394357552,350.8634349301167,1987.87549091037
1785251392.7637367,RightHybridRe,inactive,True,4.583751355605617,310.4238305625084,336.959773936984,1891.477119957548
1785251392.7637367,DownHybridRe,inactive,True,12.61800448620474,271.00516114938625,389.20526929135053,1952.9454417871384
1785251392.7637367,UpHybridRe,inactive,True,9.724766039226008,257.3163617644763,298.62664616379794,1984.5995141867643
1785251392.7637367,CloseRe,inactive,True,9.093258408486609,312.7813939484633,378.68738733398203,1709.5154472827198
1785251392.7637367,OpenRe,inactive,True,16.47726397525953,227.0489754800612,392.16282583414346,1794.8056162354915
1785251392.7637367,CloserHybridRe,inactive,True,4.440685595306188,302.20694182054547,297.07111374408686,1735.5017305300862
1785251392.7637367,FartherHybridRe,inactive,True,14.790289740194776,213.1817083073087,309.58766009619063,1820.8230872976164
1785251392.7637367,SwitchRef2,inactive,True,29.600495711299835,252.92712610429766,449.90135920492946,3985.5288575311934
1785251392.7637367,SwitchRef1,inactive,True,42.904454147102015,613.2519640722951,336.1408751618521,6482.29989423955
1785251393.2640212,LeftHybridRe,hovered,True,15.102405778969441,216.87271303717574,349.957368767308,1992.0871308761198
1785251393.2640212,RightHybridRe,inactive,True,4.998401574426676,310.5359454215983,336.3022512289737,1890.2094253742907
1785251393.2640212,DownHybridRe,inactive,True,13.023672839824371,271.03079600109095,388.3326730018047,1944.5349810071639
1785251393.2640212,UpHybridRe,inactive,True,9.2572689470495,257.38874433394545,297.7859977945513,1996.059399357655
1785251393.2640212,CloseRe,inactive,True,9.764631394991072,312.7952934990435,377.93676069799926,1700.5347756578267
1785251393.2640212,OpenRe,inactive,True,16.67759278188265,227.0602109974138,391.19740654554766,1789.761089644322
1785251393.2640212,CloserHybridRe,inactive,True,3.815788371129884,302.39543541973154,296.37233606060954,1742.452090387189
1785251393.2640212,FartherHybridRe,inactive,True,14.44352068572476,213.09634282472337,308.6344528160919,1833.2216477321344
1785251393.2640212,SwitchRef2,inactive,True,29.660219402765687,253.07069359160008,448.5751041136608,3979.043420569964
1785251393.2640212,SwitchRef1,inactive,True,43.112127300666444,613.7256523975643,335.12889881230893,6460.934500253672
1785251393.7638633,LeftHybridRe,active,True,14.791389143782997,216.7882002007471,350.1525335714707,1988.8536994431415
1785251393.7638633,RightHybridRe,inactive,True,4.234480562625783,310.24211751749294,336.0048653998577,1884.839648354624
1785251393.7638633,DownHybridRe,inactive,True,12.271455958501479,270.98973289253195,388.29264365278596,1949.997399323096
1785251393.7638633,UpHybridRe,inactive,True,9.408358779608728,257.0908875653828,297.8621663784599,1981.5397986341122
1785251393.7638633,CloseRe,inactive,True,8.82669648819872,312.69818447951985,377.6518858083216,1703.8819891994572
1785251393.7638633,OpenRe,inactive,True,16.10698481196409,227.03445090996013,391.3978759567374,1795.3580321813788
1785251393.7638633,CloserHybridRe,inactive,True,4.193392497027581,301.94070505578554,296.21255879604894,1729.464792218765
1785251393.7638633,FartherHybridRe,inactive,True,14.447392057608328,212.9633762834279,308.9123106478343,1821.6546552969085
1785251393.7638633,SwitchRef2,inactive,True,29.570644613562695,252.53596778513705,449.07420529240926,4014.680222456758
1785251393.7638633,SwitchRef1,inactive,True,42.97806338910764,613.2151842390879,334.9636705846827,6483.783823755701
1785251394.2636797,LeftHybridRe,active,True,16.024648572842455,216.5680197456538,350.1725713105883,1966.0496209097255
1785251394.2636797,RightHybridRe,inactive,True,6.223367833469209,309.7390633880594,336.41323469823243,1879.5189586785564
1785251394.2636797,DownHybridRe,inactive,True,14.186857918742938,270.6368867641088,388.1856404670408,1915.9170831656302
1785251394.2636797,UpHybridRe,inactive,True,9.841834884462006,256.53944845265227,298.11703327795703,1988.1946745909554
1785251394.2636797,CloseRe,inactive,True,10.922935344730838,312.1472487473853,377.8268748462448,1681.8975906106425
1785251394.2636797,OpenRe,inactive,True,17.7420394021335,226.98774813348714,391.06526076490576,1757.7174041705366
1785251394.2636797,CloserHybridRe,inactive,True,4.337702850373169,301.4538584765828,296.5799808050955,1741.104915029362
1785251394.2636797,FartherHybridRe,inactive,True,15.098966228142038,212.4940916514899,309.05772085797923,1818.835145649653
1785251394.2636797,SwitchRef2,inactive,True,29.335905842522287,252.15373088360377,449.284826296651,4033.8363958419213
1785251394.2636797,SwitchRef1,inactive,True,42.87207791318489,608.1393084864553,335.5027074070121,6442.798070053206
1785251394.7637258,LeftHybridRe,hovered,True,12.765370358683441,215.54975048383557,350.29317136192253,2008.86118434737
1785251394.7637258,RightHybridRe,inactive,True,2.5075141115612283,309.1311627787636,335.9567897030579,1860.580011203674
1785251394.7637258,DownHybridRe,inactive,True,10.46370114059446,269.9209714237642,388.218929574329,1953.1480452745382
1785251394.7637258,UpHybridRe,inactive,True,7.785341738132669,256.1712839594892,298.0666491825552,1971.9095724673825
1785251394.7637258,CloseRe,inactive,True,7.5902384092508415,311.56606975600533,377.3781770301444,1688.6137390651784
1785251394.7637258,OpenRe,inactive,True,14.130907629849531,225.74517419719805,391.58830988083116,1817.6746262698725
1785251394.7637258,CloserHybridRe,inactive,True,3.2813671422198634,300.8953707480305,296.4711573601659,1702.9691372218876
1785251394.7637258,FartherHybridRe,inactive,True,12.629607438099386,211.83794258141555,309.05869593480395,1833.6268317444883
1785251394.7637258,SwitchRef2,inactive,True,29.610592555842,251.6995735101287,449.03756706513445,4022.429920244751
1785251394.7637258,SwitchRef1,inactive,True,41.75382534737742,598.2739831697679,338.32699272084216,6527.093448139072
1785251395.2640238,LeftHybridRe,inactive,True,17.773573985261937,215.27971440644527,350.0126032670115,1963.716914418208
1785251395.2640238,RightHybridRe,inactive,True,7.848359472233833,308.63436640684165,336.418490344799,1908.228849460851
1785251395.2640238,DownHybridRe,inactive,True,15.832766143282306,269.4789529226519,388.28508248505847,1921.2371994697169
1785251395.2640238,UpHybridRe,inactive,True,11.441982977397032,255.04448946163262,297.7768884093329,2010.405741565999
1785251395.2640238,CloseRe,inactive,True,12.316353960912693,311.1259178925546,378.08239937992494,1699.7021526782992
1785251395.2640238,OpenRe,inactive,True,19.464357099473617,225.87199742757508,390.9568270895371,1749.7237462897538
1785251395.2640238,CloserHybridRe,inactive,True,5.946041670368923,300.2147712112489,296.2289453671504,1773.9533734873257
1785251395.2640238,FartherHybridRe,inactive,True,16.732520670026922,211.0030636292129,308.76659181692906,1824.3082683246248
1785251395.2640238,SwitchRef2,inactive,True,29.230495605713905,251.20995638644615,449.16278489138745,4002.152782365876
1785251395.2640238,SwitchRef1,inactive,True,41.519730518330746,594.919105520084,338.37380539131266,6529.151759796761
1785251395.7640934,LeftHybridRe,hovered,True,15.550070322574218,214.05225642467775,350.70956705237484,1979.3887141574705
1785251395.7640934,RightHybridRe,inactive,True,4.481927794532486,307.2918294634253,336.2853379438217,1889.2277290788115
1785251395.7640934,DownHybridRe,inactive,True,12.289793732044968,268.1395885352905,388.82000713026696,1959.2784116750627
1785251395.7640934,UpHybridRe,inactive,True,10.691836075086671,254.17862048419235,298.3605855637541,1966.8425453339005
1785251395.7640934,CloseRe,inactive,True,8.31796499809293,309.87219670960656,378.0647542433974,1717.1857487114394
1785251395.7640934,OpenRe,inactive,True,16.445725028792687,224.2380957881058,392.00012038278527,1797.7686796429698
1785251395.7640934,CloserHybridRe,inactive,True,5.6568636515654225,298.893357369171,296.52248632462556,1723.5978250475891
1785251395.7640934,FartherHybridRe,inactive,True,15.55704764280697,210.285379899366,309.5554918660474,1803.07017603438
1785251395.7640934,SwitchRef2,inactive,True,30.58567789469767,250.0425877467719,449.0579315298354,3973.555182039432
1785251395.7640934,SwitchRef1,inactive,True,41.06737233020307,593.5347049264449,338.5947934847236,6554.959790576046
1785251396.2637286,LeftHybridRe,inactive,True,14.462888057069216,214.2870400139838,349.63782499544055,1986.2433055327783
1785251396.2637286,RightHybridRe,inactive,True,3.9011824703548625,307.58966392893774,335.3473855912919,1871.2348465491596
1785251396.2637286,DownHybridRe,inactive,True,11.908989720605067,268.4973785029408,387.5579484692396,1942.5889580066141
1785251396.2637286,UpHybridRe,inactive,True,9.204931258713076,254.52291996182026,297.4256458722366,1971.562781111068
1785251396.2637286,CloseRe,inactive,True,8.503743464896278,310.09777600220707,376.83775188452256,1693.0472314685612
1785251396.2637286,OpenRe,inactive,True,15.741546256186902,224.5696681076482,390.7834690735792,1793.6983762575765
1785251396.2637286,CloserHybridRe,inactive,True,4.10074789084789,299.26322172856305,295.73218417651026,1716.2175929811056
1785251396.2637286,FartherHybridRe,inactive,True,14.185873345239651,210.43046109707913,308.49776891924336,1818.183813142703
1785251396.2637286,SwitchRef2,inactive,True,29.595327663478045,250.4660315863368,448.45325091992794,4005.214884477602
1785251396.2637286,SwitchRef1,inactive,True,41.13886881284174,594.1952431925513,337.42181110451577,6527.09211729349
1785251396.763641,LeftHybridRe,inactive,True,15.52670723839734,212.84030002784317,350.0210067903535,1992.9456095806127
1785251396.763641,RightHybridRe,inactive,True,4.640897687409591,306.34746886291396,335.2648139388098,1897.1297734069449
1785251396.763641,DownHybridRe,inactive,True,12.584319047929018,267.3394090312803,387.95281111309936,1961.373100335164
1785251396.763641,UpHybridRe,inactive,True,10.370193176670181,252.84872482006395,297.3831747991665,1986.0843022363042
1785251396.763641,CloseRe,inactive,True,8.789255005498308,309.09703630771696,377.0497887503267,1717.5700967162993
1785251396.763641,OpenRe,inactive,True,16.61395924254485,223.3375668030959,391.30253793556255,1802.3087201341114
1785251396.763641,CloserHybridRe,inactive,True,5.187612308231537,297.76024803047653,295.4182792829196,1737.6909125236489
1785251396.763641,FartherHybridRe,inactive,True,15.34289990760623,208.77591214494905,308.7494422484008,1822.8066397473813
1785251396.763641,SwitchRef2,inactive,True,29.930634191771656,249.1276980883023,448.6095619601335,3989.8571419183572
1785251396.763641,SwitchRef1,inactive,True,41.06636759743103,592.5272889366589,336.8805092036323,6535.972871072343
1785251397.263639,LeftHybridRe,inactive,True,16.538020393380094,213.19659388581596,349.24499640901774,1965.4307782882497
1785251397.263639,RightHybridRe,inactive,True,6.168731765660211,306.33506283237614,335.3414518983195,1888.02750008578
1785251397.263639,DownHybridRe,inactive,True,14.131806636064864,267.2539052697705,387.33821110268826,1927.5863808782815
1785251397.263639,UpHybridRe,inactive,True,10.751354325549457,253.09953479061443,297.0924537192859,1983.723848930029
1785251397.263639,CloseRe,inactive,True,10.494369060577641,308.83032405982027,376.91729738375295,1695.8148249090373
1785251397.263639,OpenRe,inactive,True,17.942821380107294,223.58947596168383,390.2417924833405,1764.3849528085484
1785251397.263639,CloserHybridRe,inactive,True,5.296029063094681,297.9762813394978,295.45583585643607,1742.0641700732958
1785251397.263639,FartherHybridRe,inactive,True,15.907553170788013,209.15810921325516,308.11980549022786,1811.575515340308
1785251397.263639,SwitchRef2,inactive,True,29.97179352493086,249.02413534921854,448.2730375791326,4012.937373727036
1785251397.263639,SwitchRef1,inactive,True,40.99421433556328,592.7597614959927,336.93659116610826,6538.562989310449
1785251397.763719,LeftHybridRe,inactive,True,15.21680164673442,212.30581235688956,349.4598595914028,1975.845646971633
1785251397.763719,RightHybridRe,inactive,True,4.23613873884398,305.4359720418875,335.1998413999414,1875.500129920154
1785251397.763719,DownHybridRe,inactive,True,12.075414943306829,266.3118594898456,387.48827525438145,1947.834176532735
1785251397.763719,UpHybridRe,inactive,True,10.333378009661422,252.48116799405284,297.30925251417824,1960.122045608965
1785251397.763719,CloseRe,inactive,True,8.218674636018761,307.9459120403206,376.8012223311032,1703.2146251734885
1785251397.763719,OpenRe,inactive,True,16.168009773700202,222.45342831564045,390.64266431341014,1792.090631255407
1785251397.763719,CloserHybridRe,inactive,True,5.327628154224149,297.1213363197086,295.5728188610185,1713.175784707826
1785251397.763719,FartherHybridRe,inactive,True,15.192853092213086,208.57402387392779,308.3904214561894,1801.850413922144
1785251397.763719,SwitchRef2,inactive,True,29.33829026505365,248.48241831445796,448.50788126793265,4006.042370395582
1785251397.763719,SwitchRef1,inactive,True,41.17229461979304,591.9990229310245,336.9344829456176,6536.235288029231
1785251398.2636414,LeftHybridRe,inactive,True,17.482564698246517,212.72842213655383,348.99615803010386,1967.3219944983139
1785251398.2636414,RightHybridRe,inactive,True,7.459767573253743,306.10432507671646,335.4313059357211,1902.4583757541186
1785251398.2636414,DownHybridRe,inactive,True,15.433392248520693,266.9027053606687,387.26857938057776,1922.8315311813421
1785251398.2636414,UpHybridRe,hovered,True,11.275908679326207,252.62376319730626,296.8240345702892,2005.7475334454866
1785251398.2636414,CloseRe,inactive,True,11.887266732814865,308.54936118055457,377.05439654301307,1697.4720327786563
1785251398.2636414,OpenRe,inactive,True,19.105264407340073,223.24623132724085,389.96288787165827,1755.2156305092067
1785251398.2636414,CloserHybridRe,inactive,True,5.77512525118988,297.74686800469374,295.3183922809579,1766.139966328752
1785251398.2636414,FartherHybridRe,inactive,True,16.536113054416102,208.5430159049469,307.76513506584286,1824.997930752048
1785251398.2636414,SwitchRef2,inactive,True,29.183894569183543,248.84156570480337,448.54178888762897,4023.0386093563866
1785251398.2636414,SwitchRef1,inactive,True,41.24898883862376,592.422846299459,337.0151475453331,6520.579310624351
1785251398.7637644,LeftHybridRe,inactive,True,16.239411118524167,212.49053391247614,349.82255719752214,1970.4149187330877
1785251398.7637644,RightHybridRe,inactive,True,5.051895288276667,305.56134776351496,335.3056268313446,1893.1459315687316
1785251398.7637644,DownHybridRe,inactive,True,12.586017784356196,266.45890699112533,387.9450721028993,1961.9560204619847
1785251398.7637644,UpHybridRe,active,True,11.623878415193346,252.48175286301688,297.4596769129394,1959.0761045081927
1785251398.7637644,CloseRe,inactive,True,8.311641748399067,308.193104148289,377.171000722325,1724.686822727832
1785251398.7637644,OpenRe,inactive,True,16.90617093078999,222.63681048496673,391.11837362649186,1794.4995888944177
1785251398.7637644,CloserHybridRe,inactive,True,6.641706978077802,297.12279561185824,295.52857972734694,1722.660998237261
1785251398.7637644,FartherHybridRe,inactive,True,16.40700658291465,208.75079185786413,308.72376131933754,1790.8479475610839
1785251398.7637644,SwitchRef2,inactive,True,29.455970740500284,248.67310197694567,448.364521926173,3987.705001792041
1785251398.7637644,SwitchRef1,inactive,True,41.316790357398865,591.9975668299543,337.2382547643375,6539.043634247893
1785251399.2637663,LeftHybridRe,inactive,True,16.342092571801,212.56447553717803,349.09215690804007,1968.5016667483796
1785251399.2637663,RightHybridRe,inactive,True,5.650778413390742,305.6748741535113,334.8432775853121,1889.1252925158406
1785251399.2637663,DownHybridRe,inactive,True,13.564188601443481,266.6831120648407,387.0994012960182,1937.9980578660106
1785251399.2637663,UpHybridRe,active,True,10.906055234136607,252.41395173180072,296.8009975423037,1977.1154146029403
1785251399.2637663,CloseRe,inactive,True,9.748467741375645,308.28560627387884,376.4970669401325,1703.8583184565869
1785251399.2637663,OpenRe,inactive,True,17.53047269959695,222.9660198127408,390.1664514635946,1774.3759101553587
1785251399.2637663,CloserHybridRe,inactive,True,5.557397735142936,297.22180473647325,295.00608917521566,1736.0666678921261
1785251399.2637663,FartherHybridRe,inactive,True,15.96206618731967,208.53636294495416,307.9716858486774,1807.0787948740108
1785251399.2637663,SwitchRef2,inactive,True,28.16534957014088,248.81783924833792,448.6188613555646,4031.39922029202
1785251399.2637663,SwitchRef1,inactive,True,41.03782475515876,591.5845195293649,337.11391615010785,6532.852819779277
1785251399.7636926,LeftHybridRe,inactive,True,16.633680084690322,212.226543752484,348.9578749250847,1969.9397921167365
1785251399.7636926,RightHybridRe,inactive,True,5.678079743514008,305.34875191033075,334.473801546734,1898.2423050327998
1785251399.7636926,DownHybridRe,inactive,True,13.467551272083984,266.3745574724813,387.00128744278067,1950.4220892958692
1785251399.7636926,UpHybridRe,active,True,11.491637558140567,252.01586455687934,296.5081820603575,1975.3750698761723
1785251399.7636926,CloseRe,inactive,True,9.40744641489203,308.0507008594488,376.2887462680744,1717.663477311915
1785251399.7636926,OpenRe,inactive,True,17.601376517974163,222.62347011068027,390.1392383093232,1782.0297972533663
1785251399.7636926,CloserHybridRe,inactive,True,6.235714795946811,296.81117979704044,294.5797031498372,1738.415275044521
1785251399.7636926,FartherHybridRe,inactive,True,16.46104507126275,208.21248155484952,307.8057138339323,1802.463339972699
1785251399.7636926,SwitchRef2,inactive,True,28.90753127673687,248.10521750589962,447.8590906939835,4057.4356235340892
1785251399.7636926,SwitchRef1,inactive,True,41.33048766105031,591.5213327952756,336.7418841570255,6543.273157361909
1785251400.2640812,LeftHybridRe,inactive,True,18.536643848001265,212.25710748682718,348.2289979613214,1947.6559709503563
1785251400.2640812,RightHybridRe,hovered,True,8.703842781377762,305.3098516026981,334.6980583388129,1900.3642843960843
1785251400.2640812,DownHybridRe,inactive,True,16.634649230354473,266.40950382326855,386.31878645341675,1901.8647014375092
1785251400.2640812,UpHybridRe,hovered,True,12.13693674999496,251.68929343700398,296.13685798964957,2005.4600484927469
1785251400.2640812,CloseRe,inactive,True,13.077107822330774,307.89023524521093,376.20113855721576,1686.4737073312426
1785251400.2640812,OpenRe,inactive,True,20.24386169975074,223.00256006401426,388.9467186924824,1729.2726243552097
1785251400.2640812,CloserHybridRe,inactive,True,6.705299898001009,296.80681456078264,294.5746760294252,1772.7564199543558
1785251400.2640812,FartherHybridRe,inactive,True,17.41008073329054,207.78622674551846,307.12201978493243,1816.3330912951933
1785251400.2640812,SwitchRef2,inactive,True,29.155220249650267,248.20680378277154,447.6680658337359,4045.5605914560147
1785251400.2640812,SwitchRef1,inactive,True,41.50027626497682,593.5032617198049,333.16318000288925,6569.260657314007
1785251400.7635896,LeftHybridRe,inactive,True,16.47306663852043,212.50714664208675,348.54164390428673,1973.0425739969724
1785251400.7635896,RightHybridRe,inactive,True,6.408315150978344,305.78769050417145,334.3102819565477,1888.97735957439
1785251400.7635896,DownHybridRe,inactive,True,14.386000054554753,266.90561196780243,386.3695605624333,1923.3753649233622
1785251400.7635896,UpHybridRe,inactive,True,10.428604294084371,252.2427879983699,296.19075560235245,1996.608961038135
1785251400.7635896,CloseRe,inactive,True,10.92996650798685,308.44669350009485,375.80676140728644,1690.0903178300214
1785251400.7635896,OpenRe,inactive,True,18.05836150176685,223.1962200007386,389.4521517951323,1763.5958311397553
1785251400.7635896,CloserHybridRe,inactive,True,4.932819266152525,297.25261813545706,294.42445159991513,1749.9340719180836
1785251400.7635896,FartherHybridRe,hovered,True,15.651865570881359,208.1752881672178,307.3751615959253,1826.001210389637
1785251400.7635896,SwitchRef2,inactive,True,29.67656617256572,248.39889548517633,447.55935265720393,4033.673414575802
1785251400.7635896,SwitchRef1,inactive,True,41.87179457078002,595.254647184471,330.69920557537125,6608.794897679167
1785251401.265853,LeftHybridRe,inactive,True,17.35753909317858,212.34704736766395,348.9694102449538,1959.6777885830234
1785251401.265853,RightHybridRe,inactive,True,6.712477621586287,305.36679670480777,334.75855870380457,1900.132311232017
1785251401.265853,DownHybridRe,inactive,True,14.59603889204465,266.45497324739176,387.0282150374711,1934.1132863063249
1785251401.265853,UpHybridRe,inactive,True,11.756523201477366,251.9510772762501,296.61087850629247,1983.6996685169433
1785251401.265853,CloseRe,inactive,True,10.67726807467123,308.0485322007942,376.501712458158,1708.783354593761
1785251401.265853,OpenRe,inactive,True,18.56988592400989,222.86007148083633,389.99981894279176,1762.5491991379022
1785251401.265853,CloserHybridRe,inactive,True,6.32300256445474,296.82345238280664,294.76908486251244,1750.0983204830336
1785251401.265853,FartherHybridRe,active,True,16.864447313860527,208.17483955256625,307.8359463640072,1803.83084495402
1785251401.265853,SwitchRef2,inactive,True,28.953547619114897,248.2324506936012,448.4353264140243,4048.5407059622376
1785251401.265853,SwitchRef1,inactive,True,41.61221412338199,594.8142262256313,330.93315849080113,6631.863043905716
1785251401.7636223,LeftHybridRe,inactive,True,15.495258651108342,211.71097812337845,349.20168376513095,1985.7204699530303
1785251401.7636223,RightHybridRe,inactive,True,4.763549209301751,305.08056022849183,334.70445620450676,1886.6500535864689
1785251401.7636223,DownHybridRe,inactive,True,12.718065210980724,266.0670792354016,387.1164429440764,1948.4359019152034
1785251401.7636223,UpHybridRe,inactive,True,10.207956810737238,251.7435647847846,296.7798372708044,1980.8029686254922
1785251401.7636223,CloseRe,inactive,True,9.017360663647874,307.73254483466263,376.3426968283268,1705.1058808109665
1785251401.7636223,OpenRe,inactive,True,16.671039135610453,222.15144583039233,390.36887885872943,1792.2687169414494
1785251401.7636223,CloserHybridRe,inactive,True,4.9724795406658355,296.5956720112936,294.93924666877757,1731.3205056804218
1785251401.7636223,FartherHybridRe,active,True,15.21397123586425,207.68782092048326,308.0109859579176,1819.5878915724497
1785251401.7636223,SwitchRef2,inactive,True,29.4256051203911,248.1027105932543,448.6668338062655,4048.529098210798
1785251401.7636223,SwitchRef1,inactive,True,41.52103858986337,591.951012948318,329.90141612905603,6598.15524707103
1785251402.2640173,LeftHybridRe,inactive,True,16.24720845391888,210.71458007459546,349.16147162492564,1982.4793550430113
1785251402.2640173,RightHybridRe,inactive,True,6.093851351552277,304.23438266239106,335.3979632031074,1890.4911012300654
1785251402.2640173,DownHybridRe,inactive,True,14.075098649271263,264.95582668985077,387.34545198503986,1933.1324893015626
1785251402.2640173,UpHybridRe,inactive,True,10.306038440471987,250.92250099203196,296.98590525073575,1997.1473196341722
1785251402.2640173,CloseRe,inactive,True,10.600548965261357,306.6349358111473,376.95652043050256,1695.425044701551
1785251402.2640173,OpenRe,inactive,True,17.780908280273007,221.1043987521577,390.2325460437651,1776.0272318507414
1785251402.2640173,CloserHybridRe,inactive,True,4.825327475293145,295.95472855662337,295.47451488488485,1747.7129558215893
1785251402.2640173,FartherHybridRe,hovered,True,15.503666300345337,206.71046504755418,307.9227201883805,1830.4108403452665
1785251402.2640173,SwitchRef2,inactive,True,30.243841811568345,246.5403127318326,448.5433271774323,4068.970745646373
1785251402.2640173,SwitchRef1,inactive,True,42.06698010960281,587.1415011738718,328.2647334319264,6341.649506149071
1785251402.763756,LeftHybridRe,inactive,True,15.476845963968216,210.78537344611905,348.55971424217023,1986.0701061469226
1785251402.763756,RightHybridRe,inactive,True,4.240796136625382,304.1151996428827,333.9459955142895,1888.9351713731303
1785251402.763756,DownHybridRe,inactive,True,11.774309234679764,264.96237601234,386.62887227048543,1969.1775813085624
1785251402.763756,UpHybridRe,inactive,True,11.06187033310153,250.98725828516567,296.1558165378881,1962.572765087025
1785251402.763756,CloseRe,inactive,True,7.5728551435880895,306.751163904752,375.7586217134499,1723.113058255156
1785251402.763756,OpenRe,inactive,True,16.101131668102415,220.95438405754086,389.92073752383146,1809.6898798575712
1785251402.763756,CloserHybridRe,inactive,True,6.271661917770753,295.67981323423635,294.2496402475961,1717.638006967114
1785251402.763756,FartherHybridRe,inactive,True,15.761155304175112,207.06350384817196,307.40952985274924,1803.266082971495
1785251402.763756,SwitchRef2,inactive,True,29.407446209413298,246.7120853207031,447.70938767911775,4078.2600241663313
1785251402.763756,SwitchRef1,inactive,True,42.083594983918374,586.9697382132042,327.34920676731525,6341.445364183717
1785251403.2635932,LeftHybridRe,inactive,True,16.632659342343317,210.63922667317135,347.88939709509503,1974.7515114003072
1785251403.2635932,RightHybridRe,inactive,True,5.667032299156735,303.86159832404746,333.39052995995416,1899.731996403636
1785251403.2635932,DownHybridRe,inactive,True,13.445440724363857,264.86963026982414,385.9346932822765,1952.562027040025
1785251403.2635932,UpHybridRe,inactive,True,11.511077018224936,250.47242377559652,295.40628326261435,1979.2201272005805
1785251403.2635932,CloseRe,inactive,True,9.374269692031298,306.5717508998997,375.2099026926391,1718.4909645448497
1785251403.2635932,OpenRe,inactive,True,17.587263924418718,221.06840002328244,389.08973086747824,1785.4798185936743
1785251403.2635932,CloserHybridRe,inactive,True,6.264122959982222,295.31372534311356,293.48452976085173,1740.4508419138
1785251403.2635932,FartherHybridRe,hovered,True,16.473133350301786,206.6023972388999,306.70713790247436,1807.6677445668938
1785251403.2635932,SwitchRef2,inactive,True,28.879175565403393,247.05319132842726,446.9168466411218,4004.313381410975
1785251403.2635932,SwitchRef1,inactive,True,41.82532152792212,586.5479392409079,326.5498606848666,6361.753013951544
1785251403.763696,LeftHybridRe,inactive,True,16.392184655409043,210.4278856648876,347.4798111331256,1977.9809373307871
1785251403.763696,RightHybridRe,inactive,True,5.1424015843962305,303.65393509075,332.79351616350834,1900.1926567988921
1785251403.763696,DownHybridRe,inactive,True,12.48047097810865,264.5396882934974,385.6093135074889,1971.8092166244387
1785251403.763696,UpHybridRe,inactive,True,11.994243511017912,250.44423729297026,294.97804609189933,1963.6315184585874
1785251403.763696,CloseRe,inactive,True,8.052258994458136,306.3524773067347,374.7490011816502,1733.4231164781158
1785251403.763696,OpenRe,inactive,True,16.90356827867844,220.62593084564395,388.8552706123127,1803.4634608436681
1785251403.763696,CloserHybridRe,inactive,True,7.106552671884674,295.14875130526326,292.97471318929365,1726.768305093079
1785251403.763696,FartherHybridRe,active,True,16.701379946375592,206.6554497494525,306.32505234846127,1795.7445785696946
1785251403.763696,SwitchRef2,inactive,True,30.282894318871502,246.6184657315069,446.18576499965104,4017.386188219076
1785251403.763696,SwitchRef1,inactive,True,41.992979310917605,585.6864141684345,325.82405039732214,6348.9021184048615
1785251404.2635798,LeftHybridRe,inactive,True,15.617371500417024,210.5658890520685,347.92285079469315,1984.8919171988964
1785251404.2635798,RightHybridRe,inactive,True,4.710700246199506,303.9177471282256,333.4341017636411,1887.8310983134506
1785251404.2635798,DownHybridRe,inactive,True,12.589491837386339,264.8790767786157,385.88504231317296,1952.0036258858745
1785251404.2635798,UpHybridRe,inactive,True,10.536523358399503,250.61790096363794,295.5158234974329,1977.3833781314024
1785251404.2635798,CloseRe,inactive,True,8.734328991937977,306.5672690694728,375.11322908900723,1709.0179549746754
1785251404.2635798,OpenRe,inactive,True,16.64798144321191,220.95778742881416,389.1239985326198,1794.5277790138061
1785251404.2635798,CloserHybridRe,inactive,True,5.386582542665569,295.44210470424093,293.6715476693627,1729.4669286071294
1785251404.2635798,FartherHybridRe,active,True,15.474309312217443,206.59527219741688,306.7427988033987,1815.9927591638916
1785251404.2635798,SwitchRef2,inactive,True,28.87455408331516,247.39937436746558,446.92093127100475,4001.027688701979
1785251404.2635798,SwitchRef1,inactive,True,42.25520270637718,581.2394210835113,324.9009896598974,6134.048287557351
1785251404.7635293,LeftHybridRe,inactive,True,6.144191971859803,206.79074981435102,348.59709629125166,2248.221292985698
1785251404.7635293,RightHybridRe,inactive,True,17.315966342049858,300.06346570138277,333.57128524996176,1687.652383386434
1785251404.7635293,DownHybridRe,inactive,True,12.644826379024533,263.07264088988575,386.38998281556536,1990.6933942281175
1785251404.7635293,UpHybridRe,inactive,True,13.529239594399705,248.43557979195472,295.73156552309956,1949.7705337928855
1785251404.7635293,CloseRe,inactive,True,17.301252773639767,303.16433295067753,374.14701295525504,1564.9123924697342
1785251404.7635293,OpenRe,inactive,True,7.726961502570345,217.69567779535683,391.6619537750664,2049.6303357410943
1785251404.7635293,CloserHybridRe,inactive,True,18.007352905823414,291.6399669898608,295.26926219083515,1530.3486236414828
1785251404.7635293,FartherHybridRe,hovered,True,8.872561921791647,202.85598504559178,305.8703186589042,2013.6998710398038
1785251404.7635293,SwitchRef2,inactive,True,29.385291216849172,244.84111603143123,447.2631277818166,4025.4158223171617
1785251404.7635293,SwitchRef1,inactive,True,42.80151074802448,574.343767157306,323.10553885294496,5925.521815909873
1785251405.263718,LeftHybridRe,inactive,True,16.884557925863653,207.38918344310596,347.7142258489646,1981.6458166140437
1785251405.263718,RightHybridRe,inactive,True,5.821043707053634,300.71770882358203,332.915350111205,1905.2657032649586
1785251405.263718,DownHybridRe,inactive,True,13.467971708242125,261.7914464250748,385.6786220862711,1961.783177423451
1785251405.263718,UpHybridRe,inactive,True,11.937481437847698,247.18005670428744,295.0566145908368,1981.760621258647
1785251405.263718,CloseRe,inactive,True,9.248155208307837,303.54782611225136,374.8074146332774,1726.3544750875008
1785251405.263718,OpenRe,inactive,True,17.70288395038834,217.9066969465759,388.972216884053,1794.6019957209865
1785251405.263718,CloserHybridRe,inactive,True,6.750005279870475,292.05772509182094,292.9980917629117,1742.745509884422
1785251405.263718,FartherHybridRe,inactive,True,16.840772000714257,203.28296975610286,306.4965625861118,1811.2560681000614
1785251405.263718,SwitchRef2,inactive,True,28.177564743570493,243.959961903378,446.61459870510515,4068.368348348704
1785251405.263718,SwitchRef1,inactive,True,42.52431208287578,573.7078422759124,322.93568307675054,5919.212119067321
1785251405.763825,LeftHybridRe,inactive,True,17.851549697500147,207.72463550114998,346.92330851679196,1967.7523467481878
1785251405.763825,RightHybridRe,inactive,True,6.861705254965428,300.8102903743436,332.0422811576485,1912.6138794786602
1785251405.763825,DownHybridRe,inactive,True,14.498004879435612,262.10354509917823,384.8235851289973,1952.6367257358506
1785251405.763825,UpHybridRe,inactive,True,12.710621831211721,247.11799998931136,294.18255826370284,1984.8514704453482
1785251405.763825,CloseRe,hovered,True,10.221822334969684,303.7739915878713,373.98337840472465,1727.2543663630204
1785251405.763825,OpenRe,inactive,True,18.717180209618437,218.41685031308975,388.0760327258899,1777.2577055701768
1785251405.763825,CloserHybridRe,inactive,True,7.400285216303417,292.0054678046303,292.01136315950356,1754.0200051107022
1785251405.763825,FartherHybridRe,inactive,True,17.680407004559555,203.39955699491503,305.7343600783496,1804.265166768124
1785251405.763825,SwitchRef2,inactive,True,28.055674134913893,243.95873819637615,446.0875454091721,4080.2508032858386
1785251405.763825,SwitchRef1,inactive,True,42.43021291370021,573.6780809874821,321.95959438978394,5925.8885697896185
1785251406.26619,LeftHybridRe,inactive,True,5.575288094820684,204.5066656027048,347.3188598788164,2237.5779933644844
1785251406.26619,RightHybridRe,inactive,True,16.55802387989614,297.90486790190414,332.19624170725524,1691.1211751723167
1785251406.26619,DownHybridRe,inactive,True,13.288325293260193,260.32228397963644,384.7694799480841,1955.74234649742
1785251406.26619,UpHybridRe,inactive,True,11.53942430406656,246.56951563371743,294.2370633591243,1979.1752445374404
1785251406.26619,CloseRe,active,True,17.413933825591133,300.39111720191113,372.6128309300309,1544.8730099322638
1785251406.26619,OpenRe,inactive,True,9.153679489665272,215.1716306120459,390.0200854374309,2007.5003954320273
1785251406.26619,CloserHybridRe,inactive,True,16.457562662821672,290.0110937875055,293.7060960753117,1555.4314888843292
1785251406.26619,FartherHybridRe,inactive,True,6.347589799213363,200.72724199817628,304.52476445613576,2036.696439094023
1785251406.26619,SwitchRef2,inactive,True,28.48920436793185,242.3849091612435,445.7855073140023,4066.338673192069
1785251406.26619,SwitchRef1,inactive,True,42.53980123435398,572.1735495992516,322.0920387963711,5919.967305424172
1785251406.764192,LeftHybridRe,inactive,True,6.332963413080061,203.5283352349662,346.77256891718804,2254.0498172733096
1785251406.764192,RightHybridRe,inactive,True,17.34933333197541,296.87212922906565,331.33844873783346,1686.8941839095933
1785251406.764192,DownHybridRe,inactive,True,13.953829730491936,259.56523008092057,384.11579675897303,1958.7087623525586
1785251406.764192,UpHybridRe,inactive,True,12.321642832274732,245.46162902866385,293.43048199181555,1984.5242538329476
1785251406.764192,CloseRe,active,True,18.140388481550307,299.50977893593813,371.7739231193658,1540.7629537064277
1785251406.764192,OpenRe,inactive,True,9.669287704677737,214.39187913050748,389.5874568809057,2020.2028767672746
1785251406.764192,CloserHybridRe,inactive,True,17.249093856972873,288.8519108652693,292.83627775870445,1552.5548496314368
1785251406.764192,FartherHybridRe,inactive,True,7.079009447189512,199.5703086841196,303.8247773389869,2052.60135997054
1785251406.764192,SwitchRef2,inactive,True,28.414744814273003,241.58142506709055,445.03622023819156,4067.7136882223276
1785251406.764192,SwitchRef1,inactive,True,42.6255362764935,571.1104125608629,321.18535451370775,5931.643285612576
1785251407.2636235,LeftHybridRe,inactive,True,16.806297165392596,204.99181303183772,345.51704911176154,1980.4094414373249
1785251407.2636235,RightHybridRe,inactive,True,5.668254224921686,298.2150770983054,330.44403587446214,1898.9113415003812
1785251407.2636235,DownHybridRe,inactive,True,12.145551430039243,259.12069703406394,383.52720111525446,1986.3394182500197
1785251407.2636235,UpHybridRe,inactive,True,13.1061544684819,245.05779407445297,292.95138303299325,1949.284124650796
1785251407.2636235,CloseRe,active,True,7.313210996863168,301.0060920572371,372.4595430880957,1744.6063374009245
1785251407.2636235,OpenRe,inactive,True,16.83095558917815,215.10431920530547,386.9662001318818,1818.1744133023458
1785251407.2636235,CloserHybridRe,inactive,True,8.548108705384061,289.65548068336864,290.7658880780833,1713.9862238220085
1785251407.2636235,FartherHybridRe,inactive,True,17.537317225039097,201.3364539243568,304.4398939393262,1786.1018579059164
1785251407.2636235,SwitchRef2,inactive,True,29.650405257943035,241.32232923509378,444.1505833500813,4066.766838895972
1785251407.2636235,SwitchRef1,inactive,True,42.431550858974596,571.2129284333157,320.49427327867403,5929.972660379892
1785251407.7639806,LeftHybridRe,inactive,True,16.502182665301333,205.07255539009188,345.1041243770141,1981.6558949989267
1785251407.7639806,RightHybridRe,inactive,True,5.489818426143885,298.33508868154075,330.2181423930656,1892.8917672405878
1785251407.7639806,DownHybridRe,inactive,True,13.161922801352748,259.5714534301862,382.8434241247529,1951.517106657353
1785251407.7639806,UpHybridRe,inactive,True,11.562151521592925,244.79211500708485,292.5138197713895,1978.7437766461953
1785251407.7639806,CloseRe,active,True,9.025874049739413,301.2185357370805,371.92658819142173,1712.7899648913444
1785251407.7639806,OpenRe,inactive,True,17.353814611760352,215.70417011307802,386.23512821265797,1790.7877731932967
1785251407.7639806,CloserHybridRe,inactive,True,6.410163252877996,289.6361331340824,290.44645910352284,1734.4851049040371
1785251407.7639806,FartherHybridRe,inactive,True,16.451005891227158,200.85461360783617,303.9582867837027,1814.5596732927006
1785251407.7639806,SwitchRef2,inactive,True,29.167270037422686,241.78714123405499,443.55429504566075,4058.9696987876014
1785251407.7639806,SwitchRef1,inactive,True,42.45982853876087,571.4428287940801,319.68963306359433,5920.244329394845
1785251408.264107,LeftHybridRe,inactive,True,17.093300641665564,204.4407507233514,345.29989875174914,1977.8934875510677
1785251408.264107,RightHybridRe,inactive,True,5.957036048502222,297.60373193985333,330.0844242456173,1901.418981098359
1785251408.264107,DownHybridRe,inactive,True,13.371078357121412,258.9453651228438,382.99617934374135,1960.7346781900924
1785251408.264107,UpHybridRe,inactive,True,12.41500123906699,243.97747345943174,292.5353350780294,1974.4549806889372
1785251408.264107,CloseRe,active,True,8.974221055747508,300.6257931990979,371.9415619260251,1725.6670376752663
1785251408.264107,OpenRe,inactive,True,17.720035360488062,215.1060402313391,386.48839424330515,1793.622417149425
1785251408.264107,CloserHybridRe,inactive,True,7.338652604634707,288.7774917505345,290.26968024823367,1736.5213823897866
1785251408.264107,FartherHybridRe,inactive,True,17.21864768301389,200.18748443997112,304.1612187645733,1805.6031317040906
1785251408.264107,SwitchRef2,inactive,True,29.073949325490947,241.04920738412082,444.21185431516335,4065.520821727281
1785251408.264107,SwitchRef1,inactive,True,42.680355401548546,570.9321450670507,319.64095886911576,5914.305747296021
1785251408.7636697,LeftHybridRe,inactive,True,16.786854549755347,203.87343966899175,344.8053724793533,1982.78501737232
1785251408.7636697,RightHybridRe,inactive,True,5.618186741986931,297.18674569687084,330.02395017258283,1898.8611679804017
1785251408.7636697,DownHybridRe,inactive,True,12.976581743336933,258.2074085618651,382.7728273375103,1965.332555383451
1785251408.7636697,UpHybridRe,inactive,True,12.242544489778952,243.7964330914374,292.2509940306566,1971.929315837795
1785251408.7636697,CloseRe,active,True,8.563712390084838,299.9758125399546,371.88570328091345,1726.5149855929994
1785251408.7636697,OpenRe,inactive,True,17.35530577460334,214.2750699992371,386.0885814965159,1801.0104109970998
1785251408.7636697,CloserHybridRe,inactive,True,7.2522032915049115,288.59105131698976,290.21853958217713,1731.4802617288806
1785251408.7636697,FartherHybridRe,inactive,True,16.995584245448725,199.9012687630036,303.6442114609742,1806.8439426711266
1785251408.7636697,SwitchRef2,inactive,True,28.71301852708777,240.66017623576138,444.02826980541215,4068.3330561425028
1785251408.7636697,SwitchRef1,inactive,True,42.356011077951024,569.7756125703014,319.0591061243365,5936.959869192215
1785251409.2636716,LeftHybridRe,inactive,True,17.472848863691095,203.8603213903294,345.44693867342636,1983.3486922372686
1785251409.2636716,RightHybridRe,inactive,True,6.258466109911279,297.213177553446,330.4579550184274,1913.8893413839833
1785251409.2636716,DownHybridRe,inactive,True,13.13915610219184,258.1116366356482,383.5739625938935,1985.563133079777
1785251409.2636716,UpHybridRe,inactive,True,13.323945032229,243.82102337662937,292.7213464404475,1967.9374065572083
1785251409.2636716,CloseRe,hovered,True,8.407011240845877,300.0326318423897,372.588012609652,1749.7042160790515
1785251409.2636716,OpenRe,inactive,True,17.721381129944334,214.12514476916974,386.9166192191927,1812.6115834866068
1785251409.2636716,CloserHybridRe,inactive,True,8.469525294032323,288.5924588727901,290.5481356515858,1735.0824360487313
1785251409.2636716,FartherHybridRe,inactive,True,17.94160377719674,200.03604301394597,304.24011045744567,1797.2920244825655
1785251409.2636716,SwitchRef2,inactive,True,29.440519689598208,240.29259328692672,444.4398391570938,4074.3399642465592
1785251409.2636716,SwitchRef1,inactive,True,42.360526389526306,569.7461552303309,320.66205813760524,5924.017952613882
1785251409.763531,LeftHybridRe,inactive,True,17.77573624578906,203.30994488594266,345.18363656011144,1973.1252792804044
1785251409.763531,RightHybridRe,inactive,True,6.749428873734915,296.46729834916795,330.26786833522465,1907.5452942868287
1785251409.763531,DownHybridRe,inactive,True,14.272143031259493,257.7514496548475,383.02631878276765,1954.0040859253932
1785251409.763531,UpHybridRe,inactive,True,12.799024480439526,242.80399167647954,292.47846130198053,1982.5762869318241
1785251409.763531,CloseRe,inactive,True,9.928850362493638,299.42683003719094,372.150390320866,1724.6911491960054
1785251409.763531,OpenRe,inactive,True,18.541479142454726,213.99346858628908,386.33563826796103,1783.2587727371574
1785251409.763531,CloserHybridRe,inactive,True,7.561058939801551,287.6810812837349,290.32049582049314,1747.9899176911276
1785251409.763531,FartherHybridRe,inactive,True,17.705612103351037,199.01265782445913,304.01312774435104,1807.8202037465744
1785251409.763531,SwitchRef2,inactive,True,29.560313200247688,239.68457551009428,444.1038281145187,4070.7976058794375
1785251409.763531,SwitchRef1,inactive,True,42.18674989056034,568.7039571282432,320.02881660862454,5923.0991700222075
1785251410.2636778,LeftHybridRe,inactive,True,18.201791637106417,203.94993212472113,345.1588535998582,1963.4109044052311
1785251410.2636778,RightHybridRe,inactive,True,7.040990978788546,296.8772586029626,330.1107817241343,1910.6256588869946
1785251410.2636778,DownHybridRe,inactive,True,14.088282204045713,258.0943318125734,383.10661642743406,1965.9988816012265
1785251410.2636778,UpHybridRe,hovered,True,13.749942341859894,243.44730415995804,292.4556207769479,1964.224602869861
1785251410.2636778,CloseRe,inactive,True,9.415099712011179,299.8179521314045,372.16412173716515,1739.6428569067139
1785251410.2636778,OpenRe,inactive,True,18.588883572715297,214.38954857447146,386.4241394855044,1787.9547229193995
1785251410.2636778,CloserHybridRe,inactive,True,8.708803744723228,288.1377759630438,290.18689662060973,1738.1749457914702
1785251410.2636778,FartherHybridRe,inactive,True,18.47639331680442,199.89638930254367,304.05543781597925,1786.2639954898114
1785251410.2636778,SwitchRef2,inactive,True,28.342093328065243,240.60934097348596,443.8997426104439,4057.2426943441387
1785251410.2636778,SwitchRef1,inactive,True,42.21424208243352,569.2492729404423,320.2985576351714,5923.579807015907
1785251410.7636561,LeftHybridRe,inactive,True,17.305746262382183,203.20169249954876,344.71247779491677,1981.1654041910551
1785251410.7636561,RightHybridRe,inactive,True,6.104993328585019,296.42005346147323,329.3348634640269,1907.0458835310565
1785251410.7636561,DownHybridRe,inactive,True,13.16907978336554,257.69018852069166,382.46690726636933,1974.1370501466736
1785251410.7636561,UpHybridRe,hovered,True,12.994618572571165,242.8147419562105,291.8625388517318,1969.8729649416018
1785251410.7636561,CloseRe,inactive,True,8.546103607376192,299.46340608699705,371.32004122972177,1738.1924793860817
1785251410.7636561,OpenRe,inactive,True,17.675203636880518,213.77656017701096,386.01801927161694,1804.4678245471223
1785251410.7636561,CloserHybridRe,inactive,True,8.075750743125814,287.5848528311695,289.51383973480785,1734.2535186623718
1785251410.7636561,FartherHybridRe,inactive,True,17.66763253849615,199.05796176328857,303.5586644672606,1801.0743441893173
1785251410.7636561,SwitchRef2,inactive,True,28.679061416318017,240.08109513610825,443.3491720260033,4040.8825449399883
1785251410.7636561,SwitchRef1,inactive,True,42.057813014681635,568.6045772595091,319.4546137747113,5934.636214435988
1785251411.2636278,LeftHybridRe,inactive,True,7.663767358647498,202.38848081682417,345.1127566459999,2262.795788244941
1785251411.2636278,RightHybridRe,inactive,True,18.65793215776131,295.3217010667697,329.5747221211893,1668.6711099371314
1785251411.2636278,DownHybridRe,inactive,True,15.133637574456868,258.39648059629263,382.3641661489799,1948.2273485645055
1785251411.2636278,UpHybridRe,active,True,13.597993673294969,244.13766151450355,291.675111295611,1979.5942478786892
1785251411.2636278,CloseRe,inactive,True,19.374490357355874,298.0278519370985,369.9208151513937,1523.0430025684327
1785251411.2636278,OpenRe,inactive,True,10.680896837518576,213.3644753415537,387.99761001227165,2023.78604338265
1785251411.2636278,CloserHybridRe,inactive,True,18.530907043035505,287.2831835598815,291.1365765098875,1538.048092298537
1785251411.2636278,FartherHybridRe,inactive,True,8.299957137329264,198.3167955862865,302.04416294563396,2063.0924765074597
1785251411.2636278,SwitchRef2,inactive,True,29.38318245981655,240.43002361487538,443.0565075385314,4040.149373936103
1785251411.2636278,SwitchRef1,inactive,True,42.3896627611062,569.1433825479039,319.7088967787485,5916.1988126420765
1785251411.763661,LeftHybridRe,inactive,True,15.934625114035605,203.3272415697719,345.31327561352526,1995.912392543807
1785251411.763661,RightHybridRe,inactive,True,4.9154596202377725,296.6859768049619,329.43053270501576,1890.3813674047415
1785251411.763661,DownHybridRe,inactive,True,11.079077841688585,257.96654999693556,382.81018980880174,1992.987957274694
1785251411.763661,UpHybridRe,active,True,12.604747235572926,243.21889495030206,292.4637974611253,1948.699340210671
1785251411.763661,CloseRe,inactive,True,6.229043817733393,299.81212027744164,371.3173972291298,1740.6642380227204
1785251411.763661,OpenRe,inactive,True,15.819013529954837,213.77205970111106,386.72558492498797,1834.7501175477664
1785251411.763661,CloserHybridRe,inactive,True,8.355699365658607,287.8243225715942,289.9712940235755,1703.835960259974
1785251411.763661,FartherHybridRe,inactive,True,16.869525149317948,199.3893037306942,304.2571113094455,1796.791821736395
1785251411.763661,SwitchRef2,inactive,True,29.154462641786182,239.7895278865741,443.54474387506343,4094.12879556579
1785251411.763661,SwitchRef1,inactive,True,42.126341069767825,568.8474965893446,320.2178911391764,5931.610958954407
1785251412.2635574,LeftHybridRe,inactive,True,5.784497341843228,201.7004201344273,345.76730785713,2236.5807196835704
1785251412.2635574,RightHybridRe,inactive,True,16.87387359881008,294.8114511976362,330.20034659549384,1679.0244401813106
1785251412.2635574,DownHybridRe,inactive,True,13.219366566178367,257.8184098922874,382.860321753295,1952.1949923678985
1785251412.2635574,UpHybridRe,active,True,12.182274977175448,243.27777434504537,292.6267070859022,1966.4764120440777
1785251412.2635574,CloseRe,inactive,True,17.490016487839732,297.688293034897,370.49011777392207,1537.5534014428995
1785251412.2635574,OpenRe,inactive,True,8.848463564801277,212.7243454346186,388.3834759225774,2010.4313418826787
1785251412.2635574,CloserHybridRe,inactive,True,16.979527952686176,286.5769056008307,291.9122873539688,1541.2620427839938
1785251412.2635574,FartherHybridRe,inactive,True,7.12166889263884,197.57480858970854,303.08101697702745,2031.4312169174264
1785251412.2635574,SwitchRef2,inactive,True,28.876810881739015,239.85450679311978,444.437486863531,4034.354520613553
1785251412.2635574,SwitchRef1,inactive,True,42.11105717000474,568.4806925492734,320.5480510637706,5926.790252934428
1785251412.763674,LeftHybridRe,inactive,True,16.89094477835635,203.0494491955557,345.3800695618356,1982.2169058962281
1785251412.763674,RightHybridRe,inactive,True,5.704702382858754,296.2358861158323,329.9025286376105,1898.6324311796052
1785251412.763674,DownHybridRe,inactive,True,12.90062518791719,257.6229441856064,382.9649540515165,1967.950560139143
1785251412.763674,UpHybridRe,active,True,12.508197043222046,242.6139397988093,292.551699410511,1968.2913910952557
1785251412.763674,CloseRe,inactive,True,8.386995328713752,299.3256499728948,371.76193752574426,1728.9456249938958
1785251412.763674,OpenRe,inactive,True,17.345840021475933,213.7070485855765,386.60649381287703,1803.172651509558
1785251412.763674,CloserHybridRe,inactive,True,7.589437474192805,287.3623699483213,290.18175142299947,1728.6901715821514
1785251412.763674,FartherHybridRe,inactive,True,17.200805921883592,198.82655565114342,304.2664670739859,1803.7915642419212
1785251412.763674,SwitchRef2,inactive,True,29.41221357841203,239.46681263456492,443.9022963955817,4071.94939671638
1785251412.763674,SwitchRef1,inactive,True,42.34761403866069,570.1126887205637,318.36331985278474,5963.837214452578
1785251413.2636116,LeftHybridRe,inactive,True,6.560504393718113,200.9972309794108,344.92599306456935,2258.1028684240264
1785251413.2636116,RightHybridRe,inactive,True,17.699078536675888,294.297774725419,330.08467211732994,1678.1796929088378
1785251413.2636116,DownHybridRe,inactive,True,13.116195526781034,257.3128664010436,382.7089097155075,1981.513474542422
1785251413.2636116,UpHybridRe,active,True,13.788179717731834,242.7785331245765,292.1399031294532,1954.0544081481785
1785251413.2636116,CloseRe,inactive,True,17.732941993281138,297.31008542968453,370.53389709000817,1552.0599624224196
1785251413.2636116,OpenRe,inactive,True,8.222016737124305,211.92437614923725,387.9649304704187,2050.644097642915
1785251413.2636116,CloserHybridRe,inactive,True,18.30694333920424,285.9722455793469,291.82445923999273,1526.4935490416392
1785251413.2636116,FartherHybridRe,inactive,True,9.040947139193179,197.04953131102818,302.14639128176856,2029.441005695302
1785251413.2636116,SwitchRef2,inactive,True,29.12091878972567,239.37134789741935,443.747984093628,4035.9478623581235
1785251413.2636116,SwitchRef1,inactive,True,42.48391332074275,571.749573327582,311.6477252671867,6045.582924111033
1785251413.763727,LeftHybridRe,inactive,True,17.547175271707278,202.33238718621055,344.2958589060089,1973.7966956365635
1785251413.763727,RightHybridRe,inactive,True,6.465270479303667,295.36837197880294,328.74608802105627,1902.2595481946264
1785251413.763727,DownHybridRe,inactive,True,12.778504493003517,256.58148800097325,382.0360169000491,1983.8757788256917
1785251413.763727,UpHybridRe,hovered,True,13.854178485547823,242.0200231290206,291.5225680870487,1948.0372519627817
1785251413.763727,CloseRe,inactive,True,7.855906113278335,298.390501751145,370.78620491538646,1747.0260087398055
1785251413.763727,OpenRe,inactive,True,17.497731745700285,212.6664968496634,385.66053599051935,1811.6902810895554
1785251413.763727,CloserHybridRe,inactive,True,9.232564199656462,286.5914175452323,289.0713573398861,1717.1412719251239
1785251413.763727,FartherHybridRe,inactive,True,18.284120360050387,198.44102594327575,303.26498786873697,1781.1675345715812
1785251413.763727,SwitchRef2,inactive,True,28.797291416905743,238.94387777602304,443.06136111753733,4076.435959340066
1785251413.763727,SwitchRef1,inactive,True,42.75343064061824,572.8909211395988,305.90067577152115,6113.9941222824855
1785251414.2635174,LeftHybridRe,inactive,True,17.918573315049645,201.5928609198354,342.86870435013907,1984.2170427901729
1785251414.2635174,RightHybridRe,inactive,True,6.80082882344688,295.00017488201684,327.8977421207378,1918.8609130395416
1785251414.2635174,DownHybridRe,inactive,True,14.195830586352232,256.1655590700616,380.84070429321866,1967.6014725838613
1785251414.2635174,UpHybridRe,inactive,True,13.117087369672484,241.21218690400298,290.0176044820269,1991.2914829837828
1785251414.2635174,CloseRe,hovered,True,9.728171710434005,297.9700194868791,369.9266289724788,1737.0948708995857
1785251414.2635174,OpenRe,inactive,True,18.555465392746104,212.27989099955164,384.16082733869405,1795.248117409894
1785251414.2635174,CloserHybridRe,inactive,True,7.936356636700077,286.19479424905495,287.84485162877075,1756.0919811186832
1785251414.2635174,FartherHybridRe,inactive,True,17.971234176545696,197.31488402782284,301.5890159938619,1816.108870514443
1785251414.2635174,SwitchRef2,inactive,True,28.466307074990574,238.6239783104202,441.5664799451684,4043.7504910333373
1785251414.2635174,SwitchRef1,inactive,True,42.90595233236659,572.6006088354643,304.59167783768163,6079.348589888345
1785251414.7637012,LeftHybridRe,inactive,True,18.080565665491008,201.54536819978188,342.67775477204174,1991.423269867857
1785251414.7637012,RightHybridRe,inactive,True,6.906630503366593,295.09954979729935,327.4890468069227,1929.5223373100307
1785251414.7637012,DownHybridRe,inactive,True,14.218172550546718,256.2579194552054,380.67446067181544,1979.1565223170037
1785251414.7637012,UpHybridRe,inactive,True,13.377580011799903,241.15138683127353,289.6252990524937,1997.858571378747
1785251414.7637012,CloseRe,active,True,9.666155525119624,298.15113732305076,369.655376951785,1748.7227239134008
1785251414.7637012,OpenRe,inactive,True,18.63768574408838,212.2925475942553,384.07204827337046,1804.0129146285763
1785251414.7637012,CloserHybridRe,inactive,True,8.223628688999188,286.20661609959654,287.34711589252606,1763.6191701540083
1785251414.7637012,FartherHybridRe,inactive,True,18.20530681067546,197.2213266209211,301.31565476079624,1820.6334350688085
1785251414.7637012,SwitchRef2,inactive,True,28.50242541796116,238.55540588229044,441.53515712775834,4056.4643108195232
1785251414.7637012,SwitchRef1,inactive,True,42.89530766714317,572.587437100139,304.1802713583067,6094.016237446449
1785251415.2636766,LeftHybridRe,inactive,True,18.251002099742323,201.50344513203143,343.160347130628,1971.5359939780064
1785251415.2636766,RightHybridRe,inactive,True,7.098259977757458,294.561356397693,327.8031327469289,1914.40438655881
1785251415.2636766,DownHybridRe,inactive,True,13.766646877690963,255.77442987858205,381.04602221653454,1979.0549595239645
1785251415.2636766,UpHybridRe,inactive,True,14.163058218089454,241.05930557728877,290.311102300142,1962.7179652515624
1785251415.2636766,CloseRe,active,True,8.924301809975237,297.5811528935547,369.93609032426656,1749.4799275691912
1785251415.2636766,OpenRe,inactive,True,18.39688525241464,211.94971116972485,384.5170354328376,1801.355854590176
1785251415.2636766,CloserHybridRe,inactive,True,9.288319786631737,285.7569084726565,287.91224363784875,1735.6177701590568
1785251415.2636766,FartherHybridRe,inactive,True,18.75444229151859,197.4721320945549,302.0354737110452,1787.758389590137
1785251415.2636766,SwitchRef2,inactive,True,28.25193550707721,238.26709919877345,442.1950596552657,4083.598727728211
1785251415.2636766,SwitchRef1,inactive,True,42.757116600064904,572.0923888416568,304.61506197440235,6109.103751554474
1785251415.7636464,LeftHybridRe,inactive,True,17.371325543326115,201.02501778339598,343.1412243234502,1994.1875035033881
1785251415.7636464,RightHybridRe,inactive,True,6.189381636889107,294.5500887867154,327.7915070933142,1915.8473428011857
1785251415.7636464,DownHybridRe,inactive,True,12.817026377303744,255.54257070567346,381.10768125539727,1994.1432820059126
1785251415.7636464,UpHybridRe,inactive,True,13.463474132511301,240.9709987427631,290.2386327157279,1971.5319078780813
1785251415.7636464,CloseRe,active,True,7.991050833407195,297.509537480474,369.93410798596744,1754.0361897320035
1785251415.7636464,OpenRe,inactive,True,17.473951218934204,211.42845655773206,384.6478688818748,1824.1588722302695
1785251415.7636464,CloserHybridRe,inactive,True,8.740535227225733,285.7991546056487,287.9260164596132,1734.8495150542585
1785251415.7636464,FartherHybridRe,inactive,True,17.986142178524272,197.09166635792982,301.9036165221992,1805.2528996119909
1785251415.7636464,SwitchRef2,inactive,True,27.71583310576768,238.20393895192382,442.3643145924002,4078.327377370515
1785251415.7636464,SwitchRef1,inactive,True,42.74902210916827,571.8223608271062,304.50447012592525,6120.89838558442
1785251416.2636027,LeftHybridRe,inactive,True,18.293585698585503,201.29044519659124,342.690109818131,1977.1439699464136
1785251416.2636027,RightHybridRe,inactive,True,7.117210555614543,294.53235958233336,327.628195902904,1920.4660153470832
1785251416.2636027,DownHybridRe,inactive,True,14.129277838652866,255.64761651932815,380.7293335965097,1975.7706171774844
1785251416.2636027,UpHybridRe,inactive,True,13.872951229493006,240.91931314902624,289.85136492716344,1977.6658457526064
1785251416.2636027,CloseRe,active,True,9.42460726081238,297.4846881943285,369.7699750273393,1747.3208423156175
1785251416.2636027,OpenRe,inactive,True,18.65197150953695,211.79917931248673,384.0560053938814,1798.5247706679584
1785251416.2636027,CloserHybridRe,inactive,True,8.837845248957219,285.76591791125537,287.60126546278434,1748.5004437384778
1785251416.2636027,FartherHybridRe,inactive,True,18.59203025010532,197.191099131533,301.4658320571913,1800.5743839727875
1785251416.2636027,SwitchRef2,inactive,True,28.57087085290298,238.38852697155198,441.4451471614959,4016.516174490185
1785251416.2636027,SwitchRef1,inactive,True,42.7495036261563,572.0081843757782,304.2268397245727,6087.458624674648
1785251416.763671,LeftHybridRe,inactive,True,18.12380058018036,200.76133469833732,342.3426069138884,1982.9338511581664
1785251416.763671,RightHybridRe,inactive,True,7.258691013701662,294.236431029538,327.75550228833885,1917.0451803484757
1785251416.763671,DownHybridRe,inactive,True,14.941030272834976,255.3993170887555,380.3473006279069,1951.0693841967586
1785251416.763671,UpHybridRe,inactive,True,12.810015011538695,240.35235205053894,289.6235947478332,2004.7715877561786
1785251416.763671,CloseRe,active,True,10.734007691746342,297.1379504781185,369.6450089077631,1723.1364031703852
1785251416.763671,OpenRe,inactive,True,19.088171856299798,211.5757683681684,383.49727220157723,1781.1503110567864
1785251416.763671,CloserHybridRe,inactive,True,7.4442443867019366,285.46914310343976,287.635698568863,1766.781228232503
1785251416.763671,FartherHybridRe,inactive,True,17.825476681138483,196.33030565823387,301.0414832688151,1827.889161376108
1785251416.763671,SwitchRef2,inactive,True,28.87473402202198,238.0946018558075,441.21442850495094,4016.6114568270277
1785251416.763671,SwitchRef1,inactive,True,42.851774026536695,571.4993836084238,303.9332040320763,6084.86595219907
1785251417.2636645,LeftHybridRe,inactive,True,18.220436443338812,200.56655072277832,342.155824730133,1984.2910466069297
1785251417.2636645,RightHybridRe,inactive,True,7.052922067506886,293.97295242659686,327.10832337526017,1923.9367971711763
1785251417.2636645,DownHybridRe,inactive,True,14.233613445400996,255.09381751128905,380.1915995240459,1975.484273586626
1785251417.2636645,UpHybridRe,inactive,True,13.631831573061646,240.2062779341116,289.2496088629224,1988.4545808581606
1785251417.2636645,CloseRe,active,True,9.615499043024336,296.95165970689925,369.2403950705184,1746.0179579100513
1785251417.2636645,OpenRe,inactive,True,18.69383256011505,211.19040611013529,383.5222802176603,1800.0550306071673
1785251417.2636645,CloserHybridRe,inactive,True,8.525021261436505,285.16527878129403,287.02499483248937,1756.18504650885
1785251417.2636645,FartherHybridRe,inactive,True,18.413104829511102,196.35768876949805,300.8647842972893,1811.8051046869514
1785251417.2636645,SwitchRef2,inactive,True,28.176965565283485,237.53184420406916,440.8459885952361,4067.779784347251
1785251417.2636645,SwitchRef1,inactive,True,42.73106310032664,571.3793902296347,303.6515810189549,6100.217979848632
1785251417.7665586,LeftHybridRe,inactive,True,18.570944792019628,201.05255277158776,341.87000369121324,1983.0615876261545
1785251417.7665586,RightHybridRe,inactive,True,7.444821391211344,294.4356929115862,326.62527164142875,1930.8568046627843
1785251417.7665586,DownHybridRe,inactive,True,14.77760798131722,255.7604722256253,379.7876823753022,1971.2958724932614
1785251417.7665586,UpHybridRe,hovered,True,13.749467698025864,240.40856152272923,288.78800462113384,1998.7067174063486
1785251417.7665586,CloseRe,hovered,True,10.22777975072219,297.57374261570624,368.78143578907566,1746.048569721279
1785251417.7665586,OpenRe,inactive,True,19.17098572667774,211.92074520160222,383.1773650377644,1792.8655667589046
1785251417.7665586,CloserHybridRe,inactive,True,8.528454350675553,285.45386836578973,286.44683656249924,1768.178519311361
1785251417.7665586,FartherHybridRe,inactive,True,18.61545779268983,196.58091669487035,300.5392767153789,1817.0275385774767
1785251417.7665586,SwitchRef2,inactive,True,27.780983631434864,238.05915056524455,440.69305945260214,4070.481785603857
1785251417.7665586,SwitchRef1,inactive,True,42.817120041765854,571.6820823461939,303.03506547290607,6103.078476759576
1785251418.263554,LeftHybridRe,inactive,True,16.401756081302523,200.39308391261991,341.64905265890803,1996.9622833099093
1785251418.263554,RightHybridRe,inactive,True,5.198855143226527,293.881683472421,326.2786316156733,1897.557770796615
1785251418.263554,DownHybridRe,inactive,True,12.391583731782355,255.15769396981193,379.2786518263575,1972.0365789942734
1785251418.263554,UpHybridRe,active,True,12.122767311382168,240.18821108882824,288.8315242173013,1977.0534056436773
1785251418.263554,CloseRe,inactive,True,7.915394110312675,296.9245507509302,368.0936605701119,1726.7889815138333
1785251418.263554,OpenRe,inactive,True,16.838514185331057,211.08107965361842,382.9254870566168,1813.714740723699
1785251418.263554,CloserHybridRe,inactive,True,7.301338302809408,285.0486655768892,286.5720730312196,1729.6559895952232
1785251418.263554,FartherHybridRe,inactive,True,16.771613457734542,196.17045186638344,300.46327056835304,1819.3653567835972
1785251418.263554,SwitchRef2,inactive,True,28.554910592767186,237.6938062588803,440.7266379767713,4051.086652638405
1785251418.263554,SwitchRef1,inactive,True,43.0457457003077,571.3100286587896,303.64253811227246,6064.948413790611
1785251418.763568,LeftHybridRe,inactive,True,16.85523160191304,200.2675732370982,342.196878439388,1993.4651262347033
1785251418.763568,RightHybridRe,inactive,True,5.796234301821404,293.7799387440095,327.15525195214894,1901.840704666247
1785251418.763568,DownHybridRe,inactive,True,13.357148195792018,255.02558309636512,379.92516330043406,1959.857222261824
1785251418.763568,UpHybridRe,active,True,12.007913908627856,240.00290869930174,289.4355430391852,1990.2632897251278
1785251418.763568,CloseRe,inactive,True,9.100493363875144,296.754491167217,368.9360235199187,1719.929394998493
1785251418.763568,OpenRe,inactive,True,17.614187102058647,211.03990621624496,383.389206661006,1799.7867663897996
1785251418.763568,CloserHybridRe,inactive,True,6.874071388334207,284.9830605564468,287.30991880177584,1743.7351605832737
1785251418.763568,FartherHybridRe,inactive,True,16.86566212075355,195.9292499444446,300.96306454674317,1827.1791590552384
1785251418.763568,SwitchRef2,inactive,True,28.525182232300075,237.2999731465168,441.2461311910831,4075.5472818634444
1785251418.763568,SwitchRef1,inactive,True,42.81347478770138,570.9003355233999,304.6525004360232,6094.049856760379
1785251419.2636948,LeftHybridRe,inactive,True,6.919293520337753,198.71401288561796,342.2503709053874,2269.7869305136373
1785251419.2636948,RightHybridRe,inactive,True,17.839564107462355,292.2247768342568,327.12252418899163,1682.4426721474301
1785251419.2636948,DownHybridRe,inactive,True,12.671620079184484,255.64237596817,379.93198031551424,1999.8185048981104
1785251419.2636948,UpHybridRe,active,True,14.527579489667726,240.1784703084975,289.41821517245023,1950.531853308301
1785251419.2636948,CloseRe,inactive,True,17.474050856478698,295.71339589400185,367.59788371365335,1564.070854145415
1785251419.2636948,OpenRe,inactive,True,7.53778824149588,210.04620709964337,385.35178650661595,2071.9552692646175
1785251419.2636948,CloserHybridRe,inactive,True,18.806587048344838,283.4520925628772,288.97546822995304,1522.9250249396428
1785251419.2636948,FartherHybridRe,inactive,True,10.081795826351241,194.42011187869062,299.53095951287037,2029.5492708128404
1785251419.2636948,SwitchRef2,inactive,True,29.35472577883046,236.58623761438855,441.28198651882457,4109.011594398558
1785251419.2636948,SwitchRef1,inactive,True,42.93716368370822,570.8609779826106,304.25370375907335,6091.8671603982
1785251419.7636852,LeftHybridRe,inactive,True,17.625108375003038,200.15126320138958,342.00443198542587,1988.1653236209495
1785251419.7636852,RightHybridRe,inactive,True,6.461555315610313,293.5842691694571,326.8723781793245,1914.003942683914
1785251419.7636852,DownHybridRe,inactive,True,13.700009051801471,254.77132438129578,379.88371060230537,1971.700468186602
1785251419.7636852,UpHybridRe,active,True,13.062539852017645,239.83027103337452,289.143910173068,1985.731412562276
1785251419.7636852,CloseRe,inactive,True,9.156105874150963,296.5832233316501,368.86918444107414,1737.0837621331593
1785251419.7636852,OpenRe,inactive,True,18.130302382445404,210.81948396376055,383.3133865987106,1802.6521629381168
1785251419.7636852,CloserHybridRe,inactive,True,8.003794387866716,284.7672422353245,286.92001861695115,1747.8253352434767
1785251419.7636852,FartherHybridRe,inactive,True,17.828504435741337,195.9119159888114,300.7542170108111,1815.610747261715
1785251419.7636852,SwitchRef2,inactive,True,28.459048585870136,236.72818214688675,441.1675685380818,4112.095704949868
1785251419.7636852,SwitchRef1,inactive,True,42.959223446371084,571.7196434371301,302.3987368205988,6117.875009859192
1785251420.2637155,LeftHybridRe,inactive,True,17.82890769926904,200.24338959804834,341.8580458738448,1981.1737091944742
1785251420.2637155,RightHybridRe,inactive,True,6.655150058741805,293.4844773194785,326.47850685788603,1912.3068563568813
1785251420.2637155,DownHybridRe,inactive,True,13.49770310704973,254.73423977451742,379.664818201441,1977.3330844508891
1785251420.2637155,UpHybridRe,hovered,True,13.642098555890563,239.8426221185188,288.97320521469413,1971.5022430164463
1785251420.2637155,CloseRe,inactive,True,8.747706352272388,296.5398792188075,368.5309285819758,1743.6532189168065
1785251420.2637155,OpenRe,inactive,True,18.07334264355208,210.82245184369154,383.19115021356083,1805.0669351195684
1785251420.2637155,CloserHybridRe,inactive,True,8.7476959275683,284.6371339556105,286.6065890634533,1738.1097022705217
1785251420.2637155,FartherHybridRe,inactive,True,18.268705847861764,196.0947832946555,300.6890849101023,1800.9278503610585
1785251420.2637155,SwitchRef2,inactive,True,28.315259812697253,236.9315187005587,440.89575135638245,4092.910990969038
1785251420.2637155,SwitchRef1,inactive,True,43.29010015228608,574.3664236085395,295.84956091378666,6186.9184983806845
1785251420.7642984,LeftHybridRe,inactive,True,17.48102333724194,199.17368670450858,341.29116739703994,1984.0180242573406
1785251420.7642984,RightHybridRe,inactive,True,6.316322178314592,292.4603259824126,326.00849255085546,1905.3675765784355
1785251420.7642984,DownHybridRe,inactive,True,13.35646527494299,253.74591972781644,379.02649986812077,1969.6074361326246
1785251420.7642984,UpHybridRe,inactive,True,13.145986232733685,238.80131766947628,288.4830286045935,1974.569706095277
1785251420.7642984,CloseRe,inactive,True,8.729784140882828,295.4998409579586,367.9320625342177,1733.2436939871186
1785251420.7642984,OpenRe,inactive,True,17.852415260639358,209.8200831009039,382.5505459448231,1802.6100789904522
1785251420.7642984,CloserHybridRe,inactive,True,8.207288355234027,283.6264369966174,286.1921717237746,1736.3399480780135
1785251420.7642984,FartherHybridRe,inactive,True,17.821729560246805,194.95968914403403,300.1331565384189,1808.0364763497928
1785251420.7642984,SwitchRef2,inactive,True,27.562370168090084,235.93284296956486,440.1729934513446,4125.215587675542
1785251420.7642984,SwitchRef1,inactive,True,43.29508463838205,574.1059303875453,292.0864057967285,6226.968062785883
1785251421.2637906,LeftHybridRe,inactive,True,7.903310270541421,197.65592872115477,340.28027291788845,2296.8606691742425
1785251421.2637906,RightHybridRe,inactive,True,18.896800166679572,291.08065647748583,324.3093181984473,1680.4873943577913
1785251421.2637906,DownHybridRe,inactive,True,15.408436637795425,254.26892545968033,377.4031909771827,1960.3410107175005
1785251421.2637906,UpHybridRe,inactive,True,13.766208171763482,239.42195526708,286.3730071593778,2009.159678236465
1785251421.2637906,CloseRe,inactive,True,19.64236740495222,293.96995512603957,364.74622034370896,1528.5870691625605
1785251421.2637906,OpenRe,inactive,True,10.954444724363372,209.0178660756874,383.2900513710014,2044.1339411568079
1785251421.2637906,CloserHybridRe,inactive,True,18.728279039088925,282.8421452954926,285.7229936606368,1554.7008660892388
1785251421.2637906,FartherHybridRe,inactive,True,8.431350092155723,193.23943753630064,296.9438723841135,2103.636502417885
1785251421.2637906,SwitchRef2,inactive,True,27.563131078595806,236.11646611354135,438.7180036239042,4112.032604545813
1785251421.2637906,SwitchRef1,inactive,True,43.43604513403472,574.564820126983,290.5634833597415,6225.676084119565
1785251421.7635572,LeftHybridRe,inactive,True,18.50518695957227,199.61546408523193,339.90896894180685,1985.2316036697775
1785251421.7635572,RightHybridRe,inactive,True,7.319561957000471,293.0223101568589,324.64190653028965,1929.8080206718805
1785251421.7635572,DownHybridRe,hovered,True,14.328272980482545,254.22634543606654,377.8968121005243,1980.5384806803995
1785251421.7635572,UpHybridRe,inactive,True,14.063950476050637,239.13988226505273,286.8617304909593,1990.2238399855305
1785251421.7635572,CloseRe,inactive,True,9.602948176577428,296.1023020458007,366.8536138877949,1752.7156942386864
1785251421.7635572,OpenRe,inactive,True,18.859841624830437,210.32185226376606,381.3053119724039,1802.2205289729172
1785251421.7635572,CloserHybridRe,inactive,True,9.005396790675386,284.11613743327973,284.51950918589523,1759.9010984677661
1785251421.7635572,FartherHybridRe,inactive,True,18.79479016301228,195.3257738630252,298.59648015314286,1811.6535723226152
1785251421.7635572,SwitchRef2,inactive,True,27.183190365272814,236.66909535171158,438.86076841608553,4097.634939515046
1785251421.7635572,SwitchRef1,inactive,True,43.61273635828807,574.9995887377415,290.83644177576497,6224.141507198976
1785251422.2636855,LeftHybridRe,inactive,True,18.557663832252047,199.35192390825935,339.80159524729123,1978.2760688202434
1785251422.2636855,RightHybridRe,inactive,True,7.3987365726304235,292.64654986135696,324.8589229157458,1923.6482677330423
1785251422.2636855,DownHybridRe,active,True,14.094419789018664,253.60241443527096,377.99307865627037,1982.9449759913114
1785251422.2636855,UpHybridRe,inactive,True,14.406044041369702,239.1382174198046,287.0106144278619,1974.5667353994031
1785251422.2636855,CloseRe,inactive,True,9.24373492126993,295.5125687139601,367.08142270638785,1754.6171079093328
1785251422.2636855,OpenRe,inactive,True,18.720660196097178,209.71555928844242,381.2501460703236,1803.8523828673497
1785251422.2636855,CloserHybridRe,inactive,True,9.480705952800328,283.9703145004734,284.8117396751687,1747.0052352122875
1785251422.2636855,FartherHybridRe,inactive,True,19.024975099257937,195.40644743129445,298.56810761826625,1797.6256730173882
1785251422.2636855,SwitchRef2,inactive,True,26.858638956143512,236.58584708077765,439.12115246495455,4060.8290786040816
1785251422.2636855,SwitchRef1,inactive,True,43.65585451510643,574.7053622286674,290.6213498182812,6204.223946188176
1785251422.7635102,LeftHybridRe,inactive,True,17.45827925386546,198.92940581305146,340.1431768232738,1989.0615761974586
1785251422.7635102,RightHybridRe,inactive,True,6.280111473157597,292.296965714834,324.63877145801126,1909.490019779143
1785251422.7635102,DownHybridRe,active,True,13.335551676129208,253.68719178628143,377.78141970659135,1972.3685862713246
1785251422.7635102,UpHybridRe,inactive,True,13.118768662470938,238.45563137920436,287.1814032883742,1981.0410580336174
1785251422.7635102,CloseRe,inactive,True,8.70977794663393,295.449725260757,366.58704595163937,1735.5786085369255
1785251422.7635102,OpenRe,inactive,True,17.833701989117117,209.7256240520031,381.40842582838116,1805.3755201638269
1785251422.7635102,CloserHybridRe,inactive,True,8.177514580257933,283.34591087872604,284.7933876089442,1741.4829777022242
1785251422.7635102,FartherHybridRe,inactive,True,17.799145734304307,194.57181860212006,298.9429943019022,1814.3682947446796
1785251422.7635102,SwitchRef2,inactive,True,28.10292150779179,235.83441857808864,439.03616231245945,4097.658661262714
1785251422.7635102,SwitchRef1,inactive,True,43.53694150144019,574.3102733942428,290.90488503854,6223.130095216438
1785251423.2636251,LeftHybridRe,inactive,True,18.20939691829475,199.20907388580216,339.72437135963895,1985.4322815585547
1785251423.2636251,RightHybridRe,inactive,True,7.0278229531791245,292.61634084833725,324.5924362376611,1922.8106267698968
1785251423.2636251,DownHybridRe,active,True,13.867079562550801,253.68703206650287,377.7699445034105,1982.4936906532457
1785251423.2636251,UpHybridRe,inactive,True,13.975500323422825,238.93467030081413,286.8267631311689,1981.2010178028177
1785251423.2636251,CloseRe,inactive,True,9.086404459253757,295.5841386454688,366.76157825239613,1751.18689201276
1785251423.2636251,OpenRe,inactive,True,18.4523369559302,209.7390420833009,381.146139703234,1806.9852477197855
1785251423.2636251,CloserHybridRe,inactive,True,9.031079815760634,283.8355384869277,284.56752786923244,1749.2396952530107
1785251423.2636251,FartherHybridRe,inactive,True,18.625619193788744,195.10911032678126,298.46020573270715,1807.0448389305857
1785251423.2636251,SwitchRef2,inactive,True,26.966561337876648,236.63749204178922,438.8414783363085,4063.210353812574
1785251423.2636251,SwitchRef1,inactive,True,43.445890351513206,574.5787453328451,290.67254307493005,6225.3324921728345
1785251423.7636454,LeftHybridRe,inactive,True,17.983981925957124,198.81686613826284,339.8675457463969,1985.9639459871432
1785251423.7636454,RightHybridRe,inactive,True,6.836827180254156,292.18614990630584,324.53970500906684,1917.18070024169
1785251423.7636454,DownHybridRe,active,True,13.409803987706743,253.28902682085106,377.8019708068183,1986.4987950091381
1785251423.7636454,UpHybridRe,inactive,True,14.020480288398712,238.57372484757715,286.973417018697,1971.9021652477422
1785251423.7636454,CloseRe,inactive,True,8.54245805253595,295.18722816145726,366.67892694493594,1751.8553684471408
1785251423.7636454,OpenRe,inactive,True,18.070444395926245,209.2989322456287,381.2963636506888,1813.1002748391547
1785251423.7636454,CloserHybridRe,inactive,True,9.22421898885829,283.39283404138945,284.63528123578936,1738.8690190065681
1785251423.7636454,FartherHybridRe,inactive,True,18.563649492060584,194.78040243884897,298.6624062555984,1801.8051468071462
1785251423.7636454,SwitchRef2,inactive,True,28.641461769644163,235.4864905355198,439.04766999778025,4097.7896641040425
1785251423.7636454,SwitchRef1,inactive,True,43.26509168953629,572.0916686528852,294.530000644214,6190.8867183093025
1785251424.2635658,LeftHybridRe,inactive,True,16.857748248918277,198.57703055480798,339.1711761756299,1999.764730799914
1785251424.2635658,RightHybridRe,inactive,True,5.764098409579819,292.1938278858017,323.9341219140266,1905.2937385182668
1785251424.2635658,DownHybridRe,hovered,True,12.10526020488949,253.13256794236833,377.10308015960214,1992.896094056763
1785251424.2635658,UpHybridRe,inactive,True,13.250169794345837,238.70761655544112,286.4224322627018,1966.888055379699
1785251424.2635658,CloseRe,inactive,True,7.229794038468618,295.0948757105198,365.94897270272156,1746.6245985836067
1785251424.2635658,OpenRe,inactive,True,16.818511366156105,208.93073982830788,380.65716113338067,1829.9448860527918
1785251424.2635658,CloserHybridRe,inactive,True,8.737753932925667,283.5144542763454,284.21129748048617,1724.040761964141
1785251424.2635658,FartherHybridRe,inactive,True,17.641722101609844,194.71611312650978,297.9795709889526,1809.0017310182047
1785251424.2635658,SwitchRef2,inactive,True,27.572055207386224,235.87315764960763,438.09597697257846,4062.137133508273
1785251424.2635658,SwitchRef1,inactive,True,42.863144055848096,569.7815682363582,300.24579027097417,6118.363592715286
1785251424.7637904,LeftHybridRe,inactive,True,17.08230681283918,198.88578509852337,338.377394271205,1999.0599112814125
1785251424.7637904,RightHybridRe,inactive,True,5.9256904618142086,292.51412499678554,323.18421011479745,1910.944166291476
1785251424.7637904,DownHybridRe,active,True,12.480882585420098,253.4783674926102,376.3489018002906,1990.4558362799798
1785251424.7637904,UpHybridRe,inactive,True,13.27492194425805,238.93002833531577,285.56829958111456,1974.5145971887287
1785251424.7637904,CloseRe,inactive,True,7.655570058477438,295.43341680524804,365.2383476173602,1747.416114926782
1785251424.7637904,OpenRe,inactive,True,17.148357803271793,209.31950732034812,379.8544642505806,1824.9314140333372
1785251424.7637904,CloserHybridRe,inactive,True,8.632226747105971,283.8019044398435,283.36280280763,1732.9961124305337
1785251424.7637904,FartherHybridRe,inactive,True,17.751978831246422,194.93191944852518,297.13827122699183,1812.844860319783
1785251424.7637904,SwitchRef2,inactive,True,28.22243862978331,236.0604347729088,437.1748862017031,4058.4039655326706
1785251424.7637904,SwitchRef1,inactive,True,42.82840578330249,568.9146996875081,303.38786400551396,6057.81114039728
1785251425.2635648,LeftHybridRe,inactive,True,18.540254733612457,199.42273167875257,338.1163110083603,1977.4635606123702
1785251425.2635648,RightHybridRe,inactive,True,7.421950431036528,292.6383652553945,322.7662263453641,1922.7461477039105
1785251425.2635648,DownHybridRe,active,True,13.827349755694618,253.7688755247873,376.10409225803045,1986.8003607910214
1785251425.2635648,UpHybridRe,inactive,True,14.646495995970449,239.0465239585896,285.18823206549405,1969.1475522394285
1785251425.2635648,CloseRe,inactive,True,8.87506285075097,295.65733598377653,365.0000631163583,1757.8575632231805
1785251425.2635648,OpenRe,inactive,True,18.536631094214513,209.88167666509779,379.5521886148738,1806.897872073314
1785251425.2635648,CloserHybridRe,inactive,True,9.846210269000816,283.8268817133705,282.7935072804595,1742.2688745572086
1785251425.2635648,FartherHybridRe,inactive,True,19.166724029247643,195.38920781197595,296.92517184906495,1793.2079860427184
1785251425.2635648,SwitchRef2,inactive,True,29.09420830834013,235.98226085253657,436.6867366710302,4073.1486818124977
1785251425.2635648,SwitchRef1,inactive,True,42.843818343046735,568.9053740306728,303.0485595167014,6064.700618476949
1785251425.7635746,LeftHybridRe,inactive,True,18.12466360048288,198.88891130358093,338.36477676257846,1988.845007815944
1785251425.7635746,RightHybridRe,inactive,True,7.190961175900386,292.3272862949977,322.7984637070469,1920.6668312536276
1785251425.7635746,DownHybridRe,active,True,12.933359963279095,253.27805212752673,376.3445953016799,2005.7540951750343
1785251425.7635746,UpHybridRe,inactive,True,14.791392640399518,238.82761839928278,285.419077101795,1959.6467446447423
1785251425.7635746,CloseRe,inactive,True,7.822536927356109,295.31684198602153,365.07471558216844,1768.34596311333
1785251425.7635746,OpenRe,inactive,True,17.791655413567614,209.16694413076593,379.94181502566164,1829.4394397657888
1785251425.7635746,CloserHybridRe,inactive,True,10.308626674979129,283.56670725741105,282.9657015983895,1729.259224504669
1785251425.7635746,FartherHybridRe,inactive,True,19.08498061559992,195.08641464555694,297.19023403283535,1791.307616648377
1785251425.7635746,SwitchRef2,inactive,True,27.90693014407883,236.02795893060332,437.2452063296449,4059.5610993887385
1785251425.7635746,SwitchRef1,inactive,True,42.92601270682353,568.5391385617814,303.25727909312934,6074.644524298943
1785251426.2636185,LeftHybridRe,inactive,True,18.206280469390286,198.92959490316352,338.4199307384746,1985.4785801876787
1785251426.2636185,RightHybridRe,inactive,True,7.159343951000897,292.31666803916795,323.0703513169347,1920.870661821209
1785251426.2636185,DownHybridRe,active,True,13.258588643466885,253.27497635146597,376.46553495040797,1997.3679771138413
1785251426.2636185,UpHybridRe,inactive,True,14.600300447067273,238.81814368452956,285.5326529373425,1964.6720990141694
1785251426.2636185,CloseRe,inactive,True,8.230051531008163,295.26283282480165,365.3186078634112,1762.7517299007523
1785251426.2636185,OpenRe,inactive,True,18.042608960504204,209.24102590961203,379.9488951202168,1820.582998881022
1785251426.2636185,CloserHybridRe,inactive,True,9.968322569662682,283.5868262153262,283.1713645576325,1734.7537137165127
1785251426.2636185,FartherHybridRe,inactive,True,19.005277535495594,195.07467226138763,297.22639892485813,1793.9254110782567
1785251426.2636185,SwitchRef2,inactive,True,28.192072535327284,236.06974786649496,437.39558522573964,4044.116530165127
1785251426.2636185,SwitchRef1,inactive,True,42.67634740502168,567.1960216901757,307.56176746221246,6024.944065100361
1785251426.7635272,LeftHybridRe,inactive,True,18.056286888495258,199.11292548301194,338.388818430685,1986.8422721175084
1785251426.7635272,RightHybridRe,inactive,True,6.891124136889811,292.51267252242604,323.0603768658036,1920.9159609272974
1785251426.7635272,DownHybridRe,hovered,True,13.517677171897713,253.63955162438694,376.33921188829663,1986.1897962246803
1785251426.7635272,UpHybridRe,inactive,True,14.040760722002961,238.8170386984701,285.44293750239416,1977.0326284795083
1785251426.7635272,CloseRe,hovered,True,8.659409070660134,295.5402351154027,365.2269370605786,1752.969551592032
1785251426.7635272,OpenRe,inactive,True,18.169649680381998,209.6601142451309,379.82004642384965,1811.4296406909634
1785251426.7635272,CloserHybridRe,inactive,True,9.211774778012767,283.6842455995058,283.09997159417446,1744.2915756200382
1785251426.7635272,FartherHybridRe,inactive,True,18.607280578686105,195.00694042536276,297.14974199134053,1805.0953513153836
1785251426.7635272,SwitchRef2,inactive,True,28.113191815236725,236.4057944219156,437.2006067314471,4020.280979095085
1785251426.7635272,SwitchRef1,inactive,True,42.71361050775744,564.7205997521735,313.51708230803,5926.874728193565
1785251427.2636755,LeftHybridRe,inactive,True,8.050179162622706,197.2722863298324,338.8330864339238,2294.2569101084337
1785251427.2636755,RightHybridRe,inactive,True,18.89147381569808,290.7073021481558,322.7878644937971,1680.3029188493092
1785251427.2636755,DownHybridRe,inactive,True,15.70508075465452,253.79240451323503,375.82387735608205,1949.9494245349488
1785251427.2636755,UpHybridRe,inactive,True,13.496089968669356,239.104000082536,284.8462761694675,2017.466239025649
1785251427.2636755,CloseRe,inactive,True,19.819292003605174,293.46305484522236,363.1691396122169,1522.0001207917885
1785251427.2636755,OpenRe,inactive,True,11.406300078212885,208.61396853931336,381.73275117975555,2032.1634651675704
1785251427.2636755,CloserHybridRe,inactive,True,18.53575618225477,282.5831521332283,284.1614118607078,1560.8923697106147
1785251427.2636755,FartherHybridRe,inactive,True,8.091198383706516,192.85113976040344,295.47800790626883,2111.2486294340342
1785251427.2636755,SwitchRef2,inactive,True,27.64838982870915,235.85272941014594,437.06871427274757,4073.120019139904
1785251427.2636755,SwitchRef1,inactive,True,42.351222753993014,564.292834676632,313.78795024514176,5949.882757021158
1785251427.7637596,LeftHybridRe,inactive,True,17.717865648706255,198.46854105796186,338.07734955970466,2004.2969537365134
1785251427.7637596,RightHybridRe,inactive,True,6.531589123759435,292.19177407384353,322.38765391149707,1928.574764226505
1785251427.7637596,DownHybridRe,hovered,True,13.10397151189536,253.35056139911563,375.93254984811995,1999.9218246212477
1785251427.7637596,UpHybridRe,inactive,True,13.811497238521582,238.22001862846344,284.86904092293656,1988.3714415861177
1785251427.7637596,CloseRe,inactive,True,8.226898790025126,295.35586289946946,364.6224845507128,1761.2816132127336
1785251427.7637596,OpenRe,inactive,True,17.787383249031198,209.17704397143294,379.60894772856506,1827.9680030987838
1785251427.7637596,CloserHybridRe,inactive,True,9.058366727990707,283.22204441974543,282.39888689704134,1750.3871889907969
1785251427.7637596,FartherHybridRe,inactive,True,18.340451249723717,194.23882360526738,296.7291586706695,1819.8953249673323
1785251427.7637596,SwitchRef2,inactive,True,28.225588854154726,235.8786099105892,436.7016934910316,4027.8002907349655
1785251427.7637596,SwitchRef1,inactive,True,42.46073184283252,564.191709360709,313.53981008869175,5942.92139988055
1785251428.2636626,LeftHybridRe,inactive,True,17.933177083566946,198.27594511804625,337.1623139180514,1983.8954196883824
1785251428.2636626,RightHybridRe,inactive,True,6.801936980676532,291.63954419350796,322.1358148435651,1913.7919357428036
1785251428.2636626,DownHybridRe,active,True,14.035486428520905,252.9242424812945,375.0205672369748,1962.6276908390864
1785251428.2636626,UpHybridRe,inactive,True,13.310513273749311,237.8123754403803,284.3373740232096,1990.1249052001986
1785251428.2636626,CloseRe,inactive,True,9.48431790932841,294.6678383664147,364.08731335183404,1731.51902046732
1785251428.2636626,OpenRe,inactive,True,18.453896726420385,209.06091783102048,378.3869916414948,1792.588901595518
1785251428.2636626,CloserHybridRe,inactive,True,8.210705793983884,282.7859995929547,282.14953899858773,1752.7458753569226
1785251428.2636626,FartherHybridRe,inactive,True,18.09490078425161,193.89954870362394,295.92293967875486,1818.1407642431514
1785251428.2636626,SwitchRef2,inactive,True,28.066243386403396,235.5104599935634,436.40745378442995,4063.9800160618324
1785251428.2636626,SwitchRef1,inactive,True,42.619293095480735,564.1743185192526,312.68635622330623,5905.709735501252
1785251428.7636578,LeftHybridRe,inactive,True,6.030694372618286,196.72087019803178,337.37851345230126,2282.787112998325
1785251428.7636578,RightHybridRe,inactive,True,17.005345266966174,290.7134107182631,321.56905576968126,1703.276980441682
1785251428.7636578,DownHybridRe,active,True,13.74814929192901,253.4662994563696,374.5178959490829,1965.8863660131829
1785251428.7636578,UpHybridRe,inactive,True,11.895523560885481,238.6465695304777,283.6382530852397,2020.1546744567495
1785251428.7636578,CloseRe,inactive,True,17.878972382904315,293.5446250569142,362.03706285869873,1546.5341989527078
1785251428.7636578,OpenRe,inactive,True,9.570291325069935,208.0665397740829,380.17436757659715,2030.1761934117894
1785251428.7636578,CloserHybridRe,inactive,True,16.851840369354345,282.45907413924476,282.91968098247304,1576.9461579114577
1785251428.7636578,FartherHybridRe,inactive,True,6.635303327202158,192.31147163887434,294.24262060002644,2094.69609642648
1785251428.7636578,SwitchRef2,inactive,True,27.442127295506612,235.71600343574505,435.7624686667782,4067.2750490675826
1785251428.7636578,SwitchRef1,inactive,True,42.404746722913266,564.2446471428464,312.3301031030284,5922.587972740177
1785251429.2636695,LeftHybridRe,inactive,True,6.757030927316701,196.67019746669652,337.11252757753334,2288.899128389534
1785251429.2636695,RightHybridRe,inactive,True,17.84744001748544,290.4527591918616,321.73521870778904,1691.5220565722193
1785251429.2636695,DownHybridRe,active,True,14.223840461553001,253.26800817719453,374.5643433992657,1967.8896065868175
1785251429.2636695,UpHybridRe,inactive,True,12.961478830587614,238.68549504031654,283.58767544546447,2008.552541574085
1785251429.2636695,CloseRe,inactive,True,18.503970840520665,293.23657872980107,362.20452754121084,1541.04920148971
1785251429.2636695,OpenRe,inactive,True,9.776892033077587,207.87557459567296,380.0899969203084,2041.7818710452193
1785251429.2636695,CloserHybridRe,inactive,True,17.844465956720633,282.28499177883447,283.13089199586295,1561.6942656609172
1785251429.2636695,FartherHybridRe,inactive,True,7.749758779359758,192.42037520114795,293.9111871785798,2092.879979648711
1785251429.2636695,SwitchRef2,inactive,True,29.045003754192024,234.86303289637527,435.68891150487275,4097.691577585363
1785251429.2636695,SwitchRef1,inactive,True,42.38535787263686,563.494470934411,313.8534082889672,5917.286981840807
1785251429.7635977,LeftHybridRe,inactive,True,6.551899692525309,196.6640360829601,337.1721030145271,2276.4804735318176
1785251429.7635977,RightHybridRe,inactive,True,17.701005139987405,290.2751249211925,322.0904147030989,1684.857637847912
1785251429.7635977,DownHybridRe,hovered,True,13.782746731163376,253.14869568484673,374.73356667953664,1966.996383552876
1785251429.7635977,UpHybridRe,inactive,True,13.126387561142975,238.6089268165324,283.97277304242033,1990.9064401630676
1785251429.7635977,CloseRe,inactive,True,18.166473693860425,293.10257798042005,362.50052806483825,1540.684148838278
1785251429.7635977,OpenRe,inactive,True,9.201595168058207,207.78688500039772,380.1147297518186,2039.369896650158
1785251429.7635977,CloserHybridRe,inactive,True,17.894299757717096,282.08433547984754,283.61567411073173,1549.8492028017063
1785251429.7635977,FartherHybridRe,inactive,True,8.05965879520535,192.49828516728724,294.135035686056,2073.0714213335705
1785251429.7635977,SwitchRef2,inactive,True,27.543535386760134,235.27860179680624,436.1032539542132,4097.439794473707
1785251429.7635977,SwitchRef1,inactive,True,42.38334535001313,560.6114141530454,319.7896109672329,5829.907842672561
1785251430.263722,LeftHybridRe,inactive,True,7.282320714956874,195.83665496625125,338.2844484987505,2289.78244510663
1785251430.263722,RightHybridRe,inactive,True,18.010117007415438,289.64574438849996,322.5065196192834,1691.0556641776493
1785251430.263722,DownHybridRe,inactive,True,15.064424371839609,252.3165859662871,375.37859557522995,1951.6420662723394
1785251430.263722,UpHybridRe,inactive,True,12.500728244057205,237.96984414801756,284.4540595279433,2025.1998730126252
1785251430.263722,CloseRe,inactive,True,19.0752368248986,292.21596002499734,362.88992801396495,1529.2567894018866
1785251430.263722,OpenRe,inactive,True,10.960217969920404,207.02820014069866,381.0926130884926,2025.9411785404882
1785251430.263722,CloserHybridRe,inactive,True,17.574169260061158,281.6628887836456,283.8308438654082,1572.724200901699
1785251430.263722,FartherHybridRe,inactive,True,7.085323530397653,191.56433581455005,295.0056905799735,2110.627600682812
1785251430.263722,SwitchRef2,inactive,True,28.820117135325297,234.86530061581416,436.75406438598543,4032.655451151666
1785251430.263722,SwitchRef1,inactive,True,42.20291064473588,559.1113691242996,321.90232480577026,5793.99800076941
1785251430.7636495,LeftHybridRe,inactive,True,18.648323500889802,197.64801127847258,336.66131276927393,1983.040874616916
1785251430.7636495,RightHybridRe,inactive,True,7.504213128066654,291.07092615733285,321.8343050761966,1927.0619369188935
1785251430.7636495,DownHybridRe,inactive,True,14.075788545540687,251.92352951530484,374.9565475022876,1986.7015334428652
1785251430.7636495,UpHybridRe,inactive,True,14.59705741142112,237.54909415008117,283.8803798933632,1978.7534221487076
1785251430.7636495,CloseRe,hovered,True,9.17517621324535,293.88819794854095,364.09450215593847,1757.7839754641027
1785251430.7636495,OpenRe,inactive,True,18.739036856915334,207.98328238841805,378.15913379462563,1807.6844570373323
1785251430.7636495,CloserHybridRe,inactive,True,9.713841959918398,282.43717455209287,281.74576390540636,1750.1111481581902
1785251430.7636495,FartherHybridRe,inactive,True,19.178344113978106,193.73942150658917,295.38579198934303,1802.4811110303744
1785251430.7636495,SwitchRef2,inactive,True,28.939330319041634,234.78266452216977,435.76878436521986,4031.228038457135
1785251430.7636495,SwitchRef1,inactive,True,41.99686449893827,559.4155044595263,321.86174838641733,5808.211471877745
1785251431.2636554,LeftHybridRe,inactive,True,17.79501905249301,197.65848144947867,336.38000458340133,1999.6558074482964
1785251431.2636554,RightHybridRe,inactive,True,6.619468206937761,291.40849773953016,321.5289881559883,1924.6143386378317
1785251431.2636554,DownHybridRe,inactive,True,13.863027023931595,252.41822716519954,374.48641032671776,1976.5455699812228
1785251431.2636554,UpHybridRe,inactive,True,13.20761894466877,237.50940997364043,283.4892957261442,2002.8567728206435
1785251431.2636554,CloseRe,active,True,9.300764403947031,294.33380193897574,363.6062658208399,1742.0092802252475
1785251431.2636554,OpenRe,inactive,True,18.301076419785737,208.3678165677623,377.7751780932817,1807.2357022061333
1785251431.2636554,CloserHybridRe,inactive,True,8.124249935678824,282.6371857330864,281.417448131176,1762.1146445361228
1785251431.2636554,FartherHybridRe,inactive,True,17.987565183966797,193.38778997583955,294.99288766872365,1831.950281059002
1785251431.2636554,SwitchRef2,inactive,True,29.238115887505167,235.1011878178975,435.72591364804526,4009.1054379292254
1785251431.2636554,SwitchRef1,inactive,True,42.17920503285434,559.589792045092,321.31903027190185,5780.983229267207
1785251431.7636771,LeftHybridRe,inactive,True,5.934746414050696,195.94459664935286,336.3713027920495,2279.653293514799
1785251431.7636771,RightHybridRe,inactive,True,17.1300155903178,289.85741525595193,321.3203712308421,1695.6247323568896
1785251431.7636771,DownHybridRe,inactive,True,12.72379833896759,252.77091146992794,374.0484287969206,1986.6671834023
1785251431.7636771,UpHybridRe,inactive,True,13.114831077415555,237.81906348256283,283.2743823865511,1986.9518711648525
1785251431.7636771,CloseRe,active,True,17.281646476952172,292.9334568922484,361.82008215718804,1558.6629207100777
1785251431.7636771,OpenRe,inactive,True,7.946513818623305,207.1976917820783,379.38151237954986,2054.6284713304194
1785251431.7636771,CloserHybridRe,inactive,True,17.67426565553246,281.4171846438228,282.88637664726286,1551.3990882257494
1785251431.7636771,FartherHybridRe,inactive,True,8.35906881527157,191.6901591270674,293.4275202498345,2064.34536797733
1785251431.7636771,SwitchRef2,inactive,True,28.972399073714474,234.68246350798512,435.4010588037795,4054.200688377983
1785251431.7636771,SwitchRef1,inactive,True,42.19892221799001,559.5498609799697,321.15758692610643,5798.211687927265
1785251432.2635722,LeftHybridRe,inactive,True,17.754919446776142,197.52166389825814,335.9309908337066,1992.6075275816838
1785251432.2635722,RightHybridRe,inactive,True,6.776580690698789,291.01563955682406,320.4558436929604,1914.8740779489526
1785251432.2635722,DownHybridRe,inactive,True,12.695267581578143,252.03581850721477,373.8422769784004,1998.0021576275903
1785251432.2635722,UpHybridRe,inactive,True,14.33555058370868,237.4520360998642,283.0403473511464,1964.6644310043048
1785251432.2635722,CloseRe,active,True,7.6466091646518395,294.0174944080478,362.61258422820214,1758.1620813016125
1785251432.2635722,OpenRe,inactive,True,17.51011503649828,207.91314110237624,377.43726958044806,1826.7475386294063
1785251432.2635722,CloserHybridRe,inactive,True,9.839329419765864,282.239327204,280.6613310152514,1729.1903816920822
1785251432.2635722,FartherHybridRe,inactive,True,18.658891363483416,193.6084728769935,294.75329374604416,1800.1849754661089
1785251432.2635722,SwitchRef2,inactive,True,28.81643236592189,234.49048372334943,435.15434950115247,4076.3255119358655
1785251432.2635722,SwitchRef1,inactive,True,42.45522689904299,559.6255476212565,320.55593136590846,5765.163033498742
1785251432.7636805,LeftHybridRe,inactive,True,18.261235846324247,197.36024131056269,335.50212452827867,1984.761491212732
1785251432.7636805,RightHybridRe,inactive,True,7.400088357115735,290.84213090268327,320.76795716656466,1916.358022491273
1785251432.7636805,DownHybridRe,inactive,True,15.04247477316054,252.2345450192835,373.32940037028936,1943.7146136057636
1785251432.7636805,UpHybridRe,inactive,True,12.97361620922173,236.7253164715878,282.6995138790016,2012.9101557278882
1785251432.7636805,CloseRe,active,True,10.808386029860687,293.8947719443699,362.5840967516421,1716.7977111488872
1785251432.7636805,OpenRe,inactive,True,19.20048835452123,208.44517823915507,376.55739785970906,1775.3866897190128
1785251432.7636805,CloserHybridRe,inactive,True,7.61848580410341,281.92043862868184,280.65044477608797,1772.1033423663903
1785251432.7636805,FartherHybridRe,inactive,True,17.97519711688861,192.64849723694712,294.1979013893002,1837.1924414301939
1785251432.7636805,SwitchRef2,inactive,True,27.98166139388914,234.5339091629732,434.7474805516378,4063.3178193901986
1785251432.7636805,SwitchRef1,inactive,True,42.483717749737046,559.5697600170208,320.4502069794328,5764.225571176779
1785251433.263611,LeftHybridRe,inactive,True,18.351192418723162,197.28954027454554,335.71593391524203,1985.0971887800042
1785251433.263611,RightHybridRe,inactive,True,7.2320903090096715,290.7183057763029,320.7545508259199,1921.8434444779195
1785251433.263611,DownHybridRe,inactive,True,14.471670154498371,251.98221208848202,373.66459675145023,1964.0583018887992
1785251433.263611,UpHybridRe,inactive,True,13.655634259845,236.78752195926032,282.82867752800564,1998.0446595508183
1785251433.263611,CloseRe,active,True,9.899911217905073,293.7577181842132,362.7814016170238,1735.9900813101704
1785251433.263611,OpenRe,inactive,True,18.887336497421796,208.12764679489337,376.9681122208274,1790.9848762437214
1785251433.263611,CloserHybridRe,inactive,True,8.502997082830543,281.839457963796,280.6550536877129,1762.5076690104906
1785251433.263611,FartherHybridRe,inactive,True,18.46838867266245,192.852366305925,294.4176281042498,1822.3165726396765
1785251433.263611,SwitchRef2,inactive,True,29.048012008771895,234.46172737337878,434.45588229479455,4051.6848385121484
1785251433.263611,SwitchRef1,inactive,True,42.375954697701,559.0674721244097,320.0884034665727,5773.295759125569
1785251433.7635758,LeftHybridRe,inactive,True,18.229970719627193,197.34225609215633,335.4788519783813,1993.4436113354277
1785251433.7635758,RightHybridRe,inactive,True,7.041239222374437,290.9679928876335,320.58955005765966,1927.9860442659847
1785251433.7635758,DownHybridRe,inactive,True,14.00156767840601,251.9507793718466,373.6524163121537,1981.3461484354048
1785251433.7635758,UpHybridRe,inactive,True,13.876729794465243,237.16147625975876,282.5852509872815,1995.308120283371
1785251433.7635758,CloseRe,active,True,9.27005909594115,293.887282177213,362.7636269524918,1749.9000980915953
1785251433.7635758,OpenRe,inactive,True,18.548598881330182,207.94935730394914,376.9196519427798,1807.1724826641985
1785251433.7635758,CloserHybridRe,inactive,True,8.874352282963542,282.2128249793341,280.46102332468627,1759.9286849765049
1785251433.7635758,FartherHybridRe,inactive,True,18.572842134972408,193.1678785901544,294.12152814153404,1821.2617669365864
1785251433.7635758,SwitchRef2,inactive,True,28.094006533289356,234.2142827387041,434.7750108376766,4109.2658695820355
1785251433.7635758,SwitchRef1,inactive,True,42.43022080927731,559.2077045299895,320.2628278659764,5797.6387734452
1785251434.2637677,LeftHybridRe,inactive,True,18.00467576256013,197.1965193494237,335.83298662999147,1987.507396185807
1785251434.2637677,RightHybridRe,inactive,True,6.857334415023317,290.6231258518179,320.69525814453357,1916.8762415036836
1785251434.2637677,DownHybridRe,inactive,True,13.484780129609257,251.71131113213366,373.81701698414065,1981.273971255243
1785251434.2637677,UpHybridRe,inactive,True,13.986935907182763,236.97067117576344,282.9973831224215,1978.0200639288669
1785251434.2637677,CloseRe,hovered,True,8.641154207807906,293.59072233982766,362.7932953911328,1747.1747932537837
1785251434.2637677,OpenRe,inactive,True,18.12514408167654,207.73227549522386,377.2288550804062,1809.116487924166
1785251434.2637677,CloserHybridRe,inactive,True,9.163560744031717,281.8530218978457,280.75832659671397,1742.9699847457741
1785251434.2637677,FartherHybridRe,inactive,True,18.5492165155075,193.1011449577075,294.60527804186717,1808.4462599549588
1785251434.2637677,SwitchRef2,inactive,True,27.623613939986306,234.3576516573584,434.7666966768046,4069.4371283982546
1785251434.2637677,SwitchRef1,inactive,True,42.517599299297295,559.3328730433976,320.9959065215985,5766.203362486616
1785251434.7636838,LeftHybridRe,inactive,True,18.869964553268943,197.44835907623502,335.747693374517,1986.9806181427848
1785251434.7636838,RightHybridRe,inactive,True,7.735403357473457,290.9152464256213,320.50368049876914,1935.1714970012545
1785251434.7636838,DownHybridRe,inactive,True,14.9439579909031,252.2919022353833,373.669969670981,1971.0247141414075
1785251434.7636838,UpHybridRe,inactive,True,14.147147951455645,236.74388620883107,282.6055932429907,2006.7154793070986
1785251434.7636838,CloseRe,hovered,True,10.31463719545285,294.10746389975674,362.68004428843824,1746.967605353333
1785251434.7636838,OpenRe,inactive,True,19.384843677581248,208.4433342966896,377.05170652364217,1792.2954665001052
1785251434.7636838,CloserHybridRe,inactive,True,8.955714647319745,281.8730787418329,280.26790735282503,1775.0791665291545
1785251434.7636838,FartherHybridRe,inactive,True,18.97647705355227,192.84881465677222,294.3737282270688,1824.9655600164551
1785251434.7636838,SwitchRef2,inactive,True,28.41293047162992,234.51979851198394,434.5771631614171,4033.6836862975833
1785251434.7636838,SwitchRef1,inactive,True,42.20806301479201,559.1152361908961,321.22560095530713,5790.743171423397
1785251435.263601,LeftHybridRe,inactive,True,18.43749148780634,197.43369395025599,335.6751138464271,1994.7006581509559
1785251435.263601,RightHybridRe,inactive,True,7.241466821237607,291.0280186933703,320.30901230255216,1933.8437227767063
1785251435.263601,DownHybridRe,inactive,True,14.138492797975507,252.24209927463363,373.64198183343814,1985.6164316510913
1785251435.263601,UpHybridRe,inactive,True,14.12269095245202,236.98860295480486,282.523405206586,1998.3460629164802
1785251435.263601,CloseRe,active,True,9.361033708479583,294.16419744090297,362.5450592806014,1755.6162660342452
1785251435.263601,OpenRe,inactive,True,18.714056969159405,208.2468590141801,377.1103057502998,1808.9089862395376
1785251435.263601,CloserHybridRe,inactive,True,9.123790649124283,282.0607393110007,280.1593562588754,1764.5990364022728
1785251435.263601,FartherHybridRe,inactive,True,18.80829145540182,193.05385636660367,294.30084953700015,1822.0399056640563
1785251435.263601,SwitchRef2,inactive,True,28.2871989911592,234.60960099818217,434.5870976547427,4041.810737805594
1785251435.263601,SwitchRef1,inactive,True,42.286663410714894,559.1409281054741,321.1377299613809,5790.310251068382
1785251435.7634978,LeftHybridRe,inactive,True,18.52383640089198,196.9345752860622,334.91094877312145,1994.6840415388979
1785251435.7634978,RightHybridRe,inactive,True,7.42348209312994,290.6378030252084,320.1332488861808,1933.4383480536053
1785251435.7634978,DownHybridRe,inactive,True,14.79596853334945,251.7562679294099,373.0468623750959,1969.3087779122434
1785251435.7634978,UpHybridRe,inactive,True,13.65097008943782,236.5496117685247,281.9455961589249,2014.3016838575822
1785251435.7634978,CloseRe,active,True,10.282384398797259,293.6320035982176,362.2537006870063,1741.9130082085248
1785251435.7634978,OpenRe,inactive,True,19.162302898320018,207.81696265869994,376.2464490747735,1794.9908144433866
1785251435.7634978,CloserHybridRe,inactive,True,8.414650742089437,281.77496778702414,279.8672760618675,1777.4736651950043
1785251435.7634978,FartherHybridRe,inactive,True,18.531665159463756,192.45863578994772,293.47902030851606,1835.8635578146714
1785251435.7634978,SwitchRef2,inactive,True,28.2109262812442,234.39347599681966,434.4968975190534,4041.5754431990936
1785251435.7634978,SwitchRef1,inactive,True,42.45490232196799,559.0082342918058,320.40619872708845,5776.910984264527
1785251436.2635112,LeftHybridRe,inactive,True,18.115566022798635,196.89024595324074,334.6542272822825,1995.3164182608634
1785251436.2635112,RightHybridRe,inactive,True,6.952333496485226,290.53701040343225,319.6810116569126,1926.2162628002843
1785251436.2635112,DownHybridRe,inactive,True,14.143013276293324,251.68578752961324,372.67817039035276,1973.2053576930412
1785251436.2635112,UpHybridRe,inactive,True,13.529149699643549,236.55281740320027,281.70208769194073,2003.46196118445
1785251436.2635112,CloseRe,active,True,9.539520866442432,293.55302447162,361.76536892756326,1741.7729071367212
1785251436.2635112,OpenRe,inactive,True,18.596094264075813,207.70669658392194,376.0017070452485,1801.583961276454
1785251436.2635112,CloserHybridRe,inactive,True,8.429966954848116,281.6762559253717,279.550716204742,1764.9561842410767
1785251436.2635112,FartherHybridRe,inactive,True,18.307874353861514,192.49821206086614,293.2841500945865,1830.0507687295285
1785251436.2635112,SwitchRef2,inactive,True,27.79486434454323,234.10260749936458,434.2340876065403,4087.134778684318
1785251436.2635112,SwitchRef1,inactive,True,42.60362321470387,558.9424241569467,319.6961443727937,5753.459000830204
1785251436.7635388,LeftHybridRe,inactive,True,18.2140204653526,196.8460396906127,334.59926513464086,1993.9744779894972
1785251436.7635388,RightHybridRe,inactive,True,7.035987126871446,290.3933974968689,319.18347407661383,1927.2648974554322
1785251436.7635388,DownHybridRe,inactive,True,13.771694117371993,251.62593748283427,372.49558957616955,1985.074516966044
1785251436.7635388,UpHybridRe,inactive,True,14.078580071896608,236.43557788443687,281.50856711300173,1991.294067735722
1785251436.7635388,CloseRe,active,True,8.945993655644118,293.52589969227654,361.36069140697094,1752.6500999389027
1785251436.7635388,OpenRe,inactive,True,18.39227037107085,207.61917184061525,376.01362898681134,1810.7872432194454
1785251436.7635388,CloserHybridRe,inactive,True,9.1801499148125,281.4443568807708,279.134644848215,1756.0209796170384
1785251436.7635388,FartherHybridRe,inactive,True,18.692436225294493,192.51408042891975,293.2800954135826,1818.6564014181386
1785251436.7635388,SwitchRef2,inactive,True,28.612312090126235,233.6080356360195,433.2702574549648,4104.460383260019
1785251436.7635388,SwitchRef1,inactive,True,42.39899885570951,558.7097385226779,319.66456813550815,5775.675765969063
1785251437.263581,LeftHybridRe,inactive,True,17.790004513018904,196.7898412889028,334.8215855475396,1996.1338695396953
1785251437.263581,RightHybridRe,inactive,True,6.690726109372269,290.3139922501895,319.1203586371134,1919.1149845148757
1785251437.263581,DownHybridRe,inactive,True,13.006779218111616,251.58126420499153,372.55912985769186,1991.8992468563592
1785251437.263581,UpHybridRe,inactive,True,14.068054183466026,236.44748500561,281.7338026860599,1978.2737580572539
1785251437.263581,CloseRe,active,True,8.06162695868093,293.493770967208,361.2522948853,1753.8751149656237
1785251437.263581,OpenRe,inactive,True,17.736617513283747,207.4937845632632,376.254622616991,1821.104337087847
1785251437.263581,CloserHybridRe,inactive,True,9.408917815232112,281.3470508313785,279.2508337318782,1740.8027574093321
1785251437.263581,FartherHybridRe,inactive,True,18.515835745260986,192.55422676357554,293.5823093990866,1811.9984173903285
1785251437.263581,SwitchRef2,inactive,True,27.382549635262954,234.11820045652055,433.9527225092373,4093.907182804629
1785251437.263581,SwitchRef1,inactive,True,42.50787845783592,558.7135583595227,319.7987045910215,5764.300612201507
1785251437.7635534,LeftHybridRe,inactive,True,19.22994568665455,196.93931500234496,334.4717373048915,1984.611992958773
1785251437.7635534,RightHybridRe,inactive,True,8.061539433194465,290.36315264164597,319.22905474764127,1940.5627471427215
1785251437.7635534,DownHybridRe,inactive,True,14.85522016468221,251.5680157277195,372.57016461441026,1983.8243811517968
1785251437.7635534,UpHybridRe,inactive,True,14.904642198844158,236.37527625732628,281.33198210562364,1996.9045902066464
1785251437.7635534,CloseRe,active,True,10.006881098797429,293.4760532766842,361.5692513679551,1761.0554917044428
1785251437.7635534,OpenRe,inactive,True,19.457186875360158,207.7021727470995,375.91348139381324,1800.0224582249612
1785251437.7635534,CloserHybridRe,inactive,True,9.862006582115269,281.4148861555421,278.97038221074547,1770.478775100808
1785251437.7635534,FartherHybridRe,inactive,True,19.594236195305918,192.5820030980904,293.10150059971795,1813.4147892591682
1785251437.7635534,SwitchRef2,inactive,True,29.021347696275235,233.48264123125603,433.07325918718215,4098.431132834587
1785251437.7635534,SwitchRef1,inactive,True,42.30785393306657,558.7999951078029,319.71597334837605,5774.337139395473
1785251438.2635458,LeftHybridRe,inactive,True,17.887231839954104,196.56787750740278,334.10934308576753,1989.7984053033724
1785251438.2635458,RightHybridRe,inactive,True,6.771958474788618,290.10778215747763,319.4050236596849,1915.2362234507018
1785251438.2635458,DownHybridRe,inactive,True,14.060641554195305,251.2385377983482,372.1294059178638,1961.5721543790642
1785251438.2635458,UpHybridRe,inactive,True,13.203738118970861,236.28318657615839,281.37666983627327,1998.2709438816382
1785251438.2635458,CloseRe,hovered,True,9.54789565250865,293.02397851521073,361.34182568292766,1729.3873669206514
1785251438.2635458,OpenRe,inactive,True,18.451717923660322,207.32191276270558,375.3588096380331,1793.5957989318995
1785251438.2635458,CloserHybridRe,inactive,True,8.080868083500208,281.3509080010938,279.36283968474913,1757.7210346200627
1785251438.2635458,FartherHybridRe,inactive,True,18.00863430518786,192.226956590339,292.8118847106939,1827.7606870249074
1785251438.2635458,SwitchRef2,inactive,True,28.474242666262793,233.6169158480352,433.30208849889186,4067.1998833855614
1785251438.2635458,SwitchRef1,inactive,True,42.54250481777511,558.6716355192493,319.55749240712987,5757.253748617193
1785251438.76364,LeftHybridRe,inactive,True,17.13731836293019,196.73485196992021,334.55761072769445,1996.9565264584817
1785251438.76364,RightHybridRe,inactive,True,6.039664212293833,290.2953291146729,319.3117259401586,1906.1717156980012
1785251438.76364,DownHybridRe,inactive,True,12.4287690730039,251.37236292943825,372.41848163581506,1985.0617359490352
1785251438.76364,UpHybridRe,inactive,True,13.444370964284017,236.68620121276555,281.7797361391445,1972.465932157138
1785251438.76364,CloseRe,inactive,True,7.556214860815834,293.26678177128997,361.29216751861367,1742.0856695102411
1785251438.76364,OpenRe,inactive,True,17.125925676959152,207.2491923960591,375.9626047675451,1821.0823386156953
1785251438.76364,CloserHybridRe,inactive,True,8.859699036731234,281.53947370132704,279.55273376914204,1729.8163916201884
1785251438.76364,FartherHybridRe,inactive,True,17.870363694527708,192.69676391948386,293.3661310979678,1812.8309388547314
1785251438.76364,SwitchRef2,inactive,True,27.332331527054354,233.8838615263319,433.38982802372556,4083.612673600197
1785251438.76364,SwitchRef1,inactive,True,42.35802212645755,558.7153299173656,319.75373125893304,5769.457984605775
1785251439.263699,LeftHybridRe,inactive,True,17.374957985254742,196.94084790177916,334.3494143237634,1997.7505104314223
1785251439.263699,RightHybridRe,inactive,True,6.23796261634692,290.6772555764169,319.9530268100845,1912.6798022340881
1785251439.263699,DownHybridRe,inactive,True,13.577694800367503,251.5497854933935,372.5541003589274,1965.9040633837722
1785251439.263699,UpHybridRe,inactive,True,12.729681412367079,236.99861503335882,281.7553532577927,1999.188782852565
1785251439.263699,CloseRe,inactive,True,9.11867778665079,293.4150039403365,361.8721074344442,1728.7803322112813
1785251439.263699,OpenRe,inactive,True,17.955991689426323,207.51671626068278,375.67789354497484,1802.0293363159144
1785251439.263699,CloserHybridRe,inactive,True,7.6511391696915005,282.09383789379444,279.92726863876766,1754.218200323041
1785251439.263699,FartherHybridRe,inactive,True,17.52134538652239,192.80044230936443,293.0129082226005,1833.2393934727297
1785251439.263699,SwitchRef2,inactive,True,27.85333609836855,234.33208100462488,433.7702488264631,4069.7437040376026
1785251439.263699,SwitchRef1,inactive,True,42.405698948028714,558.4532273716445,320.4187550435631,5751.176954577153
1785251439.763675,LeftHybridRe,inactive,True,18.574600083808917,196.64208155795615,334.1022109116729,1988.7469605911247
1785251439.763675,RightHybridRe,inactive,True,7.404875352971399,290.1729801359566,319.19669159556116,1929.7209640333822
1785251439.763675,DownHybridRe,inactive,True,14.362917281965153,251.2456499895767,372.24930481686636,1977.0646598671956
1785251439.763675,UpHybridRe,inactive,True,14.167242111835321,236.31661060475867,281.18638531987744,1996.6037838144039
1785251439.763675,CloseRe,inactive,True,9.620611291754338,293.13870713917277,361.3780008627639,1749.04919749884
1785251439.763675,OpenRe,inactive,True,18.903255630828074,207.3207069968111,375.4999833780551,1800.5513352519265
1785251439.763675,CloserHybridRe,inactive,True,9.123289155477025,281.3691765430873,279.0319066754944,1763.5748394516668
1785251439.763675,FartherHybridRe,inactive,True,18.882049834712962,192.37976354773036,292.7543929397683,1819.6743155160912
1785251439.763675,SwitchRef2,inactive,True,27.990535001619367,233.62077945129806,433.19541609265076,4084.9488024925886
1785251439.763675,SwitchRef1,inactive,True,42.07246945836117,558.225253189769,320.4374076871911,5779.592595533613
1785251440.2636275,LeftHybridRe,inactive,True,18.355775788586183,196.75599778140474,333.61873621200635,1993.0086621816627
1785251440.2636275,RightHybridRe,inactive,True,7.290471504351899,290.2451437552954,317.8525502387655,1928.0933367352482
1785251440.2636275,DownHybridRe,inactive,True,13.433178894951238,251.49319110722848,371.43219320438203,1997.1937560974548
1785251440.2636275,UpHybridRe,inactive,True,14.700338231705027,236.34489763076735,280.4384834400821,1979.2544636552775
1785251440.2636275,CloseRe,inactive,True,8.406328642373527,293.4470226671932,360.1152540461305,1763.5392281154564
1785251440.2636275,OpenRe,inactive,True,18.211451863736674,207.44283176319288,375.1046933280751,1820.3605738330116
1785251440.2636275,CloserHybridRe,inactive,True,10.03094599475044,281.25207740511183,277.8886744333972,1746.8651803935536
1785251440.2636275,FartherHybridRe,inactive,True,19.127682411434638,192.5284873492263,292.35290792540593,1807.7047596260272
1785251440.2636275,SwitchRef2,inactive,True,27.586125610799236,233.93054502825842,432.6315332707627,4080.567912617589
1785251440.2636275,SwitchRef1,inactive,True,42.624180148370996,558.8133177248828,319.77527679129116,5739.720310721445
1785251440.7636647,LeftHybridRe,inactive,True,18.99558915653938,197.36510671383428,333.3229346743158,1978.0806747286333
1785251440.7636647,RightHybridRe,inactive,True,8.094779228010244,290.62921719101763,317.90038405890454,1926.9189914668023
1785251440.7636647,DownHybridRe,inactive,True,13.740823538917242,251.5909919903299,371.4088548975114,2000.3376535850475
1785251440.7636647,UpHybridRe,inactive,True,15.634958452896136,237.15629646466002,280.3952085695367,1960.51816483523
1785251440.7636647,CloseRe,inactive,True,8.59188294256897,293.59210267338085,360.25675213639704,1771.2502102391009
1785251440.7636647,OpenRe,hovered,True,18.61254509528675,207.63726349743214,374.8696550508125,1816.811142536455
1785251440.7636647,CloserHybridRe,inactive,True,11.075738048900039,281.88732625710634,277.95415014603054,1736.7264233693495
1785251440.7636647,FartherHybridRe,inactive,True,19.941721454590727,193.53500970414544,292.15543458746,1785.1077839314348
1785251440.7636647,SwitchRef2,inactive,True,26.72204365855246,234.52431718573663,432.3420772288117,4062.2343856333755
1785251440.7636647,SwitchRef1,inactive,True,42.44821870982085,558.8988348468336,319.8731152216581,5752.117447317534
1785251441.263628,LeftHybridRe,inactive,True,18.808059135697356,197.26751508164222,333.00491695862587,1982.687128288875
1785251441.263628,RightHybridRe,inactive,True,7.6458616174608345,290.6611897159159,318.00396236014154,1930.8518327782585
1785251441.263628,DownHybridRe,inactive,True,14.368051746019004,251.75475625816748,371.15465063206256,1979.772039188072
1785251441.263628,UpHybridRe,inactive,True,14.600670408599235,236.87667860721942,280.0738841717785,1989.2335047799716
1785251441.263628,CloseRe,inactive,True,9.513936525330271,293.6437060515861,360.2462012636541,1754.0920130869345
1785251441.263628,OpenRe,active,True,18.98850924123065,207.88411326192443,374.4217712987013,1799.5015782089868
1785251441.263628,CloserHybridRe,inactive,True,9.634321691652106,281.8511455822637,277.84812102969437,1760.2835623218598
1785251441.263628,FartherHybridRe,inactive,True,19.242790329267965,193.0608775635933,291.69484990363594,1810.0645161464636
1785251441.263628,SwitchRef2,inactive,True,27.410279114427798,234.27690375508755,432.2002416871545,4054.4798756515665
1785251441.263628,SwitchRef1,inactive,True,42.61189417422204,558.7474969760251,319.6596067093449,5749.354413485984
1785251441.7635167,LeftHybridRe,inactive,True,17.9031819326135,196.8059611831484,332.6463057243762,1997.4338136201914
1785251441.7635167,RightHybridRe,inactive,True,6.75702989294604,290.47047356519,317.5629720517976,1923.9605406689443
1785251441.7635167,DownHybridRe,inactive,True,13.239295849573459,251.4237601453426,370.75892043895726,1990.643140601249
1785251441.7635167,UpHybridRe,inactive,True,14.035039867099085,236.7375864636009,279.74782630917156,1985.8549245068898
1785251441.7635167,CloseRe,inactive,True,8.335180112938747,293.40708445633595,359.7447324444204,1754.527663914807
1785251441.7635167,OpenRe,active,True,17.933655781661088,207.32995830578656,374.1463070993211,1818.4192349558034
1785251441.7635167,CloserHybridRe,inactive,True,9.29040518378902,281.719680004522,277.5556412342318,1748.6270468732364
1785251441.7635167,FartherHybridRe,inactive,True,18.544322361769265,192.7416089533,291.3306717932154,1817.09147339411
1785251441.7635167,SwitchRef2,inactive,True,27.728272506255177,234.0340648857598,431.9205319444851,4068.400790064581
1785251441.7635167,SwitchRef1,inactive,True,42.48138945054305,558.3004855485669,319.19937085148,5764.564611871654
1785251442.2634919,LeftHybridRe,inactive,True,18.57570461004864,195.81522390092147,332.43308488446957,1993.1009243861117
1785251442.2634919,RightHybridRe,inactive,True,7.401469492760156,289.44289314842825,317.5291001467335,1932.5101620626956
1785251442.2634919,DownHybridRe,inactive,True,14.190155203385787,250.42838601368746,370.64776118349386,1983.736466084425
1785251442.2634919,UpHybridRe,inactive,True,14.338693114468926,235.5968748919252,279.4973452982171,1996.9830157992656
1785251442.2634919,CloseRe,inactive,True,9.37004263562607,292.3823545481204,359.7642682029963,1754.3679019695555
1785251442.2634919,OpenRe,hovered,True,18.79231161528994,206.44033330178752,373.89835562038036,1807.0304046166348
1785251442.2634919,CloserHybridRe,inactive,True,9.370763729988703,280.66641785332104,277.35229120591094,1763.4528901856465
1785251442.2634919,FartherHybridRe,inactive,True,18.992036073316633,191.61953904587847,291.0578865289935,1821.136994632161
1785251442.2634919,SwitchRef2,inactive,True,27.295043731323627,233.33259518926113,431.8690587113669,4047.056327584578
1785251442.2634919,SwitchRef1,inactive,True,42.64828218694223,557.6158477361049,318.80398687802705,5738.564968230872
1785251442.7636857,LeftHybridRe,inactive,True,18.60299982447765,195.59543158875138,332.16125763529584,1997.4313387112925
1785251442.7636857,RightHybridRe,inactive,True,7.67819046599591,289.3300280435405,317.067543447263,1933.1375585197238
1785251442.7636857,DownHybridRe,hovered,True,13.360496476527082,249.96797036837845,370.511192617654,2011.7184749556254
1785251442.7636857,UpHybridRe,inactive,True,15.262214851746567,235.80842180030677,279.2673501171829,1974.3192380898545
1785251442.7636857,CloseRe,inactive,True,8.217946782413687,292.1403814897701,359.4709400011776,1776.2791426986805
1785251442.7636857,OpenRe,inactive,True,18.23542136882471,205.78033866580168,373.8567586865249,1832.990329214932
1785251442.7636857,CloserHybridRe,inactive,True,10.737779018209736,280.7173661629231,277.03949931098475,1743.6067434745637
1785251442.7636857,FartherHybridRe,inactive,True,19.56356317763642,191.88990284097,290.85286168207494,1803.5587665808089
1785251442.7636857,SwitchRef2,inactive,True,27.686916276271656,232.8148543203254,431.7689746306538,4098.184298891218
1785251442.7636857,SwitchRef1,inactive,True,42.25500235875693,557.1002996503571,318.5547215573845,5762.5656640689995
1785251443.2636466,LeftHybridRe,inactive,True,16.706500705206174,195.43123909644854,332.02877215923917,2007.7618712872681
1785251443.2636466,RightHybridRe,inactive,True,5.518336169570787,289.18407041570083,316.7593898999732,1905.8898899264896
1785251443.2636466,DownHybridRe,inactive,True,12.687635497712085,250.50165864740308,369.69376323756336,1969.8252738119263
1785251443.2636466,UpHybridRe,inactive,True,12.38535781431804,235.18099377794684,279.1142460887146,1997.7429292702873
1785251443.2636466,CloseRe,hovered,True,8.177346424805352,292.2897232683944,358.58122166455763,1725.7349740490245
1785251443.2636466,OpenRe,inactive,True,17.139905447643955,206.37464973571932,373.29102263148263,1812.4742282359257
1785251443.2636466,CloserHybridRe,inactive,True,7.51415457345944,280.2624966653177,276.92277911233583,1745.859927627429
1785251443.2636466,FartherHybridRe,inactive,True,17.051742793646135,190.9531566655129,290.7294325059527,1840.334674686641
1785251443.2636466,SwitchRef2,inactive,True,28.17372070527285,232.70077733456367,430.9352968440468,4061.6407625237407
1785251443.2636466,SwitchRef1,inactive,True,42.38144598667128,557.2449642529655,318.36345323867744,5772.609143426962
1785251443.7641861,LeftHybridRe,inactive,True,18.389483759746625,195.58003672654291,331.70417706351583,1996.5540207308113
1785251443.7641861,RightHybridRe,inactive,True,7.256068552776728,289.26432949440476,316.7035425882332,1930.868868883932
1785251443.7641861,DownHybridRe,inactive,True,13.689721980951699,250.1537416266861,369.93091611608037,1993.1405215716222
1785251443.7641861,UpHybridRe,inactive,True,14.495395826739847,235.51615393054013,278.778697307516,1989.334274798588
1785251443.7641861,CloseRe,inactive,True,8.747117855250085,292.1742021432909,358.97172465804044,1760.210083895683
1785251443.7641861,OpenRe,inactive,True,18.397043593446856,206.07845874074863,373.24386035466495,1817.3556056888265
1785251443.7641861,CloserHybridRe,inactive,True,9.703227974153254,280.53215681435836,276.6031139629132,1755.0794225198151
1785251443.7641861,FartherHybridRe,inactive,True,19.017403072613636,191.53390095175092,290.3517019468708,1817.0131448530083
1785251443.7641861,SwitchRef2,inactive,True,28.995410698376702,232.31820671165448,430.7936150691939,4094.5603274002424
1785251443.7641861,SwitchRef1,inactive,True,42.59997070303173,557.2240278885901,318.0074630496745,5750.15696053693
1785251444.2636077,LeftHybridRe,inactive,True,6.283615450436424,193.01824443503494,331.30948345173306,2288.881696361099
1785251444.2636077,RightHybridRe,inactive,True,17.430544472427304,286.97986314244275,316.26333502205307,1692.8815206361978
1785251444.2636077,DownHybridRe,inactive,True,12.85621662136323,250.0984428892307,368.95826493446026,1986.2092166577568
1785251444.2636077,UpHybridRe,inactive,True,13.547806681571661,234.773738337187,278.2023687001713,1991.1066355397816
1785251444.2636077,CloseRe,inactive,True,17.469773806341287,290.2018382541199,356.71932832185246,1555.1452726437128
1785251444.2636077,OpenRe,inactive,True,7.981803811312804,204.48997845577972,374.3286074836872,2059.472086789381
1785251444.2636077,CloserHybridRe,inactive,True,18.05452909711073,278.4047729052413,277.8545627310119,1550.3693339230522
1785251444.2636077,FartherHybridRe,inactive,True,8.83619489605084,188.55926276811815,288.3268715766548,2075.7444785557964
1785251444.2636077,SwitchRef2,inactive,True,27.652561747140343,231.6329056409146,430.3067122600492,4122.739325348703
1785251444.2636077,SwitchRef1,inactive,True,42.49283212950054,556.6176280656828,318.93700657987074,5764.939248427021
1785251444.763649,LeftHybridRe,inactive,True,5.8448274090017005,193.47554344722627,331.35069949851805,2280.7056191704905
1785251444.763649,RightHybridRe,inactive,True,16.98694103146782,287.46264323663917,316.273298709622,1696.0146366578992
1785251444.763649,DownHybridRe,inactive,True,12.395520836086947,250.54177839934488,368.9458775168162,1985.8987889528871
1785251444.763649,UpHybridRe,inactive,True,13.191982727950084,235.19109864121378,278.2925278113396,1988.671723273561
1785251444.763649,CloseRe,hovered,True,17.011503016859827,290.70089135267125,356.7209352992677,1558.4859418504784
1785251444.763649,OpenRe,inactive,True,7.544236139055052,204.9410064172738,374.29217530453053,2053.6174324837957
1785251444.763649,CloserHybridRe,inactive,True,17.659557526334094,278.86146774047893,277.88637258885467,1552.3581183519236
1785251444.763649,FartherHybridRe,inactive,True,8.566535052682061,189.01515390523105,288.45816221063285,2067.4764813140137
1785251444.763649,SwitchRef2,inactive,True,27.5729648702283,232.05712395211805,430.34733312895366,4137.477598020261
1785251444.763649,SwitchRef1,inactive,True,42.54671220557273,556.2988325525504,318.4616916314641,5769.414610331951
1785251445.2635262,LeftHybridRe,inactive,True,6.875531118596103,193.76995092108768,330.61794987824743,2284.403961603719
1785251445.2635262,RightHybridRe,inactive,True,17.689233936403863,287.5705011847141,314.9984999307982,1690.3043281927457
1785251445.2635262,DownHybridRe,inactive,True,14.601512090111033,250.4014172783475,367.69305905156193,1945.2851000168157
1785251445.2635262,UpHybridRe,inactive,True,12.351621471975507,235.70417126738914,276.92893716229725,2026.2127514332024
1785251445.2635262,CloseRe,active,True,18.66300116376094,290.26495988585685,355.3069770169501,1526.333191099111
1785251445.2635262,OpenRe,inactive,True,10.45135437015041,205.1594898447605,373.31409955776735,2016.6255450127428
1785251445.2635262,CloserHybridRe,inactive,True,17.369527285411085,279.45947898465687,276.3585044965957,1574.2150592720936
1785251445.2635262,FartherHybridRe,inactive,True,6.995944122585719,189.2867123519403,287.4167099504131,2110.8744292404226
1785251445.2635262,SwitchRef2,inactive,True,28.052370785985435,232.17685557612378,429.2871498165596,4109.464387073531
1785251445.2635262,SwitchRef1,inactive,True,42.3099395582121,556.3895752474671,317.38138720987126,5774.80174057011
1785251445.764076,LeftHybridRe,inactive,True,17.735444402296263,195.5649344713624,330.12815722737315,1997.1706021295759
1785251445.764076,RightHybridRe,inactive,True,6.788462176383399,289.1699301611426,314.7684574221791,1915.9101753949217
1785251445.764076,DownHybridRe,inactive,True,12.626555510670414,250.1879266132785,368.0712787540643,1995.7958288789669
1785251445.764076,UpHybridRe,inactive,True,14.374706579033234,235.51459730662296,277.2508056620837,1972.0929895192348
1785251445.764076,CloseRe,active,True,7.562262473460723,292.1702614663997,356.9009982045888,1755.59364165429
1785251445.764076,OpenRe,inactive,True,17.45492671129396,206.0424412982496,371.62237560942503,1825.9904260548356
1785251445.764076,CloserHybridRe,inactive,True,9.912045813231735,280.38552883441895,274.94330572070425,1733.7098100652765
1785251445.764076,FartherHybridRe,inactive,True,18.672596300626502,191.56780130305546,288.91334348472327,1809.0326226110374
1785251445.764076,SwitchRef2,inactive,True,27.41652982119102,232.7045966672676,429.3227980530536,4087.841493497639
1785251445.764076,SwitchRef1,inactive,True,42.7407970721998,557.0085539892289,317.18235423993787,5746.788052683085
1785251446.263554,LeftHybridRe,inactive,True,5.8456051006497285,193.86776037116806,330.2525572371031,2272.6309483297373
1785251446.263554,RightHybridRe,inactive,True,16.786057903515488,287.79752498844664,314.89621070876865,1696.8237073949567
1785251446.263554,DownHybridRe,inactive,True,13.53774477344373,250.49963752734126,367.46452701142766,1951.3423351696838
1785251446.263554,UpHybridRe,inactive,True,11.721134986403948,235.816448760925,276.82795740837173,2018.2037574043861
1785251446.263554,CloseRe,hovered,True,17.652980173663618,290.52519230471296,355.22223665764716,1536.5802595280402
1785251446.263554,OpenRe,inactive,True,9.39054490276981,205.19234375113635,372.8967573423997,2013.9984978931025
1785251446.263554,CloserHybridRe,inactive,True,16.64982292902733,279.63990225045524,276.2998068119169,1575.1504258902605
1785251446.263554,FartherHybridRe,inactive,True,6.500669238848078,189.45495697521199,287.21821661238033,2093.110581995894
1785251446.263554,SwitchRef2,inactive,True,29.639439985196795,231.97421199738147,429.0132096952993,4081.3561251456704
1785251446.263554,SwitchRef1,inactive,True,42.63944492762459,556.912905463506,317.17433612040554,5746.042293867053
1785251446.7636297,LeftHybridRe,inactive,True,17.461519482724118,194.91558155427816,329.621457957617,2004.0091676550328
1785251446.7636297,RightHybridRe,inactive,True,6.272986219873576,288.6934458026024,314.65277492586904,1917.92222754674
1785251446.7636297,DownHybridRe,inactive,True,13.197713882534059,249.78660787424613,367.6092656640667,1976.8858074210948
1785251446.7636297,UpHybridRe,inactive,True,13.257600697794052,234.7742591608277,276.74895961969054,1999.4751994883118
1785251446.7636297,CloseRe,inactive,True,8.50325292047705,291.6751534345175,356.65648500383304,1738.3959584229742
1785251446.7636297,OpenRe,inactive,True,17.74835519145835,205.68837657741162,370.99560378631173,1811.760734406671
1785251446.7636297,CloserHybridRe,inactive,True,8.38080239861186,279.8821729060616,274.65516743580906,1754.2601667295166
1785251446.7636297,FartherHybridRe,inactive,True,17.889284214967702,190.59722623668506,288.2698643295927,1835.058437958127
1785251446.7636297,SwitchRef2,inactive,True,27.328470040320177,232.0671629591099,428.89858719223645,4094.446169259805
1785251446.7636297,SwitchRef1,inactive,True,42.430787671610666,556.5454008055804,317.3326347465595,5757.49576798841
1785251447.2636647,LeftHybridRe,inactive,True,17.675106767771787,195.18077580310776,330.06259682897786,2001.2604373621907
1785251447.2636647,RightHybridRe,inactive,True,6.489774448063797,288.852822901401,314.72031031322194,1920.4330563997937
1785251447.2636647,DownHybridRe,inactive,True,13.492116149337724,250.21272111620985,367.8244374369194,1973.8039872373993
1785251447.2636647,UpHybridRe,inactive,True,13.359085055908519,234.7247756719186,277.00047655478517,2002.5505009648732
1785251447.2636647,CloseRe,inactive,True,8.820374556880981,292.03249357606603,356.72413022961126,1737.9831514900725
1785251447.2636647,OpenRe,inactive,True,18.015925843205046,206.18035538655266,371.3661035934378,1806.7190382390327
1785251447.2636647,CloserHybridRe,inactive,True,8.412191425575095,279.84494650523493,274.7107218643053,1758.9287371464416
1785251447.2636647,FartherHybridRe,inactive,True,18.0346398290366,190.62234737556776,288.71974131242524,1835.3336764516753
1785251447.2636647,SwitchRef2,inactive,True,28.14839434236167,232.6220960004244,428.8118946294945,4040.197505208809
1785251447.2636647,SwitchRef1,inactive,True,42.699164488290315,556.8695591143323,317.2497817929265,5746.572971467234
1785251447.763581,LeftHybridRe,inactive,True,18.066454081793943,194.73538572599875,329.22217710500945,2000.746327704146
1785251447.763581,RightHybridRe,active,True,6.90390507092105,288.4322664230342,313.9221481690054,1927.2474575802553
1785251447.763581,DownHybridRe,inactive,True,13.530155656852001,249.62121905637417,367.16228447048326,1985.3245257913295
1785251447.763581,UpHybridRe,inactive,True,14.048555994740173,234.41437806937085,276.15682481974613,1997.4487579692432
1785251447.763581,CloseRe,inactive,True,8.672827246213112,291.54244572077454,356.0740330316448,1750.8147547960325
1785251447.763581,OpenRe,inactive,True,18.180710809172297,205.55449290529634,370.6484236196977,1813.6615740512134
1785251447.763581,CloserHybridRe,inactive,True,9.218106169434863,279.4990796814981,273.86540994226027,1758.1906338552253
1785251447.763581,FartherHybridRe,inactive,True,18.615409087751864,190.366801978751,287.8644915856782,1827.9124820317265
1785251447.763581,SwitchRef2,inactive,True,26.864425783056785,231.9767632714855,428.601056604548,4117.325598874042
1785251447.763581,SwitchRef1,inactive,True,42.532204277619414,556.1742652469234,316.55711267289564,5766.346486312512
1785251448.2635753,LeftHybridRe,inactive,True,16.569837235618145,193.8331067602553,328.16731249489715,2012.2123645172178
1785251448.2635753,RightHybridRe,active,True,5.401176839340246,287.70753099471085,313.17368060301555,1904.5501927012883
1785251448.2635753,DownHybridRe,inactive,True,12.172076492934272,248.78845773158534,366.0429446716854,1977.3639411978002
1785251448.2635753,UpHybridRe,inactive,True,12.654180237973407,233.87953351782934,275.4075482130332,1992.880104134867
1785251448.2635753,CloseRe,inactive,True,7.486888289773671,290.6645323244577,355.02764186551764,1730.039367969861
1785251448.2635753,OpenRe,inactive,True,16.757612017970832,204.56917795533695,369.5292186918023,1821.4555586559945
1785251448.2635753,CloserHybridRe,inactive,True,8.007808212983136,278.940816852277,273.36721625773214,1739.542594666258
1785251448.2635753,FartherHybridRe,inactive,True,17.161612234497746,189.58345681090228,286.8639168635561,1839.3530523154514
1785251448.2635753,SwitchRef2,inactive,True,27.512708846926458,231.50400666278125,427.09384179981316,4066.1244011195813
1785251448.2635753,SwitchRef1,inactive,True,42.713473764743185,557.475011858666,317.0255244280496,5731.041541978018
1785251448.7635646,LeftHybridRe,inactive,True,17.7758281950214,193.81903326274653,327.9886033614322,2006.1374328941274
1785251448.7635646,RightHybridRe,hovered,True,6.630968347606295,287.62718168354,312.7774977639872,1924.1037826069296
1785251448.7635646,DownHybridRe,inactive,True,13.162101004228722,248.7284490770437,365.9645266204896,1987.633129040296
1785251448.7635646,UpHybridRe,inactive,True,13.879755038517557,233.65490500720347,274.98752986072515,1997.0291205508402
1785251448.7635646,CloseRe,inactive,True,8.28866560648036,290.68212035294414,354.89472460274015,1749.473231982185
1785251448.7635646,OpenRe,inactive,True,17.836054283630453,204.5848402227937,369.4412557608244,1819.3858136571798
1785251448.7635646,CloserHybridRe,inactive,True,9.132408766522515,278.75172770444357,272.76675668304097,1754.3189497054664
1785251448.7635646,FartherHybridRe,inactive,True,18.39617945867532,189.51991123108994,286.62595096055037,1831.6776636751492
1785251448.7635646,SwitchRef2,inactive,True,28.279310742819145,231.13492282043353,427.0338234524141,4070.280835999052
1785251448.7635646,SwitchRef1,inactive,True,42.81103317013483,563.7358228408289,314.4946297011467,5758.805893028359
1785251449.2637064,LeftHybridRe,inactive,True,17.148234415779484,193.89527805159867,328.18288049892357,2005.1659593245095
1785251449.2637064,RightHybridRe,inactive,True,5.97293648975412,287.67135366846907,313.2717273679137,1910.454105127399
1785251449.2637064,DownHybridRe,inactive,True,13.025630298330903,248.83398001736904,366.07897354455577,1968.9155801599263
1785251449.2637064,UpHybridRe,inactive,True,12.860564430849456,233.7410065529656,275.38292642459885,2000.67023146262
1785251449.2637064,CloseRe,inactive,True,8.425591117679224,290.65671488341263,355.1497745077156,1728.2975199832144
1785251449.2637064,OpenRe,inactive,True,17.518573603444057,204.74228307746282,369.4769592044135,1808.3946612512336
1785251449.2637064,CloserHybridRe,inactive,True,7.969623473946229,278.85779802447985,273.3413244222162,1751.25050412177
1785251449.2637064,FartherHybridRe,inactive,True,17.516673210328364,189.50116337121884,286.8564174690052,1840.1881604336668
1785251449.2637064,SwitchRef2,inactive,True,28.743760712750927,231.29034147722646,427.0774187788025,4032.8423488618646
1785251449.2637064,SwitchRef1,inactive,True,42.90855769069802,563.4207256352689,315.0063550340421,5791.289963885152
1785251449.7636755,LeftHybridRe,hovered,True,18.395478238798844,194.32727446308434,328.8463217266064,1993.0632356303504
1785251449.7636755,RightHybridRe,inactive,True,7.427578229233947,287.84974824079814,313.34233047358583,1923.8861781954038
1785251449.7636755,DownHybridRe,inactive,True,13.309786144387369,248.98043043989964,366.7595399618247,1995.0024623788559
1785251449.7636755,UpHybridRe,inactive,True,14.924033994221098,234.06740215202603,275.8304878914416,1976.768500248265
1785251449.7636755,CloseRe,inactive,True,8.230853444270574,290.9420719256131,355.5589074329075,1760.3322879844418
1785251449.7636755,OpenRe,inactive,True,18.130826930957983,204.91787940971813,370.3265248500004,1820.028902683538
1785251449.7636755,CloserHybridRe,inactive,True,10.350324675934782,278.96775702510877,273.41644155531253,1742.7628547963031
1785251449.7636755,FartherHybridRe,inactive,True,19.271303766289925,190.19814194025008,287.6062733349513,1808.133646161601
1785251449.7636755,SwitchRef2,inactive,True,28.949954788298488,231.48581156439622,427.5435141082601,4054.634074389629
1785251449.7636755,SwitchRef1,inactive,True,42.60918831358713,563.5311377894401,315.6040577464305,5796.180910304189
1785251450.2636654,LeftHybridRe,active,True,18.488219368954013,194.6935998595922,328.76500110445085,1993.8068450777937
1785251450.2636654,RightHybridRe,inactive,True,7.618318296011305,288.2145307292998,313.0033480427933,1926.0301581928434
1785251450.2636654,DownHybridRe,inactive,True,13.199429862232988,249.3813038295286,366.6015615233058,2002.1840625066616
1785251450.2636654,UpHybridRe,inactive,True,15.224847780108231,234.39957530775695,275.65016240373353,1972.788454133326
1785251450.2636654,CloseRe,inactive,True,8.05291511249626,291.37794489046166,355.27302885906965,1766.9495934917286
1785251450.2636654,OpenRe,inactive,True,18.081298282947245,205.28490456846163,370.2817839432917,1825.5902238530907
1785251450.2636654,CloserHybridRe,inactive,True,10.752624986600326,279.27164072696536,273.1090866548648,1740.1572470236933
1785251450.2636654,FartherHybridRe,inactive,True,19.488444704047602,190.5742094930841,287.53987746745685,1804.146882083547
1785251450.2636654,SwitchRef2,inactive,True,28.150777407985203,231.9531242646534,427.53627281370876,4030.987618110812
1785251450.2636654,SwitchRef1,inactive,True,42.69265050786036,564.3621907214223,315.3225164200102,5736.289478482795
1785251450.7635086,LeftHybridRe,active,True,19.213545052458787,195.19568386344696,328.17818066472597,1975.5773401367042
1785251450.7635086,RightHybridRe,inactive,True,8.085801170353736,288.4543612375199,313.36946059268627,1929.5183359041403
1785251450.7635086,DownHybridRe,inactive,True,14.924360396418793,249.68994986948522,366.3129260806068,1965.23175121643
1785251450.7635086,UpHybridRe,inactive,True,14.826173141553666,234.59590669679793,275.3153837005426,1995.0734206019442
1785251450.7635086,CloseRe,inactive,True,10.121207199067584,291.46447003216656,355.5385353859879,1744.5639040083333
1785251450.7635086,OpenRe,inactive,True,19.486760268912647,205.96302998991374,369.47226528403877,1784.0188891902399
1785251450.7635086,CloserHybridRe,inactive,True,9.76644714596065,279.60607137720854,273.1599422966751,1767.0478028250618
1785251450.7635086,FartherHybridRe,inactive,True,19.52814374007429,190.80426755200497,286.88133103625756,1812.9977628953675
1785251450.7635086,SwitchRef2,inactive,True,28.271758667588934,232.11405168789673,427.3705042696526,4033.3066699222472
1785251450.7635086,SwitchRef1,inactive,True,42.947828966121705,563.8607400262663,314.6198987386925,5732.603339732203
1785251451.2635746,LeftHybridRe,hovered,True,17.450697956471263,193.9019887102597,327.36517752563424,2002.7759444893964
1785251451.2635746,RightHybridRe,inactive,True,6.4116033455008505,287.62980963938486,312.2644165666687,1913.3898902811052
1785251451.2635746,DownHybridRe,inactive,True,12.574707496887122,248.63499909963053,365.35338230612956,1987.9268980460838
1785251451.2635746,UpHybridRe,inactive,True,13.886101702272576,233.90723253474437,274.56253195915923,1982.400195392831
1785251451.2635746,CloseRe,inactive,True,7.613783675517428,290.5840680975059,354.3056356351366,1746.1941228422584
1785251451.2635746,OpenRe,inactive,True,17.327540735068443,204.47235802308927,368.8143654978504,1822.6244922018595
1785251451.2635746,CloserHybridRe,inactive,True,9.340881150473631,278.876261515438,272.40862442371383,1738.7285106995732
1785251451.2635746,FartherHybridRe,inactive,True,18.262970898316887,189.81005817686977,286.10115653926294,1822.0942001171752
1785251451.2635746,SwitchRef2,inactive,True,28.039330899886565,230.93503369488872,426.6453753432353,4099.925366453601
1785251451.2635746,SwitchRef1,inactive,True,42.42459342983954,553.9631586711046,316.6561133582404,5767.273053323792
1785251451.7635942,LeftHybridRe,inactive,True,18.655981499079626,193.63795458294564,326.7215242926441,2002.5339335261197
1785251451.7635942,RightHybridRe,inactive,True,7.481552046397924,287.44431089724367,311.63998950684135,1939.9399048273626
1785251451.7635942,DownHybridRe,inactive,True,14.176743908443324,248.52827611707954,364.88006596499537,1987.644925217086
1785251451.7635942,UpHybridRe,inactive,True,14.499625230012581,233.3269355351354,273.60100957311363,2009.8486482582957
1785251451.7635942,CloseRe,inactive,True,9.310913340069517,290.50980691654263,353.9212733609523,1757.9413495363988
1785251451.7635942,OpenRe,inactive,True,18.813206226983297,204.47770449805796,368.2117216614417,1811.0668281589387
1785251451.7635942,CloserHybridRe,inactive,True,9.563077403981934,278.5307221856497,271.38868095472145,1773.4715747176124
1785251451.7635942,FartherHybridRe,inactive,True,19.125080746354907,189.2352363843455,285.2595002587042,1834.34416426807
1785251451.7635942,SwitchRef2,inactive,True,28.29592069156765,230.90760506153717,425.82929167508746,4063.867531711083
1785251451.7635942,SwitchRef1,inactive,True,42.502718053256594,551.8247789884473,316.1347757930444,5762.690595019885
1785251452.263527,LeftHybridRe,inactive,True,17.60188948108158,193.84631587764275,326.44809200949936,2003.754118105775
1785251452.263527,RightHybridRe,inactive,True,6.663219303831651,287.6357978199868,311.44203614688087,1916.3301747709775
1785251452.263527,DownHybridRe,hovered,True,12.49338916234976,248.47584700273643,364.5747577575398,1995.7472443426086
1785251452.263527,UpHybridRe,inactive,True,14.261920332069911,234.01349380717093,273.6903889508662,1978.7160363177827
1785251452.263527,CloseRe,inactive,True,7.435612446489333,290.50720016270174,353.5582859169348,1753.6214579253938
1785251452.263527,OpenRe,inactive,True,17.32024969445969,204.26348337424616,367.97979420160715,1828.5795488824442
1785251452.263527,CloserHybridRe,inactive,True,9.822695975879958,278.966449350899,271.5763631597333,1736.7056902903423
1785251452.263527,FartherHybridRe,inactive,True,18.549140657605324,189.91739100812813,285.17998365150345,1818.1629970315626
1785251452.263527,SwitchRef2,inactive,True,27.378392781313362,231.40561998567387,425.73666202427614,4047.884001806655
1785251452.263527,SwitchRef1,inactive,True,42.41890301885071,552.3878839769967,315.9481309110579,5735.098732056351
1785251452.7660017,LeftHybridRe,inactive,True,18.77673970586053,193.73880285154794,326.202806311515,2000.4994277001788
1785251452.7660017,RightHybridRe,inactive,True,8.158788855811617,287.4710949101766,310.45471455955874,1933.0685283301718
1785251452.7660017,DownHybridRe,inactive,True,13.09863480487503,248.37387920096003,364.20902762071586,2019.0901234418998
1785251452.7660017,UpHybridRe,inactive,True,15.918752477128793,233.72679364418053,273.0794530211236,1970.0090922539312
1785251452.7660017,CloseRe,hovered,True,7.855202114530494,290.5422045378115,352.85964693307767,1781.819403183421
1785251452.7660017,OpenRe,inactive,True,18.084965940307534,204.13341650643417,367.8719398401952,1840.1458432635845
1785251452.7660017,CloserHybridRe,inactive,True,11.641030370437448,278.62124947464173,270.5487098583564,1738.5023513887827
1785251452.7660017,FartherHybridRe,inactive,True,20.01429383023972,189.8428852219762,284.9493461027827,1802.257068473602
1785251452.7660017,SwitchRef2,inactive,True,28.052162197801923,231.00581958590044,425.5205244504815,4076.2380262031656
1785251452.7660017,SwitchRef1,inactive,True,42.61934506171319,551.9567706201003,315.3855826420053,5748.994881911392
1785251453.2636578,LeftHybridRe,inactive,True,18.47704187048246,194.47038050507422,325.4079353252554,2005.143963127448
1785251453.2636578,RightHybridRe,inactive,True,7.410488336913375,288.344932976774,310.30048953873586,1939.3195679343771
1785251453.2636578,DownHybridRe,inactive,True,13.500010537965396,249.2033404502612,363.68094781726927,2002.6584734079515
1785251453.2636578,UpHybridRe,inactive,True,14.854464450378966,234.4392864751977,272.3469476159592,1997.1108407124448
1785251453.2636578,CloseRe,inactive,True,8.444169392501745,291.3064071557302,352.6676864571149,1769.0907127167375
1785251453.2636578,OpenRe,hovered,True,18.300423431925307,205.04112045579242,367.0333823004192,1825.2806378434398
1785251453.2636578,CloserHybridRe,inactive,True,10.190544843991905,279.55329183965966,270.13304631149714,1761.6251681836075
1785251453.2636578,FartherHybridRe,inactive,True,19.273686160843507,190.36667616101207,283.9782637808581,1824.8552608797363
1785251453.2636578,SwitchRef2,inactive,True,26.42872061638107,231.56503233433645,425.3943471362406,4125.456124364551
1785251453.2636578,SwitchRef1,inactive,True,42.57688327606018,552.5340350517591,314.9607294388814,5751.489575811356
1785251453.7638075,LeftHybridRe,inactive,True,7.616850401728087,193.06802713132276,325.78926158353187,2297.279923425376
1785251453.7638075,RightHybridRe,inactive,True,18.43152247956031,286.83119684822907,310.31192110537415,1686.4399211766577
1785251453.7638075,DownHybridRe,inactive,True,15.302385946760962,249.72369682964762,362.9838745989264,1941.704865608619
1785251453.7638075,UpHybridRe,inactive,True,13.04047058549726,235.04238824648522,272.01668654493216,2035.975005137887
1785251453.7638075,CloseRe,inactive,True,19.387974193948157,289.47580703914855,350.6315580905733,1519.0091558702916
1785251453.7638075,OpenRe,active,True,11.068365664349312,204.51478183083708,368.5886180368308,2020.11746504256
1785251453.7638075,CloserHybridRe,inactive,True,18.075792508140236,278.77693075104787,271.5881758129596,1575.184845462045
1785251453.7638075,FartherHybridRe,inactive,True,7.64987178948672,188.5252988628779,282.4069977241045,2130.10251870122
1785251453.7638075,SwitchRef2,inactive,True,27.953536836047366,231.7742668971773,424.7714924539124,4071.941813541569
1785251453.7638075,SwitchRef1,inactive,True,42.41962619076089,552.6801242732361,314.95523001366945,5760.828654904501
1785251454.263652,LeftHybridRe,inactive,True,7.760621905651416,193.07008958915372,324.5779711536393,2302.6665971610273
1785251454.263652,RightHybridRe,inactive,True,18.727901791249902,286.82882085542076,309.6442901587168,1683.4654749990223
1785251454.263652,DownHybridRe,inactive,True,15.281645456563087,249.62962813787513,362.1806172957753,1948.8082960133324
1785251454.263652,UpHybridRe,inactive,True,13.58506221480282,235.21564671130182,271.0603140719995,2029.253111413669
1785251454.263652,CloseRe,inactive,True,19.494823494537766,289.4043436700149,350.0177158086615,1521.284785267584
1785251454.263652,OpenRe,active,True,10.862342491736943,204.35846293923416,367.5574857218493,2031.4790438224154
1785251454.263652,CloserHybridRe,inactive,True,18.546527074183043,278.8604097651626,270.9110669875213,1567.6884288613146
1785251454.263652,FartherHybridRe,inactive,True,8.255917101460254,188.70932602826863,281.14526740597444,2127.6696918775124
1785251454.263652,SwitchRef2,inactive,True,28.014073925669233,231.25022851916117,423.9636076892223,4121.5943415993315
1785251454.263652,SwitchRef1,inactive,True,42.72274671494869,553.1321971096514,314.2197194716954,5717.025212768589
1785251454.7635787,LeftHybridRe,inactive,True,19.25246466893996,193.19430650137292,324.0434730863502,1999.5228325963726
1785251454.7635787,RightHybridRe,inactive,True,8.281725448454202,287.0184640651863,309.1132658653542,1946.7774324443526
1785251454.7635787,DownHybridRe,inactive,True,14.06575186782724,247.6818798643684,362.54143779222665,2008.9457097598279
1785251454.7635787,UpHybridRe,inactive,True,15.773202296286225,233.27090010136192,271.03253966667046,1992.709931837846
1785251454.7635787,CloseRe,inactive,True,8.92187038269652,289.85812191739427,351.6255208436326,1780.0294036419727
1785251454.7635787,OpenRe,hovered,True,18.92548219035065,203.5590771403137,365.7539789936536,1825.1355057046458
1785251454.7635787,CloserHybridRe,inactive,True,11.132387519668669,278.3471080569074,268.8597325283561,1763.7250991699075
1785251454.7635787,FartherHybridRe,inactive,True,20.13584793322946,189.28662254496146,282.6102499395228,1815.6416549066125
1785251454.7635787,SwitchRef2,inactive,True,26.939020654606278,230.2438638774761,423.5845656046623,4107.904324039977
1785251454.7635787,SwitchRef1,inactive,True,42.64444966198682,551.4920702934335,313.7049947820742,5731.353757810757
1785251455.263591,LeftHybridRe,inactive,True,18.856252913133744,193.24866961912383,323.6669506033719,2009.0786440947559
1785251455.263591,RightHybridRe,inactive,True,7.855262045451113,287.2664191073585,308.71346476188785,1947.7782579028499
1785251455.263591,DownHybridRe,inactive,True,13.703013645230037,247.90721876596788,362.1568181083668,2012.5377768470426
1785251455.263591,UpHybridRe,inactive,True,15.375155257606348,233.40904105721722,270.6060404877116,1999.661553122809
1785251455.263591,CloseRe,inactive,True,8.574300088350522,290.12619510427635,351.2102220722327,1779.8151554903743
1785251455.263591,OpenRe,inactive,True,18.558212249337494,203.68017965647024,365.40993084758884,1832.0632880140547
1785251455.263591,CloserHybridRe,inactive,True,10.756679922038154,278.5678883277146,268.45671917740316,1766.1396309641823
1785251455.263591,FartherHybridRe,inactive,True,19.740562868094408,189.29291278965346,282.17862147151914,1825.6404510853645
1785251455.263591,SwitchRef2,inactive,True,26.669286896823767,230.34911827987122,423.1659418237942,4113.579802163411
1785251455.263591,SwitchRef1,inactive,True,42.85604083519016,551.7944323585249,313.5237029073636,5735.526107850645
1785251455.7636337,LeftHybridRe,inactive,True,18.089511080940326,193.02732239845287,323.487950084531,2010.9873386651634
1785251455.7636337,RightHybridRe,inactive,True,7.060217913821461,286.97653076274514,308.26611609143697,1933.36915805209
1785251455.7636337,DownHybridRe,inactive,True,13.072185035894337,247.92384136593233,361.621045050628,2001.1725131173516
1785251455.7636337,UpHybridRe,inactive,True,14.567453376340744,232.99613635910353,270.42149539670817,1997.9594583931103
1785251455.7636337,CloseRe,hovered,True,8.020105148261317,290.0011422871005,350.5368944327809,1763.3013985940488
1785251455.7636337,OpenRe,inactive,True,17.88062865191275,203.69956882131962,365.07450009701415,1829.016475533259
1785251455.7636337,CloserHybridRe,inactive,True,9.986721270862107,278.1289949591666,268.18968968243564,1757.2686295601961
1785251455.7636337,FartherHybridRe,inactive,True,18.940275040709032,188.8367165618877,282.0730257187523,1831.307221308707
1785251455.7636337,SwitchRef2,inactive,True,26.943259490640727,230.30995873129504,423.08230620943584,4113.594328493622
1785251455.7636337,SwitchRef1,inactive,True,42.80676019801888,551.5156026712986,313.0739600071485,5736.1662007787745
1785251456.2636378,LeftHybridRe,inactive,True,18.23158546936388,193.44807928005562,323.68539941659515,1999.9416744941445
1785251456.2636378,RightHybridRe,inactive,True,7.296390555546776,287.1489429093329,308.39896535320855,1926.0100432710533
1785251456.2636378,DownHybridRe,inactive,True,13.06957300296303,248.16692668342705,361.7277950376223,1996.5852431205058
1785251456.2636378,UpHybridRe,inactive,True,14.860110250380437,233.3284269441847,270.7150746907797,1984.1840113601393
1785251456.2636378,CloseRe,inactive,True,7.968816383094973,290.17553320509194,350.62042490653295,1760.3284216654283
1785251456.2636378,OpenRe,inactive,True,17.915223580150727,204.03990581669584,365.20623439078634,1823.1313806979997
1785251456.2636378,CloserHybridRe,inactive,True,10.350327291312333,278.3192105505306,268.42866063098285,1746.8481379899458
1785251456.2636378,FartherHybridRe,inactive,True,19.166978727222588,189.3256483064498,282.386106313108,1817.3517414423513
1785251456.2636378,SwitchRef2,inactive,True,27.320944526161494,230.43860262076393,422.9759881651413,4094.337247858384
1785251456.2636378,SwitchRef1,inactive,True,42.45453331904389,551.4439242264134,313.8596704363696,5724.830217672796
1785251456.763583,LeftHybridRe,inactive,True,8.165623879649658,191.34441331357115,323.9292566581056,2307.8612128889763
1785251456.763583,RightHybridRe,inactive,True,18.832268965109133,285.1768864030263,308.28800038358156,1685.7126944513511
1785251456.763583,DownHybridRe,inactive,True,15.910711761354143,248.06352677906045,361.00661803942074,1936.3826567762299
1785251456.763583,UpHybridRe,inactive,True,13.224733677124629,233.3833857765955,269.9565894952982,2049.2623183900396
1785251456.763583,CloseRe,inactive,True,19.913769865921942,287.7579894684093,348.5831746184675,1512.5251197879334
1785251456.763583,OpenRe,inactive,True,11.756601061900554,202.86450194704415,366.7195592438025,2019.4864657017715
1785251456.763583,CloserHybridRe,inactive,True,18.317449701051093,277.1784711855224,269.50202496345065,1580.9416513946453
1785251456.763583,FartherHybridRe,inactive,True,7.785728452180465,186.7208534614268,280.4214333717455,2149.9592232947216
1785251456.763583,SwitchRef2,inactive,True,26.86058906498335,230.00094041765126,423.0694945349066,4130.1339940851685
1785251456.763583,SwitchRef1,inactive,True,42.661566214820496,551.3260214644918,313.1188878941354,5718.429975328305
1785251457.2636797,LeftHybridRe,inactive,True,8.950095995530413,191.39635823331994,323.16603219185265,2318.7833618760706
1785251457.2636797,RightHybridRe,inactive,True,19.41400786530407,285.3108804633599,307.4793147427497,1686.1684485422957
1785251457.2636797,DownHybridRe,inactive,True,16.76666079482138,248.0228798207472,360.2371021439135,1931.2993239657299
1785251457.2636797,UpHybridRe,inactive,True,13.522749267888736,233.65971634888047,268.99329987912006,2064.5991561786905
1785251457.2636797,CloseRe,active,True,20.66241680585736,287.6851824290604,347.7891417040614,1506.4234034514593
1785251457.2636797,OpenRe,inactive,True,12.715758284844961,202.84037651962802,365.9962582143811,2018.4909545398368
1785251457.2636797,CloserHybridRe,inactive,True,18.68650240334264,277.5056163588166,268.573921987983,1588.4684010150813
1785251457.2636797,FartherHybridRe,inactive,True,8.049532785368918,186.83911076313242,279.4804592414186,2170.78633490402
1785251457.2636797,SwitchRef2,inactive,True,26.44546188318879,230.1476922916136,422.2913527158971,4122.547778621061
1785251457.2636797,SwitchRef1,inactive,True,42.8808346114721,551.4221796750859,312.50501398029763,5724.217335715512
1785251457.763541,LeftHybridRe,inactive,True,18.86346964873298,193.176753559602,322.333920948026,2000.3856464922865
1785251457.763541,RightHybridRe,inactive,True,7.990304695451754,286.8883762937902,306.7183329729199,1938.6835177889516
1785251457.763541,DownHybridRe,inactive,True,13.530425460039037,247.97161477057662,360.3507345703748,2006.4349136174496
1785251457.763541,UpHybridRe,inactive,True,15.59561188209339,232.90542674007133,269.12014040812016,1987.9447318463608
1785251457.763541,CloseRe,active,True,8.35786129609732,290.0383909387825,349.1099783280682,1774.162309509331
1785251457.763541,OpenRe,inactive,True,18.429021871609166,203.84823254775353,363.9257827055144,1826.3517272001409
1785251457.763541,CloserHybridRe,inactive,True,11.091498673436964,277.93288224743014,266.64398994577755,1755.4916380753784
1785251457.763541,FartherHybridRe,inactive,True,19.86704647056011,188.9727777983119,280.9839633132513,1815.662012588713
1785251457.763541,SwitchRef2,inactive,True,26.936919106844343,230.22125224951958,421.674394429576,4116.39426081907
1785251457.763541,SwitchRef1,inactive,True,42.69408440746045,551.4310505141493,312.028867297611,5716.94401847502
1785251458.2641513,LeftHybridRe,inactive,True,18.85877358593854,193.1924442793215,322.28554968640293,2001.9502137699128
1785251458.2641513,RightHybridRe,inactive,True,7.9811817542503904,286.9524537843811,306.73568562329467,1940.0971238840284
1785251458.2641513,DownHybridRe,inactive,True,13.524334509623566,247.97756749671552,360.35934150955126,2008.071800721591
1785251458.2641513,UpHybridRe,inactive,True,15.590433660619755,232.98036711556,269.08286088945584,1989.3199926059315
1785251458.2641513,CloseRe,hovered,True,8.3500400842806,290.0699430655989,349.1458343099936,1775.5485783227268
1785251458.2641513,OpenRe,inactive,True,18.424652420524886,203.83323759411735,363.9024454608559,1827.891796566073
1785251458.2641513,CloserHybridRe,inactive,True,11.085776974094173,278.0257288349586,266.6405218811164,1756.6742726522025
1785251458.2641513,FartherHybridRe,inactive,True,19.863064823372035,189.02191005936032,280.91700716565543,1816.9587224222523
1785251458.2641513,SwitchRef2,inactive,True,26.10816715767024,230.23548098807862,421.85498028370745,4144.455316240914
1785251458.2641513,SwitchRef1,inactive,True,42.64094293256607,551.5621304086557,312.3158550029827,5708.896228770151
1785251458.7636602,LeftHybridRe,inactive,True,19.118696106039266,192.62014747878644,322.2243169432787,2010.6475091450557
1785251458.7636602,RightHybridRe,inactive,True,8.433626329173197,286.55550832083935,306.2193840110335,1949.3475851052717
1785251458.7636602,DownHybridRe,inactive,True,13.460722516427273,247.55974363632777,360.2211529063119,2026.8045468328564
1785251458.7636602,UpHybridRe,inactive,True,16.181457023068077,232.44800088202706,268.7823708520639,1988.8965433575613
1785251458.7636602,CloseRe,inactive,True,8.2058893168282,289.7868888634239,348.77391410089257,1792.077994170424
1785251458.7636602,OpenRe,inactive,True,18.44994208214904,203.27045148516572,363.9648109543905,1844.1258702246523
1785251458.7636602,CloserHybridRe,inactive,True,11.832227829547746,277.524001247654,266.12717525351894,1757.2708921338926
1785251458.7636602,FartherHybridRe,inactive,True,20.319439313392248,188.47157738335304,280.82024603926675,1816.9403441869435
1785251458.7636602,SwitchRef2,inactive,True,27.683442429585188,229.56195866927987,421.2239701386808,4128.581932086701
1785251458.7636602,SwitchRef1,inactive,True,42.65347703130381,550.9381847029048,311.9637968025542,5720.649882504644
1785251459.2638333,LeftHybridRe,inactive,True,8.256833449385505,190.97589254466507,322.2109802884403,2319.6347518725015
1785251459.2638333,RightHybridRe,inactive,True,18.910782516887142,284.9831374196076,306.3565027684257,1692.4407012079464
1785251459.2638333,DownHybridRe,inactive,True,16.032517991155906,247.91234277278767,359.2349759369765,1941.276458943932
1785251459.2638333,UpHybridRe,inactive,True,13.247890610130138,232.98691654878266,268.0073894663738,2062.622190132006
1785251459.2638333,CloseRe,hovered,True,20.023185337584277,287.63670129758964,346.7149250527783,1516.044792350076
1785251459.2638333,OpenRe,inactive,True,11.893013316331475,202.6514259673778,365.05189989690854,2025.4281704324821
1785251459.2638333,CloserHybridRe,inactive,True,18.36190919758512,276.89970487725896,267.48127965515266,1589.9266740958446
1785251459.2638333,FartherHybridRe,inactive,True,7.790418344036166,186.20263478458236,278.5857320545524,2165.493820634503
1785251459.2638333,SwitchRef2,inactive,True,28.31614593683809,229.16973422841212,420.84918283071056,4141.371080830264
1785251459.2638333,SwitchRef1,inactive,True,42.57020179576707,550.8518518217801,311.77712449942453,5746.340074529166
1785251459.763575,LeftHybridRe,inactive,True,18.840785003179644,192.09992979820956,321.37099971276774,2012.0788563141432
1785251459.763575,RightHybridRe,inactive,True,8.117206650545693,286.111140257544,305.8222683588417,1944.4136117357411
1785251459.763575,DownHybridRe,inactive,True,13.26170397647759,246.9272393068698,359.5563027183649,2022.0788242529743
1785251459.763575,UpHybridRe,inactive,True,15.847870490304944,232.15671199982248,268.1516243825072,1989.7403635267729
1785251459.763575,CloseRe,inactive,True,8.027686668586776,289.163849902597,348.30934825496274,1785.436022745911
1785251459.763575,OpenRe,inactive,True,18.22959111945379,202.6167820677453,363.11313142763447,1842.8280259898784
1785251459.763575,CloserHybridRe,inactive,True,11.489940557906642,277.2489625766655,265.73350844452585,1755.1902157500117
1785251459.763575,FartherHybridRe,inactive,True,20.00620663274378,188.08507510436516,279.9608840083322,1820.4733046388028
1785251459.763575,SwitchRef2,inactive,True,25.903540606201965,229.05174958017787,421.0740061222932,4183.906893089275
1785251459.763575,SwitchRef1,inactive,True,42.826091265978626,550.5638471447303,311.2950838453383,5717.3619017138335
1785251460.2635448,LeftHybridRe,inactive,True,18.32943461430011,191.98577402291187,321.13168257754285,2007.6335047013272
1785251460.2635448,RightHybridRe,inactive,True,7.446232908832082,285.8367122397287,305.67335002482514,1931.9289511250972
1785251460.2635448,DownHybridRe,inactive,True,13.057904025718683,246.88449173978086,359.141807447183,2003.2023418457102
1785251460.2635448,UpHybridRe,inactive,True,15.063091001169992,231.85025253097703,268.0195629576106,1991.0732383813083
1785251460.2635448,CloseRe,inactive,True,7.9186187901645,288.94418711738194,347.95075830621204,1765.9026263815686
1785251460.2635448,OpenRe,inactive,True,17.936837683780844,202.6819346385256,362.6996901688262,1829.672909469482
1785251460.2635448,CloserHybridRe,inactive,True,10.6006918519188,276.9218697167628,265.66362350495206,1752.1678826342504
1785251460.2635448,FartherHybridRe,inactive,True,19.32831556974424,187.77181897362706,279.77451846373816,1824.8834467436973
1785251460.2635448,SwitchRef2,inactive,True,26.49027005468084,229.35465343417,420.76142396265766,4107.9873216536
1785251460.2635448,SwitchRef1,inactive,True,42.55035429545574,550.3922024460264,311.1859078686004,5731.958873421383
1785251460.7637036,LeftHybridRe,inactive,True,18.560600714851343,192.4747994013486,320.8600250945637,2007.0566450079023
1785251460.7637036,RightHybridRe,inactive,True,7.565191928175199,286.3950265875908,305.83344670071403,1938.828966721885
1785251460.7637036,DownHybridRe,inactive,True,13.458181967504084,247.23524104894028,359.16127992300994,2002.023294841012
1785251460.7637036,UpHybridRe,inactive,True,15.071439017039198,232.47766933795037,267.8360843889948,1998.8565677095503
1785251460.7637036,CloseRe,inactive,True,8.360661746339577,289.3407379736185,348.1864325927229,1768.1195005463087
1785251460.7637036,OpenRe,inactive,True,18.292242429890678,203.06090210437839,362.4831651675048,1825.5014770103262
1785251460.7637036,CloserHybridRe,inactive,True,10.472602388763349,277.61801065661103,265.6693504503566,1761.9194301152493
1785251460.7637036,FartherHybridRe,inactive,True,19.433466037462303,188.3565745680782,279.42534197381053,1828.2116096822974
1785251460.7637036,SwitchRef2,inactive,True,27.147601676119955,229.79170848875037,420.47517489782274,4083.711211931324
1785251460.7637036,SwitchRef1,inactive,True,42.61416576433323,550.9804464571434,311.27061885601313,5737.3689980776035
1785251461.2636175,LeftHybridRe,inactive,True,17.76724125307411,194.36517959322003,320.30532106227855,2008.096873414328
1785251461.2636175,RightHybridRe,inactive,True,6.83898765255161,288.2280750572663,305.0312393342354,1926.852028151363
1785251461.2636175,DownHybridRe,inactive,True,12.569022533779666,249.24216513590252,358.3550531251707,1998.7202775428595
1785251461.2636175,UpHybridRe,inactive,True,14.486165803863184,234.29570714522563,267.29589494977347,1991.3878916557915
1785251461.2636175,CloseRe,inactive,True,7.466107387742507,291.2758630915645,347.23858612737865,1759.4252281665104
1785251461.2636175,OpenRe,inactive,True,17.431208874882095,205.03964605868074,361.8530944156855,1827.7805119248114
1785251461.2636175,CloserHybridRe,inactive,True,10.060850605411582,279.36793042647366,265.0493235239138,1749.6119659989163
1785251461.2636175,FartherHybridRe,inactive,True,18.7569510422707,190.17263821770663,278.94979039129254,1827.1086866204423
1785251461.2636175,SwitchRef2,inactive,True,27.086153304175202,231.75940483321392,419.81773208339473,4110.034652716502
1785251461.2636175,SwitchRef1,inactive,True,43.0119111991516,552.4522953089014,310.8121623503658,5731.12437059213
1785251461.76379,LeftHybridRe,inactive,True,18.639914687703346,194.72467701842513,321.4668590997361,2000.410675612482
1785251461.76379,RightHybridRe,inactive,True,7.497568319981882,288.46915210413545,306.2632202816052,1941.5045902076527
1785251461.76379,DownHybridRe,inactive,True,13.893828470749835,249.61514823136366,359.5971158046595,1989.839451664062
1785251461.76379,UpHybridRe,inactive,True,14.752875245161862,234.32355239169377,268.2910224286503,2007.752045897436
1785251461.76379,CloseRe,inactive,True,8.91755267603738,291.5879928983637,348.58718511292926,1761.3889563357297
1785251461.76379,OpenRe,inactive,True,18.621929311770558,205.59593140741688,362.97025886449,1810.600737110759
1785251461.76379,CloserHybridRe,inactive,True,9.944589662627102,279.505905171046,266.0134511524065,1772.76137969931
1785251461.76379,FartherHybridRe,inactive,True,19.278090727655627,190.28622681677578,280.01280734483987,1831.15292845164
1785251461.76379,SwitchRef2,inactive,True,27.886579908515166,231.486884154285,420.96646480721495,4111.117155357228
1785251461.76379,SwitchRef1,inactive,True,42.83163856730873,552.5855741711423,311.9880905453949,5717.164737213374
1785251462.263749,LeftHybridRe,inactive,True,18.82092821265716,194.78719803007968,320.08372917889284,2004.780759924517
1785251462.263749,RightHybridRe,inactive,True,8.411830862894814,288.71855899521216,304.6725655391105,1938.949125532963
1785251462.263749,DownHybridRe,inactive,True,12.873511338975817,249.32012798062476,358.3765948837873,2027.929407752359
1785251462.263749,UpHybridRe,hovered,True,16.265313532865452,235.06311018221402,267.0675359039668,1972.2406931006408
1785251462.263749,CloseRe,inactive,True,7.588398845443675,291.6206526188892,347.17077813471326,1790.2742300639875
1785251462.263749,OpenRe,inactive,True,17.92917333325465,204.99660443182927,361.86856006233995,1846.4702549598514
1785251462.263749,CloserHybridRe,inactive,True,12.146967807033064,280.02061669633616,264.7029196708157,1740.8667199319134
1785251462.263749,FartherHybridRe,inactive,True,20.2344362211637,191.0858795971449,278.7817174848349,1803.9194372505372
1785251462.263749,SwitchRef2,inactive,True,27.19315158918674,232.10886204510078,419.3928894502559,4078.74850959747
1785251462.263749,SwitchRef1,inactive,True,42.81154899078594,552.8745407010299,310.8896682622938,5692.7786213937725
1785251462.7635489,LeftHybridRe,inactive,True,19.536196805048526,195.24531585157078,319.62443596775904,1990.313565529781
1785251462.7635489,RightHybridRe,inactive,True,8.767357576464075,288.90443708370447,304.60724528539737,1947.223304830215
1785251462.7635489,DownHybridRe,inactive,True,13.981657340268054,249.53411827934207,358.13760808366817,2012.8565583393138
1785251462.7635489,UpHybridRe,hovered,True,16.43788931685247,235.2924888630088,266.63908722377994,1981.0618156228484
1785251462.7635489,CloseRe,inactive,True,8.742556533106264,291.7229156002229,347.18918470541144,1787.0052250040098
1785251462.7635489,OpenRe,inactive,True,18.9419467234005,205.4787438036732,361.355234647182,1823.3853359992754
1785251462.7635489,CloserHybridRe,inactive,True,11.975530348890643,280.2647474913497,264.3924118917668,1757.3883163007013
1785251462.7635489,FartherHybridRe,inactive,True,20.64524238132306,191.45928323393574,278.262950675654,1801.2458362051148
1785251462.7635489,SwitchRef2,inactive,True,27.720634060739556,231.70208991105156,419.30781176379463,4135.564914887145
1785251462.7635489,SwitchRef1,inactive,True,43.206767967839134,553.2842060268463,310.60657687882014,5687.044629234384
1785251463.2636254,LeftHybridRe,inactive,True,8.951491025194287,192.2854426280164,321.1434435700986,2330.047652293808
1785251463.2636254,RightHybridRe,inactive,True,19.625009015883066,286.2563779035555,305.61701218326425,1689.8071398379543
1785251463.2636254,DownHybridRe,inactive,True,16.707182261467132,249.03691576442316,358.4653075311427,1942.200013037931
1785251463.2636254,UpHybridRe,inactive,True,13.921952672192917,234.5321914229595,266.9435180868681,2067.375915167395
1785251463.2636254,CloseRe,inactive,True,20.721985865898425,288.71759555923313,346.0451543435653,1512.7677217260934
1785251463.2636254,OpenRe,inactive,True,12.49632915421813,203.7847188621799,364.1666629248397,2032.1180055205587
1785251463.2636254,CloserHybridRe,inactive,True,19.04937156384019,278.3724244725527,266.63434654852625,1588.8417518999631
1785251463.2636254,FartherHybridRe,inactive,True,8.44651080543081,187.69421134203478,277.3327473451475,2176.809804917535
1785251463.2636254,SwitchRef2,inactive,True,27.75733191491655,230.9780905528982,419.83144095265357,4107.7278652458845
1785251463.2636254,SwitchRef1,inactive,True,43.01173792876195,552.047745339907,311.49282292242015,5702.493759506193
1785251463.7635894,LeftHybridRe,inactive,True,19.961099430671737,196.6461746686419,338.23049663281915,1980.9248095441035
1785251463.7635894,RightHybridRe,hovered,True,8.84229734863476,290.10005083514574,323.4548412104404,1950.1824041073123
1785251463.7635894,DownHybridRe,inactive,True,15.939882538101761,251.14792234853505,376.62194350719096,1979.4174479383728
1785251463.7635894,UpHybridRe,inactive,True,15.220934148815955,236.12172734893355,285.17281697168596,2007.219861218382
1785251463.7635894,CloseRe,inactive,True,11.212062801714682,293.0857965083376,365.8737714839918,1762.829462199872
1785251463.7635894,OpenRe,inactive,True,20.4182164022631,207.35067699878576,379.6933361974442,1791.247532271227
1785251463.7635894,CloserHybridRe,inactive,True,9.9856169464747,281.249423957332,282.9936455713691,1785.3502774393928
1785251463.7635894,FartherHybridRe,inactive,True,20.05617635945785,192.32086512153592,296.78348316992026,1816.0642440355841
1785251463.7635894,SwitchRef2,inactive,True,28.02061784898763,233.3291091969052,437.87829763732816,4069.4213514399235
1785251463.7635894,SwitchRef1,inactive,True,42.52671972134426,552.829309231452,330.29750200961234,5721.520861317418
1785251464.2636833,LeftHybridRe,inactive,True,18.192075056268166,196.92650874850582,336.66736549621913,1990.6185572239774
1785251464.2636833,RightHybridRe,inactive,True,7.094326290044058,290.43520017815774,321.4676463503247,1922.107409403914
1785251464.2636833,DownHybridRe,inactive,True,14.433733087183656,251.82292472378364,374.45762906671416,1964.286019220286
1785251464.2636833,UpHybridRe,inactive,True,13.39957139923531,236.33535330073772,283.6537356159439,2003.4766026235666
1785251464.2636833,CloseRe,inactive,True,9.931171229185118,293.5870353731463,363.4604113845587,1734.2619155701323
1785251464.2636833,OpenRe,inactive,True,18.803883039055968,207.92192791398165,377.89201167958686,1793.6209875660934
1785251464.2636833,CloserHybridRe,inactive,True,8.21442288458011,281.4421525156517,281.3851322718487,1764.9773503094257
1785251464.2636833,FartherHybridRe,inactive,True,18.24594352177091,192.33978882440698,295.3478125381029,1829.4994086737388
1785251464.2636833,SwitchRef2,inactive,True,28.626503154377538,233.87348389343111,435.20809953187756,4032.206529328774
1785251464.2636833,SwitchRef1,inactive,True,42.08237009256977,553.4910368214604,328.1809377723784,5703.507311831927
1785251464.7634609,LeftHybridRe,inactive,True,5.826125105898725,194.9455386831864,335.9265309253999,2279.7424739404487
1785251464.7634609,RightHybridRe,inactive,True,17.005570076636698,288.9848990767466,321.3464662370492,1696.1531164730477
1785251464.7634609,DownHybridRe,inactive,True,12.545277627999806,251.61764869340178,373.8817906622896,1988.9607129437718
1785251464.7634609,UpHybridRe,inactive,True,13.069232835662925,237.10670300362287,283.07634238153486,1985.1530370651599
1785251464.7634609,CloseRe,inactive,True,17.118794562791198,291.8768846752787,361.8543861684016,1560.5685117230387
1785251464.7634609,OpenRe,inactive,True,7.752996626071652,205.97807967055724,378.9857304663622,2056.934968614045
1785251464.7634609,CloserHybridRe,inactive,True,17.594780771867804,280.71928461544906,282.8984184179312,1550.507358396273
1785251464.7634609,FartherHybridRe,inactive,True,8.366695950117442,190.91859373597154,292.9952094943974,2062.368065827435
1785251464.7634609,SwitchRef2,inactive,True,27.991159404376123,233.27483921614927,435.1510979838597,4055.644819989786
1785251464.7634609,SwitchRef1,inactive,True,42.256218279428936,553.1806867226771,328.3089409504763,5701.853631162157
1785251465.263525,LeftHybridRe,inactive,True,18.271249722033847,196.86119294447198,328.8061730972616,2000.5594649796258
1785251465.263525,RightHybridRe,inactive,True,7.3026709583726035,290.6383595328564,313.6290059003986,1933.6744179120287
1785251465.263525,DownHybridRe,inactive,True,13.0785948000937,251.40790645117724,367.0713729074815,2008.3361903296027
1785251465.263525,UpHybridRe,inactive,True,14.90560841755822,236.9482449526479,275.83252724848796,1981.7079935821275
1785251465.263525,CloseRe,inactive,True,7.955086527339464,293.5417420914348,355.9986978321345,1772.5281989918221
1785251465.263525,OpenRe,inactive,True,17.945080206676593,207.22455713825312,370.465973248638,1830.6342907088438
1785251465.263525,CloserHybridRe,inactive,True,10.390634055514168,281.92464606677123,273.5812925697878,1748.2577301119745
1785251465.263525,FartherHybridRe,inactive,True,19.219807211884397,192.97621895616376,287.463014681866,1811.1854652952534
1785251465.263525,SwitchRef2,hovered,True,28.805702847607865,232.79986291285238,428.2113042261223,4114.998001092426
1785251465.263525,SwitchRef1,inactive,True,42.464193244651064,553.9571527835018,320.80452535809684,5690.051664333718
1785251465.763694,LeftHybridRe,inactive,True,17.529311977155476,195.9396435485879,327.4870541186508,2002.8709831082815
1785251465.763694,RightHybridRe,inactive,True,6.422449526924814,289.77722146574354,312.9071346585569,1920.2610774982313
1785251465.763694,DownHybridRe,inactive,True,12.74039761591428,250.45579139331704,365.8528815247166,1990.8720357588245
1785251465.763694,UpHybridRe,inactive,True,13.845998138454956,236.21277152840224,274.8271160928971,1987.170878592955
1785251465.763694,CloseRe,inactive,True,7.804770918685832,292.498306799557,355.0476440244676,1751.3059416814358
1785251465.763694,OpenRe,inactive,True,17.47362235212254,206.28490379173496,369.0385089748279,1822.2167719726494
1785251465.763694,CloserHybridRe,inactive,True,9.227699993783236,281.2328120523482,272.9088455739778,1745.6407306677902
1785251465.763694,FartherHybridRe,inactive,True,18.278508019041645,192.06629204561827,286.14769658019173,1822.8010160393242
1785251465.763694,SwitchRef2,active,True,29.324984242591633,232.14413848154405,426.84673750000974,4088.4262434786797
1785251465.763694,SwitchRef1,inactive,True,42.43067233416035,553.1206474427743,319.7320715413636,5712.620006870027
1785251466.263534,LeftHybridRe,inactive,True,18.631515702406226,195.65950738104803,326.8652601285404,1981.0388761630238
1785251466.263534,RightHybridRe,inactive,True,7.520854323941681,289.0195225118678,312.05724546061316,1923.351519955344
1785251466.263534,DownHybridRe,inactive,True,13.976146057475342,250.06544145854215,365.0457990542342,1975.4767784927171
1785251466.263534,UpHybridRe,inactive,True,14.676653829637575,235.36160317127099,274.1003272643345,1984.073166361748
1785251466.263534,CloseRe,inactive,True,9.046688968936776,291.923426712602,354.2197358742794,1748.2892898075734
1785251466.263534,OpenRe,inactive,True,18.662128431339095,206.2079993035522,368.24899847633304,1797.660947013621
1785251466.263534,CloserHybridRe,inactive,True,9.843848471805323,280.2959145674094,271.9823956062188,1752.8890930790876
1785251466.263534,FartherHybridRe,inactive,True,19.216653183305308,191.52123230491244,285.6064392896624,1808.794912345831
1785251466.263534,SwitchRef2,hovered,True,27.990510986545527,231.6042681069804,426.3399658024849,4135.964250748359
1785251466.263534,SwitchRef1,inactive,True,42.58631685530439,552.7855442705386,318.51398966250025,5678.74039677254
1785251466.7639465,LeftHybridRe,inactive,True,8.012139406148837,192.75271452854486,326.51889691715724,2313.3170801373235
1785251466.7639465,RightHybridRe,inactive,True,18.94969958148407,286.612587042173,311.3818374557742,1686.056759141211
1785251466.7639465,DownHybridRe,inactive,True,15.575415762641242,249.40231160262599,364.0754948247966,1953.604817467116
1785251466.7639465,UpHybridRe,inactive,True,13.71297255560447,234.96054169320269,272.81035457116025,2036.210460716953
1785251466.7639465,CloseRe,inactive,True,19.764567812877473,289.1921651597364,351.80390798318354,1523.0418022922968
1785251466.7639465,OpenRe,inactive,True,11.176070963305122,204.07025053608345,369.5703117893689,2039.828367876842
1785251466.7639465,CloserHybridRe,inactive,True,18.706524156116547,278.63916478264264,272.59987624254063,1570.899337612911
1785251466.7639465,FartherHybridRe,inactive,True,8.346839909977541,188.37593612887215,282.9854153884163,2138.1742540073974
1785251466.7639465,SwitchRef2,inactive,True,27.85319840048334,231.383379825635,425.28793936659264,4070.79313436307
1785251466.7639465,SwitchRef1,inactive,True,42.6898599303456,551.7291916188859,317.46399724523707,5719.668513560086
1785251467.263736,LeftHybridRe,inactive,True,18.97246254971813,194.19595441302948,326.7608342297673,1998.786702952846
1785251467.263736,RightHybridRe,inactive,True,7.82418900622134,287.91762659290544,311.5167452416466,1944.2525343432208
1785251467.263736,DownHybridRe,inactive,True,14.298239946741415,249.01662073833074,364.92030461540736,1993.320800141948
1785251467.263736,UpHybridRe,inactive,True,14.975682016409086,233.82018742779886,273.56279838486034,2005.0189101790384
1785251467.263736,CloseRe,inactive,True,9.337819775702945,291.02124877194206,353.892476176106,1765.9407404867015
1785251467.263736,OpenRe,inactive,True,19.001780457131215,204.99337420515775,368.29394215327846,1812.4402903329828
1785251467.263736,CloserHybridRe,inactive,True,10.095251431008881,278.9735033845701,271.24653643158854,1772.941389382937
1785251467.263736,FartherHybridRe,inactive,True,19.54313550943539,189.83349212492425,285.31116154603217,1826.547653943031
1785251467.263736,SwitchRef2,inactive,True,27.783953840030918,230.53961366056456,425.9295038118914,4132.308238278194
1785251467.263736,SwitchRef1,inactive,True,42.51249820318116,551.4218861743867,318.2364534669926,5697.215791385854
1785251467.7641563,LeftHybridRe,inactive,True,8.590148500125975,193.82964129276905,326.2013643326536,2325.7523570880803
1785251467.7641563,RightHybridRe,inactive,True,19.479290577580546,287.6950740012828,310.7639043793886,1688.1515734124405
1785251467.7641563,DownHybridRe,inactive,True,16.21401606258197,250.5737341299817,363.67277842530234,1954.6144840785782
1785251467.7641563,UpHybridRe,inactive,True,14.081501530467968,235.9972944955193,272.17055560776595,2048.4959986509202
1785251467.7641563,CloseRe,inactive,True,20.36903876500717,290.29700739724956,351.2512029719536,1521.4265327548273
1785251467.7641563,OpenRe,inactive,True,11.83240610654124,205.25638340798474,369.33674989158123,2044.7284491880964
1785251467.7641563,CloserHybridRe,inactive,True,19.129378303515296,279.698345643258,271.8771879503023,1576.689996424222
1785251467.7641563,FartherHybridRe,hovered,True,8.655560243692163,189.3420782970954,282.4886142571237,2155.3145469865412
1785251467.7641563,SwitchRef2,inactive,True,27.61008983101786,231.9703571968116,425.18983867094425,4116.1983151003005
1785251467.7641563,SwitchRef1,inactive,True,42.674472534908894,552.8542683149535,317.2387770278082,5690.092828283872
1785251468.2641644,LeftHybridRe,inactive,True,16.888639006045135,195.1456934675844,325.504489214493,2009.1686863876675
1785251468.2641644,RightHybridRe,inactive,True,5.822302495399012,288.984656679015,310.4248830190822,1911.2059609542775
1785251468.2641644,DownHybridRe,inactive,True,12.056520639003601,250.00118899654785,363.47363825074547,1987.554193249889
1785251468.2641644,UpHybridRe,inactive,True,13.35802874879568,235.196556399909,272.6946632040203,1987.1839123314676
1785251468.2641644,CloseRe,inactive,True,7.143547670559114,291.94895411742607,352.41901979159456,1742.445458238326
1785251468.2641644,OpenRe,inactive,True,16.796916342453926,205.7817924276838,366.95776615680217,1825.7136410857056
1785251468.2641644,CloserHybridRe,inactive,True,8.88384545310355,280.2158249846178,270.585765736477,1738.87791675689
1785251468.2641644,FartherHybridRe,active,True,17.719291358965066,190.99872696499685,284.20547290582175,1830.0786762005555
1785251468.2641644,SwitchRef2,inactive,True,26.685493167882655,232.07530210012138,424.803992018806,4086.8635533827473
1785251468.2641644,SwitchRef1,inactive,True,42.6298789205555,552.7362728693283,317.12242131418043,5677.787541854486
1785251468.7637796,LeftHybridRe,inactive,True,18.08370337692194,195.19619722207227,324.7146229113821,2006.8116352881661
1785251468.7637796,RightHybridRe,inactive,True,6.889662503435344,289.10700348414184,309.82527111007334,1935.9647713469167
1785251468.7637796,DownHybridRe,inactive,True,13.549126524882015,250.05580402253588,362.96320151688957,1988.9158925469674
1785251468.7637796,UpHybridRe,inactive,True,14.04700656786455,235.08173644433515,271.7020201963321,2009.2268062657859
1785251468.7637796,CloseRe,inactive,True,8.686100370794666,292.06924999960614,352.06751628595987,1755.4790034442121
1785251468.7637796,OpenRe,inactive,True,18.20663112584658,205.94088147018522,366.23798339033334,1815.3467750463278
1785251468.7637796,CloserHybridRe,inactive,True,9.201512123765895,280.2939940485736,269.61326174748297,1769.1491007797267
1785251468.7637796,FartherHybridRe,active,True,18.62823808907555,190.90182690754253,283.2427326758473,1837.3450780641142
1785251468.7637796,SwitchRef2,inactive,True,26.749775761270115,231.9538280172932,424.69645520753306,4127.512307647412
1785251468.7637796,SwitchRef1,inactive,True,42.37951204514695,552.3089583713876,317.0530794330089,5704.58576647345
1785251469.263579,LeftHybridRe,inactive,True,17.128108231504832,193.90872684439051,323.7280890830199,2013.2269307051647
1785251469.263579,RightHybridRe,inactive,True,5.935167539776986,287.95630612631777,309.35470018382847,1918.7795776345229
1785251469.263579,DownHybridRe,inactive,True,12.728562684661863,248.6868429034286,362.07975064549686,1981.0033342285387
1785251469.263579,UpHybridRe,inactive,True,13.107867964433098,234.19039229972134,271.07468081446507,2005.3339994211965
1785251469.263579,CloseRe,inactive,True,7.993540991192573,290.68330909240285,351.37455595340623,1739.090596346192
1785251469.263579,OpenRe,inactive,True,17.32653281264175,204.47518088123923,365.21294139206634,1818.6558357177455
1785251469.263579,CloserHybridRe,inactive,True,8.35002106987747,279.3831195929201,269.3023086296493,1755.5887343611903
1785251469.263579,FartherHybridRe,hovered,True,17.668536217735742,189.8135413206843,282.29772536098676,1844.6428299958097
1785251469.263579,SwitchRef2,inactive,True,25.882519844524573,231.13799000444757,424.0855716139792,4127.755254138392
1785251469.263579,SwitchRef1,inactive,True,41.91497502585925,547.5809351171765,321.29343692450385,5898.866763240105
1785251469.7636757,LeftHybridRe,inactive,True,17.802487430521705,193.95508180246034,323.7734669461977,2015.2389929097953
1785251469.7636757,RightHybridRe,inactive,True,6.611721337414804,288.0517058118309,309.0199460768445,1935.0215596841808
1785251469.7636757,DownHybridRe,inactive,True,13.23869963680446,248.8694739140912,362.10271626158396,1992.7833983192613
1785251469.7636757,UpHybridRe,inactive,True,13.834862866910063,234.04524257146412,270.81225748876125,2012.4262421428757
1785251469.7636757,CloseRe,inactive,True,8.37930123664804,290.94151425508505,351.2446595301081,1755.300712385535
1785251469.7636757,OpenRe,inactive,True,17.904482055193757,204.64778318583294,365.3464970201414,1822.927383215032
1785251469.7636757,CloserHybridRe,inactive,True,9.044623033965134,279.30792732216014,268.821807430533,1768.1267927636618
1785251469.7636757,FartherHybridRe,inactive,True,18.387260216854475,189.7324958449633,282.26446732676527,1844.7479984451056
1785251469.7636757,SwitchRef2,inactive,True,26.290306412098325,231.10993859658734,423.88807626657706,4124.368224158257
1785251469.7636757,SwitchRef1,inactive,True,41.91866321501079,547.7027255791231,320.9196124153535,5908.894541762318
1785251470.263658,LeftHybridRe,inactive,True,18.09538342116042,194.4394871887772,323.27241719571725,2008.6567116505757
1785251470.263658,RightHybridRe,inactive,True,7.004149490005112,288.4560843885031,308.74795719071125,1935.2001011860193
1785251470.263658,DownHybridRe,inactive,True,13.190318165457375,249.03327705244948,361.81862381067555,1999.4463156058118
1785251470.263658,UpHybridRe,inactive,True,14.445286828884162,234.7391833391833,270.4757345947674,1999.5911544039227
1785251470.263658,CloseRe,inactive,True,8.176357418707811,291.17629227366393,351.0572018582685,1763.2886818648258
1785251470.263658,OpenRe,inactive,True,17.96769608535768,204.82342698626513,364.92878216518466,1825.6745461085447
1785251470.263658,CloserHybridRe,inactive,True,9.795522608103123,279.8915883450027,268.56774961995944,1760.2918769564822
1785251470.263658,FartherHybridRe,hovered,True,18.87319956038788,190.52700213811443,281.81556714305196,1830.433401649916
1785251470.263658,SwitchRef2,inactive,True,26.59517937768233,231.39678226090658,422.91881525182487,4098.721947055776
1785251470.263658,SwitchRef1,inactive,True,41.842766373602274,548.1087115088551,320.85158136317983,5881.944144823239
1785251470.7636058,LeftHybridRe,inactive,True,18.13316107509217,193.52776719959706,323.27924483477597,2008.4504000137058
1785251470.7636058,RightHybridRe,inactive,True,7.247565904793797,287.57233810985014,308.85680491761764,1930.9727516443309
1785251470.7636058,DownHybridRe,inactive,True,12.847282079639141,247.92090294891614,361.93541804040177,2008.800750908027
1785251470.7636058,UpHybridRe,inactive,True,14.900160127399813,234.11261838652726,270.64186574101115,1985.589013653418
1785251470.7636058,CloseRe,inactive,True,7.704954723265198,290.1543208094014,351.1871069324827,1769.3168274422278
1785251470.7636058,OpenRe,inactive,True,17.7344924210765,203.62759900602433,365.01328034433,1835.6674109716623
1785251470.7636058,CloserHybridRe,inactive,True,10.469643464121603,279.16329901455214,268.78675716045655,1747.167833262025
1785251470.7636058,FartherHybridRe,active,True,19.1532762985158,189.92020619815608,281.89280889305473,1820.2204626655985
1785251470.7636058,SwitchRef2,inactive,True,26.852007313431194,230.1824740115147,423.47845382314375,4170.971802157219
1785251470.7636058,SwitchRef1,inactive,True,41.70950975745469,547.1933727258153,321.30351893990206,5909.409974992697
1785251471.2636645,LeftHybridRe,inactive,True,17.70190343818614,192.9743767379188,322.96031863195157,2007.0929541413643
1785251471.2636645,RightHybridRe,inactive,True,6.541718555998946,286.83178115115805,308.04603684747724,1923.3111098949375
1785251471.2636645,DownHybridRe,inactive,True,13.19324117900387,247.9051788096234,361.03008525010773,1979.9884483093556
1785251471.2636645,UpHybridRe,inactive,True,13.71092123865003,232.83157901176006,270.05304885678606,2004.8693987821352
1785251471.2636645,CloseRe,inactive,True,8.370841828022552,289.82564370070395,350.11117078238954,1742.7787315377427
1785251471.2636645,OpenRe,inactive,True,17.83014949470258,203.79321866974084,364.3747001010183,1813.0212930881826
1785251471.2636645,CloserHybridRe,inactive,True,8.921978815889087,278.00169999074967,267.9845438070006,1759.6294079242907
1785251471.2636645,FartherHybridRe,hovered,True,18.262593659526985,188.60921610578035,281.5632575642904,1839.7670978044953
1785251471.2636645,SwitchRef2,inactive,True,25.597531701161337,229.85320846795116,423.084464623915,4178.606222444701
1785251471.2636645,SwitchRef1,inactive,True,41.2511530164859,541.7547166026939,326.09025028969955,6077.034160412499
1785251471.7634344,LeftHybridRe,inactive,True,19.652829237458853,191.6649284838761,322.0645376537182,1998.0004552713253
1785251471.7634344,RightHybridRe,inactive,True,8.729406881657821,285.45674106837254,307.07528471058345,1950.3676423848228
1785251471.7634344,DownHybridRe,inactive,True,14.39093670379776,246.147140523322,360.5654924890298,2010.0133002303774
1785251471.7634344,UpHybridRe,inactive,True,16.222682921674885,231.67735703881323,269.00200169048225,1993.5186240523835
1785251471.7634344,CloseRe,inactive,True,9.222214364443374,288.32441371696797,349.6364775154662,1783.4482433346348
1785251471.7634344,OpenRe,inactive,True,19.267384816925727,202.05355746103785,363.7823510845234,1823.814205694689
1785251471.7634344,CloserHybridRe,inactive,True,11.58483076865835,276.7578534562555,266.7843137105801,1766.6236678652276
1785251471.7634344,FartherHybridRe,inactive,True,20.563846545290506,187.72679293062907,280.6241827626934,1814.5982364817028
1785251471.7634344,SwitchRef2,inactive,True,26.35365781588797,228.87432401031035,421.7799770892334,4093.6793952744847
1785251471.7634344,SwitchRef1,inactive,True,41.00944169183705,539.0476938573997,326.7593153686885,6143.423643583563
1785251472.263534,LeftHybridRe,inactive,True,7.873565093379085,190.10448667902392,322.6646407256777,2310.108622614127
1785251472.263534,RightHybridRe,inactive,True,18.54976789515745,284.1490044782887,307.404857350326,1689.7406874530498
1785251472.263534,DownHybridRe,inactive,True,15.626676657131016,246.77935009435907,359.9745723406143,1939.991130112241
1785251472.263534,UpHybridRe,inactive,True,12.972289067181844,232.39262021434385,268.87181007368554,2052.172081516026
1785251472.263534,CloseRe,inactive,True,19.628174751594834,286.59642564092167,347.7196856699659,1516.4034266222734
1785251472.263534,OpenRe,inactive,True,11.49289020593193,201.48915697216987,365.4920017393137,2021.9611174752972
1785251472.263534,CloserHybridRe,hovered,True,18.05736199551425,276.2689073294388,268.58307083848666,1584.3478985161673
1785251472.263534,FartherHybridRe,inactive,True,7.542070557458658,185.62757379301362,279.15484458923197,2151.837568697105
1785251472.263534,SwitchRef2,inactive,True,26.68558634634599,228.99298662284082,422.0777322426404,4098.516708931937
1785251472.263534,SwitchRef1,inactive,True,40.90040067791271,539.1683759260977,327.0580874259087,6131.499738710889
1785251472.7636333,LeftHybridRe,inactive,True,19.362579316401753,191.51690017615334,321.94630132460964,2004.4460006080371
1785251472.7636333,RightHybridRe,inactive,True,8.81299550503539,285.38710125039074,306.2634264138208,1943.9610065394736
1785251472.7636333,DownHybridRe,inactive,True,13.572094299688395,246.16422713606232,360.1065392150637,2026.3746962515288
1785251472.7636333,UpHybridRe,inactive,True,16.574935548076883,231.5772894894171,268.74700544900395,1977.5119198821885
1785251472.7636333,CloseRe,inactive,True,8.309988387107056,288.4213776115272,348.80035957223873,1791.8070384273233
1785251472.7636333,OpenRe,inactive,True,18.58185606664095,201.89011911327017,363.7000873916579,1843.409877691698
1785251472.7636333,CloserHybridRe,inactive,True,12.293173402258285,276.5600357911313,266.23257186484096,1748.014845218524
1785251472.7636333,FartherHybridRe,inactive,True,20.64318595436191,187.64250149321327,280.6166178844444,1806.7187219381995
1785251472.7636333,SwitchRef2,inactive,True,26.99320323331236,228.72923620169598,421.2842757493311,4095.50722236
1785251472.7636333,SwitchRef1,inactive,True,41.11926108286551,538.8845974052441,326.2932106392689,6135.918132340223
1785251473.263558,LeftHybridRe,inactive,True,8.490744466056395,189.68935699270844,322.1749470950813,2325.042860895275
1785251473.263558,RightHybridRe,inactive,True,19.141115277976194,283.7149619982001,306.4390510561329,1689.5960670789937
1785251473.263558,DownHybridRe,inactive,True,16.242058760088906,246.5952847673055,359.27433930404567,1941.2881459513083
1785251473.263558,UpHybridRe,inactive,True,13.480425006258821,231.81306560814696,268.00778623809157,2063.12556294756
1785251473.263558,CloseRe,inactive,True,20.240041157172207,286.3060916381205,346.78759066779156,1513.5810478147323
1785251473.263558,OpenRe,inactive,True,12.076801898449492,201.30897098479693,365.06339234517435,2029.5979565830057
1785251473.263558,CloserHybridRe,hovered,True,18.58923130720318,275.7003747929814,267.56413722719924,1587.5203446323285
1785251473.263558,FartherHybridRe,inactive,True,8.026629057926838,184.9806289741497,278.505508265342,2170.7486168327014
1785251473.263558,SwitchRef2,inactive,True,26.4705027198434,228.58166533923787,421.06471561501235,4114.452100237839
1785251473.263558,SwitchRef1,inactive,True,41.00942203301899,538.7468509169994,325.75183247927436,6127.896516788649
1785251473.7641253,LeftHybridRe,inactive,True,8.395471326006817,189.63896044614137,321.0026271933299,2321.649588388009
1785251473.7641253,RightHybridRe,hovered,True,18.83116117005829,283.8385238442519,305.2612571112774,1695.4783393608523
1785251473.7641253,DownHybridRe,inactive,True,16.246718501787797,246.4995239644022,358.03004979471496,1935.877859897897
1785251473.7641253,UpHybridRe,inactive,True,12.936973258389953,231.8969482943774,266.7994912437841,2073.7874015269226
1785251473.7641253,CloseRe,inactive,True,20.11359043742071,286.28914602044915,345.58646546942,1513.2599617759333
1785251473.7641253,OpenRe,inactive,True,12.270343811112236,201.2163788990102,363.77917076534726,2018.9975057305783
1785251473.7641253,CloserHybridRe,inactive,True,18.10613197936898,275.93160643424653,266.3255493624232,1598.4751058335423
1785251473.7641253,FartherHybridRe,inactive,True,7.461208479050041,184.95310661579262,277.3436060243478,2176.4398401444378
1785251473.7641253,SwitchRef2,inactive,True,25.702862255482714,228.39404010346107,420.1074072693646,4158.478183863423
1785251473.7641253,SwitchRef1,inactive,True,41.27407579564231,538.6323299430353,324.7989914658631,6136.28716274412
1785251474.266034,LeftHybridRe,inactive,True,18.353484714571266,190.83988487437722,320.4778522321264,2011.094788750026
1785251474.266034,RightHybridRe,active,True,7.303609485627743,284.73835889833583,305.0072135289828,1935.4921595291235
1785251474.266034,DownHybridRe,inactive,True,13.425991057194492,245.9507259746576,358.4196614944575,1995.0338138633815
1785251474.266034,UpHybridRe,inactive,True,14.709941758982751,230.51344411983186,267.2546567291092,2005.992998022528
1785251474.266034,CloseRe,inactive,True,8.400376657230929,287.94478008586736,347.2499584528678,1759.6349761076635
1785251474.266034,OpenRe,inactive,True,18.202512489859924,201.7882569170084,361.9801342319622,1822.6444265699683
1785251474.266034,CloserHybridRe,inactive,True,10.048521637220835,275.70585779697865,264.8981550586321,1764.6461267644663
1785251474.266034,FartherHybridRe,inactive,True,19.129700630131808,186.35773952481742,279.04627597464,1838.1352036936732
1785251474.266034,SwitchRef2,inactive,True,26.98296185375402,227.96790504873502,419.68034328737474,4112.695771634062
1785251474.266034,SwitchRef1,inactive,True,41.05560782900158,538.523927820499,325.07256591194874,6129.306093590778
1785251474.7635415,LeftHybridRe,inactive,True,18.4370532623864,190.58746056051206,319.5921485900457,2013.179394824885
1785251474.7635415,RightHybridRe,active,True,7.270973964673478,284.6300607437457,304.75987970618445,1940.1637253953159
1785251474.7635415,DownHybridRe,inactive,True,13.955575039142577,245.64989166922504,357.83962830499075,1985.5123657007352
1785251474.7635415,UpHybridRe,inactive,True,14.315193804359472,230.4025661768418,266.52120198053956,2022.4403533212644
1785251474.7635415,CloseRe,inactive,True,9.101897555264559,287.65088197556827,346.98922523146246,1753.034962239195
1785251474.7635415,OpenRe,inactive,True,18.589300966616396,201.52006528286105,361.08914405461627,1813.395025397218
1785251474.7635415,CloserHybridRe,inactive,True,9.409943684643219,275.7449653942722,264.4703024826533,1779.4182732327718
1785251474.7635415,FartherHybridRe,inactive,True,18.92399117393445,186.09889157975104,278.05310321133163,1851.2642830584227
1785251474.7635415,SwitchRef2,inactive,True,26.26873968005058,227.51690238216025,419.22161734939533,4173.89538921792
1785251474.7635415,SwitchRef1,inactive,True,41.08546119425663,538.1681106998774,324.28096014769733,6117.342580543773
1785251475.263698,LeftHybridRe,inactive,True,18.7035893200195,191.83581112184703,319.38584630865506,2008.1776746999349
1785251475.263698,RightHybridRe,hovered,True,8.258812273836053,285.7813989829034,303.8915026880998,1933.863343850302
1785251475.263698,DownHybridRe,inactive,True,12.841521416890693,246.52356286193677,357.5348457720017,2022.1930015109829
1785251475.263698,UpHybridRe,inactive,True,16.07653561759155,232.03186235351262,266.35712662780577,1975.1758725819163
1785251475.263698,CloseRe,inactive,True,7.577036085202014,288.76103721938637,346.2893017080905,1782.3844250958136
1785251475.263698,OpenRe,inactive,True,17.8691415916161,202.18990076785204,361.10051646509135,1845.4468562436523
1785251475.263698,CloserHybridRe,inactive,True,11.931351954579581,277.01193745450786,263.9754298772642,1739.8460649057197
1785251475.263698,FartherHybridRe,inactive,True,20.069818557405736,187.99381304401223,278.0936701014422,1810.77890274108
1785251475.263698,SwitchRef2,inactive,True,26.961762339358547,228.8092841914817,418.45414791644464,4108.441553119876
1785251475.263698,SwitchRef1,inactive,True,41.17289767464368,539.4678095892248,324.1099906364829,6123.490435233602
1785251475.7636356,LeftHybridRe,hovered,True,18.521872963308024,191.70494276521143,319.3057922251731,2005.7853403679328
1785251475.7636356,RightHybridRe,inactive,True,7.55684063877252,285.50918420789094,303.84297057179543,1935.4222538882677
1785251475.7636356,DownHybridRe,inactive,True,13.391904880081318,246.67020807632022,357.29359005093085,1997.602874180906
1785251475.7636356,UpHybridRe,inactive,True,15.075289152088281,231.39959430985888,266.1253195347068,1998.4274705160387
1785251475.7636356,CloseRe,inactive,True,8.290611183203334,288.67800039295,346.1282192529123,1763.66583389898
1785251475.7636356,OpenRe,inactive,True,18.23008383617567,202.54081652209214,360.8314548732366,1822.3065292376486
1785251475.7636356,CloserHybridRe,inactive,True,10.503353790986104,276.52203040501047,263.7536692596886,1760.3374461245767
1785251475.7636356,FartherHybridRe,inactive,True,19.416410097088438,187.33217782748181,277.91416412565655,1829.0894997636642
1785251475.7636356,SwitchRef2,inactive,True,27.250481754374057,228.6867666072351,418.6390213775709,4118.144577400977
1785251475.7636356,SwitchRef1,inactive,True,41.14314862627793,539.1070563433317,323.93828307075364,6138.429999831831
1785251476.2637324,LeftHybridRe,active,True,19.30978701944365,191.51454498580205,318.6066247269477,1998.1127374003663
1785251476.2637324,RightHybridRe,inactive,True,8.554791099692249,285.3214943132553,303.7237825524332,1941.2584700378138
1785251476.2637324,DownHybridRe,inactive,True,13.80321636230154,245.91980753544436,357.1036217891335,2010.1917222704287
1785251476.2637324,UpHybridRe,inactive,True,16.199451678120283,231.6964381204508,265.71413477708194,1984.3727354209186
1785251476.2637324,CloseRe,inactive,True,8.588432681445617,288.1069914493491,346.1974872756236,1779.6480099140972
1785251476.2637324,OpenRe,inactive,True,18.741974074138458,201.77854809510862,360.31181210339605,1827.4484174089084
1785251476.2637324,CloserHybridRe,inactive,True,11.750197147770411,276.7164088828541,263.571765897369,1754.634112969019
1785251476.2637324,FartherHybridRe,inactive,True,20.40347748511053,187.71390457608663,277.24090538741575,1810.9360583399466
1785251476.2637324,SwitchRef2,inactive,True,26.881748958541632,228.4021302162786,418.37941803143343,4121.154528213156
1785251476.2637324,SwitchRef1,inactive,True,41.26882083911371,539.2141245771331,323.4047500039725,6106.875311251206
1785251476.7637258,LeftHybridRe,active,True,18.678286124880618,191.47879089872296,318.3936613850925,2008.290642221269
1785251476.7637258,RightHybridRe,inactive,True,7.642275816556946,285.4557172997663,303.6092016874832,1941.4667037601248
1785251476.7637258,DownHybridRe,inactive,True,13.674406255878798,246.23713892879599,356.8172037321074,1998.5274327271982
1785251476.7637258,UpHybridRe,inactive,True,15.070181712290358,231.5170626903046,265.4169393033319,2006.1270122092792
1785251476.7637258,CloseRe,inactive,True,8.60701279705156,288.3420879124979,345.9672218349756,1766.1693530803605
1785251476.7637258,OpenRe,inactive,True,18.47798829509815,202.08088346969433,360.0177408796728,1821.7906866495068
1785251476.7637258,CloserHybridRe,inactive,True,10.402409164195301,276.72356655076067,263.3656605520415,1768.5168920644865
1785251476.7637258,FartherHybridRe,inactive,True,19.480299924969753,187.33479623456876,276.91096842374566,1834.2802939210087
1785251476.7637258,SwitchRef2,inactive,True,27.10974952296256,228.5496895100296,417.8824988921078,4110.681813653107
1785251476.7637258,SwitchRef1,inactive,True,41.45962368025729,539.4212150162948,323.30749802348817,6113.282172920975
1785251477.2636847,LeftHybridRe,hovered,True,18.85580166699217,191.08034244738403,318.4121104902986,2004.1086116282859
1785251477.2636847,RightHybridRe,inactive,True,7.892544008856617,284.9620574280847,303.546407977182,1939.497260872995
1785251477.2636847,DownHybridRe,inactive,True,13.717163146531059,245.75761891420098,356.79688209340037,1999.475238363455
1785251477.2636847,UpHybridRe,inactive,True,15.38035963695285,231.09754910668806,265.4546665772695,1998.922470020334
1785251477.2636847,CloseRe,inactive,True,8.604219290676195,287.85414007439385,345.9096092556511,1767.731953146933
1785251477.2636847,OpenRe,inactive,True,18.55713134023708,201.62685265985039,360.0287160123762,1821.6017250790755
1785251477.2636847,CloserHybridRe,inactive,True,10.770516022525797,276.23567769560486,263.3515252679444,1763.3799804131631
1785251477.2636847,FartherHybridRe,inactive,True,19.734568109000218,186.99071506107342,276.98076048134664,1827.0659509912548
1785251477.2636847,SwitchRef2,inactive,True,26.75303853606904,227.93475390405393,417.98587682412716,4126.306341638512
1785251477.2636847,SwitchRef1,inactive,True,41.43170227932675,538.7751089603847,323.0815527264403,6127.565329184763
1785251477.7636116,LeftHybridRe,inactive,True,18.312628715523207,190.84352159977337,318.4110463450214,2014.2553403474303
1785251477.7636116,RightHybridRe,inactive,True,7.4066943708626525,284.8973118690129,303.34861437282177,1936.0103447903093
1785251477.7636116,DownHybridRe,inactive,True,13.070559216282119,245.7171189674632,356.6750713612438,2005.3272651922744
1785251477.7636116,UpHybridRe,inactive,True,15.012940357709534,230.9469764097496,265.3982400610521,1999.4928410622997
1785251477.7636116,CloseRe,inactive,True,7.939085015356601,287.85240677644185,345.6605861166733,1767.2392139464864
1785251477.7636116,OpenRe,inactive,True,17.94256743328736,201.44860356430567,360.05057733550177,1832.6768769617483
1785251477.7636116,CloserHybridRe,inactive,True,10.533499503441881,276.1154368904941,263.2471215899509,1758.32579635402
1785251477.7636116,FartherHybridRe,inactive,True,19.293092807736397,186.72573149958268,276.9730845171677,1833.8662521399274
1785251477.7636116,SwitchRef2,inactive,True,25.73135562818672,227.86743222670523,418.07399941291123,4166.83453194391
1785251477.7636116,SwitchRef1,inactive,True,41.39041956085288,538.7913801383224,323.06985909322,6127.9383822961245
1785251478.2637374,LeftHybridRe,hovered,True,19.116520890384393,191.39116680898212,318.61171429961075,2001.3640594987955
1785251478.2637374,RightHybridRe,inactive,True,8.03510220367656,285.17755999424014,303.53970443798244,1945.0653763923547
1785251478.2637374,DownHybridRe,inactive,True,14.259594591131982,246.24660825365058,356.8518243733769,1991.5999097789609
1785251478.2637374,UpHybridRe,inactive,True,15.305047424394276,231.0498684967306,265.46356900917664,2009.8857931967286
1785251478.2637374,CloseRe,inactive,True,9.230476896673213,288.24999281823307,345.9110951764174,1764.679196681318
1785251478.2637374,OpenRe,inactive,True,19.01639164010168,202.22384784305976,360.14757804313973,1811.1588330506092
1785251478.2637374,CloserHybridRe,inactive,True,10.509141595392945,276.25832271616423,263.23954014501976,1775.913141934805
1785251478.2637374,FartherHybridRe,inactive,True,19.7964756990595,186.98874654670158,277.13487161723145,1832.7959156290053
1785251478.2637374,SwitchRef2,inactive,True,27.207887787599653,228.55180408618497,418.45015575332263,4098.042747218526
1785251478.2637374,SwitchRef1,inactive,True,41.477391534935585,539.3531460487811,323.3102610871381,6107.14521918384
1785251478.763663,LeftHybridRe,inactive,True,20.308595716588464,191.33359270170172,317.83752142942325,1984.504462982095
1785251478.763663,RightHybridRe,inactive,True,9.499911859603959,284.82279970886657,302.7037510517974,1950.6924542851193
1785251478.763663,DownHybridRe,inactive,True,14.876098905273274,245.6589874753183,356.262356483163,2005.0557845934818
1785251478.763663,UpHybridRe,inactive,True,17.024739447713486,231.0963149487526,264.74886094849586,1985.5343046067283
1785251478.763663,CloseRe,inactive,True,9.668400126592768,287.7514466246554,345.3044523727324,1784.9815519382246
1785251478.763663,OpenRe,inactive,True,19.788403790822425,201.73746672318094,359.4959173634427,1812.8348189985227
1785251478.763663,CloserHybridRe,inactive,True,12.429089962619127,276.074185492178,262.41154729932134,1765.1295481264788
1785251478.763663,FartherHybridRe,inactive,True,21.301862591639456,187.3493198894402,276.4690837220444,1801.8484189830124
1785251478.763663,SwitchRef2,inactive,True,27.586360460348743,227.87315853259528,417.82687568984545,4131.03626098713
1785251478.763663,SwitchRef1,inactive,True,41.26672672758383,538.7963264467547,322.5344536781614,6115.668174716433
1785251479.2640848,LeftHybridRe,hovered,True,19.60732115384217,190.7081174007404,317.979221273625,2000.7198048963655
1785251479.2640848,RightHybridRe,inactive,True,9.04390168879464,284.53451801399393,302.5660854724731,1945.2305770983803
1785251479.2640848,DownHybridRe,inactive,True,13.837760022339756,245.25336787477258,356.27170945727556,2021.0048358987551
1785251479.2640848,UpHybridRe,inactive,True,16.77699321212519,230.7772389327655,264.8694528566612,1980.3383151776143
1785251479.2640848,CloseRe,inactive,True,8.581526251378964,287.4872873271124,345.1116316997736,1789.6549713323839
1785251479.2640848,OpenRe,inactive,True,18.83791598956369,201.05098435375825,359.71846537413444,1836.2119445382887
1785251479.2640848,CloserHybridRe,inactive,True,12.457448432125563,275.77815092553305,262.46902026532405,1752.1222368149865
1785251479.2640848,FartherHybridRe,inactive,True,20.86243099544549,186.84541809027144,276.6353508416092,1807.3400521391195
1785251479.2640848,SwitchRef2,inactive,True,27.198051178214868,227.69940220984236,417.401065832781,4115.480836331604
1785251479.2640848,SwitchRef1,inactive,True,41.341606505274605,538.4219561249871,322.6956220267598,6136.912014616224
1785251479.7635753,LeftHybridRe,hovered,True,19.339741131935675,190.55004241634853,317.7821823924412,2012.928614807748
1785251479.7635753,RightHybridRe,inactive,True,8.470724310589258,284.61857087479876,302.4936431242088,1955.4841809702339
1785251479.7635753,DownHybridRe,inactive,True,13.948392535513387,245.39820147570572,356.16190115076154,2018.4632985220596
1785251479.7635753,UpHybridRe,inactive,True,16.07545701839321,230.54363176620575,264.5089926656777,2005.1648683936983
1785251479.7635753,CloseRe,inactive,True,8.746663506084307,287.6364786821814,345.07446085969985,1787.4740682043994
1785251479.7635753,OpenRe,inactive,True,18.866715572125273,201.15452869766952,359.54783441332444,1835.234151079152
1785251479.7635753,CloserHybridRe,inactive,True,11.538848015998976,275.7630952828122,262.1926137940216,1772.4512136987105
1785251479.7635753,FartherHybridRe,inactive,True,20.351461187299428,186.4232443952545,276.2564711470217,1830.0241402469765
1785251479.7635753,SwitchRef2,inactive,True,26.716411323508368,227.86748299606734,417.3960389228866,4104.292849964768
1785251479.7635753,SwitchRef1,inactive,True,41.40441096540343,538.3141640022513,322.2801603087931,6133.35999848583
1785251480.263572,LeftHybridRe,inactive,True,18.946090344074403,188.82797323527464,317.5595315633274,2005.3472521352815
1785251480.263572,RightHybridRe,hovered,True,7.973257979629518,282.651469222663,302.31251646589755,1938.0164000338264
1785251480.263572,DownHybridRe,inactive,True,13.885068026129964,243.7563618448959,355.6599506575853,1994.3936348400894
1785251480.263572,UpHybridRe,inactive,True,15.388784543914014,228.54929021358979,264.4331609469567,2003.1749320767012
1785251480.263572,CloseRe,inactive,True,8.800612923158726,285.76238205086355,344.6116794958198,1762.8177456750564
1785251480.263572,OpenRe,inactive,True,18.695623492381777,199.65663148780268,359.0812675371054,1818.414921560092
1785251480.263572,CloserHybridRe,inactive,True,10.734771802700552,273.7133489819802,262.1531425424259,1765.744577925685
1785251480.263572,FartherHybridRe,inactive,True,19.771265076181926,184.45072812526703,276.1402266203379,1832.559800886418
1785251480.263572,SwitchRef2,inactive,True,26.678647186911128,226.2183533478271,417.30460613423116,4132.401980408307
1785251480.263572,SwitchRef1,inactive,True,41.316780832034524,536.6135265276118,321.63165113675086,6121.219641891097
1785251480.7637002,LeftHybridRe,inactive,True,20.024175615595272,189.30920035696818,317.6051272462364,2012.311617817144
1785251480.7637002,RightHybridRe,inactive,True,9.500067420649163,283.3750751272321,301.8100883523403,1960.8085315722128
1785251480.7637002,DownHybridRe,inactive,True,14.157147842376073,244.09751822238178,355.8780696384159,2037.2243255469584
1785251480.7637002,UpHybridRe,inactive,True,17.25830336243909,229.35306036933486,264.1756082305544,1991.4248014048571
1785251480.7637002,CloseRe,inactive,True,8.882366554577457,286.4588699134704,344.53792700267365,1806.0019824870542
1785251480.7637002,OpenRe,inactive,True,19.183384964021457,199.77086236299982,359.4719694637794,1848.976110235566
1785251480.7637002,CloserHybridRe,inactive,True,12.943965728315172,274.4794288138755,261.5928598672252,1763.9674527753014
1785251480.7637002,FartherHybridRe,inactive,True,21.322299876719892,185.3486292279069,276.1433601854963,1816.088788369183
1785251480.7637002,SwitchRef2,inactive,True,26.31609521338228,226.57195262028745,417.44566398055645,4130.925783150757
1785251480.7637002,SwitchRef1,inactive,True,41.201641738813876,536.8498745789597,321.41062130395744,6146.84950509706
1785251481.2636402,LeftHybridRe,inactive,True,7.537779139513617,187.26589776174112,317.5362884805952,2342.610065891731
1785251481.2636402,RightHybridRe,inactive,True,18.506868039395332,281.85386129769535,302.4957136756539,1705.0096657885224
1785251481.2636402,DownHybridRe,inactive,True,15.133194988898351,244.48949228028664,355.2403649990366,1967.0878354325105
1785251481.2636402,UpHybridRe,inactive,True,13.308244535660636,229.6647109922992,263.65019627123957,2069.6916551499453
1785251481.2636402,CloseRe,inactive,True,19.323243307973364,284.5058315359036,343.0181575496481,1534.37224087114
1785251481.2636402,OpenRe,inactive,True,10.762876976900612,198.87618889342687,360.68099027159076,2054.768910354491
1785251481.2636402,CloserHybridRe,inactive,True,18.295305135086885,273.7601959181883,263.5236412714907,1594.6891376938547
1785251481.2636402,FartherHybridRe,inactive,True,7.958999031567266,182.6259255215053,273.7979580597626,2177.317517947289
1785251481.2636402,SwitchRef2,inactive,True,27.468572165925,226.00532248023526,417.07125332913364,4150.393930741346
1785251481.2636402,SwitchRef1,inactive,True,41.58769295573909,537.0579946473383,321.4781074870022,6131.510191022266
1785251481.764156,LeftHybridRe,inactive,True,18.540996566533696,189.04064422624074,316.8642829211021,2017.8104759676753
1785251481.764156,RightHybridRe,inactive,True,7.424277509458576,283.1783439373271,301.99620033636364,1943.261494962353
1785251481.764156,DownHybridRe,inactive,True,13.8124022906169,244.12720096862026,355.1663458602497,1993.1474638905129
1785251481.764156,UpHybridRe,inactive,True,14.662399837000374,228.94787953293144,263.7619059917075,2022.2844937136833
1785251481.764156,CloseRe,inactive,True,8.85346742436587,286.19110667282666,344.28669662399324,1759.3786818962326
1785251481.764156,OpenRe,inactive,True,18.527306251864612,199.93124123762857,358.43182032649406,1820.6586753800402
1785251481.764156,CloserHybridRe,inactive,True,9.86920338726756,274.30464085307057,261.7014105555932,1778.886412071217
1785251481.764156,FartherHybridRe,inactive,True,19.17720884741488,184.60771163892906,275.302118873229,1852.5604318665646
1785251481.764156,SwitchRef2,inactive,True,25.582546168725823,226.31327864922824,417.31126641844276,4174.929971750069
1785251481.764156,SwitchRef1,inactive,True,41.38385504325251,537.3564466958405,321.83568538879075,6132.282938711549
1785251482.2636034,LeftHybridRe,inactive,True,19.30102070411041,188.5033093906248,316.94742463066393,2008.09241925459
1785251482.2636034,RightHybridRe,inactive,True,8.537757077814067,282.41756628349947,301.52340885152773,1944.2379353010547
1785251482.2636034,DownHybridRe,inactive,True,13.828291155592527,243.3451838096887,355.1239405750456,2011.495752431525
1785251482.2636034,UpHybridRe,inactive,True,16.159752285196703,228.40393375342245,263.75540664893947,1995.297111986216
1785251482.2636034,CloseRe,inactive,True,8.624789470255951,285.49255060845064,343.9704186087505,1778.8608695264193
1785251482.2636034,OpenRe,inactive,True,18.75479767164992,199.14309111475148,358.60670501588123,1831.834134980545
1785251482.2636034,CloserHybridRe,inactive,True,11.696483964511538,273.52701075146626,261.3808023448186,1761.152176899439
1785251482.2636034,FartherHybridRe,inactive,True,20.37413009834715,184.33944142865968,275.53324210163504,1824.5675206742417
1785251482.2636034,SwitchRef2,inactive,True,26.838754896029123,225.613626767508,416.95156988345116,4128.683509076633
1785251482.2636034,SwitchRef1,inactive,True,41.583003608124514,536.3436208655403,322.0384240589286,6100.165485822974
1785251482.7636683,LeftHybridRe,inactive,True,19.686454327639538,188.3185129260236,316.25570432578525,1998.0566203401722
1785251482.7636683,RightHybridRe,inactive,True,8.9964440768155,281.97923363849236,300.5596978991762,1941.9117997868452
1785251482.7636683,DownHybridRe,inactive,True,14.129927339861927,243.10192347990423,354.2552061745677,2007.3084314414518
1785251482.7636683,UpHybridRe,inactive,True,16.616393603162404,227.9702707887209,263.00596851056116,1987.198659942318
1785251482.7636683,CloseRe,inactive,True,8.91470127067975,285.16437605845306,342.99877113781395,1778.2851645534538
1785251482.7636683,OpenRe,inactive,True,19.069401526424816,199.01945413195986,357.8402887831842,1824.5341118642973
1785251482.7636683,CloserHybridRe,inactive,True,12.169436094627303,272.99465730776217,260.4684018225688,1757.2341409871733
1785251482.7636683,FartherHybridRe,inactive,True,20.797490862854936,184.07514379161026,274.9223040319862,1814.0876580482472
1785251482.7636683,SwitchRef2,inactive,True,25.92210488330061,225.45091891726642,415.91962340745187,4138.998241273432
1785251482.7636683,SwitchRef1,inactive,True,41.46002302449383,535.6554099437968,321.0659510436415,6119.518518620003
1785251483.2640972,LeftHybridRe,inactive,True,9.276679584888642,186.72898091173434,315.89214010258183,2350.5561213117326
1785251483.2640972,RightHybridRe,inactive,True,19.770450704097833,281.0167182618361,299.98803283796286,1694.1430840033936
1785251483.2640972,DownHybridRe,hovered,True,17.074316280272885,243.88420573493474,352.9337462171947,1938.843423512677
1785251483.2640972,UpHybridRe,inactive,True,13.887984851981752,228.96525740514647,261.36352691676615,2092.835604767577
1785251483.2640972,CloseRe,inactive,True,20.993047561710007,283.5532451906829,340.3659688414125,1508.1030066489839
1785251483.2640972,OpenRe,inactive,True,12.973912196664438,198.55004112857316,358.84720474984886,2034.6197774142238
1785251483.2640972,CloserHybridRe,inactive,True,19.049099266023283,273.0357062684334,260.9377440741011,1602.5647519657614
1785251483.2640972,FartherHybridRe,inactive,True,8.413018869466248,181.81199985138332,271.9372627637008,2212.6750836700703
1785251483.2640972,SwitchRef2,inactive,True,27.06502031003151,225.54749877226635,414.816283939008,4129.865715462096
1785251483.2640972,SwitchRef1,inactive,True,41.65601506327828,536.273885924137,320.346589559224,6109.122413583718
1785251483.7635612,LeftHybridRe,inactive,True,19.4870471989627,188.35600206373726,315.0510482680009,2012.8847019423229
1785251483.7635612,RightHybridRe,inactive,True,8.699575154302153,282.3783628292492,299.5621608945763,1953.2186702786275
1785251483.7635612,DownHybridRe,active,True,14.010898848074588,243.30865721590646,353.2771342286866,2016.3395677477965
1785251483.7635612,UpHybridRe,inactive,True,16.319754425369137,228.21573537987,261.720210132294,2004.519083981817
1785251483.7635612,CloseRe,inactive,True,8.797676460537238,285.5005212037598,342.1027907680449,1785.220396072924
1785251483.7635612,OpenRe,inactive,True,18.943115595671816,199.08082831080333,356.7656646925076,1834.1943683077006
1785251483.7635612,CloserHybridRe,inactive,True,11.828310777700729,273.4276280711492,259.3111990753978,1770.8371255282073
1785251483.7635612,FartherHybridRe,inactive,True,20.549882132289717,184.1071173419884,273.5544475957214,1831.1486508752205
1785251483.7635612,SwitchRef2,inactive,True,26.190092772651067,225.64181325814727,414.9024746016121,4137.406305046308
1785251483.7635612,SwitchRef1,inactive,True,41.94830890723809,536.3399618861451,319.8880123837135,6106.639370378478
1785251484.2635875,LeftHybridRe,inactive,True,10.415075370177798,186.66455488766834,315.3281368043163,2361.543926713628
1785251484.2635875,RightHybridRe,inactive,True,20.840431373705062,280.68517328883866,299.08241627475536,1684.519655115546
1785251484.2635875,DownHybridRe,active,True,18.184853584274943,243.792467051784,352.189640201929,1930.8904629687604
1785251484.2635875,UpHybridRe,inactive,True,14.859758923583477,228.78690764431136,260.4947020300093,2098.244391169639
1785251484.2635875,CloseRe,inactive,True,22.087579612038173,283.22932322471706,339.44014165009077,1495.7702911222368
1785251484.2635875,OpenRe,inactive,True,14.046264976531909,198.58202624677472,358.33992087982705,2036.3193011943076
1785251484.2635875,CloserHybridRe,inactive,True,20.03013156200692,272.7220971427638,260.00211338910407,1598.3241139888814
1785251484.2635875,FartherHybridRe,inactive,True,9.396363968218079,181.63681684082354,271.1961394275835,2230.24259266441
1785251484.2635875,SwitchRef2,inactive,True,23.62971070976336,225.6849768066221,414.4604976641222,4178.991794730937
1785251484.2635875,SwitchRef1,inactive,True,41.80892544328921,535.6618078856484,322.14572952325807,6065.502444705722
1785251484.763759,LeftHybridRe,inactive,True,19.566344111103103,187.91168931001928,314.2201382893633,2017.5340740307438
1785251484.763759,RightHybridRe,inactive,True,8.672654890508388,281.96487593336985,298.38317151318137,1960.353630361271
1785251484.763759,DownHybridRe,hovered,True,14.23903383826931,243.16601162386357,352.2659351571232,2015.1192445934576
1785251484.763759,UpHybridRe,inactive,True,16.214790279817635,227.46559341484704,260.620170516692,2017.6140075526782
1785251484.763759,CloseRe,inactive,True,9.053632309982921,285.3108441691331,340.95326684916114,1785.7850869443282
1785251484.763759,OpenRe,inactive,True,19.13527042248644,198.95674459762324,355.9020563860544,1832.0943438598952
1785251484.763759,CloserHybridRe,inactive,True,11.621183143356632,272.7807319153516,258.0450507892707,1782.9376932055166
1785251484.763759,FartherHybridRe,inactive,True,20.524648539033347,183.33451351891352,272.64871368288647,1841.8042635028542
1785251484.763759,SwitchRef2,inactive,True,26.245913212596278,224.67290633459535,413.7836390565541,4174.238412820341
1785251484.763759,SwitchRef1,inactive,True,41.82526166170192,532.9941754366866,328.54021640433655,5937.661730911888
1785251485.263762,LeftHybridRe,inactive,True,20.53079013384584,187.35083473915512,314.02644508097063,2013.8039894463545
1785251485.263762,RightHybridRe,inactive,True,9.960565356961459,281.45424903010286,298.2742876344263,1970.2875536208012
1785251485.263762,DownHybridRe,inactive,True,14.708534441257134,242.18646209504846,352.3921717528284,2037.672644322054
1785251485.263762,UpHybridRe,inactive,True,17.670856321272367,227.31377755254067,260.49150959587877,2001.7080031210899
1785251485.263762,CloseRe,inactive,True,9.438779485231393,284.55730292621627,341.09917005266465,1810.5885713801836
1785251485.263762,OpenRe,inactive,True,19.719706651198003,197.89816265941977,355.9253873276804,1845.878979504072
1785251485.263762,CloserHybridRe,inactive,True,13.27816424594601,272.52423573798484,257.91078754230585,1776.0731242990005
1785251485.263762,FartherHybridRe,inactive,True,21.77549439583109,183.2901656397966,272.48130092385344,1822.3610902697073
1785251485.263762,SwitchRef2,inactive,True,26.497772408910834,224.46920894586128,413.69608617149015,4137.179318566836
1785251485.263762,SwitchRef1,inactive,True,41.813829636960776,532.5494586242942,328.42583122750796,5952.769380221682
1785251485.763653,LeftHybridRe,inactive,True,20.227014175458592,187.4735744671792,314.2442642237927,2012.524883086382
1785251485.763653,RightHybridRe,inactive,True,9.644711803457774,281.4998508342651,298.36494465988466,1963.2781806527491
1785251485.763653,DownHybridRe,inactive,True,14.443847688242855,242.39894440879388,352.43725688014007,2031.3838930208367
1785251485.763653,UpHybridRe,inactive,True,17.351244836590975,227.30916157594174,260.71591771795045,1999.52549399473
1785251485.763653,CloseRe,hovered,True,9.181316316606042,284.69107899458027,341.08355998163387,1802.6554294595771
1785251485.763653,OpenRe,inactive,True,19.44567000283053,198.1351525612668,356.0589170606743,1842.7675545613638
1785251485.763653,CloserHybridRe,inactive,True,12.968621081846619,272.49080929648653,258.08811121680174,1771.521487002381
1785251485.763653,FartherHybridRe,inactive,True,21.45999243833064,183.2977009406298,272.74722476487136,1822.8050579918054
1785251485.763653,SwitchRef2,inactive,True,25.58569100946441,224.51210566188257,413.8188103482212,4159.856420311677
1785251485.763653,SwitchRef1,inactive,True,41.711601881681815,532.6434533045106,328.9757961754972,5969.046733321848
1785251486.2638803,LeftHybridRe,inactive,True,9.968822806785004,186.13613380084354,314.1435628934114,2351.12636513733
1785251486.2638803,RightHybridRe,inactive,True,20.439469911824254,280.16979851328244,298.41493024621695,1682.7159573207246
1785251486.2638803,DownHybridRe,hovered,True,17.71663575443734,243.0934258098825,351.2410639545414,1928.9719874920193
1785251486.2638803,UpHybridRe,inactive,True,14.546505985101794,228.40271015456923,259.6803641104899,2089.070094981984
1785251486.2638803,CloseRe,inactive,True,21.642557598853372,282.5981888653172,338.7284807865298,1496.2574887519731
1785251486.2638803,OpenRe,inactive,True,13.566935859939562,197.8751717855679,357.1221780775056,2031.035324306933
1785251486.2638803,CloserHybridRe,inactive,True,19.695510940313856,272.31942738262745,259.3852974379639,1594.1768056804503
1785251486.2638803,FartherHybridRe,inactive,True,9.087764436868714,181.28776372235177,270.1301661622318,2216.900529434959
1785251486.2638803,SwitchRef2,inactive,True,26.1477778997001,224.34948072226314,413.0663806529139,4203.444781520906
1785251486.2638803,SwitchRef1,inactive,True,41.908746371107796,533.1320134091811,328.4448280518554,5926.397194906916
1785251486.7639077,LeftHybridRe,inactive,True,8.286691355610616,185.546224927904,313.25833411388476,2336.8852259100204
1785251486.7639077,RightHybridRe,inactive,True,18.99091547569507,279.85374537194417,297.96525799595076,1693.6106717587172
1785251486.7639077,DownHybridRe,inactive,True,15.991501189906382,242.65935630057325,350.5961021698038,1941.9042277648987
1785251486.7639077,UpHybridRe,inactive,True,13.438476900591558,227.78289068637548,259.2293282516248,2077.050619385682
1785251486.7639077,CloseRe,inactive,True,20.025358690944408,282.428977965124,338.30639862130505,1513.6093482895085
1785251486.7639077,OpenRe,inactive,True,11.786316024016935,197.28229677088245,356.182641430329,2032.2635022415852
1785251486.7639077,CloserHybridRe,inactive,True,18.513396328507863,271.8365817106314,259.0176041316939,1595.4386144831878
1785251486.7639077,FartherHybridRe,inactive,True,8.010422265179024,180.72367473382855,269.504126540483,2190.5564643731122
1785251486.7639077,SwitchRef2,inactive,True,25.56550812924568,224.15684289909498,413.11731139936376,4187.334703722932
1785251486.7639077,SwitchRef1,inactive,True,41.721808843821634,532.6045133786243,327.90307610525423,5936.194415934624
1785251487.263752,LeftHybridRe,inactive,True,20.88167898370667,188.2532677135548,311.775672569497,1997.779778009648
1785251487.263752,RightHybridRe,inactive,True,10.261530089679033,282.0165834506904,296.2257229646385,1966.7204636313836
1785251487.263752,DownHybridRe,hovered,True,15.144907808076596,242.84180979808545,350.1785167366727,2023.5988524078348
1785251487.263752,UpHybridRe,inactive,True,17.904072128361133,228.01529327309783,258.3601153720364,1996.3714804499286
1785251487.263752,CloseRe,inactive,True,9.889869457155262,285.07797736538055,339.0228091345238,1803.4129963774612
1785251487.263752,OpenRe,inactive,True,20.128343306328098,198.77823486850843,353.576627945635,1827.6834692360935
1785251487.263752,CloserHybridRe,inactive,True,13.434885379676707,273.1286404257009,255.82968031512044,1776.007912349789
1785251487.263752,FartherHybridRe,inactive,True,22.055039989556,184.1706155787964,270.2911959655703,1811.843553405266
1785251487.263752,SwitchRef2,inactive,True,25.64159297786331,224.9068963005197,411.490403190206,4165.592347109625
1785251487.263752,SwitchRef1,inactive,True,41.58334341450074,533.2405212785371,326.64879155992656,5937.935042434467
1785251487.7637062,LeftHybridRe,inactive,True,20.64142884530048,187.0807579992269,311.7561456959237,2006.6953739767523
1785251487.7637062,RightHybridRe,inactive,True,10.12889292690303,281.0997024163105,296.46503292019275,1964.8383606158095
1785251487.7637062,DownHybridRe,inactive,True,14.78019435405028,241.62859126523503,350.3270319567413,2031.910292851353
1785251487.7637062,UpHybridRe,inactive,True,17.834816499907173,227.23186138532478,258.4916919336443,1994.8390663003593
1785251487.7637062,CloseRe,inactive,True,9.51883953793716,283.9906710395965,339.2512267051135,1806.189029005116
1785251487.7637062,OpenRe,inactive,True,19.791392592812617,197.4013741750289,353.6427846211194,1839.8490571417751
1785251487.7637062,CloserHybridRe,inactive,True,13.467751191550423,272.37929735309365,256.11964735921913,1770.592785386656
1785251487.7637062,FartherHybridRe,inactive,True,21.911856651519113,183.23232356909352,270.26130374539974,1815.6200514548145
1785251487.7637062,SwitchRef2,inactive,True,25.131254859112154,224.08429287952657,411.50628973994355,4170.889419806648
1785251487.7637062,SwitchRef1,inactive,True,41.77683831417379,532.2431610882204,326.3722195055501,5939.97369065044
1785251488.2637625,LeftHybridRe,inactive,True,20.30966146166321,187.44980462670839,311.2036854076934,2006.3701473044748
1785251488.2637625,RightHybridRe,inactive,True,9.516418467454633,281.4613164455851,296.3933145606813,1963.5739590137528
1785251488.2637625,DownHybridRe,inactive,True,14.830385801107639,242.0257354074472,349.9243916045755,2016.5598342368758
1785251488.2637625,UpHybridRe,inactive,True,17.072760559468666,227.53997148697138,258.06042293366886,2008.3296304948708
1785251488.2637625,CloseRe,inactive,True,9.609973330481397,284.2902616634327,339.0960210816596,1792.8162658433139
1785251488.2637625,OpenRe,inactive,True,19.757852448543602,197.8895273987236,353.021981520841,1826.9934398575206
1785251488.2637625,CloserHybridRe,inactive,True,12.499034108501483,272.7784910791987,255.92714163424267,1781.1747281209064
1785251488.2637625,FartherHybridRe,inactive,True,21.33286943279245,183.4567151327145,269.634568504708,1827.4199728177482
1785251488.2637625,SwitchRef2,inactive,True,24.729735067770093,224.46441004055023,411.42726433640917,4169.783265434766
1785251488.2637625,SwitchRef1,inactive,True,41.45191892395334,532.4696576592047,326.3460894478013,5935.340116960659
1785251488.7643628,LeftHybridRe,inactive,True,19.96733369632044,188.96778426922077,311.2585800795864,2010.435865405012
1785251488.7643628,RightHybridRe,inactive,True,9.034298822834877,283.01569562049167,296.2490880529348,1966.07023662774
1785251488.7643628,DownHybridRe,inactive,True,14.687201026204612,243.8075159825427,349.83008318088446,2012.194532966445
1785251488.7643628,UpHybridRe,inactive,True,16.51924829859869,228.8229987657542,257.9461663419446,2019.7036594131823
1785251488.7643628,CloseRe,inactive,True,9.503921765727855,286.0138334111728,338.92151347115595,1788.4983595414815
1785251488.7643628,OpenRe,hovered,True,19.57167456757525,199.68286058666314,353.0272476927016,1823.7843792181957
1785251488.7643628,CloserHybridRe,inactive,True,11.852466737294119,274.15262482051764,255.7318701229819,1789.8731384390303
1785251488.7643628,FartherHybridRe,inactive,True,20.87170015514675,184.69399129266114,269.6304677689764,1837.7249231511014
1785251488.7643628,SwitchRef2,inactive,True,24.84582277065004,225.888190613857,411.4545060912608,4182.213733294142
1785251488.7643628,SwitchRef1,inactive,True,42.096226693445885,534.549755126654,326.6143960144831,5899.313303712908
1785251489.264037,LeftHybridRe,inactive,True,3.9324428105641314,212.16110337219854,300.0294182984623,2227.2453136704316
1785251489.264037,RightHybridRe,inactive,True,14.862514302427366,306.38326547805934,286.9149953958906,1741.429725233189
1785251489.264037,DownHybridRe,inactive,True,11.999303809636599,267.9261362806494,338.63380980265646,1937.2313345685325
1785251489.264037,UpHybridRe,inactive,True,9.748075558342657,254.48882875436283,247.28802037559572,2055.0546850874634
1785251489.264037,CloseRe,inactive,True,15.95857148508971,308.33732450961537,327.59867971967157,1557.3041495096186
1785251489.264037,OpenRe,active,True,8.338421185365243,222.96855281548807,342.63662776033476,1950.5134521901164
1785251489.264037,CloserHybridRe,inactive,True,14.720800228966935,298.8231512959117,247.5894448378022,1632.6290175875292
1785251489.264037,FartherHybridRe,inactive,True,4.6588028739052785,208.10933994351015,256.8999228705674,2080.22756485474
1785251489.264037,SwitchRef2,inactive,True,26.97356341725244,247.60110976797986,400.1990655891882,4105.639373367732
1785251489.264037,SwitchRef1,inactive,True,42.744223053331865,559.6758457075441,323.0890200514925,5828.618405917572
1785251489.7636266,LeftHybridRe,inactive,True,6.414463411749153,209.85320837576958,300.2712489578875,2263.2843405652275
1785251489.7636266,RightHybridRe,inactive,True,16.043059156523803,304.72338650962445,286.8274267233028,1754.0931953742183
1785251489.7636266,DownHybridRe,inactive,True,14.453070910030645,265.7182799579356,338.6895869656438,1927.8111018414493
1785251489.7636266,UpHybridRe,inactive,True,9.585160394747328,252.82765905871247,246.87349263585526,2113.01198375849
1785251489.7636266,CloseRe,inactive,True,17.893453570846294,306.19839249861946,327.5224269142974,1546.331330913752
1785251489.7636266,OpenRe,hovered,True,11.30304653857791,220.64789138696864,342.89226847296334,1949.8906100152708
1785251489.7636266,CloserHybridRe,inactive,True,14.960981014125661,297.57731439592806,247.15043792881923,1668.7485806270415
1785251489.7636266,FartherHybridRe,inactive,True,3.9989402258282363,205.8057107511363,256.6762269129997,2147.8137728434886
1785251489.7636266,SwitchRef2,inactive,True,27.273050008091708,245.56328291112533,400.5570060321395,4129.088095277148
1785251489.7636266,SwitchRef1,inactive,True,42.3016718440904,557.8176805200892,322.28527776102345,5891.399909948523
1785251490.2641609,LeftHybridRe,inactive,True,7.833116898148022,206.75008546415626,300.5881655862682,2281.9816767857483
1785251490.2641609,RightHybridRe,inactive,True,17.649498975392536,301.27263813715433,286.37590854073386,1733.8925761734354
1785251490.2641609,DownHybridRe,inactive,True,15.883641448070566,262.8119481142718,338.5126327156145,1916.753172421828
1785251490.2641609,UpHybridRe,inactive,True,11.146455147665426,249.45048279752842,246.73821839836273,2115.735643882341
1785251490.2641609,CloseRe,inactive,True,19.41975492662582,302.9327698356579,326.9427458652081,1525.1220464250218
1785251490.2641609,OpenRe,inactive,True,12.447092896841353,217.84278651022748,343.22333382991405,1957.420341887093
1785251490.2641609,CloserHybridRe,inactive,True,16.507412412687692,293.99540580830757,246.7996140210799,1655.0678689866072
1785251490.2641609,FartherHybridRe,inactive,True,5.6161039619698805,202.4041021631899,256.81942769225594,2172.9814358601507
1785251490.2641609,SwitchRef2,inactive,True,26.21417389742136,243.02553361542616,400.46493582999295,4138.4694475704455
1785251490.2641609,SwitchRef1,inactive,True,42.470510830395185,555.0769646119605,321.239095286441,5861.91469316202
1785251490.7636178,LeftHybridRe,inactive,True,4.910525485070746,209.14344541027108,301.71241125233917,2218.558978335426
1785251490.7636178,RightHybridRe,inactive,True,14.388129317826571,303.517444202541,287.8360105591012,1747.049684289872
1785251490.7636178,DownHybridRe,inactive,True,12.826513234036227,265.0386912146015,339.59812122506185,1914.867724956901
1785251490.7636178,UpHybridRe,inactive,True,8.237568813484614,251.34066628203496,248.5852979154467,2078.0118994551485
1785251490.7636178,CloseRe,inactive,True,16.201001679479678,305.42654994540464,328.33978759986934,1546.087538829066
1785251490.7636178,OpenRe,inactive,True,9.956300005859681,220.1962066690232,343.90795923214375,1922.1054006921731
1785251490.7636178,CloserHybridRe,inactive,True,13.512880110885025,295.9528021709055,248.4833080820643,1654.4208703686709
1785251490.7636178,FartherHybridRe,inactive,True,2.727164622017597,204.79069140213326,258.65131068142364,2095.7095836942535
1785251490.7636178,SwitchRef2,inactive,True,26.943974131604527,245.25521596911554,400.8674643509517,4063.4907905588334
1785251490.7636178,SwitchRef1,inactive,True,42.6590721568742,555.829536779358,323.15934041269884,5788.026053566835
1785251491.263581,LeftHybridRe,inactive,True,7.957612085638062,210.5110116897955,288.3760978198455,2236.0373939230885
1785251491.263581,RightHybridRe,inactive,True,17.070037078198627,304.7095632775151,275.2930827939261,1727.6195422508827
1785251491.263581,DownHybridRe,inactive,True,15.871549796104905,265.79782783710965,326.5380436068282,1877.9451037518302
1785251491.263581,UpHybridRe,inactive,True,10.243623468694757,253.34864678983715,235.23431331580792,2112.129245196844
1785251491.263581,CloseRe,inactive,True,19.1321513732515,305.845888979905,315.61057136719353,1506.4255688074045
1785251491.263581,OpenRe,inactive,True,12.813492014272665,221.2297701078058,330.60180283187253,1901.558127803808
1785251491.263581,CloserHybridRe,inactive,True,15.63122574477176,297.9132521748348,235.7002013799143,1662.483972893635
1785251491.263581,FartherHybridRe,inactive,True,4.884304148477563,206.42544766960665,244.87090549244476,2150.5330193348454
1785251491.263581,SwitchRef2,inactive,True,25.607996721442667,246.03881114316908,388.2620426443044,4117.039188849143
1785251491.263581,SwitchRef1,inactive,True,42.931290883100274,556.640289418983,311.2382955469973,5738.72171157891
1785251491.7635643,LeftHybridRe,inactive,True,15.011803530262037,237.8280087324884,333.2460660621614,1835.2011730465529
1785251491.7635643,RightHybridRe,inactive,True,5.530552089660701,328.8228073054911,328.25626663507427,1785.7065268331717
1785251491.7635643,DownHybridRe,inactive,True,13.34832571767433,286.3461443761303,375.0306690992318,1810.7365578625468
1785251491.7635643,UpHybridRe,inactive,True,8.917059839731369,280.87767040302657,286.36598026017646,1870.2988744334943
1785251491.7635643,CloseRe,inactive,True,10.321668055301934,327.40891164407935,368.77998332188923,1600.7184594662467
1785251491.7635643,OpenRe,inactive,True,16.775347667472424,244.1183883143534,373.7872932642284,1644.953103930493
1785251491.7635643,CloserHybridRe,inactive,True,3.4939838081552406,324.3668213176088,288.79654725006236,1650.1486940718605
1785251491.7635643,FartherHybridRe,inactive,True,14.102321702727886,237.62038142862045,293.1194656784608,1694.2700666477394
1785251491.7635643,SwitchRef2,inactive,True,29.512874153684574,262.1972603999226,432.2745548906392,3726.283297120797
1785251491.7635643,SwitchRef1,inactive,True,41.1322317507649,559.7180618713111,358.82231381436964,5479.895221007522
1785251492.263618,LeftHybridRe,inactive,True,14.84691654490935,395.68682374268957,374.11822518722425,1597.1089947405853
1785251492.263618,RightHybridRe,inactive,True,21.330326396340716,476.5012734555935,396.61996150920635,1487.9350007556786
1785251492.263618,DownHybridRe,inactive,True,21.748174422278453,424.0191369748878,424.4068690881187,1510.4360730883054
1785251492.263618,UpHybridRe,inactive,True,14.146493224353577,449.2171339200792,346.0079991638129,1632.4893974244478
1785251492.263618,CloseRe,inactive,True,24.06651673734417,461.41798202536825,430.8414562408134,1311.8204130942904
1785251492.263618,OpenRe,inactive,True,19.397045269522135,387.6472760539346,411.01306153540685,1397.067982522538
1785251492.263618,CloserHybridRe,inactive,True,18.69576451152293,486.0871623949132,361.09465411599086,1404.6428208350408
1785251492.263618,FartherHybridRe,inactive,True,10.808083931667788,408.8456879293524,338.8079353895857,1506.5499287723433
1785251492.263618,SwitchRef2,inactive,True,31.19292448722971,379.62619584617,467.0121852225371,3272.0399233980424
1785251492.263618,SwitchRef1,inactive,True,44.933745495251294,670.0333290322278,514.349350541112,5295.764596365712
1785251492.7635124,LeftHybridRe,inactive,True,22.733182511872805,445.73475408470387,347.36303826165135,2015.0122669807242
1785251492.7635124,RightHybridRe,inactive,True,32.61629181368771,526.4496868227478,382.38119255679896,1663.629793545173
1785251492.7635124,DownHybridRe,inactive,True,30.28538226113603,465.44057296849996,405.985274425856,1763.7959479330457
1785251492.7635124,UpHybridRe,inactive,True,26.272745265079678,509.6298958036991,323.73092320218143,1959.9387786927982
1785251492.7635124,CloseRe,inactive,True,33.96953046339076,503.16625541347827,416.96067797836224,1453.9063242328557
1785251492.7635124,OpenRe,inactive,True,26.04653502180963,428.971512932918,387.18914926627235,1727.4205531385232
1785251492.7635124,CloserHybridRe,inactive,True,31.312932412731513,544.4206937626982,345.46344897277555,1592.1265609985276
1785251492.7635124,FartherHybridRe,inactive,True,21.03517627547633,467.8525858081794,309.6180229690549,1920.2203014882398
1785251492.7635124,SwitchRef2,inactive,True,34.89513311037135,407.77405219332576,445.92818141144824,3923.3468986108637
1785251492.7635124,SwitchRef1,inactive,True,54.701168510765,711.3726136200369,536.6194363054489,5137.123471103085
1785251493.263431,LeftHybridRe,inactive,True,26.509760348901224,344.3797660500183,411.0425432304982,2369.7475588329544
1785251493.263431,RightHybridRe,inactive,True,35.6942320833377,432.86028381481464,441.1596632967654,1793.094754699734
1785251493.263431,DownHybridRe,inactive,True,34.42005056480857,368.57712120342404,471.05783795343723,2018.3538440142438
1785251493.263431,UpHybridRe,inactive,True,28.518157075453665,412.8922567421493,381.9434915422884,2176.220879333865
1785251493.263431,CloseRe,inactive,True,37.68006947709475,409.7003188625945,478.80274783104903,1598.0566447742167
1785251493.263431,OpenRe,inactive,True,30.63679940447133,327.5145008964699,454.54254720249463,2057.88152360353
1785251493.263431,CloserHybridRe,inactive,True,33.66458143072652,450.29880981091213,401.9351810702893,1694.597102408734
1785251493.263431,FartherHybridRe,inactive,True,23.53728333696783,367.2698067371903,369.69649334065946,2228.100891641516
1785251493.263431,SwitchRef2,inactive,True,41.99097268830077,309.0829841039923,515.3113881358045,4175.1824580239845
1785251493.263431,SwitchRef1,inactive,True,51.575332185755364,669.6747666745953,560.4429218641228,5184.90971587674
1785251493.7640243,LeftHybridRe,inactive,True,19.277101926335785,190.58816538424105,438.68288437893744,2637.8332849046346
1785251493.7640243,RightHybridRe,inactive,True,24.373739372809442,289.2994840483775,466.98295584177697,2043.9022065321187
1785251493.7640243,DownHybridRe,inactive,True,26.10836319285006,221.676623472665,500.5553067456186,2414.68114075005
1785251493.7640243,UpHybridRe,inactive,True,16.472249087555486,261.5532351704145,407.1856774094998,2331.2963116015235
1785251493.7640243,CloseRe,inactive,True,27.898820789220398,267.956360530736,507.27617592438025,1907.6121653986556
1785251493.7640243,OpenRe,inactive,True,24.316671653279915,174.89874138909576,484.8212165845544,2482.333335222109
1785251493.7640243,CloserHybridRe,inactive,True,20.75916212225761,303.88522397447423,426.32741916934197,1865.8825923266268
1785251493.7640243,FartherHybridRe,inactive,True,14.293699031816,212.03578377869508,396.24067691214475,2346.1782922744496
1785251493.7640243,SwitchRef2,inactive,True,46.367349376153754,167.6618330199149,544.6946634735984,4391.301749119593
1785251493.7640243,SwitchRef1,inactive,True,51.575332185755364,669.6747666745953,560.4429218641228,5184.90971587674
1785251494.2635174,LeftHybridRe,inactive,True,18.12506260281049,212.90010912411344,367.828378363115,2819.626129491484
1785251494.2635174,RightHybridRe,inactive,True,27.627089964622062,311.10662046385784,396.9023749836996,1988.6748950373512
1785251494.2635174,DownHybridRe,inactive,True,26.578875875462426,244.467586402139,431.0463583611369,2384.899261590639
1785251494.2635174,UpHybridRe,inactive,True,19.864513400112653,284.9896394583402,335.600145629525,2416.380399056856
1785251494.2635174,CloseRe,inactive,True,29.94594703349462,289.77731583457296,437.3095496327513,1818.2106897113772
1785251494.2635174,OpenRe,inactive,True,22.911961319759996,197.44036254114636,415.3192883138652,2545.6689479145098
1785251494.2635174,CloserHybridRe,inactive,True,25.45682594524495,326.1827706925585,355.72133894319546,1839.7122787948101
1785251494.2635174,FartherHybridRe,inactive,True,14.640637987446786,234.9599615629597,323.4689371433428,2556.153092341603
1785251494.2635174,SwitchRef2,inactive,True,37.682087818745856,188.9112397931568,478.3797830309351,4684.75324558729
1785251494.2635174,SwitchRef1,inactive,True,36.862344839141784,542.3331686883996,544.0294785323202,5596.3513935096125
1785251494.7641435,LeftHybridRe,inactive,True,8.585285037954556,161.79387894565727,352.9955043118746,2690.215129158805
1785251494.7641435,RightHybridRe,inactive,True,19.208813671963465,253.28641963852937,394.86197876051585,1951.531862688913
1785251494.7641435,DownHybridRe,inactive,True,16.705773885784396,184.15844811066228,420.2465993957195,2488.063844493583
1785251494.7641435,UpHybridRe,inactive,True,13.045952443476196,234.30181770355063,331.8819872598365,2176.7864315206425
1785251494.7641435,CloseRe,inactive,True,20.60989960299042,228.3171778151887,432.9329980150711,1902.30057274898
1785251494.7641435,OpenRe,inactive,True,12.711444079542018,139.66735351756364,397.89673803908136,2645.622581500844
1785251494.7641435,CloserHybridRe,inactive,True,18.386193059168697,271.4506993751495,356.5862271712747,1703.490515913647
1785251494.7641435,FartherHybridRe,inactive,True,7.397565290956971,188.5545477233417,313.86128213087056,2271.1725987180616
1785251494.7641435,SwitchRef2,inactive,True,38.519891968866006,126.65155304498279,458.69075168591917,4463.77379763309
1785251494.7641435,SwitchRef1,inactive,True,36.32595193929189,461.96436895511437,566.8581641321523,5559.928438700794
1785251495.2639987,LeftHybridRe,inactive,True,14.063018443351677,253.21912513032152,374.30106247595677,1597.5594317609866
1785251495.2639987,RightHybridRe,inactive,True,20.573490620102223,330.8870693954591,397.76540851290395,1327.6606949155248
1785251495.2639987,DownHybridRe,inactive,True,20.692914688583908,278.9038004554537,424.0805241648227,1469.9063845760975
1785251495.2639987,UpHybridRe,inactive,True,13.859021970540237,307.47818922255493,348.90990816945776,1494.5100539161213
1785251495.2639987,CloseRe,inactive,True,23.040669560990615,315.0513682949369,430.30273545159855,1207.8299013365904
1785251495.2639987,OpenRe,inactive,True,18.28057720113127,242.93016765723493,410.7294741447175,1439.8778072993737
1785251495.2639987,CloserHybridRe,inactive,True,18.218774398615118,341.5431165779847,364.51454368917155,1224.983299516265
1785251495.2639987,FartherHybridRe,inactive,True,10.468475785920226,268.4963149771929,340.24731382618774,1459.9798491362817
1785251495.2639987,SwitchRef2,inactive,True,34.19650371731882,235.08242479493794,464.5111368512487,3016.157991859778
1785251495.2639987,SwitchRef1,inactive,True,29.240603887008547,514.7095051932333,545.057671908666,4224.786024478235
1785251495.7636578,LeftHybridRe,inactive,True,12.859530954759867,279.91051406735477,322.3183501955443,1305.3818225354844
1785251495.7636578,RightHybridRe,inactive,True,20.389718698177113,352.643889724064,314.95323490425113,1078.1194874311986
1785251495.7636578,DownHybridRe,inactive,True,19.273700865195767,319.6749729079001,354.4632277099678,1162.3591669405432
1785251495.7636578,UpHybridRe,inactive,True,14.600344211369885,315.1814008986662,282.0340421988253,1250.900606616502
1785251495.7636578,CloseRe,inactive,True,22.071848298188605,351.44629813147384,347.2674954257683,956.2541690964572
1785251495.7636578,OpenRe,inactive,True,16.286672379565978,285.3877281921945,355.87913420260946,1140.0140597500504
1785251495.7636578,CloserHybridRe,inactive,True,18.866839307700417,349.32713486464223,283.37464677265444,1018.5283442010186
1785251495.7636578,FartherHybridRe,inactive,True,10.608014892006127,279.44858613532347,288.4326060992065,1226.7456191156452
1785251495.7636578,SwitchRef2,inactive,True,24.030847774789436,298.9378995808345,404.47623240526156,2569.495666693336
1785251495.7636578,SwitchRef1,inactive,True,29.240603887008547,514.7095051932333,545.057671908666,4224.786024478235
1785251496.2634885,LeftHybridRe,inactive,True,16.048660307363228,464.4582654958177,336.75819525516926,1164.060130895843
1785251496.2634885,RightHybridRe,inactive,True,23.359070619985815,534.6676499847865,328.33315444167346,1079.8472204805294
1785251496.2634885,DownHybridRe,inactive,True,22.213650480447207,502.536034060111,367.6848564869903,1104.7572256812418
1785251496.2634885,UpHybridRe,inactive,True,17.746193851868266,497.3178104851845,296.90555154423373,1178.4603751519753
1785251496.2634885,CloseRe,inactive,True,24.955744154913262,533.7979824774807,360.6109314273093,958.0992761986854
1785251496.2634885,OpenRe,inactive,True,19.194001074152364,469.826468328661,368.9202202465078,1025.0069472468022
1785251496.2634885,CloserHybridRe,inactive,True,21.815476563117308,530.8192865961314,296.93458090035256,1014.3247520683799
1785251496.2634885,FartherHybridRe,inactive,True,13.947677965592723,463.55359508922066,304.3276399255317,1091.7304475555939
1785251496.2634885,SwitchRef2,inactive,True,27.132083352769605,482.5079624669234,417.389066217423,2464.0795229192445
1785251496.2634885,SwitchRef1,inactive,True,29.240603887008547,514.7095051932333,545.057671908666,4224.786024478235
1785251496.763832,LeftHybridRe,inactive,True,17.113428210377812,327.4169400420768,339.85541801374353,1144.5662923966956
1785251496.763832,RightHybridRe,inactive,True,10.457781454825856,399.48064154423025,328.18118029857266,1206.8171840000578
1785251496.763832,DownHybridRe,inactive,True,10.937209389232992,367.9559674109416,370.51378810249327,1255.7811926291106
1785251496.763832,UpHybridRe,inactive,True,16.780797362418777,358.55394976374123,299.0310089348033,1141.8394734261747
1785251496.763832,CloseRe,inactive,True,7.3747603816014715,401.306311501832,362.13351702465184,1148.2901161030459
1785251496.763832,OpenRe,inactive,True,15.094511281309302,334.0130723492129,372.52835843099865,1092.3653353974078
1785251496.763832,CloserHybridRe,inactive,True,14.254507049461752,392.991954407837,296.8371386396316,1050.5483064034634
1785251496.763832,FartherHybridRe,inactive,True,19.269011493111744,325.59607696851106,308.23360030707215,999.6070685455998
1785251496.763832,SwitchRef2,inactive,True,24.555434984448453,351.19401044052387,420.8007034006416,2558.9180305154587
1785251497.263687,LeftHybridRe,inactive,True,12.379141811248743,304.9402316019636,318.8973031596729,1324.5848467386895
1785251497.263687,RightHybridRe,inactive,True,19.61886193071061,378.0477346292997,305.79915101896614,1125.93516697015
1785251497.263687,DownHybridRe,inactive,True,18.917563478199405,347.61322860404266,348.22582740675034,1188.0179277805582
1785251497.263687,UpHybridRe,inactive,True,13.50064687724463,337.2517764547409,275.3803880792117,1299.068721598269
1785251497.263687,CloseRe,inactive,True,21.57098334154303,379.31484902153426,338.6318796048928,990.2719373976506
1785251497.263687,OpenRe,inactive,True,16.147100807044968,313.19005361716773,352.13996079874687,1148.923473144212
1785251497.263687,CloserHybridRe,inactive,True,17.846637804656105,372.17651265936934,273.9244948437139,1070.760676967402
1785251497.263687,FartherHybridRe,inactive,True,9.623473990359424,301.6497677776863,284.7970716966459,1254.7854592794683
1785251497.263687,SwitchRef2,inactive,True,24.074583871554953,332.24518723255943,401.0427116692331,2678.1252940207924
1785251497.263687,SwitchRef1,inactive,True,30.899786478601083,641.2787302933766,317.81037021286784,5092.9952418769535
1785251497.7641425,LeftHybridRe,inactive,True,12.322023416831408,275.68878535910994,327.7250844763712,1392.6372681840076
1785251497.7641425,RightHybridRe,inactive,True,20.041779237471722,349.07972905382815,310.01964750625234,1144.942687644325
1785251497.7641425,DownHybridRe,inactive,True,18.93236653166252,321.0646699401298,354.8613472460101,1230.1887600529008
1785251497.7641425,UpHybridRe,inactive,True,14.08762427719893,305.9788498615592,281.61642970920855,1338.8005512591262
1785251497.7641425,CloseRe,inactive,True,21.785580602979024,352.4677003445472,343.08562995696184,1010.5343995164367
1785251497.7641425,OpenRe,inactive,True,15.916210416162956,286.22313096961665,361.137903556617,1209.0603516161427
1785251497.7641425,CloserHybridRe,inactive,True,18.493950693266104,341.1719604109146,278.239367901171,1086.920995437249
1785251497.7641425,FartherHybridRe,inactive,True,9.956889406067774,270.23102509055616,293.1620138667745,1315.8666355978567
1785251497.7641425,SwitchRef2,inactive,True,21.328975223760143,316.58647828061225,399.41718059381867,2753.1009028488843
1785251497.7641425,SwitchRef1,inactive,True,26.50060377867791,631.7893376295532,312.1341480033451,5786.1716778022965
1785251498.263632,LeftHybridRe,inactive,True,26.89709583802309,269.3067501500917,330.4883271328795,1154.0544518676397
1785251498.263632,RightHybridRe,inactive,True,19.241070124905978,340.19961075446963,312.18605758666877,1273.1093431333575
1785251498.263632,DownHybridRe,inactive,True,21.189745885672473,311.13392665293327,358.692711791543,1296.4266306759746
1785251498.263632,UpHybridRe,inactive,True,25.529245299054217,297.6279719348311,285.71501571069626,1173.9029019016234
1785251498.263632,CloseRe,inactive,True,17.325831063628556,344.0440048698084,347.3277146498802,1212.3838404979033
1785251498.263632,OpenRe,inactive,True,25.23444265675963,277.7330060677996,363.46287174908645,1104.5454799063737
1785251498.263632,CloserHybridRe,inactive,True,22.158503053258638,331.895961832947,280.2119888744149,1104.1166081625051
1785251498.263632,FartherHybridRe,inactive,True,28.48805912267004,265.6927855493423,298.21980666559364,1007.7656130580726
1785251498.263632,SwitchRef2,inactive,True,21.328975223760143,316.58647828061225,399.41718059381867,2753.1009028488843
1785251498.263632,SwitchRef1,inactive,True,28.921117931419076,635.3938079896684,327.6115666411497,5786.603986946488
1785251498.7641757,LeftHybridRe,inactive,True,19.42653732806953,367.6607619661111,302.19898577003244,1583.5658514549723
1785251498.7641757,RightHybridRe,inactive,True,28.790871551220043,441.0070658646715,326.2605141721219,1262.197716341565
1785251498.7641757,DownHybridRe,inactive,True,26.147586112907792,390.91079053403723,352.65122866129326,1389.5230556309543
1785251498.7641757,UpHybridRe,inactive,True,23.277567999402656,420.6204543937351,276.20865268859734,1484.4265806761832
1785251498.7641757,CloseRe,inactive,True,29.772731028090007,424.7287963099413,358.871125762107,1124.277974672048
1785251498.7641757,OpenRe,inactive,True,22.045958649691496,357.0294510068842,339.26304591836947,1383.8162135334424
1785251498.7641757,CloserHybridRe,inactive,True,27.88164570654531,452.49870481324234,292.4930686508946,1187.9862932698888
1785251498.7641757,FartherHybridRe,inactive,True,18.445026835399457,383.1944496663486,267.0312448021189,1480.4912455047015
1785251498.7641757,SwitchRef2,inactive,True,28.18781026053853,345.66337598928754,394.9630874210925,3153.0329068556675
1785251498.7641757,SwitchRef1,inactive,True,28.921117931419076,635.3938079896684,327.6115666411497,5786.603986946488
1785251499.2637157,LeftHybridRe,inactive,True,19.42653732806953,367.6607619661111,302.19898577003244,1583.5658514549723
1785251499.2637157,RightHybridRe,inactive,True,28.790871551220043,441.0070658646715,326.2605141721219,1262.197716341565
1785251499.2637157,DownHybridRe,inactive,True,26.147586112907792,390.91079053403723,352.65122866129326,1389.5230556309543
1785251499.2637157,UpHybridRe,inactive,True,23.277567999402656,420.6204543937351,276.20865268859734,1484.4265806761832
1785251499.2637157,CloseRe,inactive,True,29.772731028090007,424.7287963099413,358.871125762107,1124.277974672048
1785251499.2637157,OpenRe,inactive,True,22.045958649691496,357.0294510068842,339.26304591836947,1383.8162135334424
1785251499.2637157,CloserHybridRe,inactive,True,27.88164570654531,452.49870481324234,292.4930686508946,1187.9862932698888
1785251499.2637157,FartherHybridRe,inactive,True,18.445026835399457,383.1944496663486,267.0312448021189,1480.4912455047015
1785251499.2637157,SwitchRef2,inactive,True,31.514882991185264,365.49404509357885,393.4468074242189,3367.2791599467964
1785251499.2637157,SwitchRef1,inactive,True,55.353557158125376,727.7155285948039,500.6770197288797,3416.69708913847
1785251499.7637637,LeftHybridRe,inactive,True,19.42653732806953,367.6607619661111,302.19898577003244,1583.5658514549723
1785251499.7637637,RightHybridRe,inactive,True,28.790871551220043,441.0070658646715,326.2605141721219,1262.197716341565
1785251499.7637637,DownHybridRe,inactive,True,26.147586112907792,390.91079053403723,352.65122866129326,1389.5230556309543
1785251499.7637637,UpHybridRe,inactive,True,23.277567999402656,420.6204543937351,276.20865268859734,1484.4265806761832
1785251499.7637637,CloseRe,inactive,True,29.772731028090007,424.7287963099413,358.871125762107,1124.277974672048
1785251499.7637637,OpenRe,inactive,True,22.045958649691496,357.0294510068842,339.26304591836947,1383.8162135334424
1785251499.7637637,CloserHybridRe,inactive,True,27.88164570654531,452.49870481324234,292.4930686508946,1187.9862932698888
1785251499.7637637,FartherHybridRe,inactive,True,18.445026835399457,383.1944496663486,267.0312448021189,1480.4912455047015
1785251499.7637637,SwitchRef2,inactive,True,31.514882991185264,365.49404509357885,393.4468074242189,3367.2791599467964
1785251499.7637637,SwitchRef1,inactive,True,55.353557158125376,727.7155285948039,500.6770197288797,3416.69708913847
1785251500.2638,LeftHybridRe,inactive,True,22.33697836896306,305.7968289000732,309.7583962782747,1745.1362959431863
1785251500.2638,RightHybridRe,inactive,True,31.368164141385336,385.32666875739153,316.75962064128566,1295.6339067028603
1785251500.2638,DownHybridRe,inactive,True,29.314994909413212,340.19938561732755,354.54138406163577,1452.8688214451395
1785251500.2638,UpHybridRe,inactive,True,25.37538097236335,354.99014049119444,271.39990083064976,1600.793604799037
1785251500.2638,CloseRe,inactive,True,32.7109650805597,375.4181630088518,352.514677105096,1141.306861910416
1785251500.2638,OpenRe,inactive,True,25.428072601336414,302.7343931153421,349.49685774881056,1497.8193656778021
1785251500.2638,CloserHybridRe,inactive,True,30.04035008567679,390.3897981830119,280.6918738057592,1237.1804403549613
1785251500.2638,FartherHybridRe,inactive,True,20.635232889921067,314.523181913467,270.40542725970045,1654.6820163680604
1785251500.2638,SwitchRef2,inactive,True,30.207528662937904,309.1556063189185,403.8621057243685,3338.6910349113896
1785251500.2638,SwitchRef1,inactive,True,39.62552281255474,677.115135978969,420.6468103853919,4655.12277717363
1785251500.7639956,LeftHybridRe,inactive,True,12.095864994996159,212.65602394878712,384.4117032284178,1599.1156179077952
1785251500.7639956,RightHybridRe,inactive,True,21.208379333806995,290.36129343167585,370.83505826350057,1196.1606371487142
1785251500.7639956,DownHybridRe,inactive,True,18.11759302662603,258.8093584457807,416.2305104238916,1411.6776113213346
1785251500.7639956,UpHybridRe,inactive,True,16.623366858778716,248.08020014889178,338.86990668148326,1388.367116327383
1785251500.7639956,CloseRe,inactive,True,21.77159529991994,292.28273658112346,405.4461917562907,1107.829958030161
1785251500.7639956,OpenRe,inactive,True,14.126754910882983,220.99493086417644,421.1290281192907,1458.4106945775566
1785251500.7639956,CloserHybridRe,inactive,True,20.86535905366927,283.96249794096593,338.1386021722781,1089.045309525849
1785251500.7639956,FartherHybridRe,inactive,True,12.094601334241249,210.04415304399723,347.8795554538536,1434.50338318196
1785251500.7639956,SwitchRef2,inactive,True,22.630076451941036,242.40358647627875,470.9444444302195,2965.677718748244
1785251500.7639956,SwitchRef1,inactive,True,14.847363450826736,583.2295928976018,391.14661986596707,5487.552811989226
1785251501.2636242,LeftHybridRe,inactive,True,12.200509669195853,203.58189894006142,390.9795135738266,1557.8408103114052
1785251501.2636242,RightHybridRe,inactive,True,20.820120149643063,280.4204997035212,376.0154794693762,1164.2130462760397
1785251501.2636242,DownHybridRe,inactive,True,18.370738713980685,249.45836269600508,421.19799155704067,1364.192442915053
1785251501.2636242,UpHybridRe,inactive,True,15.870169326207783,238.36271143146118,345.3848142192221,1360.9202901834287
1785251501.2636242,CloseRe,inactive,True,21.73210829610637,282.46059893963474,409.9447549228269,1071.3311221904878
1785251501.2636242,OpenRe,inactive,True,14.71314677056848,212.1224870925073,426.79977578164716,1411.4335855827667
1785251501.2636242,CloserHybridRe,inactive,True,20.110130334296137,273.9436270259133,343.92548244963393,1067.0090906916957
1785251501.2636242,FartherHybridRe,inactive,True,11.466549756300623,200.68126424246307,355.0660979894166,1407.126904044886
1785251501.2636242,SwitchRef2,inactive,True,24.022786192643732,324.16010561356285,374.06469260849644,2573.646184133693
1785251501.2636242,SwitchRef1,inactive,True,31.756248340780157,644.6191063556096,293.9536580996678,6192.195828999378
1785251501.7637362,LeftHybridRe,inactive,True,8.410501745855292,358.71082536742875,232.24789914956128,1309.1190722588508
1785251501.7637362,RightHybridRe,inactive,True,15.547220791272363,433.0179882016438,221.9429310102967,1206.7980480854967
1785251501.7637362,DownHybridRe,inactive,True,14.95859844004735,400.6890865478851,263.61086605506,1200.5593160311182
1785251501.7637362,UpHybridRe,inactive,True,9.448077553609444,391.85320552706963,189.12497901711362,1366.7985384144995
1785251501.7637362,CloseRe,inactive,True,17.550980227186265,433.2376018492483,255.6382585433517,1038.6760690867814
1785251501.7637362,OpenRe,inactive,True,12.486557796770297,366.3304560826369,265.72427769293563,1118.2722549216342
1785251501.7637362,CloserHybridRe,inactive,True,13.939699630241266,427.8858999141337,188.6609611048765,1168.9558900902484
1785251501.7637362,FartherHybridRe,inactive,True,5.379582535553358,355.8604987899476,197.77482710285636,1266.0083132825785
1785251501.7637362,SwitchRef2,inactive,True,22.19683290343993,382.54331840144573,316.46684931402865,2737.27347991398
1785251501.7637362,SwitchRef1,inactive,True,45.22563959917282,713.4632981424105,257.20692516315944,5742.761103348239
1785251502.263768,LeftHybridRe,inactive,True,6.386961913660841,337.0936454152119,208.6296887900104,1345.9021594901096
1785251502.263768,RightHybridRe,inactive,True,13.319492071512105,412.56503487219595,200.4088945869621,1240.859424722701
1785251502.263768,DownHybridRe,inactive,True,12.819266139569432,379.1120827665313,241.61984478688564,1229.006129976966
1785251502.263768,UpHybridRe,inactive,True,7.338391149076952,371.39142237445265,165.82301795652077,1412.8607549501503
1785251502.263768,CloseRe,inactive,True,15.333441008618985,412.1856646914417,234.53322126817807,1063.888841494445
1785251502.263768,OpenRe,inactive,True,10.633612914690177,344.32108682114074,242.75838123739243,1144.7497434327524
1785251502.263768,CloserHybridRe,inactive,True,11.88007510295349,407.9791376014855,166.46707171513134,1207.6309632251396
1785251502.263768,FartherHybridRe,inactive,True,3.0981574854856317,334.7167027363548,173.53193495397852,1308.8978564297831
1785251502.263768,SwitchRef2,inactive,True,20.110822120330425,359.5067994525397,294.26842198309186,2820.6931765359914
1785251502.263768,SwitchRef1,inactive,True,42.73998039099975,695.4424936268454,243.57899499077843,5724.360387134475
1785251502.7636898,LeftHybridRe,inactive,True,9.378196162292658,335.14421478311164,218.52346709958428,1368.0977582695741
1785251502.7636898,RightHybridRe,inactive,True,16.971881794124183,410.3801243918225,209.38215370968425,1220.986103650357
1785251502.7636898,DownHybridRe,inactive,True,16.051107863083203,377.2994602717358,251.0529598952226,1224.8573684361181
1785251502.7636898,UpHybridRe,inactive,True,10.952825106733949,369.4556571589275,175.1307571112595,1416.7760424089029
1785251502.7636898,CloseRe,inactive,True,18.82461166917962,410.0591401916759,243.4189541765752,1045.3252747413499
1785251502.7636898,OpenRe,inactive,True,13.282509200659502,342.50158458698587,252.79116240997246,1158.2572298787782
1785251502.7636898,CloserHybridRe,inactive,True,15.45996765191937,405.80000613207307,175.53671743167774,1191.6863850715454
1785251502.7636898,FartherHybridRe,inactive,True,6.73526283176069,332.6668047357514,183.14134752146964,1333.682177280425
1785251502.7636898,SwitchRef2,inactive,True,22.78548362494801,357.3004272236381,304.2745600331844,2848.33110607088
1785251502.7636898,SwitchRef1,inactive,True,42.40696535015765,693.1692876454829,250.5391428274793,5798.6244516443985
1785251503.2637618,LeftHybridRe,inactive,True,22.517501175313143,248.42751179378487,309.5091725367277,1486.584128424638
1785251503.2637618,RightHybridRe,inactive,True,29.996340322199053,322.2552468602921,294.28774443677844,1108.1073251179841
1785251503.2637618,DownHybridRe,inactive,True,28.87166517239305,291.3375457920322,338.69943522323064,1210.8587074458992
1785251503.2637618,UpHybridRe,inactive,True,24.150384390937006,282.80676368190694,262.9163417858567,1399.3408948420984
1785251503.2637618,CloseRe,inactive,True,31.651245864603226,322.48896559073194,327.6676777674843,956.4327123202311
1785251503.2637618,OpenRe,inactive,True,25.701948804876757,256.4024252760109,344.34224537938144,1247.5819714144309
1785251503.2637618,CloserHybridRe,inactive,True,28.28979239848092,317.59005305715476,261.5081919402144,1081.4695709116131
1785251503.2637618,FartherHybridRe,inactive,True,20.273500899661023,245.63727106390812,272.98949236309295,1445.8458278544604
1785251503.2637618,SwitchRef2,inactive,True,22.0349014025106,267.3700904752436,427.1613498508604,2939.3918315356714
1785251503.2637618,SwitchRef1,inactive,True,20.662350433353645,602.8987751362527,357.1059512888161,6484.148905854294
1785251503.7642171,LeftHybridRe,inactive,True,32.80202604766052,136.6642976927413,416.25155595279654,1611.0152833026223
1785251503.7642171,RightHybridRe,inactive,True,24.483050212299972,220.40457053291593,407.4562655182651,1616.7423330340534
1785251503.7642171,DownHybridRe,inactive,True,30.315264050819238,183.38686213894476,454.1603549175711,1638.6119461140988
1785251503.7642171,UpHybridRe,inactive,True,27.912370442767784,173.87310945290432,369.7211587796787,1623.5599575845154
1785251503.7642171,CloseRe,inactive,True,26.594588281725464,221.48904350282587,446.6667512667957,1472.5095896842395
1785251503.7642171,OpenRe,inactive,True,33.62363258766667,144.0145609469601,454.70038133820697,1487.1755020771561
1785251503.7642171,CloserHybridRe,inactive,True,23.659208872605344,213.96887116856809,369.763417355498,1474.8536898529856
1785251503.7642171,FartherHybridRe,inactive,True,31.96785988926787,134.8055326339425,378.3499719007451,1457.7136516272658
1785251503.7642171,SwitchRef2,inactive,True,34.99654041280664,167.31489466363703,510.01427257897006,3345.7363107704005
1785251503.7642171,SwitchRef1,inactive,True,24.00382013657448,538.4417677799767,461.6831876134196,7520.547289981696
1785251504.2637975,LeftHybridRe,inactive,True,32.78946706137563,135.82968225140536,419.0876347191796,1831.7423140245446
1785251504.2637975,RightHybridRe,inactive,True,24.098593924650256,225.17621540015713,406.96790867643006,1822.2229647123895
1785251504.2637975,DownHybridRe,inactive,True,30.463007660443008,187.8011185682426,457.2353533152077,1828.5219257320132
1785251504.2637975,UpHybridRe,inactive,True,27.408543566176636,173.52317400273841,368.61498161496496,1858.916014745093
1785251504.2637975,CloseRe,inactive,True,26.64429434779211,228.06619549116388,448.0666841610216,1639.2368724753396
1785251504.2637975,OpenRe,inactive,True,33.84461738534058,145.73447895021587,459.2023732816816,1669.4003171615586
1785251504.2637975,CloserHybridRe,inactive,True,22.9110665749269,216.61461594703744,367.34734602822215,1681.6492799130065
1785251504.2637975,FartherHybridRe,inactive,True,31.74240759060013,131.83254695632462,379.06245007957114,1676.9514559282616
1785251504.2637975,SwitchRef2,inactive,True,38.77518654349852,173.01634181288108,514.7624327354032,3707.0827301313147
1785251504.2637975,SwitchRef1,inactive,True,20.32383681905694,567.4684669488167,458.63569180536075,9491.096556329052
1785251504.763586,LeftHybridRe,inactive,True,30.9625525351745,143.81924000711354,398.9189242142983,1953.5070009635238
1785251504.763586,RightHybridRe,inactive,True,21.550207212367177,236.33920291032703,386.27891378544314,1957.4210703064382
1785251504.763586,DownHybridRe,inactive,True,28.318491738698594,197.66921347566839,438.31699401548224,1948.3236408397715
1785251504.763586,UpHybridRe,inactive,True,25.389328332199614,182.74916749925816,346.65541845112404,1999.2484772604366
1785251504.763586,CloseRe,inactive,True,24.206499936938357,239.31874878281224,428.7962159339942,1753.5349051130397
1785251504.763586,OpenRe,inactive,True,31.984600778065246,154.26589274634586,440.309508617479,1768.7938816871865
1785251504.763586,CloserHybridRe,inactive,True,20.51596792014038,227.5046459222445,345.2541629259932,1809.8452515268036
1785251504.763586,FartherHybridRe,inactive,True,30.015242027205154,139.53722088473722,357.51724713376893,1797.6828045957955
1785251504.763586,SwitchRef2,inactive,True,36.76844840505726,181.61908801257576,498.18794480194083,4020.608569139222
1785251504.763586,SwitchRef1,inactive,True,15.552091653665611,591.2548040253407,442.9744764489663,11833.306168718904
1785251505.2636023,LeftHybridRe,inactive,True,31.59268030234052,141.7125105221976,405.3489676817666,1949.3358021336644
1785251505.2636023,RightHybridRe,inactive,True,22.189209498033385,233.63662315101396,390.5596881748821,1955.309210598476
1785251505.2636023,DownHybridRe,inactive,True,28.830751971609544,196.2401057598908,443.5717104819489,1949.8776820749845
1785251505.2636023,UpHybridRe,inactive,True,26.16115585865742,179.37021620243513,352.17585989399856,1989.6835744752752
1785251505.2636023,CloseRe,inactive,True,24.686175917753406,237.58025067502436,433.0933280422606,1756.1182203412682
1785251505.2636023,OpenRe,inactive,True,32.518838169742516,152.98657823856198,446.5574214540454,1770.1518473246178
1785251505.2636023,CloserHybridRe,inactive,True,21.310732840943434,223.90199419629323,349.7171439237144,1803.4535836152027
1785251505.2636023,FartherHybridRe,inactive,True,30.730153712639037,136.58351409779368,364.0534331260552,1789.3370446866902
1785251505.2636023,SwitchRef2,inactive,True,36.759505222737964,181.68261378221322,504.5809478205703,4031.7636880952778
1785251505.2636023,SwitchRef1,inactive,True,15.498024741245802,588.9590105907007,435.2509171322771,11830.34811122634
1785251505.7636938,LeftHybridRe,inactive,True,31.38286676069318,140.75349092642767,406.173329152174,1982.0186111091862
1785251505.7636938,RightHybridRe,inactive,True,21.822033983089497,232.9758072012888,388.8317085670946,1981.0106244845592
1785251505.7636938,DownHybridRe,inactive,True,28.44396525015925,196.6138125487311,443.2216553485503,1979.8812759761859
1785251505.7636938,UpHybridRe,inactive,True,26.035872779341464,177.45624372098706,351.64552770441765,2016.752898672814
1785251505.7636938,CloseRe,inactive,True,24.207480463896392,237.97145769154375,431.5604878258454,1781.261346146879
1785251505.7636938,OpenRe,inactive,True,32.219088423758436,153.10124787632313,447.3891930439297,1800.196867815088
1785251505.7636938,CloserHybridRe,inactive,True,21.125133256616692,222.21192555128087,347.9968033943618,1824.8699470571992
1785251505.7636938,FartherHybridRe,inactive,True,30.62190409350136,134.61167025996048,364.7285559920409,1818.4095355704412
1785251505.7636938,SwitchRef2,inactive,True,37.75414832724781,184.0240463065657,503.98474839787843,4009.242762955626
1785251505.7636938,SwitchRef1,inactive,True,14.669816764401622,591.8157385009208,430.15020689172775,12544.866113311335
1785251506.2637503,LeftHybridRe,inactive,True,33.47100544665094,129.0121694346771,407.953878783803,1991.7721202171742
1785251506.2637503,RightHybridRe,inactive,True,24.053942774582787,220.94176652970646,389.9259143894853,1995.9814459509435
1785251506.2637503,DownHybridRe,inactive,True,30.419075777865068,185.22426133480667,444.86167785485975,1991.22874738479
1785251506.2637503,UpHybridRe,inactive,True,28.354452336137985,165.0667687907191,352.879481387147,2025.1634007719804
1785251506.2637503,CloseRe,inactive,True,26.183647360334106,226.4378804294931,432.94174367598976,1795.8963591982028
1785251506.2637503,OpenRe,inactive,True,34.17147357768397,141.77452364038055,449.2903963453009,1810.8529091322525
1785251506.2637503,CloserHybridRe,inactive,True,23.534664087284003,209.71105339647738,348.86340414660884,1837.5236828176567
1785251506.2637503,FartherHybridRe,inactive,True,32.80832006058652,122.42458249634473,366.36803338497026,1827.0438158462985
1785251506.2637503,SwitchRef2,inactive,True,36.847585617772516,172.79312100648266,506.44604507403994,4102.265160810843
1785251506.2637503,SwitchRef1,inactive,True,10.725801734784369,581.8978060605766,429.1782877496937,12437.99260794335
1785251506.7640579,LeftHybridRe,inactive,True,33.36976990852076,129.69257508931037,405.1549444814279,2000.141320440227
1785251506.7640579,RightHybridRe,inactive,True,23.89353552153621,221.8811400825505,387.2634095007563,2008.1608614464349
1785251506.7640579,DownHybridRe,inactive,True,30.292327332205364,186.0095432272802,442.26623515214396,1999.52996461968
1785251506.7640579,UpHybridRe,inactive,True,28.236605713826016,165.8733560439988,350.00191051476617,2037.8130603041209
1785251506.7640579,CloseRe,inactive,True,26.0313224986401,227.34015790135518,430.4053033944972,1805.1396842499453
1785251506.7640579,OpenRe,inactive,True,34.06813216146252,142.47258859188918,446.600968087354,1816.2386010783048
1785251506.7640579,CloserHybridRe,inactive,True,23.387047782658172,210.6673166519622,346.0523811305744,1849.944654162875
1785251506.7640579,FartherHybridRe,inactive,True,32.71373836202734,123.10331810096625,363.44847519367363,1836.7973899939752
1785251506.7640579,SwitchRef2,inactive,True,36.68273869288025,173.13753893845893,503.91808796524845,4118.764507717162
1785251506.7640579,SwitchRef1,inactive,True,10.587019438736323,582.6108613817297,427.5049506336228,12633.627538365516
1785251507.2636964,LeftHybridRe,inactive,True,32.620939311975036,130.25655435530786,402.76312204700866,1997.9819848384395
1785251507.2636964,RightHybridRe,inactive,True,23.060734364229003,222.3955873612079,384.64453435268723,1995.7267242439557
1785251507.2636964,DownHybridRe,inactive,True,29.4223740808383,186.39558256976406,439.6750308736075,1998.2905609349837
1785251507.2636964,UpHybridRe,inactive,True,27.56139974743114,166.66281956875693,347.66790785306466,2024.6093989165965
1785251507.2636964,CloseRe,inactive,True,25.111961166699498,227.71055392599848,427.6767675802041,1799.5716227335142
1785251507.2636964,OpenRe,inactive,True,33.25553994082673,142.84232020575098,444.1586307254365,1818.6990131552739
1785251507.2636964,CloserHybridRe,inactive,True,22.69095074676776,211.35214546708784,343.63689231130746,1833.2758063024667
1785251507.2636964,FartherHybridRe,inactive,True,32.04147662304428,123.88351859444771,361.1606597110505,1829.7290796250636
1785251507.2636964,SwitchRef2,inactive,True,35.67547175786429,174.5708195109405,501.38492430880933,4060.067248998661
1785251507.2636964,SwitchRef1,inactive,True,10.594654467107347,582.5959381687242,426.38943433871043,12553.227262581742
1785251507.7635958,LeftHybridRe,inactive,True,32.80751728358324,131.66096108100515,400.32399975379974,1987.898286605534
1785251507.7635958,RightHybridRe,inactive,True,23.273956765019385,223.77325649154534,383.0996776660041,1996.3570431913759
1785251507.7635958,DownHybridRe,inactive,True,29.690774971957566,187.537274774514,437.6982636760828,1988.1521164479054
1785251507.7635958,UpHybridRe,inactive,True,27.676147626041427,168.20331600942052,345.5975413221689,2026.3051660627934
1785251507.7635958,CloseRe,inactive,True,25.406433668806876,228.86110556503013,426.1344568044617,1794.804453914403
1785251507.7635958,OpenRe,inactive,True,33.49517052232677,144.0866408335932,441.7263270282791,1804.4127370031783
1785251507.7635958,CloserHybridRe,inactive,True,22.804411181655176,212.9317267633491,341.96379767678087,1838.529560533003
1785251507.7635958,FartherHybridRe,inactive,True,32.17204919421359,125.42362188747148,358.7042835339166,1825.7615307920678
1785251507.7635958,SwitchRef2,inactive,True,36.05737494537724,175.06272939407518,499.45140501270794,4088.9203345318274
1785251507.7635958,SwitchRef1,inactive,True,11.075354842731896,584.0038002369204,426.04019331458,12642.141123491223
1785251508.263806,LeftHybridRe,inactive,True,32.61669092287902,133.2046305393278,399.45282170545454,1982.8953641547741
1785251508.263806,RightHybridRe,inactive,True,22.979503876139283,225.02691345286283,381.7123587843902,1997.1699605930262
1785251508.263806,DownHybridRe,inactive,True,29.30376050347001,188.84909898213422,436.71901837718997,1996.5280499069413
1785251508.263806,UpHybridRe,inactive,True,27.625444088213364,169.67788235136612,344.48541466623846,2014.2944451475087
1785251508.263806,CloseRe,hovered,True,24.94013773471289,230.1253481922444,424.8976413214065,1804.0776779215958
1785251508.263806,OpenRe,inactive,True,33.18746896180933,145.49322757399784,440.9566193549224,1808.6533971026547
1785251508.263806,CloserHybridRe,inactive,True,22.731632393626242,214.21492295627604,340.5917549910085,1830.2768805554842
1785251508.263806,FartherHybridRe,inactive,True,32.10456804785455,127.10888527347873,357.82402191735207,1812.6421532982604
1785251508.263806,SwitchRef2,inactive,True,35.557389581419784,176.18666440682077,498.45984020145795,4084.6572332638316
1785251508.263806,SwitchRef1,inactive,True,11.381677823335162,585.2822019851104,425.21536673128173,12625.632253925054
1785251508.7635899,LeftHybridRe,inactive,True,32.45399776004255,132.7278466204698,398.6366859238192,2000.66728551294
1785251508.7635899,RightHybridRe,inactive,True,22.862683919130088,225.22794715941072,381.43885329624726,2006.4008098467166
1785251508.7635899,DownHybridRe,inactive,True,29.343074705093304,188.8156546259299,436.09743334797076,1997.3903070747474
1785251508.7635899,UpHybridRe,inactive,True,27.273355964277595,169.46198690348524,343.82185951322583,2040.3568857593018
1785251508.7635899,CloseRe,inactive,True,25.043725365676494,230.28942889325918,424.53025946700484,1802.0813295034022
1785251508.7635899,OpenRe,inactive,True,33.16389903564284,145.2003101338097,440.11452324812944,1813.5971904383478
1785251508.7635899,CloserHybridRe,inactive,True,22.368998577340005,214.38712629048788,340.2238316479381,1849.4548155761731
1785251508.7635899,FartherHybridRe,inactive,True,31.80459735765867,126.47171215669141,356.9177826352846,1839.483201906496
1785251508.7635899,SwitchRef2,inactive,True,36.233383899869544,175.9410382874618,497.4590158274916,4056.998956255844
1785251508.7635899,SwitchRef1,inactive,True,11.046627060882846,585.317326377081,425.01916486134553,12781.270422709349
1785251509.264469,LeftHybridRe,inactive,True,32.44820588903088,132.52966178392165,398.8713711474541,1987.9518443359775
1785251509.264469,RightHybridRe,inactive,True,22.79098711007818,224.4751906591647,381.1106446706184,1997.0947581351065
1785251509.264469,DownHybridRe,inactive,True,29.100738533258053,188.1745075238022,436.1462255650952,2000.668811347794
1785251509.264469,UpHybridRe,inactive,True,27.48056207119137,169.17088707334645,343.8949910579366,2014.8710243506794
1785251509.264469,CloseRe,inactive,True,24.72390106948036,229.5042671148969,424.3005250814314,1805.7421196999421
1785251509.264469,OpenRe,inactive,True,32.99968105281678,144.7435156569935,440.40970635854353,1814.654745085627
1785251509.264469,CloserHybridRe,inactive,True,22.58320004338949,213.7322796952695,340.0095973426628,1828.7502538427798
1785251509.264469,FartherHybridRe,inactive,True,31.95832641792197,126.5230552761235,357.22803032335173,1815.6996212384965
1785251509.264469,SwitchRef2,inactive,True,36.10245208866194,175.38977790413392,497.73845463076447,4084.446569932501
1785251509.264469,SwitchRef1,inactive,True,11.372028564592776,584.792341419331,424.97388063127016,12732.313526183658
1785251509.763634,LeftHybridRe,inactive,True,32.44003804738419,132.85393548110062,398.6941469653178,1991.0922955873466
1785251509.763634,RightHybridRe,inactive,True,22.82842385235849,224.99078222306963,381.0566979568098,1998.495930927078
1785251509.763634,DownHybridRe,inactive,True,29.239459584213883,188.83647735738933,435.8835548428304,1993.1620895894157
1785251509.763634,UpHybridRe,inactive,True,27.344488406382446,169.33299467499367,343.7822838294015,2027.0169370513177
1785251509.763634,CloseRe,inactive,True,24.912483584590305,230.1688375955301,424.1170210864668,1798.8266431392258
1785251509.763634,OpenRe,inactive,True,33.08838268679695,145.35915991740904,440.1019985382174,1808.6755111693637
1785251509.763634,CloserHybridRe,inactive,True,22.445470763688114,214.06922839419238,339.9580190452963,1838.2138983496807
1785251509.763634,FartherHybridRe,inactive,True,31.852506503540642,126.55349333278116,357.0695866039284,1827.0204528640697
1785251509.763634,SwitchRef2,inactive,True,35.39422212664643,175.85712723678927,497.6307021821693,4103.828685299599
1785251509.763634,SwitchRef1,inactive,True,10.949603431963608,585.3333199994354,425.0284397655115,12802.988910944827
1785251510.26361,LeftHybridRe,inactive,True,32.44419522643991,132.88600956570747,398.4840844513567,1992.9071685967901
1785251510.26361,RightHybridRe,inactive,True,22.82141470560279,225.09611288506053,381.0582669480567,2001.2153259582628
1785251510.26361,DownHybridRe,inactive,True,29.231033236134667,188.75976944382353,435.85732956022696,1996.830250384366
1785251510.26361,UpHybridRe,inactive,True,27.354179550473788,169.54332226390204,343.62017908174073,2027.9759394351531
1785251510.26361,CloseRe,inactive,True,24.897210115861196,230.1495185223893,424.1802091967314,1802.3268115732062
1785251510.26361,OpenRe,inactive,True,33.086224657833704,145.25303436152115,439.970551640102,1811.669521105192
1785251510.26361,CloserHybridRe,inactive,True,22.450944570421978,214.29372140694588,339.9003980177426,1839.6231963655919
1785251510.26361,FartherHybridRe,inactive,True,31.86349797485366,126.7277189016014,356.8123559648884,1827.4278612711405
1785251510.26361,SwitchRef2,inactive,True,36.597433100359524,175.67797014093452,497.0239275511377,4073.2575948143494
1785251510.26361,SwitchRef1,inactive,True,11.477010765892418,585.1751506968053,425.00526165202484,12653.009593728653
1785251510.7638826,LeftHybridRe,inactive,True,32.58814009867552,132.9195058882445,397.85887345727076,2000.6066889434405
1785251510.7638826,RightHybridRe,inactive,True,22.95509919802177,225.33838348893812,380.5461053591805,2012.6577316997646
1785251510.7638826,DownHybridRe,inactive,True,29.39581234224011,188.93016057650254,435.4009813272816,2003.8078481863195
1785251510.7638826,UpHybridRe,inactive,True,27.466475336827465,169.6160098038579,342.9086264872755,2040.22832469254
1785251510.7638826,CloseRe,inactive,True,25.06167559165193,230.4098658183644,423.7795426845794,1810.3252558076856
1785251510.7638826,OpenRe,inactive,True,33.247962451903135,145.35006488844624,439.43678362589935,1816.4559298020467
1785251510.7638826,CloserHybridRe,inactive,True,22.55187821097857,214.49738534860398,339.2418892696276,1852.1419960856292
1785251510.7638826,FartherHybridRe,inactive,True,31.98879955310537,126.7045650563233,356.0758273076465,1836.7949950643197
1785251510.7638826,SwitchRef2,inactive,True,34.23129446373479,175.99079408580062,497.2913794326505,4122.989402919429
1785251510.7638826,SwitchRef1,inactive,True,11.279496024984866,585.4811351262613,424.699702492049,12711.646835814216
1785251511.2635994,LeftHybridRe,inactive,True,32.15319521996121,132.9268631763694,397.75753062557277,2000.9809212789223
1785251511.2635994,RightHybridRe,inactive,True,22.494272540089245,225.36258094193596,380.32499076236365,2003.8395612333043
1785251511.2635994,DownHybridRe,inactive,True,28.920293721838554,188.86653188030223,435.158917358404,2002.9394232271443
1785251511.2635994,UpHybridRe,inactive,True,27.059248943049628,169.7875183158449,342.86561549321755,2032.5660232274167
1785251511.2635994,CloseRe,inactive,True,24.57245812656049,230.34813598244548,423.4600344184917,1805.5794893870407
1785251511.2635994,OpenRe,inactive,True,32.791905740674636,145.2440903274632,439.29215406937715,1819.468563269682
1785251511.2635994,CloserHybridRe,inactive,True,22.140927893240637,214.6194198303741,339.16618479068103,1841.3666982938994
1785251511.2635994,FartherHybridRe,inactive,True,31.5817697506973,126.83959519027911,356.0468082429015,1834.0624506908425
1785251511.2635994,SwitchRef2,inactive,True,34.66088698295774,175.9525569390702,497.2807102004816,4125.420248972019
1785251511.2635994,SwitchRef1,inactive,True,10.616655989006574,585.4170920650545,424.3081452100264,12670.630884982733
1785251511.763601,LeftHybridRe,inactive,True,32.03906248098695,133.4182473977936,398.14437549622727,1996.0207302482377
1785251511.763601,RightHybridRe,inactive,True,22.41783452400091,225.78513794424336,380.6538075069001,1995.9280559188119
1785251511.763601,DownHybridRe,inactive,True,28.883313451676116,189.47369657731076,435.3324877536928,1992.2936782995748
1785251511.763601,UpHybridRe,inactive,True,26.88811757013517,170.1012860328597,343.34118635959067,2030.4841640346785
1785251511.763601,CloseRe,inactive,True,24.567757031128647,230.87523639777248,423.62016986408565,1794.9715146171511
1785251511.763601,OpenRe,inactive,True,32.7255519981089,145.89387915493455,439.516389706537,1810.9928679965087
1785251511.763601,CloserHybridRe,inactive,True,21.97803984390947,214.93585111530805,339.61290932063406,1837.7688458657067
1785251511.763601,FartherHybridRe,inactive,True,31.419915015960914,127.16369348199333,356.5369037444603,1833.206343576836
1785251511.763601,SwitchRef2,inactive,True,35.85333759524523,176.4895195597503,496.70067114144746,4062.09268004787
1785251511.763601,SwitchRef1,inactive,True,12.19558284317881,585.9818422692206,425.473694075768,12714.800759193095
1785251512.2636113,LeftHybridRe,inactive,True,32.76358893101889,145.00882185834092,410.69789050672176,1839.6542060087413
1785251512.2636113,RightHybridRe,inactive,True,23.77795599118211,234.21005300698792,395.29877042702066,1865.9579709775353
1785251512.2636113,DownHybridRe,inactive,True,30.277388499064717,199.02455576248497,447.245290298621,1837.8775970963616
1785251512.2636113,UpHybridRe,inactive,True,27.333915684439674,180.23752425111104,358.41187717284635,1903.1284855607446
1785251512.2636113,CloseRe,inactive,True,26.32386333514022,239.04024308563058,436.67162410832503,1664.1130885017483
1785251512.2636113,OpenRe,inactive,True,33.778699187438,157.10172679367037,450.54520817052276,1658.9698852199253
1785251512.2636113,CloserHybridRe,inactive,True,22.682096590742145,223.72160849200657,355.4663409977361,1732.5272480328422
1785251512.2636113,FartherHybridRe,inactive,True,31.77299876141302,138.84609072490235,370.5312505425543,1700.9971353351393
1785251512.2636113,SwitchRef2,inactive,True,37.67746962205091,186.6311652449155,506.921806753071,3739.6325207486225
1785251512.2636113,SwitchRef1,inactive,True,19.155818333420488,579.9227578528511,438.57482060819035,10406.160901384224
1785251512.7636964,LeftHybridRe,inactive,True,45.71075713750157,664.584044892998,463.1108317511064,1518.249574844871
1785251512.7636964,RightHybridRe,inactive,True,51.54393488651149,741.3355378608967,473.27029314810613,1488.1502128898283
1785251512.7636964,DownHybridRe,inactive,True,49.88344487017711,692.8132456176684,509.71873546832467,1502.2583386501065
1785251512.7636964,UpHybridRe,inactive,True,47.93390508587323,713.3300325928722,426.0269248238728,1531.0512079261825
1785251512.7636964,CloseRe,inactive,True,52.1509009115422,729.057489939923,510.7611724324362,1358.0145208402537
1785251512.7636964,OpenRe,inactive,True,47.17896771301053,657.9507470721488,502.1471536747991,1366.4002148866712
1785251512.7636964,CloserHybridRe,inactive,True,50.784544097784135,748.5303168688059,435.8342390879185,1370.1839044223889
1785251512.7636964,FartherHybridRe,inactive,True,44.91499697093949,675.9673573321763,425.1633463163228,1408.69135464367
1785251512.7636964,SwitchRef2,inactive,True,54.25873363383075,650.2041341230964,558.0030892999736,3059.2488749502227
1785251512.7636964,SwitchRef1,inactive,True,19.155818333420488,579.9227578528511,438.57482060819035,10406.160901384224
1785251513.2636251,LeftHybridRe,inactive,True,13.714120461279224,341.48613159287504,373.3684714418045,1765.772561750673
1785251513.2636251,RightHybridRe,inactive,True,19.945005370689692,428.0693639772299,384.30175030780094,1576.7914276315423
1785251513.2636251,DownHybridRe,inactive,True,20.71294119025214,378.48028096844223,420.9702838780691,1642.7916034669324
1785251513.2636251,UpHybridRe,inactive,True,12.373940693342057,392.7418582188668,336.44798180964483,1758.7307311417462
1785251513.2636251,CloseRe,inactive,True,22.94247244348535,417.8164509840657,421.6089898427325,1397.3745925885305
1785251513.2636251,OpenRe,inactive,True,18.57765234949916,338.6871901119125,412.9178524187322,1550.3111958025183
1785251513.2636251,CloserHybridRe,inactive,True,17.110233005812812,432.60562760888564,346.61278257459674,1483.397766212831
1785251513.2636251,FartherHybridRe,inactive,True,9.206136622983388,349.9523163619449,334.8086213282614,1655.8200187537295
1785251513.2636251,SwitchRef2,inactive,True,28.345605807800467,340.90730374573263,471.89726279687164,3543.155744237549
1785251513.2636251,SwitchRef1,inactive,True,19.155818333420488,579.9227578528511,438.57482060819035,10406.160901384224
1785251513.7636323,LeftHybridRe,inactive,True,10.8472803219369,289.0765704304672,363.8428122377822,1798.812343161284
1785251513.7636323,RightHybridRe,inactive,True,19.52692203115461,374.19360124211704,373.0486734658525,1489.7930815453074
1785251513.7636323,DownHybridRe,inactive,True,18.364025694475504,326.48491799827957,411.0012501313322,1649.463729994517
1785251513.7636323,UpHybridRe,inactive,True,12.850800835009942,339.41569379752974,326.367879793401,1680.4634921794132
1785251513.7636323,CloseRe,inactive,True,21.508280613260848,365.01557778116637,410.3504107793805,1353.4660224386898
1785251513.7636323,OpenRe,inactive,True,15.169046560164361,286.53163896342744,404.13891696397894,1614.7599861167691
1785251513.7636323,CloserHybridRe,inactive,True,17.906892836289458,377.88055733735376,336.0277693495553,1373.1395332054599
1785251513.7636323,FartherHybridRe,inactive,True,8.017862715825324,297.3302854821233,325.0218594292942,1644.4035843377933
1785251513.7636323,SwitchRef2,inactive,True,28.994060966846156,311.44457617137886,463.2810207954361,3537.9560265426844
1785251513.7636323,SwitchRef1,inactive,True,42.251116650426944,675.6907005277731,481.3132045109522,7732.906634298124
1785251514.2636204,LeftHybridRe,inactive,True,7.205323034437881,263.89855168953534,355.8704608192872,1774.7911941923958
1785251514.2636204,RightHybridRe,inactive,True,8.242781706157166,351.81988274422383,361.80023143491917,1612.5341230652557
1785251514.2636204,DownHybridRe,inactive,True,10.814405106834197,304.9963123038976,401.8963661593428,1720.837039934253
1785251514.2636204,UpHybridRe,inactive,True,0.7434086635423717,312.15327313399723,316.2839647664016,1722.1841133538474
1785251514.2636204,CloseRe,inactive,True,11.788310068030283,345.0672722462167,400.2636325220472,1471.2173257470204
1785251514.2636204,OpenRe,inactive,True,11.184545196907065,264.0325488109725,396.0374061813245,1613.0164988363904
1785251514.2636204,CloserHybridRe,inactive,True,5.993217499335549,352.83015502200186,324.0018690380001,1472.1207362742425
1785251514.2636204,FartherHybridRe,inactive,True,4.527873379673064,269.5730821557248,317.1733311004599,1611.4565848006168
1785251514.2636204,SwitchRef2,inactive,True,28.20018044491303,273.1354592955919,454.80239540852654,3602.6556764925626
1785251514.2636204,SwitchRef1,inactive,True,39.44228861759903,669.1533293900554,465.6774317381287,8006.3182658044825
1785251514.7635953,LeftHybridRe,inactive,True,3.701540291586437,247.20196342612735,354.81493211365796,1820.3785843852966
1785251514.7635953,RightHybridRe,inactive,True,7.579267167751315,335.7405185592924,357.434236617855,1602.3893497082827
1785251514.7635953,DownHybridRe,inactive,True,7.055625662919421,290.42113836428905,399.6727458858886,1768.6689928227206
1785251514.7635953,UpHybridRe,inactive,True,4.485141855237113,294.432265298906,313.54102174672573,1705.3199641662359
1785251514.7635953,CloseRe,inactive,True,9.386187283525521,330.6463347404812,396.29786018437653,1488.869275415862
1785251514.7635953,OpenRe,inactive,True,6.988297759973167,248.61787049542076,395.51080763078807,1683.3429506945104
1785251514.7635953,CloserHybridRe,inactive,True,7.95782508661474,335.1584138720134,319.86001335335663,1439.6243103272209
1785251514.7635953,FartherHybridRe,inactive,True,4.680575092393649,251.7321516839932,315.8157090798332,1622.994218858672
1785251514.7635953,SwitchRef2,inactive,True,28.114179043186432,260.4253119295,454.41125637619575,3641.1968811898187
1785251514.7635953,SwitchRef1,inactive,True,35.53962209924048,656.9925263003337,451.1536322901672,8261.210824886526
1785251515.2635236,LeftHybridRe,inactive,True,12.115274753855102,242.69236147421364,352.09498170712277,1749.1033576634873
1785251515.2635236,RightHybridRe,inactive,True,2.3761679646757212,331.18040185867466,353.5989092841407,1672.5485277878179
1785251515.2635236,DownHybridRe,inactive,True,7.360470733543899,285.71197792838564,396.72318799930133,1800.6751054164633
1785251515.2635236,UpHybridRe,inactive,True,9.920754474928305,288.8922637712682,310.3268182642574,1681.7240207987197
1785251515.2635236,CloseRe,inactive,True,3.2728127993328084,326.54760155775,393.2844708767069,1573.1349003461364
1785251515.2635236,OpenRe,inactive,True,11.876672003019099,244.23555451329008,392.5471994470429,1646.465161944623
1785251515.2635236,CloserHybridRe,inactive,True,7.08073126842015,330.0085533300024,315.639380444907,1478.0852704283825
1785251515.2635236,FartherHybridRe,inactive,True,13.490092403407461,246.94167272415118,313.6229995585118,1539.9650920345157
1785251515.2635236,SwitchRef2,inactive,True,28.40556900825106,257.8650529732761,451.42837370524273,3509.683143270864
1785251515.2635236,SwitchRef1,inactive,True,34.845332201761686,653.1077153398278,444.830502975946,8432.694735973782
1785251515.7636278,LeftHybridRe,inactive,True,2.993603580498133,238.87493170608283,350.56100876526165,1888.7277439725076
1785251515.7636278,RightHybridRe,inactive,True,13.289377494753872,327.35433591231214,351.20334926664265,1552.6299657649433
1785251515.7636278,DownHybridRe,inactive,True,10.646930138414666,283.42444057232524,394.4795999404553,1760.7968958655183
1785251515.7636278,UpHybridRe,inactive,True,8.580620856174273,285.73164974714746,308.0439354674924,1717.318122677505
1785251515.7636278,CloseRe,inactive,True,14.34912377591488,323.0534613012839,389.8353042559667,1438.2546879767324
1785251515.7636278,OpenRe,inactive,True,7.377662626254339,241.24006078370073,391.68772846566077,1732.808796613288
1785251515.7636278,CloserHybridRe,inactive,True,13.226039673766056,326.14884967185566,313.86818291019176,1404.0526699475085
1785251515.7636278,FartherHybridRe,inactive,True,3.987831520959775,242.6322063975851,310.873875976118,1690.3153614554467
1785251515.7636278,SwitchRef2,inactive,True,27.476712171103586,255.2071099134503,449.8963393557766,3678.776622485624
1785251515.7636278,SwitchRef1,inactive,True,33.60359076193498,650.8112713603701,438.57397132215016,8451.897103882598
1785251516.2636228,LeftHybridRe,inactive,True,16.622212027684096,265.3956373535701,353.0869580159442,1669.6667461266698
1785251516.2636228,RightHybridRe,inactive,True,10.009397794907606,352.9080711192492,353.86608264395596,1661.8623214648396
1785251516.2636228,DownHybridRe,inactive,True,16.980042503293372,309.3841377299783,395.891105585153,1648.404026418808
1785251516.2636228,UpHybridRe,inactive,True,9.302223829022662,309.0987983878375,310.70101326664656,1743.8238765354909
1785251516.2636228,CloseRe,inactive,True,14.869499214468627,349.1123575361122,392.5425848599806,1471.9921805003833
1785251516.2636228,OpenRe,inactive,True,19.398324603420157,269.2243363133805,391.9978611731304,1482.205445941414
1785251516.2636228,CloserHybridRe,inactive,True,5.6095042038984335,350.9296297856147,315.55817630438924,1553.4456437966583
1785251516.2636228,FartherHybridRe,inactive,True,14.270819877214688,267.28219077427184,314.67167633071494,1558.540519279246
1785251516.2636228,SwitchRef2,inactive,True,27.81536634082615,259.6357820617073,452.6729147569308,3633.2066218474865
1785251516.2636228,SwitchRef1,inactive,True,35.28761753452342,662.9454650826249,442.4238952098883,8330.492164122203
1785251516.7636735,LeftHybridRe,inactive,True,41.844370972097636,667.9680269066248,392.5277997243125,1707.2593343922636
1785251516.7636735,RightHybridRe,inactive,True,48.82603070392108,747.3123664678194,407.60375366100084,1641.5085475291125
1785251516.7636735,DownHybridRe,inactive,True,46.18255444283592,696.6987928407068,444.33334675970605,1661.2177435794729
1785251516.7636735,UpHybridRe,inactive,True,45.319267980939294,718.6579454693649,355.5911057034711,1705.7906863985409
1785251516.7636735,CloseRe,inactive,True,49.022189797035885,734.0275392955393,447.0035136627014,1486.5665885180351
1785251516.7636735,OpenRe,inactive,True,42.853180891148746,660.7710289223771,434.4026197075433,1533.2007197174244
1785251516.7636735,CloserHybridRe,inactive,True,48.491736534000715,755.1724511195805,368.0042396335864,1521.330789909509
1785251516.7636735,FartherHybridRe,inactive,True,41.75672939353734,679.8397963835264,352.26992648726434,1578.4496882047097
1785251516.7636735,SwitchRef2,inactive,True,46.80871003838221,652.2618919424067,492.95486359752806,3433.3201877999236
1785251516.7636735,SwitchRef1,inactive,True,35.28761753452342,662.9454650826249,442.4238952098883,8330.492164122203
1785251517.263537,LeftHybridRe,inactive,True,41.57578872653757,666.9406472258372,393.8075255177039,1704.4888073892798
1785251517.263537,RightHybridRe,inactive,True,48.57676564791916,746.3637570436857,409.1227714470127,1642.1994647357787
1785251517.263537,DownHybridRe,inactive,True,45.93304513224951,695.6243062830961,445.6122733737916,1660.5670260183106
1785251517.263537,UpHybridRe,inactive,True,45.05124472593179,717.7318818247539,357.1073103263655,1704.2985123270628
1785251517.263537,CloseRe,inactive,True,48.779747361800915,733.0067372614426,448.4215544563674,1487.485416232521
1785251517.263537,OpenRe,inactive,True,42.596618311190944,659.6752444664501,435.5652918808179,1531.0198186009948
1785251517.263537,CloserHybridRe,inactive,True,48.23589933110832,754.2824584038693,369.6084783677146,1521.3950458398613
1785251517.263537,FartherHybridRe,inactive,True,41.47913111514687,678.8813279078997,353.68068351965695,1575.6846557217068
1785251517.263537,SwitchRef2,inactive,True,47.505967209678154,650.9199076726405,494.7329488110662,3454.3209687041817
1785251517.263537,SwitchRef1,inactive,True,35.28761753452342,662.9454650826249,442.4238952098883,8330.492164122203
1785251517.7635987,LeftHybridRe,inactive,True,39.44963936122293,651.9926317814616,386.86559387239964,1719.4042443930957
1785251517.7635987,RightHybridRe,inactive,True,46.784238851108,731.9323783331918,401.7915357786265,1632.8959830129752
1785251517.7635987,DownHybridRe,inactive,True,44.095419353623384,680.78056557591,438.2491233356802,1651.6478253808746
1785251517.7635987,UpHybridRe,inactive,True,43.01662960218873,703.4242773600379,350.07857704549593,1719.43945850803
1785251517.7635987,CloseRe,inactive,True,47.05869627826871,718.2234964569476,440.83512219864065,1468.4088186587032
1785251517.7635987,OpenRe,inactive,True,40.6200829837963,644.5981194250555,428.40178383913974,1532.9133043718903
1785251517.7635987,CloserHybridRe,inactive,True,46.378258610811805,740.151589477497,362.3970451406535,1522.820817970627
1785251517.7635987,FartherHybridRe,inactive,True,39.26737888835083,664.1126505536458,346.7862390517503,1597.9990565670596
1785251517.7635987,SwitchRef2,inactive,True,45.77033099938327,636.1306457003429,487.4953381134342,3473.7672406070633
1785251518.2637234,LeftHybridRe,inactive,True,4.183718893506525,250.02910155330463,363.28827317197863,1826.7256035043101
1785251518.2637234,RightHybridRe,inactive,True,9.374554105837388,338.47576008942434,364.64509398262305,1591.149819129445
1785251518.2637234,DownHybridRe,inactive,True,9.491723553204608,293.71170041380304,407.3939987980265,1751.2398111936564
1785251518.2637234,UpHybridRe,inactive,True,3.748984105723544,296.8611185791545,321.261647653407,1716.0393760469233
1785251518.2637234,CloseRe,inactive,True,11.743430839841675,333.69726733026465,403.40424731093054,1467.9168233518285
1785251518.2637234,OpenRe,inactive,True,8.660496318146437,251.95342110295906,403.90742696057004,1675.8637938343454
1785251518.2637234,CloserHybridRe,inactive,True,8.518873469210904,337.61653755624843,327.0758335619408,1440.5140105343744
1785251518.2637234,FartherHybridRe,inactive,True,2.31628554440281,254.0807798789523,324.0894564966747,1640.5399897983443
1785251518.2637234,SwitchRef2,inactive,True,28.743172210736358,264.6200252143603,462.0414541648164,3611.8883134420976
1785251518.2637234,SwitchRef1,inactive,True,36.18426371219234,659.3359620694466,454.13760284028865,8075.321857967399
1785251518.763641,LeftHybridRe,inactive,True,13.514381929662903,233.96883958666777,349.6353021714794,1726.1185008426473
1785251518.763641,RightHybridRe,inactive,True,2.9951488151268055,322.01801757697825,348.5214122390983,1660.690680046464
1785251518.763641,DownHybridRe,inactive,True,9.173844338051461,278.1398283516906,392.6062822907984,1766.8926467681595
1785251518.763641,UpHybridRe,inactive,True,10.436750626173547,278.54989581242165,306.63798649705313,1677.616307556258
1785251518.763641,CloseRe,inactive,True,4.93381600375331,318.5759724862904,388.05309139069163,1549.5341684944142
1785251518.763641,OpenRe,inactive,True,13.56646095742366,236.89970396449232,389.6637970131664,1612.155301849678
1785251518.763641,CloserHybridRe,inactive,True,6.7334703511144065,319.74637754210426,310.6968461202803,1478.3251451830874
1785251518.763641,FartherHybridRe,inactive,True,14.428099639434652,236.86771635149853,311.2143906039848,1531.7702427174554
1785251518.763641,SwitchRef2,inactive,True,26.04010582305923,251.8154087513892,448.18726048128354,3672.906259488147
1785251518.763641,SwitchRef1,inactive,True,31.836534905149676,644.8837002077557,430.52141783930983,8548.78733507407
1785251519.2636254,LeftHybridRe,inactive,True,13.200161257570201,252.0565573761649,348.32806388899144,1715.9049767834877
1785251519.2636254,RightHybridRe,inactive,True,2.926486282032168,339.9868546699554,347.10996389844644,1674.4233790504804
1785251519.2636254,DownHybridRe,inactive,True,8.471026754524663,296.15993208870145,391.436086838998,1775.111575788571
1785251519.2636254,UpHybridRe,inactive,True,10.584972183141435,296.3671635301615,305.18695781900095,1675.859488061913
1785251519.2636254,CloseRe,hovered,True,4.086161508399011,336.6480861828557,386.8895862128656,1566.0475164735399
1785251519.2636254,OpenRe,inactive,True,13.019515072908193,255.03004719691083,388.4278858701548,1606.669361266926
1785251519.2636254,CloserHybridRe,inactive,True,7.226112950921702,337.57393875683135,309.12416408668923,1485.6802317852416
1785251519.2636254,FartherHybridRe,inactive,True,14.390696739359672,254.870784304788,309.8982555375225,1519.3117844375156
1785251519.2636254,SwitchRef2,inactive,True,26.961782243339446,268.9560676999984,446.6457314985129,3624.631568505487
1785251519.2636254,SwitchRef1,inactive,True,35.38672133118396,662.5334750971867,430.5646745536461,8577.156202703554
1785251519.7636974,LeftHybridRe,inactive,True,9.366491318455797,261.61731481593813,340.14006626511895,1741.3314182734975
1785251519.7636974,RightHybridRe,inactive,True,3.1828036236496,349.7157021716379,338.3156378461414,1644.2083204449373
1785251519.7636974,DownHybridRe,inactive,True,8.700203881130571,306.80575575348826,382.38869161280405,1723.2997855162248
1785251519.7636974,UpHybridRe,inactive,True,4.605420454946967,305.4803944346961,296.46876086069653,1719.7802747130409
1785251519.7636974,CloseRe,inactive,True,7.63742025160487,346.76377736549216,377.4715977546573,1499.9749120487177
1785251519.7636974,OpenRe,inactive,True,11.353281093944489,265.6879125721233,379.9294530763501,1585.1986206780566
1785251519.7636974,CloserHybridRe,inactive,True,2.8830151361101164,346.9675948424067,300.3760630921983,1496.951686509521
1785251519.7636974,FartherHybridRe,inactive,True,9.061588866301593,263.42857377444636,301.3423961261291,1580.7858790176251
1785251519.7636974,SwitchRef2,inactive,True,26.786714786638253,279.770619680309,438.7314084880893,3621.112937670834
1785251519.7636974,SwitchRef1,inactive,True,36.58183118613753,673.4653491157502,420.8261007697357,8723.901400753486
1785251520.2635775,LeftHybridRe,inactive,True,4.348373186547972,268.2911929059959,339.3888662498953,1791.6129768203537
1785251520.2635775,RightHybridRe,inactive,True,7.937303327821734,356.51016107225985,338.3302454786386,1607.474746983171
1785251520.2635775,DownHybridRe,inactive,True,8.253830107515936,313.3561909690303,382.10344311971306,1728.3005172642515
1785251520.2635775,UpHybridRe,inactive,True,3.519432087971772,313.1123335154306,296.0253051553556,1724.329247435082
1785251520.2635775,CloseRe,inactive,True,10.285388005832123,353.1123758937742,377.2393052459131,1469.4631404336178
1785251520.2635775,OpenRe,inactive,True,8.149720937155028,271.91636028513307,379.5888714328981,1628.1356043529377
1785251520.2635775,CloserHybridRe,inactive,True,7.603772840943127,354.26538893000827,300.5957574642272,1464.7792672682262
1785251520.2635775,FartherHybridRe,inactive,True,3.9846957590991656,270.62803521113096,300.2358458796723,1624.3671479783443
1785251520.2635775,SwitchRef2,inactive,True,25.778016838343394,285.9902030261401,438.00471709690214,3659.3354790719095
1785251520.2635775,SwitchRef1,inactive,True,37.95910549429769,679.7225119607451,421.09998473580856,8653.578046155686
1785251520.7635155,LeftHybridRe,inactive,True,8.89021546740466,265.0937756818739,335.30821901213756,1858.2422322920684
1785251520.7635155,RightHybridRe,inactive,True,14.453013830360101,354.25173084246853,333.9216626096362,1594.0935623945115
1785251520.7635155,DownHybridRe,inactive,True,15.430993524869775,310.5197345798442,377.5143330584042,1692.6047297381956
1785251520.7635155,UpHybridRe,inactive,True,6.859629646415047,311.16233069705095,291.15323538259577,1809.2176553052122
1785251520.7635155,CloseRe,inactive,True,17.510788083595646,350.0762956204266,372.34668660316436,1414.2373894375269
1785251520.7635155,OpenRe,inactive,True,13.882526957335438,268.8339565688282,375.47789155311716,1630.641321371506
1785251520.7635155,CloserHybridRe,inactive,True,11.92903258844728,352.81047264096725,295.956778409758,1499.588358301
1785251520.7635155,FartherHybridRe,inactive,True,3.956522743913151,267.4546554418728,295.34524635759,1739.2875321809697
1785251520.7635155,SwitchRef2,inactive,True,26.511542065763894,282.9196968142641,433.5546125318078,3643.5936003455136
1785251520.7635155,SwitchRef1,inactive,True,37.88097010278312,678.6262061552252,417.99000710693423,8645.178219698922
1785251521.2636173,LeftHybridRe,inactive,True,7.404865561800258,240.35751704699908,343.14502262254047,1945.2835713507593
1785251521.2636173,RightHybridRe,inactive,True,17.2347317564348,328.9429484306044,338.1335712150657,1540.9644887989416
1785251521.2636173,DownHybridRe,inactive,True,15.077150387801789,287.76665703431195,384.14896030468935,1738.8771630577976
1785251521.2636173,UpHybridRe,inactive,True,11.336911329989098,285.0312924497364,297.03828511505634,1774.1899244657907
1785251521.2636173,CloseRe,inactive,True,18.67414299584096,326.6589012733253,376.8482722531647,1400.3830225454803
1785251521.2636173,OpenRe,inactive,True,11.497229178778971,245.48456734081998,384.30393157966637,1741.6818806047813
1785251521.2636173,CloserHybridRe,inactive,True,16.39254613521929,325.84816596339465,300.60901502488446,1421.9147765381422
1785251521.2636173,FartherHybridRe,inactive,True,6.039993825808351,241.51330463180034,302.48883287888333,1777.985127030217
1785251521.2636173,SwitchRef2,inactive,True,25.666845665587456,262.91580579659217,441.6732543037265,3803.02205935066
1785251521.2636173,SwitchRef1,inactive,True,32.898354518328425,658.0091588000297,408.41127525777927,8996.841214721237
1785251521.7634914,LeftHybridRe,inactive,True,16.90552567549251,235.9067919720009,344.8776589119733,1756.6277781272074
1785251521.7634914,RightHybridRe,inactive,True,6.309464791187164,324.93273255151126,338.47786352636393,1749.6331607280736
1785251521.7634914,DownHybridRe,inactive,True,13.795408111054469,283.6767920123375,385.6561446298527,1781.9924444210556
1785251521.7634914,UpHybridRe,inactive,True,11.831554983850522,277.4235470184772,298.0643094977118,1782.175678240208
1785251521.7634914,CloseRe,inactive,True,9.760276905187578,324.156019247415,378.8853914405496,1590.8686558567642
1785251521.7634914,OpenRe,inactive,True,17.832986174420807,242.2482551828528,384.93469987259823,1600.8329119527043
1785251521.7634914,CloserHybridRe,inactive,True,6.674714318291834,319.959964073525,299.5767169736905,1592.7598224879257
1785251521.7634914,FartherHybridRe,inactive,True,16.681816687092553,235.5079146401588,305.5084562319977,1598.2088646024713
1785251521.7634914,SwitchRef2,inactive,True,25.975873524711233,260.71596789644025,443.8102741084108,3730.0210061053876
1785251521.7634914,SwitchRef1,inactive,True,32.16008647571659,655.1271247793346,404.613886961313,9198.969539853322
1785251522.2635293,LeftHybridRe,inactive,True,45.76543052105365,690.6846228696538,416.0055943343084,1676.15146272126
1785251522.2635293,RightHybridRe,inactive,True,51.94512119157586,771.6516147668367,419.6671740460456,1657.784342418483
1785251522.2635293,DownHybridRe,inactive,True,49.98079292791493,725.1855336647391,462.61992981798954,1666.73321350888
1785251522.2635293,UpHybridRe,inactive,True,48.39478649102496,737.0641554589577,372.5039855618116,1691.1611092275853
1785251522.2635293,CloseRe,inactive,True,52.411448544716656,763.1094547368998,460.3262577252831,1514.8185537499667
1785251522.2635293,OpenRe,inactive,True,47.08678449991915,688.1489096501384,457.8827114323819,1512.7812739732035
1785251522.2635293,CloserHybridRe,inactive,True,51.332792101189575,774.9073248262862,379.60721255846875,1524.8025954237382
1785251522.2635293,FartherHybridRe,inactive,True,45.19718553014703,698.217699769105,374.9377514629514,1550.7989714548603
1785251522.2635293,SwitchRef2,inactive,True,53.91826224156902,686.2665840914078,517.7291900462793,3373.1475685565674
1785251522.2635293,SwitchRef1,inactive,True,32.16008647571659,655.1271247793346,404.613886961313,9198.969539853322
1785251522.7640886,LeftHybridRe,inactive,True,47.2393690329413,695.7448931155539,416.41786375408935,1696.5881053491903
1785251522.7640886,RightHybridRe,inactive,True,53.31523639857983,776.3157867302034,421.5422517545368,1667.987943134678
1785251522.7640886,DownHybridRe,inactive,True,51.334493427386974,728.8670487029024,464.193772532701,1678.0064498994325
1785251522.7640886,UpHybridRe,inactive,True,49.88937998211879,743.1830048344358,373.1870733894379,1711.1338570865482
1785251522.7640886,CloseRe,inactive,True,53.73004954316308,766.6635214903085,462.4530819310391,1520.028164489835
1785251522.7640886,OpenRe,inactive,True,48.47804607925014,692.1006535375822,458.8282880542264,1528.568982426048
1785251522.7640886,CloserHybridRe,inactive,True,52.75596310741145,780.7264659710191,381.1055312986524,1539.4659869273019
1785251522.7640886,FartherHybridRe,inactive,True,46.74382766587931,704.3609178740605,374.8865984925578,1572.2589075119758
1785251522.7640886,SwitchRef2,inactive,True,54.70358159040706,688.6521381493721,518.1706389841188,3398.7804121004883
1785251522.7640886,SwitchRef1,inactive,True,32.16008647571659,655.1271247793346,404.613886961313,9198.969539853322
1785251523.2636316,LeftHybridRe,inactive,True,46.45050151602212,692.5395011108085,416.19671530272467,1698.5998851670593
1785251523.2636316,RightHybridRe,inactive,True,52.61926951247425,773.4509317044183,421.29347064484,1673.0661514907843
1785251523.2636316,DownHybridRe,inactive,True,50.61285689416139,726.1292881955774,463.9042732409145,1684.0011245744536
1785251523.2636316,UpHybridRe,inactive,True,49.13500315447062,739.8167342599502,373.0451310315293,1711.6127167245722
1785251523.2636316,CloseRe,inactive,True,53.04538761827656,764.0820243800259,462.1823997532722,1527.277576116263
1785251523.2636316,OpenRe,inactive,True,47.715231435713854,689.1743360573037,458.5238900401961,1532.2284413127927
1785251523.2636316,CloserHybridRe,inactive,True,52.04844411881933,777.5375957918035,380.9106838860535,1541.0525082531676
1785251523.2636316,FartherHybridRe,inactive,True,45.94296814823266,700.8869531103942,374.7749965612534,1572.0465084146126
1785251523.2636316,SwitchRef2,inactive,True,53.546517055586726,686.0994481272792,517.8112780444566,3357.9145608491963
1785251523.7636778,LeftHybridRe,inactive,True,46.56375849227849,691.7747822683302,413.44008145158335,1708.5036996139243
1785251523.7636778,RightHybridRe,inactive,True,52.750070649784085,772.881139214428,418.36899596500945,1676.903161943308
1785251523.7636778,DownHybridRe,inactive,True,50.75684561830386,725.0054318605471,461.0591629814451,1681.1392484148964
1785251523.7636778,UpHybridRe,inactive,True,49.23873402354966,739.6515297341508,370.0854411679635,1727.647101145878
1785251523.7636778,CloseRe,inactive,True,53.19031073831893,762.9965486845196,459.22665816272854,1522.0535357506888
1785251523.7636778,OpenRe,inactive,True,47.853897148752544,688.0434723519415,455.7889188952058,1533.398679919308
1785251523.7636778,CloserHybridRe,inactive,True,52.16529344359902,777.4688434760585,377.91371774385783,1553.2588694100268
1785251523.7636778,FartherHybridRe,inactive,True,46.03338309296836,700.4989473761065,371.87814146124725,1588.2146561290574
1785251523.7636778,SwitchRef2,inactive,True,53.822658177142756,685.10295712594,515.7009492279293,3410.4621000721527
1785251524.2635708,LeftHybridRe,inactive,True,46.06939750285734,691.2622783347853,412.11194974475376,1713.0569015213987
1785251524.2635708,RightHybridRe,inactive,True,52.33357401754083,772.4258422008525,417.7853197423743,1684.7188110924908
1785251524.2635708,DownHybridRe,inactive,True,50.26250421710959,724.764734986152,460.25780888177735,1695.0075164295558
1785251524.2635708,UpHybridRe,inactive,True,48.838558065599756,738.8698457210946,369.1171736634139,1725.7319353252678
1785251524.2635708,CloseRe,inactive,True,52.738919986133126,762.830318382248,458.7606706581306,1536.2478011782805
1785251524.2635708,OpenRe,inactive,True,47.31548022686023,687.7205130852269,454.60768792801923,1544.042562433955
1785251524.2635708,CloserHybridRe,inactive,True,51.784367339802216,776.7031665130379,377.27109632878637,1553.2440521592507
1785251524.2635708,FartherHybridRe,inactive,True,45.5997544306384,699.7802513576435,370.5613529289525,1585.8264816170995
1785251524.2635708,SwitchRef2,inactive,True,53.618015578371576,684.1805948241688,514.529407728788,3415.92485406957
1785251524.763584,LeftHybridRe,inactive,True,44.39881418746978,676.2305291735954,410.14590505276556,1734.5022435309365
1785251524.763584,RightHybridRe,inactive,True,50.94411451330881,757.9430170682285,415.49213350594397,1679.7992944034922
1785251524.763584,DownHybridRe,inactive,True,48.86507002799782,709.6311467801381,457.9751037988919,1689.8584275303583
1785251524.763584,UpHybridRe,inactive,True,47.20661497519125,724.6971689997783,366.9843405562484,1746.026987450794
1785251524.763584,CloseRe,inactive,True,51.43209819858876,747.7927768358127,456.2867850185189,1521.1014484150219
1785251524.763584,OpenRe,inactive,True,45.80448034370105,672.3511638634001,452.5067152317538,1550.6640615153592
1785251524.763584,CloserHybridRe,inactive,True,50.3130456960441,762.6928389042046,375.0137635034515,1558.8171719084785
1785251524.763584,FartherHybridRe,inactive,True,43.81233982534461,685.1089699483375,368.5421376586261,1615.100231586839
1785251524.763584,SwitchRef2,inactive,True,51.96282921063108,668.9656410417745,511.7974189517188,3432.9887718567625
1785251525.2636383,LeftHybridRe,inactive,True,15.11298828161217,243.09994544326045,400.05889890711245,1795.0088439716274
1785251525.2636383,RightHybridRe,inactive,True,10.867852155649082,332.7948026055904,395.4032376646368,1680.0123118453994
1785251525.2636383,DownHybridRe,inactive,True,16.866734895116977,290.2200352009275,440.8835751185536,1741.198132857142
1785251525.2636383,UpHybridRe,inactive,True,7.579761122949885,286.73148163042754,354.5296482259549,1792.699653666823
1785251525.2636383,CloseRe,inactive,True,15.674107916507309,330.6058446249727,434.6189165119412,1510.0831242896747
1785251525.2636383,OpenRe,inactive,True,18.509628226553502,248.35618092842927,439.82192061918386,1615.4543923813471
1785251525.2636383,CloserHybridRe,inactive,True,6.033889146646955,329.2158484718356,357.18337666742093,1555.5362308895565
1785251525.2636383,FartherHybridRe,inactive,True,12.032055791925966,243.82476017313593,360.7381688918482,1651.644180955118
1785251525.2636383,SwitchRef2,inactive,True,31.45979282167672,266.3254375284067,498.4046919900406,3667.179199684062
1785251525.2636383,SwitchRef1,inactive,True,36.84608335844102,663.9622279793414,460.2740256316068,8588.129324904294
1785251525.764092,LeftHybridRe,inactive,True,15.729860081051037,325.9317382970487,386.02484007976625,1736.649239781298
1785251525.764092,RightHybridRe,inactive,True,15.552199052832046,415.0075351200134,380.29396459557114,1676.384831490781
1785251525.764092,DownHybridRe,inactive,True,19.906958478200266,373.1856487370352,425.5438924665883,1665.6964056028228
1785251525.764092,UpHybridRe,inactive,True,9.084014170510446,368.2565998343775,340.03546017075536,1815.8438967147886
1785251525.764092,CloseRe,inactive,True,20.031327820550576,413.0595493329876,419.1003718046313,1467.5013203622657
1785251525.764092,OpenRe,inactive,True,20.161509060828216,332.1118095344136,424.7660149845609,1517.778251941556
1785251525.764092,CloserHybridRe,inactive,True,10.965956611657775,411.04943190109736,341.97197338398104,1589.3970904066664
1785251525.764092,FartherHybridRe,inactive,True,11.2161754603697,325.53364413541874,347.0062459979107,1643.585140824609
1785251525.764092,SwitchRef2,inactive,True,29.801424739073163,348.27086711312825,482.9336067027431,3663.0093029576237
1785251525.764092,SwitchRef1,inactive,True,43.45076612488922,713.2135082053828,446.9855809489271,8685.573021564385
1785251526.2639203,LeftHybridRe,inactive,True,20.838723962713566,194.84551006748683,387.853979295681,1815.0902354787286
1785251526.2639203,RightHybridRe,inactive,True,11.263417326145346,284.78400811360757,377.6309037892557,1768.8307507038844
1785251526.2639203,DownHybridRe,inactive,True,18.59328459697098,245.05684939885347,426.67773738690073,1813.658527469066
1785251526.2639203,UpHybridRe,inactive,True,14.927196866502083,235.1810997367866,339.0012981284285,1821.1742420616356
1785251526.2639203,CloseRe,inactive,True,14.801267492170563,285.6603020470477,418.0778379000871,1604.7150483533987
1785251526.2639203,OpenRe,inactive,True,22.21525681700951,202.87726522685062,427.9016956067127,1655.66291401739
1785251526.2639203,CloserHybridRe,inactive,True,9.860211375008829,278.21282316173676,338.81220242935944,1617.7169960293977
1785251526.2639203,FartherHybridRe,inactive,True,19.836001343744886,192.87729973212933,348.1789381180401,1652.2133452356393
1785251526.2639203,SwitchRef2,inactive,True,29.7997249899941,225.73516173928036,485.7324609308249,3822.3968505559315
1785251526.2639203,SwitchRef1,inactive,True,25.421063334277047,622.0313550264091,426.34385191251437,9443.046780824123
1785251526.7636123,LeftHybridRe,inactive,True,23.191973501936843,217.13129173218167,378.29782155886625,1739.2021604925103
1785251526.7636123,RightHybridRe,inactive,True,13.84522819176454,305.6337317915222,367.83248229350477,1779.0620097156643
1785251526.7636123,DownHybridRe,inactive,True,21.263911012911908,267.42597103414573,416.6266810095348,1752.3712142463119
1785251526.7636123,UpHybridRe,inactive,True,16.92370913125377,255.184882740534,329.34049192173234,1820.8832169189482
1785251526.7636123,CloseRe,inactive,True,17.529840639819803,307.3871265267447,408.2156388990789,1585.8617384436075
1785251526.7636123,OpenRe,inactive,True,24.771408348700188,226.31657457006094,417.65486567088766,1560.8289349697807
1785251526.7636123,CloserHybridRe,inactive,True,11.937895034756094,298.1558987156316,328.7307037904435,1649.8027860330913
1785251526.7636123,FartherHybridRe,inactive,True,21.882769705889302,213.81985429037053,338.9158540188898,1610.4990288135014
1785251526.7636123,SwitchRef2,inactive,True,29.561408682283353,238.67624062613595,477.1692683628702,3733.9357856847346
1785251526.7636123,SwitchRef1,inactive,True,29.778653681678435,643.6327119687569,416.67661814900964,9456.307134436007
1785251527.2638686,LeftHybridRe,inactive,True,51.90353432458793,723.6861101663965,425.0359634613731,1695.2820107773005
1785251527.2638686,RightHybridRe,inactive,False,57.28315709072224,804.0387327857861,426.6931237598106,1689.0682768543775
1785251527.2638686,DownHybridRe,inactive,True,55.5854489138435,757.5315994918708,471.76069101964123,1692.9594764426292
1785251527.2638686,UpHybridRe,inactive,True,54.17751642320154,770.1670865742899,379.2499564388959,1724.1597735948453
1785251527.2638686,CloseRe,inactive,True,57.69220264788324,795.2468197848364,468.4195306757035,1540.164762233646
1785251527.2638686,OpenRe,inactive,True,53.05711245819915,720.8594479041924,468.00533189085877,1532.2903984103468
1785251527.2638686,CloserHybridRe,inactive,False,56.732207271588955,807.812820541283,385.6805220472774,1560.7840710884193
1785251527.2638686,FartherHybridRe,inactive,True,51.3817189878289,731.6298988927656,382.7168813850683,1572.626639686452
1785251527.2638686,SwitchRef2,inactive,True,58.61573856651818,718.2929862245303,527.6197103447786,3349.821548562002
1785251527.2638686,SwitchRef1,inactive,True,29.778653681678435,643.6327119687569,416.67661814900964,9456.307134436007
1785251527.7636602,LeftHybridRe,inactive,True,50.50450375201232,716.0604688163548,420.0868395448008,1709.3878074102977
1785251527.7636602,RightHybridRe,inactive,True,56.09932693383455,797.1147525959746,421.4581695300832,1700.0662233138282
1785251527.7636602,DownHybridRe,inactive,True,54.346959883249525,750.4377170364476,466.5926860377691,1700.043156257423
1785251527.7636602,UpHybridRe,inactive,True,52.85817605965892,762.683964354108,374.18967785878715,1739.2294390978932
1785251527.7636602,CloseRe,inactive,True,56.53501538323978,788.4204095037956,463.13102420242575,1546.7936712436494
1785251527.7636602,OpenRe,inactive,True,51.72207535096631,713.4483999649054,462.9581446324456,1540.4854742798489
1785251527.7636602,CloserHybridRe,inactive,False,55.51995661449775,800.6934314711231,380.46228471511165,1573.3930642531486
1785251527.7636602,FartherHybridRe,inactive,True,49.94971443277448,723.792845346245,377.7927046763324,1588.5381979092053
1785251527.7636602,SwitchRef2,inactive,True,57.54589392688068,711.4651205295713,522.3305203590782,3398.837962285237
1785251527.7636602,SwitchRef1,inactive,True,29.778653681678435,643.6327119687569,416.67661814900964,9456.307134436007
1785251528.263583,LeftHybridRe,inactive,True,48.658710841467204,710.2585649204243,415.62330905256067,1689.9582492540358
1785251528.263583,RightHybridRe,inactive,True,54.47592957405819,791.0901420925504,418.6985734828125,1687.4071990568482
1785251528.263583,DownHybridRe,inactive,True,52.57180315112273,744.9526519326124,462.6808170254224,1695.2564114349661
1785251528.263583,UpHybridRe,inactive,True,51.19540085231056,756.2167269715085,371.13561594709336,1709.3675343152718
1785251528.263583,CloseRe,inactive,True,54.86874645600026,782.9042813408831,460.04997666154316,1546.1785867823055
1785251528.263583,OpenRe,inactive,True,49.832810612790844,707.9829984332605,458.2062848196521,1532.3121850813332
1785251528.263583,CloserHybridRe,inactive,True,53.93865769240749,794.1031436691708,378.07209509655536,1549.4930727808387
1785251528.263583,FartherHybridRe,inactive,True,48.185652858377054,717.5787013213252,373.89785375060524,1560.0214316451602
1785251528.263583,SwitchRef2,inactive,True,56.58914235585089,705.9256448015374,518.8702133031788,3385.8652053023397
1785251528.7634819,LeftHybridRe,inactive,True,48.17699353025708,703.6161623168555,413.60667493932664,1731.0152106035966
1785251528.7634819,RightHybridRe,inactive,True,54.1588374162076,784.9942895641747,415.92433961761037,1707.4837688075204
1785251528.7634819,DownHybridRe,inactive,True,52.226007676197185,738.7520026672406,460.826917360828,1721.9759762800823
1785251528.7634819,UpHybridRe,inactive,True,50.770054433886735,749.8283191951733,368.14893624035113,1742.972643518864
1785251528.7634819,CloseRe,inactive,True,54.57804931665915,776.8584934607378,457.7463609966968,1562.5911185121222
1785251528.7634819,OpenRe,inactive,True,49.41467558063333,701.4624669785134,456.7091188800475,1565.2795859390171
1785251528.7634819,CloserHybridRe,inactive,True,53.59560887944629,787.914339226616,374.842190724854,1570.5703596129024
1785251528.7634819,FartherHybridRe,inactive,True,47.66763709357541,710.845996562761,371.2674532220866,1600.3907753544918
1785251528.7634819,SwitchRef2,inactive,True,55.634429729961596,699.5004427735928,516.7187228944932,3459.610477792943
1785251529.2636042,LeftHybridRe,inactive,True,47.63519809875244,703.6880167137681,412.46802779889964,1713.6752799392852
1785251529.2636042,RightHybridRe,inactive,True,53.64579185932094,785.1049550435037,415.79547453455416,1702.9370508851716
1785251529.2636042,DownHybridRe,inactive,True,51.67717673890848,738.5572040986419,459.81041095955806,1711.1269709509797
1785251529.2636042,UpHybridRe,inactive,True,50.265137930912644,750.0854484251888,367.9330658489147,1730.8973748690041
1785251529.2636042,CloseRe,inactive,True,54.04925393490232,776.74091234546,457.2595271131362,1558.092971608654
1785251529.2636042,OpenRe,inactive,True,48.84907450216037,701.3204903718514,455.2119970061651,1550.5208203754737
1785251529.2636042,CloserHybridRe,inactive,True,53.09793296270285,788.2202456194204,375.0108382741854,1565.6861875470495
1785251529.2636042,FartherHybridRe,inactive,True,47.15438411293081,711.1069587712198,370.5700957622213,1583.569748926806
1785251529.2636042,SwitchRef2,inactive,True,55.41116345159503,699.6211295280648,515.5520459968833,3424.6081679984054
1785251529.7634895,LeftHybridRe,inactive,True,47.969052465900496,703.1529732659039,411.7100085819792,1724.2018694547005
1785251529.7634895,RightHybridRe,inactive,True,53.964170806652845,784.6442105395433,414.16536145577913,1704.3062485313567
1785251529.7634895,DownHybridRe,inactive,True,52.03467978754627,738.0059991027915,458.74051004759474,1710.6161156039452
1785251529.7634895,UpHybridRe,inactive,True,50.557675112589486,749.7225872827341,366.5063938548441,1743.4738404558157
1785251529.7634895,CloseRe,inactive,True,54.39106226992914,776.1534036382197,455.7499525798773,1553.72768106914
1785251529.7634895,OpenRe,inactive,True,49.21876842860598,700.7499168584861,454.5723777075351,1554.399860090576
1785251529.7634895,CloserHybridRe,inactive,True,53.39293888797311,787.894111057633,373.2348574241488,1572.9339116113842
1785251529.7634895,FartherHybridRe,inactive,True,47.44861383466463,710.6253726232237,369.5526974240139,1598.4604408572486
1785251529.7634895,SwitchRef2,inactive,True,55.00126220946616,698.6480465235691,514.5069311214161,3415.098764824448
1785251530.2635827,LeftHybridRe,inactive,True,44.74679256103546,680.9465991727709,405.497500692025,1730.2100851735304
1785251530.2635827,RightHybridRe,inactive,True,51.21185897839624,762.849965551585,407.7784300523344,1680.8759877232078
1785251530.2635827,DownHybridRe,inactive,True,49.19279272946686,716.0195209845604,451.95679166191087,1689.7175292519096
1785251530.2635827,UpHybridRe,inactive,True,47.476824943313794,727.8928815925692,360.6085450028137,1743.6112086517242
1785251530.2635827,CloseRe,inactive,True,51.721514847041156,754.1553050272345,448.8803791578654,1523.4315095673956
1785251530.2635827,OpenRe,inactive,True,46.17448373786175,678.5463233665336,447.8853776046828,1547.7959600167233
1785251530.2635827,CloserHybridRe,inactive,True,50.55798931654493,766.1703724264771,367.1995446216603,1558.6181915391207
1785251530.2635827,FartherHybridRe,inactive,True,44.1209413028412,688.3880300611277,363.67075436713077,1611.089280061191
1785251530.2635827,SwitchRef2,inactive,True,52.586166205605934,677.0663177772238,507.2677507760026,3356.1848323583254
1785251530.763582,LeftHybridRe,inactive,True,16.909297331086144,240.39369891393866,384.11162847450026,1794.6597591817044
1785251530.763582,RightHybridRe,inactive,True,8.566675437471035,330.29371778867824,377.0504059009433,1758.6302149821422
1785251530.763582,DownHybridRe,inactive,True,16.082386029137115,289.02770898767284,424.55600994323424,1793.1580948734336
1785251530.763582,UpHybridRe,inactive,True,10.09741974626421,282.10869362659344,336.76053039555734,1820.2423431157804
1785251530.763582,CloseRe,inactive,True,13.283695168598586,329.71138370254073,417.37371546523684,1588.0939412985463
1785251530.763582,OpenRe,inactive,True,19.110220425608418,247.12566897679943,424.2496729377875,1626.4665965536697
1785251530.763582,CloserHybridRe,inactive,True,5.204512552135101,325.07347309843794,338.06404648496124,1614.809960878294
1785251530.763582,FartherHybridRe,inactive,True,15.267307695708762,239.6536878343834,344.44028425818067,1642.110705337327
1785251530.763582,SwitchRef2,inactive,True,29.331529639501692,266.1660956212604,482.6894724512214,3778.14397945338
1785251530.763582,SwitchRef1,inactive,True,35.10143436102225,665.9536359536378,436.93523162040333,9094.328969386159
1785251531.2636287,LeftHybridRe,inactive,True,7.892097000487476,236.85444694407678,385.00597303112505,1898.8397001261255
1785251531.2636287,RightHybridRe,inactive,True,9.522911121704752,327.08259029635934,376.27733883408297,1648.6884453660969
1785251531.2636287,DownHybridRe,inactive,True,12.111685657274187,286.1945786818043,424.1769300651372,1790.9912175530626
1785251531.2636287,UpHybridRe,inactive,True,1.8367424360344673,279.9584281706068,337.18366220288425,1804.5160337378475
1785251531.2636287,CloseRe,inactive,True,13.150910622273571,326.307294838556,415.644527606772,1501.108196304478
1785251531.2636287,OpenRe,inactive,True,12.171557832803295,243.43072465286062,425.4811490034846,1720.237500042189
1785251531.2636287,CloserHybridRe,inactive,True,6.80438335609443,322.2524325900054,338.42774172525594,1512.2605811144604
1785251531.2636287,FartherHybridRe,inactive,True,4.340807094975953,236.51265568066526,344.94238305805214,1727.1595046445364
1785251531.2636287,SwitchRef2,inactive,True,29.32071800907482,264.4445686278094,482.6590685926302,3751.37464407731
1785251531.2636287,SwitchRef1,inactive,True,34.615802191517936,662.4421289868316,429.61902348962496,9042.1042490025
1785251531.7635057,LeftHybridRe,inactive,True,9.591228937319336,226.05320791439894,385.40634141199996,2010.90541736874
1785251531.7635057,RightHybridRe,inactive,True,18.527974467602416,315.42121705362206,376.57373968974366,1550.460953826041
1785251531.7635057,DownHybridRe,inactive,True,12.036109791747698,277.23295503486224,425.5154972075721,1911.9499313161723
1785251531.7635057,UpHybridRe,inactive,True,17.10569155340203,268.36705333578914,338.2715433314602,1678.112599655302
1785251531.7635057,CloseRe,inactive,True,16.92466422750276,316.7928509231557,416.0465957990672,1509.7380840894984
1785251531.7635057,OpenRe,inactive,True,7.135128648014578,233.20163201901715,427.69774792387625,1944.5721582359838
1785251531.7635057,CloserHybridRe,inactive,True,20.44416086661443,308.92480540501026,340.05961786173873,1342.0959806918036
1785251531.7635057,FartherHybridRe,inactive,True,13.699435115503185,225.48934503765022,345.2130518127585,1707.8696793171803
1785251531.7635057,SwitchRef2,inactive,True,29.058134875995247,255.98367075845394,483.7548105422248,3777.842451757897
1785251531.7635057,SwitchRef1,inactive,True,31.74694654227735,651.0413044597718,427.8019351603949,9194.323091654791
1785251532.2657027,LeftHybridRe,inactive,True,39.8037936526509,646.6999797794596,419.9979003264065,1688.5560862569255
1785251532.2657027,RightHybridRe,inactive,True,46.805254132544604,727.9871724058019,428.1371083238907,1624.098115680681
1785251532.2657027,DownHybridRe,inactive,True,44.65472404375076,679.5562593486646,467.96920760957494,1649.295950335334
1785251532.2657027,UpHybridRe,inactive,True,42.714624325914066,695.395564730414,379.70132163152937,1686.249811134272
1785251532.2657027,CloseRe,inactive,True,47.39639202893426,717.5324454352701,467.7264890840959,1479.3662901971547
1785251532.2657027,OpenRe,inactive,True,41.407107571066064,642.3854367677859,461.15076444117733,1514.3599336990737
1785251532.2657027,CloserHybridRe,inactive,True,46.07558368044081,732.9488492340179,388.76633271338335,1496.2882292845607
1785251532.2657027,FartherHybridRe,inactive,True,39.09336651000919,655.9418220823312,379.8702489341435,1564.7637629816018
1785251532.2657027,SwitchRef2,inactive,True,48.68026677395049,638.888445675386,520.0487715703388,3403.9661119929224
1785251532.2657027,SwitchRef1,inactive,True,32.11734704755567,654.0902122605938,429.0795015994539,9216.950572822505
1785251532.7636628,LeftHybridRe,inactive,True,41.32277571867548,655.5794113297956,416.6331493553446,1696.9579508431634
1785251532.7636628,RightHybridRe,inactive,True,48.20845586207968,736.386791756922,425.60393863412145,1630.3428637668258
1785251532.7636628,DownHybridRe,inactive,True,46.00550285855222,687.5430673713124,465.2986849707218,1654.3237983174622
1785251532.7636628,UpHybridRe,inactive,True,44.29096806461003,704.670566367809,376.4688100695156,1694.6018162283435
1785251532.7636628,CloseRe,inactive,True,48.71656475940091,725.357354203323,465.3566320124874,1482.8756723220577
1785251532.7636628,OpenRe,inactive,True,42.79206326396445,650.6552341884432,458.1384695778752,1521.485479355004
1785251532.7636628,CloserHybridRe,inactive,True,47.56060294458614,741.9666933002843,386.00904317755237,1504.8475258158578
1785251532.7636628,FartherHybridRe,inactive,True,40.732714172361504,665.3904912762326,376.209005577263,1573.0292437861353
1785251532.7636628,SwitchRef2,inactive,True,49.21200595145811,646.4500131703592,517.1916199059805,3401.482742608292
1785251532.7636628,SwitchRef1,inactive,True,32.11734704755567,654.0902122605938,429.0795015994539,9216.950572822505
1785251533.2635338,LeftHybridRe,inactive,True,38.86455214973169,640.8775301126263,412.9780920730752,1708.3000240385736
1785251533.2635338,RightHybridRe,inactive,True,46.04925366579244,722.6345726164212,421.1473533605469,1631.4356838998501
1785251533.2635338,DownHybridRe,inactive,True,43.8487937155929,673.787977211847,461.03265842181884,1654.789996908221
1785251533.2635338,UpHybridRe,inactive,True,41.854497822277196,690.0714337504203,372.56949003985574,1707.5661283182271
1785251533.2635338,CloseRe,inactive,True,46.658966879810905,711.885967170313,460.7437837686719,1478.7064353983442
1785251533.2635338,OpenRe,inactive,True,40.521480647407046,636.4356077408816,454.21082542456054,1525.1451415352349
1785251533.2635338,CloserHybridRe,inactive,True,45.30464923729968,727.8382698365238,381.6765188606629,1509.8452335672628
1785251533.2635338,FartherHybridRe,inactive,True,38.136411502704114,650.2675458830812,372.69678153159225,1588.134025410196
1785251533.2635338,SwitchRef2,inactive,True,47.62263160667951,632.5748977772887,513.1784967195102,3402.291203033703
1785251533.7635815,LeftHybridRe,inactive,True,39.09412711387294,110.16236887423884,440.0591618134327,1777.935923317913
1785251533.7635815,RightHybridRe,inactive,True,31.263732696529512,197.33124159207813,431.34647188838767,1784.5152954620062
1785251533.7635815,DownHybridRe,inactive,True,36.976604350910534,159.73996959859755,480.15493755814504,1797.1882463008515
1785251533.7635815,UpHybridRe,inactive,True,34.19721247184971,147.8667468361981,391.0716165694483,1795.1836918741465
1785251533.7635815,CloseRe,inactive,True,33.467978948098086,199.33727741381963,472.67013770438234,1616.5110442025689
1785251533.7635815,OpenRe,inactive,True,40.02799042214985,118.59934799983091,480.52693262085637,1640.8821582395612
1785251533.7635815,CloserHybridRe,inactive,True,30.144770850843212,189.6912606224991,391.3520481016513,1640.0300509225744
1785251533.7635815,FartherHybridRe,inactive,True,38.08356724784267,107.31306818695447,400.07976081044245,1613.9783706436137
1785251533.7635815,SwitchRef2,inactive,True,43.41540011696671,144.2104942164416,538.0943522058915,3702.486330012689
1785251533.7635815,SwitchRef1,inactive,True,24.406884426148306,534.3631623629575,481.16318154255373,9053.663788101156
1785251534.263745,LeftHybridRe,inactive,True,34.261249994235534,130.21295008676793,425.95556112131914,1952.2943313373362
1785251534.263745,RightHybridRe,inactive,True,25.46949523942362,222.16533108934712,412.51620106813334,1943.7880815925528
1785251534.263745,DownHybridRe,inactive,True,31.949958428077345,184.47667506053185,464.73522201569597,1943.3146929119248
1785251534.263745,UpHybridRe,inactive,True,28.778358253361752,168.20302670089475,373.4090663657928,1984.15597553923
1785251534.263745,CloseRe,hovered,True,28.087462759248087,225.84380621074865,454.90304911368054,1743.8263467505894
1785251534.263745,OpenRe,inactive,True,35.349528828324324,141.11881092097303,467.2088141398616,1777.2450954049418
1785251534.263745,CloserHybridRe,inactive,True,24.20768132527971,212.6476433827473,371.62970862657653,1798.5685700422327
1785251534.263745,FartherHybridRe,inactive,True,33.17090683930243,125.37094294529976,384.6780822011218,1790.541260968006
1785251534.263745,SwitchRef2,inactive,True,40.89028179372364,169.72913967679048,524.4819635904273,3983.343503901684
1785251534.263745,SwitchRef1,inactive,True,20.204393162736295,578.7285017798567,465.704634677412,11182.58961287621
1785251534.7636416,LeftHybridRe,inactive,True,34.08820499322458,120.99429653685456,403.7747447859079,2003.363608343545
1785251534.7636416,RightHybridRe,inactive,True,24.782174803240512,213.64198911595273,389.0822573564961,1998.1376594481408
1785251534.7636416,DownHybridRe,inactive,True,31.081623539413606,175.82388697238162,442.7852331752289,2002.2528271626652
1785251534.7636416,UpHybridRe,inactive,True,29.005743690698754,159.2290536052632,349.96635972977447,2025.993022638635
1785251534.7636416,CloseRe,inactive,True,26.889808263806,217.5157795080738,432.3496875123817,1801.8433431325248
1785251534.7636416,OpenRe,inactive,True,34.78845797885701,132.1042862681976,445.6763273997707,1827.2137786586063
1785251534.7636416,CloserHybridRe,inactive,True,24.239010314672818,203.9636231522942,347.5954261931353,1836.7132909496831
1785251534.7636416,FartherHybridRe,inactive,True,33.41284722271538,116.06319791365769,361.90505851965133,1832.5784254043774
1785251534.7636416,SwitchRef2,inactive,True,38.0929906373377,161.75791749525806,503.5795197039613,4082.346389257822
1785251534.7636416,SwitchRef1,inactive,True,14.992841896822688,573.6494256388843,444.9615260823522,11867.232664520867
1785251535.2636673,LeftHybridRe,inactive,True,35.056835298411805,116.72544450901688,401.914567185533,2006.100425253917
1785251535.2636673,RightHybridRe,inactive,True,25.785034730279666,209.16978774886408,386.8429001590517,2010.1293199450083
1785251535.2636673,DownHybridRe,inactive,True,31.968702217191083,171.73289481152779,440.9106496661158,2008.1877329417111
1785251535.2636673,UpHybridRe,inactive,True,30.092869550447418,154.53183848428736,347.7485120862097,2033.0363586153107
1785251535.2636673,CloseRe,inactive,True,27.76297166151734,213.3326587636439,430.3369038802632,1812.249505726897
1785251535.2636673,OpenRe,inactive,True,35.68067454357936,128.1030810748801,443.91094466020274,1828.975546142443
1785251535.2636673,CloserHybridRe,inactive,True,25.352986313302374,199.22042020245797,345.1601213331533,1847.5307326177426
1785251535.2636673,FartherHybridRe,inactive,True,34.44565710292413,111.5081574830865,359.92676144672635,1836.4879688815854
1785251535.2636673,SwitchRef2,inactive,True,38.67665624149874,157.90741349604716,502.25811285795754,4129.65973042242
1785251535.2636673,SwitchRef1,inactive,True,12.73737192877404,570.0219037796039,439.7029719428436,11955.160711889577
1785251535.763755,LeftHybridRe,inactive,True,35.93739556214457,112.41516865656945,401.41121105631464,1988.765719507399
1785251535.763755,RightHybridRe,inactive,True,26.75099292686323,204.06616121201446,385.50450472907244,1998.2027852644642
1785251535.763755,DownHybridRe,inactive,True,32.75056676892147,167.4049574085707,439.89945306848927,1995.534155482008
1785251535.763755,UpHybridRe,inactive,True,31.15035038876205,149.43355004838781,346.9704389364024,2014.687663268036
1785251535.763755,CloseRe,inactive,True,28.54797789066763,208.64101390840068,428.9871504191681,1804.1740789172181
1785251535.763755,OpenRe,inactive,True,36.458220633892466,124.09827349132274,443.2551607853585,1815.1907510735473
1785251535.763755,CloserHybridRe,inactive,True,26.471043340653775,193.771347202184,343.9302522466195,1833.7151109814477
1785251535.763755,FartherHybridRe,inactive,True,35.41590342292287,106.84463589845427,359.55686301189456,1819.2330270560578
1785251535.763755,SwitchRef2,inactive,True,38.9360745910334,154.38632446247715,501.1284168190562,4111.214621167121
1785251535.763755,SwitchRef1,inactive,True,18.11956379000263,563.7935173756562,431.6817322030884,11211.326461158606
1785251536.2637384,LeftHybridRe,inactive,True,35.59903938417983,115.16992323857392,397.164781729409,2003.609581480805
1785251536.2637384,RightHybridRe,hovered,True,26.276557523774283,207.14250744298738,380.51792570509116,2021.191913700488
1785251536.2637384,DownHybridRe,inactive,True,32.34390800256078,170.81921592016332,435.4037278175059,2008.7468227921563
1785251536.2637384,UpHybridRe,inactive,True,30.781496459373496,151.7910741192703,342.19479928645296,2040.0360168413754
1785251536.2637384,CloseRe,inactive,True,28.079189957931835,212.1430712873422,424.1580039206965,1820.2056354593224
1785251536.2637384,OpenRe,inactive,True,36.10904988419595,127.40309321658248,439.0470449026335,1822.242849749513
1785251536.2637384,CloserHybridRe,inactive,True,26.036832583930302,196.405278065608,338.79220411446755,1858.301356362088
1785251536.2637384,FartherHybridRe,inactive,True,35.09789329333252,109.0826128719815,355.16252704261433,1838.8054355975164
1785251536.2637384,SwitchRef2,inactive,True,36.828329480586355,158.15054582202194,497.2017472604829,4089.7472045676113
1785251536.2637384,SwitchRef1,inactive,True,18.37251603489548,567.4903105661398,424.95165896336533,11217.501124337345
1785251536.7635581,LeftHybridRe,inactive,True,33.44419536963499,125.50246036674139,395.33035760285446,2000.9568576960191
1785251536.7635581,RightHybridRe,active,True,23.857661262348085,217.73181671114298,378.42150239655143,2011.865983048272
1785251536.7635581,DownHybridRe,inactive,True,30.06336645584463,180.9487825086072,433.33209853818187,2012.6607143052097
1785251536.7635581,UpHybridRe,inactive,True,28.562731417489385,162.63047128591884,340.4689099067047,2028.1895500338105
1785251536.7635581,CloseRe,inactive,True,25.694134503585563,222.43690034577054,421.8880829391027,1818.6285618675902
1785251536.7635581,OpenRe,inactive,True,33.94633399450113,137.40989481548667,437.15422341228236,1826.033087268228
1785251536.7635581,CloserHybridRe,inactive,True,23.704597661049778,207.28976916979207,336.98846115901955,1842.7275599894383
1785251536.7635581,FartherHybridRe,inactive,True,32.98652705384977,119.80042647955662,353.4582487214749,1828.7152125020875
1785251536.7635581,SwitchRef2,inactive,True,36.16271706123993,167.5719228053566,495.0527744966522,4136.261646294457
1785251536.7635581,SwitchRef1,inactive,True,19.864804920346806,578.417671300116,424.284874415289,11189.831011211048
1785251537.2641768,LeftHybridRe,inactive,True,32.28437002232368,130.1284086918689,393.7924464901401,2015.9040467801242
1785251537.2641768,RightHybridRe,active,True,22.621002536712073,223.11963001911937,377.52565091817604,2015.9053620935738
1785251537.2641768,DownHybridRe,inactive,True,29.059823115861192,185.8312641623869,432.00895286043453,2014.1055319252591
1785251537.2641768,UpHybridRe,inactive,True,27.177076506027248,167.80444296265972,339.2233375817539,2047.682178309653
1785251537.2641768,CloseRe,inactive,True,24.710939491875706,227.58680011120293,420.82782279322345,1814.9697725909136
1785251537.2641768,OpenRe,inactive,True,32.9299736971308,141.99878301487178,435.58815313978414,1831.2714796520959
1785251537.2641768,CloserHybridRe,inactive,True,22.253355352502673,212.84947970884167,336.10705809436456,1854.0222064644877
1785251537.2641768,FartherHybridRe,inactive,True,31.704753907099356,124.50992422859593,351.87935887850506,1849.4634566831737
1785251537.2641768,SwitchRef2,inactive,True,36.243804530758894,171.7243792957687,493.38453205131566,4130.582728731395
1785251537.2641768,SwitchRef1,inactive,True,10.73659877942519,582.4563093214024,427.13631320894507,12721.896099750622
1785251537.7636518,LeftHybridRe,inactive,True,32.565729368422986,127.69495579258819,394.19549423308706,2015.7222584783303
1785251537.7636518,RightHybridRe,hovered,True,22.95951022202458,220.5566562673995,377.37987039314675,2011.7124006834856
1785251537.7636518,DownHybridRe,inactive,True,29.36638781212731,183.74628522225527,431.9777102219946,2007.4461691681863
1785251537.7636518,UpHybridRe,inactive,True,27.472342741678496,164.92074717626062,339.44935202708285,2048.754428646367
1785251537.7636518,CloseRe,inactive,True,25.040241834955374,225.36980886813845,420.56897775022463,1808.3050029313454
1785251537.7636518,OpenRe,inactive,True,33.21290079059286,139.95232112725256,435.8271953695182,1827.2977666921033
1785251537.7636518,CloserHybridRe,inactive,True,22.57522396328115,209.9535345737705,336.0647844716229,1853.3163596034574
1785251537.7636518,FartherHybridRe,inactive,True,31.977432322185425,121.68031414194286,352.36233350005,1853.0438342095767
1785251537.7636518,SwitchRef2,inactive,True,35.734490733980174,169.94854200370494,493.615383642295,4121.758512588687
1785251537.7636518,SwitchRef1,inactive,True,9.812245532780077,579.6340697843825,426.7200271904302,12830.942654730025
1785251538.2636204,LeftHybridRe,inactive,True,32.42993469509818,127.58015213987301,393.9281205987461,1997.4872518315278
1785251538.2636204,RightHybridRe,inactive,True,22.776960727677917,219.88332001157858,377.0790486126803,1994.6260595339627
1785251538.2636204,DownHybridRe,inactive,True,29.004008306263046,182.8531246462492,431.7616795886938,2005.9734478168248
1785251538.2636204,UpHybridRe,inactive,True,27.551094390873484,165.05852366182845,339.33228388716356,2014.9939311387134
1785251538.2636204,CloseRe,inactive,True,24.610998832415124,224.36202750017208,420.30803241132384,1806.3528797928157
1785251538.2636204,OpenRe,inactive,True,32.922107104394,139.25539177057567,435.62756763317486,1825.0835604216227
1785251538.2636204,CloserHybridRe,inactive,True,22.67182110518002,209.67511691730496,335.9183864196108,1824.3365527982678
1785251538.2636204,FartherHybridRe,inactive,True,31.998036790667634,122.13359690601027,352.2164695620245,1822.4153551420331
1785251538.2636204,SwitchRef2,inactive,True,36.313536350650054,169.574592887001,493.5102098949816,4094.6610647148736
1785251538.2636204,SwitchRef1,inactive,True,10.05845089833211,579.1424486584024,426.16010737860125,12716.172334726725
1785251538.763794,LeftHybridRe,inactive,True,32.138532734926585,131.63557866035018,393.45650802609293,2002.2984261973288
1785251538.763794,RightHybridRe,inactive,True,22.514043666427213,224.46792366040648,377.7696144837055,2003.4994969787003
1785251538.763794,DownHybridRe,inactive,True,28.994820874789006,187.0452594610976,431.81530707904915,1998.827068239705
1785251538.763794,UpHybridRe,inactive,True,26.971048535528727,169.4213457797781,339.28702200832413,2037.77667675673
1785251538.763794,CloseRe,inactive,True,24.679835883467742,228.73431345587653,420.9097695785627,1801.3655703874392
1785251538.763794,OpenRe,inactive,True,32.83452835778422,143.32779443329588,435.13850940165037,1816.5972406071814
1785251538.763794,CloserHybridRe,inactive,True,22.055862540641456,214.39483098986605,336.43734009572535,1845.0819127452924
1785251538.763794,FartherHybridRe,inactive,True,31.508949638776258,126.17477930227284,351.6580818541472,1839.1799090690783
1785251538.763794,SwitchRef2,inactive,True,35.577090661460744,173.478190145613,493.67190920606953,4113.656435899313
1785251538.763794,SwitchRef1,inactive,True,11.617330433567963,583.7170085479372,426.69937138797263,12793.094883304308
1785251539.2638373,LeftHybridRe,inactive,True,31.510247453576394,131.64462992412217,392.9621322666473,2014.5346069076513
1785251539.2638373,RightHybridRe,inactive,True,21.870645549190694,224.85338327142355,377.1079319063395,2000.3679177419108
1785251539.2638373,DownHybridRe,inactive,True,28.41927770162079,187.36758354917174,431.09823462455347,2000.127435001843
1785251539.2638373,UpHybridRe,inactive,True,26.275643762313432,169.59993892616689,338.78687178593685,2045.3972169804983
1785251539.2638373,CloseRe,inactive,True,24.118665251156106,229.14542627041334,420.092740041267,1796.569357705077
1785251539.2638373,OpenRe,inactive,True,32.252926725869855,143.4543274066038,434.561991555632,1824.3238349713938
1785251539.2638373,CloserHybridRe,inactive,True,21.346261939345233,214.73818340813403,335.90500188281607,1844.940747819648
1785251539.2638373,FartherHybridRe,inactive,True,30.844412852461197,126.10004560502011,351.193537199176,1852.9183669377671
1785251539.2638373,SwitchRef2,inactive,True,35.34810822017162,173.6773957598925,493.00251875894685,4109.781073217975
1785251539.2638373,SwitchRef1,inactive,True,12.133964767080968,584.1362159514174,426.71156580434433,12818.692896866938
1785251539.7636602,LeftHybridRe,inactive,True,32.154435676669586,131.24902662036556,392.64264581706783,2003.3782691096567
1785251539.7636602,RightHybridRe,inactive,True,22.476422586069415,223.98425832030176,376.6158241199064,2006.5805851956757
1785251539.7636602,DownHybridRe,inactive,True,28.887895121110155,186.60751201930267,430.9398443608953,2006.2036109879045
1785251539.7636602,UpHybridRe,inactive,True,27.083433628083107,168.99382406664444,338.28128564947696,2034.336588394981
1785251539.7636602,CloseRe,inactive,True,24.525577293775758,228.28945339677156,419.8689054483498,1808.7615168150733
1785251539.7636602,OpenRe,inactive,True,32.7733463580525,142.90630324168666,434.402587489649,1822.1700759303167
1785251539.7636602,CloserHybridRe,inactive,True,22.16042880176699,213.89170395737074,335.26450095574415,1843.0872334605265
1785251539.7636602,FartherHybridRe,inactive,True,31.603600257199034,125.82862371449579,350.81207370798364,1835.7327624731388
1785251539.7636602,SwitchRef2,inactive,True,35.89817616183431,172.80281312768858,492.6168143156217,4128.209517981097
1785251539.7636602,SwitchRef1,inactive,True,11.5983898949904,583.1539176963665,426.28916012167093,12827.084942556045
1785251540.2636838,LeftHybridRe,inactive,True,31.783011185007666,132.72162004699032,392.08654961542436,2004.592790445622
1785251540.2636838,RightHybridRe,inactive,True,22.041309463024824,225.45276312718548,375.7082088666133,2006.1758392061747
1785251540.2636838,DownHybridRe,inactive,True,28.444997113260957,188.12497583103385,430.21347589584263,2009.9353014087974
1785251540.2636838,UpHybridRe,hovered,True,26.74540288705757,170.4374576291207,337.59402923571565,2031.9304629910912
1785251540.2636838,CloseRe,inactive,True,24.04794645523534,229.81189239277603,418.9655604085796,1811.1592690301986
1785251540.2636838,OpenRe,inactive,True,32.36810640291285,144.40458040474277,433.84551241936623,1825.655795980645
1785251540.2636838,CloserHybridRe,inactive,True,21.80232621392046,215.31680388952597,334.4174383441153,1839.915920763804
1785251540.2636838,FartherHybridRe,inactive,True,31.274331972935872,127.2888843500076,350.2711293983843,1834.2245631600854
1785251540.2636838,SwitchRef2,inactive,True,35.853288708268316,173.96607833679693,491.6675554922184,4114.38318183738
1785251540.2636838,SwitchRef1,inactive,True,11.554715594162516,584.4092897215387,425.4494059118668,12699.85451290058
1785251540.7636557,LeftHybridRe,inactive,True,31.668256653768506,133.00443985547355,391.52286620577763,2002.6991082625136
1785251540.7636557,RightHybridRe,inactive,True,21.97029731481738,225.8610735222677,375.69935557891415,2001.2528652966066
1785251540.7636557,DownHybridRe,inactive,True,28.448008527039217,188.36600945324844,429.8128520950431,2000.8510514514783
1785251540.7636557,UpHybridRe,active,True,26.533682395667828,170.8905484414161,337.33311746447566,2034.4481776816574
1785251540.7636557,CloseRe,inactive,True,24.09508024554267,230.0744924507269,418.8264701645151,1801.8788520525704
1785251540.7636557,OpenRe,inactive,True,32.32949018944512,144.62802701704754,433.2081115305061,1818.7928861340915
1785251540.7636557,CloserHybridRe,inactive,True,21.593854093212844,215.84854468036906,334.4290941440109,1840.434217708127
1785251540.7636557,FartherHybridRe,inactive,True,31.083815858150558,127.62675468622336,349.7448594946477,1837.3328159035755
1785251540.7636557,SwitchRef2,inactive,True,34.462020835034735,174.548691420408,491.70244876180095,4125.898883016263
1785251540.7636557,SwitchRef1,inactive,True,11.716611657831427,585.0251607753306,425.49134635445495,12798.94225461909
1785251541.2637181,LeftHybridRe,inactive,True,32.39640875674627,132.95864252948036,391.3739048261505,2000.932132418111
1785251541.2637181,RightHybridRe,inactive,True,22.771012442173788,225.74351009909515,375.3429088750038,2013.1523140281279
1785251541.2637181,DownHybridRe,inactive,True,29.30166228849457,188.79025226274388,429.5234901526371,1994.2657033507785
1785251541.2637181,UpHybridRe,active,True,27.171737578220625,170.17489078231753,336.96828542271203,2051.278923648355
1785251541.2637181,CloseRe,inactive,True,24.994942050564838,230.39995571692276,418.5009056995725,1802.4649124801363
1785251541.2637181,OpenRe,inactive,True,33.12829495905285,145.1521693618879,432.9581268423075,1807.0335827454946
1785251541.2637181,CloserHybridRe,inactive,True,22.244377695453434,215.26833882742488,333.9201474087875,1860.6923007844234
1785251541.2637181,FartherHybridRe,inactive,True,31.72826995503068,126.98173091390737,349.5477073613754,1846.3392248161308
1785251541.2637181,SwitchRef2,inactive,True,35.52296844081905,174.1733080069244,491.14098148485994,4122.5816072154375
1785251541.2637181,SwitchRef1,inactive,True,12.46094355232704,585.726372593334,424.5081805648218,12796.500039432227
1785251541.7635436,LeftHybridRe,inactive,True,31.993755513052566,132.79691598521453,391.47020559426954,2008.7909728791528
1785251541.7635436,RightHybridRe,inactive,True,22.318197710158763,225.75951446186653,375.3522207985715,2012.4575316469636
1785251541.7635436,DownHybridRe,inactive,True,28.837174206324626,188.57915623794358,429.6236180445175,2002.6982652571387
1785251541.7635436,UpHybridRe,hovered,True,26.802739795409064,170.31724115641572,337.03436082951316,2049.8057058582854
1785251541.7635436,CloseRe,inactive,True,24.503205657111362,230.28195780001514,418.5279060331386,1806.27689609745
1785251541.7635436,OpenRe,inactive,True,32.69502489204029,144.8182059476261,433.1284573206589,1818.3523005812422
1785251541.7635436,CloserHybridRe,inactive,True,21.860857526550536,215.4218398207565,333.9766834023243,1856.0398209265004
1785251541.7635436,FartherHybridRe,inactive,True,31.36417603273523,127.01877176512,349.62273653333995,1849.0152944445217
1785251541.7635436,SwitchRef2,inactive,True,35.48376852226606,174.16493991768712,491.13059828215387,4111.396663588002
1785251541.7635436,SwitchRef1,inactive,True,15.828369286661605,590.7243713958239,415.06645466503477,13173.245915064399
1785251542.2640254,LeftHybridRe,inactive,True,30.985295601551762,133.71105582098136,390.04451993573633,2013.1716433097718
1785251542.2640254,RightHybridRe,inactive,True,21.193606911826855,226.76158929297833,373.5849980176894,2001.1860454121415
1785251542.2640254,DownHybridRe,inactive,True,27.667358240737947,189.3423834374846,427.9851826787101,2008.9330304151517
1785251542.2640254,UpHybridRe,inactive,True,25.89438008149915,171.61185497403818,335.60785025987883,2036.823367017285
1785251542.2640254,CloseRe,inactive,True,23.26715642781714,231.10191992619335,416.67612898129755,1804.8850781347064
1785251542.2640254,OpenRe,inactive,True,31.6025858557502,145.46641449358185,431.7115923555885,1829.994110201409
1785251542.2640254,CloserHybridRe,inactive,True,20.924869366851453,216.6309446901259,332.43561353843273,1837.6519311847878
1785251542.2640254,FartherHybridRe,inactive,True,30.459893689151563,128.23811363343935,348.27711797789027,1844.5324515080138
1785251542.2640254,SwitchRef2,inactive,True,35.3897612557037,175.04791206460217,489.75986769067913,4100.405688444011
1785251542.2640254,SwitchRef1,inactive,True,16.890003584573932,592.4092709381753,412.42914808332034,13198.11873933785
1785251542.7637875,LeftHybridRe,inactive,True,31.648611832504255,134.64184501075493,388.8636283618743,2004.707539770763
1785251542.7637875,RightHybridRe,inactive,True,21.98898004317327,227.76838975057382,373.51985351287,2007.3008693562006
1785251542.7637875,DownHybridRe,active,True,28.602379678687218,190.28324252007695,427.29496181553117,1991.9934507798753
1785251542.7637875,UpHybridRe,inactive,True,26.34692884688306,172.45225483420427,334.83522641285026,2052.4135718957914
1785251542.7637875,CloseRe,inactive,True,24.303952572865395,232.03379171730876,416.5575079179064,1796.165700823949
1785251542.7637875,OpenRe,inactive,True,32.43006289027419,146.5152331931082,430.45454079207116,1808.529453018633
1785251542.7637875,CloserHybridRe,inactive,True,21.395659528027362,217.65914940363956,332.154281457885,1856.7927538717486
1785251542.7637875,FartherHybridRe,inactive,True,30.944097679261237,129.00940336398116,347.0525858347675,1850.979733397924
1785251542.7637875,SwitchRef2,inactive,True,34.8440985871451,175.75704938058337,488.98689380967323,4100.276228185467
1785251542.7637875,SwitchRef1,inactive,True,16.75546136322451,592.9960365635752,412.16346661963087,13175.119199054097
1785251543.2636008,LeftHybridRe,inactive,True,31.17187607293404,133.61301366214735,388.8844162897193,2012.7305451089087
1785251543.2636008,RightHybridRe,inactive,True,21.40310235831336,226.76686307095486,373.03459722423986,2005.032565677815
1785251543.2636008,DownHybridRe,active,True,27.910150750185725,189.10100024010418,427.1886310827492,2007.499447498274
1785251543.2636008,UpHybridRe,inactive,True,26.034046352410094,171.71929855578026,334.653830603666,2041.8761504424583
1785251543.2636008,CloseRe,inactive,True,23.528953382957358,230.9197212163207,416.1680405633962,1805.4419736641357
1785251543.2636008,OpenRe,inactive,True,31.823951589823736,145.22433513196552,430.61196967620043,1826.9222111083182
1785251543.2636008,CloserHybridRe,inactive,True,21.06489301156774,216.8027204700541,331.7651787739692,1843.8532666991268
1785251543.2636008,FartherHybridRe,inactive,True,30.608171083272996,128.27667897473293,347.0596817127407,1846.9418389493658
1785251543.2636008,SwitchRef2,inactive,True,35.188361464214005,174.62836222915496,488.8422922905121,4113.11322425881
1785251543.2636008,SwitchRef1,inactive,True,16.789135078332205,591.9257951746513,411.9199895928269,13163.088792532377
1785251543.7636912,LeftHybridRe,inactive,True,31.182655321599164,132.69074297322805,388.61551642724567,2013.6280684900448
1785251543.7636912,RightHybridRe,inactive,True,21.47267530450016,225.9657075328828,373.0655553881969,2001.0430007730538
1785251543.7636912,DownHybridRe,active,True,28.027671629756423,188.26399530531938,426.9479466772148,2000.0751898909512
1785251543.7636912,UpHybridRe,inactive,True,25.96942580641533,170.85445535650885,334.56561007320215,2045.892630067472
1785251543.7636912,CloseRe,inactive,True,23.691859723790518,230.0852697196143,416.0741710866138,1797.2305256535765
1785251543.7636912,OpenRe,inactive,True,31.89821967494471,144.35372499539017,430.2564534975947,1822.5882563488267
1785251543.7636912,CloserHybridRe,inactive,True,21.01346295720617,216.01847512648814,331.82977144973916,1845.1472481570854
1785251543.7636912,FartherHybridRe,inactive,True,30.552747577279685,127.30062762738271,346.825746601754,1852.6851281972686
1785251543.7636912,SwitchRef2,inactive,True,33.802526208250676,173.97261031897486,489.2419474237018,4141.354549710002
1785251543.7636912,SwitchRef1,inactive,True,13.881956578510922,586.5128924462838,418.1449109033533,12931.866566366545
1785251544.2639632,LeftHybridRe,inactive,True,32.08017991462006,131.48259100829296,387.69734015817977,2009.6758145971144
1785251544.2639632,RightHybridRe,inactive,True,22.384889225550264,224.5072507024281,371.94632562115726,2015.0047803291527
1785251544.2639632,DownHybridRe,active,True,28.874942782329576,187.1393122904944,426.1033542599736,2003.2258891258825
1785251544.2639632,UpHybridRe,inactive,True,26.928281567065323,169.184377265823,333.37496134185335,2052.4141872554865
1785251544.2639632,CloseRe,inactive,True,24.52176486725484,228.8783358847708,415.17902312120754,1807.9417451825138
1785251544.2639632,OpenRe,inactive,True,32.75008869540967,143.37880439234124,429.4185363705081,1817.787935273347
1785251544.2639632,CloserHybridRe,inactive,True,21.98354034671082,214.31549407479895,330.4887285430189,1858.773822518935
1785251544.2639632,FartherHybridRe,inactive,True,31.48145053192555,125.83007711095826,345.80241413461385,1851.1824282652378
1785251544.2639632,SwitchRef2,inactive,True,33.957938584125195,172.96994714190694,488.3355169834532,4091.81046819302
1785251544.2639632,SwitchRef1,inactive,True,20.150766236199,580.2649960284614,424.8950607690571,10969.694875890767
1785251544.763651,LeftHybridRe,inactive,True,31.501658872546958,131.92234215073705,387.38377211153335,2003.331536563117
1785251544.763651,RightHybridRe,inactive,True,21.73771044089957,224.7669134258408,371.5807777769252,2000.3412144482645
1785251544.763651,DownHybridRe,active,True,28.135242091418867,187.11884224476023,425.7536812808978,2004.5290045495967
1785251544.763651,UpHybridRe,inactive,True,26.48065739159979,169.99339720113093,333.20671112841416,2030.163398330551
1785251544.763651,CloseRe,inactive,True,23.72700028619305,228.8472992530149,414.76349778199744,1804.854946974323
1785251544.763651,OpenRe,inactive,True,32.073054821275534,143.37859928698117,429.131359537819,1822.1237995814226
1785251544.763651,CloserHybridRe,inactive,True,21.532768731848478,214.90072785600705,330.3158614786622,1835.6884137733505
1785251544.763651,FartherHybridRe,inactive,True,31.011733206262026,126.72239862933759,345.5959571978575,1834.979494958845
1785251544.763651,SwitchRef2,inactive,True,33.41309333635129,172.91222888866506,487.92095952855686,4113.550321102517
1785251544.763651,SwitchRef1,inactive,True,21.47108689633924,572.6413766573604,440.11536791427665,10395.222620769491
1785251545.2637036,LeftHybridRe,inactive,True,30.874593016407154,132.50617626612575,387.21389123616274,2012.826393232608
1785251545.2637036,RightHybridRe,inactive,True,21.06648132023011,225.63567066934255,371.3115434413166,1997.6785468834423
1785251545.2637036,DownHybridRe,active,True,27.501961455382116,187.82808614994048,425.4776570163104,2008.9703748294778
1785251545.2637036,UpHybridRe,inactive,True,25.832834075228636,170.8276056284252,333.0445910900729,2032.6417100626932
1785251545.2637036,CloseRe,inactive,True,23.08440586616634,229.65234022911733,414.4105452902873,1803.7177069984828
1785251545.2637036,OpenRe,inactive,True,31.45622507945584,143.9254913633224,428.9512762394981,1831.254862388112
1785251545.2637036,CloserHybridRe,inactive,True,20.865974786328266,215.82524095119075,330.14799064248956,1832.592845871568
1785251545.2637036,FartherHybridRe,inactive,True,30.38677827986884,127.37435371047172,345.4388319782098,1842.5193896975052
1785251545.2637036,SwitchRef2,inactive,True,34.67432369054186,173.31062679484063,487.5005091307511,4103.976387763116
1785251545.2637036,SwitchRef1,inactive,True,28.206851481680744,563.4586536784813,458.5630863026797,9598.85878725705
1785251545.763603,LeftHybridRe,inactive,True,30.867247296971463,140.50054281688784,388.8558223609518,2015.7688645522903
1785251545.763603,RightHybridRe,inactive,True,20.997920779501424,233.9141492968598,373.5315897865027,2025.3975754781204
1785251545.763603,DownHybridRe,hovered,True,27.6488725735223,195.85190685218123,427.6997924131132,2019.7608963226376
1785251545.763603,UpHybridRe,inactive,True,25.608171947662505,178.856501954546,334.62745465590126,2056.165164422422
1785251545.763603,CloseRe,inactive,True,23.24791781920792,237.8668400318095,416.9105062933946,1822.115319683675
1785251545.763603,OpenRe,inactive,True,31.580978200360512,151.9350677602426,430.80972012655036,1829.4844816263067
1785251545.763603,CloserHybridRe,inactive,True,20.572953096775283,224.10914406437422,331.9752283443602,1863.0294986794252
1785251545.763603,FartherHybridRe,inactive,True,30.25475366928209,135.34811429248526,346.8350003216327,1850.1272269598157
1785251545.763603,SwitchRef2,inactive,True,33.432242821330235,180.9912816492951,489.1346183812793,4139.847667343245
1785251545.763603,SwitchRef1,inactive,True,31.128922187254297,564.3825487152835,473.42935884480517,9162.56991781373
1785251546.264604,LeftHybridRe,inactive,True,29.817181984278402,139.3575924252645,386.70781137881534,2016.1558392369334
1785251546.264604,RightHybridRe,inactive,True,19.97180170664716,232.91456641905214,371.39117962416447,1997.9463101500005
1785251546.264604,DownHybridRe,hovered,True,26.66626000921866,194.80207806999653,425.13546444806855,2002.6543777373445
1785251546.264604,UpHybridRe,inactive,True,24.511595080232905,177.96369705899372,332.8281333345142,2045.5689791473233
1785251546.264604,CloseRe,inactive,True,22.304151176881774,236.76217308529866,414.3207704243578,1795.897390574144
1785251546.264604,OpenRe,inactive,True,30.57862525301829,150.7803562425071,428.3689763236049,1825.6364460179611
1785251546.264604,CloserHybridRe,inactive,True,19.485320171589688,223.2213128321248,330.24272592550716,1840.8503669614001
1785251546.264604,FartherHybridRe,inactive,True,29.173620475602945,134.2419565008974,344.92909640363723,1853.2132787749506
1785251546.264604,SwitchRef2,inactive,True,34.664153912817575,180.05440638124185,486.9200073027366,4115.887297396388
1785251546.264604,SwitchRef1,inactive,True,31.679617904354288,563.3899262112615,471.60265003948484,9088.490750269048
1785251546.763757,LeftHybridRe,inactive,True,30.433131332585276,140.76008758126005,385.1487426183807,2006.076068180886
1785251546.763757,RightHybridRe,inactive,True,20.524382005342016,233.95210790073503,369.6684927792152,2010.797682793047
1785251546.763757,DownHybridRe,inactive,True,27.135766745474324,196.02294295798833,423.73717003988924,2008.1187651432338
1785251546.763757,UpHybridRe,inactive,True,25.237669042297597,179.02556814444893,331.03584802129427,2043.6234143150432
1785251546.763757,CloseRe,inactive,True,22.707866347815983,237.91385400710942,412.875975692604,1809.9233220195165
1785251546.763757,OpenRe,hovered,True,31.100461693069494,152.20521920933209,426.9437124258735,1820.006035255472
1785251546.763757,CloserHybridRe,inactive,True,20.199587948088496,224.16170716831124,328.309225636655,1848.7547074099493
1785251546.763757,FartherHybridRe,inactive,True,29.87561618939834,135.59392272778922,343.27897338339307,1841.3648657450176
1785251546.763757,SwitchRef2,inactive,True,34.458412373098675,180.20525139266184,485.3778353535042,4184.430169529878
1785251546.763757,SwitchRef1,inactive,True,31.534641453896135,564.7274663611188,470.12352126357393,9086.529555798756
1785251547.2634537,LeftHybridRe,inactive,True,29.77363826892377,140.77747053873884,384.8906877577718,2014.8349761872632
1785251547.2634537,RightHybridRe,inactive,True,19.796053970214373,234.1648257966527,369.19048173335057,2006.15058249922
1785251547.2634537,DownHybridRe,inactive,True,26.383974711367717,196.04200438796684,423.36190601683575,2016.0398609311742
1785251547.2634537,UpHybridRe,inactive,True,24.637995322706495,179.35079454807067,330.7465102719856,2039.6909803070012
1785251547.2634537,CloseRe,inactive,True,21.919100209521996,238.01951317459063,412.3562873686017,1811.2347888147488
1785251547.2634537,OpenRe,active,True,30.39373787609779,152.07403078059664,426.7213356527875,1832.7437645078098
1785251547.2634537,CloserHybridRe,inactive,True,19.585442864785005,224.4894973839823,327.9587968069051,1839.7096942781427
1785251547.2634537,FartherHybridRe,inactive,True,29.278186103876426,135.79378012744263,343.0395422925529,1844.0389336296794
1785251547.2634537,SwitchRef2,inactive,True,33.09776290226381,181.189620707773,485.03175349000054,4146.556138039963
1785251547.2634537,SwitchRef1,inactive,True,31.278649822039785,564.7377473084024,470.0711097281128,9123.233118473392
1785251547.7636895,LeftHybridRe,inactive,True,29.146467644359348,140.7366450422391,384.585295724773,2013.8135048346885
1785251547.7636895,RightHybridRe,inactive,True,19.20877519754349,234.18993553706008,368.83111590147274,1989.0370872364438
1785251547.7636895,DownHybridRe,inactive,True,25.868329720305706,196.17190827791333,422.71546878732005,2001.807431948415
1785251547.7636895,UpHybridRe,inactive,True,23.925207542140885,179.31087331853266,330.63556562695925,2035.5612768967512
1785251547.7636895,CloseRe,inactive,True,21.453730931025365,238.0811178164048,411.67759899126867,1792.2148177979325
1785251547.7636895,OpenRe,active,True,29.84035543940328,152.16063765599236,426.18005941005714,1826.6827080936382
1785251547.7636895,CloserHybridRe,inactive,True,18.877495443730893,224.4777132516846,327.8571714178721,1828.497966876992
1785251547.7636895,FartherHybridRe,inactive,True,28.587483769349532,135.63482029745285,342.8972599730741,1847.3078181276542
1785251547.7636895,SwitchRef2,inactive,True,32.86427911907708,181.109854365182,484.6624163481023,4116.9057926558235
1785251547.7636895,SwitchRef1,inactive,True,31.589832074736684,564.6008472989186,468.99733580628225,9087.153337251744
1785251548.2636318,LeftHybridRe,inactive,True,29.68347095194681,140.28418657564146,383.7605087946746,2003.3204539852522
1785251548.2636318,RightHybridRe,inactive,True,19.69554258993195,233.37477659019163,368.12017412525455,1993.4937814328514
1785251548.2636318,DownHybridRe,inactive,True,26.187830935983204,195.2068147041699,422.2022224002616,2009.3952998725727
1785251548.2636318,UpHybridRe,inactive,True,24.657972370482963,178.92543160798078,329.78718171495785,2021.9923216036223
1785251548.2636318,CloseRe,inactive,True,21.6943497206126,237.0922347050049,411.2187170990992,1804.5857178522856
1785251548.2636318,OpenRe,hovered,True,30.22836631944419,151.35528796494512,425.5437477236608,1826.9060006837135
1785251548.2636318,CloserHybridRe,inactive,True,19.623654353080298,223.8644852445593,327.01895015204167,1823.4978116872262
1785251548.2636318,FartherHybridRe,inactive,True,29.263486542825532,135.5140263320269,342.02479221970657,1828.930600448486
1785251548.2636318,SwitchRef2,inactive,True,33.76754933923348,180.5463945058786,483.7973267207012,4098.045031382422
1785251548.2636318,SwitchRef1,inactive,True,31.335829188221695,563.7418600839031,468.8434747899936,9078.211041271978
1785251548.763571,LeftHybridRe,inactive,True,29.79987104858221,141.7834443298986,382.8761516591758,2000.5060993192674
1785251548.763571,RightHybridRe,inactive,True,19.855325240463287,234.92513273463044,367.5183454437184,1996.7026804174602
1785251548.763571,DownHybridRe,inactive,True,26.468327642689758,196.8821145810405,421.3738339497464,1999.743141255698
1785251548.763571,UpHybridRe,inactive,True,24.623725421030585,180.22757292088951,328.99291646792517,2032.7671051730213
1785251548.763571,CloseRe,inactive,True,22.028615488606203,238.7364919914264,410.55141302926944,1798.7396126924577
1785251548.763571,OpenRe,inactive,True,30.453884118093548,153.08029642022015,424.56607613817715,1815.3196454603276
1785251548.763571,CloserHybridRe,inactive,True,19.577666859580315,225.29525352805112,326.34354370531827,1834.6990121786075
1785251548.763571,FartherHybridRe,inactive,True,29.26852824508764,136.77238494345903,341.1299720184095,1835.2496996140762
1785251548.763571,SwitchRef2,inactive,True,34.780763408054256,181.4629736207034,482.79613278322824,4118.835574039444
1785251548.763571,SwitchRef1,inactive,True,30.997170480471244,565.1054455040544,468.6233835453047,9113.456484803552
1785251549.263713,LeftHybridRe,inactive,True,29.755558721079016,142.75784497452798,382.5860361524819,2008.5090833601935
1785251549.263713,RightHybridRe,inactive,True,19.75539858754015,236.11127776879871,367.4023656576789,2008.2362654794997
1785251549.263713,DownHybridRe,inactive,True,26.376031005039966,197.79164356067227,421.36814166827776,2012.5114542496376
1785251549.263713,UpHybridRe,inactive,True,24.59232696791599,181.45767168885195,328.63906154260167,2040.0411017558727
1785251549.263713,CloseRe,inactive,True,21.906417278595075,239.78657379689926,410.6091185555378,1811.2732582443641
1785251549.263713,OpenRe,inactive,True,30.389503055395192,153.89717463766894,424.45464894752155,1825.2333571769195
1785251549.263713,CloserHybridRe,inactive,True,19.524404805458158,226.60305487211505,326.07906817466613,1842.8717843849918
1785251549.263713,FartherHybridRe,inactive,True,29.24861744638024,137.91933645843528,340.71037977615765,1840.072203850712
1785251549.263713,SwitchRef2,inactive,True,34.251195437148134,182.43083102495504,482.97812069776757,4137.307743874106
1785251549.263713,SwitchRef1,inactive,True,30.844982400113203,566.2498118817932,468.9798863250841,9147.422477885062
1785251549.7636592,LeftHybridRe,inactive,True,30.65348775079522,137.89346510721418,381.36556741038635,2008.89642328224
1785251549.7636592,RightHybridRe,inactive,True,20.70622849054459,231.0628880118486,365.85859322884403,2014.244527212555
1785251549.7636592,DownHybridRe,inactive,True,27.196105522954102,193.04663107309747,420.0643230866553,2014.6100505523646
1785251549.7636592,UpHybridRe,inactive,True,25.60406634128375,176.2648354421361,327.18383964083955,2042.3462841880319
1785251549.7636592,CloseRe,inactive,True,22.71308630410971,234.95544426847695,409.18751976016216,1816.671404401568
1785251549.7636592,OpenRe,inactive,True,31.21193578440111,149.22734032722778,423.2608072550407,1825.4086400302222
1785251549.7636592,CloserHybridRe,inactive,True,20.57548423876669,221.3553651168357,324.4401054347292,1848.1168037781208
1785251549.7636592,FartherHybridRe,inactive,True,30.201311361054454,132.84391107647878,339.44538845944106,1841.2502148571111
1785251549.7636592,SwitchRef2,inactive,True,33.70851755910739,177.90174708877126,481.763129617221,4138.784073037794
1785251549.7636592,SwitchRef1,inactive,True,31.838641946438038,561.2602154671798,466.9754503041647,9029.118007746656
1785251550.2635221,LeftHybridRe,inactive,True,29.57938625309444,142.31559469492453,380.9610521498124,2015.558032271987
1785251550.2635221,RightHybridRe,inactive,True,19.547582257617158,235.84949959981475,365.774217313633,2011.3761654482587
1785251550.2635221,DownHybridRe,inactive,True,26.168896295634642,197.43377707392585,419.77399549629837,2017.3358711044639
1785251550.2635221,UpHybridRe,inactive,True,24.42971436124125,181.1437719553015,326.97820030642606,2045.2751373041428
1785251550.2635221,CloseRe,inactive,True,21.683467916165082,239.49525862382052,409.0021060667795,1814.2316073715629
1785251550.2635221,OpenRe,inactive,True,30.199711339518476,153.45186696098642,422.8697465025221,1831.102314057789
1785251550.2635221,CloserHybridRe,inactive,True,19.351765769390976,226.36379857893343,324.43327846053876,1845.7328599733046
1785251550.2635221,FartherHybridRe,inactive,True,29.091163410255298,137.4964323494429,339.04419690818924,1846.8044426605557
1785251550.2635221,SwitchRef2,hovered,True,33.86681239913313,182.1909885892026,481.14731571316327,4132.908958413562
1785251550.2635221,SwitchRef1,inactive,True,30.851541338985804,565.3967930296951,467.76137228163617,9097.9962070303
1785251550.7640064,LeftHybridRe,inactive,True,29.97263490439745,141.83594306050077,380.82022743880236,2007.6233204391501
1785251550.7640064,RightHybridRe,inactive,True,19.949070559211872,235.08858715315657,365.43310754911295,2011.7770054660214
1785251550.7640064,DownHybridRe,inactive,True,26.501709375392494,196.87755143043847,419.5675082576694,2015.2675983320078
1785251550.7640064,UpHybridRe,inactive,True,24.890129976113965,180.40532659813567,326.73982043234787,2039.598563987729
1785251550.7640064,CloseRe,inactive,True,21.998389161799206,238.84303071197155,408.7230677697038,1815.8896392889656
1785251550.7640064,OpenRe,inactive,True,30.544700400755303,153.02813125154583,422.72147508121515,1825.5681397307198
1785251550.7640064,CloserHybridRe,inactive,True,19.82652299222152,225.5124749815089,324.0675534684512,1844.3568513452192
1785251550.7640064,FartherHybridRe,inactive,True,29.52386356795014,136.94100757376742,338.9211771481679,1838.3223160836933
1785251550.7640064,SwitchRef2,active,True,33.68712952191945,181.66903634969256,480.9521564096549,4127.193950826222
1785251550.7640064,SwitchRef1,inactive,True,31.3435805031265,564.4834116268025,467.22184179507065,9047.439703708616
1785251551.263733,LeftHybridRe,inactive,True,29.558965136332414,141.57496619703636,380.62400814640347,2018.9065217949974
1785251551.263733,RightHybridRe,inactive,True,19.453183887937318,235.0375266154229,364.9637613659274,2014.7858721176235
1785251551.263733,DownHybridRe,hovered,True,25.93095040143878,196.59153807708677,419.36132026908797,2031.022238222511
1785251551.263733,UpHybridRe,inactive,True,24.593458903401768,180.4630134908554,326.3979989037102,2038.0160855447466
1785251551.263733,CloseRe,inactive,True,21.366239239178213,238.68752447617678,408.34729258049987,1826.2492644312588
1785251551.263733,OpenRe,inactive,True,30.039709180545454,152.5806857031126,422.66411779671137,1843.2440625780364
1785251551.263733,CloserHybridRe,inactive,True,19.52158005920048,225.57394673372823,323.629299780703,1839.9564146239245
1785251551.263733,FartherHybridRe,inactive,True,29.212269137228102,136.9011482841824,338.67339519252744,1841.0539234401367
1785251551.263733,SwitchRef2,hovered,True,33.83770325223363,181.5180949895351,480.75607582967183,4121.233518301484
1785251551.263733,SwitchRef1,inactive,True,31.27805915984281,564.6121301011989,467.02526983726443,9055.43677749527
1785251551.763565,LeftHybridRe,inactive,True,30.16418583781687,138.69429160717198,379.6598715869793,2013.3095748324413
1785251551.763565,RightHybridRe,inactive,True,20.172477160965236,231.99427318476313,363.9216499511432,2011.5532640782694
1785251551.763565,DownHybridRe,inactive,True,26.68788735054405,194.03015020208855,418.15917223082477,2014.3640379488133
1785251551.763565,UpHybridRe,inactive,True,25.108447075179384,177.0643285895697,325.42861397428726,2044.6228115198319
1785251551.763565,CloseRe,inactive,True,22.191436444244978,235.95399353268067,407.1631483980881,1813.6742059644675
1785251551.763565,OpenRe,inactive,True,30.722788313748453,150.14065172177067,421.49147885557005,1827.6477666058308
1785251551.763565,CloserHybridRe,inactive,True,20.062762774551242,222.21810655186775,322.5966895692193,1846.4617594710762
1785251551.763565,FartherHybridRe,inactive,True,29.722963509326178,133.55042458237364,337.771959679632,1846.4812090162668
1785251551.763565,SwitchRef2,inactive,True,32.65854973462004,179.21740857731228,480.10779718313773,4124.953381506984
1785251551.763565,SwitchRef1,hovered,True,31.705708760938688,561.374855793387,465.345693945205,9013.516275562622
1785251552.2636697,LeftHybridRe,inactive,True,29.2618114962572,142.85209742254278,379.82024659186834,2010.874855615606
1785251552.2636697,RightHybridRe,inactive,True,19.240839234536566,236.34022224343448,364.71115318305056,2001.449949869595
1785251552.2636697,DownHybridRe,inactive,True,25.89384789796749,197.96696663106462,418.51152287429545,2007.4162853441376
1785251552.2636697,UpHybridRe,inactive,True,24.077711167597997,181.66892840300198,325.995150836552,2040.8007972851665
1785251552.2636697,CloseRe,inactive,True,21.42740305663267,239.96976952736878,407.7762038322879,1803.2861072429005
1785251552.2636697,OpenRe,inactive,True,29.911631086775586,154.01493586475334,421.6012242938269,1824.0218133090348
1785251552.2636697,CloserHybridRe,inactive,True,18.999736934584313,226.87265196498632,323.49566775157393,1838.8854841528264
1785251552.2636697,FartherHybridRe,inactive,True,28.74986220576114,138.0041281195338,337.9997912562485,1844.9118949446201
1785251552.2636697,SwitchRef2,inactive,True,33.95642061099307,182.56902910337885,480.3720568082886,4139.99352129695
1785251552.2636697,SwitchRef1,inactive,True,31.02291601063345,565.8806896825397,466.4927209705637,9065.82419093368
1785251552.7636602,LeftHybridRe,inactive,True,29.143660361754947,142.60621705026102,380.3621587462877,2006.3363230175964
1785251552.7636602,RightHybridRe,inactive,True,19.101562710287457,235.9177738589859,365.02681629231824,1994.395474855548
1785251552.7636602,DownHybridRe,inactive,True,25.681269106881143,197.581395552752,418.9192864875826,2007.2806913348832
1785251552.7636602,UpHybridRe,hovered,True,24.05040696018096,181.41883860964674,326.52381960278365,2029.117936142382
1785251552.7636602,CloseRe,inactive,True,21.185596974037345,239.5338435565285,408.06839440094893,1801.8392089819317
1785251552.7636602,OpenRe,inactive,True,29.729754742274622,153.67081926916975,422.12705100815424,1824.9104637578967
1785251552.7636602,CloserHybridRe,inactive,True,18.982547514226663,226.48718045802497,323.9168833697898,1827.7220917758677
1785251552.7636602,FartherHybridRe,inactive,True,28.697408056109357,137.8562309085226,338.61025488818865,1835.7725615197887
1785251552.7636602,SwitchRef2,inactive,True,33.15372908310388,182.66306298717407,480.953251543645,4121.987865028401
1785251552.7636602,SwitchRef1,inactive,True,31.131751425236413,565.60098796215,466.85871249362685,9054.803164113968
1785251553.2640483,LeftHybridRe,inactive,True,29.326507975447115,142.51995045157253,380.14020885611876,2008.9622919818285
1785251553.2640483,RightHybridRe,inactive,True,19.291748899950246,235.90568728482518,364.8933101868307,2000.6291105066412
1785251553.2640483,DownHybridRe,inactive,True,25.893363176477486,197.55722903909358,418.79706177509104,2009.5050201619742
1785251553.2640483,UpHybridRe,active,True,24.203500928257917,181.3134206958354,326.26335575904875,2035.7931878263698
1785251553.2640483,CloseRe,inactive,True,21.404873115988025,239.54051680662906,407.99508376427224,1805.475239656822
1785251553.2640483,OpenRe,inactive,True,29.931652908496122,153.6330067285536,421.944925576835,1825.4565520350516
1785251553.2640483,CloserHybridRe,inactive,True,19.131448758649963,226.44539890565486,323.6925519219953,1835.1789321103934
1785251553.2640483,FartherHybridRe,inactive,True,28.85782919156387,137.72004435745862,338.32986622489676,1840.1482564048056
1785251553.2640483,SwitchRef2,inactive,True,34.09425837442934,182.45762643476877,480.4403033366207,4106.43429779066
1785251553.2640483,SwitchRef1,inactive,True,30.996851764240642,565.4923965387945,466.811124094252,9085.786373862924
1785251553.763649,LeftHybridRe,inactive,True,29.496139571090758,142.71990084850614,379.8705891046475,2004.4760939714615
1785251553.763649,RightHybridRe,inactive,True,19.579919923205072,236.14032899598618,364.8911571036961,1996.462775331769
1785251553.763649,DownHybridRe,inactive,True,26.319056194091637,198.04541235137168,418.41646940866093,1991.0781225710962
1785251553.763649,UpHybridRe,active,True,24.171589921866264,181.2201933878473,326.1659862719539,2045.8401876050775
1785251553.763649,CloseRe,inactive,True,21.931867842542037,239.93684392444058,407.7785352027819,1789.8310520065716
1785251553.763649,OpenRe,inactive,True,30.258674574579214,154.17782242282678,421.453041012512,1808.8130983319752
1785251553.763649,CloserHybridRe,inactive,True,19.111339077451877,226.49155771462762,323.71356537898924,1843.2770697038213
1785251553.763649,FartherHybridRe,inactive,True,28.86238416229378,137.5531184621915,338.12575211905397,1848.426246951305
1785251553.763649,SwitchRef2,inactive,True,34.44542868646122,182.0877431428867,480.31488809719224,4154.121090719433
1785251553.763649,SwitchRef1,inactive,True,31.216943492904583,565.6544125376711,466.74558837050256,9070.364573273211
1785251554.265434,LeftHybridRe,inactive,True,29.001291243804484,143.02102413289833,379.91662926353666,2008.6108888119124
1785251554.265434,RightHybridRe,inactive,True,18.91715044382285,236.37939232362703,364.5835932791022,1996.22346243637
1785251554.265434,DownHybridRe,inactive,True,25.465010204106306,197.90394879731116,418.5519486429798,2013.2413595552716
1785251554.265434,UpHybridRe,active,True,23.960806252455743,181.984601905763,326.0594915476782,2027.4684903204725
1785251554.265434,CloseRe,inactive,True,20.938673890857654,239.90867554822233,407.6865879324299,1806.7210099502481
1785251554.265434,OpenRe,inactive,True,29.54498774019266,153.95693827057093,421.75606728353705,1830.2892706697385
1785251554.265434,CloserHybridRe,inactive,True,18.886775094773018,227.0381382829247,323.46006035398256,1826.182613653349
1785251554.265434,FartherHybridRe,inactive,True,28.602083096814425,138.4091662137953,338.13747684402995,1834.5507952302032
1785251554.265434,SwitchRef2,inactive,True,32.54530352494344,182.78891939927414,480.5882827305443,4148.280563544064
1785251554.265434,SwitchRef1,inactive,True,30.358851706030997,565.7801694381086,466.9593358492682,9105.183480516556
1785251554.7635796,LeftHybridRe,inactive,True,29.103309733459778,143.67655976101202,379.7096032909833,2001.9612840258924
1785251554.7635796,RightHybridRe,inactive,True,18.99353692396278,236.82887098151517,364.2886009227513,1995.5550054414634
1785251554.7635796,DownHybridRe,inactive,True,25.468098830297432,198.3613994573715,418.36650757669605,2014.6146387399567
1785251554.7635796,UpHybridRe,active,True,24.14990075495416,182.59839775701886,325.82315394894925,2019.1102671510453
1785251554.7635796,CloseRe,inactive,True,20.906609547036126,240.32889060290813,407.4610608517511,1810.0447840476045
1785251554.7635796,OpenRe,inactive,True,29.58128092866475,154.5017719142259,421.58715217304473,1828.6119666768209
1785251554.7635796,CloserHybridRe,inactive,True,19.08257653460956,227.53329734771214,323.1623589553872,1821.367472052174
1785251554.7635796,FartherHybridRe,inactive,True,28.767923751886794,139.16560759772187,337.94678549997144,1824.448785405224
1785251554.7635796,SwitchRef2,inactive,True,33.18914043477579,182.80152338820528,480.34586740403165,4182.547147441983
1785251554.7635796,SwitchRef1,inactive,True,29.001328015549152,570.0698802967848,461.69182110080595,9412.060413283252
1785251555.263588,LeftHybridRe,inactive,True,29.18842334359381,143.65071448427227,378.3914630737245,2006.069478272202
1785251555.263588,RightHybridRe,inactive,True,19.18905838909281,237.16281306727535,363.8924748032082,1997.938746828404
1785251555.263588,DownHybridRe,inactive,True,25.890385404166135,198.5600214651217,417.3480963287536,2000.2161526055424
1785251555.263588,UpHybridRe,hovered,True,23.94328376174598,182.67621983154328,324.86795656861625,2040.2086706421505
1785251555.263588,CloseRe,inactive,True,21.44994225898816,240.57609569021693,406.89811812574465,1797.2900300891852
1785251555.263588,OpenRe,inactive,True,29.88448409094537,154.6423859277918,420.1548815666181,1816.741699208309
1785251555.263588,CloserHybridRe,inactive,True,18.8630734296104,227.8972630908436,322.6569522238605,1838.4221968177408
1785251555.263588,FartherHybridRe,inactive,True,28.63124294535038,138.96479029900024,336.58819690974656,1843.329459298544
1785251555.263588,SwitchRef2,inactive,True,32.36010205777558,183.56950053009334,479.320354321635,4135.179465994966
1785251555.263588,SwitchRef1,inactive,True,26.312428756561136,574.9434044747796,453.5796031551271,9705.575149735902
1785251555.7636807,LeftHybridRe,inactive,True,28.62495449528731,144.9292118398982,378.1488219420202,2015.4630969636455
1785251555.7636807,RightHybridRe,inactive,True,18.483173450014316,238.57081810167452,363.2303457872974,2002.402760668483
1785251555.7636807,DownHybridRe,inactive,True,25.092478749834697,199.74440842599458,417.08562399750815,2019.5954159518878
1785251555.7636807,UpHybridRe,inactive,True,23.54544398122672,184.24322250633838,324.4025922276535,2035.09956977189
1785251555.7636807,CloseRe,inactive,True,20.55370940749828,241.88958644374327,406.3918108060812,1811.8245753157535
1785251555.7636807,OpenRe,inactive,True,29.188385528022952,155.69253760760867,420.0944064492525,1835.7991857796333
1785251555.7636807,CloserHybridRe,inactive,True,18.441118872428007,229.41600836415438,322.01882259617923,1832.2059675592063
1785251555.7636807,FartherHybridRe,inactive,True,28.218390047905338,140.50741505731798,336.28571709235024,1841.2328205824379
1785251555.7636807,SwitchRef2,inactive,True,33.34837188036991,183.94277598312337,478.98311738138386,4175.492528558923
1785251555.7636807,SwitchRef1,inactive,True,24.90162192571747,576.8101990104941,452.3227901329117,9836.369841820822
1785251556.2637243,LeftHybridRe,inactive,True,29.163775454103842,144.86278987738388,378.967131499131,2005.4606183993565
1785251556.2637243,RightHybridRe,hovered,True,19.063045960218687,238.13206106210686,363.4379961066526,2003.3292672912212
1785251556.2637243,DownHybridRe,inactive,True,25.647237721064517,199.89902111565186,417.53243580071853,2011.8029343587841
1785251556.2637243,UpHybridRe,inactive,True,24.087003687195303,183.49899773569706,324.94826574922126,2033.6664538020013
1785251556.2637243,CloseRe,inactive,True,21.118026806396923,241.856114143135,406.60094255937383,1809.720477075658
1785251556.2637243,OpenRe,inactive,True,29.726126826119405,156.03291967652666,420.7856068264754,1823.9770220122919
1785251556.2637243,CloserHybridRe,inactive,True,18.996977728371938,228.59191346874047,322.2287583477303,1835.3542644818372
1785251556.2637243,FartherHybridRe,inactive,True,28.744693862941947,140.0048961098235,337.15362101384324,1835.2550660988054
1785251556.2637243,SwitchRef2,inactive,True,33.58622385214821,183.70931250695935,479.22798810175203,4161.931256538566
1785251556.2637243,SwitchRef1,inactive,True,24.916270081163024,576.2513597272671,452.5115193796166,9848.19940791669
1785251556.7636826,LeftHybridRe,inactive,True,29.28612470444759,145.65308014990342,378.90333421953636,2009.5719061834316
1785251556.7636826,RightHybridRe,inactive,True,19.185736997820896,239.12108823148046,363.91646948922613,2012.487142801947
1785251556.7636826,DownHybridRe,inactive,True,25.82803405644711,200.5777038027278,417.86956937953096,2016.754243655385
1785251556.7636826,UpHybridRe,inactive,True,24.1434095579774,184.55381937631034,325.00304119799046,2042.4802675354294
1785251556.7636826,CloseRe,inactive,True,21.312055434702966,242.6507768431328,407.18705285933663,1816.0328854555773
1785251556.7636826,OpenRe,inactive,True,29.891120877738267,156.66014048991806,420.8461790343222,1826.4283197492732
1785251556.7636826,CloserHybridRe,inactive,True,19.038885247041566,229.7488490008177,322.54065392264,1845.3906760783357
1785251556.7636826,FartherHybridRe,inactive,True,28.823334432025472,140.9592224574149,336.98116686501504,1840.4797337088858
1785251556.7636826,SwitchRef2,inactive,True,32.187309715903446,184.73724430351538,479.3771925952763,4154.988731055
1785251556.7636826,SwitchRef1,inactive,True,24.494569775182278,577.6057291048637,453.1613288840297,9897.403716077053
1785251557.2636535,LeftHybridRe,inactive,True,29.06685570571104,145.81054437850338,379.04472452973613,2007.680365426022
1785251557.2636535,RightHybridRe,inactive,True,18.94745092565727,239.243502548747,364.1442300648692,2006.8387075894934
1785251557.2636535,DownHybridRe,inactive,True,25.557127199329894,200.5534205405861,418.0467902402047,2017.1188030756966
1785251557.2636535,UpHybridRe,inactive,True,23.970715676186618,184.89312044882243,325.2492484814222,2034.6281727037895
1785251557.2636535,CloseRe,inactive,True,21.02489604820101,242.636718916235,407.38727085106416,1814.4762593017367
1785251557.2636535,OpenRe,inactive,True,29.63966059864889,156.6298081149779,421.00076936876076,1828.2852107230028
1785251557.2636535,CloserHybridRe,inactive,True,18.8692549241339,230.01632992655496,322.8374527098004,1836.959967538838
1785251557.2636535,FartherHybridRe,inactive,True,28.640892791583603,141.30867931816192,337.1626288760135,1835.0916410438658
1785251557.2636535,SwitchRef2,inactive,True,33.76019782991021,184.90636347825847,479.5297091540448,4127.187526078382
1785251557.2636535,SwitchRef1,inactive,True,24.23764833895183,577.3223996464905,453.31120279250695,9921.237177997551
1785251557.7635453,LeftHybridRe,inactive,True,29.17265403015271,146.6359196608089,379.4967465491936,2005.666647180322
1785251557.7635453,RightHybridRe,inactive,True,19.039248185965317,239.8997253703834,363.8774248002038,2009.6189431111998
1785251557.7635453,DownHybridRe,inactive,True,25.6365725462766,201.67515557942838,418.1065425566392,2016.641502329796
1785251557.7635453,UpHybridRe,inactive,True,24.093464790168884,185.2184454283139,325.3698551670523,2036.046136050627
1785251557.7635453,CloseRe,inactive,True,21.091380753222424,243.65793840200874,407.13363241397855,1816.1717862276564
1785251557.7635453,OpenRe,inactive,True,29.729634916878968,157.81926999185535,421.3757928524595,1825.4467763079192
1785251557.7635453,CloserHybridRe,inactive,True,18.988746631911308,230.32275076510786,322.5971336403543,1839.952648942086
1785251557.7635453,FartherHybridRe,inactive,True,28.76113569138319,141.76462252834136,337.6339825815031,1834.3360903653702
1785251557.7635453,SwitchRef2,inactive,True,33.053755289861776,185.86640332779416,479.6006857648875,4138.906163447951
1785251557.7635453,SwitchRef1,inactive,True,24.92620877333337,578.2701667947827,452.0864609071189,9792.37543219293
1785251558.2636375,LeftHybridRe,inactive,True,27.858257798577885,146.97539439140513,379.1216269604656,2010.707224792779
1785251558.2636375,RightHybridRe,inactive,True,17.664514607824586,240.45193081601485,363.61523146509086,1987.1879770030937
1785251558.2636375,DownHybridRe,inactive,True,24.245455733109278,201.82937489797368,417.5896449304078,2015.187529677285
1785251558.2636375,UpHybridRe,inactive,True,22.84481577179924,186.17150319731365,325.32109830948684,2020.0918606697705
1785251558.2636375,CloseRe,inactive,True,19.680828675587072,243.88449602756103,406.5989894541907,1802.937099826093
1785251558.2636375,OpenRe,inactive,True,28.37886916545391,157.78931777776546,420.9278737071751,1835.684162752983
1785251558.2636375,CloserHybridRe,inactive,True,17.73864616992968,231.21312637448776,322.6798091356403,1814.0659027789188
1785251558.2636375,FartherHybridRe,inactive,True,27.51312081023981,142.51533352574677,337.41668501413517,1832.1186458919292
1785251558.2636375,SwitchRef2,inactive,True,33.322810066287786,185.82740110675155,479.05081821514693,4175.800598380294
1785251558.2636375,SwitchRef1,inactive,True,24.054909330320548,578.7342089541006,452.41944103524577,9894.48785573231
1785251558.7636201,LeftHybridRe,inactive,True,28.288162767221788,146.8658408343186,378.3013758138945,2008.8686518470022
1785251558.7636201,RightHybridRe,inactive,True,18.082376929629273,240.26440096369194,362.837493887392,1996.0581252365155
1785251558.7636201,DownHybridRe,inactive,True,24.611689156728325,201.62467346273766,416.9399220971151,2020.300030405073
1785251558.7636201,UpHybridRe,inactive,True,23.325770695187394,186.0051961490934,324.4113565464533,2022.1517731162676
1785251558.7636201,CloseRe,inactive,True,20.019608869213755,243.69357876221918,405.9822681402715,1811.9425861202835
1785251558.7636201,OpenRe,inactive,True,28.764681546781475,157.64191396504432,420.20661576424465,1835.5471742414848
1785251558.7636201,CloserHybridRe,inactive,True,18.222562097244833,231.02912348597414,321.76260667256224,1820.5722446681066
1785251558.7636201,FartherHybridRe,inactive,True,27.977693017673413,142.4329441439453,336.5237045992167,1829.436149819463
1785251558.7636201,SwitchRef2,inactive,True,33.27222809329696,186.27437785605647,478.2596240904642,4101.828377868114
1785251558.7636201,SwitchRef1,inactive,True,24.021926650003635,577.9475684074533,451.94500736648337,9901.96812188407
1785251559.2635655,LeftHybridRe,inactive,True,27.691562018015343,146.62145236017386,377.61929488763553,2023.5324788902508
1785251559.2635655,RightHybridRe,inactive,True,17.477114284085836,240.43807247461586,362.13757047815807,1995.3843519566944
1785251559.2635655,DownHybridRe,inactive,True,24.119719791688365,201.73602801778844,416.1389349975272,2021.5906111799195
1785251559.2635655,UpHybridRe,inactive,True,22.622614857392932,185.92552197012787,323.73252789078543,2034.5928949950685
1785251559.2635655,CloseRe,inactive,True,19.562015651230723,243.89747039220308,405.1516234250731,1807.2354566455833
1785251559.2635655,OpenRe,inactive,True,28.24817560381659,157.55007320087353,419.4737867287107,1843.4232482771076
1785251559.2635655,CloserHybridRe,inactive,True,17.49652983933155,231.15007366526254,321.12731416211756,1824.7399586930478
1785251559.2635655,FartherHybridRe,inactive,True,27.316936773708143,142.0690998689119,335.8210577448204,1847.362739224045
1785251559.2635655,SwitchRef2,inactive,True,32.89248056016938,185.8175605624903,477.98248083312285,4171.698988871944
1785251559.2635655,SwitchRef1,inactive,True,24.10950869270015,578.3852351276165,451.36167377663674,9897.084139166895
1785251559.763606,LeftHybridRe,inactive,True,27.935606436270167,146.79313033291595,377.77263679543,2018.0628354856453
1785251559.763606,RightHybridRe,inactive,True,17.78159582957229,240.55578833856558,362.63717413091223,1994.478878033915
1785251559.763606,DownHybridRe,inactive,True,24.4912899021656,201.86906004981205,416.4057172875026,2012.722711722352
1785251559.763606,UpHybridRe,inactive,True,22.764179886043234,186.0322051429768,324.03947718935837,2037.241938460189
1785251559.763606,CloseRe,inactive,True,19.982805087719775,243.9883665674878,405.60121583995476,1801.3602626305874
1785251559.763606,OpenRe,inactive,True,28.56892113617603,157.7560294812784,419.56763091453786,1833.598314315128
1785251559.763606,CloserHybridRe,inactive,True,17.639481638854146,231.28206376945332,321.582930163401,1828.7179431919103
1785251559.763606,FartherHybridRe,inactive,True,27.476501254656238,142.18715507676046,335.9869492935345,1847.323096329441
1785251559.763606,SwitchRef2,inactive,True,32.99988141008631,186.11066841638194,478.296313701494,4150.908445211066
1785251559.763606,SwitchRef1,inactive,True,24.312594458189842,578.4532672514797,451.54356145434696,9869.720523424156
1785251560.2635274,LeftHybridRe,inactive,True,28.480598008411828,146.9291771481819,378.0926543169834,2001.0413842048729
1785251560.2635274,RightHybridRe,inactive,True,18.3214587643336,240.1550684411033,362.6469291894492,1991.9822621166095
1785251560.2635274,DownHybridRe,inactive,True,24.89079555100684,201.73937138214038,416.62551813271153,2009.118057034313
1785251560.2635274,UpHybridRe,inactive,True,23.453886126027335,185.8050126415621,324.2556756180344,2021.4013732564417
1785251560.2635274,CloseRe,inactive,True,20.333680785562755,243.69807263784782,405.703754804922,1803.7830157636708
1785251560.2635274,OpenRe,inactive,True,29.007110033841045,157.86916310173825,419.87638543957996,1823.7857204965549
1785251560.2635274,CloserHybridRe,inactive,True,18.354650580434644,230.80742228447335,321.59578666392645,1821.054135933984
1785251560.2635274,FartherHybridRe,inactive,True,28.1140639845864,142.31178702792084,336.37347775023386,1826.921235062975
1785251560.2635274,SwitchRef2,inactive,True,32.32975226169829,186.48256582701507,478.5112137581253,4123.717342140088
1785251560.2635274,SwitchRef1,inactive,True,23.69051778031983,578.176910051382,452.43053282402167,9947.677832168847
1785251560.7637486,LeftHybridRe,inactive,True,28.672244510764873,146.6808477603355,377.9517538048824,2006.2852539999476
1785251560.7637486,RightHybridRe,inactive,True,18.560510326459777,240.10690246205198,362.7569891015619,1998.8248277087987
1785251560.7637486,DownHybridRe,inactive,True,25.23524047817681,201.70077813701792,416.59449895920017,2006.8769180805175
1785251560.7637486,UpHybridRe,inactive,True,23.508525946979752,185.5158647339254,324.1370036017414,2035.7165086126843
1785251560.7637486,CloseRe,inactive,True,20.73032764410642,243.69792957134135,405.8063545427247,1802.919475376737
1785251560.7637486,OpenRe,inactive,True,29.297639722616495,157.78554921039165,419.7208037348808,1821.3959806538842
1785251560.7637486,CloserHybridRe,inactive,True,18.398922093048586,230.683087539623,321.5974147611623,1834.1827653592336
1785251560.7637486,FartherHybridRe,inactive,True,28.202290152269846,141.89653868949728,336.16535606989413,1838.8012120744424
1785251560.7637486,SwitchRef2,inactive,True,32.161285621318,186.2050815983234,478.37133300196535,4122.1251466465255
1785251560.7637486,SwitchRef1,inactive,True,24.406751557771663,578.2152325246368,452.4758043854873,9871.988259592545
1785251561.2635999,LeftHybridRe,inactive,True,27.14882063733678,152.6014644963118,379.7537412050593,2012.2647899842414
1785251561.2635999,RightHybridRe,inactive,True,16.891389779833478,246.23517771903968,364.3545814219288,1989.7428209825957
1785251561.2635999,DownHybridRe,inactive,True,23.628647280348336,207.51091160319783,418.27313904111276,2016.005860762074
1785251561.2635999,UpHybridRe,inactive,True,22.006043469994438,191.8730681242278,325.98189561772733,2025.650690851082
1785251561.2635999,CloseRe,inactive,True,19.080769619070413,249.63009854919645,407.31620162726523,1803.1189618899807
1785251561.2635999,OpenRe,inactive,True,27.756021975031846,163.42670572106016,421.56617400665135,1834.9941393249574
1785251561.2635999,CloserHybridRe,inactive,True,16.848903323994605,237.0130730752955,323.40582769069556,1818.3123723879653
1785251561.2635999,FartherHybridRe,inactive,True,26.741246241918066,148.14069086898485,338.02091232534684,1835.150169378583
1785251561.2635999,SwitchRef2,inactive,True,32.25871767459678,192.19996931563188,479.7532273749673,4100.573688440083
1785251561.2635999,SwitchRef1,inactive,True,22.72422163424034,583.8344888349711,454.5061792541509,9997.042604218514
1785251561.7637737,LeftHybridRe,inactive,True,19.36470970621146,200.78466398980507,383.63728411228476,1997.6459840353164
1785251561.7637737,RightHybridRe,inactive,True,9.666501263287595,294.7411492878031,369.56966152221685,1921.1806971445621
1785251561.7637737,DownHybridRe,inactive,True,17.50288580930601,255.1653209913789,421.9988843038421,1964.9188570475817
1785251561.7637737,UpHybridRe,inactive,True,12.9358935731188,241.18141881185562,331.11517919629944,2008.9629395713055
1785251561.7637737,CloseRe,inactive,True,13.916584979122595,297.1994746761373,411.46438778958793,1728.9481830768564
1785251561.7637737,OpenRe,inactive,True,21.076375446971515,211.02551807948734,424.9652723006001,1803.8679878800976
1785251561.7637737,CloserHybridRe,inactive,True,7.606544861616925,286.37578271647203,329.3919734393926,1770.3884059361444
1785251561.7637737,FartherHybridRe,hovered,True,18.159375350133978,196.94085100296655,342.2456137744626,1833.3616427717607
1785251561.7637737,SwitchRef2,inactive,True,32.059744959824705,237.13056486933672,483.0131526898756,4070.0096959316215
1785251561.7637737,SwitchRef1,inactive,True,21.563555264649306,630.1268542775792,466.9233458654147,11178.986762591376
1785251562.2686696,LeftHybridRe,inactive,True,19.947884265401886,195.73437626747483,381.33599740804004,2002.7175410407435
1785251562.2686696,RightHybridRe,inactive,True,9.740807175566227,289.7948330500376,367.59461218929346,1935.9553707679515
1785251562.2686696,DownHybridRe,inactive,True,17.500201788256287,249.88103453191218,420.182087773385,1985.628564556151
1785251562.2686696,UpHybridRe,inactive,True,13.917761810647079,236.42730051368986,328.8298895954551,2007.0271573524697
1785251562.2686696,CloseRe,inactive,True,13.564784532429341,292.0921002218199,409.7867087935738,1751.2099045811556
1785251562.2686696,OpenRe,inactive,True,21.329455295547305,205.6630060926302,422.9393775869891,1818.7340915472305
1785251562.2686696,CloserHybridRe,inactive,True,8.510564733403692,281.59637324685866,327.23875597150504,1774.402587557117
1785251562.2686696,FartherHybridRe,active,True,19.06909807798355,192.21832680953216,339.83553320486914,1828.5701384288368
1785251562.2686696,SwitchRef2,inactive,True,32.15422763687155,231.7901397353174,481.1842876512046,4106.629906501199
1785251562.2686696,SwitchRef1,inactive,True,19.2322278171912,623.9295341677533,464.20226329240484,11037.559480377313
1785251562.7635264,LeftHybridRe,inactive,True,20.515486110160882,193.58327208471076,380.494273713092,2003.128212021893
1785251562.7635264,RightHybridRe,inactive,True,10.489807207418849,287.6788224922492,366.3942062903394,1939.080406520443
1785251562.7635264,DownHybridRe,inactive,True,18.25460172259473,248.11337148716103,419.0161423404322,1976.4800962876034
1785251562.7635264,UpHybridRe,inactive,True,14.319392745382004,233.8900647874551,327.7956576735462,2019.2000857413987
1785251562.7635264,CloseRe,inactive,True,14.387784015288627,290.25032617288423,408.4995601843783,1745.2221584933213
1785251562.7635264,OpenRe,inactive,True,22.001980151685444,203.92738260534335,421.9348686371087,1809.7196029010956
1785251562.7635264,CloserHybridRe,inactive,True,8.954319682642563,279.1946334969887,326.0216020774583,1785.8396202251315
1785251562.7635264,FartherHybridRe,active,True,19.488062754590764,189.6421945944839,339.00197748004604,1838.3280118576404
1785251562.7635264,SwitchRef2,inactive,True,32.881758034717926,230.2017834535497,479.8430152525515,4081.3793234605837
1785251562.7635264,SwitchRef1,inactive,True,16.19905875807412,616.4987337015174,458.00655513440495,11003.775077746774
1785251563.2637029,LeftHybridRe,inactive,True,20.829336627486175,190.59345426417264,379.0741451943285,2008.244092352692
1785251563.2637029,RightHybridRe,inactive,True,10.697585853391649,284.7849596815121,364.89350805738775,1945.597282160641
1785251563.2637029,DownHybridRe,inactive,True,18.423616553735624,245.22494840356936,417.6267543388081,1982.5947097943208
1785251563.2637029,UpHybridRe,inactive,True,14.728375815150663,230.8920754391181,326.2731280851791,2023.9364032209596
1785251563.2637029,CloseRe,inactive,True,14.465706342550893,287.40980345681885,407.07738644659975,1751.6624506765875
1785251563.2637029,OpenRe,inactive,True,22.231868418922655,200.98888731673355,420.56992952348884,1814.9280094466085
1785251563.2637029,CloserHybridRe,inactive,True,9.353074246043823,276.2470368726069,324.4588316173622,1791.0930688688823
1785251563.2637029,FartherHybridRe,active,True,19.875193033460654,186.61037523177626,337.5317912644972,1842.6038528277495
1785251563.2637029,SwitchRef2,inactive,True,32.509898775964245,227.52551120069626,478.6567613398406,4067.310600999597
1785251563.2637029,SwitchRef1,inactive,True,24.130226877861446,608.4138670971284,448.3352792915144,9242.43721750287
1785251563.7636766,LeftHybridRe,inactive,True,21.102075967384266,189.11360275289516,378.2644840422514,2010.6103790641391
1785251563.7636766,RightHybridRe,inactive,True,11.038625529968062,283.43942380526175,364.428184636199,1948.8905096724047
1785251563.7636766,DownHybridRe,inactive,True,18.76623771282065,243.71733781421392,416.9990885311481,1981.5447384699073
1785251563.7636766,UpHybridRe,inactive,True,14.938875649005498,229.56102182301962,325.57310118497793,2030.415235713841
1785251563.7636766,CloseRe,inactive,True,14.832302171438293,285.9526399339684,406.61636676599585,1751.4999209985035
1785251563.7636766,OpenRe,inactive,True,22.543615593492643,199.45226798434285,419.7765116365146,1813.8909849786723
1785251563.7636766,CloserHybridRe,inactive,True,9.582390678659484,274.99693216573905,323.92249641282524,1797.211225568186
1785251563.7636766,FartherHybridRe,hovered,True,20.090504313896645,185.18652235793095,336.68419409633424,1848.046968629027
1785251563.7636766,SwitchRef2,inactive,True,31.945656384148467,226.09990474150376,478.4894711860062,4095.7936348973963
1785251563.7636766,SwitchRef1,inactive,True,26.212332457028143,603.037521236918,442.2091365828105,8605.559364385583
1785251564.263888,LeftHybridRe,inactive,True,11.593205966199076,186.61885270804797,378.28144914190403,2365.905523097794
1785251564.263888,RightHybridRe,inactive,True,21.52247856501353,281.045688782032,364.7995091924637,1663.3033446766713
1785251564.263888,DownHybridRe,inactive,True,15.26542849401268,243.81227847967614,417.7404955932004,2112.306159681517
1785251564.263888,UpHybridRe,inactive,True,19.280989959013585,229.74801856343706,326.4572025485593,1895.6519917119076
1785251564.263888,CloseRe,inactive,True,20.231991336794312,284.48220842991736,405.618226482123,1606.2108642305975
1785251564.263888,OpenRe,inactive,True,10.083593286912889,196.81446850734682,422.83043422810186,2257.4793898541175
1785251564.263888,CloserHybridRe,inactive,True,23.07564339196929,272.49387073883906,327.0289528801064,1456.7082880445305
1785251564.263888,FartherHybridRe,hovered,True,15.196976761300524,183.7344159088116,335.3397093463253,2024.954278194411
1785251564.263888,SwitchRef2,inactive,True,32.302346390549474,225.3416989359666,478.15804820519946,4086.2721274652868
1785251564.263888,SwitchRef1,inactive,True,26.61789176379849,600.3750928690489,441.2089876567162,8467.137813267269
1785251564.7640476,LeftHybridRe,inactive,True,21.17742531846166,188.25970311431647,378.14393791186933,2007.155232380257
1785251564.7640476,RightHybridRe,inactive,True,11.315370031698281,282.58875110298186,364.5966003052322,1941.2086975117709
1785251564.7640476,DownHybridRe,inactive,True,19.051853516540312,242.82778317502326,416.86560983027675,1969.5440510069384
1785251564.7640476,UpHybridRe,inactive,True,14.874209516094822,228.76495810863668,325.6571600538989,2031.0450196957572
1785251564.7640476,CloseRe,inactive,True,15.228622929326129,285.01466288143746,406.62740941528193,1739.5377714434508
1785251564.7640476,OpenRe,inactive,True,22.732799729521634,198.59371769553726,419.5351786546727,1805.1910806468513
1785251564.7640476,CloserHybridRe,inactive,True,9.574727010122226,274.2255610794748,324.1504266743396,1795.5707007640885
1785251564.7640476,FartherHybridRe,active,True,20.033776992323926,184.32721372469257,336.6232663466056,1850.3210570826814
1785251564.7640476,SwitchRef2,inactive,True,32.487343816896484,224.91544849986536,478.2229358964519,4106.390997815091
1785251564.7640476,SwitchRef1,inactive,True,27.145919824915453,600.3380111423949,440.9779910120737,8430.184806601377
1785251565.263576,LeftHybridRe,inactive,True,21.25061998918433,187.63886932324473,378.1875385465146,2002.4103555438523
1785251565.263576,RightHybridRe,inactive,True,11.188872966587914,281.76486555638587,364.37884672194986,1940.9492367460552
1785251565.263576,DownHybridRe,inactive,True,18.87520996204027,242.13149351296192,416.8421223193404,1973.703069550138
1785251565.263576,UpHybridRe,inactive,True,15.131223058715232,227.99920616547752,325.6081778567111,2021.485261006499
1785251565.263576,CloseRe,inactive,True,14.91951220549833,284.27988816321835,406.48339945204026,1744.750957977456
1785251565.263576,OpenRe,inactive,True,22.661270715260816,197.95535446305604,419.6139254577101,1806.9236468601957
1785251565.263576,CloserHybridRe,inactive,True,9.791803282057108,273.3354740649813,323.9580478294924,1789.5765817201464
1785251565.263576,FartherHybridRe,active,True,20.259614505306246,183.72050335325733,336.6981671782056,1840.2081221143344
1785251565.263576,SwitchRef2,inactive,True,31.576352927724802,224.42906817053557,478.1668356559686,4108.8472081440705
1785251565.263576,SwitchRef1,inactive,True,28.237317368737397,596.2543358051377,437.67573267220314,8115.213304986493
1785251565.7636511,LeftHybridRe,inactive,True,20.213378394496537,187.01849518546072,378.1537257449304,2023.86585324087
1785251565.7636511,RightHybridRe,inactive,True,10.057541961503013,281.47801241470654,363.82194729834134,1939.6917766749975
1785251565.7636511,DownHybridRe,inactive,True,17.78111664215614,241.82071976093272,416.59535053700415,1989.0348124262164
1785251565.7636511,UpHybridRe,inactive,True,14.17651338283164,227.59041423035836,325.3180195622977,2025.6475911948874
1785251565.7636511,CloseRe,inactive,True,13.844047146956688,284.06659288000634,405.92923187673495,1749.0847510578315
1785251565.7636511,OpenRe,inactive,True,21.595940050016665,197.3879266045133,419.6876797549197,1830.5090639590271
1785251565.7636511,CloserHybridRe,inactive,True,8.795856295091177,272.9861538425395,323.5006433873806,1784.044550092578
1785251565.7636511,FartherHybridRe,active,True,19.31207900890396,183.10260691170856,336.587987998187,1854.6337345435168
1785251565.7636511,SwitchRef2,inactive,True,32.371110337174116,223.91398786362637,477.8364411200638,4082.7992992632717
1785251565.7636511,SwitchRef1,inactive,True,30.16497181283167,591.1374231453153,433.706496824062,7686.959584376105
1785251566.2635627,LeftHybridRe,inactive,True,21.079479337711742,185.97683548975843,377.37958707264124,2000.6819056926615
1785251566.2635627,RightHybridRe,inactive,True,10.487002381496279,279.78314292913706,362.73493378040666,1942.6342023124525
1785251566.2635627,DownHybridRe,inactive,True,17.910508184434576,240.32768332129336,415.8717845184697,1996.611938313421
1785251566.2635627,UpHybridRe,inactive,True,15.600837720484146,226.19099798206565,324.4656594053607,1997.7767545080387
1785251566.2635627,CloseRe,inactive,True,13.566106531426623,282.48100805933234,405.0896746412765,1765.5308154375161
1785251566.2635627,OpenRe,inactive,True,22.020729962770375,196.15580238742072,419.00583313272125,1825.5784673107482
1785251566.2635627,CloserHybridRe,inactive,True,10.241205098919496,271.234565152856,322.40240672019746,1771.713691254292
1785251566.2635627,FartherHybridRe,active,True,20.59392938956333,182.2172875244972,335.9211351370757,1819.0019674967589
1785251566.2635627,SwitchRef2,inactive,True,31.86296747611214,222.70432912724598,476.5473382260061,4080.7336586813253
1785251566.2635627,SwitchRef1,inactive,True,32.02719476501984,585.6325413675029,427.8347977386476,7255.398574374325
1785251566.7637117,LeftHybridRe,inactive,True,21.387028527638616,184.00629086922106,376.10960392141607,2018.2112845859883
1785251566.7637117,RightHybridRe,inactive,True,11.383310559260714,278.5130101507747,362.25005529142595,1948.8013906477063
1785251566.7637117,DownHybridRe,inactive,True,19.08129898883938,238.83552344167393,414.7496233731256,1979.1461458499907
1785251566.7637117,UpHybridRe,inactive,True,15.208963872064231,224.46612689125286,323.39844645137384,2038.7623564962196
1785251566.7637117,CloseRe,inactive,True,15.155192363225243,281.08179191804874,404.3643499088213,1747.4027088595612
1785251566.7637117,OpenRe,inactive,True,22.838160470545688,194.49109451099335,417.5655793181204,1815.7310546527005
1785251566.7637117,CloserHybridRe,inactive,True,9.882699372543776,270.00987139171116,321.75711947519176,1801.5521903488843
1785251566.7637117,FartherHybridRe,hovered,True,20.345612703396963,179.94493086782427,334.51722718664223,1859.885949746309
1785251566.7637117,SwitchRef2,inactive,True,31.393103941143824,220.5949614702181,476.1484933506116,4147.51268586993
1785251566.7637117,SwitchRef1,inactive,True,34.581590152292236,579.532255062185,422.54303663598506,6764.140539620697
1785251567.2635918,LeftHybridRe,inactive,True,21.608297554160238,185.0574405900236,376.43096992675015,2007.8046230871223
1785251567.2635918,RightHybridRe,inactive,True,11.706744147910278,279.4065115007774,362.8726136279392,1944.1597881124544
1785251567.2635918,DownHybridRe,inactive,True,19.40545910635727,239.71363325008264,415.13968949304683,1968.7290326642542
1785251567.2635918,UpHybridRe,inactive,True,15.354975624335898,225.47911153647223,323.9141985792509,2034.600123294531
1785251567.2635918,CloseRe,inactive,True,15.52532220194011,281.89620373531244,404.9147229197046,1740.39216972766
1785251567.2635918,OpenRe,inactive,True,23.115017589590007,195.4837910887956,417.80299811303445,1803.8173985756803
1785251567.2635918,CloserHybridRe,inactive,True,10.061748704302879,270.978783539901,322.39197030246123,1799.9357153921155
1785251567.2635918,FartherHybridRe,inactive,True,20.493515637816227,181.03052208607645,334.90314059494995,1853.1068323898871
1785251567.2635918,SwitchRef2,inactive,True,31.93103378147596,221.66646320987329,476.43235554253107,4113.773442542872
1785251567.2635918,SwitchRef1,inactive,True,34.17439360529243,580.1320248620815,423.22782904451617,6811.368402488835
1785251567.7641406,LeftHybridRe,hovered,True,21.53492009614418,185.8015536584412,376.2732808487209,1994.444213426239
1785251567.7641406,RightHybridRe,inactive,True,11.396357709196293,279.78292563589395,362.87137925858804,1937.8368301143419
1785251567.7641406,DownHybridRe,inactive,True,19.022441923516126,240.01167214427053,415.1410812099931,1969.7746283769447
1785251567.7641406,UpHybridRe,inactive,True,15.520891895079988,226.27098528611947,323.9210342744067,2013.795266293604
1785251567.7641406,CloseRe,inactive,True,14.988149004687408,282.13918066004396,404.98067973857485,1743.3390666660998
1785251567.7641406,OpenRe,inactive,True,22.860297155969718,195.91893750045108,417.7061615551646,1801.3476411234515
1785251567.7641406,CloserHybridRe,inactive,True,10.183075922912547,271.51955134049945,322.44282037650504,1785.0653477544547
1785251567.7641406,FartherHybridRe,inactive,True,20.61802503700249,182.06867854812776,334.8272571409706,1831.5715489954055
1785251567.7641406,SwitchRef2,inactive,True,32.41436767846212,222.45699906278136,476.0767002240178,4063.917978813195
1785251567.7641406,SwitchRef1,inactive,True,34.298968727097495,580.5969185531342,422.95462246546634,6766.069434282923
1785251568.2636251,LeftHybridRe,active,True,22.625194726767635,185.92600215307854,375.98821852867167,1990.4341203306649
1785251568.2636251,RightHybridRe,inactive,True,12.674313608671893,280.02124419179296,363.18103995128695,1952.6267290169708
1785251568.2636251,DownHybridRe,inactive,True,20.32670424687656,240.141282388626,415.19548610920276,1963.916914378824
1785251568.2636251,UpHybridRe,inactive,True,16.408358564562334,226.33409820859998,323.74401323209537,2031.2644210256694
1785251568.2636251,CloseRe,inactive,True,16.357523039794955,282.31860077520395,405.3674677701056,1746.3159848814394
1785251568.2636251,OpenRe,inactive,True,24.074321731785613,196.12090491197532,417.4115402966453,1788.4011563206586
1785251568.2636251,CloserHybridRe,inactive,True,11.122888358933483,271.7727119251538,322.4982233834413,1808.0889302906871
1785251568.2636251,FartherHybridRe,inactive,True,21.525663353129676,182.08498276067337,334.4553007204911,1838.1032698121708
1785251568.2636251,SwitchRef2,inactive,True,31.756740636219217,222.5430476351762,476.50615777531846,4076.154562014395
1785251568.2636251,SwitchRef1,inactive,True,34.31002227354391,580.8225540910175,423.45575097905373,6777.725768889461
1785251568.7635524,LeftHybridRe,hovered,True,20.248250906990492,185.82608038550126,376.0406815021786,2015.3987784869278
1785251568.7635524,RightHybridRe,inactive,True,10.313059698500066,280.21904891029726,362.3062996726588,1927.0680938387013
1785251568.7635524,DownHybridRe,inactive,True,18.04438874146208,240.43391788534908,414.57301577941274,1970.4907766507458
1785251568.7635524,UpHybridRe,inactive,True,14.059107784520597,226.54402309931396,323.5970440568095,2022.691289305374
1785251568.7635524,CloseRe,inactive,True,14.230533318973622,282.599672000329,404.1993086844963,1731.5408738819024
1785251568.7635524,OpenRe,inactive,True,21.75341870295351,196.08625671469943,417.41623280266936,1815.6644676745782
1785251568.7635524,CloserHybridRe,inactive,True,8.72947008082854,271.92781355641387,322.06611966765337,1778.9262660353052
1785251568.7635524,FartherHybridRe,inactive,True,19.205931499640542,182.00095088120617,334.57361509393644,1853.7984084809723
1785251568.7635524,SwitchRef2,inactive,True,33.152136676991574,222.11723725493235,475.70261422228344,4086.442341721893
1785251568.7635524,SwitchRef1,inactive,True,34.45260669016862,574.9293605010812,424.27508193226936,6685.401005909138
1785251569.2636123,LeftHybridRe,inactive,True,21.115165779907475,185.94156707997595,376.07905361885474,1996.8855249835942
1785251569.2636123,RightHybridRe,inactive,True,10.847204610145127,279.8388824281271,362.0505489238989,1934.2591928940383
1785251569.2636123,DownHybridRe,inactive,True,18.44607395919608,240.3222164580641,414.61976359499664,1974.2277180677193
1785251569.2636123,UpHybridRe,inactive,True,15.23876376928335,226.2156936361632,323.493364170247,2007.9259739973386
1785251569.2636123,CloseRe,inactive,True,14.349823343420736,282.40220755873844,404.153041540578,1744.6703154035858
1785251569.2636123,OpenRe,inactive,True,22.35029351384868,196.20559628743604,417.4984205026858,1807.6372612257837
1785251569.2636123,CloserHybridRe,inactive,True,9.879220068256371,271.3930011371839,321.73297806031906,1777.4723417401547
1785251569.2636123,FartherHybridRe,inactive,True,20.316363622533906,182.07676758541072,334.66617494969023,1829.4078511578628
1785251569.2636123,SwitchRef2,inactive,True,33.15150961966726,222.08465709354056,475.64813097286446,4076.3368243757723
1785251569.2636123,SwitchRef1,inactive,True,34.308220610803374,574.5143120851626,424.2130190843076,6702.094571361347
1785251569.763613,LeftHybridRe,hovered,True,21.518363641683077,186.05437387195835,375.0690125275727,1994.181955180382
1785251569.763613,RightHybridRe,inactive,True,11.279581583235874,279.9933711690825,361.5098505205147,1940.3981164901197
1785251569.763613,DownHybridRe,inactive,True,18.88271808876746,240.28532675792567,413.90867621408086,1973.211241320525
1785251569.763613,UpHybridRe,inactive,True,15.592234946519904,226.44552753053338,322.625077653837,2012.7480942937873
1785251569.763613,CloseRe,inactive,True,14.784681115874891,282.4116217403755,403.6768495445774,1747.4845434571107
1785251569.763613,OpenRe,inactive,True,22.774599791158145,196.2042635053754,416.53164364944945,1802.9060657847367
1785251569.763613,CloserHybridRe,inactive,True,10.235967047737887,271.6740763641165,321.06485449523535,1785.3273429106775
1785251569.763613,FartherHybridRe,inactive,True,20.67796898409269,182.29072892975793,333.6117342183478,1829.5738145833784
1785251569.763613,SwitchRef2,inactive,True,33.111394904769455,222.0861184067699,474.79726086750884,4063.673796561736
1785251569.763613,SwitchRef1,inactive,True,34.520479420036025,574.9072532060574,423.3319415090391,6679.40065966711
1785251570.2635293,LeftHybridRe,active,True,21.558511817965393,185.43195856543863,373.7251326662234,2003.2636702277268
1785251570.2635293,RightHybridRe,inactive,True,11.205786447380026,279.56044401746334,360.1058236520929,1950.9406509017135
1785251570.2635293,DownHybridRe,inactive,True,18.78908588042857,239.75317303451445,412.68879848436416,1985.3277146112086
1785251570.2635293,UpHybridRe,inactive,True,15.719054983887672,225.9189793423974,321.13484746012574,2020.2466570673096
1785251570.2635293,CloseRe,inactive,True,14.617574246854515,281.9853499367756,402.41879094942857,1758.9331550888892
1785251570.2635293,OpenRe,inactive,True,22.742259522596008,195.57528411586782,415.3205290012543,1813.0741618933316
1785251570.2635293,CloserHybridRe,inactive,True,10.34096309482643,271.22692188274766,319.55258239605513,1792.8427941980917
1785251570.2635293,FartherHybridRe,inactive,True,20.797069814465242,181.69238410293667,332.1635593274076,1835.986649974835
1785251570.2635293,SwitchRef2,inactive,True,31.508141774480354,221.8023807037112,473.512236095351,4075.5369890378424
1785251570.2635293,SwitchRef1,inactive,True,34.19828954569869,573.8448115721591,422.5056273738701,6678.984374993714
1785251570.76353,LeftHybridRe,hovered,True,21.79711573432455,184.91922282326954,373.3862985498219,2010.9163029132105
1785251570.76353,RightHybridRe,inactive,True,11.578926527384914,279.32914747991043,360.10248842009037,1958.9929582925251
1785251570.76353,DownHybridRe,inactive,True,19.226732526032762,239.3526256825982,412.53945068699375,1985.846936362046
1785251570.76353,UpHybridRe,inactive,True,15.784501208552154,225.55664939916338,320.8366037879657,2035.626124053255
1785251570.76353,CloseRe,inactive,True,15.143074914801463,281.673067261418,402.4326796464869,1760.0410042028234
1785251570.76353,OpenRe,inactive,True,23.100555204403186,195.09516993548792,415.0095150021347,1813.6990673172986
1785251570.76353,CloserHybridRe,inactive,True,10.41618290499896,271.0452872809385,319.42270194476947,1806.3512673440928
1785251570.76353,FartherHybridRe,inactive,True,20.898520374583278,181.15128690651255,331.73144679960217,1849.2923128682778
1785251570.76353,SwitchRef2,inactive,True,31.345238758351556,221.40393743483145,473.49118476509994,4079.0269928365524
1785251570.76353,SwitchRef1,inactive,True,34.658335479619126,566.737955514692,425.02874925706476,6657.514092862752
1785251571.2635791,LeftHybridRe,inactive,True,22.315513276015135,185.24903386151993,373.1223739263364,2000.7119995951325
1785251571.2635791,RightHybridRe,inactive,True,12.453047505430606,279.59590694704775,360.11265886936803,1952.990614870003
1785251571.2635791,DownHybridRe,inactive,True,20.150209951670035,239.80395246613557,412.136569571231,1962.3163388984467
1785251571.2635791,UpHybridRe,inactive,True,16.003539552010434,225.63362699766165,320.76130651307716,2043.5337138188406
1785251571.2635791,CloseRe,inactive,True,16.25848723082313,281.9989713759079,402.21087734475964,1741.5877310806973
1785251571.2635791,OpenRe,inactive,True,23.845331028011106,195.67666860086592,414.48231937453704,1790.9778753261126
1785251571.2635791,CloserHybridRe,inactive,True,10.731037877718416,271.22850186650294,319.45541766693106,1813.9591657148485
1785251571.2635791,FartherHybridRe,inactive,True,21.14413473924117,181.19385990560795,331.5551497664817,1853.6731942071492
1785251571.2635791,SwitchRef2,inactive,True,31.649048544210824,221.5312169720482,473.4491723504822,4069.1624184671673
1785251571.2635791,SwitchRef1,inactive,True,34.35623347543422,565.3834494688936,425.07380833188836,6643.184681615938
1785251571.763518,LeftHybridRe,hovered,True,21.425955204619683,185.422726012638,372.73148435702075,1999.882446527252
1785251571.763518,RightHybridRe,inactive,True,10.902925810130542,279.44549672021316,359.2886768794326,1949.2476033656494
1785251571.763518,DownHybridRe,inactive,True,18.388125180262822,239.44352711201688,411.8924516819035,1991.7014889968923
1785251571.763518,UpHybridRe,inactive,True,15.809904072178654,226.11047135769726,320.2550450677217,2008.7610462163975
1785251571.763518,CloseRe,inactive,True,14.090056528621416,281.7090496366099,401.68465535444386,1764.7697387669832
1785251571.763518,OpenRe,inactive,True,22.449790954441966,195.28125058841482,414.4308273623144,1817.7553279620188
1785251571.763518,CloserHybridRe,inactive,True,10.432070801648626,271.28895753459994,318.75014456037763,1783.871863134933
1785251571.763518,FartherHybridRe,inactive,True,20.83921826033339,181.97032963514843,331.1874493685732,1825.3450138495573
1785251571.763518,SwitchRef2,inactive,True,31.58857121897577,221.43510304910197,473.0252065273245,4073.7560798770282
1785251571.763518,SwitchRef1,inactive,True,34.25525137771433,565.0326024263375,425.2026343247303,6652.767192408806
1785251572.263511,LeftHybridRe,active,True,22.519642136526993,185.38441327289078,372.1666905958707,1987.6925380793764
1785251572.263511,RightHybridRe,inactive,True,12.126163585015327,279.2538283719566,359.116953911955,1958.6145604629419
1785251572.263511,DownHybridRe,inactive,True,19.62983350555371,239.32300760946765,411.5294885702209,1981.215592253655
1785251572.263511,UpHybridRe,inactive,True,16.73980113549794,225.81800229764926,319.7705078143394,2016.763377192332
1785251572.263511,CloseRe,inactive,True,15.365010242700803,281.5344163354803,401.57163424609877,1764.7560939176255
1785251572.263511,OpenRe,inactive,True,23.628017762686124,195.34535126718316,413.80495974464117,1799.2809223618387
1785251572.263511,CloserHybridRe,inactive,True,11.370753754218034,271.05738559786346,318.38496128707163,1799.7027504692378
1785251572.263511,FartherHybridRe,inactive,True,21.791798889482646,181.7860163828896,330.6014317865431,1822.4835343583181
1785251572.263511,SwitchRef2,inactive,True,31.20463326751899,221.12615689503986,471.7756705453953,4068.2390208599463
1785251572.263511,SwitchRef1,inactive,True,34.86807006372748,564.9260699453305,424.84863877687826,6595.089545818075
1785251572.7636445,LeftHybridRe,active,True,21.49663516441416,184.50207546639535,371.87007882106457,2003.0514295406938
1785251572.7636445,RightHybridRe,inactive,True,11.266992429186041,278.7191066136601,358.7005937415349,1945.6647585537285
1785251572.7636445,DownHybridRe,inactive,True,18.891328403569176,238.75871058685766,410.9524756198331,1976.4055309873293
1785251572.7636445,UpHybridRe,inactive,True,15.539770491260121,225.16986069564376,319.5198064933433,2023.4593870802964
1785251572.7636445,CloseRe,inactive,True,14.807096108657312,280.9855480437202,400.89358251377223,1749.4145428857446
1785251572.7636445,OpenRe,inactive,True,22.773878935243935,194.57696429024153,413.3993967768229,1807.310751635021
1785251572.7636445,CloserHybridRe,inactive,True,10.177996815785995,270.5313818814877,318.1658818186535,1793.0468385045824
1785251572.7636445,FartherHybridRe,inactive,True,20.63688368237578,180.82833839795234,330.32867948641314,1841.0573373352272
1785251572.7636445,SwitchRef2,inactive,True,31.59616098727329,220.40679331086451,471.66673901606987,4089.7959988794682
1785251572.7636445,SwitchRef1,inactive,True,35.90537200880936,561.1754590576761,424.9790033065185,6553.116342353242
1785251573.263576,LeftHybridRe,active,True,21.737493624966962,184.2274458670996,371.4372179500125,2003.9713210547525
1785251573.263576,RightHybridRe,inactive,True,11.473945024205257,278.43133008882006,357.9473612905147,1951.4424854354802
1785251573.263576,DownHybridRe,inactive,True,19.084326140315262,238.6633861000032,410.3868746245216,1978.6962969973683
1785251573.263576,UpHybridRe,inactive,True,15.802022582273969,224.66527509867652,318.8881164035768,2027.8902730440386
1785251573.263576,CloseRe,inactive,True,14.964584079686931,280.8768870498708,400.1960486484455,1753.6359909143357
1785251573.263576,OpenRe,inactive,True,22.988319029988347,194.4934879708482,412.96042659657616,1807.2275042987021
1785251573.263576,CloserHybridRe,inactive,True,10.435407070624068,270.0644039451081,317.36817226968606,1799.0037392123922
1785251573.263576,FartherHybridRe,inactive,True,20.895366302644874,180.36061024832992,329.8698027746641,1843.004656765297
1785251573.263576,SwitchRef2,inactive,True,31.043702117514215,219.98605322854203,471.0773105817408,4104.84266209833
1785251573.263576,SwitchRef1,inactive,True,35.881063429046996,553.588434617416,426.19835621392593,6502.757976145236
1785251573.7636058,LeftHybridRe,hovered,True,21.670216362865514,184.4019874935367,371.08678040285224,2002.7013239593434
1785251573.7636058,RightHybridRe,inactive,True,11.352371777490665,278.51633563622306,357.27263533712033,1950.4375176839676
1785251573.7636058,DownHybridRe,inactive,True,18.94299788846206,238.92655680658785,409.8588589231329,1979.0348676116482
1785251573.7636058,UpHybridRe,inactive,True,15.794559859439266,224.66387170696606,318.4122228965636,2025.2306172916724
1785251573.7636058,CloseRe,inactive,True,14.788643077143758,281.09624331807424,399.5208642054249,1754.0208207400137
1785251573.7636058,OpenRe,inactive,True,22.877897486069212,194.7803846483324,412.5823476204781,1807.2086676324034
1785251573.7636058,CloserHybridRe,inactive,True,10.421529269512298,270.0263369534813,316.73450079866103,1796.7267334164571
1785251573.7636058,FartherHybridRe,inactive,True,20.87742708105761,180.4230034248109,329.5433501739162,1840.6692845260586
1785251573.7636058,SwitchRef2,inactive,True,31.71232516616761,219.92840773065998,470.64524792320105,4106.632102585056
1785251573.7636058,SwitchRef1,inactive,True,36.23780643515748,548.2920201931395,428.1770508895597,6509.811994104326
1785251574.2635653,LeftHybridRe,inactive,True,21.49289398666901,184.75762406333538,370.69897088257056,2005.4694915738219
1785251574.2635653,RightHybridRe,inactive,True,11.374317628606347,279.17392137162216,358.3110219950164,1946.9886789154189
1785251574.2635653,DownHybridRe,inactive,True,19.04606726972874,238.80422385697557,410.18939751486965,1974.048915299485
1785251574.2635653,UpHybridRe,inactive,True,15.410783942521386,225.83281879236,318.6630182459536,2029.92548984311
1785251574.2635653,CloseRe,inactive,True,15.041334581548764,281.11945657714165,400.48559050190823,1747.0060309911496
1785251574.2635653,OpenRe,inactive,True,22.86424138902649,194.58087016953888,412.2763855566562,1805.718607474635
1785251574.2635653,CloserHybridRe,inactive,True,10.061508378603724,271.28144698868863,317.691945960826,1797.9609150002216
1785251574.2635653,FartherHybridRe,hovered,True,20.53353821494615,181.33579915485544,329.1087946220239,1846.9626693254977
1785251574.2635653,SwitchRef2,inactive,True,30.835715695470288,220.65553969395927,471.0371430614102,4096.825014821014
1785251574.2635653,SwitchRef1,inactive,True,36.088681672743704,548.8760072867592,428.45968279379446,6479.8619384989
1785251574.7637696,LeftHybridRe,inactive,True,22.23197330021874,184.24787305645856,370.8325509942511,1999.2032169953818
1785251574.7637696,RightHybridRe,inactive,True,12.254048628469539,278.5878616165877,358.35460223765307,1951.5952493068762
1785251574.7637696,DownHybridRe,inactive,True,19.925520844947687,238.47786413816954,410.1941432933264,1964.6737586371382
1785251574.7637696,UpHybridRe,inactive,True,16.025575699677315,224.96263280795873,318.71776638668564,2037.8910858021372
1785251574.7637696,CloseRe,inactive,True,15.964696434654506,280.72167506061726,400.4995449643281,1743.6412791178009
1785251574.7637696,OpenRe,inactive,True,23.680383420969285,194.35519954905328,412.2877835720652,1792.9024010443973
1785251574.7637696,CloserHybridRe,inactive,True,10.722310673184628,270.4936342632775,317.666666113924,1809.2464724364545
1785251574.7637696,FartherHybridRe,active,True,21.152489333198435,180.5160789355003,329.25450777359134,1848.9536531344602
1785251574.7637696,SwitchRef2,inactive,True,31.355721085705405,220.10523663873354,471.22472099711354,4084.902770282679
1785251574.7637696,SwitchRef1,inactive,True,36.0322550275217,548.4759383687099,428.88859342807206,6487.382088146202
1785251575.263611,LeftHybridRe,inactive,True,20.819649131515117,184.12985718144267,371.00048643324175,2005.994975219157
1785251575.263611,RightHybridRe,inactive,True,10.421033212973141,278.31592858948693,357.69830582647484,1937.399445737079
1785251575.263611,DownHybridRe,inactive,True,17.993604373387647,238.27401881159295,410.03658040163833,1982.4557040644286
1785251575.263611,UpHybridRe,inactive,True,15.073315197082229,224.98527193734233,318.6829566203306,2011.5576406356959
1785251575.263611,CloseRe,inactive,True,13.828815344199029,280.51149461866675,399.8738976989121,1749.8071143966517
1785251575.263611,OpenRe,inactive,True,21.966342378836217,194.02938421736823,412.5861038573418,1817.3052218428275
1785251575.263611,CloserHybridRe,inactive,True,9.697907624565167,270.2241260457953,317.2975988811999,1778.1972126154287
1785251575.263611,FartherHybridRe,hovered,True,20.13263357626383,180.65330980107902,329.50070492138065,1835.9433563581188
1785251575.263611,SwitchRef2,inactive,True,31.608293093159254,219.97211460119615,470.74460699348657,4065.2970251347506
1785251575.263611,SwitchRef1,inactive,True,36.794072810292704,543.7020971959471,426.8594721949934,6271.141759734266
1785251575.7636564,LeftHybridRe,inactive,True,21.346905144127003,184.005836231191,370.7891465168701,2003.248759601036
1785251575.7636564,RightHybridRe,inactive,True,11.065602639934104,278.2278054437921,357.7844029780145,1943.258283975185
1785251575.7636564,DownHybridRe,inactive,True,18.67112472106016,238.14678332427306,409.9695947382312,1977.417684990578
1785251575.7636564,UpHybridRe,inactive,True,15.453566907392371,224.82030726790268,318.5369783841041,2020.0143175298363
1785251575.7636564,CloseRe,inactive,True,14.5582520482589,280.3905271285639,399.9752286241076,1749.2095746601917
1785251575.7636564,OpenRe,inactive,True,22.582228788168347,193.95209027117144,412.3484452522915,1809.249130936616
1785251575.7636564,CloserHybridRe,inactive,True,10.086485415452296,270.14794626239745,317.2690584920565,1788.9895899404364
1785251575.7636564,FartherHybridRe,inactive,True,20.538839934986502,180.46541110863484,329.2554585351928,1839.3560618239717
1785251575.7636564,SwitchRef2,inactive,True,31.196442053842297,219.30735306483874,471.13153377252377,4135.837717175011
1785251575.7636564,SwitchRef1,inactive,True,37.42158293984484,543.5104677573859,426.40626785940503,6240.3124453796045
1785251576.263613,LeftHybridRe,inactive,True,20.958776567924172,184.13453649793905,370.4193347823768,2015.9193927181514
1785251576.263613,RightHybridRe,inactive,True,10.473670253550228,278.584588174037,357.3553179415638,1951.340812940034
1785251576.263613,DownHybridRe,inactive,True,18.038070603901655,238.2556347277037,409.7870951330174,1996.8308459534455
1785251576.263613,UpHybridRe,inactive,True,15.260898198620879,225.2502555499661,318.04991610590963,2021.40019336779
1785251576.263613,CloseRe,inactive,True,13.813763974205685,280.6564008290956,399.72147965648395,1764.1196977405198
1785251576.263613,OpenRe,inactive,True,22.057452336562665,193.89652131399563,412.1945629159984,1828.4989866319738
1785251576.263613,CloserHybridRe,inactive,True,9.868463293207158,270.59682008567995,316.78060006385294,1788.947796809225
1785251576.263613,FartherHybridRe,hovered,True,20.320262277390768,180.81098840558445,328.7790928077626,1843.034725320871
1785251576.263613,SwitchRef2,inactive,True,30.509713157000814,219.92525602088963,470.52860732796563,4104.148576357336
1785251576.263613,SwitchRef1,inactive,True,36.80454676093174,543.7224536914794,426.10653949708666,6226.883033749706
1785251576.763576,LeftHybridRe,inactive,True,21.26527085355664,184.01609704933335,369.9112578439608,2005.6972001169306
1785251576.763576,RightHybridRe,inactive,True,10.705113557951341,278.2581880335661,357.1642100800133,1950.163488812439
1785251576.763576,DownHybridRe,inactive,True,18.17834576418929,237.7966771376143,409.49508864030315,1995.7520261879763
1785251576.763576,UpHybridRe,inactive,True,15.695681793364606,225.20390966999219,317.720774696365,2011.1478287138452
1785251576.763576,CloseRe,inactive,True,13.862091786159857,280.1814739791529,399.5862698028941,1766.5219150109333
1785251576.763576,OpenRe,inactive,True,22.260804795981603,193.5446418983678,411.72095606511306,1823.503473319539
1785251576.763576,CloserHybridRe,inactive,True,10.31812983264502,270.4271735902794,316.5683112525667,1784.0008568157646
1785251576.763576,FartherHybridRe,active,True,20.71677709681029,180.90662155715904,328.3146776139867,1829.9595514447574
1785251576.763576,SwitchRef2,inactive,True,32.00954663329746,219.43041651831757,469.872205245632,4106.584445013716
1785251576.763576,SwitchRef1,inactive,True,37.102097055981574,543.502068109309,425.79036538552407,6219.969872418835
1785251577.2635984,LeftHybridRe,inactive,True,22.074032607023312,183.56753091466953,369.0723110571963,2006.9739469671695
1785251577.2635984,RightHybridRe,inactive,True,11.777988348922076,277.96679462493825,356.3625648365544,1961.7242810807584
1785251577.2635984,DownHybridRe,inactive,True,19.3818968350414,237.7501388752508,408.5760113011624,1984.3808019332573
1785251577.2635984,UpHybridRe,inactive,True,16.143874486646013,224.39835490301937,316.74829084906384,2035.7074937516809
1785251577.2635984,CloseRe,inactive,True,15.226216122824606,280.10192576738814,398.74747716669924,1761.791869248962
1785251577.2635984,OpenRe,inactive,True,23.305560768211183,193.54367492521328,410.7482362413733,1809.228990280335
1785251577.2635984,CloserHybridRe,inactive,True,10.769098059540788,269.88473145062864,315.5892792394991,1809.0855767996763
1785251577.2635984,FartherHybridRe,active,True,21.23901079446903,179.99023071310074,327.39650437239555,1846.787066411187
1785251577.2635984,SwitchRef2,inactive,True,30.82564882815491,219.2512458099682,469.19535096600384,4105.066893311683
1785251577.2635984,SwitchRef1,inactive,True,38.07124847237723,539.7210293045746,422.38676503995237,6002.401307522683
1785251577.7641861,LeftHybridRe,inactive,True,22.243946809037997,183.57201761459916,369.159470827822,1991.8052596220805
1785251577.7641861,RightHybridRe,inactive,True,11.836141776814179,277.5486795616958,356.2740110580753,1953.8651328063934
1785251577.7641861,DownHybridRe,inactive,True,19.333105029060853,237.51225673596952,408.5500772503922,1979.400622055342
1785251577.7641861,UpHybridRe,inactive,True,16.49656424326784,224.18130750058788,316.8751882872977,2017.3674343792336
1785251577.7641861,CloseRe,inactive,True,15.069129363806026,279.7376098353825,398.6545531560474,1759.9502788799218
1785251577.7641861,OpenRe,inactive,True,23.338616390847015,193.47876111934298,410.7821549184732,1801.3589532926453
1785251577.7641861,CloserHybridRe,inactive,True,11.129119049158806,269.4446261959183,315.5948553322418,1796.2736803116495
1785251577.7641861,FartherHybridRe,hovered,True,21.541833849257735,180.0409609300546,327.60450433454145,1827.4283945614516
1785251577.7641861,SwitchRef2,inactive,True,32.36986983820777,218.88586655712373,469.1859747993214,4082.5006394261727
1785251577.7641861,SwitchRef1,inactive,True,39.324278496066285,536.8505420666838,419.26460853742014,5724.794176709998
1785251578.2636359,LeftHybridRe,inactive,True,21.340912850926138,182.9701722252476,369.1892407601757,1998.4398187377337
1785251578.2636359,RightHybridRe,inactive,True,10.768022736764571,277.0003279447308,356.2199302561887,1943.063497592244
1785251578.2636359,DownHybridRe,inactive,True,18.180541159910035,236.74685498006008,408.56727888848684,1989.0917827284356
1785251578.2636359,UpHybridRe,inactive,True,15.84461644213569,223.95395445066032,316.99125211211924,2002.948233961626
1785251578.2636359,CloseRe,inactive,True,13.831162470268302,279.0291701884491,398.56792384699406,1760.8153848942093
1785251578.2636359,OpenRe,inactive,True,22.285457086631002,192.58109255940542,410.90247902824234,1817.4015839410567
1785251578.2636359,CloserHybridRe,inactive,True,10.486482121964045,269.0828191752644,315.721499689725,1776.8112954038588
1785251578.2636359,FartherHybridRe,inactive,True,20.83769329457599,179.76831868704167,327.6813968215396,1822.8864148433204
1785251578.2636359,SwitchRef2,inactive,True,31.779646691353737,218.46139242962775,469.4418162649076,4080.4346060060197
1785251578.2636359,SwitchRef1,inactive,True,39.49063239664185,534.3938117007655,418.61600264619864,5650.389085717034
1785251578.7636902,LeftHybridRe,inactive,True,20.887507372858494,182.96059887052053,368.92792562392606,2002.9221976671543
1785251578.7636902,RightHybridRe,inactive,True,10.405340536448978,277.143703143647,356.2957628576719,1936.1557860782777
1785251578.7636902,DownHybridRe,inactive,True,17.909742804170257,236.7113668020245,408.3800348052399,1984.2093176762064
1785251578.7636902,UpHybridRe,inactive,True,15.266740003687728,224.2017836075238,316.93062157242383,2005.2346178223488
1785251578.7636902,CloseRe,inactive,True,13.668353215281192,279.0128916273924,398.5161544746709,1751.9710789040037
1785251578.7636902,OpenRe,inactive,True,21.94150605556761,192.47716547570454,410.6067246268901,1818.0591547977565
1785251578.7636902,CloserHybridRe,inactive,True,9.90066888327411,269.3764474157865,315.85730678959305,1773.7032595923592
1785251578.7636902,FartherHybridRe,hovered,True,20.29289564697823,179.86371782635268,327.4301264479489,1829.7799280726103
1785251578.7636902,SwitchRef2,inactive,True,31.783480763848726,218.11296175913606,469.7074351762793,4117.099900649817
1785251578.7636902,SwitchRef1,inactive,True,39.55455989012413,534.502077772744,418.3932240858352,5640.074180517986
1785251579.263632,LeftHybridRe,inactive,True,20.89333761838804,183.0739019379734,369.31902045250337,2003.155198016073
1785251579.263632,RightHybridRe,inactive,True,10.30401553399349,277.1522289952278,356.03801485672204,1938.289909883475
1785251579.263632,DownHybridRe,inactive,True,17.73311675233067,237.011429043607,408.4812084793514,1989.9370943873728
1785251579.263632,UpHybridRe,inactive,True,15.421296013925186,224.0202847166903,317.0276505035745,2001.84842818373
1785251579.263632,CloseRe,inactive,True,13.401666297823649,279.27724179283905,398.3184076170277,1757.6691871222138
1785251579.263632,OpenRe,inactive,True,21.838718375943046,192.78344361139094,410.99982734408565,1822.185380349627
1785251579.263632,CloserHybridRe,inactive,True,10.065086511791959,269.1479109318489,315.63813910678215,1771.7807245644217
1785251579.263632,FartherHybridRe,active,True,20.41238627221205,179.78957607295723,327.8322629992319,1826.2241757122283
1785251579.263632,SwitchRef2,inactive,True,31.887274615945053,218.52073070326483,469.7064280625991,4084.1208844264183
1785251579.263632,SwitchRef1,inactive,True,39.5023033469299,534.474045239334,418.2498774843439,5627.758896119587
1785251579.7634711,LeftHybridRe,inactive,True,21.05408214889241,183.10250629339802,369.1409473158716,2008.993648311316
1785251579.7634711,RightHybridRe,inactive,True,10.464132921874722,277.36703906580834,356.1223242071357,1947.2387735083685
1785251579.7634711,DownHybridRe,inactive,True,17.917141197515367,237.02016544086723,408.5477658004891,1996.519528989782
1785251579.7634711,UpHybridRe,inactive,True,15.54113414554429,224.22810265767288,316.85963039431135,2010.3124407714895
1785251579.7634711,CloseRe,inactive,True,13.586372098621286,279.386958902364,398.5038987991481,1764.83857603449
1785251579.7634711,OpenRe,inactive,True,22.018344652472095,192.72844518350033,410.92376519447544,1826.8537981198497
1785251579.7634711,CloserHybridRe,inactive,True,10.170851526671667,269.44892727195963,315.59517370978966,1780.6696377565822
1785251579.7634711,FartherHybridRe,active,True,20.548169723041465,179.90741756280374,327.56149006528875,1832.3241548625774
1785251579.7634711,SwitchRef2,inactive,True,31.209475970815923,218.47482300296355,469.5158365266458,4109.638949241918
1785251579.7634711,SwitchRef1,inactive,True,39.318336927292194,531.9372138928692,417.194984278392,5536.026386452373
1785251580.2636237,LeftHybridRe,inactive,True,21.465720173897385,183.02281533263553,368.6833533608301,2006.085892858271
1785251580.2636237,RightHybridRe,inactive,True,11.296707036557073,277.4302920120389,356.26471096982044,1944.6710624903208
1785251580.2636237,DownHybridRe,inactive,True,18.94026881980705,237.09093882468432,408.13297241682386,1973.11202394899
1785251580.2636237,UpHybridRe,inactive,True,15.451258118763482,224.09556366283545,316.6579840439732,2028.5450556315045
1785251580.2636237,CloseRe,inactive,True,14.898508370273058,279.38941669711085,398.4142026684249,1745.3240212115197
1785251580.2636237,OpenRe,inactive,True,22.78874424546957,192.86309163826223,410.24410424082697,1806.1095302279318
1785251580.2636237,CloserHybridRe,inactive,True,10.098570827350605,269.5312860238336,315.67838129940105,1795.5233252076068
1785251580.2636237,FartherHybridRe,hovered,True,20.55795876666277,179.58817584693122,327.1098860826072,1847.562598108747
1785251580.2636237,SwitchRef2,inactive,True,30.29282417114893,218.66199423032626,469.3695648321469,4108.273378054619
1785251580.2636237,SwitchRef1,inactive,True,40.66280896376872,529.1412723524907,413.41896138426193,5256.313979052196
1785251580.763691,LeftHybridRe,inactive,True,20.872668401620448,182.7821932125963,367.91887010666665,2006.8022695143518
1785251580.763691,RightHybridRe,inactive,True,10.449733861914096,277.08451069554064,355.3319516631962,1938.1427309501305
1785251580.763691,DownHybridRe,inactive,True,18.003690655931916,236.6550430482466,407.36625774436953,1982.5796794163325
1785251580.763691,UpHybridRe,inactive,True,15.159104804747487,224.0273153898722,315.9045756842389,2012.741099482304
1785251580.763691,CloseRe,inactive,True,13.815365100426062,278.97037396128104,397.5275676073237,1750.127516261935
1785251580.763691,OpenRe,inactive,True,21.993471618665946,192.38784165847338,409.57806878956893,1817.3904708940609
1785251580.763691,CloserHybridRe,inactive,True,9.785320502010938,269.28939667186,314.8629072107251,1779.1785866530045
1785251580.763691,FartherHybridRe,inactive,True,20.20988943763375,179.60062777880216,326.38833556571217,1837.2961437478407
1785251580.763691,SwitchRef2,inactive,True,31.135088576928474,218.18703121531752,468.2709798416622,4113.73954177431
1785251580.763691,SwitchRef1,inactive,True,40.80719639215674,528.5186909374404,412.12786043647196,5208.069893555017
1785251581.2635896,LeftHybridRe,inactive,True,21.54109795076574,183.33402181075567,367.63730135093783,1994.0215983482958
1785251581.2635896,RightHybridRe,inactive,True,11.150477154822127,277.39865807324213,355.1934075097982,1941.185429100893
1785251581.2635896,DownHybridRe,inactive,True,18.677974070588775,237.07588015525704,407.15202724484107,1974.967453874262
1785251581.2635896,UpHybridRe,inactive,True,15.793006898122984,224.34502617045308,315.67212979705704,2011.0526324316088
1785251581.2635896,CloseRe,inactive,True,14.46564168226614,279.31763162639146,397.42431512978544,1749.8648631120523
1785251581.2635896,OpenRe,inactive,True,22.663016258256054,192.9793408649065,409.2410462490277,1803.6247013526481
1785251581.2635896,CloserHybridRe,inactive,True,10.427135652603575,269.56761123111005,314.64515472447044,1784.1331820489213
1785251581.2635896,FartherHybridRe,inactive,True,20.842002079674607,180.07899111677003,326.13759159459573,1828.469414741332
1785251581.2635896,SwitchRef2,inactive,True,31.25925803865033,218.54302515619958,467.9679544632637,4085.692367761185
1785251581.2635896,SwitchRef1,inactive,True,40.81522055694278,528.6659120796356,412.30197765258515,5221.780729520338
1785251581.7636647,LeftHybridRe,inactive,True,19.760272218917788,183.57217230557566,368.1623985618286,2022.1312307818625
1785251581.7636647,RightHybridRe,inactive,True,9.079807887307195,278.0731521294157,355.17444585050066,1935.2711570697938
1785251581.7636647,DownHybridRe,inactive,True,16.55635128652998,237.49644800614874,407.5436965717068,2002.9715577786192
1785251581.7636647,UpHybridRe,inactive,True,14.385403265204285,225.12983067555993,316.00192222630335,2004.66650666446
1785251581.7636647,CloseRe,inactive,True,12.251895554190263,279.93408209926673,397.4401146617014,1759.9138298761754
1785251581.7636647,OpenRe,inactive,True,20.685640557149053,193.0032447195253,410.0006884414357,1843.2924663847734
1785251581.7636647,CloserHybridRe,inactive,True,9.034555719391667,270.3252158651751,314.83215993181614,1765.222622220179
1785251581.7636647,FartherHybridRe,inactive,True,19.368254303465037,180.61583123015933,326.5988483368247,1838.6511236815822
1785251581.7636647,SwitchRef2,inactive,True,31.151162656592223,219.27417089213694,468.1830564317064,4071.832359261236
1785251581.7636647,SwitchRef1,inactive,True,40.77340231445068,529.3608075461859,412.47829053994735,5238.576805447738
1785251582.2640827,LeftHybridRe,inactive,True,21.375381023983174,183.80783864273025,368.1567508255186,2000.0354066540858
1785251582.2640827,RightHybridRe,inactive,True,11.227527943265622,278.0600733633889,355.5709964085728,1938.886088125044
1785251582.2640827,DownHybridRe,inactive,True,18.8742006764189,237.90017318677425,407.42720000526066,1965.9958995274355
1785251582.2640827,UpHybridRe,inactive,True,15.350453536348029,224.69601580166605,316.1247855980867,2023.98245564838
1785251582.2640827,CloseRe,inactive,True,14.849846146464527,280.1098827603146,397.6421030344805,1739.1126065089047
1785251582.2640827,OpenRe,inactive,True,22.711066813515938,193.74782078998763,409.6218200173498,1799.311550377446
1785251582.2640827,CloserHybridRe,inactive,True,10.002425733283767,270.07956468850136,315.0586954485709,1791.2004442221878
1785251582.2640827,FartherHybridRe,inactive,True,20.457554512749642,180.26323748101703,326.65019504637377,1843.2554627542595
1785251582.2640827,SwitchRef2,inactive,True,31.884559185655988,219.0189003008329,468.71682288877037,4084.2365805569934
1785251582.2640827,SwitchRef1,inactive,True,40.74724747424912,529.8589047737739,412.2780027469557,5194.6047603243205
1785251582.763687,LeftHybridRe,inactive,True,20.545902850195876,183.92630999601764,368.22222069203707,2012.2285538220858
1785251582.763687,RightHybridRe,inactive,True,10.120840236616383,278.3182352562329,355.38906560447265,1938.8293264508684
1785251582.763687,DownHybridRe,inactive,True,17.71598529249226,237.96023825050838,407.5449668538414,1985.624558232259
1785251582.763687,UpHybridRe,inactive,True,14.808706501329514,225.13444394027533,316.07944312834536,2016.0867391720385
1785251582.763687,CloseRe,inactive,True,13.55932918086281,280.2893466420461,397.57968250972334,1750.8177697679057
1785251582.763687,OpenRe,inactive,True,21.694181483179886,193.6332352424159,409.887845197077,1821.9792575301144
1785251582.763687,CloserHybridRe,inactive,True,9.422957296239186,270.4370702307775,314.9401054209891,1779.9415892870675
1785251582.763687,FartherHybridRe,hovered,True,19.874574026101833,180.65621228983034,326.66684509903695,1842.2608205632569
1785251582.763687,SwitchRef2,inactive,True,31.771602824990048,219.47368132142591,468.6535945502535,4048.4207216584255
1785251582.763687,SwitchRef1,inactive,True,40.74724747424912,529.8589047737739,412.2780027469557,5194.6047603243205
1785251583.2634966,LeftHybridRe,inactive,True,21.56733171126349,184.54437293303937,367.5653835343505,1997.382651752836
1785251583.2634966,RightHybridRe,inactive,True,11.186858275809909,278.68733432937984,354.92866054582566,1947.3351451264534
1785251583.2634966,DownHybridRe,inactive,True,18.752631181320815,238.4599598004498,407.0149729217833,1977.548496951771
1785251583.2634966,UpHybridRe,inactive,True,15.764564269489307,225.43260170165303,315.4412371999668,2018.505264666619
1785251583.2634966,CloseRe,inactive,True,14.558628973753162,280.71980832336055,397.205448927,1753.3473568289483
1785251583.2634966,OpenRe,inactive,True,22.723800154058633,194.34153750253333,409.1795621774261,1804.550007665508
1785251583.2634966,CloserHybridRe,inactive,True,10.386250407420935,270.733456443966,314.3207873574127,1791.6084837314338
1785251583.2634966,FartherHybridRe,inactive,True,20.834031118580622,181.14013636012268,326.01491768312496,1833.6558352581123
1785251583.2634966,SwitchRef2,inactive,True,31.157294290976438,219.2023439409799,467.87659512038107,4117.001989741555
1785251583.2634966,SwitchRef1,inactive,True,40.688355238003155,530.0066671451823,412.8307738633347,5212.803834818129
1785251583.7635906,LeftHybridRe,inactive,True,20.63893274249078,184.83195358597507,367.6845575942091,2007.387428627775
1785251583.7635906,RightHybridRe,inactive,True,10.156947285315274,279.1307797443876,354.9850539945128,1939.9237973080744
1785251583.7635906,DownHybridRe,inactive,True,17.723928441130102,238.71578992938024,407.1205358912053,1986.0187784991358
1785251583.7635906,UpHybridRe,inactive,True,14.961731129252884,226.05448489390443,315.6011297107068,2012.3391871978456
1785251583.7635906,CloseRe,inactive,True,13.519123959256836,281.04364416323733,397.2227387391745,1753.3199184727855
1785251583.7635906,OpenRe,inactive,True,21.738258163922062,194.44280686795867,409.3776136584096,1819.4948870771404
1785251583.7635906,CloserHybridRe,inactive,True,9.575018537269761,271.30932390596183,314.5069077058468,1779.1050726905887
1785251583.7635906,FartherHybridRe,inactive,True,20.015090539009254,181.64859824446572,326.13732366419595,1836.1611322280187
1785251583.7635906,SwitchRef2,inactive,True,31.304850574906045,219.76284650251043,467.93662150725834,4093.565707032496
1785251583.7635906,SwitchRef1,inactive,True,40.88058685523009,530.4435882887359,412.6406898198231,5194.784789552345
1785251584.2635508,LeftHybridRe,inactive,True,20.190898555539718,184.70986992023083,367.44688766435263,2006.3566846028807
1785251584.2635508,RightHybridRe,inactive,True,9.58160296549035,278.91198320734225,354.625482198369,1931.8752400021913
1785251584.2635508,DownHybridRe,inactive,True,17.068819413989733,238.47175630345168,406.8193278642832,1989.1427834098358
1785251584.2635508,UpHybridRe,inactive,True,14.72159740549624,226.02708494489482,315.4113951724197,1999.8208862929168
1785251584.2635508,CloseRe,inactive,True,12.784857458500618,280.7858876465693,396.83650329745325,1752.7709393278128
1785251584.2635508,OpenRe,inactive,True,21.163296051941426,194.18075276677754,409.1612194590158,1825.1501912567182
1785251584.2635508,CloserHybridRe,inactive,True,9.359126056106621,271.15228522447575,314.27451657047936,1765.4846191370743
1785251584.2635508,FartherHybridRe,hovered,True,19.722960179288833,181.6769201603232,325.963456553452,1828.43729337287
1785251584.2635508,SwitchRef2,inactive,True,30.19779730816621,219.78985346802594,467.84711864818195,4102.183990395737
1785251584.2635508,SwitchRef1,inactive,True,40.72725660679538,530.0057684927633,412.2676472057691,5229.437014609197
1785251584.7635334,LeftHybridRe,inactive,True,21.78271060725428,184.25497664416656,366.7099308587756,1997.9973708173675
1785251584.7635334,RightHybridRe,inactive,True,11.39815218006078,278.4692533383635,354.4180974206103,1952.29722542347
1785251584.7635334,DownHybridRe,inactive,True,18.960239819816014,238.0564150415868,406.40242176145347,1979.5767122480684
1785251584.7635334,UpHybridRe,inactive,True,15.972274786633841,225.29433396440214,314.6829243795123,2022.160614099772
1785251584.7635334,CloseRe,inactive,True,14.752632006972076,280.3718102742423,396.7569377813876,1756.9952739093278
1785251584.7635334,OpenRe,inactive,True,22.93580547985776,193.93317473024132,408.3857493260141,1804.5502237277578
1785251584.7635334,CloserHybridRe,inactive,True,10.592019508112438,270.6333633309623,313.71807970373953,1796.727496897911
1785251584.7635334,FartherHybridRe,active,True,21.04345327211156,180.9668258053614,325.1132946642376,1834.9762505600484
1785251584.7635334,SwitchRef2,inactive,True,31.679471394094513,219.6939606234872,466.81986049532327,4046.2206164124727
1785251584.7635334,SwitchRef1,inactive,True,40.97793257818122,528.9648755642548,410.9865010228665,5149.954478867148
1785251585.263628,LeftHybridRe,inactive,True,20.798450557472616,184.15589669384985,367.02547761561266,2003.829906425759
1785251585.263628,RightHybridRe,inactive,True,10.150373741405673,278.31092361193294,354.1310684575437,1941.7614442029226
1785251585.263628,DownHybridRe,inactive,True,17.57335738230057,237.9264760068047,406.46494014519794,1993.1331303499974
1785251585.263628,UpHybridRe,inactive,True,15.373296150530797,225.32476034355227,314.8662584534478,2003.3419714469164
1785251585.263628,CloseRe,inactive,True,13.210284062493448,280.25894357641664,396.4747411272441,1761.5145435113955
1785251585.263628,OpenRe,inactive,True,21.71023956270364,193.6851210831306,408.7866938377934,1823.3654824387522
1785251585.263628,CloserHybridRe,inactive,True,10.011999484335997,270.4726020222587,313.6589093539778,1774.0135159124984
1785251585.263628,FartherHybridRe,active,True,20.360851144482908,181.05318895471683,325.49719142172455,1826.2376550469126
1785251585.263628,SwitchRef2,inactive,True,31.125434516350943,219.42517004799535,466.940406701284,4066.484621422278
1785251585.263628,SwitchRef1,inactive,True,41.61288292456397,525.4141420363037,409.594192569561,4998.208552271157
1785251585.763679,LeftHybridRe,inactive,True,21.311774465474436,184.81986848666136,366.9167212610187,1997.5717184031164
1785251585.763679,RightHybridRe,inactive,True,10.736133748563022,278.9278168593689,354.4366273958638,1947.296035204934
1785251585.763679,DownHybridRe,inactive,True,18.197921075102972,238.4413910428681,406.59446763357863,1988.402175305826
1785251585.763679,UpHybridRe,inactive,True,15.760688584207319,225.98950748664163,314.8810790454002,2007.8183114782478
1785251585.763679,CloseRe,inactive,True,13.86633659338931,280.7750511334701,396.82663083249906,1762.2444205044158
1785251585.763679,OpenRe,inactive,True,22.291583289489104,194.2910793828281,408.6787813793823,1814.0599677177634
1785251585.763679,CloserHybridRe,inactive,True,10.383426495074337,271.1726456331687,313.8369023551372,1782.6729597850353
1785251585.763679,FartherHybridRe,hovered,True,20.777645990678458,181.75181195814176,325.36160345754826,1824.5908572352164
1785251585.763679,SwitchRef2,inactive,True,30.371138974819868,219.891117314998,467.57324276425595,4102.633624536342
1785251585.763679,SwitchRef1,inactive,True,42.30595455046774,524.9240064263897,406.8736526440339,4826.7275711417315
1785251586.264183,LeftHybridRe,inactive,True,20.537435242301047,184.79563952444124,366.3812635616803,2007.8166834798394
1785251586.264183,RightHybridRe,inactive,True,9.879072234243857,279.03954291642196,353.4619645411499,1941.8341459699295
1785251586.264183,DownHybridRe,inactive,True,17.33508416246034,238.63475019815115,405.80676747339663,1994.645624181554
1785251586.264183,UpHybridRe,inactive,True,15.101436831533894,226.0131351677703,314.20005159296056,2006.0585032144918
1785251586.264183,CloseRe,hovered,True,12.991965698122126,280.98835248129035,395.79452410728027,1761.261404257144
1785251586.264183,OpenRe,inactive,True,21.466380051043316,194.34666156478292,408.15348348867303,1826.222487411149
1785251586.264183,CloserHybridRe,inactive,True,9.733172996077581,271.1970764776327,312.9970057392413,1774.54968638828
1785251586.264183,FartherHybridRe,inactive,True,20.0983187010257,181.68074060950403,324.8329319392264,1830.3426168005062
1785251586.264183,SwitchRef2,inactive,True,31.84721656015375,220.2177432900076,466.2127129039028,4017.115874109535
1785251586.264183,SwitchRef1,inactive,True,42.07684440237071,525.0336622067691,406.5386697412303,4833.214572397701
1785251586.7635856,LeftHybridRe,inactive,True,19.941356017571287,184.698571485697,365.7249195909281,2008.5818456768648
1785251586.7635856,RightHybridRe,inactive,True,9.377050387657988,279.00535107589394,353.2733412951815,1928.7742471987222
1785251586.7635856,DownHybridRe,inactive,True,16.918395789757408,238.38898941714814,405.2415757275038,1985.6177817650096
1785251586.7635856,UpHybridRe,inactive,True,14.404433586284437,226.22699935084907,313.86956467339985,2002.4111663216281
1785251586.7635856,CloseRe,active,True,12.695826082849717,280.7244999085898,395.42054559955295,1747.684890654964
1785251586.7635856,OpenRe,inactive,True,20.973574462869124,194.06793400214343,407.43232794673776,1824.1682159678603
1785251586.7635856,CloserHybridRe,inactive,True,9.032871315221279,271.3906960926725,312.9273226624009,1765.1441553430923
1785251586.7635856,FartherHybridRe,inactive,True,19.425932905134268,181.77161936333752,324.2349340056884,1833.069498552224
1785251586.7635856,SwitchRef2,inactive,True,31.158987267955744,220.15319218831408,465.768107654684,4024.738920808668
1785251586.7635856,SwitchRef1,inactive,True,42.17713004784301,524.9634610447588,406.30826002958304,4835.875927769506
1785251587.2635932,LeftHybridRe,inactive,True,21.300976450745527,184.5645344338458,365.6437935253401,1998.464643835694
1785251587.2635932,RightHybridRe,inactive,True,11.05046325920798,278.8114398284277,353.3683089319463,1941.0683304011545
1785251587.2635932,DownHybridRe,inactive,True,18.683670962680086,238.46825763255373,405.149765834228,1968.5264300426788
1785251587.2635932,UpHybridRe,inactive,True,15.35796495245544,225.61229720748588,313.72646526457567,2022.408586464895
1785251587.2635932,CloseRe,hovered,True,14.600479356359205,280.71536943971256,395.50443894318585,1742.7329150783917
1785251587.2635932,OpenRe,inactive,True,22.573102127223606,194.33359639186995,407.1805809349793,1799.492987907557
1785251587.2635932,CloserHybridRe,inactive,True,9.988235174808198,270.9743069070141,312.80119127320563,1791.2291588925073
1785251587.2635932,FartherHybridRe,inactive,True,20.457550057909884,181.18975019648545,324.11360838986735,1840.22279158928
1785251587.2635932,SwitchRef2,inactive,True,31.848396610932504,219.52059425273055,465.6815660899382,4058.851400773019
1785251587.2635932,SwitchRef1,inactive,True,42.33401427894135,524.8662919095076,405.91612549616804,4811.323583216043
1785251587.763656,LeftHybridRe,inactive,True,20.75306776110398,183.88659233194403,365.3977925767686,2001.8162906492907
1785251587.763656,RightHybridRe,inactive,True,10.305599600848051,278.12944691173465,353.171443411036,1935.465264751947
1785251587.763656,DownHybridRe,inactive,True,17.86321592466326,237.5655716569713,405.0148199538718,1978.2676262252135
1785251587.763656,UpHybridRe,inactive,True,15.058393264720975,225.24670408341058,313.57314758680474,2009.818739484086
1785251587.763656,CloseRe,inactive,True,13.668504502568224,279.8694814345108,395.3458324961597,1747.1731975129733
1785251587.763656,OpenRe,inactive,True,21.863422767118795,193.35414894713645,407.0512409891989,1811.9868916900596
1785251587.763656,CloserHybridRe,inactive,True,9.680155462512175,270.47734447149105,312.69630575669663,1777.0690061703208
1785251587.763656,FartherHybridRe,inactive,True,20.10890217283775,180.83458754078114,323.88903917163526,1833.5227813866404
1785251587.763656,SwitchRef2,inactive,True,32.64139939365299,218.50112156179105,465.8156615507403,4071.8255792946657
1785251587.763656,SwitchRef1,inactive,True,41.993763377784184,524.0114287768502,406.01167331217533,4838.5355817777745
1785251588.2635102,LeftHybridRe,inactive,True,20.78003087155534,183.67620520892413,364.960795207607,2002.9855306952413
1785251588.2635102,RightHybridRe,inactive,True,10.192481419647828,277.8411294723137,352.1272747989452,1939.1032032307266
1785251588.2635102,DownHybridRe,inactive,True,17.66358758078406,237.53256826643167,404.33525080668153,1985.5664725550014
1785251588.2635102,UpHybridRe,inactive,True,15.266437230856086,224.77463398181493,312.8438909371562,2007.227956626426
1785251588.2635102,CloseRe,inactive,True,13.35460344029377,279.8188684669686,394.3862944400603,1754.5614816847738
1785251588.2635102,OpenRe,inactive,True,21.756621854550183,193.31679656779997,406.63905983532817,1817.2170514259742
1785251588.2635102,CloserHybridRe,inactive,True,9.896536049917975,269.96825805030994,311.67011425338876,1776.111266027634
1785251588.2635102,FartherHybridRe,inactive,True,20.275607739145336,180.45841388326073,323.44871601841885,1830.5576577873508
1785251588.2635102,SwitchRef2,inactive,True,31.083225043634936,218.96247894936377,464.92708103887014,4033.2357453596996
1785251588.2635102,SwitchRef1,inactive,True,42.09875309348115,523.5357554693074,405.09059884927836,4812.310678812457
1785251588.763544,LeftHybridRe,inactive,True,21.8435633075903,183.6466360344561,364.55147750015567,1988.5228031831466
1785251588.763544,RightHybridRe,inactive,True,11.3816738409926,277.57526308334184,351.92492088353515,1945.761653913054
1785251588.763544,DownHybridRe,inactive,True,18.865194281652,237.4485018457628,403.99665017296775,1973.1168118572677
1785251588.763544,UpHybridRe,inactive,True,16.167268817631403,224.38491591504172,312.46489582211166,2012.249360234724
1785251588.763544,CloseRe,inactive,True,14.582710165584746,279.63754676092344,394.2143806512242,1752.5929633122287
1785251588.763544,OpenRe,inactive,True,22.898963025068745,193.44688746743194,406.12889079588945,1797.0785694451151
1785251588.763544,CloserHybridRe,inactive,True,10.796669965105691,269.6036820135031,311.3202931754888,1789.0296379274077
1785251588.763544,FartherHybridRe,inactive,True,21.201433668830457,180.22285776181306,323.0505489051076,1825.2586559266929
1785251588.763544,SwitchRef2,inactive,True,31.09644645717864,218.19418039053284,464.7729797103668,4089.082637421263
1785251588.763544,SwitchRef1,inactive,True,42.268323501580696,523.4655694997782,405.22236513957847,4823.26574824893
1785251589.264121,LeftHybridRe,inactive,True,20.295998759629782,182.43280282808132,364.57061786636126,2017.6619771425067
1785251589.264121,RightHybridRe,inactive,True,9.724489716537672,276.9488826754414,351.9989984868052,1939.2866353585632
1785251589.264121,DownHybridRe,inactive,True,17.251105738120653,236.34652270940717,404.1055666236125,1992.535863703437
1785251589.264121,UpHybridRe,inactive,True,14.748470542289562,223.93618798564174,312.53920693360686,2014.5931522394822
1785251589.264121,CloseRe,active,True,12.99832387708209,278.75554098447003,394.23701481671003,1755.0440800825309
1785251589.264121,OpenRe,inactive,True,21.317385357476937,191.94093138908093,406.336294682147,1830.0637804348298
1785251589.264121,CloserHybridRe,inactive,True,9.371526602923796,269.2341616060754,311.5429842458305,1776.7190799907694
1785251589.264121,FartherHybridRe,inactive,True,19.772721586972708,179.37936414146128,322.9854297248186,1843.8182482917437
1785251589.264121,SwitchRef2,inactive,True,30.335954281778285,217.88715018125555,464.95405707221994,4076.867115613837
1785251589.264121,SwitchRef1,inactive,True,42.146474526875025,522.8169950370312,405.0203811984753,4823.263300366918
1785251589.7635036,LeftHybridRe,inactive,True,21.041979033847937,182.99675154382595,364.8703511595848,2008.2557554255545
1785251589.7635036,RightHybridRe,inactive,True,10.534017171779036,277.38413607223595,352.57638198280836,1946.4665768328778
1785251589.7635036,DownHybridRe,inactive,True,18.06258483574145,236.77597241478105,404.58464433673817,1987.6676316967787
1785251589.7635036,UpHybridRe,inactive,True,15.394163223841243,224.36971121814736,312.8962270580215,2017.8223961702242
1785251589.7635036,CloseRe,hovered,True,13.807649743469922,279.1634010720258,394.8874238234894,1757.5560787165814
1785251589.7635036,OpenRe,inactive,True,22.102902797201512,192.50274149987482,406.62404102462665,1818.570559253436
1785251589.7635036,CloserHybridRe,inactive,True,10.009961849375678,269.68307787876245,311.98152134562366,1786.3761946424129
1785251589.7635036,FartherHybridRe,inactive,True,20.437037136269737,179.91475570204796,323.26953354650055,1838.9223361417717
1785251589.7635036,SwitchRef2,inactive,True,32.14632832198702,217.7836099778647,465.2681267461959,4093.753664113123
1785251589.7635036,SwitchRef1,inactive,True,42.2837747486211,523.2574883297116,405.43858263424715,4827.715337403133
1785251590.2636602,LeftHybridRe,inactive,True,20.79212785620763,182.81961673748583,364.5983891879178,2004.2574699797078
1785251590.2636602,RightHybridRe,inactive,True,10.27055611831409,277.0797629590628,352.2067515810058,1937.571286145765
1785251590.2636602,DownHybridRe,inactive,True,17.776923034959918,236.55437278864434,404.1749703877637,1982.7816068756438
1785251590.2636602,UpHybridRe,inactive,True,15.198620680115184,224.1514094331643,312.68316104822975,2009.511677485967
1785251590.2636602,CloseRe,inactive,True,13.518544536023262,278.87498080589984,394.42597749956866,1751.1394917384096
1785251590.2636602,OpenRe,inactive,True,21.827444523071588,192.31560319012254,406.28485954996466,1816.1872628427773
1785251590.2636602,CloserHybridRe,inactive,True,9.82614401278159,269.37826831808997,311.72887410796017,1776.9191992314372
1785251590.2636602,FartherHybridRe,inactive,True,20.22446562710974,179.74635772240615,323.0759991488827,1833.808188867246
1785251590.2636602,SwitchRef2,inactive,True,31.89176753731869,217.59610154405436,464.8821230271458,4073.2938314341372
1785251590.2636602,SwitchRef1,inactive,True,42.62644889495899,523.2541096250991,405.2133508723088,4782.627988819455
1785251590.7635474,LeftHybridRe,inactive,True,21.1254216761553,182.12662041493627,363.47731037521163,2004.172950806591
1785251590.7635474,RightHybridRe,inactive,True,10.334640901982572,276.2630276087542,350.5244752483897,1948.2497024383847
1785251590.7635474,DownHybridRe,inactive,True,17.549537623547096,235.81484501326,403.0279292989576,2002.58241247548
1785251590.7635474,UpHybridRe,inactive,True,15.985654394496764,223.3308685479903,311.2492120813289,2000.3496912795817
1785251590.7635474,CloseRe,inactive,True,13.009637298518617,278.2010498139417,393.01275488944066,1772.5805902243883
1785251590.7635474,OpenRe,inactive,True,21.821053027745595,191.56776848489307,405.34110877532623,1828.8720410375172
1785251590.7635474,CloserHybridRe,inactive,True,10.672402546684108,268.44361747910216,309.99577417204654,1774.3950132822065
1785251590.7635474,FartherHybridRe,inactive,True,20.89208319673202,179.11674275689853,321.9225420166955,1821.770800217928
1785251590.7635474,SwitchRef2,inactive,True,31.571315076445934,217.1276636259936,463.8114624610159,4055.703153657232
1785251590.7635474,SwitchRef1,inactive,True,42.23244901614827,522.0643048783049,404.20545352905236,4800.469740840999
1785251591.263575,LeftHybridRe,inactive,True,21.951765234819476,182.05940399849325,362.5580484757611,1993.5103900474933
1785251591.263575,RightHybridRe,inactive,True,11.627710908229034,276.21040010089087,350.4089393915754,1946.6974116958809
1785251591.263575,DownHybridRe,inactive,True,19.180805541672452,235.91029039114522,402.1766721485497,1967.3126437438696
1785251591.263575,UpHybridRe,inactive,True,16.108225016039746,222.9873909282558,310.6476516603528,2023.7716226768316
1785251591.263575,CloseRe,hovered,True,14.996799118278204,278.13900814389547,392.6218041696232,1746.510460412952
1785251591.263575,OpenRe,inactive,True,23.12922850553702,191.85802702857697,404.10352857631847,1793.9028661309349
1785251591.263575,CloserHybridRe,inactive,True,10.74524622306306,268.34865443139483,309.74770303531454,1797.0509381306547
1785251591.263575,FartherHybridRe,inactive,True,21.175219931805568,178.63952152571667,321.01535989918403,1837.3457330947022
1785251591.263575,SwitchRef2,inactive,True,30.708686949463885,216.83079425445564,463.250308134948,4091.550379172979
1785251591.263575,SwitchRef1,inactive,True,42.64129828033815,522.0953074858146,403.68151639722953,4795.931678324749
1785251591.7634838,LeftHybridRe,inactive,True,21.203356997991992,181.12402840730388,362.38314399274634,2004.280066549516
1785251591.7634838,RightHybridRe,inactive,True,10.457255900643537,275.2743753650583,349.4407481359109,1947.128782829801
1785251591.7634838,DownHybridRe,inactive,True,17.71477380571423,234.90505134100871,401.87202038231845,1997.386175902444
1785251591.7634838,UpHybridRe,inactive,True,15.986857841197462,222.25308270764717,310.1601957611103,2004.1607532386042
1785251591.7634838,CloseRe,active,True,13.213607625821794,277.25706287727047,391.87341221280855,1767.9289567243468
1785251591.7634838,OpenRe,inactive,True,21.950979117720355,190.67232120147187,404.18708072590687,1824.8339473231536
1785251591.7634838,CloserHybridRe,inactive,True,10.661223375938182,267.40701626892815,308.9142122174516,1776.9769320734194
1785251591.7634838,FartherHybridRe,inactive,True,20.911933576132974,178.0045112000689,320.83336975633375,1825.836516137002
1785251591.7634838,SwitchRef2,inactive,True,30.78678115263218,216.1988526559267,462.7644176816409,4084.3546592676066
1785251591.7634838,SwitchRef1,inactive,True,42.60182054851634,521.1247291146823,402.57133800305485,4806.221379789247
1785251592.2634988,LeftHybridRe,inactive,True,21.62035674561386,180.29613490458857,362.2078796451867,1994.2348544397246
1785251592.2634988,RightHybridRe,inactive,True,10.975345696540746,274.245361406601,349.3392421342906,1942.9399359649178
1785251592.2634988,DownHybridRe,inactive,True,18.271770358395766,234.05647341698,401.6085994190278,1984.0222459272773
1785251592.2634988,UpHybridRe,inactive,True,16.276150685959706,221.19000816297594,310.0620916572761,2002.9908144614274
1785251592.2634988,CloseRe,active,True,13.826055537235328,276.29075684812733,391.68102467222576,1758.8835897759054
1785251592.2634988,OpenRe,inactive,True,22.446617722192354,189.9641807731395,403.8763651798975,1810.5051788045457
1785251592.2634988,CloserHybridRe,inactive,True,10.94061383946635,266.31667185492466,308.8239407887048,1778.069664132854
1785251592.2634988,FartherHybridRe,inactive,True,21.223774842179832,177.03015241716992,320.7226207509447,1822.0867017777637
1785251592.2634988,SwitchRef2,inactive,True,30.072779473577672,215.67303959306372,462.38608948328897,4072.547978443079
1785251592.2634988,SwitchRef1,inactive,True,42.39477708187477,520.7027978214361,402.2991529753459,4793.777120289407
1785251592.7635334,LeftHybridRe,inactive,True,21.870842654168083,179.37146651332023,361.5116682531041,1989.219702920691
1785251592.7635334,RightHybridRe,inactive,True,11.257633940748415,273.27650758795846,349.1805136891973,1941.34016907966
1785251592.7635334,DownHybridRe,inactive,True,18.53779632683774,232.8598712894246,401.187613059873,1979.972842696945
1785251592.7635334,UpHybridRe,inactive,True,16.511341862997178,220.46577727147246,309.62414483426625,2000.2082027110591
1785251592.7635334,CloseRe,active,True,14.094463629092656,275.10376360957116,391.51598039232766,1756.7524864990628
1785251592.7635334,OpenRe,inactive,True,22.70176056173375,188.8189231096829,403.1937150695326,1805.5870395437705
1785251592.7635334,CloserHybridRe,inactive,True,11.181570198432471,265.5600561877087,308.62815449111946,1777.1536579791646
1785251592.7635334,FartherHybridRe,inactive,True,21.455102469191168,176.31284669304821,320.04108492590035,1818.105531025787
1785251592.7635334,SwitchRef2,inactive,True,30.41555772968426,214.28647541305529,462.11085105393613,4108.2238890052395
1785251592.7635334,SwitchRef1,inactive,True,42.26420941410933,519.1309302980138,401.6902737935552,4800.689266696281
1785251593.2636306,LeftHybridRe,inactive,True,21.994294807953114,178.67693436956355,361.23646565475525,1984.6766664491042
1785251593.2636306,RightHybridRe,inactive,True,11.814554950080533,272.6115582565061,348.9879649959719,1928.6450893723813
1785251593.2636306,DownHybridRe,inactive,True,19.346480677295514,232.60357978564122,400.5002352787066,1947.331788755786
1785251593.2636306,UpHybridRe,inactive,True,16.0950724362011,219.37723947372317,309.48110703789405,2015.587464248325
1785251593.2636306,CloseRe,hovered,True,15.234862327568147,274.64688612971634,390.9186178623526,1725.8494317819423
1785251593.2636306,OpenRe,inactive,True,23.228106111993196,188.65258579529993,402.52601657016146,1780.2602738015266
1785251593.2636306,CloserHybridRe,inactive,True,10.77879679626522,264.66240914055913,308.5402938681215,1785.562606802152
1785251593.2636306,FartherHybridRe,inactive,True,21.146369796070875,175.06467311174785,319.86326921901116,1834.7046432059615
1785251593.2636306,SwitchRef2,inactive,True,30.012345989010743,213.66527148835846,461.81673837929424,4106.540901987857
1785251593.2636306,SwitchRef1,inactive,True,42.37063025983036,518.8945946553501,401.70857240020575,4798.523504542827
1785251593.7636158,LeftHybridRe,inactive,True,21.631411556111903,177.72089487807972,361.25053289148013,2001.0217347471953
1785251593.7636158,RightHybridRe,inactive,True,11.167333343698894,271.9131191171487,348.77207608903603,1939.799949606786
1785251593.7636158,DownHybridRe,inactive,True,18.59753092542211,231.63346338021125,400.7001504332095,1974.485188472303
1785251593.7636158,UpHybridRe,inactive,True,16.035068816335475,218.76330686456393,309.2756883966883,2015.3736592168898
1785251593.7636158,CloseRe,hovered,True,14.304161706805044,273.8755444327075,390.95748115033547,1747.3549302770334
1785251593.7636158,OpenRe,inactive,True,22.644007487233097,187.4712418601144,402.8289541342851,1806.8555929334616
1785251593.7636158,CloserHybridRe,inactive,True,10.687464285984834,264.0454380269042,308.25433999862474,1784.4127233667896
1785251593.7636158,FartherHybridRe,inactive,True,21.038412851486846,174.37803225843314,319.7451014648677,1837.6600005014843
1785251593.7636158,SwitchRef2,inactive,True,30.040216285277705,212.71695842113687,462.27920062965916,4122.707108809991
1785251593.7636158,SwitchRef1,inactive,True,42.200680878251426,517.6004770255664,401.69701318747946,4831.010354385842
1785251594.2636285,LeftHybridRe,inactive,True,21.227138063178643,177.80887742519624,361.78754333428196,1997.979598216636
1785251594.2636285,RightHybridRe,inactive,True,10.550551005923698,271.8225876923534,349.1105607927291,1932.9551972367408
1785251594.2636285,DownHybridRe,inactive,True,17.7662898271991,231.42292240193694,401.2415887306389,1985.592788704147
1785251594.2636285,UpHybridRe,inactive,True,16.020834039262855,219.03155258920054,309.84114238455203,1994.107013873203
1785251594.2636285,CloseRe,inactive,True,13.28966371915565,273.6888578250728,391.3658848569981,1754.6549985911115
1785251594.2636285,OpenRe,inactive,True,21.976919568587004,187.24320031088172,403.47401148043923,1818.196782402898
1785251594.2636285,CloserHybridRe,inactive,True,10.72264468669788,264.08619139177324,308.72857840847087,1765.023248326892
1785251594.2636285,FartherHybridRe,inactive,True,20.923590957164627,174.79502708544567,320.3572270983016,1820.8581083920544
1785251594.2636285,SwitchRef2,inactive,True,29.88753358646774,212.65664950711044,462.3379811368126,4117.787284098798
1785251594.2636285,SwitchRef1,inactive,True,42.86514925405176,517.9454807341037,401.85579881306336,4764.66335767282
1785251594.7641103,LeftHybridRe,inactive,True,21.433973309211083,177.8569963996941,361.88922411848466,2000.5672903895647
1785251594.7641103,RightHybridRe,inactive,True,10.796891620304935,271.95557280056175,349.2324852823955,1938.9176235925697
1785251594.7641103,DownHybridRe,inactive,True,18.07380275952895,231.57783070786567,401.37696228514426,1985.9315062149544
1785251594.7641103,UpHybridRe,inactive,True,16.12201541270766,219.02426927868845,309.87441051280115,2002.4695630030292
1785251594.7641103,CloseRe,inactive,True,13.633654452446617,273.8638574145225,391.5233146341751,1756.5950279504905
1785251594.7641103,OpenRe,inactive,True,22.248362084843674,187.38861884060947,403.5842869671263,1817.1452545187567
1785251594.7641103,CloserHybridRe,inactive,True,10.800913300123927,264.1642369503155,308.76672846279,1773.6637040624046
1785251594.7641103,FartherHybridRe,inactive,True,21.055713692010606,174.7439835632147,320.40435842755056,1826.6955979222403
1785251594.7641103,SwitchRef2,inactive,True,29.0466067692714,212.6446785606765,462.8051913604503,4142.918290016438
1785251594.7641103,SwitchRef1,inactive,True,42.54981920137366,517.86907140617,401.93125308999447,4769.829077226517
1785251595.2635064,LeftHybridRe,inactive,True,21.890455991628478,177.5340301653431,361.6874362414585,1987.1133562449104
1785251595.2635064,RightHybridRe,inactive,True,11.234168293536452,271.2899120146262,348.87688753141396,1936.0637774751012
1785251595.2635064,DownHybridRe,inactive,True,18.390766522497227,231.10087398782898,401.08097374257966,1980.6072251106089
1785251595.2635064,UpHybridRe,inactive,True,16.691444148165814,218.43890078819393,309.6644900291089,1991.4081442622228
1785251595.2635064,CloseRe,inactive,True,13.877740633523016,273.28052964149913,391.1844775381225,1756.0794853183688
1785251595.2635064,OpenRe,inactive,True,22.61102294663211,187.07707170228053,403.3238162576906,1807.6365911586545
1785251595.2635064,CloserHybridRe,inactive,True,11.397550117218886,263.43568865737507,308.4394911539333,1768.4938226028971
1785251595.2635064,FartherHybridRe,inactive,True,21.582687104497342,174.38333258053592,320.2862809356575,1812.288694004983
1785251595.2635064,SwitchRef2,inactive,True,30.059846708212174,212.66392570874945,462.0920791103482,4073.169101003303
1785251595.2635064,SwitchRef1,inactive,True,42.36119326745265,517.0937645062738,401.348260305748,4790.42844239666
1785251595.763544,LeftHybridRe,inactive,True,21.95670274085304,178.28098560011273,361.1627766576592,1996.6800800001838
1785251595.763544,RightHybridRe,inactive,True,11.38893265082674,272.32459867742125,348.42668871529145,1946.212419221847
1785251595.763544,DownHybridRe,inactive,True,18.72462104514984,232.15416216099638,400.59797510113526,1980.4268848736756
1785251595.763544,UpHybridRe,hovered,True,16.50387312334845,219.14176301063662,309.02526520333925,2011.7916923407465
1785251595.763544,CloseRe,inactive,True,14.323871333767693,274.38999594990946,390.74970827983054,1756.726093793266
1785251595.763544,OpenRe,inactive,True,22.850757916315093,188.0551472713904,402.7996572681275,1807.2982353915977
1785251595.763544,CloserHybridRe,inactive,True,11.161418844672665,264.36327703988036,307.848673241781,1786.0825917238326
1785251595.763544,FartherHybridRe,inactive,True,21.47273313257057,174.90547205235623,319.6432066361196,1829.8080095000078
1785251595.763544,SwitchRef2,inactive,True,30.168284702847416,213.0034157797583,461.87419957472906,4126.039291250017
1785251595.763544,SwitchRef1,inactive,True,42.370543915250835,518.1864306258116,401.18638539627057,4795.282332835835
1785251596.2635186,LeftHybridRe,inactive,True,20.852623045666846,177.8340026539717,361.30942832070883,2005.086095448376
1785251596.2635186,RightHybridRe,inactive,True,10.271233855054229,272.00226138182666,348.4015285203661,1929.727737883346
1785251596.2635186,DownHybridRe,inactive,True,17.641622228227057,231.80140436685804,400.5008214180605,1979.0877821750619
1785251596.2635186,UpHybridRe,hovered,True,15.448782243575982,218.92218442310252,309.2611467653243,2004.29057877167
1785251596.2635186,CloseRe,inactive,True,13.294837638897137,274.026329172806,390.51771049065405,1745.2763055843825
1785251596.2635186,OpenRe,inactive,True,21.75783728273882,187.5597372128849,402.88499015860486,1816.8335106039958
1785251596.2635186,CloserHybridRe,inactive,True,10.11888277465613,264.09987758824707,308.0736368955559,1768.9509181733592
1785251596.2635186,FartherHybridRe,inactive,True,20.409620051761685,174.54094054042886,319.8699559401064,1834.4463097406297
1785251596.2635186,SwitchRef2,inactive,True,30.004911719222324,213.08515145141865,461.93105717223443,4122.618167028697
1785251596.2635186,SwitchRef1,inactive,True,42.87628966735145,518.3524388569595,401.1953236129676,4761.258901411275
1785251596.7636256,LeftHybridRe,inactive,True,22.214515741492853,177.75720105440453,360.94718691126667,1995.6609893014902
1785251596.7636256,RightHybridRe,inactive,True,11.800403942470407,271.8625714430962,348.4768743774859,1946.206808074603
1785251596.7636256,DownHybridRe,inactive,True,19.235816903474422,231.71659177969298,400.4122435509141,1970.522843138613
1785251596.7636256,UpHybridRe,hovered,True,16.546957112376585,218.56695493974917,308.9092750842788,2020.7048229496613
1785251596.7636256,CloseRe,inactive,True,14.948050667980468,273.92156107897483,390.71076583981653,1748.898862398346
1785251596.7636256,OpenRe,inactive,True,23.259146395755316,187.64766104882506,402.4925729471006,1798.2798077457592
1785251596.7636256,CloserHybridRe,inactive,True,11.200298670216146,263.88910741325634,307.8563093503883,1793.881028064905
1785251596.7636256,FartherHybridRe,inactive,True,21.560841684964064,174.2528499327157,319.42151364543344,1837.0060252889925
1785251596.7636256,SwitchRef2,inactive,True,30.414793851110815,212.6658993677945,461.7519833661283,4139.114508309998
1785251596.7636256,SwitchRef1,inactive,True,42.697275266570244,518.096258542282,401.04609825833893,4792.469718713604
1785251597.263511,LeftHybridRe,inactive,True,21.337215361275298,177.85786747933042,361.7609717178115,2005.1912616194932
1785251597.263511,RightHybridRe,inactive,True,10.608662136324412,271.9249540380464,348.21843465790107,1942.52028288765
1785251597.263511,DownHybridRe,inactive,True,17.792260332510352,231.9294170625077,400.8338743363276,1993.9323978464236
1785251597.263511,UpHybridRe,active,True,16.184423965978443,218.66232978807713,309.3279098990878,2002.6387932374673
1785251597.263511,CloseRe,inactive,True,13.268554082774223,274.18744969213463,390.5676797257614,1763.288334050747
1785251597.263511,OpenRe,inactive,True,22.040449704983665,187.7014959820236,403.4523820668273,1824.4664010621382
1785251597.263511,CloserHybridRe,inactive,True,10.885482941684518,263.7986094841989,307.80284746032794,1773.5366317726803
1785251597.263511,FartherHybridRe,inactive,True,21.078959879016907,174.4484808894064,320.26937027784993,1827.7579389375387
1785251597.263511,SwitchRef2,inactive,True,30.58334746637052,212.9492902158088,462.1541719881986,4121.944012405031
1785251597.263511,SwitchRef1,inactive,True,42.453078532690554,518.148400939239,401.25235701930376,4804.5017381271755
1785251597.7636523,LeftHybridRe,inactive,True,21.859045318584354,177.83879000271878,361.0780714057937,2000.321539796274
1785251597.7636523,RightHybridRe,inactive,True,11.265262262262075,271.96333539925354,348.4051282399546,1947.0011335239906
1785251597.7636523,DownHybridRe,hovered,True,18.58429989333793,231.6869577168544,400.5829960916484,1984.4467746418595
1785251597.7636523,UpHybridRe,hovered,True,16.445586496682427,218.83153759452978,308.9590055840743,2012.0426737185262
1785251597.7636523,CloseRe,inactive,True,14.166556555889322,273.96795802960503,390.7507370867713,1759.0932574321923
1785251597.7636523,OpenRe,inactive,True,22.727770700180358,187.53568559578613,402.76285886340986,1812.203449180237
1785251597.7636523,CloserHybridRe,inactive,True,11.105884904844565,264.0618964626085,307.82327357167355,1785.3089803410694
1785251597.7636523,FartherHybridRe,inactive,True,21.406080350526754,174.54989900709975,319.5380400464572,1831.455372520304
1785251597.7636523,SwitchRef2,inactive,True,30.395518862856914,213.49047432940696,461.6722316538576,4065.8580638827552
1785251597.7636523,SwitchRef1,inactive,True,42.62987755380974,518.158389472118,400.95240995369267,4803.266410736847
1785251598.2635705,LeftHybridRe,inactive,True,21.83592025926872,178.38007538663996,360.42872693263683,1988.5312690481405
1785251598.2635705,RightHybridRe,inactive,True,11.25539528481646,272.23606497302984,347.81571167626686,1937.1397018735079
1785251598.2635705,DownHybridRe,hovered,True,18.547950274557724,232.05983421215393,399.85130474951194,1973.8101901772534
1785251598.2635705,UpHybridRe,inactive,True,16.448051592188015,219.25763176170577,308.45660706420193,2001.0664992756574
1785251598.2635705,CloseRe,inactive,True,14.129502292086112,274.22692479198736,390.0597319371501,1750.2945490938655
1785251598.2635705,OpenRe,inactive,True,22.69121320052627,188.0409114971953,402.00637202972246,1801.5480578089919
1785251598.2635705,CloserHybridRe,inactive,True,11.121562222696015,264.3631729023705,307.3321989239794,1776.118733748568
1785251598.2635705,FartherHybridRe,inactive,True,21.394840634579033,175.10744987372368,318.99906709686974,1820.6732865111662
1785251598.2635705,SwitchRef2,inactive,True,29.770018805304087,213.50982126172104,460.9048304946143,4104.295507070696
1785251598.2635705,SwitchRef1,inactive,True,42.453011434826614,518.5325967072114,400.2313523234593,4768.248422376884
1785251598.7635307,LeftHybridRe,inactive,True,10.279480258289455,176.37378861963387,360.149262909932,2361.5623742652206
1785251598.7635307,RightHybridRe,inactive,True,21.017741583874518,270.4098440015244,347.2711692187171,1641.588231984344
1785251598.7635307,DownHybridRe,inactive,True,15.992928366122893,232.55697953266326,399.4176252784314,2028.5141815027455
1785251598.7635307,UpHybridRe,inactive,True,17.364027076617166,220.14197149333873,308.2273939800598,1938.5586444112923
1785251598.7635307,CloseRe,inactive,True,20.681821933885317,272.7140978260828,387.7079529583208,1542.2184184494981
1785251598.7635307,OpenRe,inactive,True,10.902431978533153,186.2089685122585,404.24259657225593,2178.5377717754927
1785251598.7635307,CloserHybridRe,inactive,True,21.736366379610395,262.90263570423554,309.1973011656506,1476.472046938492
1785251598.7635307,FartherHybridRe,inactive,True,12.60448313540676,173.72233450871389,316.86405767380177,2085.438116415815
1785251598.7635307,SwitchRef2,hovered,True,31.09798358876763,213.42529292727755,460.09804472190575,4088.783910731254
1785251598.7635307,SwitchRef1,inactive,True,42.26063040366697,518.4572538960985,400.20971671288,4790.998319440216
1785251599.2637284,LeftHybridRe,inactive,True,20.979701265736473,178.26724829696624,359.5857362799786,2001.2186290067948
1785251599.2637284,RightHybridRe,inactive,True,10.480008660038042,272.40577115359343,346.8494017760439,1929.0276197097483
1785251599.2637284,DownHybridRe,inactive,True,17.916505526144455,232.262009174828,398.7842888724019,1970.1380399163827
1785251599.2637284,UpHybridRe,inactive,True,15.44319384218928,219.2606355403829,307.60886165399364,2008.9913209304505
1785251599.2637284,CloseRe,inactive,True,13.635264990394917,274.4364240728513,388.9035850989868,1739.0239912303878
1785251599.2637284,OpenRe,inactive,True,21.974731606437942,188.0872050164789,401.0806645283513,1807.190615874264
1785251599.2637284,CloserHybridRe,inactive,True,10.098906205258169,264.48634968161315,306.4936269888063,1773.6995608317957
1785251599.2637284,FartherHybridRe,inactive,True,20.437133083323193,174.8656735515234,318.15519148993366,1837.0259837273697
1785251599.2637284,SwitchRef2,active,True,31.038516040194853,213.736848508285,459.4480369117321,4072.9362162971593
1785251599.2637284,SwitchRef1,inactive,True,42.2275054904019,518.7495415325754,399.808276297405,4762.416343315912
1785251599.7636166,LeftHybridRe,inactive,True,21.48111239799818,178.37049426192718,360.3732715351549,1998.9078657518658
1785251599.7636166,RightHybridRe,inactive,True,10.794330798158022,272.37079562482734,347.2433277626874,1941.0161196847694
1785251599.7636166,DownHybridRe,inactive,True,18.024632699351773,232.27700061540605,399.6176724956312,1986.272395625594
1785251599.7636166,UpHybridRe,inactive,True,16.24384528570051,219.2276289608072,308.13349425166444,2002.7827325510298
1785251599.7636166,CloseRe,inactive,True,13.536459883349659,274.5073037001241,389.559415632625,1758.5628024721955
1785251599.7636166,OpenRe,inactive,True,22.238520379310337,188.12973808029318,402.02926143267314,1815.3487638539227
1785251599.7636166,CloserHybridRe,inactive,True,10.929586554735721,264.3610395114795,306.7890488596334,1775.215099485562
1785251599.7636166,FartherHybridRe,inactive,True,21.160323827041587,175.027998480042,318.89746757054496,1825.5029981890802
1785251599.7636166,SwitchRef2,hovered,True,30.457195143257522,213.58975389620875,460.73066075296845,4106.338200261569
1785251599.7636166,SwitchRef1,inactive,True,42.56140388761449,518.2596341200783,400.0071388388207,4797.465680963738
1785251600.263525,LeftHybridRe,inactive,True,21.773476676143424,178.3265945451951,360.2058406565486,1986.0742930159759
1785251600.263525,RightHybridRe,inactive,True,10.98936063857368,271.9599962848682,346.83697684532456,1937.5480404981354
1785251600.263525,DownHybridRe,inactive,True,17.926920590085363,231.92076897472208,399.4113764429299,1990.3944892941727
1785251600.263525,UpHybridRe,hovered,True,16.883453976712392,219.08280848044086,307.95482434071954,1982.419369635354
1785251600.263525,CloseRe,inactive,True,13.264744127355033,274.10040433121435,389.24489723142733,1765.3755506130983
1785251600.263525,OpenRe,inactive,True,22.278718688206546,187.89735027596564,401.89811208578556,1814.6005284150524
1785251600.263525,CloserHybridRe,inactive,True,11.64941189615012,263.9800984292556,306.45543641232956,1761.8410965529038
1785251600.263525,FartherHybridRe,inactive,True,21.689988912205216,175.15784554233866,318.82840709957037,1803.640955484203
1785251600.263525,SwitchRef2,inactive,True,30.98306111122404,213.5910039875334,460.00818938488266,4055.9724928073556
1785251600.263525,SwitchRef1,inactive,True,42.69277273268263,518.2814892364454,399.395589697644,4766.747923606905
1785251600.763647,LeftHybridRe,inactive,True,21.40629218244453,177.74953203820036,359.85159095816584,1989.5551079568177
1785251600.763647,RightHybridRe,inactive,True,10.757649209475796,271.53269610449377,346.7898096822683,1928.9617311213442
1785251600.763647,DownHybridRe,inactive,True,17.97010501121117,231.53239894706527,398.9802583969294,1974.64624988148
1785251600.763647,UpHybridRe,active,True,16.17581572022755,218.53363494768038,307.78139124923786,1992.5811828618062
1785251600.763647,CloseRe,inactive,True,13.501053091758449,273.64989044242657,388.96114600765793,1747.2019891578675
1785251600.763647,OpenRe,inactive,True,22.167961905723576,187.4846953971209,401.3819873496401,1806.0584063199094
1785251600.763647,CloserHybridRe,inactive,True,10.877924983636522,263.55749691595423,306.4644592143908,1764.8696362028786
1785251600.763647,FartherHybridRe,inactive,True,21.07998560836331,174.41679940206743,318.49321554119587,1817.65487205303
1785251600.763647,SwitchRef2,inactive,True,30.781923738006853,212.53974752872628,460.08133943850316,4132.426840436921
1785251600.763647,SwitchRef1,inactive,True,42.57409224554486,517.730080720208,399.266443321158,4795.8604561017855
1785251601.2636032,LeftHybridRe,inactive,True,20.10739605481329,177.61531590213858,359.88113224624215,2009.3350829634546
1785251601.2636032,RightHybridRe,inactive,True,9.51462143624219,271.82754855506175,346.81329290490345,1918.3114631256249
1785251601.2636032,DownHybridRe,inactive,True,16.910974681414082,231.69227851398497,398.8610248522421,1975.4586129067757
1785251601.2636032,UpHybridRe,active,True,14.744127137516728,218.760519148454,307.87162213193454,2000.2102280660474
1785251601.2636032,CloseRe,inactive,True,12.605825290544846,273.8759613399606,388.7755697436164,1735.8164500107523
1785251601.2636032,OpenRe,inactive,True,21.01937029202588,187.3860302452774,401.38496675475864,1820.1270801962346
1785251601.2636032,CloserHybridRe,inactive,True,9.426281106012892,263.91373067913287,306.6524879361907,1758.4610699161422
1785251601.2636032,FartherHybridRe,inactive,True,19.696744394423224,174.29640246656848,318.50094014888657,1838.0635884607182
1785251601.2636032,SwitchRef2,inactive,True,30.74637968495641,212.729673226541,460.0133319818416,4120.244927560241
1785251601.2636032,SwitchRef1,inactive,True,42.16608362516466,520.1818661238971,394.3626422946213,4839.583333538467
1785251601.763703,LeftHybridRe,inactive,True,20.851265182885008,177.7159678265477,359.9907786459163,2000.003076465604
1785251601.763703,RightHybridRe,inactive,True,10.152439152717037,271.6824276744059,346.66455855190475,1927.4521376197881
1785251601.763703,DownHybridRe,inactive,True,17.36724775262982,231.6776656770382,398.990150177222,1981.7153455222433
1785251601.763703,UpHybridRe,hovered,True,15.687843978217128,218.60201409345615,307.811325395828,1994.2303705616396
1785251601.763703,CloseRe,inactive,True,12.893911765388836,273.84776658149644,388.8147764655122,1748.5165966286804
1785251601.763703,OpenRe,inactive,True,21.587179816534736,187.49134096414664,401.5576370708459,1817.545420934246
1785251601.763703,CloserHybridRe,inactive,True,10.4002908951299,263.6633943098417,306.4097605619424,1761.4469183381152
1785251601.763703,FartherHybridRe,inactive,True,20.581026911987642,174.37195322581206,318.60997363691547,1824.6531184808046
1785251601.763703,SwitchRef2,inactive,True,30.922615509325308,212.55103085396252,460.04374077486517,4132.253494006967
1785251601.763703,SwitchRef1,inactive,True,41.98791997679564,522.3336304822908,389.1220093572172,5038.660620241251
1785251602.2636333,LeftHybridRe,inactive,True,21.22448605008026,177.44785846861365,359.42201900874767,1994.0167050494929
1785251602.2636333,RightHybridRe,inactive,True,10.829966414561227,271.48317494010075,347.0054562038644,1923.7018489748516
1785251602.2636333,DownHybridRe,inactive,True,18.28702865679481,231.3175867351161,398.67918659817593,1959.473467778822
1785251602.2636333,UpHybridRe,hovered,True,15.587142086840746,218.44097979875266,307.645203541083,2006.9150999598132
1785251602.2636333,CloseRe,inactive,True,14.061875876755222,273.4308878301738,388.96508512667265,1730.5888197098247
1785251602.2636333,OpenRe,inactive,True,22.288459434650125,187.22745998504593,400.8279700007029,1797.026049428452
1785251602.2636333,CloserHybridRe,inactive,True,10.252076846983606,263.6439395151996,306.66899832455147,1772.4341495860426
1785251602.2636333,FartherHybridRe,inactive,True,20.593503022330875,174.06820267717296,318.0472123679741,1834.2305775485365
1785251602.2636333,SwitchRef2,inactive,True,30.457090925029956,212.4706251686778,460.00257127667277,4127.515077820455
1785251602.2636333,SwitchRef1,inactive,True,41.765601858709324,522.1809775865702,389.19201311511085,5039.6896600942855
1785251602.7635698,LeftHybridRe,inactive,True,21.49056829421705,177.3209039793416,359.4793602458427,1999.3329994482265
1785251602.7635698,RightHybridRe,inactive,True,10.926394569225417,271.401725807699,346.6762912276053,1936.9904387789938
1785251602.7635698,DownHybridRe,inactive,True,18.27208150571524,231.27264802972996,398.76111407701313,1975.9664487320406
1785251602.7635698,UpHybridRe,active,True,16.057156148935285,218.23197446007129,307.40374107387197,2009.1442505625855
1785251602.7635698,CloseRe,inactive,True,13.896789145018582,273.4726862500708,388.86491677330946,1748.2085532765122
1785251602.7635698,OpenRe,inactive,True,22.390669017815487,187.1309124820759,401.0436363974886,1808.2857482320214
1785251602.7635698,CloserHybridRe,inactive,True,10.72282371546074,263.4434681226304,306.2270638900087,1778.4567031086772
1785251602.7635698,FartherHybridRe,inactive,True,21.02072447410392,173.92205211256484,318.0133465248798,1833.0668425270487
1785251602.7635698,SwitchRef2,inactive,True,30.564723381610374,212.54219635471514,459.4795935178348,4108.59128802245
1785251602.7635698,SwitchRef1,inactive,True,41.670883155971545,521.9875588753584,389.44689485785926,5071.03388151736
1785251603.263644,LeftHybridRe,inactive,True,22.22317318004007,177.4812389741869,359.0652085807743,1992.2194355228457
1785251603.263644,RightHybridRe,inactive,True,11.674888940361747,271.43021622933486,346.3062392680519,1946.2021923686625
1785251603.263644,DownHybridRe,inactive,True,18.995179609431492,231.39816528247,398.44113122188355,1974.4892516806358
1785251603.263644,UpHybridRe,active,True,16.760713373537577,218.16543819138548,306.9174847563205,2013.1172472740072
1785251603.263644,CloseRe,inactive,True,14.58963268863861,273.5729354308511,388.6065535789316,1753.7071153680808
1785251603.263644,OpenRe,inactive,True,23.116659515285367,187.37409853276043,400.6377758590161,1799.913766140231
1785251603.263644,CloserHybridRe,inactive,True,11.422482298055245,263.3921566584844,305.71309321721424,1788.793867935834
1785251603.263644,FartherHybridRe,inactive,True,21.726255071805358,173.97389292363434,317.5650032920732,1829.2216047271795
1785251603.263644,SwitchRef2,inactive,True,29.44829396299773,212.57368329493087,459.60131623693934,4124.738223949687
1785251603.263644,SwitchRef1,inactive,True,41.305477635489176,522.969815516051,386.80064193993405,5102.3371186213335
1785251603.763698,LeftHybridRe,inactive,True,20.830334359175446,177.45399828204813,358.73981424933595,1996.8016503963772
1785251603.763698,RightHybridRe,inactive,True,10.174894522173865,271.40341415903595,345.76815018232423,1923.3033269126172
1785251603.763698,DownHybridRe,inactive,True,17.430417555494017,231.29456576122595,397.8557939418056,1974.8627527735662
1785251603.763698,UpHybridRe,active,True,15.600188647493571,218.44532154876217,306.7546222684906,1993.6361169380252
1785251603.763698,CloseRe,inactive,True,12.998716883629728,273.4435864743633,387.8493712012238,1742.2472315806808
1785251603.763698,OpenRe,inactive,True,21.615865515615567,187.14405277723895,400.2657249055254,1811.7677829860477
1785251603.763698,CloserHybridRe,inactive,True,10.304264988916069,263.50404596811495,305.5221815993986,1760.2003405810246
1785251603.763698,FartherHybridRe,inactive,True,20.509119514647903,174.18714772976762,317.3843650745832,1824.4831276582481
1785251603.763698,SwitchRef2,inactive,True,29.595131281635123,212.6484749508569,458.92623710833516,4123.4006301017
1785251603.763698,SwitchRef1,inactive,True,41.13671271954303,526.9468388733726,377.0718242659779,5323.3749253072165
1785251604.2636278,LeftHybridRe,inactive,True,21.55418209899197,177.00815760920293,358.60805675729046,1993.8328749080065
1785251604.2636278,RightHybridRe,inactive,True,10.92242298264123,270.95553892851865,345.93621858893374,1934.4186199949108
1785251604.2636278,DownHybridRe,inactive,True,18.164127085310888,230.73365182810383,397.9943698617202,1976.9767717241484
1785251604.2636278,UpHybridRe,active,True,16.27086464848635,218.00059537716632,306.6383013931552,1999.9374889675018
1785251604.2636278,CloseRe,inactive,True,13.70929896532352,272.92719794012237,388.15576045919386,1750.0348203857866
1785251604.2636278,OpenRe,inactive,True,22.346104448517924,186.64081030235045,400.20401932452575,1807.7672984880737
1785251604.2636278,CloserHybridRe,inactive,True,10.960528567663511,263.10814725315583,305.5100268482713,1771.8393804507286
1785251604.2636278,FartherHybridRe,inactive,True,21.190909550354068,173.7807798698943,317.18173822370255,1823.775874083938
1785251604.2636278,SwitchRef2,inactive,True,31.141266876515335,212.53520585020854,458.5311892907567,4050.1581256012432
1785251604.2636278,SwitchRef1,inactive,True,40.631191550742145,530.7327254702996,367.0935470897406,5512.09058016169
1785251604.7637029,LeftHybridRe,inactive,True,21.877378745047817,176.7521866460328,358.9794817857942,1996.958673574718
1785251604.7637029,RightHybridRe,inactive,True,11.114246664976084,270.741422020687,346.3009737913994,1946.1523676840297
1785251604.7637029,DownHybridRe,inactive,True,18.14215173859808,230.26818773144484,398.6363031792548,1996.101334497318
1785251604.7637029,UpHybridRe,hovered,True,16.872539123458505,217.95222540922398,306.9121557966618,1995.8855593727603
1785251604.7637029,CloseRe,inactive,True,13.520781574930695,272.6026869212709,388.77831370251516,1769.945918108926
1785251604.7637029,OpenRe,inactive,True,22.456542674613946,186.11864038711118,400.7996309746157,1821.16124241129
1785251604.7637029,CloserHybridRe,inactive,True,11.605343371140503,263.00811400188024,305.76043135716606,1772.9239470082175
1785251604.7637029,FartherHybridRe,inactive,True,21.716780166128427,173.80004650989062,317.4755261232621,1816.7828133892435
1785251604.7637029,SwitchRef2,inactive,True,30.556581851560107,211.89909659336578,459.46635124002006,4094.0815300959002
1785251604.7637029,SwitchRef1,inactive,True,40.352385754600405,533.7275060557491,355.9915309566421,5765.231934854091
1785251605.2641726,LeftHybridRe,inactive,True,22.443090860255072,177.3229040702076,358.4598121753832,1983.9491769625529
1785251605.2641726,RightHybridRe,inactive,True,11.905924520197724,271.1291375247511,346.0945471468476,1943.1195261106404
1785251605.2641726,DownHybridRe,inactive,True,19.192724251249118,230.96514919498384,398.0278201515648,1969.3727481911264
1785251605.2641726,UpHybridRe,inactive,True,17.00006601529715,218.1003069639657,306.5285369894285,2006.8515293984492
1785251605.2641726,CloseRe,inactive,True,14.773577352041055,273.1130966358348,388.3860509354065,1751.1801153169
1785251605.2641726,OpenRe,inactive,True,23.318190812425005,187.03203710372514,400.02509117689965,1793.0857007247905
1785251605.2641726,CloserHybridRe,inactive,True,11.671803137850487,263.2515575582441,305.49059813761414,1785.48038891959
1785251605.2641726,FartherHybridRe,inactive,True,21.953153941138456,173.9819694400316,316.99982772827434,1821.256796952839
1785251605.2641726,SwitchRef2,inactive,True,29.941057672316866,212.3811788397936,458.76081906951254,4097.722535086774
1785251605.2641726,SwitchRef1,inactive,True,40.303577326307604,534.1432063693359,355.1549561884212,5768.939498740801
1785251605.7639759,LeftHybridRe,inactive,True,22.29680265004959,177.58691937390566,358.09395085605024,1989.7006655479745
1785251605.7639759,RightHybridRe,inactive,True,11.75371720205788,271.53150948043833,345.7024722591633,1946.129524130658
1785251605.7639759,DownHybridRe,inactive,True,19.073729345515023,231.3308026241738,397.67285118033385,1972.7558045784463
1785251605.7639759,UpHybridRe,inactive,True,16.82730066450886,218.41970290727528,306.10856542685224,2012.3808650661085
1785251605.7639759,CloseRe,inactive,True,14.668216189455828,273.52337832139614,388.0105997294266,1753.1441150239261
1785251605.7639759,OpenRe,inactive,True,23.19297272866443,187.33246171027412,399.68928977655287,1797.2423805825892
1785251605.7639759,CloserHybridRe,inactive,True,11.4888627171141,263.6382431874066,305.07262675287456,1789.0912145660768
1785251605.7639759,FartherHybridRe,inactive,True,21.79373837106375,174.2204463196232,316.59002777854573,1827.3931286475636
1785251605.7639759,SwitchRef2,hovered,True,30.066411904765108,212.78431090807211,458.5123034309971,4098.734334598863
1785251605.7639759,SwitchRef1,inactive,True,40.45989137288008,534.6625449300827,354.9581797257747,5751.448817721364
1785251606.2640717,LeftHybridRe,inactive,True,22.167588587583488,177.28765885531155,357.91006340424883,1986.8713669125245
1785251606.2640717,RightHybridRe,inactive,True,11.502662250317623,271.0894978694146,345.30965270807013,1942.811584726449
1785251606.2640717,DownHybridRe,inactive,True,18.65991068761495,230.8667756271066,397.45237255170633,1979.4798040470268
1785251606.2640717,UpHybridRe,inactive,True,16.952941256154983,218.1669970916452,305.8969701023512,1999.2343938672602
1785251606.2640717,CloseRe,inactive,True,14.131506119187936,273.06105830636983,387.6748557250099,1758.448230816044
1785251606.2640717,OpenRe,inactive,True,22.88617038715055,186.8764336763616,399.5643632582804,1803.2218754473106
1785251606.2640717,CloserHybridRe,inactive,True,11.648756911018337,263.2405767574305,304.7569153223866,1777.836242513571
1785251606.2640717,FartherHybridRe,inactive,True,21.851215951664233,174.0837899686729,316.4542869830398,1816.363517721391
1785251606.2640717,SwitchRef2,hovered,True,30.242322421054286,212.5472079716682,458.4094374551755,4101.207753187198
1785251606.2640717,SwitchRef1,inactive,True,40.44997604336279,534.0823809537924,354.7141517831616,5751.295574466974
1785251606.7635486,LeftHybridRe,inactive,True,21.8388288725524,177.36437643124668,358.43510197866675,1988.6069522366524
1785251606.7635486,RightHybridRe,inactive,True,11.195348510986076,271.17306562342776,345.59343460048564,1936.8096755015285
1785251606.7635486,DownHybridRe,inactive,True,18.39857542412753,231.0971570446262,397.7526800262091,1975.837573244753
1785251606.7635486,UpHybridRe,inactive,True,16.584556317463978,218.15330974675044,306.37440851022586,1998.4493643068454
1785251606.7635486,CloseRe,inactive,True,13.911567002051699,273.2464042839008,387.8552727281515,1752.1151301568752
1785251606.7635486,OpenRe,inactive,True,22.598974106625583,187.08170150275248,400.0122164317717,1803.3000681029662
1785251606.7635486,CloserHybridRe,inactive,True,11.277732849540154,263.2289238512368,305.1399940273354,1773.6808373929962
1785251606.7635486,FartherHybridRe,inactive,True,21.494489091072523,174.03945760177984,317.0198863861316,1819.0527920132918
1785251606.7635486,SwitchRef2,inactive,True,29.978320119132118,212.65516399112843,458.86881668857586,4090.1781206147716
1785251606.7635486,SwitchRef1,inactive,True,40.32512848044891,534.1698804998899,354.9786293792496,5748.135837406968
1785251607.263441,LeftHybridRe,inactive,True,22.374112470907026,177.3365259906335,357.5288794370016,1987.8366723394283
1785251607.263441,RightHybridRe,inactive,True,11.91022474962501,271.28085603412535,345.2743256098924,1943.90888814535
1785251607.263441,DownHybridRe,inactive,True,19.284328275445375,231.12012369841455,397.0923189447017,1965.4377994804308
1785251607.263441,UpHybridRe,inactive,True,16.79583094734818,218.12168708950585,305.6186327151422,2015.628337814258
1785251607.263441,CloseRe,inactive,True,14.940305121335467,273.27486216391526,387.50657502290335,1746.812102257194
1785251607.263441,OpenRe,inactive,True,23.34917436807957,187.15286545225592,399.05163854333273,1790.9137013871623
1785251607.263441,CloserHybridRe,inactive,True,11.456007940594663,263.3784149399037,304.647443495241,1791.4326767288803
1785251607.263441,FartherHybridRe,inactive,True,21.784700167653043,173.8910092641587,316.0412087127827,1830.2990577177115
1785251607.263441,SwitchRef2,hovered,True,30.953667108548174,212.33868967368838,458.0528518907314,4105.61565534844
1785251607.263441,SwitchRef1,inactive,True,40.36930648890876,533.9874329610046,354.4178177969417,5757.140459093949
1785251607.7636778,LeftHybridRe,inactive,True,22.17677185916302,176.97093768244153,357.6444433565433,2000.9055209632024
1785251607.7636778,RightHybridRe,inactive,True,11.646916708269876,271.1788566318015,345.18959093090837,1952.076133194474
1785251607.7636778,DownHybridRe,inactive,True,19.019391623867662,230.93648899055802,397.2263150565322,1978.4510614767933
1785251607.7636778,UpHybridRe,inactive,True,16.646733619774455,217.8812870947058,305.5472205923774,2023.7649011771682
1785251607.7636778,CloseRe,inactive,True,14.64456612117111,273.20681562544655,387.5236908869882,1756.4110704613922
1785251607.7636778,OpenRe,inactive,True,23.117703098688853,186.81523187907916,399.28551333755485,1804.7513822209876
1785251607.7636778,CloserHybridRe,inactive,True,11.29496485079305,263.2351363015365,304.5065985951765,1796.8641536977957
1785251607.7636778,FartherHybridRe,inactive,True,21.63522280391783,173.52493368876057,316.05761807207955,1840.0432553333958
1785251607.7636778,SwitchRef2,active,True,30.598497872185487,212.16711972014514,457.9875095804347,4109.541701056078
1785251607.7636778,SwitchRef1,inactive,True,40.24416296781755,533.6820229089203,354.1717951077549,5773.707221770441
1785251608.2635956,LeftHybridRe,inactive,True,22.72437658539667,176.55828913186656,357.6775854623369,1983.6328434043862
1785251608.2635956,RightHybridRe,inactive,True,12.357740754724135,270.4150923220576,345.2772393521388,1943.1528667681268
1785251608.2635956,DownHybridRe,inactive,True,19.759719619332376,230.49972044359166,397.06570971701916,1956.823700382738
1785251608.2635956,UpHybridRe,hovered,True,17.04210075693262,217.06016540218724,305.7090582436582,2019.176181388426
1785251608.2635956,CloseRe,inactive,True,15.467560738140843,272.57052534311777,387.4425572754626,1741.010450409667
1785251608.2635956,OpenRe,inactive,True,23.769562950482392,186.60456213262174,399.08578041913125,1781.9364529226368
1785251608.2635956,CloserHybridRe,inactive,True,11.713213248441422,262.3488319416448,304.65241278812977,1795.7539525869142
1785251608.2635956,FartherHybridRe,inactive,True,22.044149455325655,172.8663986652203,316.2199373912842,1831.8690847910693
1785251608.2635956,SwitchRef2,hovered,True,31.363972614837678,212.20861902772745,457.91491050530954,4018.3588444399575
1785251608.2635956,SwitchRef1,inactive,True,40.46346706752166,533.171055532372,354.0684349850517,5738.648565644733
1785251608.7640557,LeftHybridRe,inactive,True,23.132853165071026,176.37927709271352,358.21519405626873,1995.0791653734668
1785251608.7640557,RightHybridRe,inactive,True,12.967908409306334,270.5998274027378,345.77080986257175,1956.4176451569365
1785251608.7640557,DownHybridRe,inactive,True,20.49817047834064,230.79630434794842,397.55241116239637,1955.8390376726675
1785251608.7640557,UpHybridRe,active,True,17.165595570146834,216.7247501338679,306.05671930780545,2045.5813106137539
1785251608.7640557,CloseRe,inactive,True,16.34815160747669,272.9318562902795,387.93586597616934,1741.6845633639532
1785251608.7640557,OpenRe,inactive,True,24.37849375892269,186.801539844808,399.5838046033791,1780.7687848925598
1785251608.7640557,CloserHybridRe,inactive,True,11.850743169945394,262.3144336990057,304.98693492549523,1819.292282218783
1785251608.7640557,FartherHybridRe,inactive,True,22.226850089229718,172.31279541943718,316.63209239598723,1854.175120888165
1785251608.7640557,SwitchRef2,inactive,True,31.0121357794825,212.10923938880148,457.9326848756916,4049.2708567544396
1785251608.7640557,SwitchRef1,inactive,True,40.454487057162545,533.3290174378665,354.8341292615476,5742.063013458741
1785251609.2638016,LeftHybridRe,inactive,True,22.012371251302266,176.6375784689429,358.6664071495137,1996.4795376896254
1785251609.2638016,RightHybridRe,inactive,True,11.38300788777359,270.610032021646,345.5979760430404,1945.363353862107
1785251609.2638016,DownHybridRe,inactive,True,18.622136790088287,230.6242538238968,397.9205035867438,1981.097309075427
1785251609.2638016,UpHybridRe,active,True,16.69818948906983,217.32738150035914,306.39974318019273,2009.5169090256277
1785251609.2638016,CloseRe,inactive,True,14.1492188022067,272.8181299695822,387.9238169292333,1757.438874075975
1785251609.2638016,OpenRe,inactive,True,22.806401235885694,186.53979368843278,400.27599523447236,1807.9494576687575
1785251609.2638016,CloserHybridRe,inactive,True,11.376283130628504,262.5202516331061,305.06261317510825,1783.8032247830415
1785251609.2638016,FartherHybridRe,inactive,True,21.62718879100168,173.13717061303123,317.1705743085923,1828.7814085081009
1785251609.2638016,SwitchRef2,inactive,True,29.49060788436318,212.2143230462784,458.655483414428,4084.521934726028
1785251609.2638016,SwitchRef1,inactive,True,40.6541572935493,533.6048917994679,354.8464436084055,5735.772062333286
1785251609.7636356,LeftHybridRe,inactive,True,21.944822224687947,176.67544275640833,358.60443066236127,1990.2288905811583
1785251609.7636356,RightHybridRe,inactive,True,11.403435333552698,270.54328600576514,345.71593038393365,1936.5481304219065
1785251609.7636356,DownHybridRe,inactive,True,18.70808437119797,230.61137268873506,397.79856077569536,1968.9375160548952
1785251609.7636356,UpHybridRe,active,True,16.515578336984863,217.3208004218889,306.5072010736402,2006.5303679901444
1785251609.7636356,CloseRe,inactive,True,14.312225763373133,272.71993498589063,387.8959894960783,1745.7545567927082
1785251609.7636356,OpenRe,inactive,True,22.828341405034323,186.59845002962766,400.0913365126455,1798.196394910643
1785251609.7636356,CloserHybridRe,inactive,True,11.190640824570684,262.4857110818963,305.2559996015423,1779.6454300328332
1785251609.7636356,FartherHybridRe,inactive,True,21.467943693078563,173.1406329795129,317.18373853955853,1826.9928318201055
1785251609.7636356,SwitchRef2,inactive,True,30.254557371828266,211.9825497750501,458.82409226181994,4094.300684057751
1785251609.7636356,SwitchRef1,inactive,True,40.221996785696675,533.1267066023769,355.2434808186132,5767.1275510876585
1785251610.2637389,LeftHybridRe,inactive,True,22.52534425212246,176.65728291206142,358.33514804192566,1981.0172336827163
1785251610.2637389,RightHybridRe,inactive,True,12.020357829494305,270.3720502076528,345.77912642179723,1939.8077813104755
1785251610.2637389,DownHybridRe,inactive,True,19.3063427355791,230.39436415371785,397.7273020373425,1964.062147288787
1785251610.2637389,UpHybridRe,active,True,17.06219788204568,217.2486995077013,306.3567733546515,2005.6561469578082
1785251610.2637389,CloseRe,inactive,True,14.902524634824266,272.47339733751824,388.0095478867107,1746.5451596720159
1785251610.2637389,OpenRe,inactive,True,23.41558006726897,186.50515586441963,399.81910689847143,1788.544144722975
1785251610.2637389,CloserHybridRe,inactive,True,11.740395032229475,262.3837595988589,305.22330042302343,1784.1341390260059
1785251610.2637389,FartherHybridRe,inactive,True,22.014135815362128,173.1709482896265,316.9172327467377,1820.4685783893074
1785251610.2637389,SwitchRef2,inactive,True,30.937283233651858,212.07874578787516,458.37810101864346,4053.125218416608
1785251610.2637389,SwitchRef1,inactive,True,40.18599735247631,533.2154054710162,354.54731273908874,5761.735323739311
1785251610.7637498,LeftHybridRe,inactive,True,22.601120324948088,176.8027366633552,358.37790347044904,1983.6320761123861
1785251610.7637498,RightHybridRe,inactive,True,12.074986178321362,270.5425803316062,345.53823710760423,1944.4909579309096
1785251610.7637498,DownHybridRe,inactive,True,19.355345966481952,230.69481952850313,397.6627199165331,1967.601569028273
1785251610.7637498,UpHybridRe,active,True,17.150380842926563,217.2486949957808,306.2228484457065,2009.5187932580739
1785251610.7637498,CloseRe,inactive,True,14.934502574206066,272.77860921007954,387.81889119604466,1750.610538049128
1785251610.7637498,OpenRe,inactive,True,23.47748261015176,186.78983589865828,399.8746259648842,1790.7707068250602
1785251610.7637498,CloserHybridRe,inactive,True,11.823885278811815,262.41927141433814,304.9510252088942,1788.4255635192967
1785251610.7637498,FartherHybridRe,inactive,True,22.102439559409834,173.18039056473663,316.92811886605875,1823.074319740128
1785251610.7637498,SwitchRef2,inactive,True,31.0053003939873,211.94102184345803,458.49617364442304,4082.1511662927733
1785251610.7637498,SwitchRef1,inactive,True,39.95407092142573,533.6721675820897,351.0190516803303,5885.569015109853
1785251611.2636333,LeftHybridRe,inactive,True,22.148722815776466,176.32444499461147,357.87392395466725,1990.202348981049
1785251611.2636333,RightHybridRe,inactive,True,11.369834580420099,270.08472119251365,344.7051889187884,1945.4014966331088
1785251611.2636333,DownHybridRe,inactive,True,18.276325127561805,229.93113021230772,397.26010174055705,1993.9821575442256
1785251611.2636333,UpHybridRe,hovered,True,17.262901176691017,217.16674214278385,305.6176713859954,1990.3694718767947
1785251611.2636333,CloseRe,inactive,True,13.593481334082101,272.1708383935945,387.1967563891524,1770.6669392272888
1785251611.2636333,OpenRe,inactive,True,22.636131438770082,185.87885309516426,399.62966456873914,1816.344569172179
1785251611.2636333,CloserHybridRe,inactive,True,12.025981169173372,262.14632995111464,304.2071121262545,1770.5195363575476
1785251611.2636333,FartherHybridRe,inactive,True,22.06582162819991,173.17352640500636,316.4231336797841,1809.587557697796
1785251611.2636333,SwitchRef2,inactive,True,30.243052273868674,211.98520469792695,457.8471596706287,4051.8059635688332
1785251611.2636333,SwitchRef1,inactive,True,40.248566106229426,535.7443076194402,343.7216593338097,5969.493882654657
1785251611.7637997,LeftHybridRe,inactive,True,21.686240210079248,175.93180799268922,356.9374708876503,2006.2233565330644
1785251611.7637997,RightHybridRe,inactive,True,10.941932058503333,270.14584203591596,344.22558883374734,1948.7311030780475
1785251611.7637997,DownHybridRe,inactive,True,18.068665697666074,229.7157422272383,396.53548569287193,1995.5331238445142
1785251611.7637997,UpHybridRe,inactive,True,16.577892210014088,217.13088626568776,304.79841490509364,2008.021549543275
1785251611.7637997,CloseRe,inactive,True,13.500900120565435,272.0761951122129,386.6597065347372,1767.366346265997
1785251611.7637997,OpenRe,inactive,True,22.3435487574038,185.47855902979182,398.7365153190024,1823.5258212037334
1785251611.7637997,CloserHybridRe,inactive,True,11.284843868568641,262.32991186170284,303.6585884350929,1780.3640042447587
1785251611.7637997,FartherHybridRe,inactive,True,21.457706332609078,172.81483510573872,315.3752729122694,1830.774805894831
1785251611.7637997,SwitchRef2,inactive,True,30.238762535160408,211.87824484076586,457.23856516404885,4065.941846160138
1785251611.7637997,SwitchRef1,inactive,True,40.02090998397687,535.6907071664189,342.3074898334569,6014.956734594307
1785251612.2636306,LeftHybridRe,inactive,True,22.668911425295995,176.04583889037963,357.42459794406176,1993.4024080627387
1785251612.2636306,RightHybridRe,inactive,True,12.035028887011883,270.0167966069878,344.80999452413903,1955.9604073856244
1785251612.2636306,DownHybridRe,inactive,True,19.228793885305848,229.81963087025827,397.0545604484163,1984.378674203639
1785251612.2636306,UpHybridRe,hovered,True,17.365807658277276,216.84288056659005,305.2456155461951,2013.8962257522762
1785251612.2636306,CloseRe,inactive,True,14.71302260893269,272.0739468693952,387.2907068259761,1766.0759713479274
1785251612.2636306,OpenRe,inactive,True,23.4310170243031,185.79031802452602,399.13811995776217,1805.101664677266
1785251612.2636306,CloserHybridRe,inactive,True,12.042235343255465,262.06278682739446,304.08824452671206,1793.6570301499814
1785251612.2636306,FartherHybridRe,inactive,True,22.287744508288444,172.68687284827166,315.85373007420765,1826.6961117975188
1785251612.2636306,SwitchRef2,inactive,True,29.530018759664667,211.52639506331693,458.1609208527199,4110.525953861652
1785251612.2636306,SwitchRef1,inactive,True,40.515101393004244,535.9447769965832,342.4934873674692,5946.474430264556
1785251612.7634985,LeftHybridRe,inactive,True,21.880594811132564,175.71201323287613,357.5389082748064,1994.899206025646
1785251612.7634985,RightHybridRe,inactive,True,11.331098082828918,269.71134356316554,344.86203186361786,1937.7370753962095
1785251612.7634985,DownHybridRe,inactive,True,18.63294117973095,229.61871076190104,396.8685089228042,1971.6118218358752
1785251612.7634985,UpHybridRe,active,True,16.46311687170257,216.54628965002053,305.5148083232139,2009.4406061363115
1785251612.7634985,CloseRe,inactive,True,14.234002401094653,271.78312415865093,387.0527068072282,1746.901127767982
1785251612.7634985,OpenRe,inactive,True,22.757775051322024,185.54499608585974,399.0720113801684,1802.1829486338793
1785251612.7634985,CloserHybridRe,inactive,True,11.138881118581274,261.7521186465102,304.3782582011616,1780.8302165535788
1785251612.7634985,FartherHybridRe,inactive,True,21.41334446985247,172.2768118080023,316.08534641636106,1831.3868668009964
1785251612.7634985,SwitchRef2,inactive,True,30.199166714378975,211.54875146317158,457.92242526299526,4064.8492257907274
1785251612.7634985,SwitchRef1,inactive,True,40.42215803869303,535.4234500161426,342.68314159881584,5968.35684732013
1785251613.2635717,LeftHybridRe,inactive,True,21.698408416752233,175.41584390341583,357.8504707898402,2003.6466307508308
1785251613.2635717,RightHybridRe,inactive,True,11.350271491332807,269.65798405013993,345.0302167306745,1936.5170882269085
1785251613.2635717,DownHybridRe,inactive,True,18.829159852417877,229.75040975194267,396.93044885076665,1962.9199591109427
1785251613.2635717,UpHybridRe,active,True,15.976058439191384,216.11511384938345,305.73911820174726,2025.7012173078292
1785251613.2635717,CloseRe,inactive,True,14.616508825550097,271.88882867364515,387.05703241710944,1735.968327322109
1785251613.2635717,OpenRe,inactive,True,22.805325642058992,185.5973441209805,399.24488126035146,1798.9397193260193
1785251613.2635717,CloserHybridRe,inactive,True,10.6368203634159,261.51779946663714,304.56888894767474,1790.1346602710037
1785251613.2635717,FartherHybridRe,inactive,True,21.000849892508036,171.63939488490345,316.3716578155998,1850.1031191921757
1785251613.2635717,SwitchRef2,inactive,True,30.271760826856504,211.3258146599022,458.0930890875146,4070.168712003251
1785251613.2635717,SwitchRef1,inactive,True,40.32894780602475,535.4319530007083,342.89645269134695,5975.931209708317
1785251613.7637866,LeftHybridRe,inactive,True,21.740234705944342,175.3112592929012,357.85029720063585,1994.0116985312197
1785251613.7637866,RightHybridRe,inactive,True,11.067638897704915,269.22380113757424,345.04717792820253,1935.4985991870926
1785251613.7637866,DownHybridRe,inactive,True,18.200777330052208,229.02780093344666,397.21109999330366,1980.6781280948417
1785251613.7637866,UpHybridRe,active,True,16.58613635007778,216.28140007597366,305.8240935111209,1996.9537106174757
1785251613.7637866,CloseRe,inactive,True,13.67566409063214,271.2274080944991,387.3115423726669,1753.826869862598
1785251613.7637866,OpenRe,inactive,True,22.435386670425324,184.93086450403624,399.47403599217785,1810.7980773711643
1785251613.7637866,CloserHybridRe,inactive,True,11.302387023237888,261.35391014528693,304.62708343855707,1769.994966597973
1785251613.7637866,FartherHybridRe,inactive,True,21.464772089815472,172.09963234518926,316.4292093822062,1821.2698591215667
1785251613.7637866,SwitchRef2,inactive,True,30.37553840180256,210.62963036814716,458.22293541424574,4125.124929205413
1785251613.7637866,SwitchRef1,inactive,True,40.1710720350826,535.0310611310126,342.6404176725333,5983.465593752408
1785251614.2640555,LeftHybridRe,inactive,True,22.287281950354163,175.51900740166386,357.7534623408544,1984.19455709857
1785251614.2640555,RightHybridRe,inactive,True,11.56504623746836,269.20031420597513,345.0303713911469,1939.9724541092728
1785251614.2640555,DownHybridRe,inactive,True,18.523649296329182,228.93026846468095,397.290345675857,1984.9828779456802
1785251614.2640555,UpHybridRe,active,True,17.31048324004412,216.46666587940703,305.74729402445837,1987.5974125828543
1785251614.2640555,CloseRe,inactive,True,13.88820972679949,271.1307663911452,387.44392243113714,1763.068575887526
1785251614.2640555,OpenRe,inactive,True,22.837481049289845,184.94629328635995,399.4566201209225,1808.2939564366789
1785251614.2640555,CloserHybridRe,inactive,True,12.061124778546393,261.4135582368425,304.5408171677007,1768.22824325291
1785251614.2640555,FartherHybridRe,inactive,True,22.132200917156204,172.47940271424764,316.3452941313484,1806.730008002647
1785251614.2640555,SwitchRef2,inactive,True,29.852816590749907,211.10120667276928,458.3404428272902,4094.554860489712
1785251614.2640555,SwitchRef1,inactive,True,40.12245287599898,536.7635276386355,339.3030058070628,6072.713767523484
1785251614.763575,LeftHybridRe,inactive,True,21.49412758086593,174.96594147463387,357.5094901649208,2009.1329181127403
1785251614.763575,RightHybridRe,inactive,True,10.691823807788484,269.13901407568346,344.23293573132565,1945.641491197959
1785251614.763575,DownHybridRe,inactive,True,17.669355728729737,228.88181604981548,396.8276052167969,2002.1309131153903
1785251614.763575,UpHybridRe,active,True,16.590590822688984,216.0545500661297,305.17643692655014,2000.76815264974
1785251614.763575,CloseRe,inactive,True,13.02073451704959,271.23199289285446,386.6711816990844,1770.588911865787
1785251614.763575,OpenRe,inactive,True,22.017965371818438,184.59095398801819,399.3130236627344,1832.0465751768752
1785251614.763575,CloserHybridRe,inactive,True,11.350604367280182,261.1839499288484,303.78080193671803,1771.9746927955348
1785251614.763575,FartherHybridRe,inactive,True,21.407437029134165,171.7876109280108,315.98807356880053,1827.5031504579856
1785251614.763575,SwitchRef2,inactive,True,30.43433717950963,211.11956605774725,457.56351020039006,4063.0632731724836
1785251614.763575,SwitchRef1,inactive,True,39.910524472158095,538.5929027200573,332.20308231194366,6174.671420405881
1785251615.263493,LeftHybridRe,inactive,True,21.572711879874348,174.90015842520972,356.83529889222143,2004.2575347316779
1785251615.263493,RightHybridRe,inactive,True,10.785076341281764,268.9501723072402,343.46356631179674,1942.708610099835
1785251615.263493,DownHybridRe,inactive,True,17.757605261526194,228.83181505212076,396.04504202925773,1996.6346687858168
1785251615.263493,UpHybridRe,active,True,16.661730451855725,215.83338985609842,304.4948140035998,1998.4016855605223
1785251615.263493,CloseRe,inactive,True,13.113067290848338,271.1144503716753,385.8584892235958,1766.6449724823542
1785251615.263493,OpenRe,inactive,True,22.099994951632716,184.60864971604852,398.57137965903837,1826.1318680139702
1785251615.263493,CloserHybridRe,inactive,True,11.422666396855448,260.9301298141471,303.0433145180956,1770.455299411493
1785251615.263493,FartherHybridRe,inactive,True,21.47743665716766,171.6284194824457,315.35529597654875,1824.5639182304621
1785251615.263493,SwitchRef2,inactive,True,31.692093583904,210.45555983492292,456.834576946008,4077.110771560634
1785251615.263493,SwitchRef1,inactive,True,40.106989088141276,540.5676379182078,324.8506332295645,6294.40524906716
1785251615.7639408,LeftHybridRe,inactive,True,22.229187920200022,174.27523775143547,356.7391636748376,2000.090934586824
1785251615.7639408,RightHybridRe,inactive,True,11.538913990398692,268.26071573619413,343.3540397981938,1949.4701358866369
1785251615.7639408,DownHybridRe,inactive,True,18.64499180999488,228.37970130079069,395.89613865848804,1987.6070487256147
1785251615.7639408,UpHybridRe,hovered,True,17.07966139288849,214.86923845648965,304.2983486118909,2010.009783865553
1785251615.7639408,CloseRe,inactive,True,14.081557769527665,270.5877373408272,385.7539506506326,1763.8346651343236
1785251615.7639408,OpenRe,inactive,True,22.8993486917469,184.26467457723328,398.38807815617804,1813.5761785677423
1785251615.7639408,CloserHybridRe,inactive,True,11.786624608231294,260.0622676427553,302.8077502763579,1784.8190048739016
1785251615.7639408,FartherHybridRe,inactive,True,21.959028186135622,170.69662630755977,315.22191082044714,1829.8959209918976
1785251615.7639408,SwitchRef2,inactive,True,31.18507791724728,210.0888904683837,456.66104072274584,4082.1297754692423
1785251615.7639408,SwitchRef1,inactive,True,40.259950857591164,542.7646189887992,317.1853860174024,6415.201465212354
1785251616.2640686,LeftHybridRe,inactive,True,22.63626932133626,174.37767945529077,357.04809548289626,1983.9912349032456
1785251616.2640686,RightHybridRe,hovered,True,12.063693965773247,268.0280065735225,343.77222245377203,1941.1094178296698
1785251616.2640686,DownHybridRe,inactive,True,19.234706676325395,228.4005977804025,396.0766482621278,1968.3825356105954
1785251616.2640686,UpHybridRe,hovered,True,17.33168130977448,214.64373290514254,304.7484573804273,2004.789244806474
1785251616.2640686,CloseRe,inactive,True,14.748352865232109,270.43015372228314,386.03062253628923,1750.1612940075138
1785251616.2640686,OpenRe,inactive,True,23.410177510387335,184.4976428726341,398.503699292388,1793.0925669302742
1785251616.2640686,CloserHybridRe,inactive,True,12.031048692574469,259.75931523041913,303.2720149570854,1782.9275344880189
1785251616.2640686,FartherHybridRe,inactive,True,22.23804010665065,170.62830043261647,315.64318491031685,1821.3736757248662
1785251616.2640686,SwitchRef2,inactive,True,30.591875650139627,209.88292300333995,457.3870001624374,4086.170561135761
1785251616.2640686,SwitchRef1,inactive,True,40.54150011807876,544.1785765748994,313.8785431526755,6434.051492880484
1785251616.763582,LeftHybridRe,inactive,True,22.12884171007091,174.417578396639,357.1915487232917,1986.4868019340174
1785251616.763582,RightHybridRe,inactive,True,11.420865101799988,268.04907520324343,343.74155291614625,1935.593864600647
1785251616.763582,DownHybridRe,inactive,True,18.391075796082472,228.24367487265087,396.2208462048045,1980.3032403510078
1785251616.763582,UpHybridRe,inactive,True,17.14363722277686,214.95078524777443,304.9066564343379,1989.625066547047
1785251616.763582,CloseRe,inactive,True,13.773567022702451,270.3372683775029,386.04630096847427,1756.7167044390953
1785251616.763582,OpenRe,inactive,True,22.69299927803121,184.25603959071526,398.7555639328858,1806.933911257045
1785251616.763582,CloserHybridRe,hovered,True,11.898533179706577,259.9205450572615,303.36895893150086,1766.9016631302293
1785251616.763582,FartherHybridRe,inactive,True,21.96521593481902,170.97483356046354,315.83055965176885,1811.883449744637
1785251616.763582,SwitchRef2,inactive,True,30.957930230252412,210.46594813419262,457.0744353804156,4015.4115773217854
1785251616.763582,SwitchRef1,inactive,True,40.339389883201555,544.1434266940101,314.20292472251396,6464.272061142416
1785251617.2641063,LeftHybridRe,inactive,True,22.154158653798742,174.05731883952646,357.3304460097279,1984.0553504554882
1785251617.2641063,RightHybridRe,inactive,True,11.549272365980881,267.6504245785188,343.8302778305553,1930.7166305216524
1785251617.2641063,DownHybridRe,inactive,True,18.67447995336584,228.0819271846354,396.15790349699796,1967.1585921654914
1785251617.2641063,UpHybridRe,inactive,True,16.94760696812664,214.35370877723727,305.05503768082525,1995.255200427775
1785251617.2641063,CloseRe,inactive,True,14.170845139585769,270.0722273958134,385.98415247776256,1744.6087476395696
1785251617.2641063,OpenRe,inactive,True,22.877167717721516,184.15006079918754,398.73510283803535,1796.4017820374793
1785251617.2641063,CloserHybridRe,active,True,11.66801119792126,259.3819761641765,303.4962087023045,1770.2077427231307
1785251617.2641063,FartherHybridRe,inactive,True,21.826889510163962,170.34761775021022,316.0079193823866,1817.7453049663818
1785251617.2641063,SwitchRef2,inactive,True,30.332589859336625,209.97535581043667,457.77323274312175,4074.0587803484595
1785251617.2641063,SwitchRef1,inactive,True,40.65173885339039,543.8717380054832,314.33290541119305,6436.0702520128325
1785251617.764167,LeftHybridRe,inactive,True,21.983969058042724,173.96589139163163,357.37460735758395,1983.9555952370392
1785251617.764167,RightHybridRe,inactive,True,11.261723287445799,267.48818767021913,343.6934782153207,1929.2905896661177
1785251617.764167,DownHybridRe,inactive,True,18.148442495543293,227.7844285077776,396.23615112362415,1979.2778584889384
1785251617.764167,UpHybridRe,inactive,True,17.105274395810618,214.43488883592417,305.07215718160376,1981.5219008488493
1785251617.764167,CloseRe,inactive,True,13.498364852289924,269.83240367904665,385.9466154357102,1754.1236909349536
1785251617.764167,OpenRe,inactive,True,22.481841382258917,183.81079999947198,398.8970146563345,1807.5922031512491
1785251617.764167,CloserHybridRe,active,True,11.892299181840116,259.3212921527612,303.4285786702581,1758.333498046246
1785251617.764167,FartherHybridRe,inactive,True,21.890972396093208,170.51940766826414,316.08089681914265,1806.552553461137
1785251617.764167,SwitchRef2,inactive,True,30.945700778459013,209.69748330472106,457.3630231441089,4059.275987737092
1785251617.764167,SwitchRef1,inactive,True,40.24937998998875,547.4956082220888,313.8418837111275,6622.149729940924
1785251618.263599,LeftHybridRe,inactive,True,22.4737267324188,173.77567694634777,357.2991203497262,1987.6881337001505
1785251618.263599,RightHybridRe,inactive,True,11.782363440841575,267.42780334230895,343.7607165341041,1942.0741764888953
1785251618.263599,DownHybridRe,inactive,True,18.762602590580062,227.6965029918253,396.3290674326764,1982.0261253250646
1785251618.263599,UpHybridRe,inactive,True,17.447184037763996,214.19215496074628,304.899971061112,1995.494588816884
1785251618.263599,CloseRe,inactive,True,14.146796330334166,269.7972790990488,386.12955344861234,1760.681179279527
1785251618.263599,OpenRe,inactive,True,23.054070242290134,183.71876698417796,398.88020259219104,1806.3755003647566
1785251618.263599,CloserHybridRe,active,True,12.190423538689112,259.2119872521764,303.30665308637464,1774.385939392585
1785251618.263599,FartherHybridRe,inactive,True,22.278914819267126,170.22382043208185,315.89210577618405,1814.891344404983
1785251618.263599,SwitchRef2,inactive,True,31.79243918045103,209.37355730065886,457.2858452276328,4071.650356343729
1785251618.263599,SwitchRef1,inactive,True,39.633948321363924,552.365565865921,314.85583424812717,6866.671520448195
1785251618.7637646,LeftHybridRe,inactive,True,22.235474334097244,173.71913232902065,356.7594026400229,1984.8774762904977
1785251618.7637646,RightHybridRe,inactive,True,11.500506171985938,267.304239509441,343.36204378152235,1935.5162345750068
1785251618.7637646,DownHybridRe,inactive,True,18.34506719470778,227.39303877715048,395.8759151860349,1984.4379790767998
1785251618.7637646,UpHybridRe,inactive,True,17.390209311377863,214.35756206144652,304.51660365333396,1983.6359194844044
1785251618.7637646,CloseRe,inactive,True,13.66449491120619,269.5128780659751,385.7184632485582,1760.8436021144953
1785251618.7637646,OpenRe,inactive,True,22.699052344710484,183.40745893342643,398.37701476429635,1809.953464174374
1785251618.7637646,CloserHybridRe,active,True,12.180031698620327,259.26320995105743,302.9965719264502,1762.6542850071964
1785251618.7637646,FartherHybridRe,inactive,True,22.166399808143645,170.42739843429314,315.4110747584195,1806.1777355276354
1785251618.7637646,SwitchRef2,inactive,True,30.578078915928753,209.74447988130646,456.90410323858583,4064.764628095756
1785251618.7637646,SwitchRef1,inactive,True,39.603001383584896,559.5974548290616,315.49354453935354,7109.024183048343
1785251619.263643,LeftHybridRe,inactive,True,23.218336040653554,173.5856139257116,356.300905778701,1986.155727155623
1785251619.263643,RightHybridRe,inactive,True,12.49671097481598,267.2066470244813,342.8180728113228,1957.5216834436433
1785251619.263643,DownHybridRe,inactive,True,19.3713540680811,227.40295225422017,395.5770412081362,1991.4330609023455
1785251619.263643,UpHybridRe,inactive,True,18.27409164447364,213.95186931294407,303.76660382358807,2000.2876024360776
1785251619.263643,CloseRe,inactive,True,14.679068472797342,269.5680197520126,385.42744108582696,1776.0594237358164
1785251619.263643,OpenRe,inactive,True,23.712396054935482,183.47509291849406,398.02286270552247,1807.3994868948394
1785251619.263643,CloserHybridRe,active,True,13.023249475021865,258.9907005801282,302.1555463911511,1786.124583388897
1785251619.263643,FartherHybridRe,inactive,True,23.080914607235705,170.07472984383745,314.79216749573857,1811.9156566988568
1785251619.263643,SwitchRef2,inactive,True,29.995917230390074,209.58697729085517,456.5366192790619,4091.447951135953
1785251619.263643,SwitchRef1,inactive,True,39.166409145521264,565.9793241710471,316.55921365221997,7449.122014020242
1785251619.7636325,LeftHybridRe,inactive,True,22.598678169122486,172.96974090491156,356.8724538751629,1983.8998337965604
1785251619.7636325,RightHybridRe,inactive,True,11.890184833474418,266.4833793265314,343.11012966382197,1939.8632896025665
1785251619.7636325,DownHybridRe,inactive,True,18.753222827774053,226.8577337136239,395.7896650945055,1982.5442761714512
1785251619.7636325,UpHybridRe,inactive,True,17.698424013211326,213.27867099698813,304.41697248764103,1988.685392726842
1785251619.7636325,CloseRe,inactive,True,14.083453580033337,268.9187331172023,385.48937955685244,1761.766629936159
1785251619.7636325,OpenRe,inactive,True,23.088406255628477,182.9218442471382,398.43897960760495,1806.0709390441189
1785251619.7636325,CloserHybridRe,active,True,12.47417215599744,258.2178497335748,302.70574773413205,1769.2664239795267
1785251619.7636325,FartherHybridRe,inactive,True,22.48717609894578,169.40569243386713,315.5097345251461,1808.4933933051252
1785251619.7636325,SwitchRef2,inactive,True,30.018739459183553,209.37392448300287,457.00374726862754,4057.632938126313
1785251619.7636325,SwitchRef1,inactive,True,39.65056442340183,573.8626978173455,317.4927067512689,7662.811057382089
1785251620.2637827,LeftHybridRe,inactive,True,22.797348014589037,172.9876636767933,357.12607119442805,1986.2052879696603
1785251620.2637827,RightHybridRe,inactive,True,12.120740061414555,266.5719365975015,343.3658400876416,1945.4393124431517
1785251620.2637827,DownHybridRe,inactive,True,19.080328959412288,227.01558094793492,396.04970634174947,1981.3778083443249
1785251620.2637827,UpHybridRe,inactive,True,17.76640734829294,213.19195932194893,304.59410031443656,1997.824520632792
1785251620.2637827,CloseRe,inactive,True,14.455883952745912,269.07951382281703,385.7664616256774,1762.3776730425961
1785251620.2637827,OpenRe,inactive,True,23.370847071929305,183.08004529955076,398.6835653926511,1803.7871611759365
1785251620.2637827,CloserHybridRe,active,True,12.509893993343098,258.22069520165485,302.8785585282585,1778.5172250776814
1785251620.2637827,FartherHybridRe,inactive,True,22.594775308238066,169.27886049823994,315.7111033536155,1815.0319166521222
1785251620.2637827,SwitchRef2,inactive,True,29.1730119061118,208.9048529348063,457.1124535714929,4105.445162039738
1785251620.2637827,SwitchRef1,inactive,True,21.85484676723164,572.8123041448334,326.6721508955252,13334.023578438733
1785251620.7636154,LeftHybridRe,inactive,True,21.935778896448564,172.5930184758296,357.1073799641927,1995.6895836012518
1785251620.7636154,RightHybridRe,inactive,True,11.245690118799594,266.3738488662865,343.25290323860014,1934.8222927382085
1785251620.7636154,DownHybridRe,inactive,True,18.25533400379127,226.76985217115256,395.85845298261097,1981.129697268887
1785251620.7636154,UpHybridRe,inactive,True,16.912660945115203,212.99953808689082,304.6384497926477,1996.4638351027825
1785251620.7636154,CloseRe,inactive,True,13.669024833926214,268.85453520566176,385.4893708369388,1753.9523001315247
1785251620.7636154,OpenRe,inactive,True,22.535213360705033,182.686339756103,398.6186386894029,1812.276149138761
1785251620.7636154,CloserHybridRe,active,True,11.66376096527353,258.05480332987963,302.93872298810993,1768.749792873692
1785251620.7636154,FartherHybridRe,inactive,True,21.744518958892677,168.91434582727334,315.7337135698488,1822.8794971509888
1785251620.7636154,SwitchRef2,inactive,True,29.57095362569623,208.88740508896473,457.0810795956837,4090.8695849141077
1785251620.7636154,SwitchRef1,inactive,True,23.07944613132349,582.9606682162363,329.22760885461463,13806.252777088055
1785251621.2636409,LeftHybridRe,inactive,True,22.4784652234146,172.45489005125913,357.3801398292651,1994.3888364868071
1785251621.2636409,RightHybridRe,inactive,True,11.887576403563648,266.26166231247896,343.637767242359,1942.585706186961
1785251621.2636409,DownHybridRe,inactive,True,19.035769609902943,226.7804663393023,396.16783774807004,1974.7847993299656
1785251621.2636409,UpHybridRe,inactive,True,17.218297305605073,212.64887607370147,304.85496234677896,2009.5065486832027
1785251621.2636409,CloseRe,inactive,True,14.536509275601766,268.83684642213115,385.89058751744824,1752.5928696150295
1785251621.2636409,OpenRe,inactive,True,23.226375804241687,182.75900870225684,398.8407744663418,1802.954620983135
1785251621.2636409,CloserHybridRe,active,True,11.925127672226777,257.8255733248004,303.1844351605707,1783.6518130185832
1785251621.2636409,FartherHybridRe,inactive,True,22.113070953844677,168.54481139491693,315.9488859426596,1830.1705776532108
1785251621.2636409,SwitchRef2,inactive,True,29.282330069540972,208.92255250932234,457.27134015376043,4087.308573441318
1785251621.2636409,SwitchRef1,inactive,True,23.420500762728725,593.3979068655103,332.3038781389928,14303.68039856109
1785251621.7640176,LeftHybridRe,inactive,True,23.88012402311779,172.10149158372403,356.9337548331606,1985.8962360330152
1785251621.7640176,RightHybridRe,inactive,True,13.55499422265237,265.94635523648736,344.0690037475524,1957.763067536478
1785251621.7640176,DownHybridRe,inactive,True,20.88503107822363,226.4433116059224,396.1415202154973,1958.522009202541
1785251621.7640176,UpHybridRe,inactive,True,18.20388402476216,212.0921965337006,304.6008631077699,2033.3117959488336
1785251621.7640176,CloseRe,inactive,True,16.55262678038397,268.4763030108203,386.35737209534585,1748.7527019877816
1785251621.7640176,OpenRe,inactive,True,24.895403404401783,182.58941749600203,398.3196181109614,1778.954592282029
1785251621.7640176,CloserHybridRe,active,True,12.898170399640179,257.49908605239517,303.2824605118606,1813.9691445233657
1785251621.7640176,FartherHybridRe,inactive,True,23.181215217328536,167.95145940867042,315.3983338123357,1839.945497371653
1785251621.7640176,SwitchRef2,inactive,True,30.689142489593447,208.56530802312898,457.37611756966203,4074.740433970226
1785251621.7640176,SwitchRef1,inactive,True,24.933976358287524,605.1708361830838,336.5430865849582,14837.81525918295
1785251622.2650552,LeftHybridRe,inactive,True,21.92143529609183,171.47960855481324,356.73827039210533,2010.3793256061035
1785251622.2650552,RightHybridRe,inactive,True,11.240341948760447,265.6122566171772,342.8861174809383,1944.885169408626
1785251622.2650552,DownHybridRe,inactive,True,18.334529959098916,225.92035861079648,395.5641560584589,1989.3151460222653
1785251622.2650552,UpHybridRe,inactive,True,16.8018917040243,212.00276000747718,304.1337686549628,2012.7754541104696
1785251622.2650552,CloseRe,inactive,True,13.783712468947154,268.1184238028204,385.18687383600616,1759.8797185608419
1785251622.2650552,OpenRe,inactive,True,22.585602399259436,181.68231182913584,398.32973039107003,1821.933270949572
1785251622.2650552,CloserHybridRe,hovered,True,11.52475024466499,257.2451915232069,302.4619671525559,1781.255681005132
1785251622.2650552,FartherHybridRe,inactive,True,21.66852996951268,167.71349422529337,315.23769286560173,1839.7567164140055
1785251622.2650552,SwitchRef2,inactive,True,28.901101188401295,207.9756030707448,456.76873129112647,4116.964577468891
1785251622.2650552,SwitchRef1,inactive,True,27.024767103460302,617.7630980017411,339.8527116865524,15292.732105685922
1785251622.7635145,LeftHybridRe,inactive,True,22.541059367388897,171.4817635542909,356.15159458834256,1992.873141106138
1785251622.7635145,RightHybridRe,inactive,True,11.864602068842538,265.1941394017287,342.25800516720483,1942.583806773997
1785251622.7635145,DownHybridRe,inactive,True,18.82705357854246,225.676227819597,394.9507982824821,1981.8865640575823
1785251622.7635145,UpHybridRe,inactive,True,17.522851961863555,211.72121517921468,303.5843228213324,2000.5344427343152
1785251622.7635145,CloseRe,inactive,True,14.211885772620489,267.74973863526037,384.59214900863617,1759.3232921085146
1785251622.7635145,OpenRe,inactive,True,23.11568628704896,181.65820815225328,397.68237809943633,1808.4588074772182
1785251622.7635145,CloserHybridRe,active,True,12.273240555934064,256.79655570969237,301.83372874768463,1776.878346303114
1785251622.7635145,FartherHybridRe,inactive,True,22.347266660172302,167.70532043948978,314.73946354259937,1822.1090943907147
1785251622.7635145,SwitchRef2,inactive,True,29.598370885989397,207.85650435792195,456.51491697704273,4102.738027072148
1785251622.7635145,SwitchRef1,inactive,True,27.846445014709378,622.7935432149286,341.12157672481095,15452.645701187881
1785251623.2652233,LeftHybridRe,inactive,True,22.585379798282837,170.82158750992977,356.72331786404834,1994.607749940369
1785251623.2652233,RightHybridRe,inactive,True,11.87199837324746,264.5250522036247,342.6369304232888,1944.0496374996146
1785251623.2652233,DownHybridRe,inactive,True,18.711810065779378,224.98301937807028,395.4994740565713,1989.4046859525697
1785251623.2652233,UpHybridRe,inactive,True,17.712904024746692,211.10147026259693,304.07267680336514,1995.9807341167143
1785251623.2652233,CloseRe,inactive,True,14.03168274014891,267.09147185983016,385.0386657437729,1765.6748548102405
1785251623.2652233,OpenRe,inactive,True,23.056462802139734,180.9298303820281,398.3173729249107,1815.3861105205506
1785251623.2652233,CloserHybridRe,active,True,12.495994595027547,256.1280246872693,302.23012196411213,1773.2989986652028
1785251623.2652233,FartherHybridRe,inactive,True,22.49274105490919,167.12277451589947,315.3092768537669,1818.5135680269595
1785251623.2652233,SwitchRef2,inactive,True,29.720935894949697,207.32449259899678,457.0551629747414,4107.881812494881
1785251623.2652233,SwitchRef1,inactive,True,29.363470992179074,629.9720199877971,344.50403477246414,15767.09228961519
1785251623.7636566,LeftHybridRe,inactive,True,23.09897004477704,170.6451049869626,356.5965533541719,1989.1591057935111
1785251623.7636566,RightHybridRe,inactive,True,12.593143936847214,264.3995531206857,343.24851578645354,1945.0740568529
1785251623.7636566,DownHybridRe,inactive,True,19.756505528683164,224.87627493914786,395.56705090879484,1967.7125153170564
1785251623.7636566,UpHybridRe,inactive,True,17.74434004460689,210.81335169057888,304.2114640817249,2013.4717814577125
1785251623.7636566,CloseRe,inactive,True,15.290831191782393,266.9068395578844,385.50362554652327,1749.9984841925034
1785251623.7636566,OpenRe,inactive,True,23.900498211650103,180.9374445327187,398.02743633511443,1793.6987053154953
1785251623.7636566,CloserHybridRe,active,True,12.452819281613612,256.0194719483344,302.70141559441277,1790.3989064449306
1785251623.7636566,FartherHybridRe,inactive,True,22.649502523085008,166.72422732134558,315.15567904940076,1830.3922451139988
1785251623.7636566,SwitchRef2,inactive,True,30.34560882807265,206.86653448253514,457.01791188977023,4113.552742102074
1785251623.7636566,SwitchRef1,inactive,True,31.418829287093487,638.7360041027821,346.96169702832,16012.990153492035
1785251624.263686,LeftHybridRe,inactive,True,22.126805033173294,170.46434325819453,356.94357266557796,1991.8378533938267
1785251624.263686,RightHybridRe,inactive,True,11.423226315037104,264.08240837111646,342.8041958762635,1930.5167058503648
1785251624.263686,DownHybridRe,inactive,True,18.24927909442978,224.59186087770618,395.5416091158202,1982.4200226964822
1785251624.263686,UpHybridRe,inactive,True,17.294688918916094,210.77796676948057,304.4240995661792,1986.2143816046373
1785251624.263686,CloseRe,inactive,True,13.58477337988782,266.6320981698533,385.03956529206886,1754.9486482997963
1785251624.263686,OpenRe,inactive,True,22.590782457876983,180.5409173997048,398.4365430847787,1813.7843842084694
1785251624.263686,CloserHybridRe,active,True,12.101094238512884,255.71855087374985,302.57893669564476,1760.0953018681357
1785251624.263686,FartherHybridRe,inactive,True,22.057943440802255,166.80208531320326,315.6387146703256,1814.6194256755225
1785251624.263686,SwitchRef2,inactive,True,29.895209097373908,206.92419273782113,457.04423084274674,4098.563843208256
1785251624.263686,SwitchRef1,inactive,True,33.22559611684759,647.8275273842403,351.13905096530226,16218.847146338216
1785251624.7648911,LeftHybridRe,inactive,True,22.600467151202956,170.45211491762262,356.9814807851884,1988.4718025265174
1785251624.7648911,RightHybridRe,inactive,True,11.933804806410567,264.040067234685,343.0778467330289,1936.8253589304586
1785251624.7648911,DownHybridRe,inactive,True,18.82126793574743,224.52250395901513,395.7426952921122,1979.9466112098235
1785251624.7648911,UpHybridRe,inactive,True,17.65542185339047,210.70999290206453,304.4873336750871,1991.827897246374
1785251624.7648911,CloseRe,inactive,True,14.184762021607892,266.5611493735465,385.3760102953429,1756.920916045994
1785251624.7648911,OpenRe,inactive,True,23.126209848322283,180.53827516995952,398.48811304027186,1807.52354902164
1785251624.7648911,CloserHybridRe,active,True,12.43158989406621,255.6910873146276,302.7272228952745,1769.0030316255506
1785251624.7648911,FartherHybridRe,inactive,True,22.449680950115326,166.76209861535824,315.6320325670793,1815.1435675675348
1785251624.7648911,SwitchRef2,inactive,True,30.393109742122203,206.96301449951264,457.05869722150055,4097.632709986014
1785251624.7648911,SwitchRef1,inactive,True,36.01103882179383,659.0094546153585,355.01081877759907,16510.79630190537
1785251625.2637224,LeftHybridRe,inactive,True,22.867348756988083,169.75994083979623,356.76315565464,1994.2559644976718
1785251625.2637224,RightHybridRe,inactive,True,12.29458246986742,263.5549020452286,343.0954137343103,1943.9896077516314
1785251625.2637224,DownHybridRe,inactive,True,19.37482214165582,224.05708328603728,395.6072053821845,1975.071790080001
1785251625.2637224,UpHybridRe,inactive,True,17.651503355855386,209.9642486234944,304.25876976136254,2009.6249308557744
1785251625.2637224,CloseRe,inactive,True,14.849977938428403,266.1153628495731,385.37341286857435,1753.9285030633764
1785251625.2637224,OpenRe,inactive,True,23.57577291097702,180.04401072586802,398.23554563690294,1802.9608101915292
1785251625.2637224,CloserHybridRe,active,True,12.376219311484961,255.1358168750747,302.614248493674,1784.8259699011687
1785251625.2637224,FartherHybridRe,inactive,True,22.522160081980054,165.8663594770547,315.32712579020125,1830.2074732161782
1785251625.2637224,SwitchRef2,inactive,True,31.747502228380174,205.98046882666628,456.5161503797076,4095.172608191293
1785251625.2637224,SwitchRef1,inactive,True,37.97618337757954,671.0764566544434,354.05815772346625,15273.481977204836
1785251625.7636216,LeftHybridRe,inactive,True,22.249692083143096,170.2607592829651,356.68636021706766,1992.3557837392727
1785251625.7636216,RightHybridRe,hovered,True,11.511771259727075,263.8935052841233,342.6355041419488,1934.000516604443
1785251625.7636216,DownHybridRe,inactive,True,18.182337818120406,224.2074943036307,395.4559600544231,1991.315651389792
1785251625.7636216,UpHybridRe,inactive,True,17.58729796041649,210.76086895982698,304.1888382260676,1981.4391458373102
1785251625.7636216,CloseRe,inactive,True,13.4401154027209,266.3234848841597,384.9811147223654,1763.7027942598215
1785251625.7636216,OpenRe,inactive,True,22.59042068256699,180.12672255152918,398.29151382397777,1820.4163711196743
1785251625.7636216,CloserHybridRe,hovered,True,12.435954726916535,255.6534311500639,302.3784058425861,1757.6555462090255
1785251625.7636216,FartherHybridRe,inactive,True,22.29777959010073,166.8147796626926,315.3609773538601,1809.2818791151876
1785251625.7636216,SwitchRef2,inactive,True,30.156543179400906,206.7216880760862,456.49066639168586,4095.814981993666
1785251625.7636216,SwitchRef1,inactive,True,37.97618337757954,671.0764566544434,354.05815772346625,15273.481977204836
1785251626.2636776,LeftHybridRe,inactive,True,22.34168342437324,169.82545212594462,356.3603233977569,1992.5639559892843
1785251626.2636776,RightHybridRe,hovered,True,11.675675327983887,263.5007754241926,342.41780955487314,1933.6387688211835
1785251626.2636776,DownHybridRe,inactive,True,18.58330921882197,223.9899634388271,395.04851634111685,1979.188517863011
1785251626.2636776,UpHybridRe,inactive,True,17.39108179997675,210.13129097376003,303.8772194910443,1993.1694464612883
1785251626.2636776,CloseRe,inactive,True,13.96228148998463,266.0323603643154,384.6526808355428,1753.4758454624243
1785251626.2636776,OpenRe,inactive,True,22.881061510765296,179.95118881822876,397.8409061340974,1810.0160699764601
1785251626.2636776,CloserHybridRe,hovered,True,12.168991431649676,255.14152486597888,302.12046239734065,1767.0296335748571
1785251626.2636776,FartherHybridRe,inactive,True,22.187963491801042,166.10681207702018,315.0199270587494,1819.7575285204039
1785251626.2636776,SwitchRef2,inactive,True,29.259593547286556,206.7921430849458,456.37459941867417,4076.082435721255
1785251626.2636776,SwitchRef1,inactive,True,37.97618337757954,671.0764566544434,354.05815772346625,15273.481977204836
1785251626.7636192,LeftHybridRe,inactive,True,22.788735571223327,169.45454019673372,356.30830542395233,2001.1639047344033
1785251626.7636192,RightHybridRe,inactive,True,12.1173454335072,263.35826538687536,342.47531671208236,1950.2289558630728
1785251626.7636192,DownHybridRe,inactive,True,19.060150319269432,223.72126247229374,395.2325158678507,1989.6531601873066
1785251626.7636192,UpHybridRe,inactive,True,17.774253607704825,209.82175862371938,303.6768913238298,2008.1114584947318
1785251626.7636192,CloseRe,inactive,True,14.433472828774416,265.88371437130377,384.896826556305,1766.3236516757897
1785251626.7636192,OpenRe,inactive,True,23.352543006418816,179.61148269145977,397.9284160777048,1816.1912595068497
1785251626.7636192,CloserHybridRe,active,True,12.52481313292792,254.980779274543,301.96213731412774,1783.809592785532
1785251626.7636192,FartherHybridRe,inactive,True,22.59509503065349,165.70951163528352,314.81443788568777,1829.6232125248243
1785251626.7636192,SwitchRef2,inactive,True,29.840604117040147,205.95336605572618,456.4254716639157,4121.602604056847
1785251627.2635016,LeftHybridRe,inactive,True,22.875895147790494,169.5503962075313,356.77908242453833,1993.4603111804463
1785251627.2635016,RightHybridRe,inactive,True,12.168844622349694,263.210065379468,342.67540305688664,1946.0048958061816
1785251627.2635016,DownHybridRe,inactive,True,18.92576938097061,223.648634051991,395.5948083071095,1991.994607960769
1785251627.2635016,UpHybridRe,inactive,True,18.070638657601503,209.8334751993411,304.10907006065037,1993.8274356658549
1785251627.2635016,CloseRe,inactive,True,14.213235689103414,265.7657647650147,385.13008154129926,1769.3287157629384
1785251627.2635016,OpenRe,inactive,True,23.292252087938625,179.6094380288973,398.40531602560236,1816.5672988407969
1785251627.2635016,CloserHybridRe,active,True,12.872862404264275,254.82870253185803,302.2459960163515,1773.0996087237072
1785251627.2635016,FartherHybridRe,inactive,True,22.82369472222856,165.89784948128766,315.361793742248,1815.560494128713
1785251627.2635016,SwitchRef2,inactive,True,29.71827145711622,206.04569389337334,456.57014010375366,4105.976904942079
1785251627.7636359,LeftHybridRe,inactive,True,23.34428880324827,169.33274393397096,356.8803121926851,1993.7273192215434
1785251627.7636359,RightHybridRe,inactive,True,12.671597903524841,263.01708431263125,342.82005586184926,1955.053050015158
1785251627.7636359,DownHybridRe,inactive,True,19.517633600686086,223.53863223999016,395.76240972620764,1990.9625816849657
1785251627.7636359,UpHybridRe,inactive,True,18.40257871951572,209.45515183981416,304.1136125951681,2004.2608926675712
1785251627.7636359,CloseRe,inactive,True,14.841797595970007,265.653555050734,385.34658473097,1772.4139496304633
1785251627.7636359,OpenRe,inactive,True,23.840159807301397,179.53890121769504,398.5144156992031,1812.0632258681217
1785251627.7636359,CloserHybridRe,active,True,13.16846215436938,254.5392841638666,302.24934599454105,1785.8645385941927
1785251627.7636359,FartherHybridRe,inactive,True,23.195052405034506,165.519878717193,315.3914393006816,1820.8677764311578
1785251627.7636359,SwitchRef2,inactive,True,30.201876302757004,206.1660062965126,456.7898307091236,4060.469817542573
1785251628.2635233,LeftHybridRe,inactive,True,23.598201095665544,169.11801425687923,356.59591666467895,1990.0962034956683
1785251628.2635233,RightHybridRe,inactive,True,13.028648411321694,262.81361442180224,342.9590833499674,1954.4072086667366
1785251628.2635233,DownHybridRe,inactive,True,20.05007031838436,223.3555970438601,395.5804386908022,1978.0513571368938
1785251628.2635233,UpHybridRe,inactive,True,18.40604679602555,209.17332735190632,303.99607400198124,2012.9379491412692
1785251628.2635233,CloseRe,inactive,True,15.485041271333273,265.4177033354056,385.39116317322566,1762.6832952770274
1785251628.2635233,OpenRe,inactive,True,24.267744736455533,179.42509727006168,398.13085369324585,1799.511996111556
1785251628.2635233,CloserHybridRe,active,True,13.134027450685641,254.34648324820628,302.3234888819358,1794.2021458814233
1785251628.2635233,FartherHybridRe,inactive,True,23.26309094258309,165.18261997655335,315.1024567515585,1826.8310011260255
1785251628.2635233,SwitchRef2,inactive,True,28.824257590029383,205.78395105749271,456.98037264875893,4131.314311300521
1785251628.7639048,LeftHybridRe,inactive,True,23.013485746157116,169.02398979357403,356.4444105049478,1999.854706267397
1785251628.7639048,RightHybridRe,inactive,True,12.397886917289327,262.94676525053785,342.858023550618,1951.5318850747935
1785251628.7639048,DownHybridRe,inactive,True,19.418032117415922,223.28062459727678,395.46586939594266,1984.785598350929
1785251628.7639048,UpHybridRe,inactive,True,17.875704216002784,209.3903419540468,303.8946109419223,2012.907341342714
1785251628.7639048,CloseRe,inactive,True,14.843199643140165,265.4333206338307,385.2597337451029,1763.346164213508
1785251628.7639048,OpenRe,inactive,True,23.65910627580538,179.19980761516598,398.0385637074367,1810.9566659649063
1785251628.7639048,CloserHybridRe,hovered,True,12.606744187708681,254.59622712477457,302.28945972373873,1788.9964388125481
1785251628.7639048,FartherHybridRe,inactive,True,22.72727211700298,165.24940197162644,314.9344208638616,1832.5852043557752
1785251628.7639048,SwitchRef2,inactive,True,30.340645385996538,205.64692995683103,456.11187130787994,4071.446148947325
1785251629.2639723,LeftHybridRe,inactive,True,23.564769365600725,169.59537388465475,355.8447825887545,1989.8569310248022
1785251629.2639723,RightHybridRe,inactive,True,12.965609629637477,263.2876448582846,342.2389814415288,1955.706905696883
1785251629.2639723,DownHybridRe,inactive,True,19.959434685981336,223.77915733356133,394.8846298783355,1980.2384586079497
1785251629.2639723,UpHybridRe,inactive,True,18.41816218439588,209.69240179900905,303.2471206534954,2012.0140742899966
1785251629.2639723,CloseRe,inactive,True,15.368973017606281,265.858373986594,384.7067205748736,1765.1424370337918
1785251629.2639723,OpenRe,inactive,True,24.20059881358277,179.85003462367683,397.41240977000183,1800.5907837184168
1785251629.2639723,CloserHybridRe,inactive,True,13.148274900829167,254.85438164151597,301.5868711941208,1793.995479307665
1785251629.2639723,FartherHybridRe,inactive,True,23.26615868701662,165.71353023209633,314.34073689583084,1825.3383350092445
1785251629.2639723,SwitchRef2,hovered,True,29.729813570985822,206.0962614847343,456.09852542236007,4114.638552079683
1785251629.7645092,LeftHybridRe,inactive,True,23.13343191441128,170.39586797131895,355.44158336112775,1981.5905809883297
1785251629.7645092,RightHybridRe,inactive,True,12.561796247636567,263.88832246031524,341.73322648882174,1940.309104380809
1785251629.7645092,DownHybridRe,inactive,True,19.588574852235784,224.56411263043913,394.2168609732055,1966.790227044272
1785251629.7645092,UpHybridRe,inactive,True,17.961473136085303,210.35727881222263,302.9732650198788,2001.8396058440812
1785251629.7645092,CloseRe,inactive,True,15.038167231793695,266.50879255694076,383.99185043721997,1750.1793773261015
1785251629.7645092,OpenRe,inactive,True,23.80445796900092,180.71650135096598,396.83528362131267,1791.2636674752357
1785251629.7645092,CloserHybridRe,inactive,True,12.697847232189872,255.4215903512026,301.27357967279374,1781.4006117504505
1785251629.7645092,FartherHybridRe,inactive,True,22.81369933020152,166.43914294257203,314.078726963116,1819.1773805866178
1785251629.7645092,SwitchRef2,inactive,True,31.140453426152586,206.57887009888432,455.49778056187887,4106.659935228439
1785251630.263765,LeftHybridRe,inactive,True,22.620926725261334,169.16968227585542,355.31895795726234,2003.891279862848
1785251630.263765,RightHybridRe,inactive,True,11.957340110849044,263.1464767317514,341.51354819903133,1948.5544472658585
1785251630.263765,DownHybridRe,inactive,True,18.939534666811795,223.5172026658162,394.2101109499507,1987.6110167841325
1785251630.263765,UpHybridRe,inactive,True,17.570311358854678,209.5581415419659,302.70839354552794,2011.0895219105623
1785251630.263765,CloseRe,hovered,True,14.336109757841134,265.6780479642474,383.8839323507547,1762.959509323613
1785251630.263765,OpenRe,inactive,True,23.215845486495688,179.37765042157747,396.910648629526,1816.1996791835481
1785251630.263765,CloserHybridRe,inactive,True,12.31424949744059,254.75887120393188,301.0210538617047,1784.3256512350708
1785251630.263765,FartherHybridRe,inactive,True,22.403254090680086,165.37879083921803,313.8241173457445,1834.32245125571
1785251630.263765,SwitchRef2,inactive,True,29.904455259067394,205.29856696966408,455.36004897931775,4173.588042217969
1785251630.7641525,LeftHybridRe,inactive,True,23.593172384677327,168.83093442585312,356.0622848871237,1987.470643908655
1785251630.7641525,RightHybridRe,inactive,True,13.046069139987111,262.45041894063144,342.2957225600287,1950.800680672146
1785251630.7641525,DownHybridRe,inactive,True,20.07973794589492,223.14750535932416,394.8997423095488,1972.5525638292966
1785251630.7641525,UpHybridRe,inactive,True,18.377556392746705,208.73432576942443,303.4447470230222,2012.0923770600239
1785251630.7641525,CloseRe,inactive,True,15.532047982244775,265.1459368399922,384.66035185827184,1757.6065566497055
1785251630.7641525,OpenRe,inactive,True,24.281971439131418,179.25712947711577,397.518389567125,1794.9366817744012
1785251630.7641525,CloserHybridRe,inactive,True,13.107482005048452,253.89641007491784,301.7084502302131,1792.7813301754431
1785251630.7641525,FartherHybridRe,inactive,True,23.237463082215438,164.77015381839166,314.60945419005265,1826.5685964883705
1785251630.7641525,SwitchRef2,hovered,True,29.098151730065883,205.84315992066246,456.4643421479704,4107.066839952306
1785251631.26387,LeftHybridRe,inactive,True,23.111421066820242,169.8095204831933,355.9073103166639,1995.3343750758322
1785251631.26387,RightHybridRe,inactive,True,12.558254801360992,263.65127280608465,342.2672619399153,1950.1818053737225
1785251631.26387,DownHybridRe,hovered,True,19.675360624821142,224.1990698045269,394.79391813828045,1974.8770748506286
1785251631.26387,UpHybridRe,inactive,True,17.830901930928654,209.9211574452876,303.338177061326,2017.3377516890578
1785251631.26387,CloseRe,inactive,True,15.166274264781034,266.2653121479969,384.58987702193417,1756.1333908177912
1785251631.26387,OpenRe,inactive,True,23.856834350437328,180.19899696441226,397.38615882068035,1800.5516440671454
1785251631.26387,CloserHybridRe,inactive,True,12.542504992395884,255.16659053219374,301.6959408780125,1793.5517411987748
1785251631.26387,FartherHybridRe,inactive,True,22.719919352948207,165.80416378098403,314.4213366904406,1834.7743076402257
1785251631.26387,SwitchRef2,inactive,True,30.160974818957733,206.75959231897275,456.0806274237905,4079.7868055579675
1785251631.763506,LeftHybridRe,inactive,True,22.54671886705646,169.6017351268948,356.0087361201247,1998.5929313527486
1785251631.763506,RightHybridRe,inactive,True,11.855703018072983,263.3699163849843,341.7262221751719,1943.5002147556806
1785251631.763506,DownHybridRe,active,True,18.742323295617908,223.98722814319814,394.61587050098734,1986.811770841734
1785251631.763506,UpHybridRe,inactive,True,17.616749029911595,209.75153883148693,303.2660501323962,2001.5355232185502
1785251631.763506,CloseRe,inactive,True,14.092623636480118,266.0669695863802,384.0697011813556,1762.051088677872
1785251631.763506,OpenRe,inactive,True,23.060770620333,179.9056973731889,397.5424677257711,1815.145753794619
1785251631.763506,CloserHybridRe,inactive,True,12.38984253444701,254.8407718103321,301.3429411433496,1776.0996341509817
1785251631.763506,FartherHybridRe,inactive,True,22.41200783090807,165.71224129612102,314.5915437996929,1825.7769688291992
1785251631.763506,SwitchRef2,inactive,True,28.756260193875818,206.57075717140287,456.23138235780925,4121.78273357189
1785251632.2636263,LeftHybridRe,inactive,True,23.41230271296167,169.72065005897318,355.6205315999525,1982.9045229812364
1785251632.2636263,RightHybridRe,inactive,True,12.792974169211176,263.1997425572923,341.7831339735633,1946.9329865094041
1785251632.2636263,DownHybridRe,active,True,19.703978034122077,223.8313197661684,394.46792326816785,1976.0476236247414
1785251632.2636263,UpHybridRe,inactive,True,18.373581333486076,209.69964115001503,303.03566811840517,2000.3414949176513
1785251632.2636263,CloseRe,inactive,True,15.079181658856628,265.8255862680177,384.18062526000006,1760.455596402855
1785251632.2636263,OpenRe,inactive,True,23.978784555083326,179.9708742391699,397.11688995178156,1797.3320394504008
1785251632.2636263,CloserHybridRe,inactive,True,13.129157653647859,254.73380658179164,301.26046512364434,1782.8891544483704
1785251632.2636263,FartherHybridRe,inactive,True,23.187324920456962,165.83819825775666,314.21515877608573,1815.8664532821786
1785251632.2636263,SwitchRef2,inactive,True,29.008995472337297,206.634016189293,455.6988316254884,4083.4132471475605
1785251632.7639704,LeftHybridRe,inactive,True,23.337902716515725,169.6250799360226,355.6755771782525,1990.2204120369497
1785251632.7639704,RightHybridRe,inactive,True,12.591043075385922,263.0662380069923,340.71907041259124,1954.5538162669836
1785251632.7639704,DownHybridRe,active,True,18.98455433722489,223.7655381395183,394.23968939552327,2006.531356282292
1785251632.7639704,UpHybridRe,inactive,True,18.894656878689915,209.58743374151908,302.5907630289099,1984.9916262609186
1785251632.7639704,CloseRe,inactive,True,14.11799873813848,265.87818637812256,383.3851524606757,1786.775257241883
1785251632.7639704,OpenRe,inactive,True,23.486075215896424,179.77380612536797,397.39067781655586,1823.815091685723
1785251632.7639704,CloserHybridRe,inactive,True,13.789199977978722,254.46044384171282,300.28458329268614,1770.7766162873959
1785251632.7639704,FartherHybridRe,inactive,True,23.53106682990962,165.88552212324055,314.26010524453204,1803.2617078099538
1785251632.7639704,SwitchRef2,inactive,True,29.764490600837345,205.95911025671214,455.29623353473403,4123.950682805
1785251633.2636647,LeftHybridRe,inactive,True,22.68372145743666,169.54295015735838,354.9612073096026,1993.893712832094
1785251633.2636647,RightHybridRe,inactive,True,12.003232089445767,263.2023653503525,340.6681719702863,1942.261807796749
1785251633.2636647,DownHybridRe,active,True,18.87797730995218,223.90961273676476,393.53034412285814,1982.3697517813562
1785251633.2636647,UpHybridRe,inactive,True,17.753296440670695,209.57403186712452,302.2297548101731,2000.0797682330303
1785251633.2636647,CloseRe,inactive,True,14.226335857908198,265.937695332524,382.99404061788744,1759.6640027972971
1785251633.2636647,OpenRe,inactive,True,23.19453569994766,179.8961334475447,396.45040432562405,1809.493762602222
1785251633.2636647,CloserHybridRe,inactive,True,12.528138492265496,254.637944242757,300.28765241066645,1776.0280828967261
1785251633.2636647,FartherHybridRe,inactive,True,22.545569703117604,165.5926894528741,313.5700501121044,1822.9858293344441
1785251633.2636647,SwitchRef2,inactive,True,28.807044146564202,206.60801659438798,454.9077770585974,4101.157579875304
1785251633.7635853,LeftHybridRe,inactive,True,23.035285045896888,168.74230535608322,355.4316650779168,1999.2331168689561
1785251633.7635853,RightHybridRe,inactive,True,12.350231881007858,262.4792255162014,340.84849502871094,1952.5479520624722
1785251633.7635853,DownHybridRe,active,True,19.207789578527134,223.30020840477044,393.95003365401635,1989.6417459984514
1785251633.7635853,UpHybridRe,inactive,True,18.104154834427277,208.62372869840584,302.45853834860395,2008.3085409720588
1785251633.7635853,CloseRe,inactive,True,14.537154460069472,265.36464592236905,383.29000662037635,1768.4250860814282
1785251633.7635853,OpenRe,inactive,True,23.53298711718649,179.25320875680373,396.9768479023014,1814.0901835220466
1785251633.7635853,CloserHybridRe,inactive,True,12.872669499861727,253.7598498661309,300.36850112507125,1785.6548748029127
1785251633.7635853,FartherHybridRe,inactive,True,22.896936719932526,164.63810837886646,313.96288295353565,1828.4163799000125
1785251633.7635853,SwitchRef2,inactive,True,30.130495756457712,205.56354751814203,455.4109804847416,4120.984947670622
1785251634.266691,LeftHybridRe,inactive,True,22.56835598743335,168.68517927729314,355.2132314795498,1994.7400044165806
1785251634.266691,RightHybridRe,inactive,True,11.951656209436448,262.43582238644103,341.34160902624785,1936.9587866452857
1785251634.266691,DownHybridRe,hovered,True,18.93889848522278,222.99661274514204,393.9014278757624,1975.139842772529
1785251634.266691,UpHybridRe,inactive,True,17.494155113006368,208.8990591933617,302.7066412450061,2002.4584092344994
1785251634.266691,CloseRe,hovered,True,14.366776294070403,265.02587178502847,383.5573850665312,1751.0074495022927
1785251634.266691,OpenRe,inactive,True,23.187990428071227,178.96216126118287,396.65438729218926,1806.047403167231
1785251634.266691,CloserHybridRe,inactive,True,12.248190414488793,254.00485503836867,300.9816817303664,1775.3894642844825
1785251634.266691,FartherHybridRe,inactive,True,22.32376426814921,164.80956438402558,313.8368849591017,1827.7069466838511
1785251634.266691,SwitchRef2,inactive,True,29.814119554463044,205.53511809810908,455.0818167936263,4101.401300629921
1785251634.763839,LeftHybridRe,inactive,True,23.302289552475667,168.68317519893014,355.2563606222652,1983.943062336606
1785251634.763839,RightHybridRe,inactive,True,12.662300105192786,262.09440901720745,340.9254756683373,1943.4552083845338
1785251634.763839,DownHybridRe,hovered,True,19.48604426223956,222.95393661441574,393.8084977092076,1977.2242587549554
1785251634.763839,UpHybridRe,inactive,True,18.372832177678422,208.4778189243413,302.5056999175793,1996.2590783726846
1785251634.763839,CloseRe,active,True,14.823762470148392,264.8995436115521,383.2878901131262,1759.8036676057964
1785251634.763839,OpenRe,inactive,True,23.796776242198813,179.08283942626517,396.70465328968396,1800.235271901951
1785251634.763839,CloserHybridRe,inactive,True,13.154692271563448,253.4679087060476,300.50321674997014,1777.4944351947415
1785251634.763839,FartherHybridRe,inactive,True,23.152202953596426,164.65964047671366,313.8969700685876,1814.7349863361196
1785251634.763839,SwitchRef2,inactive,True,28.72895449370784,205.74782195498298,455.53529091084107,4109.83650132225
1785251635.2636511,LeftHybridRe,inactive,True,22.774975988167245,168.48573136890133,355.1345854823144,1992.214271170018
1785251635.2636511,RightHybridRe,inactive,True,12.152105068458749,262.1465947082845,341.08780301432165,1938.7501971707316
1785251635.2636511,DownHybridRe,active,True,19.094893649520678,222.8220773417985,393.75199716927193,1975.5214644939042
1785251635.2636511,UpHybridRe,inactive,True,17.739649911429616,208.55472028929051,302.5390307401863,2001.3301368322318
1785251635.2636511,CloseRe,hovered,True,14.497567633368798,264.8228874321295,383.3380028155825,1753.1441413286811
1785251635.2636511,OpenRe,inactive,True,23.36064728545873,178.82988466727926,396.56870356912714,1804.4788630079784
1785251635.2636511,CloserHybridRe,inactive,True,12.501389712399735,253.63519187470843,300.7154555520915,1776.2786188394457
1785251635.2636511,FartherHybridRe,inactive,True,22.55544281995282,164.53655371018655,313.76390974353393,1824.9033037261215
1785251635.2636511,SwitchRef2,inactive,True,29.159684276541967,205.73492402891478,455.3343574470676,4102.751062454954
1785251635.7636125,LeftHybridRe,inactive,True,22.5455198146405,168.5260680817295,354.98612760310925,1989.3849520875738
1785251635.7636125,RightHybridRe,inactive,True,11.835260695219166,262.0222349873916,340.5242366837266,1933.3780387605075
1785251635.7636125,DownHybridRe,active,True,18.463136665736553,222.6785069218213,393.4726360245012,1986.0287608539657
1785251635.7636125,UpHybridRe,inactive,True,17.89658026119537,208.6661256656152,302.31699224111793,1982.5376056460009
1785251635.7636125,CloseRe,inactive,True,13.71502325599937,264.6931191113947,382.8338163000035,1760.6438896827021
1785251635.7636125,OpenRe,inactive,True,22.869405418795115,178.66979394317983,396.4909000312171,1814.582679361516
1785251635.7636125,CloserHybridRe,inactive,True,12.753101071064865,253.55286995669587,300.296657977638,1759.3786910764102
1785251635.7636125,FartherHybridRe,inactive,True,22.594818138269254,164.79332661949437,313.69512483495663,1809.7883811400934
1785251635.7636125,SwitchRef2,inactive,True,30.34086399098822,205.2700502119886,454.76854280408537,4102.3751767055
1785251636.2636042,LeftHybridRe,inactive,True,23.804251568781236,168.22528484913337,353.68182347945077,1989.9283728054615
1785251636.2636042,RightHybridRe,inactive,True,13.235583279110207,261.86813663555967,339.690868519982,1957.5383393300217
1785251636.2636042,DownHybridRe,hovered,True,20.241490827005826,222.71882196127834,392.4473847910348,1974.8189682801676
1785251636.2636042,UpHybridRe,inactive,True,18.618363881308547,207.94037525888203,300.88713838193,2019.0495815008253
1785251636.2636042,CloseRe,inactive,True,15.666021750270064,264.7113060532786,382.1197621512781,1761.841873179721
1785251636.2636042,OpenRe,inactive,True,24.463457782197885,178.83538967823927,395.1463790727822,1794.880973726893
1785251636.2636042,CloserHybridRe,inactive,True,13.347027651948428,253.16297680347355,299.03456895196763,1800.4815075324295
1785251636.2636042,FartherHybridRe,inactive,True,23.471784064077358,163.97878482150858,312.181076288333,1831.278503345955
1785251636.2636042,SwitchRef2,inactive,True,28.751441702356512,204.87715226979623,453.89132510701234,4134.589546542113
1785251636.7635758,LeftHybridRe,inactive,True,22.92771721311141,167.7670725788705,354.2787338847187,2004.855107586889
1785251636.7635758,RightHybridRe,inactive,True,12.412778365019031,261.7597747481554,340.1049756931876,1949.2761367697021
1785251636.7635758,DownHybridRe,active,True,19.58137027474646,222.64733973845495,392.76503415605185,1972.2431036935814
1785251636.7635758,UpHybridRe,inactive,True,17.58112125846048,207.6078173083746,301.4694180502738,2027.9438465524981
1785251636.7635758,CloseRe,inactive,True,15.11785530494437,264.66808016092307,382.3187606649557,1750.5350850363175
1785251636.7635758,OpenRe,inactive,True,23.72813477933091,178.5664432904025,395.6438715297438,1802.71597673848
1785251636.7635758,CloserHybridRe,inactive,True,12.288969701905684,252.97894302910052,299.6031147266515,1798.0547169642305
1785251636.7635758,FartherHybridRe,inactive,True,22.48669186041564,163.36512877542546,312.7897333055281,1849.5728364223614
1785251636.7635758,SwitchRef2,inactive,True,30.464818767479446,204.1969791928146,454.5321584457522,4140.596876622025
1785251637.2636383,LeftHybridRe,inactive,True,23.39955815629842,168.06582298067838,354.5749991052303,1993.2760031773687
1785251637.2636383,RightHybridRe,inactive,True,12.79560600012883,261.7468696617502,340.42395975208075,1951.8722982112013
1785251637.2636383,DownHybridRe,active,True,19.757647857117394,222.553016229236,393.238576460565,1978.4032037824218
1785251637.2636383,UpHybridRe,inactive,True,18.298948042268208,207.90486424209718,301.7813968893387,2012.836251866731
1785251637.2636383,CloseRe,inactive,True,15.158904908686626,264.56503101268794,382.8089508881218,1761.0749218320925
1785251637.2636383,OpenRe,inactive,True,24.009743812527233,178.59892188710225,396.04823755999337,1801.9652979371822
1785251637.2636383,CloserHybridRe,inactive,True,13.04208955020428,253.07945124173213,299.8776803830668,1791.4688820776792
1785251637.2636383,FartherHybridRe,inactive,True,23.131699348219463,163.9147069764385,313.11142655862767,1829.9097136320088
1785251637.2636383,SwitchRef2,inactive,True,28.061534571690583,205.19034881600024,454.76527519935786,4122.991928216776
1785251637.763588,LeftHybridRe,inactive,True,22.22044044307018,167.6410625407136,354.85724310876384,2003.1580393637778
1785251637.763588,RightHybridRe,inactive,True,11.480947159986995,261.41770126404083,340.1579231993813,1937.1663662878636
1785251637.763588,DownHybridRe,hovered,True,18.1080922817268,222.05559010445992,393.25833813831144,1995.251917289279
1785251637.763588,UpHybridRe,inactive,True,17.605463392628895,207.87928389280594,302.03301629459037,1990.4885150974042
1785251637.763588,CloseRe,inactive,True,13.35099666306184,264.157796456132,382.48388583402004,1764.9804847316627
1785251637.763588,OpenRe,inactive,True,22.530337914369134,177.879392053799,396.41839534952754,1827.3456350879933
1785251637.763588,CloserHybridRe,inactive,True,12.469861160982207,252.87415039378095,299.9378937381132,1762.4342861894474
1785251637.763588,FartherHybridRe,inactive,True,22.299447579582147,163.84461940025943,313.5016449362354,1821.6977030238122
1785251637.763588,SwitchRef2,inactive,True,28.881796603334855,204.30408628842147,454.8652943925379,4156.947536107778
1785251638.2640662,LeftHybridRe,inactive,True,23.257254751465503,171.26096302401984,353.39217875266615,1981.7584464525862
1785251638.2640662,RightHybridRe,inactive,True,12.551108027007304,264.6572406550913,339.20314899474636,1949.231604976987
1785251638.2640662,DownHybridRe,inactive,True,19.320072194309176,225.37039858750612,392.1402537198974,1982.6870795023497
1785251638.2640662,UpHybridRe,inactive,True,18.416677702242076,211.14411911210084,300.6482480029586,1995.4740834232507
1785251638.2640662,CloseRe,inactive,True,14.601437887342817,267.3674493980675,381.68351264218865,1767.4498239331733
1785251638.2640662,OpenRe,inactive,True,23.68345966547168,181.52386272152904,394.93439969878887,1800.9478011417232
1785251638.2640662,CloserHybridRe,inactive,True,13.202630564959223,256.1206077030416,298.6982414969006,1779.8514860067698
1785251638.2640662,FartherHybridRe,inactive,True,23.181496648462534,167.37170154298695,311.99028382803743,1810.2057795798755
1785251638.2640662,SwitchRef2,inactive,True,28.712473540615477,207.60658991581687,453.6884313524308,4127.688939846965
1785251638.7635362,LeftHybridRe,inactive,True,23.110027272558483,170.80667925081983,354.8231236444294,1985.2550934859646
1785251638.7635362,RightHybridRe,inactive,True,12.36047578261849,264.1400021697892,339.8444286613911,1948.376232271563
1785251638.7635362,DownHybridRe,inactive,True,18.861278031315393,225.01663950185872,393.24328319072777,1996.0246410123582
1785251638.7635362,UpHybridRe,inactive,True,18.57285580736522,210.58873935261113,301.78597240096275,1984.5943529589022
1785251638.7635362,CloseRe,inactive,True,14.032801658468703,267.03286364634914,382.39176216691493,1777.0295189130047
1785251638.7635362,OpenRe,inactive,True,23.33039664590136,181.09833163420026,396.4181079589878,1814.6044284057607
1785251638.7635362,CloserHybridRe,inactive,True,13.44138875151723,255.45429338957092,299.46936202882307,1769.2061917310712
1785251638.7635362,FartherHybridRe,inactive,True,23.24213893656026,166.91330307198496,313.46268356819087,1803.0656449993148
1785251638.7635362,SwitchRef2,inactive,True,29.549606008128062,207.43972595971107,454.51195222721344,4153.76113148655
1785251639.2638495,LeftHybridRe,inactive,True,22.630973446810863,172.9149552672847,352.87966563630056,1983.7250881839245
1785251639.2638495,RightHybridRe,inactive,True,11.844014485407946,266.2301923815937,337.8911823669542,1943.3442426176553
1785251639.2638495,DownHybridRe,inactive,True,18.322495549124913,227.11026457206395,391.2436283164337,1993.817043303825
1785251639.2638495,UpHybridRe,inactive,True,18.159799786651874,212.71816675426405,299.89933354568643,1980.9554670945254
1785251639.2638495,CloseRe,inactive,True,13.47525583541514,269.1093167589355,380.37643093446184,1773.3242080537675
1785251639.2638495,OpenRe,inactive,True,22.81959702603544,183.1941530192984,394.4411360631558,1813.4000446396094
1785251639.2638495,CloserHybridRe,inactive,True,13.047745180790967,257.5615085631467,297.5905608488911,1763.9218681142847
1785251639.2638495,FartherHybridRe,inactive,True,22.816114507196467,169.03867678267002,311.5597858895551,1801.0981281607164
1785251639.2638495,SwitchRef2,inactive,True,29.275592774749594,209.83556064399713,452.3107574151324,4104.093383793952
1785251639.764524,LeftHybridRe,inactive,True,21.673070036711287,173.43812506963334,352.17645210530367,1996.3634588067798
1785251639.764524,RightHybridRe,inactive,True,10.841956781880134,267.1078561288658,337.57255972694844,1936.5901273765558
1785251639.764524,DownHybridRe,hovered,True,17.394430801815414,227.65057376668233,390.68687614250587,1997.0746602410582
1785251639.764524,UpHybridRe,inactive,True,17.210499654971724,213.72317438876655,299.4181710424221,1983.5537998511281
1785251639.764524,CloseRe,inactive,True,12.570938154120501,269.7627487802787,379.94521039852685,1768.052389863842
1785251639.764524,OpenRe,inactive,True,21.891346322208257,183.53394496838519,393.78154221740795,1824.693013653774
1785251639.764524,CloserHybridRe,inactive,True,12.111009372589757,258.65047040916477,297.35968873382024,1757.9500234365696
1785251639.764524,FartherHybridRe,inactive,True,21.874244360130508,169.78064123060904,310.838829745529,1811.8360054646
1785251639.764524,SwitchRef2,inactive,True,29.091994805113266,210.3925968373506,451.7754877051939,4102.434620021049
1785251640.263596,LeftHybridRe,inactive,True,21.95681531928764,173.54553844093542,351.89668479142455,1986.3657354318602
1785251640.263596,RightHybridRe,inactive,True,11.151434257284674,266.8842720582328,336.6599096834292,1933.4293503455483
1785251640.263596,DownHybridRe,active,True,17.498178341086994,227.8030081531465,390.048343801457,1994.93364426295
1785251640.263596,UpHybridRe,inactive,True,17.667760529973677,213.4152417218639,298.9344487246951,1972.6619982366537
1785251640.263596,CloseRe,inactive,True,12.611626018678544,269.79320135045253,379.0331229220366,1768.812090580097
1785251640.263596,OpenRe,inactive,True,22.047778093451512,183.81403880468065,393.41654397602576,1819.3934272674378
1785251640.263596,CloserHybridRe,inactive,True,12.628538408898207,258.20347687530534,296.543044506152,1751.2311486760773
1785251640.263596,FartherHybridRe,inactive,True,22.265743931277065,169.70207739214786,310.65549473132626,1799.378515637647
1785251640.263596,SwitchRef2,inactive,True,28.83592704288218,210.56562152886815,450.97162075021157,4074.884460605441
1785251640.7635083,LeftHybridRe,inactive,True,16.24186208110343,210.8345467127475,338.5406433823895,1972.0253277296542
1785251640.7635083,RightHybridRe,inactive,True,5.110777119784248,304.20983803052155,325.7280457069336,1894.546860808936
1785251640.7635083,DownHybridRe,active,True,12.767959224741,264.3217134665837,377.5328850073901,1950.9796393047654
1785251640.7635083,UpHybridRe,inactive,True,11.451600234063664,251.5853364572709,286.84435940989556,1973.0558224725428
1785251640.7635083,CloseRe,inactive,True,8.588611543133297,306.169105988634,367.5581109902714,1716.0628896251728
1785251640.7635083,OpenRe,inactive,True,17.019909439726824,220.50254534102518,379.90775321884104,1784.3007259920341
1785251640.7635083,CloserHybridRe,inactive,True,6.382039898753488,296.39038398752905,285.7414377987818,1733.5498232105892
1785251640.7635083,FartherHybridRe,inactive,True,16.299373894596815,207.55780149385075,297.3357221301035,1803.6266374302759
1785251640.7635083,SwitchRef2,inactive,True,29.35728757338295,245.02685193980733,437.7072490550715,4036.071343900301
1785251641.2679257,LeftHybridRe,inactive,True,5.764724305533999,203.9954014846337,333.8040072337843,2253.6579840464765
1785251641.2679257,RightHybridRe,inactive,True,16.98892461906341,297.8327954015486,320.9431064460963,1696.0073719554566
1785251641.2679257,DownHybridRe,active,True,12.449379154495034,259.62682223435627,372.8263278331316,1984.0181570876011
1785251641.2679257,UpHybridRe,inactive,True,13.110662899011253,246.8041497392665,281.7865715310778,1970.660887332433
1785251641.2679257,CloseRe,inactive,True,17.06358504130336,300.0129305853928,361.56591813085896,1563.0430530646627
1785251641.2679257,OpenRe,inactive,True,7.613154459336048,214.1475823680185,377.0171705959005,2039.1615808844217
1785251641.2679257,CloserHybridRe,inactive,True,17.626102743778155,290.2453522742062,282.33365378573313,1546.807869335913
1785251641.2679257,FartherHybridRe,inactive,True,8.434610855894727,200.7970171119931,290.9120010244723,2033.6512094186364
1785251641.2679257,SwitchRef2,inactive,True,28.711739649403068,240.118537283456,433.20870815575324,4066.1660339273367
1785251641.763589,LeftHybridRe,inactive,True,18.05812433124573,201.1776058508915,336.2945124797484,1997.5860397718097
1785251641.763589,RightHybridRe,inactive,True,6.818852535582105,295.0669463624075,322.3115803847105,1936.9117241355707
1785251641.763589,DownHybridRe,active,True,13.58485467272678,255.2837908871364,375.21308116547596,1999.231727718121
1785251641.763589,UpHybridRe,inactive,True,13.945290676631757,241.74063208731445,283.73310750889414,1991.7350129014158
1785251641.763589,CloseRe,inactive,True,8.743908854140905,297.4822020919374,364.7002694150983,1766.493541096781
1785251641.763589,OpenRe,inactive,True,18.230054844595134,211.1495762967639,378.02602118857374,1820.6669953455494
1785251641.763589,CloserHybridRe,inactive,True,9.058730012767079,286.79230296060024,282.03887653805396,1759.3989740600518
1785251641.763589,FartherHybridRe,inactive,True,18.56386855317569,197.6562873344129,294.84250404320414,1815.4363504418943
1785251641.763589,SwitchRef2,inactive,True,28.644626251117103,236.45324889638783,435.8399264563642,4079.793722975126
1785251642.2637982,LeftHybridRe,inactive,True,5.8014971400606115,197.2427246782329,335.58607309450326,2268.521850431647
1785251642.2637982,RightHybridRe,inactive,True,17.00037678043316,291.1692322079678,321.67344682903445,1692.8439229332362
1785251642.2637982,DownHybridRe,active,True,12.65866228179633,253.43415883525734,373.90076490051047,1981.3860845448871
1785251642.2637982,UpHybridRe,inactive,True,12.943263336300737,239.71203051319424,283.06592985618187,1979.9823411786492
1785251642.2637982,CloseRe,inactive,True,17.191677234912746,293.70857693271313,362.1768989267465,1556.4352077879012
1785251642.2637982,OpenRe,inactive,True,7.923460735062435,207.88872343537167,378.66092205427685,2045.9267471790372
1785251642.2637982,CloserHybridRe,inactive,True,17.51650289596441,283.24260063974117,283.17632713218256,1548.2822150018983
1785251642.2637982,FartherHybridRe,inactive,True,8.178100510131122,193.57520637198988,292.6724615202915,2053.2249786773937
1785251642.2637982,SwitchRef2,inactive,True,28.15354175495659,234.3061484508348,435.1956637430583,4066.8778112660875
1785251642.7636018,LeftHybridRe,inactive,True,17.44397194182898,196.65295930392236,335.70359644384973,2010.0290297602332
1785251642.7636018,RightHybridRe,inactive,True,6.254451339761328,290.7514503359628,321.773657824438,1924.6621135462992
1785251642.7636018,DownHybridRe,active,True,13.531994098241602,251.1309118659615,374.37745447679043,1983.3182503333956
1785251642.7636018,UpHybridRe,inactive,True,12.884250225553863,237.2177180526261,283.1889223404303,2006.1069715187878
1785251642.7636018,CloseRe,inactive,True,9.006327483061993,293.2242536797419,363.87694990634435,1743.7809410192858
1785251642.7636018,OpenRe,inactive,True,17.96113591214269,206.9157145655724,377.2686697498332,1818.0098470812263
1785251642.7636018,CloserHybridRe,inactive,True,7.834387030090182,282.41236344492887,281.59712325612236,1760.9745241288474
1785251642.7636018,FartherHybridRe,inactive,True,17.65382061189353,192.8544128218051,294.2300436890389,1839.607690430159
1785251642.7636018,SwitchRef2,inactive,True,29.279260680949626,232.57387811030404,435.3492677688437,4045.497730341187
1785251643.2642102,LeftHybridRe,inactive,True,6.543015802088764,194.0924246014478,336.007112998517,2287.069450824394
1785251643.2642102,RightHybridRe,inactive,True,17.569042715308697,288.0938546784713,321.4761653237713,1690.9575279405253
1785251643.2642102,DownHybridRe,active,True,14.077938677409781,250.33078192096426,373.8891975520748,1964.782945228355
1785251643.2642102,UpHybridRe,inactive,True,12.610239064515703,236.6875113770202,282.9173050763907,2008.866310716512
1785251643.2642102,CloseRe,inactive,True,18.298557841351492,290.44760677251656,361.908254748871,1539.3103358038497
1785251643.2642102,OpenRe,inactive,True,9.725611024607037,204.8646015232605,379.0020434564434,2038.5983232165236
1785251643.2642102,CloserHybridRe,inactive,True,17.50919001711645,280.33180518486165,282.8392377667976,1562.4160027754697
1785251643.2642102,FartherHybridRe,inactive,True,7.389625329315272,190.27675567532123,292.8272137289788,2093.079900191293
1785251643.2642102,SwitchRef2,inactive,True,29.07267250024828,231.87785572231206,434.75812938516503,4027.726647312149
1785251643.7658653,LeftHybridRe,inactive,True,19.09127136655175,195.11340138324226,335.2516767814899,1993.2204542657964
1785251643.7658653,RightHybridRe,inactive,True,7.932491773292258,288.86143764434564,320.911247376869,1940.8415214403576
1785251643.7658653,DownHybridRe,hovered,True,14.925710118599948,249.53098850121577,373.84841794057746,1984.694309096296
1785251643.7658653,UpHybridRe,inactive,True,14.577485591521453,235.142238364822,282.46218083487736,2004.378131682919
1785251643.7658653,CloseRe,inactive,True,10.17564544351728,291.5739628838326,363.23868927536375,1758.6858111465117
1785251643.7658653,OpenRe,inactive,True,19.45289224741952,205.54114888316946,376.7988160040773,1805.033800294921
1785251643.7658653,CloserHybridRe,inactive,True,9.46211639084946,280.28648072812587,280.5635859110692,1773.7571112489713
1785251643.7658653,FartherHybridRe,inactive,True,19.33318433836428,191.10486464012925,293.79554795083135,1823.7471391215877
1785251643.7658653,SwitchRef2,inactive,True,27.751819890693586,231.2784807468628,434.52812482618975,4038.452575536052
1785251643.7658653,SwitchRef1,inactive,True,40.58184957300071,678.1715117992085,434.3340981287439,14953.745783458973
1785251644.2640507,LeftHybridRe,inactive,True,7.493841418725278,191.89589263733947,335.99337414162017,2308.6230004937315
1785251644.2640507,RightHybridRe,inactive,True,18.610548473850898,285.87382571678614,321.86614388026817,1682.0805538880304
1785251644.2640507,DownHybridRe,inactive,True,14.648064650557826,248.20474902567594,374.2645306844316,1977.317045012911
1785251644.2640507,UpHybridRe,inactive,True,13.968970194674126,234.6428668206184,283.0461256841648,2002.1994029121124
1785251644.2640507,CloseRe,inactive,True,19.051116573231567,288.26371662588986,362.35442876591696,1538.6647405359909
1785251644.2640507,OpenRe,inactive,True,9.984532330585827,202.6036346045282,379.294838499234,2066.7172408803854
1785251644.2640507,CloserHybridRe,inactive,True,18.7609073433057,278.1204004750539,283.2530984672781,1548.0569345550102
1785251644.2640507,FartherHybridRe,inactive,True,8.82906231801219,188.19486428930387,292.65997759749825,2102.2433317734103
1785251644.2640507,SwitchRef2,inactive,True,28.228973662375378,229.431559357608,435.58769305556706,4104.158870359832
1785251644.2640507,SwitchRef1,inactive,True,40.41271660481134,676.5719488286859,434.89276476783317,14898.37004990816
1785251644.763643,LeftHybridRe,inactive,True,6.965036950607838,192.14752251936272,334.2133403095232,2296.535037676891
1785251644.763643,RightHybridRe,inactive,True,17.9610585482007,286.3183637719551,320.6893146089192,1687.4900013880397
1785251644.763643,DownHybridRe,inactive,True,12.96113618021635,248.72888594112976,372.8935624408256,2003.1180330030475
1785251644.763643,UpHybridRe,inactive,True,14.455435508413661,234.7566355799612,281.90792161052946,1973.6737131900954
1785251644.763643,CloseRe,inactive,True,17.710660014314584,289.05992674704703,361.22921581750035,1562.3170938034455
1785251644.763643,OpenRe,inactive,True,7.885052629582849,202.87740608011168,377.5846193921184,2084.6058997503133
1785251644.763643,CloserHybridRe,inactive,True,18.812828655776787,278.2350066318779,282.2853364704546,1534.3056484154513
1785251644.763643,FartherHybridRe,inactive,True,9.897821342382626,188.47867884663765,291.2145390435148,2064.1500338627593
1785251644.763643,SwitchRef2,hovered,True,28.25919863069331,229.89230792868096,433.87567937448455,4057.7181904929166
1785251644.763643,SwitchRef1,inactive,True,40.471925125585315,676.7620453784396,434.0522155500755,14936.207604486277
1785251645.2635534,LeftHybridRe,inactive,True,17.690694527356833,192.80538975576164,334.0487423981363,2015.2447415029346
1785251645.2635534,RightHybridRe,inactive,True,6.547861207440826,287.0032909945328,320.0370752610282,1925.8932763398043
1785251645.2635534,DownHybridRe,inactive,True,13.067148720560478,247.1583340624277,372.84199540196767,2002.7049826896327
1785251645.2635534,UpHybridRe,inactive,True,13.816929949944212,233.66573585055454,281.5731992051113,1992.224364330119
1785251645.2635534,CloseRe,inactive,True,8.194403159760643,289.4010243913253,362.2608442381878,1758.9382245930756
1785251645.2635534,OpenRe,inactive,True,17.743926609699585,202.7933240762396,375.7769389358383,1837.112125425061
1785251645.2635534,CloserHybridRe,inactive,True,9.087660631380473,278.76516693224704,279.9475777503771,1748.637986937836
1785251645.2635534,FartherHybridRe,inactive,True,18.323935957092477,189.31763352954485,292.6111349268554,1830.3785519304765
1785251645.2635534,SwitchRef2,active,True,27.869407465561615,228.89331204267464,434.2313641674127,4109.120449521768
1785251645.2635534,SwitchRef1,inactive,True,40.19423611520786,675.9273147323986,433.54584146774056,14905.89214278855
1785251645.7637916,LeftHybridRe,inactive,True,5.918162690004261,190.54032058101023,334.20968719495374,2303.276459072593
1785251645.7637916,RightHybridRe,inactive,True,17.073945059757666,285.01991551170204,319.7355617465052,1703.1359604168028
1785251645.7637916,DownHybridRe,inactive,True,13.26282363712976,247.1976656124007,372.23851263717273,1984.7895819236655
1785251645.7637916,UpHybridRe,inactive,True,12.485369585514874,233.2353993161901,281.129352259787,2016.1826422751474
1785251645.7637916,CloseRe,inactive,True,17.602466626869873,287.5393913852622,360.26284759684154,1555.039798261394
1785251645.7637916,OpenRe,inactive,True,8.78837847166281,201.45153347108285,377.3201402342079,2059.4734596414783
1785251645.7637916,CloserHybridRe,inactive,True,17.256028846838507,277.08071265559823,281.0753457478487,1569.06143832815
1785251645.7637916,FartherHybridRe,inactive,True,7.452423362551551,186.6361140651292,291.00606588114056,2101.7832065706716
1785251645.7637916,SwitchRef2,hovered,True,28.184536083649263,228.42837299265494,433.1702975350784,4063.2688671769793
1785251645.7637916,SwitchRef1,inactive,True,40.10765869863208,675.2666221062716,432.9975247944877,14918.830880882364
1785251646.2636685,LeftHybridRe,inactive,True,17.397108685166785,191.28283265621863,334.2524713036589,2016.9111909617422
1785251646.2636685,RightHybridRe,inactive,True,6.3310703165573035,285.49055390969676,320.27674879846404,1916.8045142036644
1785251646.2636685,DownHybridRe,inactive,True,13.768589027781507,246.029494548632,372.70807805041545,1972.3140868180199
1785251646.2636685,UpHybridRe,inactive,True,12.599195707073902,231.7883338588548,281.75233690865065,2014.429588724237
1785251646.2636685,CloseRe,inactive,True,9.395575887555754,288.04313843132627,362.1894187528753,1729.5002068256435
1785251646.2636685,OpenRe,inactive,True,18.07769877394384,201.7747354897313,375.6813001270432,1815.2140414130881
1785251646.2636685,CloserHybridRe,inactive,True,7.457287602149199,277.0717197648,280.17872984799976,1761.7991656880804
1785251646.2636685,FartherHybridRe,inactive,True,17.438191107987038,187.2601622252151,292.7901800848194,1854.5985535683903
1785251646.2636685,SwitchRef2,inactive,True,28.154788457291055,227.90284669056447,433.2418743862379,4049.3110392698145
1785251646.2636685,SwitchRef1,inactive,True,39.87780559602633,674.3286924209915,432.86079914039834,14919.639504074032
1785251646.763661,LeftHybridRe,inactive,True,18.27737521941888,190.7472397838003,334.3702658485138,2012.358753690707
1785251646.763661,RightHybridRe,hovered,True,7.122559922862272,284.8670910037823,320.1384992018192,1931.1082365932598
1785251646.763661,DownHybridRe,inactive,True,13.946683522249119,245.2941206247205,372.98828945272476,1993.9092692078339
1785251646.763661,UpHybridRe,inactive,True,14.035657298204594,231.25731453283777,281.71461942427806,2002.921310921356
1785251646.763661,CloseRe,inactive,True,9.171682528903638,287.44735358749415,362.35318874760884,1755.3968805210243
1785251646.763661,OpenRe,inactive,True,18.522047132290627,201.03061257283966,375.9949579017157,1826.158151146803
1785251646.763661,CloserHybridRe,inactive,True,9.087907495691834,276.43712278642624,279.9579850970143,1761.041493778157
1785251646.763661,FartherHybridRe,inactive,True,18.682904540405623,186.94029714067702,292.9038937872927,1836.4458384841928
1785251646.763661,SwitchRef2,inactive,True,27.447165299636698,227.44401807082326,433.61674972365614,4073.0426285282447
1785251646.763661,SwitchRef1,inactive,True,39.6164564816488,673.7561971189382,432.19842608899535,14908.965884902544
1785251647.2641673,LeftHybridRe,inactive,True,19.071980935405815,190.69429018251788,333.76479871404194,2000.3767621295774
1785251647.2641673,RightHybridRe,active,True,7.95289496022978,284.604824808648,319.650687132585,1936.8104794747996
1785251647.2641673,DownHybridRe,inactive,True,14.933068038240382,245.15880810713924,372.4219306968867,1983.3319075426698
1785251647.2641673,UpHybridRe,inactive,True,14.553950929773086,230.92556974016668,281.0975572264409,2007.5782514676866
1785251647.2641673,CloseRe,inactive,True,10.202862145437248,287.22677856530987,361.9010675354985,1753.6921289326565
1785251647.2641673,OpenRe,inactive,True,19.441488921060028,201.08402475894098,375.3081842420278,1809.1469538637975
1785251647.2641673,CloserHybridRe,inactive,True,9.446536852841382,276.119902777963,279.33905899897604,1772.081099228828
1785251647.2641673,FartherHybridRe,inactive,True,19.301383860996463,186.7383202573023,292.29814047677087,1832.439853023112
1785251647.2641673,SwitchRef2,inactive,True,27.115362926877626,227.50854248343086,433.5820525576151,4071.6870947146163
1785251647.2641673,SwitchRef1,inactive,True,39.41571179059562,673.7216000336164,431.5259460028271,14952.457764611623
1785251647.7636378,LeftHybridRe,inactive,True,19.27349512068272,190.83881496445133,334.08214520421205,1996.1099386011774
1785251647.7636378,RightHybridRe,hovered,True,8.198027227804724,284.61573487475744,319.6329107899575,1936.8535451882417
1785251647.7636378,DownHybridRe,inactive,True,14.55024005751375,245.10074636241126,372.7145670271898,1998.763849669289
1785251647.7636378,UpHybridRe,inactive,True,15.324700267903529,231.14429461902333,281.36387604528284,1988.0475180292997
1785251647.7636378,CloseRe,inactive,True,9.573248591830513,287.24134609846647,362.0127881133723,1768.157911617127
1785251647.7636378,OpenRe,inactive,True,19.25524958144538,200.99561075659707,375.73674191052885,1820.6087822550762
1785251647.7636378,CloserHybridRe,inactive,True,10.46084009979933,276.1597057899727,279.4241257592058,1757.8064692542612
1785251647.7636378,FartherHybridRe,inactive,True,19.86132553564698,187.13272808858684,292.69598035669554,1813.706541217256
1785251647.7636378,SwitchRef2,inactive,True,27.346392695581773,227.10757578830226,433.84148408742186,4126.688417665922
1785251647.7636378,SwitchRef1,inactive,True,39.5670982800812,673.5773496163547,431.99307656028134,14976.216869518132
1785251648.263628,LeftHybridRe,inactive,True,19.384628284089192,190.32380497928307,334.08083883276277,1991.6686417578967
1785251648.263628,RightHybridRe,inactive,True,8.56795262531705,283.99321942192825,319.356142109336,1929.944434631252
1785251648.263628,DownHybridRe,inactive,True,14.06596669846874,244.35458836242913,372.640143124295,2012.0597533326436
1785251648.263628,UpHybridRe,inactive,True,16.081206470311336,230.81137950039084,281.4325128317675,1963.6305354726028
1785251648.263628,CloseRe,inactive,True,8.908450791906672,286.569536411313,361.7711704466868,1777.8963898173824
1785251648.263628,OpenRe,inactive,True,18.94060598038901,200.18360550281216,375.80290689291377,1833.0972461966267
1785251648.263628,CloserHybridRe,hovered,True,11.533834777284731,275.6240868263155,279.3550884516913,1736.4110142182471
1785251648.263628,FartherHybridRe,inactive,True,20.355304724395314,186.93685396927373,292.8375833941813,1793.75459386703
1785251648.263628,SwitchRef2,inactive,True,27.86389517912437,227.02609158154655,433.8549279384756,4042.3517944390405
1785251648.263628,SwitchRef1,inactive,True,39.56073156825631,672.9366020432376,431.8946471521909,14926.286017785067
1785251648.7636695,LeftHybridRe,inactive,True,18.445334624804815,189.61775763013245,334.0631888111374,2002.8824140840734
1785251648.7636695,RightHybridRe,inactive,True,7.591186243002993,283.4303159459248,319.07883500601025,1919.6228917348126
1785251648.7636695,DownHybridRe,inactive,True,13.236875095754945,244.01613072407864,372.32257228197506,2007.4105594983048
1785251648.7636695,UpHybridRe,inactive,True,15.12671718451473,230.03961434772634,281.35685611150257,1968.3375251978214
1785251648.7636695,CloseRe,inactive,True,8.130409079896797,286.1674732211871,361.30165524099465,1765.233914324359
1785251648.7636695,OpenRe,inactive,True,18.08112943440483,199.73325471422237,375.696459293358,1838.5531121254207
1785251648.7636695,CloserHybridRe,active,True,10.635211271297377,274.90926992919196,279.22465011366535,1731.270548046261
1785251648.7636695,FartherHybridRe,inactive,True,19.401354301246585,186.00293652068856,292.82844640916295,1807.5055184127414
1785251648.7636695,SwitchRef2,inactive,True,28.29376670724716,226.0917493926494,433.5887637415616,4077.7368789412067
1785251648.7636695,SwitchRef1,inactive,True,39.51043218434649,672.4557772900644,431.884997181074,14939.333233779194
1785251649.263593,LeftHybridRe,inactive,True,18.552232230238737,189.42599558484656,333.8627634817398,2010.9229882432883
1785251649.263593,RightHybridRe,inactive,True,7.423560265667749,283.4505421409341,319.17920432333176,1932.523399257996
1785251649.263593,DownHybridRe,inactive,True,14.099415903538068,244.12673895920545,372.24031056697663,1995.0540612689074
1785251649.263593,UpHybridRe,inactive,True,14.406073803337488,229.67087513876174,281.0151615042172,2001.493841306943
1785251649.263593,CloseRe,inactive,True,9.259328491937985,286.2346850135623,361.40957356513655,1757.7907247875119
1785251649.263593,OpenRe,inactive,True,18.714555750610604,199.89230603649307,375.4463501180234,1825.9198020638105
1785251649.263593,CloserHybridRe,active,True,9.48910403223983,274.8297371392473,279.03023994253095,1761.1269116071926
1785251649.263593,FartherHybridRe,inactive,True,19.015635739577665,185.4344481004001,292.42353753184034,1834.3486352501495
1785251649.263593,SwitchRef2,inactive,True,27.387398289975255,226.0118814405003,433.65078775502013,4082.4916677861765
1785251649.263593,SwitchRef1,inactive,True,37.85938716702401,671.854898316579,425.17044690312025,14801.357021571617
1785251649.7636573,LeftHybridRe,inactive,True,8.4199747992386,187.2470842474302,334.10331808843205,2332.4212266082977
1785251649.7636573,RightHybridRe,inactive,True,19.510862544253072,281.18213701999525,319.5509601074579,1673.8553364929467
1785251649.7636573,DownHybridRe,inactive,True,15.279579465111919,244.0634115978245,372.16909937339364,1982.8435378360227
1785251649.7636573,UpHybridRe,inactive,True,15.050850874445363,229.68280552146368,280.9056425917536,2004.4263769924437
1785251649.7636573,CloseRe,inactive,True,19.773347477517607,283.94855801096753,360.0056417166029,1533.327350490661
1785251649.7636573,OpenRe,inactive,True,10.452903379882313,198.38026141287304,377.51740452918625,2088.19155421928
1785251649.7636573,CloserHybridRe,active,True,19.77219264861464,273.0994859527636,281.0174982358171,1539.6116049545963
1785251649.7636573,FartherHybridRe,inactive,True,9.955095827782882,183.16241470912732,290.64468525657674,2122.335055316369
1785251649.7636573,SwitchRef2,inactive,True,29.24685536501875,225.11963027311265,433.22836296300034,4090.40829344379
1785251649.7636573,SwitchRef1,inactive,True,35.238169349011955,671.9071957123349,407.89294338408104,14564.500482436328
1785251650.2636,LeftHybridRe,inactive,True,19.044787985359374,188.6813849574562,333.1597983895224,2004.3852239315456
1785251650.2636,RightHybridRe,inactive,True,7.941599667417712,282.6331905372243,318.8289171913739,1935.2475156664295
1785251650.2636,DownHybridRe,inactive,True,14.90982809489932,243.31902351373475,371.6577729452554,1982.7363931375949
1785251650.2636,UpHybridRe,inactive,True,14.534283176417055,228.8232642615188,280.40580062207755,2010.0158347221077
1785251650.2636,CloseRe,inactive,True,10.185778346367591,285.36346127516254,361.03433315258826,1751.3458093816662
1785251650.2636,OpenRe,inactive,True,19.41278336235103,199.21049632126721,374.6659402303038,1811.190885283333
1785251650.2636,CloserHybridRe,hovered,True,9.434960113731346,274.04518612171637,278.5593514810917,1771.9094170573153
1785251650.2636,FartherHybridRe,inactive,True,19.274814721978714,184.59340383397895,291.69651168129303,1837.581171150323
1785251650.2636,SwitchRef2,inactive,True,27.527014112498534,225.39793474648624,432.90832296157237,4074.617199326698
1785251650.2636,SwitchRef1,inactive,True,33.96977162106668,669.9055020204223,389.9459156189977,14148.896561425849
1785251650.7635872,LeftHybridRe,inactive,True,18.925434114295086,188.84190249074925,333.38465362908886,1997.7036024932386
1785251650.7635872,RightHybridRe,inactive,True,7.921809817420054,282.59213448668334,318.7434303459892,1925.546234663998
1785251650.7635872,DownHybridRe,inactive,True,14.063011300060845,243.1749777964785,371.80549013462655,1996.7972164230014
1785251650.7635872,UpHybridRe,inactive,True,15.178718231277848,229.15893534598143,280.71768460909925,1979.4775887488577
1785251650.7635872,CloseRe,inactive,True,9.056154137691143,285.2713701986093,360.99031344807406,1761.1973664472825
1785251650.7635872,OpenRe,inactive,True,18.802749137339433,199.0226008920547,374.97365037159403,1824.5083632702663
1785251650.7635872,CloserHybridRe,hovered,True,10.437698547676133,274.10496762207333,278.7169724636388,1745.0890471306302
1785251650.7635872,FartherHybridRe,hovered,True,19.62760555258549,185.12827364221314,292.0872919117238,1812.3389493755712
1785251650.7635872,SwitchRef2,inactive,True,28.239101680175484,225.5913032913865,433.0662386189224,4036.8952031810186
1785251650.7635872,SwitchRef1,inactive,True,33.80304233810157,669.6103208626948,390.0771184869137,14166.154908048702
1785251651.2635834,LeftHybridRe,inactive,True,19.10398863645959,187.94013787771027,331.79783149224176,2019.7939525636684
1785251651.2635834,RightHybridRe,hovered,True,8.03112408910497,282.19005139797775,316.99432217564487,1948.8096918278097
1785251651.2635834,DownHybridRe,inactive,True,14.260620809155578,242.6621350694333,370.3729318828688,2016.2871057963057
1785251651.2635834,UpHybridRe,inactive,True,15.28580896022371,228.35258304947723,278.7700543508474,2005.617733062667
1785251651.2635834,CloseRe,inactive,True,9.239672509867063,284.9583448892131,359.4750433767069,1779.6185960039074
1785251651.2635834,OpenRe,inactive,True,19.010103730458717,198.29745405716235,373.5874991971286,1841.4874464703134
1785251651.2635834,CloserHybridRe,inactive,True,10.48935832786468,273.57971614582027,276.7150724087313,1768.6678106996696
1785251651.2635834,FartherHybridRe,inactive,True,19.777114910742,184.08038972625263,290.25543113827126,1835.5738195683261
1785251651.2635834,SwitchRef2,inactive,True,27.969893329984128,224.64205204633953,431.28985573570014,4078.9024546896326
1785251651.2635834,SwitchRef1,inactive,True,33.79470539685973,669.1260853829855,388.3811411292299,14245.35746068861
1785251651.7636497,LeftHybridRe,inactive,True,19.15344336694624,187.4615243436412,331.9213154331135,2006.176184641503
1785251651.7636497,RightHybridRe,active,True,8.062225195285972,281.4856174062662,317.8086090237017,1936.5863970681894
1785251651.7636497,DownHybridRe,inactive,True,14.630437068696843,241.8565819415336,370.6686286620923,1995.019217897796
1785251651.7636497,UpHybridRe,inactive,True,15.020847375629272,227.94680526458598,279.2982009857014,2000.5519991314977
1785251651.7636497,CloseRe,inactive,True,9.738894277847223,284.0237900723456,360.11642906624724,1761.6468714944203
1785251651.7636497,OpenRe,inactive,True,19.265499992425994,197.6653681588398,373.56960052218386,1822.2273843964394
1785251651.7636497,CloserHybridRe,inactive,True,10.081632004477099,273.0994238090557,277.55554814254793,1764.2367809973548
1785251651.7636497,FartherHybridRe,inactive,True,19.622544947763778,183.71816707420695,290.4646770138243,1829.9911849657656
1785251651.7636497,SwitchRef2,inactive,True,26.05691903788696,224.29959440737193,432.0961916877476,4115.316624993997
1785251651.7636497,SwitchRef1,inactive,True,33.42830869520198,668.3660705986211,388.5206969974362,14232.547857068246
1785251652.2636592,LeftHybridRe,inactive,True,19.755882126950898,187.00912098740113,332.28279183189244,1993.8793280952668
1785251652.2636592,RightHybridRe,active,True,8.715961274337255,280.71257690500516,317.77428988565583,1936.4516372733851
1785251652.2636592,DownHybridRe,inactive,True,15.113603264981885,241.3603121572185,370.81230894321084,1991.4084845321122
1785251652.2636592,UpHybridRe,inactive,True,15.698444953960315,227.13244018451553,279.5310510700606,1991.7183560704034
1785251652.2636592,CloseRe,inactive,True,10.1610125392866,283.4267550049174,360.1108795145392,1763.3617681629694
1785251652.2636592,OpenRe,inactive,True,19.78145566761039,197.32131237154493,373.85514565962876,1813.647708715118
1785251652.2636592,CloserHybridRe,inactive,True,10.769945214552742,272.16983231554997,277.55064324529917,1761.7341384807623
1785251652.2636592,FartherHybridRe,inactive,True,20.26706000058149,183.13354832424452,290.90837480199565,1816.8844126389195
1785251652.2636592,SwitchRef2,inactive,True,27.46946859435836,223.8075869682067,432.11591879503135,4060.810358698698
1785251652.2636592,SwitchRef1,inactive,True,33.3301403562808,667.621613546077,389.04128928623027,14174.935668069884
1785251652.763614,LeftHybridRe,inactive,True,17.92060688326932,195.81497633822366,331.7195293068435,1997.1402319654917
1785251652.763614,RightHybridRe,active,True,6.81398246294428,289.6887689955185,318.0595978441075,1921.4479133072382
1785251652.763614,DownHybridRe,inactive,True,14.178331560801668,250.1871189220505,370.3960068416995,1965.72916320285
1785251652.763614,UpHybridRe,inactive,True,13.145636701428643,236.16598362803774,279.3453988601736,2007.7286481821393
1785251652.763614,CloseRe,inactive,True,9.702923416000505,292.1475575509702,360.0729407257,1732.891975884333
1785251652.763614,OpenRe,inactive,True,18.541372222746418,206.16748299567507,373.1333148363261,1797.934413183717
1785251652.763614,CloserHybridRe,inactive,True,7.979614636792441,281.35513854817066,277.84614189293006,1765.523969658403
1785251652.763614,FartherHybridRe,inactive,True,17.986129867644674,191.88442634135595,290.2989448401916,1836.7547626033374
1785251652.763614,SwitchRef2,inactive,True,28.664615992526752,231.92629767058074,431.4818399877918,4040.2805952279377
1785251652.763614,SwitchRef1,inactive,True,34.86726902832477,675.5268893243983,389.6509301322518,14159.094178103609
1785251653.263689,LeftHybridRe,hovered,True,18.2715110705534,192.0740655706494,331.8479612475815,2014.785323865959
1785251653.263689,RightHybridRe,hovered,True,7.261713216159232,286.1824047059822,316.96292890452133,1935.2027551956708
1785251653.263689,DownHybridRe,inactive,True,13.223988785313157,246.6846083954924,370.2963003003985,2014.5592037929819
1785251653.263689,UpHybridRe,inactive,True,14.762192576734597,232.53082008916206,278.95637306655584,1989.6516364804775
1785251653.263689,CloseRe,inactive,True,8.156274787284698,288.93373517184057,359.32727490370286,1773.402061221168
1785251653.263689,OpenRe,inactive,True,18.039790827796946,202.32222567276133,373.5950677448107,1842.910736713562
1785251653.263689,CloserHybridRe,inactive,True,10.174989415589478,277.6110645642987,276.88468554921724,1750.8169560833921
1785251653.263689,FartherHybridRe,inactive,True,19.129326735573795,188.33301498245874,290.42466808211157,1824.49898306248
1785251653.263689,SwitchRef2,inactive,True,26.795289186421897,228.8180413725524,431.7571101888857,4087.0009345673243
1785251653.263689,SwitchRef1,inactive,True,34.28725520160977,671.9368593958751,389.5201653429237,14185.639788099914
1785251653.7650235,LeftHybridRe,active,True,18.678201212794374,190.49368405204308,331.92613484763297,2004.035234827781
1785251653.7650235,RightHybridRe,inactive,True,7.593032435792466,284.413459943258,317.45424955201133,1931.4517411840934
1785251653.7650235,DownHybridRe,inactive,True,13.961555153681271,244.9247125777176,370.4718915884258,1997.716123319391
1785251653.7650235,UpHybridRe,inactive,True,14.787021358680907,230.87007906119962,279.2255027818774,1991.3638344184183
1785251653.7650235,CloseRe,inactive,True,9.008577239149135,287.0619531684138,359.7358534000657,1762.0248866752663
1785251653.7650235,OpenRe,inactive,True,18.664721978241918,200.73126614335615,373.55742367136924,1825.279553771572
1785251653.7650235,CloserHybridRe,inactive,True,9.984107168833566,275.93486517423014,277.32032711520003,1754.7904254362984
1785251653.7650235,FartherHybridRe,inactive,True,19.300022353440745,186.7254432357287,290.53297774317656,1822.779913758175
1785251653.7650235,SwitchRef2,inactive,True,27.01352511190968,226.97659947284822,431.73099890687587,4102.351988399329
1785251653.7650235,SwitchRef1,inactive,True,33.87866659001256,670.2948443377461,389.5320708345247,14221.754522475036
1785251654.2636578,LeftHybridRe,active,True,18.82709333173751,189.5117972112167,331.9668625096383,1998.2373306042282
1785251654.2636578,RightHybridRe,inactive,True,7.875237538072071,283.30399156461385,317.45582344270196,1925.1861012272348
1785251654.2636578,DownHybridRe,inactive,True,13.799724853777265,243.74359029816003,370.4979355891795,2001.1104444561497
1785251654.2636578,UpHybridRe,inactive,True,15.263513359268657,229.98506669500708,279.38063255712757,1975.6675371056263
1785251654.2636578,CloseRe,inactive,True,8.737960276245106,285.8915112134797,359.7285510705131,1764.3590335201734
1785251654.2636578,OpenRe,inactive,True,18.59191069105096,199.5549835377845,373.60741387787505,1828.4259452940278
1785251654.2636578,CloserHybridRe,inactive,True,10.618655604352773,274.9092958041999,277.4460100280529,1741.4496912052964
1785251654.2636578,FartherHybridRe,inactive,True,19.64099378615336,185.94297001098235,290.6770132383932,1809.4180348300615
1785251654.2636578,SwitchRef2,inactive,True,28.5617393974193,225.74296709330343,431.63706750752306,4101.4935953643435
1785251654.2636578,SwitchRef1,inactive,True,33.648959686014564,669.3600804267701,388.9881104216524,14167.843854018603
1785251654.7635815,LeftHybridRe,active,True,7.904973792492536,187.32462473258062,332.4183761255581,2314.7888428720144
1785251654.7635815,RightHybridRe,inactive,True,18.966563370227572,281.11601784237155,317.51731813069006,1672.629938768754
1785251654.7635815,DownHybridRe,inactive,True,14.965861197208062,244.11534149826542,370.08964534114034,1967.3133781485303
1785251654.7635815,UpHybridRe,inactive,True,14.348646028992018,229.51100421577573,279.15078504346116,2004.4376345243254
1785251654.7635815,CloseRe,inactive,True,19.37200880453864,283.9297451000788,357.84807821143806,1526.619685295409
1785251654.7635815,OpenRe,inactive,True,10.272624736332459,198.59361408846732,375.5535395028338,2064.4997767049135
1785251654.7635815,CloserHybridRe,inactive,True,19.119507462404925,272.97120010809664,279.04525513955076,1543.497768877398
1785251654.7635815,FartherHybridRe,inactive,True,9.21588789818631,183.06204228383217,289.1096589290141,2115.1189580965765
1785251654.7635815,SwitchRef2,inactive,True,28.17935444850099,225.43392510148539,431.88637048157966,4105.509123586657
1785251654.7635815,SwitchRef1,inactive,True,33.492793819739774,669.2735154197661,387.71583657918774,14210.321121768065
1785251655.2638924,LeftHybridRe,hovered,True,8.214586323713855,187.60943313839653,331.89832712384003,2327.921254575307
1785251655.2638924,RightHybridRe,inactive,True,19.27390745383505,281.5812824270481,317.2994676515252,1676.7900077943632
1785251655.2638924,DownHybridRe,inactive,True,15.367913305291406,244.3001747605357,369.8615847655946,1972.236168885589
1785251655.2638924,UpHybridRe,inactive,True,14.52079065264802,230.12720438607928,278.606667777343,2015.453185207687
1785251655.2638924,CloseRe,inactive,True,19.7468891862376,284.1808029117792,357.7239663058827,1528.492085668695
1785251655.2638924,OpenRe,inactive,True,10.697725492157012,198.704206639103,375.1972317914491,2072.8936933892546
1785251655.2638924,CloserHybridRe,inactive,True,19.34470396309225,273.6364596525616,278.68598341104064,1549.4310602381665
1785251655.2638924,FartherHybridRe,inactive,True,9.318891697866432,183.53157730275694,288.40993550028213,2129.978517893902
1785251655.2638924,SwitchRef2,inactive,True,28.9904488069903,225.2805558497143,431.036711718352,4118.524623343539
1785251655.2638924,SwitchRef1,inactive,True,33.91868743087535,669.9327397364391,387.90499006837376,14245.153724644217
1785251655.7635455,LeftHybridRe,active,True,19.25500584201461,188.8102024016777,331.15724230316675,2006.273864244482
1785251655.7635455,RightHybridRe,inactive,True,8.140408039804354,282.8598158963367,317.0745133439427,1942.564872960109
1785251655.7635455,DownHybridRe,inactive,True,15.112945860487969,243.39965152630674,369.8650521579103,1985.5954729615987
1785251655.7635455,UpHybridRe,inactive,True,14.72082861873675,229.05126869183212,278.4239916590839,2016.7210413447283
1785251655.7635455,CloseRe,inactive,True,10.372339862636444,285.50351592269425,359.36475613097963,1756.2919120084262
1785251655.7635455,OpenRe,inactive,True,19.62301796210107,199.2823425678151,372.73019151803146,1811.2677636358821
1785251655.7635455,CloserHybridRe,inactive,True,9.599295285537606,274.3420752397966,276.687021784575,1779.9275272045707
1785251655.7635455,FartherHybridRe,inactive,True,19.474239136724897,184.77542037129518,289.624303178079,1841.1833123283104
1785251655.7635455,SwitchRef2,inactive,True,27.908064765270648,225.68188816815638,430.7160592690468,4067.3726662248882
1785251655.7635455,SwitchRef1,inactive,True,33.83593944847475,669.9403357429812,387.8025119944283,14211.27963290512
1785251656.2638383,LeftHybridRe,active,True,19.710288445652264,189.1759600535368,331.03965850086627,1985.342853997383
1785251656.2638383,RightHybridRe,inactive,True,8.675373552324873,282.7510047140456,316.8887557092894,1932.942147906877
1785251656.2638383,DownHybridRe,inactive,True,15.743705329695302,243.64788796414896,369.51162150690146,1963.9864607114796
1785251656.2638383,UpHybridRe,inactive,True,14.985695203431442,228.95819344869,278.3901837555159,2007.8781725352528
1785251656.2638383,CloseRe,inactive,True,11.06766326763487,285.52164155364426,359.0371626297722,1741.9167289209
1785251656.2638383,OpenRe,inactive,True,20.181652935238585,199.80960849103082,372.38243425885594,1787.0914082983181
1785251656.2638383,CloserHybridRe,inactive,True,9.787034560558293,274.11826846783015,276.5675550041143,1776.2814302751285
1785251656.2638383,FartherHybridRe,inactive,True,19.793442705662137,184.92731350132897,289.65185425563055,1827.822276375875
1785251656.2638383,SwitchRef2,inactive,True,28.55935539566592,225.19977151634927,430.9654359948602,4121.519961898208
1785251656.2638383,SwitchRef1,inactive,True,33.67373007988717,669.9189109602437,387.4164415000204,14165.859176551152
1785251656.7642155,LeftHybridRe,active,True,18.95059158466397,188.63839788854807,331.2246642092316,1998.8883261450537
1785251656.7642155,RightHybridRe,inactive,True,7.85461296662794,282.37995382591635,316.4392425866996,1928.8252396219614
1785251656.7642155,DownHybridRe,inactive,True,14.557359826814123,243.32793449122897,369.43226415367144,1981.5876200401108
1785251656.7642155,UpHybridRe,inactive,True,14.713525275516206,228.5361039340616,278.37429024993645,1999.1743320407222
1785251656.7642155,CloseRe,inactive,True,9.729344759574255,285.2861431282836,358.598820677083,1749.7898533395273
1785251656.7642155,OpenRe,inactive,True,19.146136766118424,199.27563202530828,372.66128450213245,1810.0670289401533
1785251656.7642155,CloserHybridRe,inactive,True,9.739222408509423,273.6428100920176,276.3057955601533,1761.9564949376
1785251656.7642155,FartherHybridRe,inactive,True,19.351290561118123,184.4413555166957,289.85818730488785,1828.7269261146794
1785251656.7642155,SwitchRef2,inactive,True,27.68147750530459,225.3163201103175,430.7473140107389,4065.790640418243
1785251656.7642155,SwitchRef1,inactive,True,33.51080237800955,669.7332880133873,387.2167685573059,14122.68817858788
1785251657.2642689,LeftHybridRe,hovered,True,19.568025066161947,188.928469942926,329.9315365810043,1989.4251448169634
1785251657.2642689,RightHybridRe,inactive,True,8.486664046267443,282.62369378610344,316.03928089569956,1934.1194879487448
1785251657.2642689,DownHybridRe,inactive,True,15.234395240090105,243.15009387256993,368.68888317782233,1977.7708656360992
1785251657.2642689,UpHybridRe,inactive,True,15.209316945628737,229.12890982844885,277.4203766833808,1999.1717267831991
1785251657.2642689,CloseRe,inactive,True,10.40546329794189,285.16529891769727,358.29403279998166,1752.4270883021381
1785251657.2642689,OpenRe,inactive,True,19.803116664743165,199.2017954491482,371.44229698560605,1800.3622599862283
1785251657.2642689,CloserHybridRe,inactive,True,10.155563527894126,274.22803522578465,275.73280302433244,1768.1207775235598
1785251657.2642689,FartherHybridRe,inactive,True,19.891771543694972,185.0663899002207,288.5315816631347,1821.866727626013
1785251657.2642689,SwitchRef2,inactive,True,27.730771971770828,225.3155151037337,429.9362470888666,4086.9022565543564
1785251657.2642689,SwitchRef1,inactive,True,33.8400417525477,669.9610909392916,386.9657398573828,14230.126340284754
1785251657.7637112,LeftHybridRe,inactive,True,19.571772385632503,188.36694154570588,328.90988606582346,1997.8853683332636
1785251657.7637112,RightHybridRe,inactive,True,8.527365009622214,282.16904856680594,314.3780708626673,1940.494957427225
1785251657.7637112,DownHybridRe,inactive,True,14.785282306672615,242.76911693852458,367.490129983636,1996.8588427757422
1785251657.7637112,UpHybridRe,inactive,True,15.665659575842389,228.5363577144994,276.10355052869636,1994.9820779770635
1785251657.7637112,CloseRe,inactive,True,9.779257254273068,284.8853506257532,356.7701530339982,1768.1615099213086
1785251657.7637112,OpenRe,inactive,True,19.506826936097248,198.68485846562328,370.53884624650505,1817.8645854799288
1785251657.7637112,CloserHybridRe,inactive,True,10.809039377117768,273.6179619070901,274.121370631314,1764.279414588338
1785251657.7637112,FartherHybridRe,inactive,True,20.183532412308107,184.49401557570744,287.4933422170454,1819.8802426421862
1785251657.7637112,SwitchRef2,inactive,True,28.27543285826344,224.80232974431922,428.67711759572285,4077.136902879596
1785251657.7637112,SwitchRef1,inactive,True,33.747210384090636,669.4299835422294,386.0248570091916,14285.218967160603
1785251658.2636428,LeftHybridRe,inactive,True,18.57226728784918,188.1702888848761,329.1166379096249,2006.9789763839035
1785251658.2636428,RightHybridRe,inactive,True,7.574340377995207,282.1526045662496,314.7346816954419,1926.2582360481538
1785251658.2636428,DownHybridRe,active,True,13.655858932219859,242.57688189044214,367.6815298525489,1999.3954813442397
1785251658.2636428,UpHybridRe,inactive,True,14.917271322167014,228.70503671260417,276.52669514802835,1986.7489298008477
1785251658.2636428,CloseRe,inactive,True,8.638914537645414,284.73768927365273,356.9669750724175,1760.4373853664874
1785251658.2636428,OpenRe,inactive,True,18.41533305242714,198.32182202343344,370.75621515349104,1830.2422772092068
1785251658.2636428,CloserHybridRe,inactive,True,10.242364725655648,273.74656460833853,274.68525176289484,1747.5379626287831
1785251658.2636428,FartherHybridRe,inactive,True,19.330975009669476,184.50228563676552,287.75880763467046,1823.0490491523487
1785251658.2636428,SwitchRef2,inactive,True,27.8009347291223,224.8163098935507,428.5754083850412,4065.427956853324
1785251658.2636428,SwitchRef1,inactive,True,33.63726619644161,669.201775538569,386.0650470292713,14223.323946323537
1785251658.7636614,LeftHybridRe,inactive,True,19.90695825990342,187.89810097422452,329.22536369940104,1988.8553880962063
1785251658.7636614,RightHybridRe,inactive,True,9.160704102561832,281.49501715935526,314.3498585561011,1933.293479904787
1785251658.7636614,DownHybridRe,active,True,14.496112284200912,241.99126824258337,367.7033658811582,2009.744820001557
1785251658.7636614,UpHybridRe,inactive,True,16.670038952337336,228.20233564651807,276.4842915939794,1966.0779893711951
1785251658.7636614,CloseRe,inactive,True,9.31872889398656,284.16651462133547,356.7926177441725,1779.208007738176
1785251658.7636614,OpenRe,inactive,True,19.38691616775037,197.88593199809117,370.909256770113,1828.045892512273
1785251658.7636614,CloserHybridRe,inactive,True,12.129719681415239,273.03260565857505,274.3144072662751,1740.8440629976358
1785251658.7636614,FartherHybridRe,inactive,True,20.91354125605435,184.3714644144229,287.98451535180493,1794.0587063014173
1785251658.7636614,SwitchRef2,inactive,True,28.073125528610944,224.31992941515944,428.4330608326775,4061.4221337824056
1785251658.7636614,SwitchRef1,inactive,True,33.508513395889,668.6250714554839,385.8076379141887,14214.331036059928
1785251659.2635872,LeftHybridRe,inactive,True,8.112026553691964,185.61467242788726,329.7619643397866,2320.1447536797095
1785251659.2635872,RightHybridRe,inactive,True,18.748848436561122,279.75672011963934,314.5041745060498,1682.3695179058413
1785251659.2635872,DownHybridRe,active,True,15.808777031533968,242.25460871845345,367.06351002338994,1945.5227558026309
1785251659.2635872,UpHybridRe,inactive,True,13.19189393449838,228.1987068908002,276.05781995302493,2043.5180054539233
1785251659.2635872,CloseRe,inactive,True,19.80745858974863,282.1132760193705,354.7627596254732,1514.73616878967
1785251659.2635872,OpenRe,inactive,True,11.657031469974836,196.8138718492904,372.6498976977546,2038.1096559369034
1785251659.2635872,CloserHybridRe,inactive,True,18.25491467544076,271.99045900390524,275.80298758981684,1573.1134868836743
1785251659.2635872,FartherHybridRe,inactive,True,7.7837439112566935,181.36469973704519,286.2770965614736,2152.654063392907
1785251659.2635872,SwitchRef2,inactive,True,27.426039137353907,223.75253529280454,428.456110430682,4099.416965698256
1785251659.2635872,SwitchRef1,inactive,True,32.578820386379284,664.6844312834262,390.203815796697,14137.503724714552
1785251659.7636375,LeftHybridRe,inactive,True,19.196499360038565,186.42789967592253,329.32451985731615,2007.8807303978865
1785251659.7636375,RightHybridRe,inactive,True,8.180684503469482,280.3703718869311,314.4188938309825,1936.567388304058
1785251659.7636375,DownHybridRe,hovered,True,14.341439637039365,241.10173435453427,367.66286790293714,2001.2459601569935
1785251659.7636375,UpHybridRe,inactive,True,15.407269947469478,226.58016786327832,276.39261199817867,1995.9168986551558
1785251659.7636375,CloseRe,inactive,True,9.325993018661487,283.22751716996027,356.7413081191861,1766.570041344501
1785251659.7636375,OpenRe,inactive,True,19.08148401053029,196.89124840764012,370.9389267527173,1828.022413047387
1785251659.7636375,CloserHybridRe,inactive,True,10.628181945858081,271.69112409531476,274.27454353547284,1759.55416954073
1785251659.7636375,FartherHybridRe,inactive,True,19.876087019903572,182.43825951780377,287.9155309526404,1827.4392654059702
1785251659.7636375,SwitchRef2,inactive,True,28.127015201432666,222.8283750807853,428.6052147613053,4100.3336817752715
1785251659.7636375,SwitchRef1,inactive,True,30.480741664504254,658.3513568092242,404.2929372690094,13836.667577429413
1785251660.2639942,LeftHybridRe,inactive,True,19.749067658133768,185.33886806547744,328.6174689268355,2006.2442129610754
1785251660.2639942,RightHybridRe,inactive,True,8.763611160716103,279.31108031225165,313.9758043760769,1944.0320685027546
1785251660.2639942,DownHybridRe,hovered,True,14.815291061353062,239.83140888907377,367.2096058602648,2006.27565557231
1785251660.2639942,UpHybridRe,inactive,True,15.989901268672927,225.63802977514868,275.74143516681863,1996.6912815599208
1785251660.2639942,CloseRe,inactive,True,9.759405723905168,282.0322770524151,356.42044500859373,1774.8603891963794
1785251660.2639942,OpenRe,inactive,True,19.577859392008428,195.63099142541347,370.3197557677076,1828.6697246168296
1785251660.2639942,CloserHybridRe,inactive,True,11.196693274059333,270.7587446646807,273.7220355201595,1764.4034788016033
1785251660.2639942,FartherHybridRe,inactive,True,20.447571218993865,181.51382139921418,287.1680937805619,1824.38697242552
1785251660.2639942,SwitchRef2,inactive,True,27.20502099405491,222.24556252220953,428.56306277937233,4102.381242877345
1785251660.2639942,SwitchRef1,inactive,True,28.91895757819972,655.1295417970283,410.4723689202659,13658.824992229114
1785251660.7636976,LeftHybridRe,inactive,True,19.093241980349596,185.4829742711593,328.3077122151544,2012.2208424736127
1785251660.7636976,RightHybridRe,inactive,True,8.008315181017403,279.53806088251235,313.63277419505454,1937.4285169421855
1785251660.7636976,DownHybridRe,active,True,14.574059576451116,240.30160744521228,366.6846055339033,1992.417680385166
1785251660.7636976,UpHybridRe,inactive,True,14.967091169414035,225.60515049771348,275.401869184582,2009.6518098975575
1785251660.7636976,CloseRe,inactive,True,9.688105411814163,282.38988308332347,355.88549714200127,1758.1714317200967
1785251660.7636976,OpenRe,inactive,True,19.2058893266451,196.0981161318076,369.8657857182704,1821.9259881970356
1785251660.7636976,CloserHybridRe,inactive,True,10.035301732268326,270.842456177853,273.41011787117486,1769.4863875441151
1785251660.7636976,FartherHybridRe,inactive,True,19.564422092854297,181.33174800250734,286.8333304534586,1841.1761111620435
1785251660.7636976,SwitchRef2,inactive,True,28.481425739911476,222.03094570041162,427.5504804177325,4083.401881959733
1785251660.7636976,SwitchRef1,inactive,True,29.171027593907095,655.2834012909906,410.6018431030782,13664.067255508533
1785251661.263728,LeftHybridRe,inactive,True,20.481907496736127,185.04232415978052,328.54228076930593,2001.7635194449358
1785251661.263728,RightHybridRe,inactive,True,9.635177890317848,278.9666754619964,313.8684694826568,1952.5459083133028
1785251661.263728,DownHybridRe,active,True,15.209349168322804,239.26438906991527,367.3172590407033,2020.3487400277154
1785251661.263728,UpHybridRe,inactive,True,17.028470068413952,225.48976083547024,275.6413261636827,1987.083370759945
1785251661.263728,CloseRe,inactive,True,10.048300549511834,281.5819173619474,356.51270071805413,1792.1658262696
1785251661.263728,OpenRe,inactive,True,20.066089588456265,195.0607488646491,370.3835123222252,1835.3543787685157
1785251661.263728,CloserHybridRe,inactive,True,12.347494926250032,270.52784486709254,273.56384097672526,1762.265258113479
1785251661.263728,FartherHybridRe,inactive,True,21.365388443694634,181.49180984171878,287.10027012436285,1810.550566405709
1785251661.263728,SwitchRef2,inactive,True,27.606383666233345,221.66260726125083,428.34876777636356,4095.821201699211
1785251661.263728,SwitchRef1,inactive,True,28.876475491266973,654.5262476884598,410.23422568348576,13647.389675312254
1785251661.7636595,LeftHybridRe,inactive,True,20.247241001414782,185.15135005299243,327.6733463619246,2002.6927710559248
1785251661.7636595,RightHybridRe,inactive,True,9.357334207949219,279.07045452414627,312.96014157982734,1949.7268692372309
1785251661.7636595,DownHybridRe,active,True,15.067148685557111,239.49106553215336,366.3529835460889,2014.8087920730904
1785251661.7636595,UpHybridRe,inactive,True,16.710555306498073,225.49501361710065,274.75761418697596,1990.6229668512497
1785251661.7636595,CloseRe,inactive,True,9.931199655958988,281.75424900950503,355.5343012020892,1785.963367922799
1785251661.7636595,OpenRe,inactive,True,19.899669334970646,195.30248249427282,369.4552356207144,1831.99743480928
1785251661.7636595,CloserHybridRe,inactive,True,12.000084020339953,270.56155307479276,272.67407398017997,1763.393702551166
1785251661.7636595,FartherHybridRe,inactive,True,21.08081185154682,181.4659581289719,286.2317867255826,1815.2646440386998
1785251661.7636595,SwitchRef2,inactive,True,27.81457164533901,221.83089617678718,427.36987795829606,4072.257720315807
1785251661.7636595,SwitchRef1,inactive,True,27.495687017592402,650.1958080811024,418.4393569783045,13495.363120805428
1785251662.2636359,LeftHybridRe,inactive,True,18.616974914794092,184.3964707489581,327.639885332773,2024.686429306752
1785251662.2636359,RightHybridRe,inactive,True,7.503363672703605,278.72415591201843,313.1086181565398,1936.5057270058242
1785251662.2636359,DownHybridRe,active,True,14.332295542094068,239.4339015609523,366.0321025695412,1990.910212389761
1785251662.2636359,UpHybridRe,inactive,True,14.305260626889766,224.65966398009215,274.74652267178664,2022.250948104287
1785251662.2636359,CloseRe,inactive,True,9.565371977462089,281.55131441209625,355.28143646490366,1752.052949101293
1785251662.2636359,OpenRe,inactive,True,18.88467890206435,195.112028625953,369.19463876987004,1826.6108687371961
1785251662.2636359,CloserHybridRe,inactive,True,9.313026811646731,270.0367627771541,272.87302233928193,1774.5510542440861
1785251662.2636359,FartherHybridRe,inactive,True,18.97136995567427,180.1615046210483,286.09130379873756,1858.5785649917561
1785251662.2636359,SwitchRef2,inactive,True,27.019138602164098,221.47937051346068,427.65705946001333,4113.414804742562
1785251662.2636359,SwitchRef1,inactive,True,26.045972245013537,643.1531416961009,432.01905696224344,13047.846795768855
1785251662.7636867,LeftHybridRe,inactive,True,19.385358114896015,183.57402198614318,328.0809499472929,2010.3400774612564
1785251662.7636867,RightHybridRe,inactive,True,8.485111933654423,277.5251785960424,312.8842002537354,1934.8617673185872
1785251662.7636867,DownHybridRe,hovered,True,14.301637885437104,238.33057602081348,366.2702972936721,2006.2764455107244
1785251662.7636867,UpHybridRe,inactive,True,15.838457211025876,223.69991285869406,275.0758297646266,1990.8825981417503
1785251662.7636867,CloseRe,inactive,True,9.216212739940012,280.46866430796877,355.20307719125697,1769.5826709123066
1785251662.7636867,OpenRe,inactive,True,19.102022181435032,194.06904327316127,369.6961764514467,1834.3919380971638
1785251662.7636867,CloserHybridRe,inactive,True,11.172654602033756,268.7770586715187,272.82524184398915,1753.896618981391
1785251662.7636867,FartherHybridRe,inactive,True,20.205028870593303,179.567106650771,286.7126925891434,1825.7241783451536
1785251662.7636867,SwitchRef2,inactive,True,25.479188895809383,220.61971504655554,427.838768166114,4136.284546796211
1785251662.7636867,SwitchRef1,inactive,True,25.740678329830615,638.5626972092148,441.4122812419914,12762.098876568358
1785251663.2635365,LeftHybridRe,inactive,True,19.782669303232876,183.83035847035754,327.2288311282281,2007.7647175763013
1785251663.2635365,RightHybridRe,inactive,True,8.815411612189454,277.83606835610465,312.65353889130745,1942.7629128851768
1785251663.2635365,DownHybridRe,hovered,True,14.842779542176048,238.34381471932699,365.830608156316,2004.8664122355767
1785251663.2635365,UpHybridRe,inactive,True,16.03514063248909,224.16223977582578,274.3893579088487,1997.9150910082717
1785251663.2635365,CloseRe,inactive,True,9.788361487128581,280.5412072157248,355.0715429338926,1772.8393116852021
1785251663.2635365,OpenRe,inactive,True,19.603111517614096,194.13103832661406,368.9196168785757,1828.6957069393502
1785251663.2635365,CloserHybridRe,inactive,True,11.24858687716591,269.2993165754132,272.40878765840876,1764.281536972714
1785251663.2635365,FartherHybridRe,inactive,True,20.484873941513666,179.99814874657588,285.7794861026804,1827.1015577816906
1785251663.2635365,SwitchRef2,inactive,True,27.386492888831505,220.6148400406737,427.01314999931117,4115.357611700638
1785251663.2635365,SwitchRef1,inactive,True,25.582112202956413,639.459237514113,441.1072723421981,12836.11022364175
1785251663.763776,LeftHybridRe,inactive,True,19.249958592701905,183.32865602263962,326.82164857082597,2020.544156960601
1785251663.763776,RightHybridRe,inactive,True,8.157777032995435,277.61224053801504,312.43396758884325,1943.760918152344
1785251663.763776,DownHybridRe,active,True,14.951418746855365,238.2752948105929,365.35569298989674,1991.059334976795
1785251663.763776,UpHybridRe,inactive,True,14.886198469167661,223.54965740216073,273.9252840757445,2025.2809322116882
1785251663.763776,CloseRe,inactive,True,10.149665693945757,280.40834580372945,354.69838715306724,1757.1061654491932
1785251663.763776,OpenRe,inactive,True,19.50857234324502,194.0166608058684,368.4027910781537,1821.93964689735
1785251663.763776,CloserHybridRe,inactive,True,9.84269362992551,268.9469138585905,272.084720415456,1782.0898821197115
1785251663.763776,FartherHybridRe,inactive,True,19.571028481631117,179.10412240569661,285.2428713505615,1856.3700431974503
1785251663.763776,SwitchRef2,inactive,True,28.33054206817998,220.03724481745635,426.7733923247279,4136.631223074604
1785251663.763776,SwitchRef1,inactive,True,25.89491470968968,638.7544263989734,440.4847652342422,12791.86635297825
1785251664.2636964,LeftHybridRe,inactive,True,20.305489012373844,183.15204835746795,326.5526732629486,2000.8466558598157
1785251664.2636964,RightHybridRe,inactive,True,9.37495749938075,276.9916964860537,311.82397803352757,1945.7559470378983
1785251664.2636964,DownHybridRe,active,True,15.30981973799935,237.6140088968841,365.100588078282,2003.565795818722
1785251664.2636964,UpHybridRe,inactive,True,16.579325194360912,223.29665506526044,273.6356088762831,1995.2912124159848
1785251664.2636964,CloseRe,inactive,True,10.231727058270566,279.7692899535032,354.29647947962985,1775.9037731400167
1785251664.2636964,OpenRe,inactive,True,20.081391113117576,193.49702022711267,368.22209897454906,1823.1721698998117
1785251664.2636964,CloserHybridRe,inactive,True,11.781174358967283,268.38847358064174,271.5466501132064,1766.1845350484873
1785251664.2636964,FartherHybridRe,inactive,True,21.018008425751418,179.25804350770466,285.12484662279616,1820.603149137256
1785251664.2636964,SwitchRef2,inactive,True,27.08905012799413,219.97283307371083,426.52790561648607,4090.3596740064895
1785251664.2636964,SwitchRef1,inactive,True,24.843140300205306,638.54322974652,440.12434440265736,12821.958824513582
1785251664.763681,LeftHybridRe,inactive,True,19.817879262218984,182.96861921696748,326.3293221163624,2005.2988901432145
1785251664.763681,RightHybridRe,inactive,True,8.828573377871017,276.91560827281216,311.84666932931725,1939.9264498780612
1785251664.763681,DownHybridRe,active,True,15.015809787047782,237.50751176303984,364.89800954973674,1996.5902609377808
1785251664.763681,UpHybridRe,inactive,True,15.929900775866315,223.20835368825527,273.53664065589754,2000.574953039879
1785251664.763681,CloseRe,inactive,True,10.00968002588605,279.63761494799616,354.1973908313514,1765.8075465365037
1785251664.763681,OpenRe,inactive,True,19.729745005888805,193.3531780654518,367.9485084188944,1821.581901528025
1785251664.763681,CloserHybridRe,inactive,True,11.078947495777065,268.3587434223,271.59873015016,1766.0941939457953
1785251664.763681,FartherHybridRe,inactive,True,20.430348674936035,179.0393782098419,284.8907140881686,1829.6942468329144
1785251664.763681,SwitchRef2,inactive,True,26.519431332975646,219.9620601141229,426.6425781384018,4114.197427054314
1785251664.763681,SwitchRef1,inactive,True,25.57240475039712,636.0740933642569,443.014965101901,12640.35936258582
1785251665.2635584,LeftHybridRe,inactive,True,20.48129532468813,182.92434987730303,326.19114882094226,1995.7570962122772
1785251665.2635584,RightHybridRe,inactive,True,9.567405812975855,276.67286472154683,311.61277751308137,1944.1510472532027
1785251665.2635584,DownHybridRe,active,True,15.480326566999212,237.25007678950882,364.8069354928665,2000.4275194867514
1785251665.2635584,UpHybridRe,inactive,True,16.753594538172404,223.08784890526206,273.3653466593089,1991.6696853866524
1785251665.2635584,CloseRe,inactive,True,10.401393897628532,279.3847227951175,354.081235610712,1774.551546755858
1785251665.2635584,OpenRe,inactive,True,20.24934480152004,193.1891733973803,367.84681376834595,1818.860708670847
1785251665.2635584,CloserHybridRe,inactive,True,11.94965815764117,268.13679925434735,271.3331139217516,1764.464785428143
1785251665.2635584,FartherHybridRe,inactive,True,21.190000056026225,179.0994807011139,284.7903741119828,1815.8453556749555
1785251665.2635584,SwitchRef2,inactive,True,27.356929684525998,219.65844852625423,425.99146744176346,4095.6497899222595
1785251665.2635584,SwitchRef1,inactive,True,29.59714481867539,628.3379004562173,459.5743248726064,11972.018643777687
1785251665.7636518,LeftHybridRe,inactive,True,19.98056000936547,182.4519157061057,325.859119326172,2002.418687518355
1785251665.7636518,RightHybridRe,inactive,True,8.965015245814339,276.3525823587246,311.54699542130527,1940.1513659672055
1785251665.7636518,DownHybridRe,hovered,True,15.3757093904693,236.9972352031716,364.4603726182425,1988.3519814418978
1785251665.7636518,UpHybridRe,inactive,True,15.878045878182348,222.60065460019646,273.1091781125387,2006.0549277828686
1785251665.7636518,CloseRe,inactive,True,10.436272526202545,279.0717559220145,353.861869869881,1760.2338987229814
1785251665.7636518,OpenRe,inactive,True,20.024723070844882,192.9142044312315,367.4213139061294,1813.0680287642463
1785251665.7636518,CloserHybridRe,inactive,True,10.925653991634176,267.7882341090557,271.24263108372213,1771.8100552353244
1785251665.7636518,FartherHybridRe,inactive,True,20.457520434120706,178.42648727765337,284.4059207552335,1833.085361893518
1785251665.7636518,SwitchRef2,inactive,True,27.363380292089143,219.265798682608,425.8298661332381,4098.41005890751
1785251665.7636518,SwitchRef1,inactive,True,35.32721309773492,622.3485806367881,474.18682841470616,11412.212678249532
1785251666.2636242,LeftHybridRe,inactive,True,20.52619437615182,182.3005573765876,325.9139372860417,2008.2469156684601
1785251666.2636242,RightHybridRe,inactive,True,9.530402544913171,276.27195444922336,310.9757100100604,1956.705513949848
1785251666.2636242,DownHybridRe,inactive,True,15.695574534141404,237.0605362577333,364.3992509308609,2005.2183853924362
1785251666.2636242,UpHybridRe,inactive,True,16.59557849124221,222.2372325307236,272.7455747703089,2011.9714737701615
1785251666.2636242,CloseRe,inactive,True,10.657511224253653,279.22128594404126,353.5195741757775,1779.5487429678105
1785251666.2636242,OpenRe,inactive,True,20.421994717130417,192.92386510785622,367.5957585497433,1823.321558768399
1785251666.2636242,CloserHybridRe,inactive,True,11.690848475589602,267.4793331787643,270.5563138813699,1782.0471116494664
1785251666.2636242,FartherHybridRe,inactive,True,21.11743090461776,178.12535645585095,284.37208519235816,1834.047402799828
1785251666.2636242,SwitchRef2,inactive,True,29.04196705961073,218.91733403919605,425.63786914557613,4082.9059095379416
1785251666.2636242,SwitchRef1,inactive,True,35.51613396882719,621.8456076166685,474.30177263236965,11413.301646683758
1785251666.7636573,LeftHybridRe,inactive,True,20.1616239086382,182.42947012983268,325.1951637142496,2009.2835975863309
1785251666.7636573,RightHybridRe,inactive,True,9.358721070183451,276.46502321262847,310.3572642415642,1946.8498072406073
1785251666.7636573,DownHybridRe,inactive,True,14.856523164568141,236.91051360980407,363.77578068313977,2017.375372735536
1785251666.7636573,UpHybridRe,inactive,True,16.785141881765444,222.82609964836666,272.2612240541267,1991.0232873976493
1785251666.7636573,CloseRe,inactive,True,9.700018479024203,279.19238428185054,352.88228857061597,1784.8533956536776
1785251666.7636573,OpenRe,hovered,True,19.716947239400717,192.63525398173513,366.97036246488045,1838.4189487541335
1785251666.7636573,CloserHybridRe,inactive,True,12.16185364451453,267.91964229163267,270.1453280188886,1759.9229124335652
1785251666.7636573,FartherHybridRe,inactive,True,21.08536320252981,178.70744920494465,283.76452241648724,1820.6738421111622
1785251666.7636573,SwitchRef2,inactive,True,27.23835337761374,219.3501619550496,425.2019035329827,4109.752887916198
1785251666.7636573,SwitchRef1,inactive,True,35.444134711667836,622.041106201986,473.8654335911967,11413.498653456452
1785251667.2635846,LeftHybridRe,inactive,True,20.791471387351717,181.26276680350844,325.21635189317425,2001.7848763475085
1785251667.2635846,RightHybridRe,inactive,True,9.857530406482605,275.15754911384977,310.708279695286,1953.0815804530284
1785251667.2635846,DownHybridRe,inactive,True,15.848401109536262,235.6817325045755,363.9466046083168,2004.4312037076743
1785251667.2635846,UpHybridRe,inactive,True,16.974874721467494,221.45242439754125,272.3043267432565,2002.333305397602
1785251667.2635846,CloseRe,inactive,True,10.779216882547168,277.87057288335427,353.2626157036909,1779.8779675616242
1785251667.2635846,OpenRe,inactive,True,20.600346570882067,191.58162233178865,366.9326879973021,1821.4364127389345
1785251667.2635846,CloserHybridRe,inactive,True,12.116850566076312,266.60534479269165,270.3036641825823,1775.1268073368738
1785251667.2635846,FartherHybridRe,inactive,True,21.446577186664445,177.38513709148168,283.72265041810067,1824.4593592064884
1785251667.2635846,SwitchRef2,inactive,True,26.868202849694335,217.53878757095057,425.34372386546636,4141.810309566186
1785251667.2635846,SwitchRef1,inactive,True,35.93483761304161,620.5573374487601,474.888040212098,11333.730113683137
1785251667.7641563,LeftHybridRe,inactive,True,20.818809546296354,181.61007004859115,324.83416020369106,2011.2167077651611
1785251667.7641563,RightHybridRe,inactive,True,9.76848261259035,275.7168726968217,310.3469016507075,1965.388685721875
1785251667.7641563,DownHybridRe,inactive,True,16.339987478886762,236.44181281811817,363.55470727584805,1998.0913519236128
1785251667.7641563,UpHybridRe,inactive,True,16.497911855694745,221.5379128105313,271.7029413276948,2030.8478384957853
1785251667.7641563,CloseRe,inactive,True,11.412844116106612,278.60448976243254,352.91639912020497,1776.4187112828731
1785251667.7641563,OpenRe,hovered,True,20.956551009273586,192.3401651832091,366.51405536549254,1814.9347397980491
1785251667.7641563,CloserHybridRe,inactive,True,11.415796733777205,266.9500644947515,269.7212385189507,1800.4520245480307
1785251667.7641563,FartherHybridRe,inactive,True,21.166119703315633,177.30648696253837,283.17058865281297,1848.0877334018405
1785251667.7641563,SwitchRef2,inactive,True,26.91136899921558,218.05436943356221,424.8074548586102,4169.667298360946
1785251667.7641563,SwitchRef1,inactive,True,35.452672725274155,621.3120077822231,473.83545550521444,11398.766953399841
1785251668.263882,LeftHybridRe,inactive,True,20.65277849494507,181.46004516189967,324.3786677789885,1998.3331428920064
1785251668.263882,RightHybridRe,inactive,True,9.706381415163156,275.2769328946325,309.9608702903992,1947.9022618813324
1785251668.263882,DownHybridRe,inactive,True,15.78459209918188,235.86418200140938,363.06912041098195,1996.8326900573375
1785251668.263882,UpHybridRe,inactive,True,16.772525372442242,221.59168316788663,271.54739624675096,2001.2769099668221
1785251668.263882,CloseRe,inactive,True,10.742818376496258,277.9887114523222,352.43384640749093,1772.5521308039679
1785251668.263882,OpenRe,hovered,True,20.51224556826819,191.81639436760176,366.02556435289017,1815.3276521415974
1785251668.263882,CloserHybridRe,inactive,True,11.893244330214019,266.726721087467,269.5921210465614,1773.0934624060646
1785251668.263882,FartherHybridRe,inactive,True,21.266515257547173,177.53509383870184,282.91923287461526,1824.1467835668882
1785251668.263882,SwitchRef2,inactive,True,25.418795686614423,218.19793259881706,425.09746930629,4151.687863293511
1785251668.263882,SwitchRef1,inactive,True,35.474709723354486,620.8515038719506,473.33130944263144,11406.416447974698
1785251668.7637017,LeftHybridRe,inactive,True,20.663321158660086,180.65423741867747,324.01046754053647,1994.5600683681696
1785251668.7637017,RightHybridRe,inactive,True,9.727168294551692,274.35604894111566,309.5045394824152,1942.7849409019036
1785251668.7637017,DownHybridRe,inactive,True,15.847540153092647,235.09719336738715,362.56359500297094,1989.7408798186952
1785251668.7637017,UpHybridRe,inactive,True,16.73941049028309,220.63802935381324,271.1902081778508,1999.158026738649
1785251668.7637017,CloseRe,inactive,True,10.827986603992684,277.140047420077,351.89810089550815,1765.9620263186662
1785251668.7637017,OpenRe,inactive,True,20.553460031987292,191.10831221842372,365.57149493131135,1809.6358368278015
1785251668.7637017,CloserHybridRe,inactive,True,11.845154186228333,265.7409196937001,269.1905828674013,1770.466577952644
1785251668.7637017,FartherHybridRe,inactive,True,21.244808024651764,176.6217530203068,282.59920153520045,1822.9628260229183
1785251668.7637017,SwitchRef2,inactive,True,28.03085894586049,217.40159641058864,424.10792405335184,4090.342361903815
1785251668.7637017,SwitchRef1,inactive,True,35.25658176146898,620.1674773492128,472.56828492453167,11378.319461866122
1785251669.2636492,LeftHybridRe,inactive,True,20.994854426981327,180.2457639406456,323.9801893481486,2004.760566918936
1785251669.2636492,RightHybridRe,inactive,True,10.19181966202784,274.10019864472224,308.63077987397014,1956.000470085084
1785251669.2636492,DownHybridRe,inactive,True,15.72904601042292,234.90700627558323,362.33175191894816,2015.6524393630825
1785251669.2636492,UpHybridRe,inactive,True,17.519383072396323,220.17416060341242,270.72512444408164,1997.0322869049414
1785251669.2636492,CloseRe,inactive,True,10.57865692378066,277.102685256767,351.2499059766306,1789.7814966311853
1785251669.2636492,OpenRe,inactive,True,20.569134884421977,190.75643367782993,365.7058981770712,1831.0329958239636
1785251669.2636492,CloserHybridRe,inactive,True,12.813042998893234,265.28449376632364,268.32103532507773,1770.8386860004284
1785251669.2636492,FartherHybridRe,inactive,True,21.855743686602345,176.1949080800311,282.5225478857929,1820.6088412580139
1785251669.2636492,SwitchRef2,inactive,True,26.356804018110914,217.1016428054932,424.327310944485,4144.193009269155
1785251669.2636492,SwitchRef1,inactive,True,35.38468670967746,619.8365987390855,472.3453062271958,11389.509689786166
1785251669.763716,LeftHybridRe,inactive,True,21.466649077267892,180.24212709286806,324.0031990254679,2000.4334973418045
1785251669.763716,RightHybridRe,inactive,True,10.559329586956558,274.01762347994907,308.86263486663324,1964.277937277031
1785251669.763716,DownHybridRe,hovered,True,16.458058185859713,234.8919496422399,362.48997321935343,2008.5183440646506
1785251669.763716,UpHybridRe,inactive,True,17.67202501335285,219.98752389549634,270.70528629996784,2008.1645109344136
1785251669.763716,CloseRe,inactive,True,11.360504548625508,277.0361091091273,351.54890642771386,1789.1599347984084
1785251669.763716,OpenRe,inactive,True,21.22606640258481,190.86445552924312,365.7142052046716,1819.5379621220854
1785251669.763716,CloserHybridRe,inactive,True,12.799311279648217,265.165435496654,268.3661940589702,1785.5308326737686
1785251669.763716,FartherHybridRe,inactive,True,22.134562467999338,176.04776234890903,282.4673099903625,1824.6259220301072
1785251669.763716,SwitchRef2,inactive,True,26.6156954761589,217.06631398669637,423.95277722718856,4118.452749077514
1785251669.763716,SwitchRef1,inactive,True,35.29401158547324,619.6670972074296,472.28394947252036,11386.525169021828
1785251670.263669,LeftHybridRe,inactive,True,9.861823986788155,178.58416138967323,324.05372563206834,2376.382881427253
1785251670.263669,RightHybridRe,inactive,True,20.791886307324905,272.73483591123556,309.2785580918015,1667.9775673458862
1785251670.263669,DownHybridRe,inactive,True,17.010881473397344,235.72552803750585,361.94996961176116,1967.8080185798317
1785251670.263669,UpHybridRe,inactive,True,15.822525000101539,221.20142693895227,270.3440512723905,2045.8278537557599
1785251670.263669,CloseRe,inactive,True,21.333862623445953,275.37420419435307,349.65837252465064,1510.8784859710358
1785251670.263669,OpenRe,hovered,True,12.339055089402098,190.04030954718544,367.5423372464377,2094.6527357290615
1785251670.263669,CloserHybridRe,inactive,True,20.698756288912115,264.771528391723,270.5506107580486,1553.1086218463315
1785251670.263669,FartherHybridRe,inactive,True,10.531005597391072,174.17258453458257,280.1296445912849,2194.053268627522
1785251670.263669,SwitchRef2,inactive,True,25.711165317583188,217.54918624174368,423.79862978980555,4132.845374261138
1785251670.263669,SwitchRef1,inactive,True,35.671146607330506,619.9721492602114,472.3927783074876,11326.988522749132
1785251670.763554,LeftHybridRe,inactive,True,21.4707120309211,180.73057787354014,323.51542623943106,1987.8326391489827
1785251670.763554,RightHybridRe,inactive,True,10.74630509748114,274.28733539648476,308.59552094644357,1950.3310847475877
1785251670.763554,DownHybridRe,inactive,True,16.117729490275263,234.8903011389919,362.089452432612,2009.2262833219356
1785251670.763554,UpHybridRe,inactive,True,18.07976897057454,220.78451253555644,270.5534541181186,1981.0264625395757
1785251670.763554,CloseRe,inactive,True,10.958625767781152,277.04827843321067,351.2240626158159,1788.2936151453105
1785251670.763554,OpenRe,active,True,20.96842244698017,190.90055816055468,365.2264376591207,1820.2172281328312
1785251670.763554,CloserHybridRe,inactive,True,13.400937651238666,265.72181009798226,268.30630829791323,1761.6282153282264
1785251670.763554,FartherHybridRe,inactive,True,22.374792650909427,176.99065225192487,282.1601946247381,1801.2415024509355
1785251670.763554,SwitchRef2,inactive,True,25.345599354379313,217.34509193210152,423.8239711890485,4159.142273612844
1785251670.763554,SwitchRef1,inactive,True,35.066313498198454,619.8407669113544,472.74019329462294,11416.625070044625
1785251671.263873,LeftHybridRe,inactive,True,20.15461393635852,181.5198001424424,323.2303364734137,2018.8973198446765
1785251671.263873,RightHybridRe,inactive,True,9.17194817839993,275.7699508785545,308.5925922916382,1957.013002253334
1785251671.263873,DownHybridRe,inactive,True,15.222214078889206,236.28798774210154,361.912139519339,2011.90181599075
1785251671.263873,UpHybridRe,inactive,True,16.357400054742698,221.80728776265144,270.1779095374239,2016.08971980977
1785251671.263873,CloseRe,inactive,True,10.157583032099343,278.55981709469506,351.13805360299943,1781.4254156752359
1785251671.263873,OpenRe,active,True,19.98322895421702,192.00355268510168,365.0021412977245,1833.5936624811293
1785251671.263873,CloserHybridRe,inactive,True,11.527154825772001,267.1264513332104,268.17188521006295,1781.3304525951935
1785251671.263873,FartherHybridRe,inactive,True,20.83026952099538,177.5094354596279,281.63471873306815,1842.771406148524
1785251671.263873,SwitchRef2,inactive,True,25.52923714496291,218.55399282989382,423.7811150034683,4164.8775585567055
1785251671.263873,SwitchRef1,inactive,True,34.83237371010132,621.1764558604253,472.6403789874707,11424.43681227359
1785251671.7636585,LeftHybridRe,inactive,True,10.683272774796677,179.71666123062823,323.71166506918905,2381.611855466792
1785251671.7636585,RightHybridRe,inactive,True,21.372036201307804,273.8031441848468,308.49369415359484,1667.4655567516675
1785251671.7636585,DownHybridRe,inactive,True,18.165808693559892,236.6294609130069,361.30412935635354,1950.8724556618326
1785251671.7636585,UpHybridRe,inactive,True,15.852524840040154,222.48789595993244,269.54824779644014,2067.7221382897187
1785251671.7636585,CloseRe,inactive,True,22.27359356421643,276.1522073880871,348.8512383424389,1497.6767959490098
1785251671.7636585,OpenRe,hovered,True,13.737655511616017,191.10879732644318,367.11571690895545,2078.8598481960653
1785251671.7636585,CloserHybridRe,inactive,True,20.885458325683416,266.1057742132664,269.6078567114176,1565.8023075897108
1785251671.7636585,FartherHybridRe,inactive,True,10.443200911885217,175.32324589287134,279.58067394951115,2219.814727297744
1785251671.7636585,SwitchRef2,inactive,True,24.693860878263678,218.5661057682488,422.88424320915647,4151.651618437238
1785251671.7636585,SwitchRef1,inactive,True,35.04871583298199,620.8561936858785,472.25316585477026,11388.014229592169
1785251672.2636843,LeftHybridRe,inactive,True,20.286797219129472,180.7900343150568,322.50455713587934,2009.2858882721412
1785251672.2636843,RightHybridRe,inactive,True,9.314966308771414,274.7605843118283,307.59845178102836,1949.640111425564
1785251672.2636843,DownHybridRe,hovered,True,15.44613660462081,235.63157420347432,360.8949061504362,1998.6000124883722
1785251672.2636843,UpHybridRe,inactive,True,16.399526467733207,220.6982845987361,269.4083941491779,2012.139239943168
1785251672.2636843,CloseRe,inactive,True,10.416707209012108,277.7340546237011,350.02712802685323,1770.9283527494335
1785251672.2636843,OpenRe,inactive,True,20.170183185560205,191.49710856399994,364.1111272071505,1820.713531603662
1785251672.2636843,CloserHybridRe,inactive,True,11.528878949430098,265.9472843572136,267.2563444203164,1778.3211377810876
1785251672.2636843,FartherHybridRe,inactive,True,20.899416790798632,176.53048236214903,280.99767147353305,1838.32418196656
1785251672.2636843,SwitchRef2,inactive,True,27.119418684878724,217.4318524239278,422.7316424129075,4149.624256020768
1785251672.2636843,SwitchRef1,inactive,True,34.961831587095,620.06547919834,471.1831272650124,11366.459941558598
1785251672.7635438,LeftHybridRe,inactive,True,19.889129731336116,180.82422006888692,322.1999098383261,2005.6067302460324
1785251672.7635438,RightHybridRe,inactive,True,8.884740499917378,274.76079068193525,307.8036314702289,1938.310936136113
1785251672.7635438,DownHybridRe,inactive,True,15.293666523737306,235.54283051288252,360.6877986414156,1984.1155796217645
1785251672.7635438,UpHybridRe,inactive,True,15.792597708488296,220.86355989366996,269.40841701146593,2011.344775114223
1785251672.7635438,CloseRe,inactive,True,10.36377039819675,277.5712637121202,350.05552143731023,1755.1774231672825
1785251672.7635438,OpenRe,inactive,True,19.936267885069714,191.45666370415663,363.70656746911754,1811.256620607819
1785251672.7635438,CloserHybridRe,inactive,True,10.849514014932206,266.10345973180824,267.51831658574184,1773.832366681694
1785251672.7635438,FartherHybridRe,inactive,True,20.366527264423027,176.62687784513776,280.73942728817815,1840.6599788413296
1785251672.7635438,SwitchRef2,inactive,True,27.21928009094286,217.28172184838303,422.2474693651668,4153.860663036852
1785251672.7635438,SwitchRef1,inactive,True,34.79699013569809,619.8193091255204,471.25509643805196,11379.57498004695
1785251673.2636461,LeftHybridRe,inactive,True,21.42436483247052,180.63295271113367,321.45819941779575,2000.606797243232
1785251673.2636461,RightHybridRe,inactive,True,10.473978011051416,274.4264214097132,306.4741178076497,1966.1398298295462
1785251673.2636461,DownHybridRe,hovered,True,16.53068456357727,235.34653379567976,359.99458928549564,2002.7841787645812
1785251673.2636461,UpHybridRe,inactive,True,17.5039952512477,220.3015467583235,268.1717253805527,2016.2318907727094
1785251673.2636461,CloseRe,inactive,True,11.46198946688541,277.45641296937055,349.1427429212366,1785.177736881582
1785251673.2636461,OpenRe,inactive,True,21.26798221174772,191.35957239994866,363.13920875384406,1813.5409773115534
1785251673.2636461,CloserHybridRe,inactive,True,12.575427340367895,265.54800263572133,265.9077626656009,1792.6930918063445
1785251673.2636461,FartherHybridRe,inactive,True,22.016835763114866,176.3207791446941,279.8809987542312,1830.948618787359
1785251673.2636461,SwitchRef2,inactive,True,26.712159989713456,217.52069024914687,421.29309315713084,4111.642730947184
1785251673.2636461,SwitchRef1,inactive,True,34.91363355896943,619.6207589390478,470.56253765395917,11404.903041762984
1785251673.7635694,LeftHybridRe,inactive,True,9.654865642217786,178.73805428271473,321.53223893116865,2380.460838527215
1785251673.7635694,RightHybridRe,inactive,True,20.578758944480718,273.0974215268099,306.8459959537509,1675.4684069714713
1785251673.7635694,DownHybridRe,active,True,16.904547742455758,235.91000067821375,359.50464587499584,1968.990600365316
1785251673.7635694,UpHybridRe,inactive,True,15.51543221073331,221.4898866441908,267.7726620961311,2057.839242732036
1785251673.7635694,CloseRe,inactive,True,21.193151183284627,275.64618313708155,347.2695382299892,1514.0960480840877
1785251673.7635694,OpenRe,inactive,True,12.285863944156192,190.18253352322603,365.0266799944928,2092.6591383600207
1785251673.7635694,CloserHybridRe,inactive,True,20.427521973162417,265.19816714167007,268.0178754184868,1563.4657130911983
1785251673.7635694,FartherHybridRe,inactive,True,10.194668978187384,174.33336011519359,277.541854630554,2204.0344472781944
1785251673.7635694,SwitchRef2,inactive,True,26.357504033813335,217.46158036379794,421.03760754778057,4133.8546337466105
1785251673.7635694,SwitchRef1,inactive,True,34.63751722656491,619.7944143329332,470.55797498493007,11421.27596406544
1785251674.2635965,LeftHybridRe,inactive,True,20.380454264187545,180.23319091994384,320.5157971138076,2009.232429599604
1785251674.2635965,RightHybridRe,inactive,True,9.51183836873736,274.25511972140634,305.8336069307535,1949.0025479511241
1785251674.2635965,DownHybridRe,active,True,15.257285729815974,234.84426252686112,359.10634407363676,2006.6058760010346
1785251674.2635965,UpHybridRe,inactive,True,16.79385576234463,220.44544381589955,267.5691474960853,2003.3918880465171
1785251674.2635965,CloseRe,inactive,True,10.147129779135515,277.0412001509218,348.31940264416517,1777.4924162165844
1785251674.2635965,OpenRe,inactive,True,20.06174297793157,190.65319142698291,362.2168776226972,1827.8163205640376
1785251674.2635965,CloserHybridRe,inactive,True,12.060807113242705,265.63540139449367,265.5238249507798,1770.852414908375
1785251674.2635965,FartherHybridRe,inactive,True,21.17474976243019,176.27383421682964,279.03235262506644,1831.2809257836816
1785251674.2635965,SwitchRef2,inactive,True,26.736186326080258,217.0661595176198,420.65546998728934,4115.517798672088
1785251674.2635965,SwitchRef1,inactive,True,35.434057085987305,618.053457705673,472.5648217258814,11290.251135486062
1785251674.7635293,LeftHybridRe,inactive,True,10.087842666911357,178.2270732357585,321.0710041273367,2378.1679551880734
1785251674.7635293,RightHybridRe,inactive,True,20.843126600382774,272.47359486326565,306.1252625556589,1670.9439814015786
1785251674.7635293,DownHybridRe,active,True,17.52113541911324,235.24704749524994,358.77919922433904,1953.8129571772588
1785251674.7635293,UpHybridRe,inactive,True,15.459950880159298,221.0113382077078,267.12719090993346,2066.03693587166
1785251674.7635293,CloseRe,inactive,True,21.671827337411045,274.86998232631316,346.461980592191,1502.3373070956368
1785251674.7635293,OpenRe,inactive,True,13.06119231366707,189.65316814202032,364.43275753386706,2078.2478520026125
1785251674.7635293,CloserHybridRe,inactive,True,20.457517885639856,264.71773539235886,267.2735689963725,1567.2742285573913
1785251674.7635293,FartherHybridRe,inactive,True,10.075210185889771,173.80650587369448,277.0367022171662,2214.824566740437
1785251674.7635293,SwitchRef2,inactive,True,27.23172557952644,217.21898831172888,420.18635144831774,4077.317652252379
1785251674.7635293,SwitchRef1,inactive,True,40.49885209419865,612.2655861412564,487.09203345376363,10883.787022176039
1785251675.2634575,LeftHybridRe,inactive,True,21.082268194290158,179.7709335557804,320.2762580073474,2004.6855954404346
1785251675.2634575,RightHybridRe,inactive,True,10.254374034376816,273.7347335274697,305.69025914359656,1958.1145696048625
1785251675.2634575,DownHybridRe,hovered,True,15.871156830877474,234.1877044178022,359.0585362072103,2012.4475680515752
1785251675.2634575,UpHybridRe,inactive,True,17.539386527767114,220.02353200834816,267.3032996998869,2002.279198019809
1785251675.2634575,CloseRe,inactive,True,10.731541676262253,276.4400124558657,348.3348686063447,1788.2547392988854
1785251675.2634575,OpenRe,inactive,True,20.696103834134824,190.04740050782283,362.0638077561587,1827.1288056097437
1785251675.2634575,CloserHybridRe,inactive,True,12.7974441285658,265.1915612289937,265.2621299699961,1776.0013529772732
1785251675.2634575,FartherHybridRe,inactive,True,21.902622430549595,175.94261496038934,278.75972866780126,1824.4523459859993
1785251675.2634575,SwitchRef2,inactive,True,25.565523160550864,216.72615420231645,420.4279051789652,4132.401197730338
1785251675.2634575,SwitchRef1,inactive,True,42.56154510531417,609.2228087013534,493.5258610774788,10701.049854571073
1785251675.7639925,LeftHybridRe,inactive,True,20.359064942110333,179.8673707259384,320.03092992123527,2012.5111241863233
1785251675.7639925,RightHybridRe,inactive,True,9.586820076279821,273.9697815656393,305.2675321411182,1949.0762616350767
1785251675.7639925,DownHybridRe,active,True,15.033243867401355,234.45254798817294,358.6333661251708,2014.8204084863028
1785251675.7639925,UpHybridRe,inactive,True,17.00014220371223,220.22454209651534,267.08352307659425,1998.518440626307
1785251675.7639925,CloseRe,inactive,True,9.876559219409076,276.7211524222961,347.78684261697356,1783.20407311272
1785251675.7639925,OpenRe,inactive,True,19.892862254402488,190.18025459293648,361.79131205526846,1836.3791747961222
1785251675.7639925,CloserHybridRe,inactive,True,12.379007698490593,265.3922309107927,265.00869946148794,1765.6498827336509
1785251675.7639925,FartherHybridRe,inactive,True,21.28935679469395,176.03324155210686,278.56229297543393,1828.7112153300623
1785251675.7639925,SwitchRef2,inactive,True,26.928315913020068,216.7430574613747,419.6981749900171,4109.28641849116
1785251675.7639925,SwitchRef1,inactive,True,42.853859671551625,609.3377769285439,493.43417819048966,10659.267733097367
1785251676.2638817,LeftHybridRe,inactive,True,22.091365855230507,179.90476833829308,319.4526536831358,1987.3380326650622
1785251676.2638817,RightHybridRe,inactive,True,11.258999195594194,273.50172568367,305.03219646706873,1964.8158165973364
1785251676.2638817,DownHybridRe,hovered,True,16.960150969410844,234.02316881678715,358.38416297046336,2004.3327515006895
1785251676.2638817,UpHybridRe,inactive,True,18.40624170497201,219.89993336383725,266.4843306352583,1999.9205274834349
1785251676.2638817,CloseRe,inactive,True,11.834812518760533,276.18025178132973,347.79937897958547,1791.1772260237049
1785251676.2638817,OpenRe,inactive,True,21.75194367833899,190.13964349280607,361.21876952672346,1809.5156015386092
1785251676.2638817,CloserHybridRe,inactive,True,13.567399621714035,264.9824100450421,264.4426556221052,1783.8985599351727
1785251676.2638817,FartherHybridRe,inactive,True,22.819369215203814,176.06600662980375,277.9391793250755,1811.5792454496586
1785251676.2638817,SwitchRef2,inactive,True,26.92159616102822,216.32459108333103,419.5657268768329,4129.259743241091
1785251676.2638817,SwitchRef1,inactive,True,42.59085226118045,608.9748530414047,493.03018165138974,10670.532170782913
1785251676.7635553,LeftHybridRe,inactive,True,22.102866494468763,180.2100743429587,318.78282817344177,1990.4173251465327
1785251676.7635553,RightHybridRe,inactive,True,11.298045961536648,273.8472535236658,304.0659659929274,1968.3873097346805
1785251676.7635553,DownHybridRe,active,True,16.868135361658364,234.44112573393775,357.6099008030656,2010.3477248687777
1785251676.7635553,UpHybridRe,inactive,True,18.52410762546494,220.1342868019723,265.6609232958179,2000.8244093320573
1785251676.7635553,CloseRe,inactive,True,11.717040365018104,276.6252217338741,346.88310279542134,1796.6740287219727
1785251676.7635553,OpenRe,inactive,True,21.69117382255708,190.51900953746917,360.5770773794411,1814.4014031543993
1785251676.7635553,CloserHybridRe,inactive,True,13.729995694587812,265.23209265057835,263.4798558329746,1784.9397074770386
1785251676.7635553,FartherHybridRe,inactive,True,22.89849725958574,176.3063702415722,277.25379148917034,1812.3752838296496
1785251676.7635553,SwitchRef2,inactive,True,26.85778590665915,216.62677424705845,418.3203447334406,4103.383101387619
1785251676.7635553,SwitchRef1,inactive,True,42.51718108281451,608.8433797543235,492.3339241779273,10679.071126629991
1785251677.263547,LeftHybridRe,inactive,True,21.035519778206687,180.01655526371292,318.8475176450854,2000.4058974691943
1785251677.263547,RightHybridRe,inactive,True,10.138025960474108,273.84401705511584,304.1925532133843,1955.685691965009
1785251677.263547,DownHybridRe,active,True,16.019596857472454,234.57058266024288,357.4783158022155,2000.005732337937
1785251677.263547,UpHybridRe,inactive,True,17.285243742211428,219.96053981937305,265.82650564287866,2008.092951492934
1785251677.263547,CloseRe,inactive,True,10.929698990099821,276.69167923553107,346.75252295188255,1778.4764760278777
1785251677.263547,OpenRe,inactive,True,20.788815325644293,190.54359971639101,360.514333842528,1815.1808561252146
1785251677.263547,CloserHybridRe,inactive,True,12.45021979918713,265.15428356813527,263.74647001184115,1781.0974495667288
1785251677.263547,FartherHybridRe,inactive,True,21.728688554285043,175.91386117772055,277.3362081935663,1828.583676848455
1785251677.263547,SwitchRef2,inactive,True,27.597403942061934,216.74144903305066,418.1899290924173,4093.505702527218
1785251677.263547,SwitchRef1,inactive,True,42.51164099527682,609.2052088238288,492.566692078785,10699.809862465569
1785251677.7637854,LeftHybridRe,inactive,True,21.700243934902726,179.84769570926068,318.9325469543432,2000.1716708126442
1785251677.7637854,RightHybridRe,inactive,True,10.716928477940051,273.67526606675005,304.3279904180805,1971.3206626296887
1785251677.7637854,DownHybridRe,active,True,17.006882734857847,234.56985407455866,357.6573161682751,1995.4365153207982
1785251677.7637854,UpHybridRe,inactive,True,17.55319940791578,219.47627647037467,265.70644113942325,2028.4048384737216
1785251677.7637854,CloseRe,inactive,True,11.994113189100695,276.6546216007439,347.0106880528083,1781.6903240815445
1785251677.7637854,OpenRe,inactive,True,21.681699959063998,190.64709962958167,360.6006289098774,1804.7638895622476
1785251677.7637854,CloserHybridRe,inactive,True,12.522212714754303,264.823398538011,263.6122995878756,1805.2134188033233
1785251677.7637854,FartherHybridRe,inactive,True,22.149303600867007,175.43911296255328,277.27906544034954,1839.2924935733354
1785251677.7637854,SwitchRef2,inactive,True,26.493412284242762,216.48126167659754,418.6009387186208,4137.193125260463
1785251677.7637854,SwitchRef1,inactive,True,42.277473698736046,609.0392117314103,492.5699171737745,10731.57336639092
1785251678.2637467,LeftHybridRe,inactive,True,21.270561482893658,179.8258175391143,318.9872237432831,1994.4312712696374
1785251678.2637467,RightHybridRe,inactive,True,10.411283624063666,273.5705368205131,304.6242007727686,1953.9378016214687
1785251678.2637467,DownHybridRe,active,True,16.19652508937281,234.1145076285134,357.7949562863813,1999.4060629995001
1785251678.2637467,UpHybridRe,inactive,True,17.575625542533285,219.92753514013512,266.1357093073989,2000.8542088936338
1785251678.2637467,CloseRe,inactive,True,11.093497372437195,276.25218930264225,347.2057664085733,1779.4648609960714
1785251678.2637467,OpenRe,inactive,True,20.97694477953777,190.13073315117657,360.6797586135829,1812.8537403850787
1785251678.2637467,CloserHybridRe,inactive,True,12.760275403162575,265.0493916680049,264.1764605060212,1776.781684091242
1785251678.2637467,FartherHybridRe,inactive,True,21.993845778671535,175.9374775927129,277.5102134688058,1820.2718162395468
1785251678.2637467,SwitchRef2,inactive,True,26.63732822898351,216.36763433944287,419.36901036902793,4127.6550006783
1785251678.2637467,SwitchRef1,inactive,True,43.09419323719597,608.5716073419451,495.01714990264225,10670.766927412347
1785251678.763607,LeftHybridRe,inactive,True,21.134663805848508,179.62315855408744,318.6545127222471,1997.8415931142845
1785251678.763607,RightHybridRe,inactive,True,10.187795426419926,273.4350587771528,304.3840601280232,1955.4136632435766
1785251678.763607,DownHybridRe,hovered,True,16.33602194468724,234.1122917400561,357.43477884390035,1991.265710772168
1785251678.763607,UpHybridRe,inactive,True,17.150448616196435,219.58321187619632,265.76670738582584,2013.874556435676
1785251678.763607,CloseRe,inactive,True,11.308838487992578,276.19488379724874,346.90577710348805,1772.0407095846167
1785251678.763607,OpenRe,inactive,True,21.038452257181124,190.14815339803548,360.2848711677361,1806.7079182962043
1785251678.763607,CloserHybridRe,inactive,True,12.210547141253016,264.8184588042615,263.8635721369612,1786.800147363152
1785251678.763607,FartherHybridRe,inactive,True,21.681103703802865,175.50398961883892,277.11742009845244,1832.4673333770152
1785251678.763607,SwitchRef2,inactive,True,26.28247277627418,216.03184485891484,418.82815008087704,4157.602470785896
1785251678.763607,SwitchRef1,inactive,True,43.24910951134545,608.1336790508758,495.2985957442247,10684.01094452069
1785251679.2636282,LeftHybridRe,inactive,True,21.330721864772947,179.5691053425753,318.5515202350149,1993.3671899992114
1785251679.2636282,RightHybridRe,inactive,True,10.484520798695165,273.2291340311434,303.8244260873774,1953.731116773095
1785251679.2636282,DownHybridRe,inactive,True,16.238103622401383,234.00833348608023,357.1390186024995,1997.998875688405
1785251679.2636282,UpHybridRe,inactive,True,17.655178513212295,219.4280990966864,265.5453039294235,2000.9858617977698
1785251679.2636282,CloseRe,inactive,True,11.131646450818987,276.08773955158904,346.39137651166834,1778.73316682304
1785251679.2636282,OpenRe,inactive,True,21.021899388758133,190.05747340596352,360.1912592367512,1811.1143961515481
1785251679.2636282,CloserHybridRe,inactive,True,12.847629563408828,264.5396200612814,263.40772223231073,1777.117830305655
1785251679.2636282,FartherHybridRe,inactive,True,22.064520107227676,175.49350558764573,277.09380401897596,1820.1683298962707
1785251679.2636282,SwitchRef2,inactive,True,26.39786594932363,216.27703731155523,418.72562800950544,4130.19623589921
1785251679.2636282,SwitchRef1,inactive,True,43.25217313069695,608.3788609532596,494.5720076296211,10672.039503935128
1785251679.7635343,LeftHybridRe,inactive,True,20.80965258246877,179.39713854451279,318.2137542275447,2009.4407318457634
1785251679.7635343,RightHybridRe,inactive,True,9.847240069866707,273.43413827326407,303.70160949531925,1958.8935197123064
1785251679.7635343,DownHybridRe,inactive,True,15.962319950098554,234.13505903860437,356.9044079459375,1999.2884424323638
1785251679.7635343,UpHybridRe,inactive,True,16.888376917434503,219.396213722152,265.1721013754147,2020.9516482681502
1785251679.7635343,CloseRe,inactive,True,10.920289722022705,276.28412810698035,346.2410981111894,1775.972107855414
1785251679.7635343,OpenRe,inactive,True,20.686351629994174,190.03546434960867,359.8921521050545,1817.2801087470689
1785251679.7635343,CloserHybridRe,inactive,True,11.982352856251502,264.7234886672452,263.18717514921684,1789.6210128185921
1785251679.7635343,FartherHybridRe,inactive,True,21.400715250814557,175.1899064458875,276.6186806770011,1842.66703030586
1785251679.7635343,SwitchRef2,hovered,True,26.422386068431848,216.25188465641196,418.5962467563228,4139.424424984885
1785251679.7635343,SwitchRef1,inactive,True,43.21099550617851,608.4161854133133,494.21895646840267,10670.633907342417
1785251680.2635245,LeftHybridRe,inactive,True,22.19724136039903,179.6341886940609,318.1610086549394,1997.406907332872
1785251680.2635245,RightHybridRe,inactive,True,11.384693449635492,273.37427941651947,303.0763186228124,1976.09149017858
1785251680.2635245,DownHybridRe,inactive,True,16.944437661860462,234.12070471005353,356.85731162513633,2016.5349060328736
1785251680.2635245,UpHybridRe,inactive,True,18.624143719794112,219.39982591904814,264.78672366848656,2009.380687365603
1785251680.2635245,CloseRe,inactive,True,11.783865327410277,276.3285894837277,345.9631212758657,1802.7929622175725
1785251680.2635245,OpenRe,inactive,True,21.775802215550105,190.1465460740323,359.98559783865727,1819.5912064277327
1785251680.2635245,CloserHybridRe,inactive,True,13.826323766674934,264.57967078759816,262.43520391708546,1792.756522364838
1785251680.2635245,FartherHybridRe,inactive,True,22.99943334493241,175.5358292389417,276.5652568536248,1820.0084669318094
1785251680.2635245,SwitchRef2,hovered,True,25.43865128145823,216.37444385343133,417.9431458711404,4154.253527320296
1785251680.2635245,SwitchRef1,inactive,True,43.05142570329894,608.2304519139019,493.6416854532929,10669.396335857935
1785251680.7636454,LeftHybridRe,inactive,True,22.489995817022734,179.89821007501357,318.10509630007743,1979.395649424685
1785251680.7636454,RightHybridRe,inactive,True,11.788844950418357,273.2886202912282,303.3308961366881,1963.8787815948672
1785251680.7636454,DownHybridRe,inactive,True,17.11234468427339,233.8873271214507,356.8973138131916,2008.2436637746068
1785251680.7636454,UpHybridRe,inactive,True,19.070968837450522,219.77986725778135,265.0531336233408,1987.3329469164091
1785251680.7636454,CloseRe,inactive,True,11.9470384227052,276.02492843142585,346.1542084387287,1797.308349948733
1785251680.7636454,OpenRe,inactive,True,21.959839366081916,190.06908172120794,359.8698871212412,1809.436659014129
1785251680.7636454,CloserHybridRe,inactive,True,14.344620105396245,264.73323362974975,262.8128664651112,1776.0118322638227
1785251680.7636454,FartherHybridRe,inactive,True,23.373874049965046,176.11757893671881,276.67117446654476,1797.768111311747
1785251680.7636454,SwitchRef2,hovered,True,25.63295633807808,216.36216061535345,418.4262501360938,4145.803166461352
1785251680.7636454,SwitchRef1,inactive,True,43.27175333377501,608.2438107857597,493.7904411393537,10657.95883397579
1785251681.263626,LeftHybridRe,inactive,True,21.96860795825368,179.23746165572518,317.8594474600708,2002.383533660537
1785251681.263626,RightHybridRe,inactive,True,11.144766075096362,273.1344581195823,303.0766478995748,1974.8640335081727
1785251681.263626,DownHybridRe,inactive,True,16.730241783646417,233.68465970247794,356.7119564435446,2017.960899722595
1785251681.263626,UpHybridRe,inactive,True,18.39088305783986,219.2449038057427,264.6191870797679,2011.557323544308
1785251681.263626,CloseRe,inactive,True,11.572976945448067,275.95166562977636,345.93983939851427,1801.5356814673578
1785251681.263626,OpenRe,inactive,True,21.5602571854594,189.63437197667167,359.722248888725,1823.6492802481007
1785251681.263626,CloserHybridRe,inactive,True,13.59781497342761,264.4680819507232,262.43383442600873,1792.1019974468509
1785251681.263626,FartherHybridRe,inactive,True,22.769236870568367,175.26611195685064,276.2402245085684,1824.729254537433
1785251681.263626,SwitchRef2,active,True,26.996044989536042,215.44171752523272,418.07484994728196,4185.925763664993
1785251681.263626,SwitchRef1,inactive,True,43.22595268490894,607.7885031818528,493.6965446333761,10675.416138172412
1785251681.7635338,LeftHybridRe,inactive,True,21.080054704651964,178.9838414401048,317.89344523168876,2005.1095484709986
1785251681.7635338,RightHybridRe,inactive,True,10.243920676543379,272.9400329906333,303.31333242469157,1957.5392707922365
1785251681.7635338,DownHybridRe,inactive,True,15.90902594482451,233.48480943534452,356.6342248741089,2008.002133281254
1785251681.7635338,UpHybridRe,inactive,True,17.497754375754017,219.14256835951602,264.9073354157054,2006.4409552837678
1785251681.7635338,CloseRe,inactive,True,10.781195630458182,275.69461171132946,345.9232539870931,1784.3966624693785
1785251681.7635338,OpenRe,inactive,True,20.720776414111764,189.37088875173046,359.6405411373646,1823.486347840324
1785251681.7635338,CloserHybridRe,inactive,True,12.739020092765625,264.3440147887747,262.8731045265529,1778.8327462968482
1785251681.7635338,FartherHybridRe,inactive,True,21.874769805764313,175.03772874941131,276.3665052674491,1828.874725474252
1785251681.7635338,SwitchRef2,active,True,26.733764580891357,215.7325721792819,417.93359271576355,4135.612206298727
1785251681.7635338,SwitchRef1,inactive,True,43.16708664253917,607.6970181429122,493.610884041158,10680.988019850134
1785251682.2637086,LeftHybridRe,inactive,True,21.958634562983367,179.49109376688685,318.117693249072,1984.7718751528737
1785251682.2637086,RightHybridRe,inactive,True,11.086647794306986,272.96120465973036,303.46913806873033,1960.000308615352
1785251682.2637086,DownHybridRe,inactive,True,16.9883021863316,233.84311273789757,356.7800048277344,1992.021936642377
1785251682.2637086,UpHybridRe,hovered,True,18.114691279734654,219.1240168921845,265.0628532387327,2004.7397341643918
1785251682.2637086,CloseRe,inactive,True,11.906821437820653,275.855106318161,346.11287540742063,1779.8584622098278
1785251682.2637086,OpenRe,inactive,True,21.732112507101075,190.0470316996118,359.7365084058413,1799.5312203471403
1785251682.2637086,CloserHybridRe,inactive,True,13.21363751234218,264.2287236478169,262.9161470265483,1786.4889656286032
1785251682.2637086,FartherHybridRe,inactive,True,22.585975178792918,175.3138845775522,276.6309860518698,1816.7780728036632
1785251682.2637086,SwitchRef2,hovered,True,27.857758231868605,215.52602951692612,418.32148839710754,4131.274461299603
1785251682.2637086,SwitchRef1,inactive,True,43.12713248709171,608.0835179447627,493.81285906007327,10642.46192712235
1785251682.7637246,LeftHybridRe,inactive,True,22.542561115574696,179.2552988723942,318.1117301125114,1989.3187444210525
1785251682.7637246,RightHybridRe,inactive,True,11.92671193414065,272.85499980707397,302.98031812254595,1970.8372862544857
1785251682.7637246,DownHybridRe,inactive,True,16.98100350631423,233.39540644774263,356.8382611184609,2023.5279328178221
1785251682.7637246,UpHybridRe,active,True,19.324896249046922,219.23398827967802,264.86414543816045,1989.0993200892117
1785251682.7637246,CloseRe,inactive,True,11.788170845264768,275.65587842278507,345.90462932896884,1809.571053661195
1785251682.7637246,OpenRe,inactive,True,21.87609452410922,189.42743899500374,359.979399907434,1824.174513809663
1785251682.7637246,CloserHybridRe,inactive,True,14.688661924312512,264.2380478656437,262.4688291414762,1776.8042450987195
1785251682.7637246,FartherHybridRe,inactive,True,23.549539458926134,175.5029646998226,276.6345577210529,1801.2222745925174
1785251682.7637246,SwitchRef2,inactive,True,27.428699054423493,215.84814443953698,418.1486931577793,4103.636675330687
1785251682.7637246,SwitchRef1,inactive,True,43.392554536125296,607.7971982634164,493.46558258125833,10617.078629356169
1785251683.263689,LeftHybridRe,inactive,True,21.841657498588884,178.91175236608714,318.1103468931626,1999.9561009043355
1785251683.263689,RightHybridRe,inactive,True,11.111234822483357,272.71737825055675,303.02771510542914,1967.1465208653099
1785251683.263689,DownHybridRe,inactive,True,16.4523033940395,233.36711209940108,356.74591131415974,2018.4781150290146
1785251683.263689,UpHybridRe,active,True,18.454665504609768,218.8726718908041,264.86198523143696,2000.7624299411946
1785251683.263689,CloseRe,inactive,True,11.27667065148584,275.60404468903636,345.82004308303203,1799.5435048754007
1785251683.263689,OpenRe,inactive,True,21.316196370077964,189.30570267030092,359.9221332803504,1826.1749720494736
1785251683.263689,CloserHybridRe,inactive,True,13.759272118678458,264.0034034152243,262.5406047976065,1780.5871829464595
1785251683.263689,FartherHybridRe,inactive,True,22.75265299271878,174.9529582721841,276.58771147647246,1817.7002966661457
1785251683.263689,SwitchRef2,inactive,True,26.27398665161826,216.11215633230856,418.2774720076702,4084.9993681321794
1785251683.263689,SwitchRef1,inactive,True,43.08781219441889,607.1569472202959,493.82668653319115,10642.308480239095
1785251683.7636313,LeftHybridRe,inactive,True,21.42343082894181,178.447672288261,317.7179264689419,2003.6194267668507
1785251683.7636313,RightHybridRe,inactive,True,10.611512356420084,272.3043169428936,302.6830158638994,1962.151407951591
1785251683.7636313,DownHybridRe,inactive,True,16.208882426904168,233.09452887650824,356.2522886551594,2009.905427871483
1785251683.7636313,UpHybridRe,active,True,17.867849657377324,218.31715557881938,264.4950369259339,2007.684403602303
1785251683.7636313,CloseRe,inactive,True,11.069302472114705,275.2634812519125,345.3491578679302,1788.7992171011283
1785251683.7636313,OpenRe,inactive,True,21.029409034552565,189.0256778204049,359.44410103954317,1822.4743519736694
1785251683.7636313,CloserHybridRe,inactive,True,13.109207601369812,263.5118597884464,262.2241083081711,1782.527756305415
1785251683.7636313,FartherHybridRe,inactive,True,22.23311093587889,174.30395984809334,276.187693600337,1827.5605165340385
1785251683.7636313,SwitchRef2,inactive,True,26.114346510929526,215.20152029199383,418.09910661257175,4159.989005109528
1785251683.7636313,SwitchRef1,inactive,True,43.24222382569159,606.6516283644479,493.6430641683425,10649.042604309798
1785251684.263565,LeftHybridRe,inactive,True,21.432491360352607,178.41193510188631,317.28936551881543,1998.9106231133483
1785251684.263565,RightHybridRe,inactive,True,10.565149512392702,272.2657902785418,303.0439092839651,1958.8290019219858
1785251684.263565,DownHybridRe,inactive,True,16.392099335305215,232.75980115092068,356.1955738518416,2000.857910233819
1785251684.263565,UpHybridRe,active,True,17.691179977782745,218.55488325873418,264.416233663779,2008.531040636819
1785251684.263565,CloseRe,inactive,True,11.296036594788857,274.9285111018549,345.6655652228554,1781.4566671318316
1785251684.263565,OpenRe,inactive,True,21.161618851677588,188.74887136108234,359.0175020359942,1814.0890527003357
1785251684.263565,CloserHybridRe,inactive,True,12.849619817386651,263.75236404308885,262.5167208948378,1783.630943463253
1785251684.263565,FartherHybridRe,inactive,True,22.12668951552494,174.49149896382056,275.74945667782913,1827.3348260911444
1785251684.263565,SwitchRef2,inactive,True,26.468151738123336,215.27322448814732,417.79086455485935,4146.712829967342
1785251684.263565,SwitchRef1,inactive,True,42.48876062034935,609.077833749181,490.13059301479836,10855.56478182903
1785251684.7635248,LeftHybridRe,inactive,True,21.316789902752465,178.3325563766797,318.05158733526525,2003.082840130748
1785251684.7635248,RightHybridRe,inactive,True,10.656302102998236,272.21064418494296,303.01156859597586,1955.869430455823
1785251684.7635248,DownHybridRe,inactive,True,15.83788022698376,232.80202114469898,356.60190270902757,2017.323961957365
1785251684.7635248,UpHybridRe,active,True,18.07748073904792,218.4677335054693,264.9583663363716,1993.4095827376223
1785251684.7635248,CloseRe,inactive,True,10.658189836153074,275.04444241631137,345.6621778234453,1792.3857918138092
1785251684.7635248,OpenRe,inactive,True,20.722431619953934,188.65309306720312,359.82101999309674,1831.344774587873
1785251684.7635248,CloserHybridRe,inactive,True,13.47713864978694,263.56113815991296,262.6952200119906,1768.1867130311039
1785251684.7635248,FartherHybridRe,inactive,True,22.312195938213623,174.4679682773757,276.60690421964864,1817.668670035433
1785251684.7635248,SwitchRef2,inactive,True,26.425121536764266,215.18471336526028,417.788050695873,4158.081799474137
1785251684.7635248,SwitchRef1,inactive,True,40.14088683117178,614.8445012218197,481.49763303886766,11244.2809614031
1785251685.263592,LeftHybridRe,inactive,True,11.250613531415603,176.2276617697096,318.38443970216474,2388.7615262451545
1785251685.263592,RightHybridRe,inactive,True,21.904962486643306,270.18698114166943,303.35492490919574,1657.845026197836
1785251685.263592,DownHybridRe,inactive,True,18.653173673243117,233.16540650889087,356.011478660465,1941.422327818742
1785251685.263592,UpHybridRe,hovered,True,16.422023199745393,218.9588255291934,264.28591013369874,2070.2612569128105
1785251685.263592,CloseRe,inactive,True,22.767491279474537,272.5310449455684,343.62480079394425,1485.9433871583315
1785251685.263592,OpenRe,inactive,True,14.191381813382085,187.71259937997044,361.7908112956478,2077.3258223440607
1785251685.263592,CloserHybridRe,inactive,True,21.42649214696615,262.5119267278309,264.4900927784679,1560.8514501104364
1785251685.263592,FartherHybridRe,inactive,True,11.037085465128127,171.73099723749127,274.18165592803234,2234.304077549743
1785251685.263592,SwitchRef2,inactive,True,26.14945748334861,214.74292662138438,417.9277511354094,4205.383003275339
1785251685.263592,SwitchRef1,inactive,True,38.64556711521835,618.7296008365392,475.11232280047165,11595.549931850095
1785251685.7636058,LeftHybridRe,inactive,True,22.255692599822858,178.4601509888114,317.1818524725405,2004.0251199362501
1785251685.7636058,RightHybridRe,inactive,True,11.471210466832067,272.3513463440996,302.07457232212266,1980.3599308740231
1785251685.7636058,DownHybridRe,inactive,True,16.936035187189056,233.01333258517425,355.9290632870486,2023.2953306242416
1785251685.7636058,UpHybridRe,inactive,True,18.753144657359396,218.3323632005968,263.7545368148979,2013.331346913783
1785251685.7636058,CloseRe,inactive,True,11.76231788676722,275.2911750741288,345.01313982841504,1808.0700005931358
1785251685.7636058,OpenRe,inactive,True,21.7849091521292,188.95722471251096,359.069908007553,1826.649090588584
1785251685.7636058,CloserHybridRe,inactive,True,13.985326735899752,263.56687668562074,261.40395459426327,1795.4320723233686
1785251685.7636058,FartherHybridRe,inactive,True,23.100840026117872,174.39058907131948,275.5398122650644,1825.0447028970775
1785251685.7636058,SwitchRef2,inactive,True,26.324677601506522,214.85643237750494,417.30558518226957,4200.517049221227
1785251685.7636058,SwitchRef1,inactive,True,38.60002762412708,619.183697935374,474.75099432287516,11621.099866337681
1785251686.263721,LeftHybridRe,inactive,True,21.489199715373353,178.58223587304556,316.8819073909459,1998.5820349946262
1785251686.263721,RightHybridRe,inactive,True,10.95814202422443,272.38891883786596,301.8158958206893,1953.7336376870808
1785251686.263721,DownHybridRe,hovered,True,15.82876024117966,232.893831669114,355.443603095557,2020.5180395076823
1785251686.263721,UpHybridRe,inactive,True,18.459447442585248,218.79733033373554,263.8484351408447,1983.8820907900845
1785251686.263721,CloseRe,inactive,True,10.634358738377564,275.1606550560423,344.4856630169616,1795.8666706164367
1785251686.263721,OpenRe,inactive,True,20.75051514951001,188.75440105206397,358.6674636528295,1832.7903631334884
1785251686.263721,CloserHybridRe,inactive,True,13.957912187647544,263.8115090416182,261.5605826227613,1760.998382807098
1785251686.263721,FartherHybridRe,inactive,True,22.604904786586378,174.86678264767272,275.49706357358497,1808.3491902772803
1785251686.263721,SwitchRef2,inactive,True,25.081459817088312,215.27805466760307,416.9647343876162,4174.649400642142
1785251686.263721,SwitchRef1,inactive,True,38.521099764904505,619.1901004695387,474.34779041163256,11610.200565864478
1785251686.7637835,LeftHybridRe,inactive,True,21.758558650618937,178.11389591966253,316.397901961204,2001.0429732604025
1785251686.7637835,RightHybridRe,inactive,True,10.918235189252648,271.98062939778833,301.83213483397645,1967.0742301243954
1785251686.7637835,DownHybridRe,active,True,16.622042285474354,232.56996987791356,355.23508871180877,2007.9229861106942
1785251686.7637835,UpHybridRe,inactive,True,18.09550173180763,218.1195428454844,263.3081728899357,2012.0262903449438
1785251686.7637835,CloseRe,inactive,True,11.496452641039362,274.7663952780257,344.56584286581113,1790.391482918334
1785251686.7637835,OpenRe,inactive,True,21.419144927048396,188.5513565180071,358.1750200939377,1817.5930703066442
1785251686.7637835,CloserHybridRe,inactive,True,13.275913839407005,263.34468390243364,261.24151592932583,1789.4025760968143
1785251686.7637835,FartherHybridRe,inactive,True,22.502254466932094,174.09412033829457,274.81305971139363,1828.0989129320405
1785251686.7637835,SwitchRef2,inactive,True,25.98316392113735,214.9540607039377,416.7947238995525,4150.05572440735
1785251686.7637835,SwitchRef1,inactive,True,38.482695759958354,618.9652226126599,474.1299786356059,11621.851663518493
1785251687.2635057,LeftHybridRe,inactive,True,21.55566766589649,177.8666543315787,316.45597921215585,2009.6004821309361
1785251687.2635057,RightHybridRe,inactive,True,10.76694584374928,271.82146249366457,301.1346230817493,1969.1892925066422
1785251687.2635057,DownHybridRe,active,True,16.26305455209179,232.68820184997824,354.91523517352715,2017.1568529300057
1785251687.2635057,UpHybridRe,inactive,True,18.071769370716396,217.6536470438976,263.03519060336157,2013.5519904090906
1785251687.2635057,CloseRe,inactive,True,11.10269450258846,274.89797743113877,343.8789114807227,1795.9344903331657
1785251687.2635057,OpenRe,inactive,True,21.10668574881861,188.56581922483963,358.2287625238272,1828.3411994024464
1785251687.2635057,CloserHybridRe,inactive,True,13.339395832473247,262.9096001776917,260.63065246842285,1788.173755208998
1785251687.2635057,FartherHybridRe,inactive,True,22.41095269662465,173.61092271510637,274.87126253346537,1832.7544421398088
1785251687.2635057,SwitchRef2,inactive,True,25.06907030027333,215.14572733762796,416.37486743169393,4130.77123484511
1785251687.2635057,SwitchRef1,inactive,True,38.30533703556853,618.9423337454009,473.3630356031651,11629.32635076066
1785251687.7636847,LeftHybridRe,inactive,True,21.287879128699384,177.6020973860805,316.15048272471415,2015.8095463395548
1785251687.7636847,RightHybridRe,inactive,True,10.536942965040106,271.708364469696,300.85727265010314,1967.6980472097348
1785251687.7636847,DownHybridRe,active,True,15.908877292592175,232.46165565705363,354.63349936393917,2022.2937935228401
1785251687.7636847,UpHybridRe,inactive,True,17.916978775407262,217.56690819025945,262.7663912032029,2013.0425940580717
1785251687.7636847,CloseRe,inactive,True,10.733127509696414,274.7352365482327,343.5848491393449,1797.2293755943247
1785251687.7636847,OpenRe,inactive,True,20.7778136984919,188.2360930181562,357.9621720908243,1836.1914023239915
1785251687.7636847,CloserHybridRe,inactive,True,13.248021581211656,262.8466199909301,260.40116393843454,1784.6647741942033
1785251687.7636847,FartherHybridRe,inactive,True,22.21201378624019,173.43207088634333,274.561680114588,1835.9152148553585
1785251687.7636847,SwitchRef2,inactive,True,24.9292709344581,214.73900214172556,416.0899190767901,4154.2426943638275
1785251687.7636847,SwitchRef1,inactive,True,38.01662933430627,618.5824828090394,473.3412073675252,11661.491574780608
1785251688.2634854,LeftHybridRe,inactive,True,21.863740142404144,177.71437398278778,315.6946381745325,2006.8251682761038
1785251688.2634854,RightHybridRe,inactive,True,11.12741912981276,271.67778895347425,300.6916230790813,1971.9367708387508
1785251688.2634854,DownHybridRe,active,True,16.476817859183445,232.27754649412103,354.4089006220545,2021.3385124071356
1785251688.2634854,UpHybridRe,inactive,True,18.470023718413394,217.73465740131167,262.40736614834435,2009.4077501855136
1785251688.2634854,CloseRe,inactive,True,11.299858194236682,274.5581539624583,343.5179724789506,1801.762951223085
1785251688.2634854,OpenRe,inactive,True,21.3411690587633,188.15892510045285,357.5488808699201,1829.6080394738929
1785251688.2634854,CloserHybridRe,inactive,True,13.769791240980005,262.95799695826963,260.13746271039633,1787.1560684910837
1785251688.2634854,FartherHybridRe,inactive,True,22.771613832526583,173.7106781601712,274.10235780808057,1826.7800118982705
1785251688.2634854,SwitchRef2,inactive,True,25.713666373860782,214.9750511074393,415.82718644668057,4128.62104737504
1785251688.2634854,SwitchRef1,inactive,True,40.12855531541946,613.0262875003743,479.79713554104524,11207.810766175535
1785251688.763686,LeftHybridRe,inactive,True,11.16530259294803,175.61358207372984,316.06953033867796,2393.755688877609
1785251688.763686,RightHybridRe,inactive,True,21.91967239635589,269.59358103973824,301.18921182462145,1658.556830347472
1785251688.763686,DownHybridRe,active,True,18.451433009777023,232.72057290224245,353.8385546058918,1947.5542194079171
1785251688.763686,UpHybridRe,inactive,True,16.620491970242373,218.22935227395345,262.04419137649353,2068.6441096039016
1785251688.763686,CloseRe,inactive,True,22.64904571843385,272.0849173694834,341.4944730390867,1489.432079975173
1785251688.763686,OpenRe,inactive,True,13.887505007813687,187.22140119990573,359.5589814960702,2085.2751487394016
1785251688.763686,CloserHybridRe,inactive,True,21.577001835903072,261.78083283034226,262.32735407930227,1558.7419183549246
1785251688.763686,FartherHybridRe,inactive,True,11.258298930107442,171.00770320949582,271.84808126283997,2235.105747792066
1785251688.763686,SwitchRef2,inactive,True,25.42273183799676,214.28151162479705,416.13278176456305,4203.113982523995
1785251688.763686,SwitchRef1,inactive,True,41.60949033570777,608.2013917964535,486.5833541094505,10863.231551259247
1785251689.2635279,LeftHybridRe,inactive,True,21.301005353315638,177.26856699438105,315.5168914185807,2016.260190634468
1785251689.2635279,RightHybridRe,inactive,True,10.421153837674435,271.44375877327434,300.80609790089426,1970.0786743291537
1785251689.2635279,DownHybridRe,active,True,16.201283125581938,232.0644384996572,354.27669485484006,2013.5186305070674
1785251689.2635279,UpHybridRe,inactive,True,17.61546076558554,217.328409889615,262.29698932991926,2024.5046820459902
1785251689.2635279,CloseRe,inactive,True,11.082373669185424,274.32343314782366,343.5165361748387,1790.789645627643
1785251689.2635279,OpenRe,inactive,True,20.9965021730222,187.8836165628189,357.3248648151117,1827.91889803901
1785251689.2635279,CloserHybridRe,inactive,True,12.797322856200488,262.7027083708217,260.20943947745536,1795.0616810407664
1785251689.2635279,FartherHybridRe,inactive,True,22.036414852417295,173.0983385458819,273.84973643318034,1844.9744051627276
1785251689.2635279,SwitchRef2,inactive,True,26.449699485249123,214.3901390029679,416.1734209434422,4151.559082051943
1785251689.2635279,SwitchRef1,inactive,True,43.830789684204696,602.0500359986313,494.92708448346707,10414.597810180247
1785251689.7635682,LeftHybridRe,inactive,True,20.762365400548536,177.50471684707145,315.48931968141403,2017.364160731926
1785251689.7635682,RightHybridRe,inactive,True,9.906124699007702,271.6567034445822,300.5654742366864,1959.6299005526816
1785251689.7635682,DownHybridRe,hovered,True,15.62056711129197,232.4184549422112,354.0113465809568,2009.73161483492
1785251689.7635682,UpHybridRe,inactive,True,17.167762499471696,217.5124673927964,262.29208988315764,2018.7880876627605
1785251689.7635682,CloseRe,inactive,True,10.501432259776651,274.621833716929,343.132911128343,1782.5476800966499
1785251689.7635682,OpenRe,inactive,True,20.42759629577873,188.20488994219937,357.2117711310057,1829.3452974550892
1785251689.7635682,CloserHybridRe,inactive,True,12.41492101303376,262.844984181787,260.13305765253045,1784.998765054297
1785251689.7635682,FartherHybridRe,inactive,True,21.551170589589248,173.2615182591978,273.9003531224066,1845.0127171697386
1785251689.7635682,SwitchRef2,inactive,True,26.069254920188087,214.71796523663744,415.60467054067306,4125.960350042777
1785251689.7635682,SwitchRef1,inactive,True,45.47025574343503,593.9637837551109,500.7333266286683,9888.087045467153
1785251690.264097,LeftHybridRe,inactive,True,22.743961746016957,177.00545857933,315.23243866790716,1993.7975449320984
1785251690.264097,RightHybridRe,inactive,True,12.09728352670745,270.71658397409476,300.37885099685604,1975.5019908643953
1785251690.264097,DownHybridRe,inactive,True,17.259564049495545,231.1821095981246,354.12688940752054,2021.9935603164122
1785251690.264097,UpHybridRe,inactive,True,19.433236000310604,217.0464996705379,262.01653977018213,1999.205155132422
1785251690.264097,CloseRe,inactive,True,12.079032715095668,273.45838940801667,343.33245386083746,1809.133214975358
1785251690.264097,OpenRe,inactive,True,22.131521092893454,187.20618127114227,357.1300758635794,1822.9572361693972
1785251690.264097,CloserHybridRe,inactive,True,14.74874604679224,262.1425327981981,259.75814265808276,1785.5820795815453
1785251690.264097,FartherHybridRe,inactive,True,23.692559770842443,173.2184804921857,273.67659661896164,1810.6895493561387
1785251690.264097,SwitchRef2,inactive,True,26.394448459639356,213.87008127870675,415.3392342148002,4141.392692150384
1785251690.264097,SwitchRef1,inactive,True,45.884858512619374,591.1892998446563,501.66389606351413,9755.27848175478
1785251690.763562,LeftHybridRe,inactive,True,21.821225455653366,177.53470365124357,313.8661945603182,2010.2747327594225
1785251690.763562,RightHybridRe,inactive,True,11.072154105591618,271.5290762877862,298.6306300194661,1974.777234349618
1785251690.763562,DownHybridRe,inactive,True,16.44232734689168,232.29844391940844,352.4519438509294,2021.283813814909
1785251690.763562,UpHybridRe,inactive,True,18.41624438889298,217.38197349583348,260.4285257517794,2015.8940425942092
1785251690.763562,CloseRe,inactive,True,11.26396374980242,274.5538234384959,341.4604011492464,1801.8371606688524
1785251690.763562,OpenRe,inactive,True,21.307197194079855,188.1749701405555,355.7002212188437,1829.6383027900883
1785251690.763562,CloserHybridRe,inactive,True,13.710676736801956,262.6621193048661,258.0544306719441,1792.2462760389062
1785251690.763562,FartherHybridRe,inactive,True,22.724132070652324,173.33472739459407,272.2405958172612,1833.0436563493677
1785251690.763562,SwitchRef2,inactive,True,26.236586076264103,214.3656754098161,413.98420714519597,4151.107952049362
1785251690.763562,SwitchRef1,inactive,True,45.86475094843088,591.4834235611823,500.70621933740046,9762.630515942918
1785251691.2634516,LeftHybridRe,inactive,True,22.39810539754613,177.49265527293937,314.15964633986397,1994.8209781999649
1785251691.2634516,RightHybridRe,inactive,True,12.151692646731345,271.22131749667346,298.54174845962143,1961.5876691124795
1785251691.2634516,DownHybridRe,inactive,True,16.403523446550448,231.72828703982924,352.5891434690842,2034.9472882255868
1785251691.2634516,UpHybridRe,inactive,True,19.744201535751156,217.6427192205862,260.90156474446314,1974.1372579326708
1785251691.2634516,CloseRe,inactive,True,11.224201292235382,274.07378758192317,341.3803717395686,1813.4238503640736
1785251691.2634516,OpenRe,inactive,True,21.374453812493574,187.58548865627242,356.01792787682837,1839.9141178943974
1785251691.2634516,CloserHybridRe,inactive,True,15.400956557522829,262.58078504306525,258.31074485647036,1757.829753831138
1785251691.2634516,FartherHybridRe,inactive,True,23.72446629724747,173.8598627912761,272.8168862927075,1795.6177637034452
1785251691.2634516,SwitchRef2,inactive,True,25.353856679961815,214.44387789976952,414.0029946928932,4137.440375350656
1785251691.2634516,SwitchRef1,inactive,True,45.88169988244318,591.1477403485309,501.00684831358484,9751.483706956977
1785251691.7635164,LeftHybridRe,inactive,True,21.511330936555982,176.51407503370004,314.18060312901434,2017.1596144461255
1785251691.7635164,RightHybridRe,inactive,True,11.009815601440785,270.6799048624286,298.71321985908,1966.6313460697565
1785251691.7635164,DownHybridRe,inactive,True,15.773830370486982,231.2633204193689,352.6494214217133,2034.6255720035697
1785251691.7635164,UpHybridRe,inactive,True,18.558745955437352,216.69300106379202,260.8137748654165,2001.0495655364393
1785251691.7635164,CloseRe,inactive,True,10.565249177201672,273.64122476121497,341.49129848468795,1806.861799366743
1785251691.7635164,OpenRe,hovered,True,20.718921690290728,186.94104338215743,356.06581600439205,1847.7879479979201
1785251691.7635164,CloserHybridRe,inactive,True,14.09127647765399,261.90064241470566,258.3676567391259,1773.7627742845143
1785251691.7635164,FartherHybridRe,inactive,True,22.67652902815041,172.57418785339127,272.6544803677842,1827.1356755511442
1785251691.7635164,SwitchRef2,inactive,True,26.159260133697135,213.2882391695972,414.14623441683466,4173.2415631798285
1785251691.7635164,SwitchRef1,inactive,True,46.07173285996182,590.4524539726962,500.8040649266497,9755.361398763838
1785251692.2635887,LeftHybridRe,inactive,True,11.250901562673018,174.60428730013817,314.40123545340924,2396.998166782938
1785251692.2635887,RightHybridRe,inactive,True,21.78012187357893,268.8155730558034,299.1003823874608,1665.1849436764824
1785251692.2635887,DownHybridRe,inactive,True,18.771158993870866,231.74095987982545,351.8218230217287,1937.1354088676017
1785251692.2635887,UpHybridRe,inactive,True,16.099940545220814,217.35657466707994,260.0509515076142,2091.3060040482633
1785251692.2635887,CloseRe,inactive,True,22.79096857972163,271.14284134879216,339.35595014892755,1484.6946096148313
1785251692.2635887,OpenRe,active,True,14.430954456912069,186.26561891987407,357.71112985030544,2071.2084615743115
1785251692.2635887,CloserHybridRe,inactive,True,21.154347546473307,261.1244118984745,260.14222247510907,1575.9677682248184
1785251692.2635887,FartherHybridRe,inactive,True,10.700802454779776,169.9121769220173,270.113198664948,2256.9834773784933
1785251692.2635887,SwitchRef2,inactive,True,25.78794461193627,213.3991132651858,413.7728887288191,4177.317667273212
1785251692.2635887,SwitchRef1,inactive,True,45.79830844064077,590.7031442085673,500.81694538183694,9739.400553796542
1785251692.7637174,LeftHybridRe,inactive,True,21.732577119169335,176.47738167853848,313.5820771742332,2012.8824969418274
1785251692.7637174,RightHybridRe,inactive,True,11.011597192298408,270.5707420687578,298.61939930579706,1971.9827071087711
1785251692.7637174,DownHybridRe,inactive,True,16.325847319479994,231.1492479213806,352.30430192195985,2022.4079886606632
1785251692.7637174,UpHybridRe,inactive,True,18.372475861224075,216.56022900820517,260.29716023940273,2014.186124192529
1785251692.7637174,CloseRe,inactive,True,11.148212948753132,273.4527668136459,341.4225494260207,1800.6761784396585
1785251692.7637174,OpenRe,active,True,21.194737829990782,186.96829568099804,355.4453542130925,1833.115998042118
1785251692.7637174,CloserHybridRe,inactive,True,13.69399318454958,261.84417304491194,258.06808268556506,1788.6814421441268
1785251692.7637174,FartherHybridRe,inactive,True,22.659688281546753,172.4363115449442,271.9616049106695,1834.162338487382
1785251692.7637174,SwitchRef2,inactive,True,26.546491163346477,213.11385105338957,413.767061850584,4182.588178793718
1785251692.7637174,SwitchRef1,inactive,True,45.95356376457908,590.3321736783398,500.34563258913784,9728.762882662835
1785251693.263577,LeftHybridRe,inactive,True,22.271483850311228,176.00852210814082,313.6265590464651,2001.231934915424
1785251693.263577,RightHybridRe,inactive,True,11.61936824890916,269.80595580244756,298.41697704736094,1970.5441601937564
1785251693.263577,DownHybridRe,inactive,True,16.802738094588356,230.550345031849,352.21430581665925,2018.711921358874
1785251693.263577,UpHybridRe,inactive,True,18.970147555274732,215.8559465078069,260.2836722094098,2004.709158644313
1785251693.263577,CloseRe,inactive,True,11.626633523706044,272.7682475026569,341.24416308603094,1801.5712209684207
1785251693.263577,OpenRe,hovered,True,21.673639905108768,186.51104481826445,355.4342035717003,1825.2987340309483
1785251693.263577,CloserHybridRe,inactive,True,14.306477645968252,261.01681113343227,257.8944209614079,1784.7752774169603
1785251693.263577,FartherHybridRe,inactive,True,23.225924109684183,171.93344134517284,272.0813978424933,1821.3778843414766
1785251693.263577,SwitchRef2,inactive,True,26.137492372394078,212.5821613371803,413.8162035290344,4207.975858576778
1785251693.263577,SwitchRef1,inactive,True,45.89570767109112,589.6249801097204,500.42750306202663,9752.100486352545
1785251693.7638552,LeftHybridRe,inactive,True,11.513564352816482,173.6739959634102,313.19541712580633,2409.501827295451
1785251693.7638552,RightHybridRe,inactive,True,22.16987289716756,267.8317757585596,297.9705534354404,1662.89314744914
1785251693.7638552,DownHybridRe,inactive,True,18.903118628551322,230.98496514885127,350.7735978403708,1945.1231954485702
1785251693.7638552,UpHybridRe,inactive,True,16.684906989604272,216.3055662523077,258.82654401038883,2089.5372454488024
1785251693.7638552,CloseRe,inactive,True,23.023463482212023,270.32317351219194,338.2879331025651,1486.3890009275274
1785251693.7638552,OpenRe,inactive,True,14.424241215130728,185.4648869910527,356.6764738660361,2086.347337904077
1785251693.7638552,CloserHybridRe,inactive,True,21.688689453519917,260.00120132787754,259.0031783383207,1570.4282679284042
1785251693.7638552,FartherHybridRe,inactive,True,11.298151813422482,168.87458468116895,268.80534964913994,2263.3605481956074
1785251693.7638552,SwitchRef2,inactive,True,25.21051702027008,212.53094574553378,412.78517323084606,4216.6203854875785
1785251693.7638552,SwitchRef1,inactive,True,45.885109794197675,589.0683407189749,499.9255579594203,9746.651476264451
1785251694.2637653,LeftHybridRe,inactive,True,22.26852774203437,176.4378226233313,312.422198711188,1998.4560965487544
1785251694.2637653,RightHybridRe,inactive,True,11.604513218805012,270.2130007340164,297.49811291551464,1969.4654474263443
1785251694.2637653,DownHybridRe,hovered,True,16.82187174128712,230.85079924857698,351.15105235105244,2015.4142185447636
1785251694.2637653,UpHybridRe,inactive,True,18.941950182605584,216.37326970039942,259.20652660846554,2004.2900714303178
1785251694.2637653,CloseRe,inactive,True,11.648619753657124,273.06536293824485,340.31764162832,1799.3524383242257
1785251694.2637653,OpenRe,inactive,True,21.68742349010465,186.84601959442247,354.23273205263905,1821.5265471950333
1785251694.2637653,CloserHybridRe,inactive,True,14.266485599294944,261.52725235957894,256.9489120099275,1784.9132241509724
1785251694.2637653,FartherHybridRe,inactive,True,23.207877415437526,172.44800072396518,270.8763494604855,1820.1291238228805
1785251694.2637653,SwitchRef2,inactive,True,25.68499587620918,213.6671334450825,412.46957439012573,4103.491079045118
1785251694.2637653,SwitchRef1,inactive,True,46.042973296065526,589.3503779109448,499.9603743441475,9698.120165680826
1785251694.7635486,LeftHybridRe,inactive,True,22.492288843566246,176.03323975742597,312.1938908135655,2000.007151500915
1785251694.7635486,RightHybridRe,inactive,True,11.721550493456697,269.82173589505965,297.3313405862199,1977.2773064475186
1785251694.7635486,DownHybridRe,hovered,True,17.243724097125202,230.5741366452746,350.9794108983471,2011.6051612255615
1785251694.7635486,UpHybridRe,inactive,True,18.92145132995867,215.7894637009988,258.86848248127416,2017.4154109636038
1785251694.7635486,CloseRe,inactive,True,12.095899215074239,272.7536350292106,340.2028517617088,1799.115620272045
1785251694.7635486,OpenRe,inactive,True,22.061070436557475,186.6230770451884,354.003024703641,1815.7706116517911
1785251694.7635486,CloserHybridRe,inactive,True,14.123768878939591,261.03935643214515,256.6282092128019,1798.7686129212816
1785251694.7635486,FartherHybridRe,inactive,True,23.286486813212015,171.84426677554436,270.5542802225071,1828.9316848222988
1785251694.7635486,SwitchRef2,inactive,True,25.86565511551667,212.7196544562381,412.62126236027757,4181.496811585497
1785251694.7635486,SwitchRef1,inactive,True,45.922181112208854,588.8312038102783,499.3481244477447,9688.753476889819
1785251695.2634864,LeftHybridRe,inactive,True,23.022127563742146,176.11110486201616,312.7069081828512,2002.791016045554
1785251695.2634864,RightHybridRe,inactive,True,12.5875829259664,270.0021145789575,297.2283806231804,1983.734039249197
1785251695.2634864,DownHybridRe,inactive,True,17.205099069460633,230.4567912882329,351.42598782655955,2041.585810798846
1785251695.2634864,UpHybridRe,inactive,True,20.093583214320716,216.19153918363435,259.2013947225143,1997.31364739723
1785251695.2634864,CloseRe,inactive,True,12.005719610452223,272.8694926047455,340.3169533012026,1826.2297893298382
1785251695.2634864,OpenRe,inactive,True,22.147381334514957,186.32823297901896,354.71238694486317,1840.0788074572592
1785251695.2634864,CloserHybridRe,inactive,True,15.583505978067697,261.3133162692293,256.6524300677007,1784.0455301126785
1785251695.2634864,FartherHybridRe,inactive,True,24.195727585896122,172.33939815431287,271.1347519969531,1810.4372466580935
1785251695.2634864,SwitchRef2,inactive,True,26.334265004520855,212.5752291548372,412.235860172364,4163.265191347251
1785251695.2634864,SwitchRef1,inactive,True,45.560906316943544,589.1210678244653,499.3994210514475,9734.824800487506
1785251695.7637563,LeftHybridRe,inactive,True,25.089699082123836,216.51378160142465,369.8089756390958,1705.9191648683482
1785251695.7637563,RightHybridRe,inactive,True,16.664685305732977,304.80236294759925,359.87395830983337,1754.8979555611659
1785251695.7637563,DownHybridRe,inactive,True,23.999609455860096,267.3681196246156,407.40926880077177,1682.5941865951681
1785251695.7637563,UpHybridRe,inactive,True,18.383369111471932,253.6080353849407,321.4551305008565,1835.3347014620012
1785251695.7637563,CloseRe,inactive,True,20.67588908821311,306.92569985305437,399.41252518935534,1528.9207151487572
1785251695.7637563,OpenRe,inactive,True,27.099804517342125,226.62226358097303,408.2354968893738,1495.9895859683165
1785251695.7637563,CloserHybridRe,inactive,True,13.877149873473567,296.895132912445,321.0284682885191,1664.1615018544398
1785251695.7637563,FartherHybridRe,inactive,True,23.223698480529254,212.17579450360032,330.84109298257073,1616.3109885783597
1785251695.7637563,SwitchRef2,inactive,True,27.703178781944953,249.13217600170796,465.9969088494667,3530.066739041111
1785251695.7637563,SwitchRef1,inactive,True,47.35161749125546,604.3448475380375,551.1256518766941,8501.96059052783
1785251696.263594,LeftHybridRe,inactive,True,37.468187271735474,610.3873049805038,448.90543598404685,1463.2619035868702
1785251696.263594,RightHybridRe,inactive,True,44.17699119472616,685.8882824855607,462.82880120320357,1391.8060047351755
1785251696.263594,DownHybridRe,inactive,True,42.37180696184544,637.1497349370575,495.38228252287877,1416.4650265247037
1785251696.263594,UpHybridRe,inactive,True,39.90583814349595,659.6595538735486,415.88707611485756,1466.1697129566455
1785251696.263594,CloseRe,inactive,True,44.97226207752339,672.5783719292147,498.1772065874623,1260.2737639805127
1785251696.263594,OpenRe,inactive,True,39.30179094954491,602.8928382101874,486.0958661662072,1304.3205099255429
1785251696.263594,CloserHybridRe,inactive,True,43.23713546528031,694.0190069504854,427.1137302877466,1288.3591232338804
1785251696.263594,FartherHybridRe,inactive,True,36.44633392345656,622.4670713871453,412.9379976915257,1363.0730484806409
1785251696.263594,SwitchRef2,inactive,True,47.9185263369296,593.8458705985543,540.7126845704173,2933.4777778214775
1785251696.263594,SwitchRef1,inactive,True,47.35161749125546,604.3448475380375,551.1256518766941,8501.96059052783
1785251696.7636237,LeftHybridRe,inactive,True,10.008333393445994,374.26794359891153,369.21091347484986,1475.8578083892135
1785251696.7636237,RightHybridRe,inactive,True,16.606339448529667,453.9942967147723,378.4324186490168,1374.085347763612
1785251696.7636237,DownHybridRe,inactive,True,16.731378093376033,409.1236843618703,413.21942351932444,1425.2955634386308
1785251696.7636237,UpHybridRe,inactive,True,9.753049596272568,420.0402154194409,334.50168796074826,1476.3537105770665
1785251696.7636237,CloseRe,inactive,True,19.116740461705405,445.5943671466743,413.63490837230916,1234.9076453513699
1785251696.7636237,OpenRe,inactive,True,14.52108738576605,372.48266220164686,405.9141185807517,1318.2084647281736
1785251696.7636237,CloserHybridRe,inactive,True,14.435429740884787,456.9902669140022,343.2530534104652,1272.8335620741127
1785251696.7636237,FartherHybridRe,inactive,True,6.088577563933,381.12279032267844,333.7120970438328,1364.227080223318
1785251696.7636237,SwitchRef2,inactive,True,43.44062394647144,565.3159474161674,527.4748458718527,2965.289687683282
1785251696.7636237,SwitchRef1,inactive,True,47.35161749125546,604.3448475380375,551.1256518766941,8501.96059052783
1785251697.26374,LeftHybridRe,inactive,True,2.803738946292627,434.72333030047434,265.45222975735726,1564.1287691781617
1785251697.26374,RightHybridRe,inactive,True,8.67063901083182,519.0698384517315,275.03382906207287,1606.7646642854306
1785251697.26374,DownHybridRe,inactive,True,4.841239248338756,471.7044995929018,311.72748694766756,1595.548543701785
1785251697.26374,UpHybridRe,inactive,True,7.6387467458893,481.6345673224312,228.6963773487767,1633.1309738225027
1785251697.26374,CloseRe,inactive,True,8.669068918983172,510.68121197780806,312.79947687636667,1444.5132809212373
1785251697.26374,OpenRe,inactive,True,3.7048037209744766,433.4895538775946,303.6496989457807,1409.731737335096
1785251697.26374,CloserHybridRe,inactive,True,10.400694394595806,521.482015975257,237.4128690133794,1478.9333362958278
1785251697.26374,FartherHybridRe,inactive,True,6.72022374426137,441.0711357367394,228.68165794442342,1438.9833058378354
1785251697.26374,SwitchRef2,inactive,True,24.161834023250616,437.36851138250205,362.15363945984353,3228.930904457069
1785251697.26374,SwitchRef1,inactive,True,42.83744999283231,656.85653599276,533.6374846901691,7076.932797160582
1785251697.7636514,LeftHybridRe,inactive,True,12.840680893733564,356.05682022028464,260.1546747134196,1554.2481737407943
1785251697.7636514,RightHybridRe,inactive,True,20.443314570832687,436.6324849226679,267.08563025536137,1358.6625675011455
1785251697.7636514,DownHybridRe,inactive,True,19.93847559634942,392.29807519578344,302.8844532917718,1380.1298241631957
1785251697.7636514,UpHybridRe,inactive,True,13.669605512377547,402.33972865420554,223.0053970191459,1586.8592446181792
1785251697.7636514,CloseRe,inactive,True,22.685456390409936,428.2049434432335,301.99175939322225,1166.2800894650354
1785251697.7636514,OpenRe,inactive,True,17.116111045049912,355.46476093915777,297.1664094723106,1316.9623838589832
1785251697.7636514,CloserHybridRe,inactive,True,18.414265681070038,439.91096719419244,231.37164342738222,1321.1587002397137
1785251697.7636514,FartherHybridRe,inactive,True,9.539136685691034,362.0425369438588,223.10487781264175,1508.256991640621
1785251697.7636514,SwitchRef2,inactive,True,23.136531338055445,401.75626189020636,346.2993948128497,3265.6662875657057
1785251697.7636514,SwitchRef1,inactive,True,35.97555707950047,672.7944695009064,483.57689804948325,6752.562528105394
1785251698.263519,LeftHybridRe,inactive,True,12.568367372450885,327.48520421573505,243.97754108660075,1365.829001718259
1785251698.263519,RightHybridRe,inactive,True,19.61037991753389,402.82358098563736,250.50045741395675,1179.8000336089099
1785251698.263519,DownHybridRe,inactive,True,19.161023182934148,361.7242521803043,283.934955285931,1206.7685164715804
1785251698.263519,UpHybridRe,inactive,True,13.288921941902752,370.5686700934499,209.31977335012675,1384.310937246435
1785251698.263519,CloseRe,inactive,True,21.726170456137282,395.23285307831685,283.0558763476447,1014.9704372207198
1785251698.263519,OpenRe,inactive,True,16.508489362077306,327.1957165985731,278.64953337424566,1158.466462573524
1785251698.263519,CloserHybridRe,inactive,True,17.668901859427383,405.656869722574,217.22744019818413,1146.5298245292506
1785251698.263519,FartherHybridRe,inactive,True,9.5206707037133,332.86244149786353,209.29709557521647,1325.0191476998625
1785251698.263519,SwitchRef2,inactive,True,24.22158181924651,331.61360778203107,331.2742065563673,2721.4114338545405
1785251698.263519,SwitchRef1,inactive,True,23.07739381702719,627.9272509775686,438.1843426149936,5427.700490279618
1785251698.7635906,LeftHybridRe,inactive,True,12.236243368164992,278.18910142686144,266.54291595088716,1330.5701761474338
1785251698.7635906,RightHybridRe,inactive,True,20.078932007802358,351.56595090789756,261.50174571230394,1098.872718833234
1785251698.7635906,DownHybridRe,inactive,True,18.68538212058691,317.7094923581867,300.1584530124449,1165.6695168080041
1785251698.7635906,UpHybridRe,inactive,True,14.418471627940413,314.347079223081,226.75149609036083,1296.7386153311709
1785251698.7635906,CloseRe,inactive,True,21.617558090045534,349.66036974784174,294.0113037741904,960.6572707114901
1785251698.7635906,OpenRe,inactive,True,15.555279898398217,283.35673039863843,300.4905131927903,1142.970313471429
1785251698.7635906,CloserHybridRe,inactive,True,18.73118182448103,348.90571809339434,229.30950106399814,1053.5069207946508
1785251698.7635906,FartherHybridRe,inactive,True,10.260168650331169,278.0437709873433,232.1058033648872,1271.8384121747004
1785251698.7635906,SwitchRef2,inactive,True,20.490126201426985,299.6714064624341,343.7366511290638,2565.9671796760013
1785251698.7635906,SwitchRef1,inactive,True,26.94989950505484,594.8801440309478,400.8366007860426,5039.142604593493
1785251699.263541,LeftHybridRe,inactive,True,13.06915919798453,269.3139898475411,277.9621720275813,1333.3742568957205
1785251699.263541,RightHybridRe,inactive,True,21.294073217395635,341.9122487900449,270.73285512776755,1078.3639773025934
1785251699.263541,DownHybridRe,inactive,True,19.385623036635504,309.6857439018074,310.43424981968064,1163.9304323048054
1785251699.263541,UpHybridRe,inactive,True,15.96038995035525,304.0587503249694,237.2188273533526,1275.4656952156292
1785251699.263541,CloseRe,inactive,True,22.5254309264536,341.13266053058004,303.22406230456,949.9258374380515
1785251699.263541,OpenRe,inactive,True,15.971806876926975,275.4622776279283,311.90717698372373,1152.6973903163962
1785251699.263541,CloserHybridRe,inactive,True,20.229964154514892,338.2213225183827,238.83175844787672,1027.1092736896098
1785251699.263541,FartherHybridRe,inactive,True,11.678418359889482,268.19053605019553,243.51997661278665,1264.8372823849313
1785251699.263541,SwitchRef2,inactive,True,20.490126201426985,299.6714064624341,343.7366511290638,2565.9671796760013
1785251699.263541,SwitchRef1,inactive,True,30.368574740285112,576.2254916526048,422.4231345304724,4857.231803938892
1785251699.763596,LeftHybridRe,inactive,True,12.070485005223532,282.4544015427749,323.95125270131444,1210.6679595531823
1785251699.763596,RightHybridRe,inactive,True,19.10714641360393,353.16315171040037,318.52816529007185,1018.708121640353
1785251699.763596,DownHybridRe,inactive,True,18.27569725433475,320.2246842502434,355.9193290876678,1091.3366616833955
1785251699.763596,UpHybridRe,inactive,True,13.376880044030154,317.4271187553699,285.9445305971073,1168.3660134989404
1785251699.763596,CloseRe,inactive,True,20.879565306472447,351.314801298388,349.7787622388017,905.1325025146143
1785251699.763596,OpenRe,inactive,True,15.534063739679466,286.9891806739474,356.38987386490703,1061.0145448307885
1785251699.763596,CloserHybridRe,inactive,True,17.497562580936634,350.58829159460936,287.92382409996117,960.1071933019848
1785251699.763596,FartherHybridRe,inactive,True,9.639907941032689,282.75844564329304,291.3717204615031,1135.3292400293722
1785251699.763596,SwitchRef2,inactive,True,20.490126201426985,299.6714064624341,343.7366511290638,2565.9671796760013
1785251699.763596,SwitchRef1,inactive,True,30.324820162258153,586.8681785351573,452.0101691409447,4723.6259863032465
