timestamp,button_id,state,in_frame,surface_angle_deg,center_x,center_y,apparent_area
1785341118.404732,LeftHybrid,inactive,True,19.104789877835614,354.36407995619663,456.83983437061363,3210.6600837703154
1785341118.404732,RightHybrid,inactive,True,19.7348354310232,476.30378676830355,456.62888287079284,3210.376468534494
1785341118.404732,DownHybrid,inactive,True,24.779415238357476,415.3376670564574,515.8210274792391,3205.6228604284406
1785341118.404732,UpHybrid,inactive,True,10.649430126501843,415.3297698157663,397.5713019415431,3375.5861474907288
1785341118.404732,Close,inactive,True,25.25923431254256,470.79642726478664,510.5470685752679,2869.5844919486844
1785341118.404732,Open,inactive,True,24.871040374463057,359.36312478017845,510.6712518297132,2864.460542014145
1785341118.404732,CloserHybrid,inactive,True,14.013852768285718,473.531433090372,403.40571903563153,2995.6299876847334
1785341118.404732,FartherHybrid,inactive,True,13.083867325999407,357.0889352868386,403.6383385401705,2999.2125318361286
1785341118.404732,SwitchRef1,inactive,True,17.25988774800394,536.7398026621474,299.0517525041849,14218.897533937932
1785341118.9047284,LeftHybrid,inactive,True,20.50272648757623,348.77240375880086,456.1638860535912,3220.3688627723604
1785341118.9047284,RightHybrid,inactive,True,20.18912355004444,471.63003071957144,456.02849997147257,3257.6691447274206
1785341118.9047284,DownHybrid,inactive,True,25.760677476649303,410.35338606307454,515.1188502703333,3208.2333328337845
1785341118.9047284,UpHybrid,inactive,True,11.580065314095059,409.8104845245276,396.6984119046262,3433.381866043972
1785341118.9047284,Close,inactive,True,25.91484642029464,466.1713792565387,509.9687939437591,2887.003805863191
1785341118.9047284,Open,inactive,True,26.130670816207626,354.164044806796,509.872245951233,2853.7981161115895
1785341118.9047284,CloserHybrid,inactive,True,14.158837636728002,468.7285707606062,402.51593574633335,3062.724804707599
1785341118.9047284,FartherHybrid,inactive,True,14.618232477412796,351.141057832187,402.85410896066895,3030.0658968482603
1785341118.9047284,SwitchRef1,hovered,True,16.551505372232103,531.0336457743475,298.4243534008104,14263.8632943384
1785341119.4050426,LeftHybrid,inactive,True,18.894404070729014,348.7212730648222,456.2733592188596,3193.817809497603
1785341119.4050426,RightHybrid,inactive,True,18.857504455243365,470.30518860877714,455.6907520710613,3207.3077307398344
1785341119.4050426,DownHybrid,inactive,True,24.210411440440918,409.79208078005576,515.1223752952806,3206.702310693523
1785341119.4050426,UpHybrid,inactive,True,10.048814661666954,409.1430900975084,396.89671598522295,3352.9092070771003
1785341119.4050426,Close,inactive,True,24.496758473390916,465.15399527529496,509.6853289230763,2873.9494954662805
1785341119.4050426,Open,inactive,True,24.535598270393233,353.9322729545697,510.1176613197048,2860.6235551826394
1785341119.4050426,CloserHybrid,inactive,True,13.01798550304682,467.19758643530565,402.5138949619885,2983.7071099490277
1785341119.4050426,FartherHybrid,inactive,True,13.072792287445337,351.21569335613697,403.1558024468883,2972.6661311578137
1785341119.4050426,SwitchRef1,active,True,16.305030188222705,529.9770531906959,298.2091898437233,14249.384067140498
1785341119.9047542,LeftHybrid,inactive,True,17.425401175342646,348.4731787048863,456.1444625070716,3245.694373582286
1785341119.9047542,RightHybrid,inactive,True,18.863494322447796,469.8966615893991,455.02789775442943,3171.150874805782
1785341119.9047542,DownHybrid,inactive,True,23.437377260072964,409.42461839216924,515.0584918379637,3233.9980333013664
1785341119.9047542,UpHybrid,inactive,True,9.340351224965486,409.39413738796134,396.3927160780483,3340.0235288522963
1785341119.9047542,Close,inactive,True,24.214743001982168,464.61541864474265,509.1257157069721,2860.7890898650367
1785341119.9047542,Open,inactive,True,23.317048043232532,353.33732995249295,510.4835528017144,2921.2623953421135
1785341119.9047542,CloserHybrid,inactive,True,13.468228374418748,466.9908834566881,401.9825383586942,2934.562444768322
1785341119.9047542,FartherHybrid,inactive,True,11.317305465397004,351.36788340174564,402.6858894175364,3002.431560860481
1785341119.9047542,SwitchRef1,active,True,16.350076314519363,529.7341397926181,297.7384642233662,14289.119000294886
1785341120.4048278,LeftHybrid,inactive,True,19.133501230203027,347.800348415541,455.5116099661676,3241.436896737927
1785341120.4048278,RightHybrid,inactive,True,19.289837201555155,470.32754911873036,455.68168895916074,3245.480061319322
1785341120.4048278,DownHybrid,inactive,True,24.58646600865463,408.9357612573833,515.0195792173126,3240.2182523088995
1785341120.4048278,UpHybrid,inactive,True,10.339534031688636,409.1594460844334,396.11741832378897,3408.2007022923644
1785341120.4048278,Close,inactive,True,24.92893847770834,464.6926766253048,509.8812772464737,2900.4956426883873
1785341120.4048278,Open,inactive,True,24.844473338321798,352.7054979036963,509.668280885831,2894.7124183685955
1785341120.4048278,CloserHybrid,inactive,True,13.441804727622923,467.64089416607163,402.16142943659816,3027.3589046520647
1785341120.4048278,FartherHybrid,inactive,True,13.209900330763283,350.6614439705408,402.03872371407346,3025.0577675356762
1785341120.4048278,SwitchRef1,active,True,16.61871802890552,529.9741696522607,297.70678622868365,14234.019316820406
1785341120.9047472,LeftHybrid,inactive,True,18.319093203028157,348.12550199763837,456.13118974502646,3240.3859375565225
1785341120.9047472,RightHybrid,inactive,True,19.114166809200277,470.0225212005084,455.1998713508386,3201.2281618201814
1785341120.9047472,DownHybrid,inactive,True,24.052594245816273,409.33206468321316,515.0502455584935,3230.899348292747
1785341120.9047472,UpHybrid,inactive,True,9.870172533709445,409.04778665387965,396.3793015275198,3369.8946368570178
1785341120.9047472,Close,inactive,True,24.61050182846322,464.73820122589296,509.3019494762682,2873.443284459223
1785341120.9047472,Open,inactive,True,24.119695608026063,353.18848881671784,510.3135965221784,2904.1351602504437
1785341120.9047472,CloserHybrid,inactive,True,13.483874090655355,467.0642769208134,401.98318138120214,2975.337133909008
1785341120.9047472,FartherHybrid,inactive,True,12.300133894965002,350.82582105478167,402.6904452617585,3011.679154012658
1785341120.9047472,SwitchRef1,active,True,16.61755081854754,529.8365021868076,298.0866623254769,14254.931454421785
1785341121.4047945,LeftHybrid,inactive,True,18.188090222842725,348.33090256831656,456.1101044088409,3231.870113447454
1785341121.4047945,RightHybrid,inactive,True,18.92179969182485,470.0582315495953,455.20900540460184,3197.4532376220886
1785341121.4047945,DownHybrid,inactive,True,23.879807985178545,409.4575644187827,515.0361880126453,3228.735033095014
1785341121.4047945,UpHybrid,hovered,True,9.699899050261113,409.1346121003254,396.42806574787176,3359.211016572357
1785341121.4047945,Close,inactive,True,24.423298308742993,464.8168806065899,509.31237117473046,2873.282837706909
1785341121.4047945,Open,inactive,True,23.97203085005589,353.3819780229558,510.27325452277944,2900.0166003287595
1785341121.4047945,CloserHybrid,inactive,True,13.294222362133672,467.06462192877757,402.0270793413717,2968.3407770725025
1785341121.4047945,FartherHybrid,inactive,True,12.200067172359619,351.0294638699987,402.72923634660555,3000.386927199128
1785341121.4047945,SwitchRef1,active,True,16.44218185443111,529.8666054134403,297.9709050422539,14207.625669638146
1785341121.9048665,LeftHybrid,inactive,True,18.91137386489297,348.045780483724,455.9320171888021,3232.4727997739246
1785341121.9048665,RightHybrid,inactive,True,19.10869008821441,470.2716235864162,455.3569772756814,3230.613946314581
1785341121.9048665,DownHybrid,inactive,True,24.3687900471105,409.37600311238697,515.0236719750321,3233.615840887869
1785341121.9048665,UpHybrid,hovered,True,10.14160436842987,408.94414274379454,396.2711920150362,3389.941715934663
1785341121.9048665,Close,inactive,True,24.729511940778313,464.9791714676851,509.53193038106633,2891.719303259044
1785341121.9048665,Open,inactive,True,24.61907843688464,353.212767845804,510.03323193218523,2891.2278987910686
1785341121.9048665,CloserHybrid,inactive,True,13.294686651291027,467.2718214820623,401.9622378755704,3009.117348177475
1785341121.9048665,FartherHybrid,inactive,True,13.001536211518484,350.63540783472473,402.5190952004613,3011.8983768823964
1785341121.9048665,SwitchRef1,hovered,True,16.27441387962872,529.9717893774258,298.50251731078583,14193.217506004745
1785341122.40475,LeftHybrid,inactive,True,17.374658943200625,348.5561767384608,455.8271282930744,3212.1968943413667
1785341122.40475,RightHybrid,inactive,True,17.976461680728796,469.7326100923131,455.4272948886296,3189.6845583116665
1785341122.40475,DownHybrid,inactive,True,22.94408298662643,409.21612229227475,515.1476178660954,3237.198532803508
1785341122.40475,UpHybrid,hovered,True,8.75275280728651,409.20233014945944,396.51100118873944,3321.597427646906
1785341122.40475,Close,inactive,True,23.47727226085282,464.480106006358,509.66005057802437,2884.737228709666
1785341122.40475,Open,inactive,True,23.11259180245043,353.32513351945005,510.10301272433117,2901.4709791475907
1785341122.40475,CloserHybrid,inactive,True,12.412866705283319,466.77292499386147,402.29653057392426,2942.1133350377204
1785341122.40475,FartherHybrid,hovered,True,11.506549429010867,351.49206395255607,402.5809601957659,2963.3776739524255
1785341122.40475,SwitchRef1,inactive,True,16.566546725116222,530.0847369601115,298.3289027649381,14241.504228525824
1785341122.9047875,LeftHybrid,inactive,True,19.334407090304527,340.9202429815041,455.0056858696163,3168.8475347831118
1785341122.9047875,RightHybrid,inactive,True,17.897208288487622,462.3924400957931,454.9117638252825,3233.0656946901
1785341122.9047875,DownHybrid,inactive,True,23.93121249269385,401.91804992680466,514.1912129829639,3212.3880148319004
1785341122.9047875,UpHybrid,inactive,True,9.859352689257925,400.9851971013091,395.8455960857559,3346.6085670534376
1785341122.9047875,Close,inactive,True,23.779144053706176,457.3779897075277,509.0702263363911,2897.9270442951965
1785341122.9047875,Open,inactive,True,24.71043734935462,346.19945416423496,508.84803528477397,2846.157792573358
1785341122.9047875,CloserHybrid,inactive,True,11.756341560750037,459.12395529892865,401.57725837114685,3002.871560413201
1785341122.9047875,FartherHybrid,inactive,True,13.893462908895456,343.3160548534334,401.99257090663536,2943.6390006003494
1785341122.9047875,SwitchRef1,inactive,True,14.761374094250641,521.4743540049872,297.52697732703825,14214.511042674756
1785341123.4047322,LeftHybrid,inactive,True,20.96703613357437,340.8057770649461,454.95386600702057,3204.588783054889
1785341123.4047322,RightHybrid,inactive,True,19.783710766215165,463.57555414972364,454.8546334476646,3263.7653879676946
1785341123.4047322,DownHybrid,inactive,True,25.785477245170426,402.4846006237136,513.8629879787145,3200.289603073048
1785341123.4047322,UpHybrid,inactive,True,11.669570416252963,401.51405254007364,395.5361472467613,3430.5949921570864
1785341123.4047322,Close,inactive,True,25.657899190816035,458.28864323965115,508.76636251022273,2886.801035223616
1785341123.4047322,Open,inactive,True,26.432569262576276,346.3874059888266,508.57667644791854,2839.8468249253056
1785341123.4047322,CloserHybrid,inactive,True,13.565807267936314,460.5002971097731,401.3250781688823,3071.643861725097
1785341123.4047322,FartherHybrid,inactive,True,15.296381714103358,342.9755739200794,401.7202311271197,3016.063073607249
1785341123.4047322,SwitchRef1,inactive,True,14.92268340643297,522.3115554839492,297.67061568698296,14213.059485982682
1785341123.9047055,LeftHybrid,inactive,True,18.967029127183842,339.84308326430596,454.94000197036473,3200.75593678272
1785341123.9047055,RightHybrid,inactive,True,18.658506565683822,461.38392304824004,454.70305568554056,3194.266110974204
1785341123.9047055,DownHybrid,inactive,True,24.145173759859972,400.6935489659496,513.9181700870779,3201.785822664082
1785341123.9047055,UpHybrid,inactive,True,9.98053468423623,400.5581858688249,395.7585934607739,3350.885671693759
1785341123.9047055,Close,inactive,True,24.347744544776308,456.0019884392102,508.57215353941416,2859.188374732941
1785341123.9047055,Open,inactive,True,24.559790775123663,344.833251978394,508.83156465422246,2866.6103725852736
1785341123.9047055,CloserHybrid,hovered,True,12.75745853065273,458.53004259298234,401.6010635166658,2974.1392365638603
1785341123.9047055,FartherHybrid,inactive,True,13.21605576339313,342.5782443920504,401.79316548511355,2978.4509440740585
1785341123.9047055,SwitchRef1,inactive,True,14.473626755886334,520.7622115389456,297.2819609535145,14159.264175461089
1785341124.404821,LeftHybrid,inactive,True,20.645873860497954,338.76710791915957,454.2155240257352,3216.2171909554454
1785341124.404821,RightHybrid,inactive,True,19.77325945229663,461.4461719338276,453.73806151113956,3243.73635519667
1785341124.404821,DownHybrid,inactive,True,25.617299423572362,400.46547691797394,512.9080797160346,3196.9568800892157
1785341124.404821,UpHybrid,inactive,True,11.461527517893035,399.55878358385195,394.64546305668443,3424.865556601173
1785341124.404821,Close,inactive,True,25.59595786863786,456.15654236168416,507.560060936864,2870.167266420438
1785341124.404821,Open,inactive,True,26.17048452069831,344.32648874333125,507.87956464647993,2850.206824364883
1785341124.404821,CloserHybrid,inactive,True,13.627610349907457,458.4055597649717,400.33321582010984,3052.3870800188743
1785341124.404821,FartherHybrid,inactive,True,14.906861408556596,340.98063986431794,400.9255206058726,3025.146518598085
1785341124.404821,SwitchRef1,inactive,True,14.81493882745497,519.8984052413689,296.39137181518157,14214.502341405154
1785341124.9048069,LeftHybrid,inactive,True,18.67841199412594,339.2747335475958,455.13179124404974,3236.7296902378876
1785341124.9048069,RightHybrid,hovered,True,18.764622987094903,461.1974642404539,454.22599870131984,3201.677823864302
1785341124.9048069,DownHybrid,inactive,True,24.062130140475393,400.5419508235007,514.0002345565698,3225.4567557199334
1785341124.9048069,UpHybrid,inactive,True,9.839560983357817,400.1296963714049,395.4124531140731,3371.5856453089946
1785341124.9048069,Close,inactive,True,24.396826179357536,455.94902226330345,508.2570549788628,2868.1943302064756
1785341124.9048069,Open,inactive,True,24.35746326291253,344.41071987283107,509.27325315157543,2899.87392978539
1785341124.9048069,CloserHybrid,inactive,True,12.952478562814916,458.20838274834716,401.0291132961831,2979.8417660142586
1785341124.9048069,FartherHybrid,inactive,True,12.824027998857083,341.91300238530556,401.7128457020058,3009.6231230940175
1785341124.9048069,SwitchRef1,inactive,True,14.477533756478582,520.4824908400991,297.21521144855734,14149.772558294491
1785341125.4048097,LeftHybrid,inactive,True,19.25858245559497,338.7626200908252,455.05987171697495,3193.1747628213634
1785341125.4048097,RightHybrid,active,True,18.537098094225364,460.3593797077201,454.64475834594026,3205.809744267317
1785341125.4048097,DownHybrid,inactive,True,24.23327523780564,399.8081010648181,513.9476312469144,3202.074104326137
1785341125.4048097,UpHybrid,inactive,True,10.091141402193779,399.21951304964176,395.77107495215535,3354.75194891874
1785341125.4048097,Close,inactive,True,24.300906843319954,455.1627177339445,508.5640454079127,2867.0904211431916
1785341125.4048097,Open,inactive,True,24.77645608297242,343.96048990575144,508.90040401750133,2859.3428319099767
1785341125.4048097,CloserHybrid,inactive,True,12.532812200162828,457.30625315512043,401.48419558444755,2986.3327304109553
1785341125.4048097,FartherHybrid,inactive,True,13.603829562512686,341.283893668158,401.94001442776454,2972.8789876120645
1785341125.4048097,SwitchRef1,inactive,True,14.227437599442466,519.6332079137798,297.4259947650967,14124.039489423543
1785341125.9047213,LeftHybrid,inactive,True,19.166603243950863,339.60827304279246,455.42400936035904,3277.767772151681
1785341125.9047213,RightHybrid,hovered,True,19.55603117514787,462.3295872913932,453.5909698825762,3221.667268987876
1785341125.9047213,DownHybrid,inactive,True,24.748484564341876,401.64432130228255,513.8992060398136,3239.1641799317877
1785341125.9047213,UpHybrid,inactive,True,10.489004590996482,400.61971581212634,394.97239150349753,3421.559761610639
1785341125.9047213,Close,inactive,True,25.161256892448993,457.2494716966682,507.6855348397612,2872.652364452355
1785341125.9047213,Open,inactive,True,24.927947163875317,345.1523547140927,509.64883004682895,2921.6476838283997
1785341125.9047213,CloserHybrid,inactive,True,13.746536320054458,459.1392085957615,400.23456094256005,3013.1092850696004
1785341125.9047213,FartherHybrid,inactive,True,13.169532243280855,341.906034129933,401.6996269244826,3062.12691541855
1785341125.9047213,SwitchRef1,inactive,True,14.682799945901637,520.5681399176992,296.4987292935339,14181.811568382982
1785341126.40464,LeftHybrid,inactive,True,16.922817562941443,340.7516412806199,454.770058087586,3231.9148377994134
1785341126.40464,RightHybrid,active,True,16.59105380106105,462.18300057625447,453.6781522639461,3223.6953149552864
1785341126.40464,DownHybrid,inactive,True,21.979927997094574,401.95004097777354,514.2334177189507,3284.5649660749186
1785341126.40464,UpHybrid,inactive,True,7.66651128234098,401.0242593974902,394.85352161536656,3328.2929587402177
1785341126.40464,Close,inactive,True,22.26589258999617,457.42945846319594,508.38855920936646,2929.623835366161
1785341126.40464,Open,inactive,True,22.491176755164027,345.83737800421414,509.4445378413752,2938.8015975964663
1785341126.40464,CloserHybrid,inactive,True,10.880199249965518,458.71065732956043,400.3015999402634,2957.180340176943
1785341126.40464,FartherHybrid,inactive,True,11.386297961536718,343.39966133193946,401.2959928854725,2962.891794698284
1785341126.40464,SwitchRef1,inactive,True,14.479697128464261,521.2991929499813,296.7624903742702,14097.870137832084
1785341126.9047341,LeftHybrid,inactive,True,17.71006904291418,342.6490246991729,455.54421198208456,3244.0698409094184
1785341126.9047341,RightHybrid,active,True,18.611226567429295,464.10415612416375,453.262441427371,3169.3636732782034
1785341126.9047341,DownHybrid,inactive,True,23.462223945279952,404.2135347261853,513.7859236644774,3226.9229080627993
1785341126.9047341,UpHybrid,inactive,True,9.286854721216953,402.9864634313918,395.2346117615121,3343.0249746674963
1785341126.9047341,Close,inactive,True,24.072234404245833,459.3404588333955,507.31434684777594,2852.8352724971774
1785341126.9047341,Open,inactive,True,23.516043143403294,348.08624299566316,509.7787214810745,2916.9305163824756
1785341126.9047341,CloserHybrid,inactive,True,13.067571968457823,460.69510423937635,400.2809469704732,2937.855735191464
1785341126.9047341,FartherHybrid,inactive,True,11.717982077514892,344.9920170991124,402.0774894659363,3003.674287476322
1785341126.9047341,SwitchRef1,inactive,True,14.383880659329094,521.0653683553958,297.2334692000328,14125.021900649466
1785341127.4047585,LeftHybrid,inactive,True,14.681159068619516,346.6126403951381,455.9015800384839,3277.4167460288154
1785341127.4047585,RightHybrid,active,True,17.594053057500783,467.04561470954513,452.4936279074151,3117.245347289703
1785341127.4047585,DownHybrid,inactive,True,21.26454003737066,408.0722338114704,514.2072916509624,3275.1312040248013
1785341127.4047585,UpHybrid,inactive,True,7.513957614394378,406.5632025956904,395.0618394457609,3272.08523576663
1785341127.4047585,Close,inactive,True,22.570689348398492,462.7876402663101,506.93406586598155,2857.3592727195355
1785341127.4047585,Open,inactive,True,20.75984023472271,351.88680875291163,510.87031024683506,2994.762273779954
1785341127.4047585,CloserHybrid,inactive,True,12.893250508428462,463.2673953395002,399.7680651126345,2843.057478750183
1785341127.4047585,FartherHybrid,inactive,True,8.454346437538511,349.1252292458581,402.1942743680552,2983.148550073158
1785341127.4047585,SwitchRef1,inactive,True,14.76421977204022,521.3102667751888,297.4469692838133,14138.860343264772
1785341127.904914,LeftHybrid,inactive,True,12.275855676688803,351.74162635451654,456.8148799958932,3285.7566088741733
1785341127.904914,RightHybrid,active,True,19.1231156071832,469.6801286039082,451.4228306581965,2952.698807794164
1785341127.904914,DownHybrid,inactive,True,20.5800449584797,412.73740107124814,513.9984481479815,3233.115967423015
1785341127.904914,UpHybrid,inactive,True,9.191876444310854,410.7391698296263,395.53451975008744,3144.5506073395954
1785341127.904914,Close,inactive,True,23.07827715017204,466.03607008398336,505.388544794684,2746.164494925528
1785341127.904914,Open,inactive,True,18.714975822975084,357.01665408723005,512.0790634526036,3035.191472801889
1785341127.904914,CloserHybrid,inactive,True,15.72773936797052,465.60288228548916,399.6990232018697,2663.390537102343
1785341127.904914,FartherHybrid,inactive,True,5.739419494241597,354.2334555844873,403.0933846273533,2950.8421008637742
1785341127.904914,SwitchRef1,inactive,True,14.782816143005967,521.5678576354677,297.19652513898563,14156.218862339454
1785341128.4047415,LeftHybrid,inactive,True,13.170785390118759,362.6020873902159,483.19204701789437,3145.6924122152705
1785341128.4047415,RightHybrid,hovered,True,22.181043200054365,475.00810140183853,476.3951698448127,2700.0334664298716
1785341128.4047415,DownHybrid,inactive,True,22.129219541555415,421.3042706918078,538.8939997559618,3101.4956308780093
1785341128.4047415,UpHybrid,inactive,True,13.22874789894201,419.13023300904825,422.7587964767615,2881.685027391097
1785341128.4047415,Close,inactive,True,25.275133400088148,472.0387452080484,529.3638875988236,2577.830374215773
1785341128.4047415,Open,inactive,True,19.153126949320825,367.48549649323644,538.0945090975533,2976.6272987005505
1785341128.4047415,CloserHybrid,inactive,True,19.511207294243686,470.7896309293717,426.40478646547405,2394.9187080587
1785341128.4047415,FartherHybrid,inactive,True,7.9920597992248625,365.1876109133531,430.4526318535766,2771.78351863056
1785341128.4047415,SwitchRef1,inactive,True,14.70118136133859,525.3413077760824,328.94952268604425,13551.00785386264
1785341128.904815,LeftHybrid,hovered,True,12.640870713925295,363.35399558351133,457.2157783210346,3317.6631392881827
1785341128.904815,RightHybrid,inactive,True,24.54972000676684,476.3268965373994,451.194867353896,2688.777536933165
1785341128.904815,DownHybrid,inactive,True,22.466886837946454,422.57394684805377,514.4832700237405,3175.504724750979
1785341128.904815,UpHybrid,inactive,True,16.467773431642062,420.9709154026615,396.0292663491069,2935.415504809571
1785341128.904815,Close,inactive,True,26.668136810877648,473.1951172887045,504.75116850606895,2569.7282316215715
1785341128.904815,Open,inactive,True,18.10012064657529,367.9934289811523,513.7489895264805,3129.8751408704557
1785341128.904815,CloserHybrid,inactive,True,22.97281010872849,472.3006341648106,400.64863413388946,2376.345398802863
1785341128.904815,FartherHybrid,inactive,True,9.72046548647986,366.37582510768044,403.00164920122495,2903.6699333623183
1785341128.904815,SwitchRef1,inactive,True,15.862048022461433,528.0765325020308,299.91583805058343,14126.135330702855
1785341129.4047437,LeftHybrid,hovered,True,12.862444764824374,368.36269690902236,456.09763460183865,3297.121941008809
1785341129.4047437,RightHybrid,inactive,True,24.44162171387755,481.6830040315314,451.2649759737949,2709.179423156762
1785341129.4047437,DownHybrid,inactive,True,22.66030050515088,427.0135952217235,513.7804869494494,3160.8581842972344
1785341129.4047437,UpHybrid,inactive,True,16.152359343576556,426.63413216704765,395.5274163798194,2953.4737677727244
1785341129.4047437,Close,inactive,True,26.723382063833036,477.89528597193464,504.737233517115,2576.6259554299613
1785341129.4047437,Open,inactive,True,18.476675385213476,372.4983797760424,512.3427440109745,3093.0902241874574
1785341129.4047437,CloserHybrid,inactive,True,22.68361357013198,478.22166218720855,400.5801808595443,2404.041464296679
1785341129.4047437,FartherHybrid,inactive,True,9.509455949334619,371.8458782632795,402.0541680502681,2902.2589643556057
1785341129.4047437,SwitchRef1,inactive,True,16.9340022648213,533.9683059811817,299.8775733605658,14109.954670454608
1785341129.9049146,LeftHybrid,active,True,14.526210929686798,372.1120414424822,450.1442229823094,3313.709658161446
1785341129.9049146,RightHybrid,inactive,True,26.15514907539028,485.0202752538563,444.5033991457169,2672.719185946262
1785341129.9049146,DownHybrid,inactive,True,24.31779415539432,430.67097161068875,507.1464043081059,3111.3827287369495
1785341129.9049146,UpHybrid,inactive,True,17.84073344823954,430.3816079623693,388.9920811075846,2968.325906667873
1785341129.9049146,Close,inactive,True,28.400862152322926,481.07888731608,497.6736821117172,2517.67046328196
1785341129.9049146,Open,inactive,True,20.003582318382456,376.38008498976706,506.278472069081,3071.9297730678227
1785341129.9049146,CloserHybrid,inactive,True,24.34445928100112,481.7560262987421,393.8615867934001,2392.819734352539
1785341129.9049146,FartherHybrid,inactive,True,11.234550566629583,375.48254901491134,395.8040938949756,2942.831905737512
1785341129.9049146,SwitchRef1,inactive,True,17.605620034494102,538.640744055846,293.21459329307083,14144.501486287052
1785341130.4048493,LeftHybrid,active,True,15.072120206687067,386.9328546672655,452.1124854869096,3347.3641502766986
1785341130.4048493,RightHybrid,inactive,True,26.606414916403743,500.8852000681309,446.7858714295028,2741.903767342199
1785341130.4048493,DownHybrid,inactive,True,24.88595947634013,445.8487776481037,509.7718859731184,3163.7573233585717
1785341130.4048493,UpHybrid,inactive,True,18.171300416007465,445.64562968936457,390.5866281849024,3027.7236505887704
1785341130.4048493,Close,inactive,True,28.92271043682398,496.8316022358669,500.5409244770932,2582.158833246169
1785341130.4048493,Open,inactive,True,20.612027405523133,391.1988725974763,508.5451183043625,3096.9194885644974
1785341130.4048493,CloserHybrid,inactive,True,24.69894440880968,497.6184861596961,395.53369569862605,2456.130272531489
1785341130.4048493,FartherHybrid,inactive,True,11.601138910631445,390.3122293633129,397.4291598206736,2981.4795495372673
1785341130.4048493,SwitchRef1,inactive,True,21.152875107877474,554.8636545752141,293.79306375634684,14383.625621211322
1785341130.9048214,LeftHybrid,active,True,14.203605177989417,378.91633932826016,453.0258361386418,3323.4498689270404
1785341130.9048214,RightHybrid,inactive,True,23.532279947357175,495.99565278342675,448.366149032297,2889.2643835262134
1785341130.9048214,DownHybrid,inactive,True,23.574808857784895,438.78894075205886,510.5505204300863,3188.347958616112
1785341130.9048214,UpHybrid,inactive,True,14.079005291110116,438.7782354474432,391.7946807178449,3150.1709060946014
1785341130.9048214,Close,inactive,True,26.802841852811117,491.41958357975966,502.12812185098267,2675.591863922513
1785341130.9048214,Open,inactive,True,20.511307379354587,383.39817718367084,508.51356560919834,3034.9480346537457
1785341130.9048214,CloserHybrid,inactive,True,20.67223619089998,492.91488525807165,396.5948233977773,2622.205685264067
1785341130.9048214,FartherHybrid,inactive,True,8.64501215347789,382.15802675635933,398.8203772630919,3008.3683911375265
1785341130.9048214,SwitchRef1,inactive,True,20.178509638458905,550.3289759549037,295.45229609390674,14357.078676959587
1785341131.4047801,LeftHybrid,active,True,14.516205958881853,370.2458855091764,451.107343287813,3311.58008656773
1785341131.4047801,RightHybrid,inactive,True,21.41603946191681,489.6582766965831,448.9502287238058,3016.1729529854783
1785341131.4047801,DownHybrid,inactive,True,22.99903560889358,430.14781300010793,509.7688077723871,3218.6333814981917
1785341131.4047801,UpHybrid,inactive,True,11.360527607956671,431.5560718557098,390.927214156799,3249.4602815932158
1785341131.4047801,Close,inactive,True,25.460851371125532,484.1096959185092,502.84204829353735,2759.705460906436
1785341131.4047801,Open,inactive,True,20.98552196884597,374.27422865134434,506.17763251746044,2998.425240868659
1785341131.4047801,CloserHybrid,inactive,True,17.717834345292683,487.2728388220072,396.55884949590416,2761.726006171739
1785341131.4047801,FartherHybrid,inactive,True,7.979612256397032,373.97795525323136,397.1547976651982,3029.504205302219
1785341131.4047801,SwitchRef1,inactive,True,19.0748339122298,546.0629169631634,294.70592771487594,14239.432665972847
1785341131.9046767,LeftHybrid,hovered,True,16.07771221829866,362.3934521960519,450.3852641882977,3283.16751140618
1785341131.9046767,RightHybrid,inactive,True,19.885487103882763,483.5928776519149,448.99554197905854,3133.251945101554
1785341131.9046767,DownHybrid,inactive,True,23.223284325997305,423.0984831149254,509.2477721457106,3231.723890702633
1785341131.9046767,UpHybrid,inactive,True,9.745142925428228,423.80224517304583,390.3915101305112,3336.0236325102014
1785341131.9046767,Close,inactive,True,24.73879050600582,478.0354040305419,503.04101279322856,2831.0024608649546
1785341131.9046767,Open,inactive,True,22.326430709628987,366.93953566679346,504.9496433306442,2947.729510129415
1785341131.9046767,CloserHybrid,inactive,True,15.17756770084018,481.00290753991624,396.04879264288166,2896.379717805161
1785341131.9046767,FartherHybrid,inactive,True,9.537947460130603,365.6309978591274,396.65912347086925,3035.8617733811698
1785341131.9046767,SwitchRef1,inactive,True,18.700817026112727,542.7623048429514,293.8442988464344,14287.381887242052
1785341132.4046745,LeftHybrid,hovered,True,16.477362291236844,354.2644666647172,448.76910639557195,3241.203924224421
1785341132.4046745,RightHybrid,inactive,True,17.848661865306042,475.88469237399124,449.6940838649309,3210.0626455740567
1785341132.4046745,DownHybrid,inactive,True,22.420212969528173,414.4534878759531,508.9723453062553,3258.067221892503
1785341132.4046745,UpHybrid,inactive,True,8.175815141100632,415.8755208947485,389.8544631186361,3347.56896009887
1785341132.4046745,Close,inactive,True,23.221403611619216,469.95286982269005,504.0700930321932,2901.1655984894605
1785341132.4046745,Open,inactive,True,22.375044249968084,358.4064756889136,503.3011997233865,2921.487439753939
1785341132.4046745,CloserHybrid,inactive,True,12.528992305509735,473.54680256527945,396.3191368608885,2959.993465541178
1785341132.4046745,FartherHybrid,inactive,True,10.448017773742864,357.84880806975707,395.31639585432504,2991.1687840060986
1785341132.4046745,SwitchRef1,inactive,True,17.583692451341864,536.4837030452005,292.68377603128465,14239.564898124918
1785341132.904733,LeftHybrid,inactive,True,17.598186872493674,356.5032128391315,450.94379324246665,3234.3436407764093
1785341132.904733,RightHybrid,inactive,True,19.266110717604064,478.16362062288795,450.56112863722717,3183.562139073896
1785341132.904733,DownHybrid,inactive,True,23.749986755770497,417.24298670082175,510.0068914711201,3213.7097037271596
1785341132.904733,UpHybrid,inactive,True,9.65014136374648,417.73174144189784,391.5382828842892,3359.583455805172
1785341132.904733,Close,inactive,True,24.591753424474447,472.52909766716414,504.51873132744294,2855.3384160604037
1785341132.904733,Open,inactive,True,23.546627258681134,361.22571016776226,505.03856585680995,2891.3178540766967
1785341132.904733,CloserHybrid,inactive,True,13.890988184094416,475.556726187234,397.42528096997745,2959.508206263563
1785341132.904733,FartherHybrid,inactive,True,11.40347016785223,359.5272175116359,397.5698092305465,3009.1187198542175
1785341132.904733,SwitchRef1,inactive,True,18.10305649108896,538.9600866578078,293.69006137430944,14323.625792295912
1785341133.4048915,LeftHybrid,inactive,True,19.286327079115274,356.72233555838346,451.0633285332693,3229.2841170844476
1785341133.4048915,RightHybrid,inactive,True,19.72250551619711,479.4502916087761,450.98341476490674,3253.5126173813333
1785341133.4048915,DownHybrid,inactive,True,24.901619031258278,418.0922701276551,510.19411114379466,3217.3119122874195
1785341133.4048915,UpHybrid,inactive,True,10.633711763163598,417.9279421744655,391.55612357585676,3425.3137131140393
1785341133.4048915,Close,inactive,True,25.32540104197567,473.8774175003093,505.0451419367291,2890.969659579059
1785341133.4048915,Open,inactive,True,25.06204866149247,361.899405052249,504.91847232604056,2864.604253508878
1785341133.4048915,CloserHybrid,inactive,True,13.908883055038253,476.6597638401711,397.4351159206522,3048.9782561490574
1785341133.4048915,FartherHybrid,inactive,True,13.263379773300779,359.30351944291215,397.6725679960929,3030.934284006071
1785341133.4048915,SwitchRef1,inactive,True,18.338357515618153,539.7701072842027,293.89472667856063,14305.75907334734
1785341133.9047408,LeftHybrid,inactive,True,17.921526896761637,357.0916771180201,454.1516655608252,3267.7456058868847
1785341133.9047408,RightHybrid,inactive,True,20.303199423643985,479.01147125890304,453.4512204034095,3171.551393567308
1785341133.9047408,DownHybrid,inactive,True,24.44690376901753,417.92426706895975,513.0871682227087,3218.7729293506127
1785341133.9047408,UpHybrid,inactive,True,10.532744164815897,418.76850807045486,394.4882931323001,3377.978605290613
1785341133.9047408,Close,inactive,True,25.487541449753063,473.19773913238464,507.34782896613405,2842.2277596726635
1785341133.9047408,Open,inactive,True,23.978982085429443,361.71738789686583,508.373243126956,2915.250751507512
1785341133.9047408,CloserHybrid,inactive,True,15.063647084998255,476.6052529956364,400.3462020316957,2954.815533790068
1785341133.9047408,FartherHybrid,inactive,True,11.551508671708747,360.25517220861286,400.5670879706802,3046.095559396701
1785341133.9047408,SwitchRef1,inactive,True,17.937466752349902,539.8866248374127,296.96949908194307,14261.434743858932
1785341134.4047813,LeftHybrid,inactive,True,17.5726911260738,357.21614322693745,452.4519517420012,3293.490803595356
1785341134.4047813,RightHybrid,inactive,True,19.42430492828708,479.9123306875339,452.5588265612297,3238.9816275945777
1785341134.4047813,DownHybrid,inactive,True,23.843229376139067,418.2182607904485,512.335068371332,3275.666659134484
1785341134.4047813,UpHybrid,inactive,True,9.673736107137184,419.23979546245516,392.766389243592,3416.352320129663
1785341134.4047813,Close,inactive,True,24.745947024078408,474.00977476143834,507.01331472492564,2909.6863508659444
1785341134.4047813,Open,inactive,True,23.585740604233102,361.7207474397047,507.0891141120238,2947.5814769438293
1785341134.4047813,CloserHybrid,inactive,True,14.066771433821648,477.5011458866172,398.9403725257331,3007.8397545331536
1785341134.4047813,FartherHybrid,inactive,True,11.301911523658593,360.5192041565233,398.6062914317509,3061.5512262739067
1785341134.4047813,SwitchRef1,inactive,True,18.23399491920063,540.2038365523578,295.8088917525329,14280.35820582627
1785341134.9046764,LeftHybrid,inactive,True,19.139313567668037,358.01451298828215,453.077187949819,3227.728728225382
1785341134.9046764,RightHybrid,inactive,True,20.23391348528683,480.34472429628,452.94614485842646,3214.8899694442807
1785341134.9046764,DownHybrid,inactive,True,25.06930594415989,419.0556665421278,512.0140275511465,3199.455621341447
1785341134.9046764,UpHybrid,inactive,True,10.928893309660925,419.3826427735832,393.7364361691642,3402.7694906634133
1785341134.9046764,Close,inactive,True,25.69082793414294,474.5958685720994,506.7711569309512,2860.3196691458434
1785341134.9046764,Open,inactive,True,25.004842268427755,362.96243975364047,506.8625813335898,2863.700316165792
1785341134.9046764,CloserHybrid,inactive,True,14.593275319784482,477.7865684266052,399.66055809595844,3012.123909561604
1785341134.9046764,FartherHybrid,inactive,True,12.981067068269478,360.8203574402697,399.7627698534976,3028.4265484733987
1785341134.9046764,SwitchRef1,inactive,True,18.177987842265356,540.622953245702,296.7302700161078,14308.141608619735
1785341135.4047248,LeftHybrid,inactive,True,18.5682327361243,358.6810097697517,452.9122232516833,3199.5994647998887
1785341135.4047248,RightHybrid,inactive,True,19.59968689091637,480.3369053114165,452.835691362986,3194.222242397853
1785341135.4047248,DownHybrid,inactive,True,24.42827653589301,419.4020666419888,511.8355603772229,3189.7295326175663
1785341135.4047248,UpHybrid,inactive,True,10.311068638066132,419.6481832960561,393.8111683583561,3361.0056084031094
1785341135.4047248,Close,inactive,True,25.046169715801717,474.72618607648633,506.634573208646,2854.044097902879
1785341135.4047248,Open,inactive,True,24.402544921327724,363.55808476046207,506.63943200054564,2851.229005199173
1785341135.4047248,CloserHybrid,inactive,True,14.006150225072025,477.6776353696459,399.71436353203694,2979.847463786602
1785341135.4047248,FartherHybrid,inactive,True,12.478669268955915,361.5111511023262,399.80222511447244,2989.290218402901
1785341135.4047248,SwitchRef1,inactive,True,18.34324187647776,541.0063671329242,296.57415007786676,14350.720716680393
1785341135.9048226,LeftHybrid,inactive,True,19.479320201054996,358.3128614693909,453.04539981805874,3269.0237548235455
1785341135.9048226,RightHybrid,inactive,True,21.09049279919964,481.2762867603868,452.4950576667144,3221.145430699864
1785341135.9048226,DownHybrid,inactive,True,25.697008407568457,419.70744454391485,511.8204131078386,3208.6511690558254
1785341135.9048226,UpHybrid,inactive,True,11.596785299277043,420.1776905957281,393.27706738276186,3443.4850154088053
1785341135.9048226,Close,inactive,True,26.46594789407594,475.3804948737019,506.3065016589999,2855.123009016592
1785341135.9048226,Open,inactive,True,25.446021497859633,363.31333502552303,506.9448921687041,2886.819437777507
1785341135.9048226,CloserHybrid,inactive,True,15.526089659194207,478.8507614174619,399.1174492484537,3030.782356568292
1785341135.9048226,FartherHybrid,inactive,True,13.16819324891697,361.12929279552657,399.4461719985767,3079.5864728652814
1785341135.9048226,SwitchRef1,inactive,True,18.324917163804304,541.4573934772079,296.1310679290103,14303.617913328206
1785341136.4047751,LeftHybrid,inactive,True,17.289245778623773,359.4472835396016,453.6922686895024,3252.583517160092
1785341136.4047751,RightHybrid,inactive,True,19.412043247478262,481.1869129303418,453.5481252217972,3189.9275076721824
1785341136.4047751,DownHybrid,inactive,True,23.654722605629093,420.065381093746,513.1271423286723,3238.283060951493
1785341136.4047751,UpHybrid,inactive,True,9.653533994827296,420.9514835931282,394.29290726634326,3361.153526814611
1785341136.4047751,Close,inactive,True,24.639804335212986,475.43239707333515,507.701206472786,2873.0266101460147
1785341136.4047751,Open,inactive,True,23.304773036307573,363.93961368438454,508.0417877082713,2917.2245925161697
1785341136.4047751,CloserHybrid,inactive,True,14.173837227613959,478.70040284287154,400.32138836428976,2956.0489370733703
1785341136.4047751,FartherHybrid,hovered,True,11.01108648073693,362.70517386341487,400.1866267779592,3017.3469027104875
1785341136.4047751,SwitchRef1,inactive,True,18.695711291888927,542.3356640989225,297.03263506023256,14278.364236409987
1785341136.9052644,LeftHybrid,inactive,True,17.767361367700307,359.9830780913821,455.1109732724403,3253.3221605493745
1785341136.9052644,RightHybrid,inactive,True,19.111862660147178,482.2758458969139,455.46228611390745,3241.562091111642
1785341136.9052644,DownHybrid,inactive,True,23.76970238160697,420.80495226549795,515.0092541633408,3265.198712104102
1785341136.9052644,UpHybrid,inactive,True,9.58616487551344,421.52697828038515,395.7469194963963,3389.626723866255
1785341136.9052644,Close,inactive,True,24.512517896821997,476.54327943300115,509.91719016397303,2918.6982203618827
1785341136.9052644,Open,inactive,True,23.674047589748447,364.55205071359757,509.54636076041265,2919.621628751702
1785341136.9052644,CloserHybrid,inactive,True,13.639977011963522,479.6938915982094,401.90034993851174,3003.5799036768294
1785341136.9052644,FartherHybrid,active,True,11.631450931110216,363.1602953549195,401.5535545752653,3019.638663911057
1785341136.9052644,SwitchRef1,inactive,True,18.760544115876932,542.9094082231276,298.82337835771824,14277.69297513026
1785341137.4046614,LeftHybrid,inactive,True,19.400147043148994,358.9716990717492,461.11645611859456,3202.5646188765677
1785341137.4046614,RightHybrid,inactive,True,20.354017660618023,480.7696216771976,460.87919289530225,3200.422025729378
1785341137.4046614,DownHybrid,inactive,True,25.233210371838464,419.8495392891415,519.9877247563553,3198.502450985732
1785341137.4046614,UpHybrid,inactive,True,11.221487568284816,419.91065520285895,401.94846561969507,3366.571611771258
1785341137.4046614,Close,inactive,True,25.796764034922468,475.2435463536485,514.7202395665436,2864.2264595240267
1785341137.4046614,Open,inactive,True,25.19833479755444,363.9346594700331,514.8502873634641,2858.1150019130873
1785341137.4046614,CloserHybrid,inactive,True,14.702807202375823,478.0321328863635,407.7526008822813,2986.1579764432245
1785341137.4046614,FartherHybrid,hovered,True,13.305219418234943,361.7136936690762,408.01167004413384,2993.1631522294847
1785341137.4046614,SwitchRef1,inactive,True,18.15061577023129,539.6726163257325,305.4619280426015,14230.08037308242
1785341137.9047189,LeftHybrid,inactive,True,18.224015225197526,358.56523416733586,459.3156004943641,3282.3238166545198
1785341137.9047189,RightHybrid,inactive,True,19.886789469045187,481.1977506542471,459.45062838639734,3242.1267677987344
1785341137.9047189,DownHybrid,inactive,True,24.408201225424705,419.55400531634706,519.1935754469264,3277.6914911937347
1785341137.9047189,UpHybrid,inactive,True,10.310333795065992,420.4579172819206,399.725003860839,3410.339224101408
1785341137.9047189,Close,inactive,True,25.228602754370414,475.3633921828218,513.924623100959,2918.431653039108
1785341137.9047189,Open,inactive,True,24.182611159262866,363.0999993911588,513.8939684599784,2943.412189368799
1785341137.9047189,CloserHybrid,inactive,True,14.445514953159723,478.72602296465266,405.85527460560405,3008.8980511685513
1785341137.9047189,FartherHybrid,inactive,True,11.982377653902855,361.8142647896654,405.57004648995866,3050.481812849648
1785341137.9047189,SwitchRef1,inactive,True,17.769693694269012,539.6172797079776,302.89135340718593,14176.226867894009
1785341138.4047818,LeftHybrid,inactive,True,18.196395362474725,358.7757858816318,458.1255532042262,3208.176555670376
1785341138.4047818,RightHybrid,inactive,True,19.5664305396552,480.1458825890711,457.6760658632983,3181.46782839144
1785341138.4047818,DownHybrid,inactive,True,24.19718312065785,419.4742693975528,517.0749646245384,3208.4917273508327
1785341138.4047818,UpHybrid,inactive,True,10.17749881524253,419.6139965478231,398.8641067688225,3339.7705170393456
1785341138.4047818,Close,inactive,True,24.92427252582575,474.70541936896495,511.6253966600626,2861.582897766828
1785341138.4047818,Open,inactive,True,24.06404785107931,363.60413017879955,512.0756311604326,2876.3904139579245
1785341138.4047818,CloserHybrid,inactive,True,14.096698607634593,477.36077200659264,404.6252868780799,2952.9730814405775
1785341138.4047818,FartherHybrid,inactive,True,12.0680567737607,361.64920498863376,404.95996876502664,2981.6939983661578
1785341138.4047818,SwitchRef1,inactive,True,17.79614406253328,539.394092941204,302.4166926981792,14232.50955346931
1785341138.904762,LeftHybrid,inactive,True,19.44501551193143,358.50646275901244,458.208412509711,3263.6205970224983
1785341138.904762,RightHybrid,inactive,True,21.618170248459748,480.86846854069745,457.6379756246124,3177.394878550258
1785341138.904762,DownHybrid,inactive,True,25.910988709185492,419.4449951639644,516.8664477048874,3195.455827687998
1785341138.904762,UpHybrid,inactive,True,12.040874049624225,420.468178299358,398.6669598043942,3407.6168615844363
1785341138.904762,Close,inactive,True,26.84384097419507,474.8221529372709,511.2583116906982,2827.9090928196674
1785341138.904762,Open,inactive,True,25.456268682797564,363.19949177306506,512.0991552736594,2891.0013586582645
1785341138.904762,CloserHybrid,inactive,True,16.221464978835126,478.6703683089744,404.5589906377477,2982.677428850555
1785341138.904762,FartherHybrid,inactive,True,13.066146148697072,361.6131163782851,404.71289780616723,3066.68331419109
1785341138.904762,SwitchRef1,inactive,True,18.02622790837572,540.0101879766728,302.02416028463176,14210.281107441435
1785341139.404819,LeftHybrid,inactive,True,19.019999249181417,359.09109268850466,457.9750626535984,3237.535732315562
1785341139.404819,RightHybrid,inactive,True,20.889573020395495,481.0549361293846,457.89983093031174,3179.146227670499
1785341139.404819,DownHybrid,inactive,True,25.314104568726442,419.72945050495923,516.925234301043,3196.5341829445097
1785341139.404819,UpHybrid,inactive,True,11.38812445923147,420.78236187736695,398.7910640020374,3380.7953528979124
1785341139.404819,Close,inactive,True,26.166353484698174,475.0631662241163,511.60040473873266,2839.6082889229874
1785341139.404819,Open,inactive,True,24.97860369323827,363.67279675563003,511.852915353689,2879.7051478915673
1785341139.404819,CloserHybrid,inactive,True,15.458682518249056,478.8035565208486,404.8315164137731,2972.631242727366
1785341139.404819,FartherHybrid,inactive,True,12.72599340893628,362.2633153836171,404.65316165294644,3031.0391593974346
1785341139.404819,SwitchRef1,inactive,True,17.973082781016338,540.3440915235069,302.8392647127586,14204.589250465266
1785341139.9048266,LeftHybrid,inactive,True,17.97081639976964,359.5343421056727,458.57622035647194,3218.4119351291156
1785341139.9048266,RightHybrid,inactive,True,19.24722780225355,481.10960574347155,458.46892527591746,3203.9366024116753
1785341139.9048266,DownHybrid,inactive,True,23.919860036721104,420.21908043152416,517.9493261004196,3233.6986092965235
1785341139.9048266,UpHybrid,inactive,True,9.849151706194519,420.5168634672279,399.33382878759727,3348.2822182536183
1785341139.9048266,Close,inactive,True,24.628459331682908,475.6241271325308,512.6632519817808,2889.212447962491
1785341139.9048266,Open,inactive,True,23.830239245395745,364.2506221045784,512.7326121884008,2893.080585245407
1785341139.9048266,CloserHybrid,inactive,True,13.770180046140368,478.3435078275494,405.23592830251505,2966.394037798047
1785341139.9048266,FartherHybrid,hovered,True,11.872329370539736,362.5213944685785,405.3091566763658,2984.4965458445513
1785341139.9048266,SwitchRef1,inactive,True,18.29461122018118,540.5220956029624,302.9935706133322,14268.63789095336
1785341140.4049177,LeftHybrid,inactive,True,18.67651674854193,358.686781480873,458.7769199706564,3211.2545733918523
1785341140.4049177,RightHybrid,inactive,True,19.452172697808255,480.5737952516124,459.2821186535996,3225.363374951121
1785341140.4049177,DownHybrid,inactive,True,24.404191836841612,419.3237703896104,518.3704809495732,3229.6473508645868
1785341140.4049177,UpHybrid,inactive,True,10.284372067032887,419.85381291450244,399.7959819395549,3367.8996552412573
1785341140.4049177,Close,inactive,True,24.94090290502315,474.8958945615433,513.4450605501289,2898.071560426688
1785341140.4049177,Open,inactive,True,24.460592251998417,363.3548181387413,512.813961861369,2878.112011450503
1785341140.4049177,CloserHybrid,inactive,True,13.800360941787797,477.9580837444542,405.92701173159946,2995.7020805912907
1785341140.4049177,FartherHybrid,active,True,12.65153634649016,361.7182608044944,405.56052315957504,2988.1031576311943
1785341140.4049177,SwitchRef1,inactive,True,18.36038418368263,539.6098911695852,303.0644531780594,14299.499053934473
1785341140.9048371,LeftHybrid,inactive,True,22.277313518520224,361.8074958073837,479.203155667043,3141.8641607640457
1785341140.9048371,RightHybrid,inactive,True,23.439538215830297,482.9252241908395,479.35680755106137,3128.7550712407246
1785341140.9048371,DownHybrid,inactive,True,28.180114777560433,422.02999755660454,537.2458090439684,3116.6803592091164
1785341140.9048371,UpHybrid,inactive,True,14.690415552405549,422.8167220835909,421.05376816222383,3325.3402929821314
1785341140.9048371,Close,inactive,True,28.7161284721936,476.9942518581113,532.2479120751194,2790.81968032007
1785341140.9048371,Open,inactive,True,27.96582256629074,366.5509744143448,532.0450151795038,2791.2354087268905
1785341140.9048371,CloserHybrid,inactive,True,17.813612314838092,480.6948143079113,426.9723326358741,2942.3741522130003
1785341140.9048371,FartherHybrid,active,True,16.174112154037136,364.70104244990864,426.81277165985694,2961.7186244069017
1785341140.9048371,SwitchRef1,inactive,True,17.868043307510817,541.8601582242129,326.653421619663,13750.182534130574
1785341141.4047437,LeftHybrid,inactive,True,18.89280097487424,358.4499017800204,464.1895693885988,3216.6607416074694
1785341141.4047437,RightHybrid,inactive,True,19.65139250520539,480.0215792669399,459.22576904548225,3199.7781355229818
1785341141.4047437,DownHybrid,inactive,True,24.60775754453483,421.5135348969261,520.9465139630454,3223.5706772549456
1785341141.4047437,UpHybrid,hovered,True,10.547646077086318,417.06575317038954,402.61899195813214,3355.283277637718
1785341141.4047437,Close,inactive,True,25.12899151267349,476.6567800003657,513.4420418594977,2877.9293548729765
1785341141.4047437,Open,inactive,True,24.65825198662158,365.37771711210866,518.0076570675564,2887.4622617046407
1785341141.4047437,CloserHybrid,inactive,True,13.993329918986737,475.18695274196875,406.21010125590817,2971.9015727723745
1785341141.4047437,FartherHybrid,hovered,True,12.873880040042906,359.26256084297324,410.88613050164656,2989.903413707754
1785341141.4047437,SwitchRef1,inactive,True,16.651366237731697,534.6749469739675,308.2577034995906,14021.518607303406
1785341141.9047368,LeftHybrid,inactive,True,18.856963422376715,357.2150113145043,466.41089578977824,3218.183196925136
1785341141.9047368,RightHybrid,inactive,True,19.993803827196235,478.4658605308947,461.046307372786,3169.3741069433745
1785341141.9047368,DownHybrid,inactive,True,24.74995131675976,420.19408361137204,522.8559511816788,3211.7310822245345
1785341141.9047368,UpHybrid,inactive,True,10.788163138620243,415.79125684405096,404.77297041527777,3338.306586589664
1785341141.9047368,Close,inactive,True,25.382427235724236,475.11860404904064,515.0980943870583,2853.732338064103
1785341141.9047368,Open,inactive,True,24.667609320690943,364.1179626532597,520.1984704362774,2890.9147690775135
1785341141.9047368,CloserHybrid,inactive,True,14.43645331086716,473.66612555383034,408.2425444345895,2943.1062168456265
1785341141.9047368,FartherHybrid,active,True,12.765350988369693,358.0549040620809,413.13467149960184,2989.2900902674373
1785341141.9047368,SwitchRef1,inactive,True,16.241647158636134,532.4003928507764,311.15092412491936,13908.310941171083
1785341142.4050238,LeftHybrid,inactive,True,18.730118800147064,356.66001570713104,465.68162200745815,3219.074629016148
1785341142.4050238,RightHybrid,inactive,True,19.144765968792143,477.9957840863166,457.9044812225819,3199.8909973385016
1785341142.4050238,DownHybrid,inactive,True,24.261009343237813,421.0097885056278,521.0774797139145,3233.263511505953
1785341142.4050238,UpHybrid,inactive,True,10.162933704813385,413.77062510869297,402.7540518686262,3347.9662543458107
1785341142.4050238,Close,inactive,True,24.684954884892164,475.95662072318345,512.2604184989734,2883.701338261977
1785341142.4050238,Open,inactive,True,24.43525475704783,364.81365540818945,519.4495480149703,2898.1387614340056
1785341142.4050238,CloserHybrid,inactive,True,13.426007117798559,471.88163047561426,405.01034311603644,2965.954938067589
1785341142.4050238,FartherHybrid,active,True,12.811479393981765,356.2645823494161,412.33927664587793,2984.0422699625924
1785341142.4050238,SwitchRef1,inactive,True,15.933449972475866,529.332411446086,309.62123227467345,13906.238756153332
1785341142.9047394,LeftHybrid,inactive,True,19.12580692805013,353.57828157724293,467.92594797700673,3188.4986045749247
1785341142.9047394,RightHybrid,inactive,True,18.088868020913058,474.3176398287804,455.9865745909998,3217.10183768587
1785341142.9047394,DownHybrid,inactive,True,23.907360428291366,419.89580904540725,521.1059794898699,3235.1345036117273
1785341142.9047394,UpHybrid,inactive,True,9.859919065578401,407.841615768238,403.1765514890892,3331.7313682533713
1785341142.9047394,Close,inactive,True,23.879012248666957,474.5321783280575,510.47730208211067,2902.5324081220606
1785341142.9047394,Open,inactive,True,24.55581691385225,363.83322488629227,521.3053692311792,2881.7244310223323
1785341142.9047394,CloserHybrid,inactive,True,12.058780182098083,466.00474132444714,403.3033589354284,2975.335717779046
1785341142.9047394,FartherHybrid,active,True,13.599421809539837,351.06578908472244,414.8085250111682,2947.398592185411
1785341142.9047394,SwitchRef1,inactive,True,14.612959649058812,521.7477475689367,310.5958849797184,13642.340618828362
1785341143.40501,LeftHybrid,inactive,True,18.57892034910326,354.15619461081315,467.80578918814587,3214.222974418997
1785341143.40501,RightHybrid,inactive,True,18.442094661055012,474.87937667516746,455.6602559479751,3191.7190757629724
1785341143.40501,DownHybrid,inactive,True,23.81108763221591,420.37679253192425,520.8990168428147,3236.295798346284
1785341143.40501,UpHybrid,inactive,True,9.700059146263984,408.81355915322615,402.91758366446294,3330.8399378080503
1785341143.40501,Close,inactive,True,24.07464995731017,474.890164169846,510.0624858716469,2882.2946913050546
1785341143.40501,Open,inactive,True,24.17727498900531,364.2180872076223,521.3277997246205,2904.098106318328
1785341143.40501,CloserHybrid,inactive,True,12.627006226776809,466.80720725023644,403.0904015225525,2951.56522931956
1785341143.40501,FartherHybrid,active,True,12.830763511206134,351.86892848573564,414.53567429251723,2969.6534908157482
1785341143.40501,SwitchRef1,inactive,True,14.468327207644018,522.4920703676229,311.22591678227917,13568.869745308017
1785341143.90529,LeftHybrid,inactive,True,18.678169037405215,354.32856022927933,467.6801797159484,3188.3659300857107
1785341143.90529,RightHybrid,inactive,True,18.237488492494666,474.8388800738376,456.53694048493014,3188.9068436836533
1785341143.90529,DownHybrid,inactive,True,23.74598546689831,420.0345641287854,521.2113920991574,3224.4187455321226
1785341143.90529,UpHybrid,hovered,True,9.678782500759766,409.1485993505581,403.39956677472105,3313.38842388404
1785341143.90529,Close,inactive,True,23.912171785672058,474.5572698654704,510.89027230995475,2881.5303638842306
1785341143.90529,Open,inactive,True,24.20849706325121,364.04483271480063,521.1192405844245,2883.336506926338
1785341143.90529,CloserHybrid,inactive,True,12.364727051302065,467.05172925557,403.9737609630828,2946.4486491005955
1785341143.90529,FartherHybrid,active,True,13.020670922593292,352.3512346716737,414.5809696438451,2944.2938653022065
1785341143.90529,SwitchRef1,inactive,True,14.707233318073763,523.6354845661176,312.645726599367,13561.84561872125
1785341144.4047759,LeftHybrid,inactive,True,19.5978030676621,350.77260219195756,470.7315861674043,3156.7438022070855
1785341144.4047759,RightHybrid,inactive,True,17.793296173912182,470.8337298151937,456.9187928948749,3205.661011438744
1785341144.4047759,DownHybrid,inactive,True,23.972451896937045,417.7745428754836,522.70689317609,3217.0634593513387
1785341144.4047759,UpHybrid,inactive,True,10.114256564703426,403.5524521501016,405.37152512867385,3305.6434731985646
1785341144.4047759,Close,inactive,True,23.686169433884494,472.08160928372354,511.27196545245823,2893.47489131552
1785341144.4047759,Open,inactive,True,24.855774610602257,361.95844347285356,523.7554950252942,2858.7095973811374
1785341144.4047759,CloserHybrid,inactive,True,11.619951672148126,461.5463632141225,404.5200608228043,2962.889281767246
1785341144.4047759,FartherHybrid,hovered,True,14.28730007228377,347.2974789441547,417.8939779659786,2914.7511703946
1785341144.4047759,SwitchRef1,inactive,True,13.163708183942074,515.3923181219316,312.5038729576235,13550.260360396482
1785341144.9047332,LeftHybrid,inactive,True,20.399574321054878,348.82178596868096,476.26578609764965,3177.8413935434364
1785341144.9047332,RightHybrid,inactive,True,19.435598560944975,469.1283847795084,462.6146615579718,3172.14472242551
1785341144.9047332,DownHybrid,inactive,True,25.234944777451926,415.6397016543844,528.0278298789806,3194.720373959004
1785341144.9047332,UpHybrid,inactive,True,11.379010353750983,402.3339446937078,411.0495957073798,3319.7013310536713
1785341144.9047332,Close,inactive,True,25.173021771192705,469.85340739155805,516.5849827672229,2851.437500960994
1785341144.9047332,Open,inactive,True,25.808683123541336,359.72249694967763,529.1815394283863,2863.8718134756637
1785341144.9047332,CloserHybrid,inactive,True,13.387622772561944,460.3746629986633,410.4135864834491,2949.9864489198953
1785341144.9047332,FartherHybrid,inactive,True,14.793730633863836,345.6470898036321,423.37789783807114,2949.7994641630357
1785341144.9047332,SwitchRef1,inactive,True,12.82901767847894,513.7745444436513,318.9951592655633,13415.165567122946
1785341145.4048276,LeftHybrid,inactive,True,22.67504667652433,350.91938335898413,499.1727361860503,3103.771468415871
1785341145.4048276,RightHybrid,inactive,True,21.730468499370968,469.9088759424344,485.77344548878443,3099.5685742521746
1785341145.4048276,DownHybrid,inactive,True,27.449267885581946,416.95910598833376,550.4120507875325,3140.1766447930713
1785341145.4048276,UpHybrid,inactive,True,14.147992929967131,403.8814214359517,434.92287083989277,3239.139860176947
1785341145.4048276,Close,inactive,True,27.299979967568866,470.6182972076982,539.1368793695005,2804.3431296613126
1785341145.4048276,Open,inactive,True,27.933352095253777,361.6321418227519,551.5234308015101,2817.3021756406524
1785341145.4048276,CloserHybrid,inactive,True,15.771440082346707,461.30605387992256,434.28996116057465,2881.4183240001585
1785341145.4048276,FartherHybrid,inactive,True,17.103014829161356,347.803654739593,447.0183586942061,2878.4557816100205
1785341145.4048276,SwitchRef1,inactive,True,13.930843377866742,514.1622059926109,344.7286568824089,13024.61962964201
1785341145.9048545,LeftHybrid,inactive,True,20.723700192320955,354.21137104827426,480.41360628750544,3085.2368006260076
1785341145.9048545,RightHybrid,inactive,True,19.964965693328786,472.847021539463,467.10756102876474,3086.4487604585447
1785341145.9048545,DownHybrid,inactive,True,25.60986148172141,420.0335383636302,531.5270299588852,3108.036946027336
1785341145.9048545,UpHybrid,inactive,True,12.005316990509645,407.01398529679705,416.228131469578,3225.4323215833138
1785341145.9048545,Close,inactive,True,25.58484649636523,473.52469323806775,520.3421633095911,2778.3810680137685
1785341145.9048545,Open,inactive,True,26.091030255462428,364.90525019860036,532.565828718492,2782.580028483804
1785341145.9048545,CloserHybrid,inactive,True,14.024667761238668,464.25476920622714,415.64126756241046,2869.2657332796225
1785341145.9048545,FartherHybrid,inactive,True,15.119534763736405,351.1194883018548,428.3213331415503,2864.4340717906307
1785341145.9048545,SwitchRef1,inactive,True,13.19785588273725,517.7197682854072,326.1525402488796,12948.732928439014
1785341146.4052575,LeftHybrid,inactive,True,20.728935841670598,351.1019268961284,478.1595371998309,3092.2278524500434
1785341146.4052575,RightHybrid,inactive,True,19.08759323929447,470.17269519531027,465.1557805505871,3137.162395873689
1785341146.4052575,DownHybrid,inactive,True,25.173200600167224,417.21115556897837,529.8029901505929,3142.77438447428
1785341146.4052575,UpHybrid,inactive,True,11.569592209212058,403.786690491499,413.8444288369677,3248.141425275622
1785341146.4052575,Close,inactive,True,24.878352328998364,471.0413701603136,518.80537095367,2826.5917070735886
1785341146.4052575,Open,inactive,True,25.954715737562104,361.93268805984195,530.5571549286446,2795.382423977935
1785341146.4052575,CloserHybrid,inactive,True,12.966809105308124,461.33120963042865,413.3133041314429,2910.005666506084
1785341146.4052575,FartherHybrid,inactive,True,15.34604804231139,347.8865321779581,425.91248566899384,2864.986444773218
1785341146.4052575,SwitchRef1,inactive,True,13.081968495048404,514.4888345141306,323.41911006064896,13108.91562058848
1785341146.9048412,LeftHybrid,inactive,True,20.052703263282627,349.43667384906064,472.23089621416955,3123.852696981674
1785341146.9048412,RightHybrid,inactive,True,19.343127994390155,468.9169978746691,460.6284221299187,3115.731129956388
1785341146.9048412,DownHybrid,inactive,True,24.986986039515386,414.8148250991564,524.5756768523552,3134.9443429434905
1785341146.9048412,UpHybrid,inactive,True,11.186229438404052,403.5775721706188,408.43509228978144,3263.833802675159
1785341146.9048412,Close,inactive,True,25.009091898506522,468.7246174695259,514.1132632898884,2797.888726300327
1785341146.9048412,Open,inactive,True,25.48089892862629,359.3743930850057,524.8230300090527,2810.2383904335
1785341146.9048412,CloserHybrid,inactive,True,13.388308643896353,461.1159541570485,408.7445609156073,2898.6103242930258
1785341146.9048412,FartherHybrid,inactive,True,14.423945529446735,347.15895085416474,419.7520252253409,2902.0165198833856
1785341146.9048412,SwitchRef1,inactive,True,13.275291725371437,515.499799453158,318.6794529469438,13139.750698912838
1785341147.4050353,LeftHybrid,inactive,True,19.546167617897353,351.05186879580305,470.50754731347433,3107.2926991472777
1785341147.4050353,RightHybrid,inactive,True,18.12734584394779,470.26377329676507,458.3047321113254,3141.6514622009126
1785341147.4050353,DownHybrid,inactive,True,24.092194890928976,416.778569468733,522.7938132585708,3156.3859913457854
1785341147.4050353,UpHybrid,hovered,True,10.305316926466809,404.3371615396608,406.39377244894524,3249.9731569398136
1785341147.4050353,Close,inactive,True,23.916222033735576,470.71989542062965,512.1172852102734,2833.9390744085104
1785341147.4050353,Open,inactive,True,24.841446344095733,361.41724845040153,523.1799293644867,2810.296268691818
1785341147.4050353,CloserHybrid,inactive,True,12.065218645427606,461.81915059958516,406.30308259574196,2906.583073720176
1785341147.4050353,FartherHybrid,inactive,True,14.154592345387986,348.33029004751245,418.08116283404183,2872.1610169655614
1785341147.4050353,SwitchRef1,inactive,True,13.401150248595348,516.6358276693823,316.2284378171545,13198.187803225788
1785341147.904774,LeftHybrid,inactive,True,18.66133119132194,355.0523477089761,465.2304476112282,3139.8747868530336
1785341147.904774,RightHybrid,inactive,True,17.88286764846999,474.78655491171406,453.69321889083517,3159.2549031362287
1785341147.904774,DownHybrid,inactive,True,23.534808751885496,420.63175640398856,518.150165296295,3181.4327049701533
1785341147.904774,UpHybrid,inactive,True,9.53986308102389,409.1060432653563,401.140527996606,3274.100326433181
1785341147.904774,Close,inactive,True,23.595899823191537,474.81497237209373,507.731468486214,2850.950749907308
1785341147.904774,Open,inactive,True,24.10761290178446,365.02636329702085,518.2265007152245,2836.888628413377
1785341147.904774,CloserHybrid,inactive,True,11.963637706711378,466.72720897719535,401.44047847831564,2920.0441789261386
1785341147.904774,FartherHybrid,inactive,True,13.12278570050179,352.7620982986927,412.51912915128344,2901.0525423232975
1785341147.904774,SwitchRef1,inactive,True,14.472491527575915,522.7039112647919,311.28780169515426,13336.481905890265
1785341148.4048986,LeftHybrid,inactive,True,17.996537509488753,358.73682080239234,462.13135277997264,3178.537740044805
1785341148.4048986,RightHybrid,inactive,True,17.749715650775364,479.0078688572728,450.296826339341,3184.084500330093
1785341148.4048986,DownHybrid,inactive,True,23.14149182007063,424.6706856045583,515.2293296721637,3215.107945286378
1785341148.4048986,UpHybrid,inactive,True,8.996664649417077,413.0647637589228,397.57944702374914,3304.135327814962
1785341148.4048986,Close,inactive,True,23.395657455176387,479.0685489084881,504.6229306523933,2875.8152672564174
1785341148.4048986,Open,inactive,True,23.568157507539233,368.76721844073955,515.4391916599928,2871.3220301817346
1785341148.4048986,CloserHybrid,inactive,True,11.963224258161704,470.8843365340408,397.8078702048416,2939.779095349979
1785341148.4048986,FartherHybrid,inactive,True,12.33366800000002,356.43784732961564,409.1049602287111,2934.4939698543967
1785341148.4048986,SwitchRef1,inactive,True,15.492822988213133,527.6083556894413,306.84343999654,13475.120740623628
1785341148.9049711,LeftHybrid,inactive,True,18.28796981307135,358.93494009834995,461.7786634311293,3176.3713561219192
1785341148.9049711,RightHybrid,inactive,True,17.94212742947089,479.3775501069739,450.36711941298347,3191.2089163135242
1785341148.9049711,DownHybrid,inactive,True,23.39872224881973,424.76671913818996,515.0517469136716,3211.167849643418
1785341148.9049711,UpHybrid,inactive,True,9.259197730694089,413.47203092054724,397.4056085868101,3313.3254543607327
1785341148.9049711,Close,inactive,True,23.61233367016208,479.2510679793612,504.6700720093975,2876.665038852123
1785341148.9049711,Open,inactive,True,23.847813550817342,368.8525637618812,515.0423932463501,2864.0056803607004
1785341148.9049711,CloserHybrid,inactive,True,12.106458445036603,471.41340573935065,397.81226838623076,2951.4885861171206
1785341148.9049711,FartherHybrid,inactive,True,12.624077049874238,356.7431257055685,408.7616521534835,2938.10910293676
1785341148.9049711,SwitchRef1,inactive,True,15.559307837063002,528.120433672643,306.56646812478243,13474.086241904733
1785341149.405035,LeftHybrid,inactive,True,17.593451390551888,357.2480027521756,462.7142376139674,3208.209139294064
1785341149.405035,RightHybrid,inactive,True,18.669472903189778,477.29798384515107,450.438956621465,3130.596642349439
1785341149.405035,DownHybrid,inactive,True,23.402580983211543,422.99411966248755,515.4273758536987,3197.6996246055496
1785341149.405035,UpHybrid,inactive,True,9.357856529677397,412.04488049771055,397.9953310099414,3296.624497466808
1785341149.405035,Close,inactive,True,24.06108622136206,477.0639710653895,504.45075411575806,2825.6851924275543
1785341149.405035,Open,inactive,True,23.392198591923158,367.05131107139437,516.0858898552973,2891.7589632639283
1785341149.405035,CloserHybrid,inactive,True,13.203643051571502,469.5417212709774,398.24075288004474,2896.0859676994733
1785341149.405035,FartherHybrid,inactive,True,11.59662505566834,355.2135061446469,409.5382839655799,2964.7794384988883
1785341149.405035,SwitchRef1,inactive,True,15.309716477177895,525.7818744022554,307.3268709630291,13486.030118512565
1785341149.9049683,LeftHybrid,inactive,True,17.626922575730397,356.4776311929748,468.88510995682896,3199.0204427400604
1785341149.9049683,RightHybrid,inactive,True,17.812800370139495,476.53202732741534,456.97921420948717,3167.4814365188504
1785341149.9049683,DownHybrid,inactive,True,22.96201585960698,422.24878426948106,522.2170840054606,3240.7147654615255
1785341149.9049683,UpHybrid,inactive,True,8.882075084617659,410.9989730113404,404.2710707598396,3286.073142952795
1785341149.9049683,Close,inactive,True,23.353884391296077,476.56175323184726,511.4437796385292,2881.8777307573473
1785341149.9049683,Open,inactive,True,23.251847149434177,366.2679096551656,522.5469926732553,2910.420082487166
1785341149.9049683,CloserHybrid,inactive,True,12.168798744243041,468.5111743430996,404.5643102823658,2909.457773498696
1785341149.9049683,FartherHybrid,inactive,True,11.889784082033094,354.4413998686483,415.7172714408271,2936.1326189963293
1785341149.9049683,SwitchRef1,inactive,True,15.60662414548308,524.079295687407,312.5362985299072,13669.254717218144
1785341150.4048784,LeftHybrid,inactive,True,20.105571425290254,344.24242060773986,468.70874492266734,3102.1298076986714
1785341150.4048784,RightHybrid,inactive,True,17.315198648565172,463.70873341314285,456.38408009224327,3187.7631562213937
1785341150.4048784,DownHybrid,inactive,True,23.94928362600733,410.37543878679054,521.1633904555272,3178.18816894856
1785341150.4048784,UpHybrid,inactive,True,10.398513106812668,397.0586403784051,404.3540904744178,3267.699712805159
1785341150.4048784,Close,inactive,True,23.331186913487777,464.55337896028374,510.5057353529496,2873.1266166985442
1785341150.4048784,Open,inactive,True,25.137805382828137,354.96580735192435,521.4669612577718,2809.8861939564085
1785341150.4048784,CloserHybrid,inactive,True,10.991169265116062,454.8287071754944,404.09118322554554,2946.9316440226103
1785341150.4048784,FartherHybrid,inactive,True,15.087048342451121,341.1641517266905,416.22552504265514,2864.4142597630635
1785341150.4048784,SwitchRef1,inactive,True,11.907078313013217,509.0953554394394,313.5910070274088,13233.14737248425
1785341150.904926,LeftHybrid,inactive,True,19.284399895288864,338.6995105452023,460.6818280530848,3124.192839656738
1785341150.904926,RightHybrid,inactive,True,16.82503824555817,458.20715375204315,447.7741187647025,3163.780941497971
1785341150.904926,DownHybrid,inactive,True,23.292779007974772,404.96963933244797,512.7076338593023,3165.720229612576
1785341150.904926,UpHybrid,hovered,True,9.542597259571881,391.69374151049124,396.01398062218357,3273.5230812958544
1785341150.904926,Close,inactive,True,22.820189706537388,458.9977078229523,501.69291881983895,2841.3884423271666
1785341150.904926,Open,inactive,True,24.40388042507946,349.47890603643157,513.4285179033229,2818.7775187891384
1785341150.904926,CloserHybrid,inactive,True,10.560219140807902,449.4017837979734,395.62160819470256,2931.170923147438
1785341150.904926,FartherHybrid,inactive,True,14.215325185503396,335.61453961974206,408.0747648418873,2888.761430299128
1785341150.904926,SwitchRef1,inactive,True,11.192540650070752,502.38158107511896,304.36766873277094,13306.215699468157
1785341151.4051576,LeftHybrid,inactive,True,18.558493054907427,330.0676176254395,457.5165015183228,3149.3461680157343
1785341151.4051576,RightHybrid,inactive,True,15.979608981207923,449.54232692995515,444.0471341216439,3152.5444670067372
1785341151.4051576,DownHybrid,inactive,True,22.469083468744802,396.4986177093358,509.39884405570695,3180.485280674722
1785341151.4051576,UpHybrid,inactive,True,8.692571020383042,383.10378755196405,392.493687770945,3269.791363912387
1785341151.4051576,Close,inactive,True,21.99743713424613,450.45141983991266,498.0113799031641,2837.2194534104055
1785341151.4051576,Open,inactive,True,23.647734385718728,340.88564814597305,510.492190832937,2848.721785985137
1785341151.4051576,CloserHybrid,hovered,True,9.734198771854162,440.66707160034684,391.9597410575218,2913.5164503247215
1785341151.4051576,FartherHybrid,inactive,True,13.607279833504306,326.9992153042643,404.7340466071979,2901.5964259927423
1785341151.4051576,SwitchRef1,inactive,True,9.721415835382768,493.5148401598061,301.01634012620224,13288.15653799216
1785341151.904805,LeftHybrid,inactive,True,19.08277507607599,326.497242484817,456.87500234567983,3133.753483894383
1785341151.904805,RightHybrid,inactive,True,15.928602195958645,445.7712949999878,442.5770821256832,3151.422152739964
1785341151.904805,DownHybrid,inactive,True,22.703025871513734,393.3032804316574,508.12860691463385,3164.275766152423
1785341151.904805,UpHybrid,inactive,True,9.126209246283832,378.8608001054164,391.56974569332164,3267.6523233843836
1785341151.904805,Close,inactive,True,22.02846279026041,447.1265226285323,496.41375120568364,2828.3694631645485
1785341151.904805,Open,inactive,True,24.05013606837149,337.8065379746121,509.59470383042674,2829.5481304488785
1785341151.904805,CloserHybrid,inactive,True,9.566634907343072,436.4587581039612,390.59351542417073,2918.48223101646
1785341151.904805,FartherHybrid,inactive,True,14.271618587791169,322.92374462826916,404.228728411471,2892.4368262127464
1785341151.904805,SwitchRef1,inactive,True,9.17201678982285,489.21653221380495,299.73919537629354,13305.207052818369
1785341152.4052358,LeftHybrid,inactive,True,18.351792857596504,328.139094668206,455.186457392432,3152.3050882142343
1785341152.4052358,RightHybrid,inactive,True,15.445885674985394,447.50981645966687,440.60221938904584,3157.4747989633615
1785341152.4052358,DownHybrid,inactive,True,22.07536366610725,395.0809886307673,506.5133804023509,3185.802648386205
1785341152.4052358,UpHybrid,inactive,True,8.3600820310487,380.557618294917,389.6212552292021,3270.4091345253546
1785341152.4052358,Close,inactive,True,21.51817833355779,448.95432007858744,494.6156309304604,2842.0861484932975
1785341152.4052358,Open,inactive,True,23.370924840773004,339.4584826527338,508.122780357785,2852.8937294517527
1785341152.4052358,CloserHybrid,inactive,True,9.156804367691855,438.1187489997628,388.55766204758004,2915.487019978973
1785341152.4052358,FartherHybrid,inactive,True,13.538201616879878,324.5856693472316,402.3933378530627,2901.320880292915
1785341152.4052358,SwitchRef1,inactive,True,9.599893765580806,490.78427331756905,296.7578241950927,13329.604764712378
1785341152.9052248,LeftHybrid,inactive,True,18.60403331022621,328.65522986026707,454.64397403882185,3134.2882208125666
1785341152.9052248,RightHybrid,inactive,True,14.536224858228588,447.8581910419199,439.24376124693663,3194.012928018463
1785341152.9052248,DownHybrid,inactive,True,21.697247309474076,396.06483083890544,505.76621385240605,3206.808079992159
1785341152.9052248,UpHybrid,inactive,True,8.41479594818193,380.1301240824759,388.6474022358328,3266.9600507231735
1785341152.9052248,Close,inactive,True,20.773928769579147,450.01504040020114,493.5828157627127,2882.904798255666
1785341152.9052248,Open,inactive,True,23.362156485714056,340.51795447328203,507.5860743336766,2848.1155774461804
1785341152.9052248,CloserHybrid,inactive,True,8.062195814989567,437.74962154430966,387.04677640396676,2937.7728515560884
1785341152.9052248,FartherHybrid,inactive,True,14.177612894380308,324.5415960628054,401.91689398809,2875.194226988082
1785341152.9052248,SwitchRef1,inactive,True,9.113319269403798,490.5961003704196,295.5610251454296,13267.320035505
1785341153.4047344,LeftHybrid,inactive,True,19.21223026292182,322.95964335109863,454.4696897055538,3157.3597675635756
1785341153.4047344,RightHybrid,inactive,True,15.373220506973768,442.7556102657035,439.80201015903253,3195.3930373439216
1785341153.4047344,DownHybrid,inactive,True,22.48010131059305,390.2808573378558,505.8718297428391,3199.493296272063
1785341153.4047344,UpHybrid,inactive,True,9.069328842009586,375.21292903366316,388.6748241445871,3299.67641152101
1785341153.4047344,Close,inactive,True,21.596356660849512,444.3836866223067,493.99537183951776,2867.3899521965795
1785341153.4047344,Open,inactive,True,24.050526051667642,334.55116418489223,507.43243312961795,2853.0484738821688
1785341153.4047344,CloserHybrid,inactive,True,8.882985412906129,433.1289740486279,387.5039076016153,2956.6840719491447
1785341153.4047344,FartherHybrid,inactive,True,14.61107431815364,319.1427736370006,401.58361403247045,2911.640241387824
1785341153.4047344,SwitchRef1,inactive,True,8.85627338402912,485.5469079636172,295.7362529713427,13322.584869263032
1785341153.9051065,LeftHybrid,inactive,True,19.13710366298292,321.6312264497978,454.43645416946265,3160.998512171005
1785341153.9051065,RightHybrid,inactive,True,15.497610559726454,441.3934494855186,439.72537117877073,3182.9047148969985
1785341153.9051065,DownHybrid,inactive,True,22.509894906882657,388.91444469392553,505.73388472793886,3192.589556711915
1785341153.9051065,UpHybrid,inactive,True,9.028634273227313,373.9830464324939,388.66101777664835,3297.450562635051
1785341153.9051065,Close,inactive,True,21.690801839153306,442.95093933895055,493.8106863790497,2854.4774355329137
1785341153.9051065,Open,inactive,True,24.017618449546344,333.1819233476607,507.36961567190644,2854.1073572536407
1785341153.9051065,CloserHybrid,inactive,True,9.039791285478017,431.85080714851017,387.51217944558687,2947.530420058014
1785341153.9051065,FartherHybrid,inactive,True,14.475402509514678,317.86209790125525,401.5523369522793,2916.5551196453016
1785341153.9051065,SwitchRef1,inactive,True,8.567443977076138,484.2122675833965,295.86377548434183,13330.48066362179
1785341154.4048176,LeftHybrid,inactive,True,19.204777653450932,320.055920609076,456.0747325525368,3140.6427918205227
1785341154.4048176,RightHybrid,inactive,True,14.894659924840118,439.4333104693671,441.3980247613536,3186.6795445982716
1785341154.4048176,DownHybrid,inactive,True,22.19185260185789,387.1910717353812,507.499241053464,3199.4110781511117
1785341154.4048176,UpHybrid,inactive,True,9.046817028502616,372.04376861900147,390.39852513573146,3273.3450693993072
1785341154.4048176,Close,inactive,True,21.15597982610798,441.1861565993831,495.61538858928066,2869.68252412368
1785341154.4048176,Open,inactive,True,23.912146523895398,331.60324817909935,509.0530054305176,2850.178491773724
1785341154.4048176,CloserHybrid,inactive,True,8.373297686405818,429.7243487076657,389.1913897692595,2938.560168094802
1785341154.4048176,FartherHybrid,inactive,True,14.78942335658891,316.26767722447767,403.2991470039035,2885.623328759073
1785341154.4048176,SwitchRef1,inactive,True,8.384902508153244,482.0419591162792,297.41782311735545,13328.79880247562
1785341154.9047992,LeftHybrid,inactive,True,20.800664088192335,316.16307647064167,460.876077579015,3130.9659921177736
1785341154.9047992,RightHybrid,inactive,True,15.546911201816439,435.81490716526446,446.30713280053476,3228.0908977037907
1785341154.9047992,DownHybrid,inactive,True,23.3254053295956,383.5931878025373,512.4501760777972,3209.430225313219
1785341154.9047992,UpHybrid,inactive,True,10.667224880781891,367.7997836213317,395.1211534139576,3297.017628312402
1785341154.9047992,Close,inactive,True,21.900849698607814,437.8012857165602,500.71247988479945,2899.63284612594
1785341154.9047992,Open,inactive,True,25.301427937562767,327.9990143733563,513.8227349032175,2840.421810120257
1785341154.9047992,CloserHybrid,inactive,True,8.938412069548727,425.81775982942565,393.8324011511678,2983.834987846756
1785341154.9047992,FartherHybrid,inactive,True,16.547048276942448,312.05779480243524,408.0945470557549,2882.984637400048
1785341154.9047992,SwitchRef1,inactive,True,7.480413101924938,477.52116681545374,302.1738176471534,13278.421867575242
1785341155.4046993,LeftHybrid,inactive,True,20.546854305450353,317.51290978240377,460.7511903567299,3137.057009852986
1785341155.4046993,RightHybrid,inactive,True,15.845193226222523,437.1534287085653,445.918286370837,3207.640081261896
1785341155.4046993,DownHybrid,inactive,True,23.37462946578204,384.9876708985307,512.009570841092,3195.8573695522355
1785341155.4046993,UpHybrid,inactive,True,10.439797590413328,369.24527726214603,394.95556559371937,3296.6612749562773
1785341155.4046993,Close,inactive,True,22.14134583264725,439.084276378901,500.11815996958944,2876.840395316831
1785341155.4046993,Open,inactive,True,25.178671784093492,329.3754962549392,513.5868161851885,2839.258992058749
1785341155.4046993,CloserHybrid,inactive,True,9.266547911852497,427.2240185686873,393.6045274004453,2970.73364166377
1785341155.4046993,FartherHybrid,inactive,True,16.120149375149296,313.3890968137225,407.99447756437917,2893.796940082597
1785341155.4046993,SwitchRef1,inactive,True,7.680313206950217,479.2208087664696,301.88364776883617,13279.982018906325
1785341155.9048011,LeftHybrid,inactive,True,19.79929690584949,316.6254296752597,461.4423491487221,3173.497203275969
1785341155.9048011,RightHybrid,inactive,True,16.05380288701542,436.47279948537533,446.3493504955637,3181.6172231308883
1785341155.9048011,DownHybrid,inactive,True,23.13238954587366,384.11848772095857,512.5653409312426,3201.6435221960855
1785341155.9048011,UpHybrid,inactive,True,9.766417047851029,368.9252796604178,395.47824358539935,3302.3943053805124
1785341155.9048011,Close,inactive,True,22.240363918074014,438.15533233006266,500.41838773880465,2855.8416060634336
1785341155.9048011,Open,inactive,True,24.64896680898779,328.2936245303191,514.4378835725524,2871.0662046937505
1785341155.9048011,CloserHybrid,inactive,True,9.576813438074133,426.8242092627132,394.18398896612223,2947.7217014617636
1785341155.9048011,FartherHybrid,inactive,True,15.110193280709327,312.74811485504745,408.50483614074847,2926.331999465874
1785341155.9048011,SwitchRef1,inactive,True,7.8278435874018735,478.64899324619876,302.5713234685366,13313.496441354342
1785341156.4047787,LeftHybrid,inactive,True,21.13082727828582,316.4438146347165,461.58317661583965,3139.2582606018404
1785341156.4047787,RightHybrid,inactive,True,16.268745737698264,436.3513746917495,446.92826541575096,3223.416118638823
1785341156.4047787,DownHybrid,inactive,True,23.894593779397507,384.04009108134915,512.9304897501853,3196.8959962069785
1785341156.4047787,UpHybrid,inactive,True,11.029296341702072,368.2235148758217,395.792312224298,3314.5365302266146
1785341156.4047787,Close,inactive,True,22.582230559311828,438.2546580324482,501.15471698935613,2883.5822533953324
1785341156.4047787,Open,inactive,True,25.734998562708686,328.3739855886005,514.391661876039,2835.486985322117
1785341156.4047787,CloserHybrid,inactive,True,9.671315764009861,426.41297502401693,394.4953861833327,2992.656595383247
1785341156.4047787,FartherHybrid,inactive,True,16.700350266399887,312.2482424220541,408.79196206470186,2902.742138517133
1785341156.4047787,SwitchRef1,inactive,True,7.824048411515081,478.05671116611273,302.73086867184634,13333.79766034049
1785341156.9047852,LeftHybrid,inactive,True,20.711635363528547,316.6321204478548,461.7828711271677,3158.707274892513
1785341156.9047852,RightHybrid,inactive,True,16.287810457644945,436.7195128111759,447.24375605283154,3215.86784540159
1785341156.9047852,DownHybrid,inactive,True,23.710268435338822,384.1571463925346,513.2538616538354,3204.900590699617
1785341156.9047852,UpHybrid,inactive,True,10.623154743557032,368.8293598744688,395.9856424148847,3319.4705555293694
1785341156.9047852,Close,inactive,True,22.560798057000582,438.40501675099927,501.46520587341973,2879.428112878857
1785341156.9047852,Open,inactive,True,25.420466471800452,328.36106934853643,514.7287281062672,2853.721199956053
1785341156.9047852,CloserHybrid,inactive,True,9.715442514421163,427.0058961085906,394.82614227067444,2984.659240308829
1785341156.9047852,FartherHybrid,inactive,True,16.162580849565003,312.66496889912173,408.8751202991078,2919.103629836274
1785341156.9047852,SwitchRef1,inactive,True,7.763024868161851,478.29317838858196,302.89697071844586,13310.619492937003
1785341157.4048173,LeftHybrid,inactive,True,21.18999950027181,315.42890611108515,462.35663947505395,3139.7334152910407
1785341157.4048173,RightHybrid,inactive,True,16.452731291192848,435.2954114298042,447.6350596961621,3213.3175213419017
1785341157.4048173,DownHybrid,inactive,True,24.02161155910564,383.0133520828417,513.5791182924619,3189.8397786366404
1785341157.4048173,UpHybrid,inactive,True,11.11619967744995,367.2373090202525,396.58812108666746,3312.1717310678723
1785341157.4048173,Close,inactive,True,22.745188637530333,437.1698110920262,501.758254321279,2872.824215406101
1785341157.4048173,Open,inactive,True,25.81920811349475,327.3566199656453,515.1116279343781,2834.174361406389
1785341157.4048173,CloserHybrid,inactive,True,9.869749261515672,425.3956364355125,395.28360958942835,2985.9150271585095
1785341157.4048173,FartherHybrid,inactive,True,16.714048199132876,311.2359997098588,409.5915124344994,2904.980261031371
1785341157.4048173,SwitchRef1,inactive,True,7.241162947126332,476.3792482162892,302.80976921487223,13231.182511927116
1785341157.9047747,LeftHybrid,inactive,True,20.72824088417074,315.5019023815431,462.52121545618206,3157.241291960927
1785341157.9047747,RightHybrid,inactive,True,16.71412872708864,435.39968834511416,447.50105296486845,3185.8617357156763
1785341157.9047747,DownHybrid,inactive,True,23.947452685879345,383.08877101774516,513.4489597494618,3181.0348370468564
1785341157.9047747,UpHybrid,inactive,True,10.725036652018181,367.6070795794916,396.66990429655533,3311.5167718124067
1785341157.9047747,Close,inactive,True,22.924757507774554,437.12371202244873,501.412026241038,2846.5080724285654
1785341157.9047747,Open,inactive,True,25.52236612947475,327.35052182652714,515.2535839229349,2845.250181216892
1785341157.9047747,CloserHybrid,hovered,True,10.191277836932544,425.6774666508335,395.3426511748751,2964.529702471613
1785341157.9047747,FartherHybrid,inactive,True,16.04250479734341,311.4138720308393,409.7135012741321,2923.975692174994
1785341157.9047747,SwitchRef1,inactive,True,7.696493912831536,476.532810384224,303.14696796140726,13318.193171998544
1785341158.4047952,LeftHybrid,inactive,True,20.110647432965656,315.62617723522965,463.05628828648634,3153.715248553126
1785341158.4047952,RightHybrid,inactive,True,15.823688047698749,435.1230741822087,447.4494562507144,3184.3520587645326
1785341158.4047952,DownHybrid,inactive,True,23.144473859234004,383.2736997669348,513.8845880885546,3198.9479573697754
1785341158.4047952,UpHybrid,inactive,True,10.047979409666537,367.29097281727064,396.95614953527945,3287.454353414425
1785341158.4047952,Close,inactive,True,22.062197963906975,437.20980148939714,501.5449405797831,2862.2460723016993
1785341158.4047952,Open,inactive,True,24.825416928273924,327.5961937622702,515.9437990884146,2859.73433779717
1785341158.4047952,CloserHybrid,active,True,9.298345952898982,425.0919959366357,395.34268072598394,2945.6090627276717
1785341158.4047952,FartherHybrid,inactive,True,15.589287886010553,311.4219897980428,410.255103855785,2903.4394590221054
1785341158.4047952,SwitchRef1,inactive,True,7.297856313733239,476.4318764643881,303.1103794142258,13231.870045545875
1785341158.9048665,LeftHybrid,inactive,True,20.62823232957809,315.31278121874266,463.23946134031985,3164.9997490193637
1785341158.9048665,RightHybrid,inactive,True,16.6722532580733,435.2304164958268,447.8653001220155,3186.3640659313824
1785341158.9048665,DownHybrid,inactive,True,23.876479154685583,383.0548574663693,514.0294746337,3187.6593214036984
1785341158.9048665,UpHybrid,inactive,True,10.626639156928762,367.3296255284907,397.19435160355846,3313.4590800990118
1785341158.9048665,Close,inactive,True,22.87707943938803,437.0789311177212,501.8079816470674,2849.1911688946275
1785341158.9048665,Open,inactive,True,25.435437551257504,327.26820016026244,516.0163264474485,2854.429269613276
1785341158.9048665,CloserHybrid,active,True,10.155986654411087,425.39309283283455,395.72075057652796,2963.2966674691997
1785341158.9048665,FartherHybrid,inactive,True,15.931252698976133,311.1287510752179,410.38818493952203,2929.0185511143573
1785341158.9048665,SwitchRef1,inactive,True,7.31977725884708,476.43281042486706,303.9238130851487,13295.92641987589
1785341159.4047747,LeftHybrid,inactive,True,21.335631159442126,315.01009934794615,463.50190214062013,3117.653639459335
1785341159.4047747,RightHybrid,inactive,True,16.015829809516127,434.536182483465,449.1725497704313,3221.6236389718106
1785341159.4047747,DownHybrid,inactive,True,23.829117170283954,382.3155968023642,515.0658642765587,3196.1901316558506
1785341159.4047747,UpHybrid,inactive,True,11.257677799363988,366.5896943953226,397.959467860347,3291.1742281929983
1785341159.4047747,Close,inactive,True,22.350728835747752,436.4714785704783,503.4642695027306,2890.7277916763705
1785341159.4047747,Open,inactive,True,25.810770162132883,326.8182669402925,516.3269613054174,2826.8309040907334
1785341159.4047747,CloserHybrid,active,True,9.432302841011577,424.5901369270492,396.7536080894807,2982.1923697034654
1785341159.4047747,FartherHybrid,inactive,True,17.065249140069643,310.90710291982134,410.82537776564254,2874.2478748546127
1785341159.4047747,SwitchRef1,inactive,True,7.37059488375034,475.59972264761313,304.61932186490037,13283.984108184137
1785341159.9046607,LeftHybrid,inactive,True,20.242661869142026,319.0534488469674,460.5444418035856,3159.689424977885
1785341159.9046607,RightHybrid,inactive,True,17.50457070801584,439.5403468512105,452.15210243258883,3164.520619411982
1785341159.9046607,DownHybrid,inactive,True,24.142584265266485,383.55524803786005,514.993976347362,3170.5746270649106
1785341159.9046607,UpHybrid,inactive,True,10.497876395766573,374.97408093675773,397.7751282423151,3306.5781932903556
1785341159.9046607,Close,inactive,True,23.54227526823925,438.07829662633185,505.9284830394836,2829.454189122116
1785341159.9046607,Open,inactive,True,25.3139660183442,327.8092069564913,513.762021341604,2842.716935919656
1785341159.9046607,CloserHybrid,active,True,11.151248376234348,432.9234503836358,399.68364919679254,2946.6812138696405
1785341159.9046607,FartherHybrid,inactive,True,15.17278524383728,318.0385873677,407.64170997944035,2930.8317566956757
1785341159.9046607,SwitchRef1,inactive,True,8.68185878583403,486.14931217862824,303.6359809641557,13583.968300122448
1785341160.405267,LeftHybrid,inactive,True,19.449677000328975,325.1252012971958,455.9895845814617,3179.2201756103605
1785341160.405267,RightHybrid,inactive,True,18.125214962001028,446.15971259617487,455.566032262695,3168.3221103323303
1785341160.405267,DownHybrid,inactive,True,24.091293683731735,385.8716665737982,514.6953693893695,3182.9016148077208
1785341160.405267,UpHybrid,inactive,True,10.093885675959255,385.4526924144484,396.9459683274397,3320.533176268269
1785341160.405267,Close,inactive,True,23.962548373730026,440.9563324726383,509.23105243033376,2837.043932463115
1785341160.405267,Open,inactive,True,24.823948037845224,330.1947918813721,509.76514823493176,2855.629260542337
1785341160.405267,CloserHybrid,active,True,12.022865357145486,443.18680419411606,402.7024666280947,2948.5293981135474
1785341160.405267,FartherHybrid,inactive,True,13.984807268862358,327.76745290193196,403.01608353137664,2951.9354159862924
1785341160.405267,SwitchRef1,inactive,True,11.15613097604929,502.94132129338925,301.0254465575127,13909.87166687526
1785341160.9048016,LeftHybrid,inactive,True,19.63969706651727,325.84526251389747,454.61903713591715,3184.5540535691325
1785341160.9048016,RightHybrid,inactive,True,18.528941686745064,447.0907362172303,455.28157042209955,3171.22468560205
1785341160.9048016,DownHybrid,inactive,True,24.409222106928706,386.16081786223833,513.7872206180674,3177.1438946167327
1785341160.9048016,UpHybrid,inactive,True,10.374823422192238,386.83185331186513,396.08559167653425,3335.069643601186
1785341160.9048016,Close,inactive,True,24.34002877562613,441.3337925768762,508.8273847053222,2831.8035346458055
1785341160.9048016,Open,inactive,True,25.06555980626652,330.47812545100896,508.36779857847375,2851.218366634974
1785341160.9048016,CloserHybrid,active,True,12.445595373442325,444.65050414283695,402.3726299744094,2959.0990292044444
1785341160.9048016,FartherHybrid,inactive,True,14.087120832104985,328.9308989594412,401.64227249896055,2965.4353161843173
1785341160.9048016,SwitchRef1,inactive,True,11.388253968264914,504.524736974756,300.15661600013425,13981.115559932761
1785341161.4049237,LeftHybrid,inactive,True,19.299357078016186,326.7118969349421,453.65989723899486,3197.3764882104224
1785341161.4049237,RightHybrid,inactive,True,19.16762118971886,447.8218422281166,455.9403913848878,3137.9021546280565
1785341161.4049237,DownHybrid,inactive,True,24.565478621064123,385.9786986921738,513.4616714389745,3162.021522558469
1785341161.4049237,UpHybrid,inactive,True,10.492655347797156,388.90272811867726,396.0637258597427,3329.221032722744
1785341161.4049237,Close,inactive,True,24.80417621817936,441.04936198826135,509.1485004388092,2800.4222302625567
1785341161.4049237,Open,inactive,True,24.903432389617986,330.3576235027132,507.41968970611754,2856.387045473457
1785341161.4049237,CloserHybrid,active,True,13.299778418914626,446.4274591941171,403.22354126566,2932.1642765584547
1785341161.4049237,FartherHybrid,inactive,True,13.494290182139851,330.793434449516,400.7199763551922,2981.442098717438
1785341161.4049237,SwitchRef1,inactive,True,12.417614114745737,507.54156551464604,299.28471235983875,14120.358219656286
1785341161.9047859,LeftHybrid,inactive,True,18.95654759270268,330.5486967908226,449.0935961246795,3204.149796478683
1785341161.9047859,RightHybrid,inactive,True,19.36149067863519,451.6116012434136,458.2567014029889,3163.313473120812
1785341161.9047859,DownHybrid,inactive,True,24.50073188936904,386.45440622674846,512.3392613676555,3177.8310841018247
1785341161.9047859,UpHybrid,inactive,True,10.378786145626476,395.9512962151403,394.9455932680972,3346.597373065015
1785341161.9047859,Close,inactive,True,24.91608736389052,441.8398158508364,511.2272567934516,2824.6924395527312
1785341161.9047859,Open,inactive,True,24.67231708466825,331.1910116408111,503.05210574212657,2859.412541255675
1785341161.9047859,CloserHybrid,active,True,13.61332986170279,453.15143410484325,405.3250820790777,2953.746743580152
1785341161.9047859,FartherHybrid,inactive,True,13.014193902456904,337.5698371756339,396.37250301411575,2989.960062156315
1785341161.9047859,SwitchRef1,inactive,True,14.494522498712323,519.5276576122714,297.3148161475882,14299.356889946845
1785341162.4047961,LeftHybrid,inactive,True,18.95303729502483,336.94592422588784,445.5896356913879,3296.272882838246
1785341162.4047961,RightHybrid,inactive,True,22.492069917150545,457.6294649161289,463.45249960628064,3118.9875867505034
1785341162.4047961,DownHybrid,inactive,True,26.069590353029295,387.7640000302142,512.5720308707844,3174.028921050427
1785341162.4047961,UpHybrid,inactive,True,12.58364919007569,407.9633036917639,396.2388758722618,3397.84803118906
1785341162.4047961,Close,inactive,True,27.42514471380478,443.0268624811508,515.1400249656947,2772.5874746761547
1785341162.4047961,Open,inactive,True,25.145325741829534,332.86351788689706,499.603645000542,2909.9178432727495
1785341162.4047961,CloserHybrid,active,True,17.468336530598567,464.0892235806403,411.0150929224435,2932.985475565307
1785341162.4047961,FartherHybrid,inactive,True,12.385169010801247,348.73343670263694,393.0765322883189,3100.695267530813
1785341162.4047961,SwitchRef1,inactive,True,19.12523898535824,539.4540650451595,295.7307034367874,14586.370786367654
1785341162.9048645,LeftHybrid,inactive,True,19.1530550245418,346.7627705682257,441.73164666038383,3305.4215564488622
1785341162.9048645,RightHybrid,inactive,True,24.202746632891483,465.4282879431191,469.40828229546406,3101.3386292829964
1785341162.9048645,DownHybrid,inactive,True,26.964766969894328,391.5247660556543,512.4387229216329,3154.4659177529393
1785341162.9048645,UpHybrid,inactive,True,14.159592158608131,422.05851358437724,398.4215074648477,3405.3648003837006
1785341162.9048645,Close,inactive,True,28.771659044384794,446.2358447137269,519.5174517875118,2751.0580945669353
1785341162.9048645,Open,inactive,True,25.472035423103137,337.95308715878787,495.06494722616515,2899.6231148019433
1785341162.9048645,CloserHybrid,active,True,19.58906097734377,476.59646177703985,417.7828847800377,2924.162346270983
1785341162.9048645,FartherHybrid,inactive,True,12.524622670087405,363.15155693469455,390.3492911713862,3124.201917136066
1785341162.9048645,SwitchRef1,inactive,True,23.945527629991513,562.7891069888678,295.8520416876418,14606.433110246624
1785341163.4047964,LeftHybrid,inactive,True,20.689592584768032,359.5746667263788,437.7419722157165,3352.4740488756725
1785341163.4047964,RightHybrid,inactive,True,27.94143302631631,474.2726361819771,477.49690333810145,3038.402840240553
1785341163.4047964,DownHybrid,inactive,True,29.408713229380645,395.6333694090354,512.0896821555723,3107.073179058425
1785341163.4047964,UpHybrid,inactive,True,18.038573370478968,440.4581933471388,402.79966076049135,3425.8033009139617
1785341163.4047964,Close,inactive,True,31.876782719433958,448.88530959633516,524.5449665514452,2676.2125028071896
1785341163.4047964,Open,inactive,True,26.99237305111549,344.24115321431265,489.5359210640057,2899.9485409931367
1785341163.4047964,CloserHybrid,active,True,23.98302439124764,492.01647760636473,427.8533573506728,2889.022432624537
1785341163.4047964,FartherHybrid,inactive,True,14.429959424169862,382.39432117436144,388.29431416868016,3202.1774965557197
1785341163.4047964,SwitchRef1,inactive,True,29.868810261468308,592.6574130525964,297.1710078793011,14293.24151805423
1785341163.9047787,LeftHybrid,inactive,True,22.637787682542946,380.69042077025927,436.47086682150325,3371.620492634145
1785341163.9047787,RightHybrid,inactive,True,31.559091956484803,489.2440921820338,488.04529972966594,2975.853703438872
1785341163.9047787,DownHybrid,inactive,True,31.85024064292029,406.937620693478,513.4387118890227,3050.58943446973
1785341163.9047787,UpHybrid,inactive,True,22.11034628915805,465.921833815313,410.7843555491082,3419.5488572685863
1785341163.9047787,Close,inactive,True,34.85395517177317,457.8993194923017,531.2915148478734,2606.4920892746886
1785341163.9047787,Open,inactive,True,28.63904654997452,358.7102922412965,485.82579759464863,2881.7144674240844
1785341163.9047787,CloserHybrid,hovered,True,28.259415366159352,513.4727137362541,441.2051413382636,2847.0566301008803
1785341163.9047787,FartherHybrid,inactive,True,17.201774588749196,409.94870453946714,389.9148183184942,3247.4517353450356
1785341163.9047787,SwitchRef1,inactive,True,36.71494178354627,628.9384700823506,302.26445831847866,13773.131788098704
1785341164.4051712,LeftHybrid,inactive,True,23.85956363183073,388.21016085354194,437.3256139766479,3375.8428168435494
1785341164.4051712,RightHybrid,inactive,True,33.20820569073872,494.3311945049601,492.14605299976927,2937.784950410147
1785341164.4051712,DownHybrid,inactive,True,33.12488910155415,411.11577229638596,514.5842335730217,3017.3990686193574
1785341164.4051712,UpHybrid,inactive,True,23.99541390985432,474.6918239294362,414.63029893139355,3409.9008823742333
1785341164.4051712,Close,inactive,True,36.272240791499605,461.11792789244475,533.8837226065616,2565.352757546556
1785341164.4051712,Open,inactive,True,29.67147078678338,364.0586668325826,485.6516140351225,2869.8488345922233
1785341164.4051712,CloserHybrid,inactive,True,30.130550757653214,520.6734685168914,446.50626186267147,2820.429228741239
1785341164.4051712,FartherHybrid,inactive,True,18.788428907808406,419.59477437658785,391.87806291581774,3264.3711574331683
1785341164.4051712,SwitchRef1,inactive,True,38.814494000851084,641.5250925813903,304.50281957912983,13526.60464845506
1785341164.9046617,LeftHybrid,inactive,True,23.976165994985355,388.7576041600739,437.27747324893534,3379.009420491915
1785341164.9046617,RightHybrid,inactive,True,33.49944153532948,494.2412520495988,492.407037817886,2920.199203334443
1785341164.9046617,DownHybrid,inactive,True,33.27297672201272,411.01903762572215,514.5848683092116,3013.3689950464614
1785341164.9046617,UpHybrid,inactive,True,24.36219633612621,475.33045916924095,414.95188753097926,3395.730545202794
1785341164.9046617,Close,inactive,True,36.48349634740396,460.77707213585745,533.9764189153165,2553.8690737928846
1785341164.9046617,Open,hovered,True,29.729994494192518,364.1841734018051,485.52983977153207,2875.23118210581
1785341164.9046617,CloserHybrid,inactive,True,30.509789017785142,520.864115013588,446.9582643469232,2800.129577487329
1785341164.9046617,FartherHybrid,inactive,True,19.03790400945713,420.5195367383949,391.96385298022443,3262.6930837855034
1785341164.9046617,SwitchRef1,inactive,True,38.83098393237529,641.525762317456,304.63831276695277,13559.433693864106
1785341165.4051692,LeftHybrid,inactive,True,23.409137597251995,389.4118178503979,437.6049906136033,3366.499768627851
1785341165.4051692,RightHybrid,inactive,True,32.96316859689284,494.79854037742587,492.781235033671,2928.601299068221
1785341165.4051692,DownHybrid,inactive,True,32.72353775382318,411.7794034894807,515.0927187521313,3022.7080043703754
1785341165.4051692,UpHybrid,inactive,True,23.817900841175852,475.59088933000317,415.19505263899885,3382.519587642688
1785341165.4051692,Close,inactive,True,35.95043073947155,461.5416868027168,534.5721240607927,2569.041634472509
1785341165.4051692,Open,inactive,True,29.178288407695952,365.0002881257056,485.95526732544454,2874.994370190587
1785341165.4051692,CloserHybrid,inactive,True,29.987030425044694,521.1505176456801,447.18614373797175,2799.0780003059917
1785341165.4051692,FartherHybrid,inactive,True,18.47432909064109,420.92877672357105,392.28867409581335,3240.0466982142243
1785341165.4051692,SwitchRef1,inactive,True,39.036073215129285,642.0815478260733,304.95961160442346,13519.960730390856
1785341165.904716,LeftHybrid,inactive,True,24.011766644340028,388.59784432622723,438.11153613742886,3381.3023875794897
1785341165.904716,RightHybrid,inactive,True,33.51520389134192,494.3866607958224,492.73878062132553,2922.0301013437856
1785341165.904716,DownHybrid,inactive,True,33.301759924015904,411.2460639900124,515.342697676831,3016.825223428983
1785341165.904716,UpHybrid,inactive,True,24.375064231006608,475.0849622106692,415.3607127918564,3396.799999784227
1785341165.904716,Close,inactive,True,36.50492644499096,461.1212847268343,534.4969687731439,2556.792622033361
1785341165.904716,Open,inactive,True,29.767178725673944,364.2475239609043,486.50338460268983,2878.465317068476
1785341165.904716,CloserHybrid,inactive,True,30.517755890329582,520.7856105153883,447.1465610728934,2800.8703440385725
1785341165.904716,FartherHybrid,inactive,True,19.064038703296607,420.1491588535545,392.6355386470837,3263.971648914201
1785341165.904716,SwitchRef1,inactive,True,38.99430185528169,641.3652904152079,305.2306482743985,13496.957691145188
1785341166.4047513,LeftHybrid,inactive,True,23.850217306751354,390.47331113738903,439.1533878960546,3377.992763761038
1785341166.4047513,RightHybrid,inactive,True,33.401940071189436,496.3101648662845,493.593853830303,2927.4626995347207
1785341166.4047513,DownHybrid,inactive,True,33.14944446124362,413.270511582042,516.4406213566045,3023.4855157657876
1785341166.4047513,UpHybrid,inactive,True,24.28145496145679,476.7741816546277,416.17896280897094,3391.6909672831243
1785341166.4047513,Close,inactive,True,36.37234719869942,463.18659162553115,535.540036877062,2566.1190497542557
1785341166.4047513,Open,inactive,True,29.59327408261119,366.24303340566064,487.653116610648,2880.8301332560077
1785341166.4047513,CloserHybrid,inactive,True,30.431032289602612,522.5281326036385,447.86796569301043,2801.14408858947
1785341166.4047513,FartherHybrid,inactive,True,18.939237539021413,421.868149514605,393.60036127544333,3255.5068596733327
1785341166.4047513,SwitchRef1,inactive,True,39.0871510933313,642.9996635050263,305.5817523584127,13503.00840612204
1785341166.9047573,LeftHybrid,inactive,True,24.4362921932197,387.84146467490564,445.42624945403753,3389.3257987948164
1785341166.9047573,RightHybrid,inactive,True,33.79909689144184,493.8725080197612,500.32174234985195,2944.8043578022916
1785341166.9047573,DownHybrid,inactive,True,33.65501044102145,410.46556943029924,522.8807155859663,3040.4116003154777
1785341166.9047573,UpHybrid,inactive,True,24.678615051286492,474.4956513792969,422.7591775093299,3406.7545690940315
1785341166.9047573,Close,inactive,True,36.80704389308216,460.50695667467284,542.2322788074032,2585.391075068459
1785341166.9047573,Open,inactive,True,30.17018743130955,363.386023447173,493.86012941770207,2892.8710121184704
1785341166.9047573,CloserHybrid,inactive,True,30.76447318941739,520.3271493006717,454.62859112640035,2816.2041407773795
1785341166.9047573,FartherHybrid,inactive,True,19.46296787647313,419.4771261108245,399.97360122739576,3267.944586641577
1785341166.9047573,SwitchRef1,inactive,True,38.82263477493986,640.7056789620653,312.7529959339267,13577.549613389143
1785341167.4052558,LeftHybrid,inactive,True,26.30945599450283,390.3897016451354,462.29039141302883,3311.856014410252
1785341167.4052558,RightHybrid,inactive,True,35.15627438522031,495.89738853618144,516.5546341788191,2910.9900202369463
1785341167.4052558,DownHybrid,inactive,True,35.189306090850174,412.88238669216065,538.7016858320831,2990.412939444519
1785341167.4052558,UpHybrid,inactive,True,26.24869656694914,476.5264681261353,439.94222169137606,3348.541439849854
1785341167.4052558,Close,inactive,True,38.159699397804566,462.7002692529212,558.0183091642646,2562.6544472225505
1785341167.4052558,Open,hovered,True,31.86402287386444,366.14059203501733,509.96624110416883,2829.431213720047
1785341167.4052558,CloserHybrid,inactive,True,32.056116436330214,522.2481394302738,471.3827420397959,2782.694478479607
1785341167.4052558,FartherHybrid,inactive,True,21.382488337376607,421.7873454876782,417.52947813181055,3201.315892168801
1785341167.4052558,SwitchRef1,inactive,True,38.973055969150614,642.3831363215505,331.5513367581126,13372.513675326365
1785341167.9047687,LeftHybrid,inactive,True,23.52891859869537,398.1554060870967,444.7420364161026,3348.75326913521
1785341167.9047687,RightHybrid,inactive,True,33.212085508285874,503.29692882565774,499.78566867580776,2940.52860380552
1785341167.9047687,DownHybrid,inactive,True,32.81314214233266,420.43302231446046,522.3163753528869,3034.809973837255
1785341167.9047687,UpHybrid,inactive,True,24.213216715299286,483.9402645844597,422.14651896198353,3361.5047741340823
1785341167.9047687,Close,inactive,True,36.09401946540973,470.17576604590005,541.8785470268214,2594.020267264903
1785341167.9047687,Open,hovered,True,29.183429448675266,373.7782781808794,493.15631687581833,2873.489063064917
1785341167.9047687,CloserHybrid,inactive,True,30.34662028128696,529.4365427499993,454.01601499293224,2796.435578096949
1785341167.9047687,FartherHybrid,inactive,True,18.79100277985219,429.5177491081122,399.4514025806979,3210.798451145616
1785341167.9047687,SwitchRef1,inactive,True,40.53309782719842,649.8699115146139,311.6306490212181,13526.452449986158
1785341168.4046662,LeftHybrid,inactive,True,23.94268791836261,408.51382038291416,440.2482414651346,3377.9003679414454
1785341168.4046662,RightHybrid,inactive,True,33.82630376671359,514.7621697797007,493.9309344869205,2952.77947039681
1785341168.4046662,DownHybrid,inactive,True,33.29092025698782,431.76606149315734,517.4708487013396,3032.231892541269
1785341168.4046662,UpHybrid,inactive,True,24.864774434557603,494.62722688461633,416.39516045445043,3401.7647137801687
1785341168.4046662,Close,inactive,True,36.638781339607476,481.86150193464346,536.3195890301546,2587.907481584465
1785341168.4046662,Open,inactive,True,29.561336844257536,384.5982744190015,489.00303692607054,2878.646118384626
1785341168.4046662,CloserHybrid,inactive,True,31.032028963335424,540.6935556240093,447.7780912756065,2824.0410937592387
1785341168.4046662,FartherHybrid,inactive,True,19.309629785412657,439.5751710302981,394.3364283644961,3256.175970367214
1785341168.4046662,SwitchRef1,inactive,True,42.0205881829117,660.9649868084819,303.1462263640035,13531.945402795885
1785341168.904702,LeftHybrid,inactive,True,28.50193738708773,394.68585656523913,486.60970686717866,3203.69302189305
1785341168.904702,RightHybrid,inactive,True,36.82149388891766,499.2171076710874,539.6096615956997,2863.911982059508
1785341168.904702,DownHybrid,inactive,True,36.94578771770797,417.10014328017735,561.8102636838147,2941.46913644312
1785341168.904702,UpHybrid,inactive,True,28.29430717816674,479.6400672882147,464.2705457493632,3243.801558644758
1785341168.904702,Close,inactive,True,39.73824890930203,466.564841612241,580.9249089723571,2549.050941456255
1785341168.904702,Open,inactive,True,33.766585467647026,370.8294930841731,533.572622786313,2759.5545899318968
1785341168.904702,CloserHybrid,inactive,True,33.74639150986145,525.0406520694397,494.91116651876024,2718.3029249485844
1785341168.904702,FartherHybrid,hovered,True,23.77466376964677,425.5388350580271,442.63954976517743,3088.524174313803
1785341168.904702,SwitchRef1,inactive,True,39.40709302741917,641.3099105189772,356.1265292648022,13215.957524122103
1785341169.4048018,LeftHybrid,inactive,True,40.399566516589246,559.2691509063737,510.55912222318625,2744.2725589568436
1785341169.4048018,RightHybrid,inactive,True,48.99513568374393,648.2029639061159,562.761939044016,2567.0158346059907
1785341169.4048018,DownHybrid,inactive,True,46.68897037177844,570.142532931374,581.4512142361207,2575.95658253305
1785341169.4048018,UpHybrid,inactive,True,43.830437608418706,638.7929309878821,490.95192264667287,2740.541917706083
1785341169.4048018,Close,inactive,False,49.87511716767663,613.7318326648742,601.0601827487283,2304.011467181961
1785341169.4048018,Open,inactive,True,42.79737457777973,531.0496478855556,554.4564381477902,2403.8751473536977
1785341169.4048018,CloserHybrid,inactive,True,48.0068955912753,676.6724411331606,521.4058060458087,2411.6043049547297
1785341169.4048018,FartherHybrid,inactive,True,39.209840742693885,593.0271086450535,469.7840009772881,2595.3856317422033
1785341169.4048018,SwitchRef1,inactive,True,46.32292335397838,684.2516032470505,390.6106637632404,11762.691422328542
1785341169.904749,LeftHybrid,inactive,True,36.41506562118985,547.7155020755179,482.47901093609283,2954.9874531559617
1785341169.904749,RightHybrid,inactive,True,45.975080289635144,640.4629667039375,536.3224677845595,2701.6852710357052
1785341169.904749,DownHybrid,inactive,True,43.46275240458053,560.2206997655234,555.6192409373546,2711.0118183709856
1785341169.904749,UpHybrid,inactive,True,40.23589704507286,629.8311341882412,462.28763176558004,2949.6749161416083
1785341169.904749,Close,inactive,True,46.979967782074525,605.2876656555386,575.5015714840495,2396.003177991428
1785341169.904749,Open,inactive,True,39.18503287830547,519.4109349059771,527.7887978523165,2557.2447683743667
1785341169.904749,CloserHybrid,inactive,True,44.89708709821044,669.4234446564101,493.68816996451454,2563.95548499102
1785341169.904749,FartherHybrid,inactive,True,35.076278568754525,581.8728487490953,440.1726607171164,2813.7111334343062
1785341169.904749,SwitchRef1,inactive,True,46.32292335397838,684.2516032470505,390.6106637632404,11762.691422328542
1785341170.4046488,LeftHybrid,inactive,True,34.03608514535227,525.9042031816133,480.4802862955118,2997.262372632831
1785341170.4046488,RightHybrid,inactive,True,43.819231104567805,621.5188551380027,532.7728752208641,2722.1167244622484
1785341170.4046488,DownHybrid,inactive,True,41.54712124045231,541.4359426096596,553.7749881417765,2750.249975313127
1785341170.4046488,UpHybrid,inactive,True,37.55978902650717,608.061802706962,458.6876977899025,2986.645442778259
1785341170.4046488,Close,inactive,True,45.0878535099095,587.5620678752689,572.9017118503257,2422.0385841760435
1785341170.4046488,Open,inactive,True,37.267391842938416,499.1800619187836,526.4354652075142,2591.7590288198116
1785341170.4046488,CloserHybrid,inactive,True,42.48713240925032,649.0360082603233,489.2974841570727,2573.45570743017
1785341170.4046488,FartherHybrid,inactive,True,32.23635287560897,558.7155775388961,437.4291367706317,2855.830372420707
1785341170.4046488,SwitchRef1,inactive,True,46.32292335397838,684.2516032470505,390.6106637632404,11762.691422328542
1785341170.9046483,LeftHybrid,inactive,True,34.56927394105183,541.3259778031124,474.2742506896051,2989.291473852616
1785341170.9046483,RightHybrid,inactive,True,44.365801467551336,637.1454113705588,525.5795296986746,2732.1168826686917
1785341170.9046483,DownHybrid,inactive,True,41.933579170578206,557.2257236104294,547.3698380482607,2741.7395835426287
1785341170.9046483,UpHybrid,inactive,True,38.30895767562931,623.1579976869451,451.5434075162197,2989.8432416226424
1785341170.9046483,Close,inactive,True,45.509835274059625,603.4344935235799,566.0100897050115,2421.628473529854
1785341170.9046483,Open,inactive,True,37.603231514313336,514.9292342088979,520.5541534200204,2582.3626463024993
1785341170.9046483,CloserHybrid,inactive,True,43.16028647179729,664.4219449006605,481.8158384779349,2591.8978194412484
1785341170.9046483,FartherHybrid,inactive,True,33.00243408474926,573.7836987897954,430.80410880193637,2849.9651717336237
1785341171.4047542,LeftHybrid,inactive,True,34.36194219267138,541.0757217911694,475.5052316210688,2986.237778433264
1785341171.4047542,RightHybrid,inactive,True,44.20200665878641,636.5004930595896,527.2809046512452,2734.811731088208
1785341171.4047542,DownHybrid,inactive,True,41.70648079405678,556.7907234048884,548.9620404178777,2754.000432594039
1785341171.4047542,UpHybrid,inactive,True,38.18709678129455,622.5787324979118,453.00098218668836,2976.384315753967
1785341171.4047542,Close,inactive,True,45.311315114479704,602.8901295899748,567.8533402110188,2435.0626051987056
1785341171.4047542,Open,inactive,True,37.34478861019707,514.6379610663859,521.880281687973,2590.615413909094
1785341171.4047542,CloserHybrid,inactive,True,43.03484493633694,663.631706467514,483.4525713867059,2582.9798723644926
1785341171.4047542,FartherHybrid,inactive,True,32.8687398484168,573.4766010199421,432.08006072409364,2835.8162852076202
1785341171.904709,LeftHybrid,inactive,True,33.9987212255601,537.087390434581,471.5030904949673,3010.8222629819356
1785341171.904709,RightHybrid,inactive,True,43.91174874929388,633.3141208866991,522.6691987424233,2735.57708166496
1785341171.904709,DownHybrid,inactive,True,41.475666723851795,553.3834620059641,544.8120392416661,2754.8527835993445
1785341171.904709,UpHybrid,inactive,True,37.759131752856305,619.0202301827993,448.48870163013993,3004.0572960225545
1785341171.904709,Close,inactive,True,45.08769584521707,599.7274103149432,563.3133153697573,2425.3393725310743
1785341171.904709,Open,inactive,True,37.10722430055786,510.8458485831736,518.0218105796843,2599.950423589209
1785341171.904709,CloserHybrid,inactive,True,42.68061102585093,660.4277305302429,478.7013586288816,2594.1945416874078
1785341171.904709,FartherHybrid,inactive,True,32.38396434263504,569.4204369578274,427.7921603644063,2869.790930562609
1785341172.4047153,LeftHybrid,inactive,True,34.244123878704116,541.0426365541275,472.4475401435544,2968.4168520262174
1785341172.4047153,RightHybrid,inactive,True,44.08482816691881,636.2237912874208,523.969062369746,2710.3855998112413
1785341172.4047153,DownHybrid,inactive,True,41.602052854618265,556.6753125643309,545.5027272157135,2725.5809068608505
1785341172.4047153,UpHybrid,inactive,True,38.051365501457376,622.4614189426676,450.05139956178334,2963.8900027217023
1785341172.4047153,Close,inactive,True,45.20530117794089,602.6026723486824,564.2431025578535,2404.946455445839
1785341172.4047153,Open,inactive,True,37.244154589637525,514.654431195249,518.5811063386084,2568.047851812007
1785341172.4047153,CloserHybrid,inactive,True,42.90675875026468,663.4182349690318,480.37908511545373,2567.9803191063693
1785341172.4047153,FartherHybrid,inactive,True,32.73169172975205,573.415904336355,429.18787934873103,2825.2571824560146
1785341172.904793,LeftHybrid,inactive,True,34.69964478118728,540.60858341948,476.26170235012887,2975.731893080185
1785341172.904793,RightHybrid,inactive,True,44.47829125783005,635.6237905386743,528.0479824546371,2716.263159459195
1785341172.904793,DownHybrid,inactive,True,42.01442921421931,555.9095916548683,549.4439447760598,2735.0870033242973
1785341172.904793,UpHybrid,inactive,True,38.477398415774765,622.204311427733,454.0220539142713,2966.7088707688818
1785341172.904793,Close,inactive,True,45.59262999494524,601.8131723601009,568.3240859651936,2414.315591032617
1785341172.904793,Open,inactive,True,37.680965474425214,513.9486888848619,522.3994104485282,2576.973444803123
1785341172.904793,CloserHybrid,inactive,True,43.30209283729256,663.0167361612541,484.47397166302727,2570.254171335051
1785341172.904793,FartherHybrid,inactive,True,33.187874101803224,573.2440111098839,433.0310055254257,2830.393455778947
1785341173.405078,LeftHybrid,inactive,True,41.019444107814664,601.8351061793082,482.48225069856625,2824.914986734424
1785341173.405078,RightHybrid,inactive,True,49.84211968489139,691.2590779591042,535.1313891045542,2683.6085984751116
1785341173.405078,DownHybrid,inactive,True,46.93780085134144,612.9546150284082,555.6205534784472,2664.2922936204413
1785341173.405078,UpHybrid,inactive,True,45.21955886083144,680.9150095409989,461.1200455681658,2834.495739116188
1785341173.405078,Close,inactive,True,50.32818048849373,656.9027788715105,575.095383336811,2396.299913071998
1785341173.405078,Open,inactive,True,42.80964779142478,573.8133965005171,528.4968168224073,2485.925589556893
1785341173.405078,CloserHybrid,inactive,True,49.26232765178801,719.5345803110981,492.1699678476422,2534.203288932331
1785341173.405078,FartherHybrid,inactive,True,40.5675768154619,635.1319245287648,439.8157286000369,2656.8552848881372
1785341173.904707,LeftHybrid,inactive,True,42.956383390691265,628.3854787690273,470.0108729083166,2826.515962528749
1785341173.904707,RightHybrid,inactive,True,51.540940108488975,715.1027641556636,525.0481618010009,2703.7742356935632
1785341173.904707,DownHybrid,inactive,True,48.341103499919456,636.814050776738,544.4402420213182,2671.2753662670148
1785341173.904707,UpHybrid,inactive,True,47.46032280348874,707.1083263678474,449.9653180394057,2849.5750211918203
1785341173.904707,Close,inactive,True,51.736890540655025,679.7175014754612,564.8092977310318,2404.197397511656
1785341173.904707,Open,inactive,True,44.221981243539254,599.133278465337,516.3579738151533,2496.6358936992765
1785341173.904707,CloserHybrid,inactive,True,51.24490629560724,744.6367895844141,482.2404398933897,2568.1381589191733
1785341173.904707,FartherHybrid,inactive,True,43.00527934532896,662.5870333298568,427.3673994555828,2652.2410990568605
1785341174.4049609,LeftHybrid,inactive,True,42.03829856770574,617.4895621843533,472.3793039436236,2845.417072556622
1785341174.4049609,RightHybrid,inactive,True,50.79843406577519,705.1217781070523,526.9529159737993,2701.4852780160145
1785341174.4049609,DownHybrid,inactive,True,47.671252241455264,626.4909442713104,546.4618284008161,2673.932988350425
1785341174.4049609,UpHybrid,inactive,True,46.492088878700905,696.7734172768537,452.12959617239574,2862.228558803443
1785341174.4049609,Close,inactive,True,51.09792640737288,669.7315413885076,566.6272399647509,2399.9109226042638
1785341174.4049609,Open,inactive,True,43.50578392990558,588.3186783924748,518.5711307031034,2504.4531489540823
1785341174.4049609,CloserHybrid,inactive,True,50.40395323787528,734.6023610701386,484.16898361539137,2566.870263722696
1785341174.4049609,FartherHybrid,inactive,True,41.91845049048596,651.743419145365,429.73890812273385,2675.8670544800116
1785341174.9048061,LeftHybrid,inactive,True,40.09663329374058,594.5458675281477,470.7333031377499,2878.0234279957367
1785341174.9048061,RightHybrid,inactive,True,49.24527952745417,683.4580749050931,523.6675882291213,2653.66129684521
1785341174.9048061,DownHybrid,inactive,True,46.22063615337053,604.9503671806075,544.2026861111004,2661.6393055667286
1785341174.9048061,UpHybrid,inactive,True,44.4985253717062,674.2947641921369,449.52237586551007,2860.925306178193
1785341174.9048061,Close,inactive,True,49.7324460596147,648.5364529849024,563.466071332482,2357.4176701178367
1785341174.9048061,Open,inactive,True,41.941374877271585,565.8989549608199,516.9666034679253,2517.702071592663
1785341174.9048061,CloserHybrid,inactive,True,48.67453552406276,712.364359204109,480.7333630712127,2519.2839577788545
1785341174.9048061,FartherHybrid,inactive,True,39.67382246971576,628.4927280162295,427.7844399873791,2713.7380879330594
1785341175.404741,LeftHybrid,hovered,True,26.927496106535926,470.24094059435555,449.5560956813102,3009.5239575665473
1785341175.404741,RightHybrid,inactive,True,36.99824973988292,570.0371074473542,499.89762361955627,2690.2547822548513
1785341175.404741,DownHybrid,inactive,True,35.53283228656869,490.90639080681814,522.3503092252718,2722.863072495529
1785341175.404741,UpHybrid,inactive,True,29.322467449282964,551.9109346554767,426.39102511099014,3041.539459761698
1785341175.404741,Close,inactive,True,39.053065521253046,538.2004563742701,540.2733349353132,2359.4315639195993
1785341175.404741,Open,inactive,True,31.431874362262384,446.761792484024,495.6934441392785,2568.861424207731
1785341175.404741,CloserHybrid,inactive,True,34.93231426879103,595.2499106094608,455.9600744627958,2569.7829112796026
1785341175.404741,FartherHybrid,inactive,True,23.753482525346218,500.2810762333156,406.0087596498329,2897.430348829672
1785341175.9047618,LeftHybrid,inactive,True,26.493749337314412,477.7144984098676,451.4369496779543,3002.0223272407165
1785341175.9047618,RightHybrid,inactive,True,36.54044637788641,578.7470487212801,500.78712334207637,2733.972442647806
1785341175.9047618,DownHybrid,inactive,True,35.08661525995262,499.7921318770319,524.224378354381,2746.6065411952586
1785341175.9047618,UpHybrid,inactive,True,28.866959135101105,558.8669792554431,427.15199934710375,3052.64477646038
1785341175.9047618,Close,inactive,True,38.603287784469565,547.6492233645852,541.8543510016545,2403.030129380757
1785341175.9047618,Open,hovered,True,31.000040974455377,455.1572897905332,497.93261401029264,2570.045054576811
1785341175.9047618,CloserHybrid,inactive,True,34.4716368990654,603.0782426750465,456.2638157086526,2604.725933096517
1785341175.9047618,FartherHybrid,inactive,True,23.318384901044816,506.82624651994405,407.5062883409528,2885.2843899714353
1785341176.4072444,LeftHybrid,inactive,True,28.671340100868306,500.7493596637602,463.30448038702775,2930.984219757651
1785341176.4072444,RightHybrid,inactive,True,38.6109862217879,600.7375139761509,510.41587373841946,2696.3877904101682
1785341176.4072444,DownHybrid,inactive,True,36.83691621010146,522.9487894492333,535.1283250756417,2712.080645939728
1785341176.4072444,UpHybrid,inactive,True,31.495170085026032,580.4244125105213,437.75698948392636,2961.687223936533
1785341176.4072444,Close,inactive,True,40.367181216131,570.4845618487302,551.923378427042,2392.232293831301
1785341176.4072444,Open,inactive,True,32.671917615492376,478.6594644732511,509.86208675865777,2529.7650211462897
1785341176.4072444,CloserHybrid,inactive,True,36.82420483613689,624.2074398107939,465.81516329893327,2548.8428444499295
1785341176.4072444,FartherHybrid,inactive,True,26.051625184327676,529.1944876015147,419.3289614890398,2798.8522831459704
1785341176.9047644,LeftHybrid,inactive,True,28.671340100868306,500.7493596637602,463.30448038702775,2930.984219757651
1785341176.9047644,RightHybrid,inactive,True,38.6109862217879,600.7375139761509,510.41587373841946,2696.3877904101682
1785341176.9047644,DownHybrid,inactive,True,36.83691621010146,522.9487894492333,535.1283250756417,2712.080645939728
1785341176.9047644,UpHybrid,inactive,True,31.495170085026032,580.4244125105213,437.75698948392636,2961.687223936533
1785341176.9047644,Close,inactive,True,40.367181216131,570.4845618487302,551.923378427042,2392.232293831301
1785341176.9047644,Open,inactive,True,32.671917615492376,478.6594644732511,509.86208675865777,2529.7650211462897
1785341176.9047644,CloserHybrid,inactive,True,36.82420483613689,624.2074398107939,465.81516329893327,2548.8428444499295
1785341176.9047644,FartherHybrid,inactive,True,26.051625184327676,529.1944876015147,419.3289614890398,2798.8522831459704
1785341176.9047644,SwitchRef1,inactive,True,36.806657879004774,635.6032636355349,315.0988427779401,12568.601888736463
1785341177.404711,SwitchRef1,inactive,True,31.68997159555103,606.6264432579964,301.127734965515,13010.521775611509
1785341177.9049537,SwitchRef1,inactive,True,27.611471603869898,583.01988685985,291.9370338640722,13273.43034055495
1785341178.404653,SwitchRef1,inactive,True,31.1094237225273,603.4798369450547,291.02745227064077,13020.375425525097
1785341178.9046583,SwitchRef1,inactive,True,31.810390753122274,607.1199214747775,288.0655008061335,12976.117355351147
1785341179.4046562,SwitchRef1,inactive,True,33.16796179604532,614.4453852395173,296.46933507293323,12848.956450093458
1785341179.904625,SwitchRef1,inactive,True,32.450827733521926,611.3826132578088,297.1001692700351,12844.740985965072
1785341180.404627,SwitchRef1,inactive,True,32.20469904683133,608.5335233081993,283.0324265404669,13101.35840048112
1785341180.9046257,SwitchRef1,inactive,True,32.683574252234436,611.2430487435422,288.58199403388204,12986.943683275698
1785341181.4046268,SwitchRef1,inactive,True,33.15087652581715,612.8692770797329,285.69805405861945,12985.860955036413
1785341181.9046295,SwitchRef1,inactive,True,33.31685729184262,614.8473040123669,283.55525194335166,12869.496777312896
1785341182.4046252,SwitchRef1,inactive,True,34.485643110590765,620.6021039012217,277.11259322397785,12838.320122914156
1785341182.904654,SwitchRef1,inactive,True,36.43884216258922,633.1655203340379,287.81928180646435,12693.611703697796
1785341183.4046283,SwitchRef1,inactive,True,38.4740892495765,645.7812886600091,285.2492104988291,12540.506631605036
1785341183.9046824,SwitchRef1,inactive,True,33.6451831166181,617.3550206972362,285.0830748691768,12788.146941486848
1785341184.4046257,SwitchRef1,inactive,True,34.667378260170075,622.2371018628046,280.75978246478036,12745.213139952095
1785341184.9046555,SwitchRef1,inactive,True,41.877118860223916,664.1171030437845,266.4328862703887,12496.966373265663
1785341185.4046602,SwitchRef1,inactive,True,40.93701627391925,655.4717430090768,246.14929736431938,12626.666796412203
1785341185.9046595,SwitchRef1,inactive,True,38.38255915846304,636.3009156646125,248.29850832416184,12960.579469052253
1785341186.404698,SwitchRef1,inactive,True,35.28031507387796,619.464433568314,243.40225118654212,12860.093195204885
1785341186.9046247,SwitchRef1,inactive,True,34.88985457526033,619.3659853029155,256.3398131790388,12824.345012731224
1785341187.4046247,SwitchRef1,inactive,True,35.04402549469535,620.8147270493573,253.07107011023533,12860.7911653931
1785341187.904628,SwitchRef1,inactive,True,34.32947226169274,617.38425130094,264.4724476853637,12919.219715094107
1785341188.4046597,SwitchRef1,inactive,True,34.958163153888144,620.8914363100878,262.3791870140744,12912.486214690056
1785341188.9047327,SwitchRef1,inactive,True,35.60355891550642,624.146876925584,259.21503850586095,12950.023308747841
1785341188.9047327,LeftHybrid,inactive,True,19.14567341608732,398.45111181276826,402.0603339579398,2981.1603721413994
1785341188.9047327,RightHybrid,inactive,True,27.107391101906018,507.14042818780183,439.9136686294736,2742.3781134918245
1785341188.9047327,DownHybrid,inactive,True,27.947742742800703,432.50927637087125,471.96808836433314,2726.802160131032
1785341188.9047327,UpHybrid,inactive,True,17.62091315907073,475.1156563217711,368.8560329419785,3113.3912837861426
1785341188.9047327,Close,inactive,True,30.672891707769132,482.76291700168133,484.00270291952484,2364.7736123924697
1785341188.9047327,Open,inactive,True,25.222557713514757,384.1885693899758,450.6662177853751,2531.447850887169
1785341188.9047327,CloserHybrid,inactive,True,23.61335814198066,524.3435007800385,392.8167549164528,2646.5896738657175
1785341188.9047327,FartherHybrid,inactive,True,13.39931296896461,419.8840478191752,355.1940587669823,2886.430624652756
1785341189.4074214,SwitchRef1,inactive,True,38.86187273018415,645.1316881635205,326.1326195016278,13053.850467261262
1785341189.4074214,LeftHybrid,inactive,True,25.68781233676751,408.59396554036556,462.32545095292346,3085.0113081301242
1785341189.4074214,RightHybrid,inactive,True,33.58725741598164,518.157409719224,502.39530782052884,2809.821670455014
1785341189.4074214,DownHybrid,inactive,True,34.176697828048844,440.7131060675534,533.251723296817,2827.030687141276
1785341189.4074214,UpHybrid,inactive,True,24.687431227534283,488.44609334230944,430.59744188926743,3188.4603688460193
1785341189.4074214,Close,inactive,True,36.83261527920273,491.65617396175776,546.3879492706162,2460.2402426170156
1785341189.4074214,Open,hovered,True,31.256399124475237,391.9460158589202,510.85431983793495,2632.5866427619912
1785341189.4074214,CloserHybrid,inactive,True,30.203607340076196,537.5086193105749,455.4918551185491,2694.8662688827753
1785341189.4074214,FartherHybrid,inactive,True,20.49900350472207,432.51161530861305,415.7021889081386,2992.039102380688
1785341189.9046414,SwitchRef1,inactive,True,41.129282422181625,654.9986037480409,269.76327904868685,14037.142365794178
1785341189.9046414,LeftHybrid,inactive,True,22.422806920781095,399.50466209967226,411.0785483476167,3450.076289668301
1785341189.9046414,RightHybrid,inactive,True,31.7481334111117,512.9856726959125,454.67976202317203,3006.860092172181
1785341189.9046414,DownHybrid,inactive,True,31.915501992177063,431.8246382812393,485.8342476748819,3033.2647674922773
1785341189.9046414,UpHybrid,inactive,True,22.107253592080728,484.1073563654744,378.72520761628004,3546.786695732808
1785341189.9046414,Close,inactive,True,35.04493552911047,484.251681214309,499.7327897690606,2575.0335072226007
1785341189.9046414,Open,hovered,True,28.575479832217674,381.2424719525032,462.0287990582896,2885.433773284385
1785341189.9046414,CloserHybrid,inactive,True,28.47720156375212,534.5100485881361,405.961736114492,2931.845437990487
1785341189.9046414,FartherHybrid,inactive,True,16.903518192739895,425.5937491063228,361.7965837321495,3380.1508289309786
1785341190.4046674,SwitchRef1,inactive,True,41.01219205927184,652.070514806958,298.21001854455113,14047.537879985932
1785341190.4046674,LeftHybrid,inactive,True,23.52387093521971,404.7062713046315,445.41647290056153,3375.8660602707823
1785341190.4046674,RightHybrid,inactive,True,32.441094732733376,518.2491796240971,486.1960637155845,3009.177211647868
1785341190.4046674,DownHybrid,inactive,True,32.68002647841691,438.4136628269069,519.4586878714757,3064.4298825389415
1785341190.4046674,UpHybrid,hovered,True,23.094115734930813,487.30873279951163,411.4239793343416,3443.430029944575
1785341190.4046674,Close,inactive,True,35.67779032152165,491.12197041006453,532.4106488038004,2635.9521734814334
1785341190.4046674,Open,inactive,True,29.436802004126722,387.615873649538,496.61877226200875,2881.2431310743705
1785341190.4046674,CloserHybrid,inactive,True,29.17337352391259,537.9164365389643,437.054894998461,2880.5834920265042
1785341190.4046674,FartherHybrid,inactive,True,18.18880736959472,429.3325906552574,396.2071839224284,3259.8568829920696
1785341190.9047992,SwitchRef1,inactive,True,39.05195771769459,643.4165742911727,340.5830084581502,13345.696294548441
1785341190.9047992,LeftHybrid,inactive,True,27.99847524259565,402.6760555719467,480.2857966971079,3169.3238082538883
1785341190.9047992,RightHybrid,inactive,True,35.564439290120816,514.214217666718,519.5062678072653,2867.981847894218
1785341190.9047992,DownHybrid,inactive,True,36.3028846905544,435.7318669394822,551.4195930768977,2901.5374897982983
1785341190.9047992,UpHybrid,active,True,26.759133378092525,483.82508163356135,447.5741166754858,3266.95424050148
1785341190.9047992,Close,inactive,True,38.82545523495142,487.53319745926234,564.1161538219028,2522.793225822257
1785341190.9047992,Open,inactive,True,33.48778659114639,385.98564965848453,529.3572199508528,2708.1813190939865
1785341190.9047992,CloserHybrid,inactive,True,32.0991234335579,533.7013400805348,472.1259310568123,2749.4565033798717
1785341190.9047992,FartherHybrid,inactive,True,22.786220466542584,426.82385163528477,433.066884441427,3081.1213775866054
1785341191.4047287,SwitchRef1,inactive,True,37.161144685356554,632.8502595591204,353.1401142063699,12882.638725117096
1785341191.4047287,LeftHybrid,inactive,True,28.831132352006787,399.526123772372,491.58658479256087,3055.6402797007613
1785341191.4047287,RightHybrid,inactive,True,36.02296496358816,509.3069099280701,529.6760356108921,2776.9501268889
1785341191.4047287,DownHybrid,inactive,True,36.84935149975602,432.2506155905684,561.4617768820797,2823.6966690728004
1785341191.4047287,UpHybrid,hovered,True,27.46780025000433,479.10314645453883,459.2106197728526,3140.0678495816974
1785341191.4047287,Close,inactive,True,39.249439733102875,483.3032818266249,573.8008448860285,2460.3624085886404
1785341191.4047287,Open,inactive,True,34.15025086363191,383.23126032682717,539.9114791638324,2629.609341306932
1785341191.4047287,CloserHybrid,inactive,True,32.56497966923284,528.2018714547606,483.05412506419725,2648.81645853589
1785341191.4047287,FartherHybrid,inactive,True,23.74570413528961,423.1044556804428,445.2376085262232,2958.398446823194
1785341191.9048133,SwitchRef1,inactive,True,38.32508522192341,643.2819598063478,333.9090772329302,12861.956853082127
1785341191.9048133,LeftHybrid,inactive,True,26.935257514204512,408.4365911403731,472.1466502637902,3092.4251985850133
1785341191.9048133,RightHybrid,inactive,True,34.80728034660861,518.0837432369517,511.141078784602,2793.900498985822
1785341191.9048133,DownHybrid,inactive,True,35.32890046376431,440.72750105274736,542.6802362797133,2830.7752548413846
1785341191.9048133,UpHybrid,hovered,True,26.05839843453428,488.36440070229764,439.85289950758704,3176.5612046465103
1785341191.9048133,Close,inactive,True,37.970496183603906,491.70019689402875,555.2926114031609,2457.0219465606497
1785341191.9048133,Open,inactive,True,32.38512113632926,391.79257888711675,520.7753616725087,2645.017893652941
1785341191.9048133,CloserHybrid,inactive,True,31.48137521511247,537.3353763376849,464.2490122737663,2673.973630502718
1785341191.9048133,FartherHybrid,inactive,True,21.874419604872127,432.37003075977157,425.41106952508306,2996.6862312661688
1785341192.4048324,SwitchRef1,inactive,True,39.548547697895636,649.8221804656772,336.8930018824151,12958.813950908167
1785341192.4048324,LeftHybrid,inactive,True,27.59441336386931,411.0286957488729,474.4674569815045,3140.6885699715203
1785341192.4048324,RightHybrid,inactive,True,35.61235328970297,520.9491057373427,514.7681098625789,2826.5413778517395
1785341192.4048324,DownHybrid,inactive,True,36.02651740923875,442.56034076119386,545.6584835845181,2864.0852869623486
1785341192.4048324,UpHybrid,inactive,True,26.89801542849806,492.13692800749175,442.7909735864542,3223.530124719924
1785341192.4048324,Close,inactive,True,38.712742205252255,493.7075651168085,558.8367353582835,2484.361473079771
1785341192.4048324,Open,inactive,True,33.0107487484054,393.54039460170213,523.1765465708608,2680.8621503400063
1785341192.4048324,CloserHybrid,inactive,True,32.34575666802509,541.077982193246,467.8388466260251,2708.224229928892
1785341192.4048324,FartherHybrid,inactive,True,22.601998795813458,435.8700549564019,427.66950540815725,3049.530352977061
