timestamp,diameter_left,diameter_right,gaze_x,gaze_y
1785506872.796044,6.594005107879639,6.393551349639893,641.5663452148438,929.3829345703125
1785506872.801044,6.5804123878479,6.390249252319336,640.7021484375,928.82958984375
1785506872.806056,6.577401161193848,6.389584541320801,641.8265991210938,927.7926635742188
1785506872.811044,6.574687480926514,6.376386642456055,641.5158081054688,927.7034912109375
1785506872.816044,6.56651496887207,6.378729343414307,641.1845092773438,929.01416015625
1785506872.821044,6.570833683013916,6.380764007568359,639.8467407226562,928.3977661132812
1785506872.826044,6.570587158203125,6.375943660736084,639.1194458007812,927.1091918945312
1785506872.831044,6.56386661529541,6.360229015350342,639.7344970703125,927.3587036132812
1785506872.836044,6.554764747619629,6.366959095001221,639.726318359375,926.998291015625
1785506872.841044,6.568844318389893,6.364858627319336,636.9702758789062,928.9369506835938
1785506872.856044,6.5716705322265625,6.353026390075684,637.8424682617188,930.6949462890625
1785506872.861044,6.587852478027344,6.350511074066162,639.0872192382812,929.746826171875
1785506872.866044,6.590921878814697,6.354879856109619,638.8809814453125,929.8038330078125
1785506872.871044,6.595173358917236,6.353514194488525,639.315185546875,929.1962280273438
1785506872.876044,6.598433971405029,6.356339931488037,639.209716796875,929.3972778320312
1785506872.881044,6.599038600921631,6.356894016265869,639.3402709960938,929.7418823242188
1785506872.886044,6.592967987060547,6.351010799407959,638.4946899414062,929.3693237304688
1785506872.891044,6.5912346839904785,6.355127334594727,637.530029296875,929.6927490234375
1785506872.896044,6.57908821105957,6.35162878036499,637.0706787109375,930.78271484375
1785506872.901044,6.587820053100586,6.358307361602783,638.8372192382812,929.4076538085938
1785506872.906055,6.589296340942383,6.359768390655518,639.2883911132812,929.9706420898438
1785506872.911178,6.587968826293945,6.350755214691162,638.8944702148438,930.6705932617188
1785506872.916167,6.579144477844238,6.354033470153809,639.2235107421875,930.210205078125
1785506872.926167,6.566551208496094,6.344135761260986,641.3767700195312,931.1582641601562
1785506872.931167,6.586108684539795,6.346398830413818,638.3053588867188,929.4271850585938
1785506872.936167,6.577950477600098,6.343667030334473,637.4686279296875,929.1272583007812
1785506872.941178,6.58021354675293,6.337866306304932,637.4232788085938,929.2260131835938
1785506872.946167,6.568907260894775,6.334012985229492,637.8544311523438,928.9431762695312
1785506872.951178,6.566300868988037,6.331783771514893,638.8348388671875,928.0953979492188
1785506872.956167,6.564224720001221,6.329215049743652,639.1705322265625,928.159423828125
1785506872.961167,6.562592506408691,6.332330226898193,639.0508422851562,928.7377319335938
1785506872.966166,6.567263126373291,6.33943510055542,639.1717529296875,928.8637084960938
1785506872.971167,6.573122501373291,6.340644836425781,639.149658203125,929.0458374023438
1785506872.976166,6.567425727844238,6.344233989715576,638.5045776367188,928.46533203125
1785506872.981167,6.575756549835205,6.346536636352539,638.5006713867188,928.2861938476562
1785506872.986166,6.573166370391846,6.337741374969482,639.1226806640625,926.7890625
1785506872.991167,6.570059776306152,6.328404426574707,638.6137084960938,927.0175170898438
1785506872.996166,6.573095798492432,6.3219804763793945,637.9562377929688,926.1036987304688
1785506873.001178,6.573324680328369,6.3239359855651855,638.0078735351562,925.8988647460938
1785506873.006166,6.58087682723999,6.32177209854126,638.5042724609375,926.0924682617188
1785506873.011167,6.589101791381836,6.326603412628174,640.0787963867188,925.9766235351562
1785506873.016166,6.574238300323486,6.329362392425537,638.7950439453125,927.35791015625
1785506873.021167,6.576483249664307,6.317984104156494,640.3067016601562,928.9600219726562
1785506873.026167,6.570339202880859,6.321966171264648,641.322021484375,928.5804443359375
1785506873.031178,6.558407306671143,6.308482646942139,640.270751953125,928.591796875
1785506873.036167,6.564300060272217,6.309863090515137,640.87255859375,928.4129638671875
1785506873.0463,6.558394432067871,6.300567626953125,641.711669921875,927.7540893554688
1785506873.0513,6.572585582733154,6.305526256561279,641.3240966796875,926.9656982421875
1785506873.0563,6.5576863288879395,6.303309440612793,640.5372924804688,927.064208984375
1785506873.0613,6.564123630523682,6.307906627655029,640.297119140625,926.916748046875
1785506873.0663,6.561717987060547,6.320766448974609,637.1675415039062,926.5584716796875
1785506873.0713,6.551052093505859,6.319525718688965,636.1587524414062,925.8465576171875
1785506873.0763,6.55403995513916,6.3252973556518555,637.5924682617188,925.23388671875
1785506873.0863,6.549439430236816,6.319432735443115,638.2783203125,925.1840209960938
1785506873.0913,6.534312725067139,6.325666427612305,638.465087890625,925.0244750976562
1785506873.1013,6.543025493621826,6.328713893890381,637.1636962890625,924.387939453125
1785506873.1063,6.537289142608643,6.327121734619141,635.8963623046875,926.3401489257812
1785506873.1113,6.5358781814575195,6.333790302276611,638.528564453125,926.8356323242188
1785506873.116311,6.545313358306885,6.326693534851074,639.4171142578125,925.9304809570312
1785506873.1213,6.548513889312744,6.327261447906494,638.8134155273438,925.9874267578125
1785506873.1263,6.559292793273926,6.33581018447876,640.156005859375,925.8986206054688
1785506873.1313,6.56829833984375,6.323510646820068,639.7611694335938,925.4932250976562
1785506873.1363,6.575806140899658,6.329524040222168,639.361083984375,924.9993896484375
1785506873.1463,6.5786285400390625,6.3276824951171875,638.7229614257812,925.7646484375
1785506873.1513,6.575399875640869,6.325854778289795,640.4989013671875,924.7581787109375
1785506873.1563,6.575498580932617,6.314951419830322,641.24267578125,925.8645629882812
1785506873.1613,6.573622703552246,6.307867527008057,640.5491943359375,926.160888671875
1785506873.1663,6.579093933105469,6.311058521270752,640.9994506835938,925.4998168945312
1785506873.1713,6.587095260620117,6.319194316864014,638.9297485351562,925.4291381835938
1785506873.1763,6.585095405578613,6.326213836669922,639.1721801757812,925.54541015625
1785506873.1813,6.588301658630371,6.328794002532959,641.929931640625,926.497314453125
1785506873.186422,6.602851390838623,6.333529472351074,639.8162231445312,926.4212036132812
1785506873.191433,6.596543788909912,6.332422733306885,639.1807861328125,927.1640014648438
1785506873.196422,6.580710411071777,6.326309680938721,639.2328491210938,928.3673095703125
1785506873.201422,6.585964679718018,6.327605724334717,637.8668212890625,928.0211181640625
1785506873.206422,6.58553409576416,6.335358619689941,639.5210571289062,927.874755859375
1785506873.211422,6.572729587554932,6.333789825439453,639.495849609375,926.9141845703125
1785506873.216422,6.573845386505127,6.343027591705322,640.0689086914062,926.915771484375
1785506873.221422,6.57983922958374,6.336190700531006,639.377197265625,927.0165405273438
1785506873.226422,6.585949897766113,6.333327293395996,638.4027709960938,926.96923828125
1785506873.231422,6.568483829498291,6.329927444458008,639.5480346679688,926.0530395507812
1785506873.236422,6.571841716766357,6.331014156341553,638.6661987304688,928.5414428710938
1785506873.241422,6.579823017120361,6.34015417098999,638.9453125,927.463623046875
1785506873.246422,6.585239887237549,6.346500396728516,638.5034790039062,927.70703125
1785506873.251433,6.584261894226074,6.352765083312988,638.6865234375,927.4852294921875
1785506873.256422,6.57679557800293,6.357234477996826,637.7601318359375,928.1463623046875
1785506873.261422,6.589750289916992,6.3527679443359375,637.283935546875,926.6348266601562
1785506873.266422,6.591351509094238,6.359203815460205,637.9024047851562,925.4420776367188
1785506873.271422,6.5974955558776855,6.363029956817627,638.1583862304688,927.0360717773438
1785506873.276422,6.601131916046143,6.366152763366699,637.7389526367188,927.6928100585938
1785506873.281422,6.591135501861572,6.3596720695495605,636.3724975585938,926.60302734375
1785506873.291422,6.610072612762451,6.351301670074463,637.2091674804688,925.7539672851562
1785506873.296422,6.608609199523926,6.361362457275391,636.704345703125,925.7366333007812
1785506873.301422,6.61180305480957,6.364067077636719,638.0643920898438,928.6527709960938
1785506873.306422,6.613389015197754,6.359927654266357,637.517333984375,928.3767700195312
1785506873.311422,6.611016273498535,6.342225551605225,637.4446411132812,928.9614868164062
1785506873.316544,6.611434459686279,6.3462934494018555,634.8280639648438,928.1470336914062
1785506873.321544,6.619365692138672,6.345602989196777,638.810791015625,927.3954467773438
1785506873.326544,6.619181156158447,6.345943450927734,638.6961059570312,927.1992797851562
1785506873.331544,6.609547138214111,6.350546360015869,638.18896484375,927.309326171875
1785506873.336544,6.604388236999512,6.36551570892334,638.3026123046875,927.6962280273438
1785506873.341555,6.61908483505249,6.365067005157471,637.9711303710938,927.544921875
1785506873.346544,6.616867542266846,6.366165637969971,639.3792724609375,928.32470703125
1785506873.351544,6.6156158447265625,6.366976261138916,639.7705078125,929.42333984375
1785506873.361544,6.630533695220947,6.375380039215088,639.187744140625,929.4879760742188
1785506873.371544,6.654173851013184,6.370360374450684,639.7166748046875,930.0100708007812
1785506873.376544,6.644171237945557,6.370418071746826,640.31494140625,929.8988647460938
1785506873.381544,6.643293380737305,6.365440845489502,639.2239379882812,929.3567504882812
1785506873.386544,6.623366355895996,6.371002674102783,638.9884643554688,928.5805053710938
1785506873.391544,6.622687816619873,6.3718180656433105,638.263671875,929.0332641601562
1785506873.401544,6.633798599243164,6.366414546966553,638.9110107421875,928.1121215820312
1785506873.406544,6.634336471557617,6.35767126083374,638.6050415039062,928.3983764648438
1785506873.411544,6.632762908935547,6.35373592376709,639.449951171875,929.1371459960938
1785506873.416544,6.6295599937438965,6.347830772399902,639.8837890625,926.3447265625
1785506873.421556,6.624159336090088,6.3494648933410645,639.7118530273438,927.1491088867188
1785506873.426544,6.615213394165039,6.351883411407471,639.9840698242188,926.7459106445312
1785506873.431544,6.622567653656006,6.3601908683776855,639.8975219726562,927.358154296875
1785506873.436544,6.620316505432129,6.370781421661377,639.2559204101562,927.1450805664062
1785506873.441544,6.623551845550537,6.376399517059326,638.0625,925.3140869140625
1785506873.446544,6.626381874084473,6.365001678466797,636.9476318359375,926.7139282226562
1785506873.451667,6.625478267669678,6.370169639587402,637.65283203125,926.692138671875
1785506873.456666,6.623010635375977,6.369565010070801,636.9651489257812,927.5686645507812
1785506873.461667,6.618382453918457,6.368131160736084,636.9264526367188,928.2593383789062
1785506873.466666,6.609442710876465,6.372630596160889,637.0411987304688,928.1116943359375
1785506873.471667,6.6116156578063965,6.3855791091918945,635.0370483398438,925.6139526367188
1785506873.476678,6.6161346435546875,6.40004825592041,633.7783203125,924.4778442382812
1785506873.481667,6.615297794342041,6.41242790222168,633.3917236328125,921.6536865234375
1785506873.486666,6.612994194030762,6.4203901290893555,632.8588256835938,921.298095703125
1785506873.491667,6.6110358238220215,6.4219512939453125,632.5089721679688,920.9019775390625
1785506873.496667,6.625710487365723,6.432612419128418,631.3416748046875,919.5791015625
1785506873.501667,6.634556293487549,6.437373161315918,631.6646118164062,920.1898803710938
1785506873.506667,6.6389479637146,6.439362525939941,631.6755981445312,919.5191040039062
1785506873.511667,6.640165328979492,6.441380023956299,631.696044921875,919.3310546875
1785506873.521667,6.649194717407227,6.444383144378662,630.279296875,921.0635375976562
1785506873.526689,6.650799751281738,6.449426174163818,629.4202880859375,921.8894653320312
1785506873.536667,6.650128364562988,6.462684154510498,632.0353393554688,920.9454956054688
1785506873.546678,6.650473594665527,6.4545159339904785,631.5440673828125,922.0001831054688
1785506873.551678,6.631673336029053,6.461246967315674,632.1105346679688,921.8072509765625
1785506873.556678,6.625988483428955,6.458925247192383,632.4896850585938,920.3343505859375
1785506873.561666,6.621614456176758,6.4550299644470215,631.9087524414062,920.5908203125
1785506873.566667,6.621988773345947,6.456507205963135,631.9063110351562,920.3225708007812
1785506873.571666,6.603194713592529,6.4484453201293945,631.7824096679688,919.2628173828125
1785506873.576667,6.60829496383667,6.444319248199463,631.6130981445312,920.847900390625
1785506873.581666,6.618190288543701,6.446120738983154,632.6409912109375,920.618896484375
1785506873.5918,6.616443634033203,6.454297065734863,632.3407592773438,917.845703125
1785506873.596678,6.609209060668945,6.449677467346191,633.1397705078125,918.2421264648438
1785506873.6018,6.620539665222168,6.4440388679504395,633.7347412109375,918.213134765625
1785506873.6068,6.609666347503662,6.451423168182373,634.5888061523438,920.3109741210938
1785506873.6118,6.615052223205566,6.4539666175842285,632.5206909179688,918.9605102539062
1785506873.6168,6.619673728942871,6.451633453369141,632.1425170898438,919.6997680664062
1785506873.6218,6.62278413772583,6.453078269958496,630.9251098632812,918.9365844726562
1785506873.6268,6.645190238952637,6.458569049835205,630.1876220703125,918.3961791992188
1785506873.6318,6.660057067871094,6.4478983879089355,632.7803344726562,918.8683471679688
1785506873.6368,6.6599297523498535,6.448758602142334,632.5612182617188,918.504150390625
1785506873.6418,6.664416313171387,6.44533634185791,633.3143310546875,917.9415893554688
1785506873.6468,6.658797264099121,6.445732116699219,632.4468383789062,918.13671875
1785506873.6518,6.647753715515137,6.435345649719238,629.8416137695312,919.1442260742188
1785506873.6568,6.646115779876709,6.4280219078063965,629.8324584960938,918.7252807617188
1785506873.6618,6.65280294418335,6.421810150146484,629.6333618164062,919.0714111328125
1785506873.6668,6.642148017883301,6.423202991485596,630.5431518554688,918.8338012695312
1785506873.6718,6.634332656860352,6.418951988220215,630.0961303710938,918.8671264648438
1785506873.6768,6.621822834014893,6.409739971160889,629.4683227539062,918.6849975585938
1785506873.6818,6.618314266204834,6.415840148925781,630.4893188476562,919.3046875
1785506873.6918,6.635251045227051,6.424492359161377,632.8286743164062,920.8651733398438
1785506873.6968,6.639530658721924,6.425678253173828,630.8057250976562,922.1790161132812
1785506873.7018,6.645761013031006,6.428516864776611,633.989013671875,922.6976318359375
1785506873.7068,6.648190498352051,6.422816753387451,632.0287475585938,921.7108764648438
1785506873.7118,6.644830703735352,6.419787406921387,632.1507568359375,919.9283447265625
1785506873.7168,6.643591403961182,6.42597770690918,630.71630859375,919.5216674804688
1785506873.7218,6.642447471618652,6.417574882507324,630.8895874023438,920.3397827148438
1785506873.726922,6.639695644378662,6.419755458831787,630.87744140625,919.8115234375
1785506873.731922,6.638987064361572,6.423449516296387,630.4354248046875,917.27197265625
1785506873.736922,6.638372421264648,6.432592391967773,629.8330688476562,916.4150390625
1785506873.741922,6.624505043029785,6.427095890045166,631.7467041015625,918.2109375
1785506873.746922,6.619136333465576,6.424744129180908,632.3356323242188,918.3676147460938
1785506873.751922,6.618784427642822,6.42185640335083,631.1566772460938,918.0984497070312
1785506873.756922,6.610467910766602,6.419357776641846,634.8302612304688,918.7081298828125
1785506873.761922,6.599292755126953,6.411459922790527,633.4698486328125,919.7465209960938
1785506873.766922,6.5759687423706055,6.416981220245361,635.10009765625,920.2194213867188
1785506873.776922,6.590479373931885,6.460258483886719,666.5673828125,914.8287353515625
1785506873.786922,6.577040672302246,6.424300193786621,718.4031372070312,872.2144165039062
1785506873.791922,6.525676250457764,6.398647308349609,742.7000122070312,854.7452392578125
1785506873.796922,6.447865009307861,6.33975887298584,762.943603515625,851.088623046875
1785506873.806933,6.321398735046387,6.225554943084717,810.006103515625,837.7793579101562
1785506873.811922,6.182745933532715,6.1243720054626465,832.6932983398438,793.8832397460938
1785506873.816922,6.017665386199951,6.003759860992432,854.2888793945312,776.0590209960938
1785506873.821922,5.858524322509766,5.888853549957275,893.4318237304688,771.1445922851562
1785506873.826922,5.702594757080078,5.753316402435303,935.5505981445312,721.6708374023438
1785506873.831922,5.586186408996582,5.6100873947143555,960.8399047851562,709.4022216796875
1785506873.836922,5.472116947174072,5.448283672332764,979.822021484375,637.01806640625
1785506873.841922,5.359072685241699,5.240737438201904,1002.2235717773438,583.5138549804688
1785506873.846922,5.245419025421143,5.2407050132751465,1026.226806640625,530.9120483398438
1785506873.851922,5.0979743003845215,5.072548866271973,1082.489990234375,470.8122253417969
1785506873.856922,5.0979509353637695,4.907379627227783,1095.0750732421875,492.4076232910156
1785506873.862056,5.0979180335998535,4.907345294952393,1121.645263671875,471.04754638671875
1785506873.867044,5.097877502441406,4.90730094909668,1141.2156982421875,440.6911926269531
1785506873.872044,5.097830295562744,4.907255172729492,1153.74609375,458.6174621582031
1785506873.877044,5.097779750823975,4.907197952270508,1153.8507080078125,453.197998046875
1785506873.882044,5.097721099853516,4.907145977020264,1144.0936279296875,441.3990478515625
1785506873.887044,5.097675323486328,4.907085418701172,1149.4957275390625,405.60791015625
1785506873.892044,5.097652912139893,4.9070234298706055,1163.6998291015625,402.1552734375
1785506873.907055,5.097628593444824,4.906939506530762,1177.6121826171875,432.9126281738281
1785506873.912044,5.097599983215332,4.906864643096924,1186.65771484375,450.7001037597656
1785506873.917044,5.0976128578186035,4.906824111938477,1209.3638916015625,463.5219421386719
1785506873.922055,5.097620487213135,4.906784534454346,1210.209716796875,457.67083740234375
1785506873.927044,5.09764289855957,4.906764984130859,1207.4525146484375,458.7297058105469
1785506873.932044,5.097682476043701,4.906761169433594,1205.0205078125,454.8541259765625
1785506873.947044,5.0977678298950195,4.906778812408447,1193.208740234375,414.2351989746094
1785506873.952044,5.0978522300720215,4.906798839569092,1191.8013916015625,398.5871887207031
1785506873.957044,5.0979437828063965,4.906826496124268,1180.4388427734375,397.89501953125
1785506873.962055,5.098054885864258,4.906881809234619,1174.131103515625,388.8139953613281
1785506873.977044,6.130284309387207,5.475628852844238,1173.7919921875,380.6514587402344
1785506873.982044,6.247352600097656,5.638068199157715,1171.3426513671875,381.03118896484375
1785506873.987044,6.32506799697876,5.732748031616211,1165.51171875,374.3620300292969
1785506873.992044,6.362332344055176,5.802788734436035,1163.99853515625,373.9261474609375
1785506873.997178,6.399888515472412,5.834295749664307,1155.262451171875,379.091552734375
1785506874.007167,6.44011116027832,5.888186931610107,1145.83837890625,377.9388732910156
1785506874.012167,6.455925464630127,5.901306629180908,1144.0386962890625,377.3992614746094
1785506874.017178,6.471591949462891,5.960398197174072,1143.5123291015625,377.3501892089844
1785506874.022166,6.47667932510376,5.997978687286377,1144.1827392578125,376.2239990234375
1785506874.027167,6.471058368682861,6.016167640686035,1143.171875,372.79583740234375
1785506874.032166,6.465025424957275,6.053319931030273,1143.3974609375,370.71649169921875
1785506874.037167,6.453424453735352,6.06952428817749,1144.8216552734375,368.99755859375
1785506874.047167,6.46431827545166,6.107279300689697,1142.580810546875,367.94189453125
1785506874.052166,6.467112064361572,6.144430160522461,1141.0902099609375,367.0543518066406
1785506874.057178,6.472966194152832,6.162528991699219,1141.8218994140625,367.6322937011719
1785506874.062166,6.47450065612793,6.192529201507568,1141.466064453125,367.773193359375
1785506874.067167,6.485507011413574,6.197118282318115,1141.6956787109375,368.4287414550781
1785506874.072166,6.466494560241699,6.186556816101074,1141.960205078125,369.0013732910156
1785506874.077167,6.4597883224487305,6.1856513023376465,1142.18798828125,369.3187255859375
1785506874.082167,6.452182292938232,6.160892486572266,1143.427490234375,371.5050354003906
1785506874.087167,6.4515838623046875,6.146188259124756,1144.3519287109375,370.2500305175781
1785506874.092167,6.466306686401367,6.132683753967285,1144.9527587890625,369.7773132324219
1785506874.102167,6.479533672332764,6.120293617248535,1144.986572265625,368.32806396484375
1785506874.107178,6.47575044631958,6.099948883056641,1147.2294921875,365.67022705078125
1785506874.112167,6.475303649902344,6.093674182891846,1170.91552734375,358.8611145019531
1785506874.122178,6.406620502471924,5.990350723266602,1199.998779296875,327.5442199707031
1785506874.1323,6.346855640411377,5.862420558929443,1224.1083984375,317.5592956542969
1785506874.1373,6.301881790161133,5.77304220199585,1232.9461669921875,297.2828674316406
1785506874.142311,6.279126167297363,5.740394115447998,1230.584716796875,297.7748107910156
1785506874.1473,6.257357120513916,5.698033332824707,1234.116455078125,299.390380859375
1785506874.1523,6.236213684082031,5.667019367218018,1235.3812255859375,299.4047546386719
1785506874.1573,6.239443302154541,5.644083023071289,1235.9959716796875,299.98492431640625
1785506874.1623,6.234565258026123,5.610620498657227,1237.6422119140625,301.3789367675781
1785506874.1673,6.222048282623291,5.608109951019287,1237.2294921875,301.7842712402344
1785506874.1773,6.205546855926514,5.539333820343018,1237.7667236328125,300.8252258300781
1785506874.1823,6.2004618644714355,5.545095443725586,1236.8602294921875,300.23651123046875
1785506874.1873,6.199954986572266,5.527596950531006,1237.296142578125,300.0240173339844
1785506874.1973,6.188631534576416,5.505663871765137,1238.9581298828125,300.26904296875
1785506874.2023,6.187117099761963,5.496205806732178,1238.40966796875,302.01861572265625
1785506874.2073,6.178488254547119,5.497634410858154,1238.310791015625,302.3089599609375
1785506874.2123,6.17299222946167,5.483888149261475,1237.6705322265625,301.6145935058594
1785506874.2173,6.171804428100586,5.475637912750244,1238.7222900390625,300.9371643066406
1785506874.2273,6.1645827293396,5.438369274139404,1239.706298828125,299.8173828125
1785506874.2323,6.151449203491211,5.426553249359131,1240.238037109375,300.27252197265625
1785506874.2373,6.1559367179870605,5.420005798339844,1239.1822509765625,299.9537048339844
1785506874.2473,6.146859645843506,5.414392471313477,1238.5299072265625,299.6844482421875
1785506874.2523,6.141242980957031,5.41921854019165,1241.0828857421875,299.2597961425781
1785506874.2623,6.152695655822754,5.426847457885742,1242.5543212890625,299.6355285644531
1785506874.267422,6.16140079498291,5.407479286193848,1242.2247314453125,299.1560974121094
1785506874.272422,6.149754047393799,5.418633937835693,1240.979736328125,299.6326599121094
1785506874.277422,6.160070419311523,5.405442237854004,1240.1766357421875,299.55303955078125
1785506874.282422,6.161046504974365,5.403550624847412,1240.1612548828125,300.10443115234375
1785506874.287433,6.1591691970825195,5.407896041870117,1239.8167724609375,299.1931457519531
1785506874.292422,6.153192043304443,5.408401012420654,1239.53564453125,298.2136535644531
1785506874.297422,6.13945198059082,5.418816566467285,1240.3245849609375,298.3816223144531
1785506874.302422,6.122720718383789,5.417601585388184,1240.51416015625,297.62176513671875
1785506874.307422,6.1155314445495605,5.404767990112305,1239.97265625,298.34344482421875
1785506874.312422,6.0987677574157715,5.387150287628174,1240.15869140625,297.3334655761719
1785506874.317422,6.088988780975342,5.38657283782959,1240.6475830078125,296.8879089355469
1785506874.327422,6.071887016296387,5.383181095123291,1244.793212890625,296.5706481933594
1785506874.332433,6.06804895401001,5.377538204193115,1245.281005859375,295.83233642578125
1785506874.337422,6.059848308563232,5.357420921325684,1245.120361328125,297.0657653808594
1785506874.342422,6.053559303283691,5.354701042175293,1244.9862060546875,295.0763244628906
1785506874.347433,6.059508800506592,5.370680332183838,1245.21484375,295.2475280761719
1785506874.352422,6.045870780944824,5.365390777587891,1246.2017822265625,295.9824523925781
1785506874.357433,6.039892196655273,5.36718225479126,1244.913330078125,295.76702880859375
1785506874.362422,6.036216735839844,5.37156867980957,1245.902099609375,295.2396240234375
1785506874.367433,6.040393352508545,5.382347583770752,1246.070556640625,296.0683898925781
1785506874.372422,6.045389652252197,5.376619338989258,1247.322265625,298.1817626953125
1785506874.377422,6.037567138671875,5.366658687591553,1246.85400390625,298.1763610839844
1785506874.382422,6.025285243988037,5.376435279846191,1246.8834228515625,297.7694396972656
1785506874.387422,6.024959087371826,5.366850852966309,1246.3287353515625,297.5286865234375
1785506874.392422,6.010265827178955,5.359392166137695,1246.6151123046875,296.651123046875
1785506874.397422,6.01192569732666,5.338223457336426,1247.04736328125,295.5977478027344
1785506874.402555,6.004753589630127,5.317351341247559,1246.9058837890625,295.4844665527344
1785506874.407555,6.002379894256592,5.3030476570129395,1245.99951171875,295.6837158203125
1785506874.412544,5.994223594665527,5.301102638244629,1246.1973876953125,296.1831359863281
1785506874.417544,5.997405529022217,5.2779669761657715,1246.0380859375,296.7860412597656
1785506874.422544,5.980189800262451,5.267455101013184,1246.452392578125,297.4877014160156
1785506874.432544,5.962443828582764,5.269451141357422,1248.9080810546875,298.434814453125
1785506874.437544,5.950390338897705,5.255085468292236,1248.917724609375,297.1970520019531
1785506874.442544,5.9630866050720215,5.2566938400268555,1248.510009765625,297.23577880859375
1785506874.447544,5.974165916442871,5.242397785186768,1249.18505859375,296.5104675292969
1785506874.457556,5.96315860748291,5.238677501678467,1248.1907958984375,295.625244140625
1785506874.462544,5.954899787902832,5.23372745513916,1247.34326171875,295.81866455078125
1785506874.467544,5.948543071746826,5.23396635055542,1246.4827880859375,296.1163330078125
1785506874.472544,5.9473700523376465,5.236396789550781,1247.0672607421875,296.3052673339844
1785506874.477556,5.948524475097656,5.2296833992004395,1246.566650390625,295.8704528808594
1785506874.482555,5.947134971618652,5.206609725952148,1246.6826171875,296.1849670410156
1785506874.487556,5.947101593017578,5.193638801574707,1249.803466796875,291.7353515625
1785506874.492555,5.949921131134033,5.19270133972168,1250.3377685546875,291.6209411621094
1785506874.497544,5.96195650100708,5.167771816253662,1250.366943359375,285.8802185058594
1785506874.502544,5.964834213256836,5.151219844818115,1251.982666015625,283.5170593261719
1785506874.507544,5.965648174285889,5.173096656799316,1253.1358642578125,280.7773742675781
1785506874.517544,5.950472831726074,5.128296375274658,1254.1019287109375,280.0430908203125
1785506874.532544,5.9262566566467285,5.093313217163086,1253.43896484375,275.6549987792969
1785506874.542667,5.919989109039307,5.064190864562988,1253.857177734375,274.0482177734375
1785506874.552667,5.881676197052002,5.055706024169922,1254.0086669921875,273.5700378417969
1785506874.557678,5.875736713409424,5.068192958831787,1253.79296875,273.0891418457031
1785506874.562667,5.8805928230285645,5.04181432723999,1253.9527587890625,273.965576171875
1785506874.567667,5.887455463409424,5.030848503112793,1254.83447265625,273.449951171875
1785506874.572678,5.876211643218994,5.025730609893799,1254.86181640625,272.782470703125
1785506874.577667,5.878892421722412,5.032668590545654,1253.6368408203125,274.03619384765625
1785506874.582667,5.877742767333984,5.028787136077881,1254.27880859375,274.1856689453125
1785506874.587667,5.881611347198486,5.055856704711914,1254.246826171875,274.26214599609375
1785506874.592667,5.867456436157227,5.056935787200928,1255.2021484375,276.9267578125
1785506874.602667,5.860598564147949,5.0836710929870605,1253.9005126953125,277.5838928222656
1785506874.607666,5.866724491119385,5.085753917694092,1254.0003662109375,277.0430908203125
1785506874.612667,5.858476638793945,5.056808948516846,1253.406494140625,274.4828186035156
1785506874.617666,5.855632305145264,5.062651634216309,1254.076171875,274.0880432128906
1785506874.622678,5.862536430358887,5.076646327972412,1253.209228515625,275.1268005371094
1785506874.627666,5.865941524505615,5.086670398712158,1253.841064453125,275.33001708984375
1785506874.632667,5.867246627807617,5.056735515594482,1254.2615966796875,273.72393798828125
1785506874.637666,5.869334697723389,5.0448408126831055,1254.6544189453125,274.06988525390625
1785506874.642667,5.879726886749268,5.043353080749512,1254.252685546875,273.9701232910156
1785506874.647678,5.876887798309326,5.045738697052002,1253.7952880859375,273.8746643066406
1785506874.652667,5.891149044036865,5.068209648132324,1254.427490234375,273.4660949707031
1785506874.662667,5.905062675476074,5.080257892608643,1255.2164306640625,274.0090026855469
1785506874.667667,5.899860858917236,5.077510833740234,1255.4810791015625,274.0372314453125
1785506874.6728,5.8861236572265625,5.048086643218994,1254.749755859375,273.4534606933594
1785506874.6778,5.885518550872803,5.036459922790527,1254.97705078125,274.14837646484375
1785506874.6828,5.884110927581787,5.0287275314331055,1255.029541015625,274.4333801269531
1785506874.6878,5.89080810546875,5.010230541229248,1253.9744873046875,273.8562927246094
1785506874.6928,5.895638465881348,5.010452747344971,1253.573486328125,274.51806640625
1785506874.6978,5.8971333503723145,5.022300720214844,1252.2822265625,273.44683837890625
1785506874.7028,5.905091762542725,5.046513080596924,1251.624267578125,274.2564392089844
1785506874.7078,5.894982814788818,5.035604000091553,1253.5657958984375,275.185791015625
1785506874.7128,5.897775173187256,5.047926425933838,1253.60888671875,275.45794677734375
1785506874.7228,5.94434928894043,5.088454246520996,1251.2823486328125,273.9801940917969
1785506874.7278,5.965860366821289,5.104415416717529,1247.1815185546875,262.6517028808594
1785506874.7328,5.977306842803955,5.145776271820068,1244.2474365234375,260.76739501953125
1785506874.7378,5.970762729644775,5.155874252319336,1243.2742919921875,259.15521240234375
1785506874.7428,5.975248336791992,5.168759346008301,1242.635009765625,256.033203125
1785506874.7478,5.980220794677734,5.1699748039245605,1242.6043701171875,255.28884887695312
1785506874.7528,5.988191604614258,5.179513454437256,1242.98486328125,254.559326171875
1785506874.7578,6.005566596984863,5.193634986877441,1239.3343505859375,251.84249877929688
1785506874.7628,6.000411510467529,5.197226047515869,1239.0931396484375,252.27267456054688
1785506874.767811,6.007879734039307,5.205273628234863,1237.9248046875,252.09515380859375
1785506874.7728,6.006208419799805,5.197910308837891,1238.9537353515625,253.24920654296875
1785506874.7778,6.002508163452148,5.1856818199157715,1238.794677734375,253.72393798828125
1785506874.7828,6.007912635803223,5.186829090118408,1239.451171875,253.28411865234375
1785506874.7878,6.003953456878662,5.181581497192383,1238.96923828125,252.4814453125
1785506874.7928,5.992673397064209,5.173295021057129,1239.3939208984375,251.93353271484375
1785506874.7978,5.979239463806152,5.168239593505859,1239.768310546875,251.51763916015625
1785506874.8028,5.979676723480225,5.162839412689209,1240.8101806640625,253.21417236328125
1785506874.807922,5.975151538848877,5.164607524871826,1241.1458740234375,254.160888671875
1785506874.812922,5.992596626281738,5.156268119812012,1240.6082763671875,253.5845947265625
1785506874.817922,5.9939470291137695,5.176046848297119,1239.276611328125,253.35455322265625
1785506874.822922,5.973681449890137,5.162238121032715,1240.689697265625,253.20236206054688
1785506874.847922,5.967573165893555,5.182390213012695,1239.91259765625,253.77957153320312
1785506874.852922,5.959832191467285,5.15568208694458,1239.365966796875,254.27328491210938
1785506874.862933,5.9559326171875,5.196103096008301,1240.4993896484375,255.53158569335938
1785506874.872933,5.958371162414551,5.193943977355957,1240.75732421875,254.23858642578125
1785506874.887922,5.953888416290283,5.162912845611572,1239.92529296875,254.96075439453125
1785506874.892922,5.9499192237854,5.16872501373291,1240.9239501953125,253.77911376953125
1785506874.897922,5.937654972076416,5.172232627868652,1242.6561279296875,255.0076904296875
1785506874.902922,5.956727027893066,5.1923651695251465,1241.0052490234375,254.029052734375
1785506874.912922,5.9713897705078125,5.155702590942383,1241.302490234375,253.24081420898438
1785506874.922922,5.9643659591674805,5.158341407775879,1240.0003662109375,252.55392456054688
1785506874.927922,5.9575018882751465,5.1784539222717285,1238.7467041015625,251.68911743164062
1785506874.932922,5.968749046325684,5.192838191986084,1236.987060546875,252.60577392578125
1785506874.937922,6.0086822509765625,5.23911714553833,1206.252197265625,247.8731231689453
1785506874.943055,6.0762858390808105,5.351497650146484,1181.904296875,247.22064208984375
1785506874.953044,6.154774188995361,5.552548408508301,1126.531494140625,255.31723022460938
1785506874.958044,6.2332587242126465,5.78216028213501,1081.5223388671875,262.2319030761719
1785506874.963044,6.245521068572998,5.919036865234375,1049.8729248046875,260.8833312988281
1785506874.968055,6.235713005065918,6.03593635559082,1025.093505859375,280.1680908203125
1785506874.973044,6.233368396759033,6.120678424835205,974.8277587890625,287.5389404296875
1785506874.978044,6.203948497772217,6.15554141998291,928.8858642578125,297.4251403808594
1785506874.983044,6.0894575119018555,6.1249308586120605,864.8803100585938,327.37689208984375
1785506874.988044,6.089449405670166,6.1249260902404785,836.5237426757812,363.322265625
1785506874.993044,6.089437484741211,6.124917030334473,816.7068481445312,371.7884826660156
1785506874.998044,6.08941125869751,6.124899387359619,804.1056518554688,394.2596740722656
1785506875.003055,6.089363098144531,6.124861717224121,773.1181030273438,451.7433776855469
1785506875.013044,6.089260101318359,6.12476921081543,747.9598388671875,537.0421142578125
1785506875.018044,6.089155197143555,6.124664783477783,683.0526733398438,589.6490478515625
1785506875.023044,6.089031219482422,6.124551296234131,682.6919555664062,645.8837280273438
1785506875.028044,6.0889081954956055,6.124435901641846,684.66162109375,658.821044921875
1785506875.033044,6.0887651443481445,6.124309539794922,641.3919067382812,661.224365234375
1785506875.038044,6.08861780166626,6.124179363250732,595.6942138671875,640.8582153320312
1785506875.043056,6.088468074798584,6.124070644378662,578.4443969726562,647.8405151367188
1785506875.048055,6.088316440582275,6.123964309692383,590.492919921875,696.033935546875
1785506875.058055,6.088164329528809,6.1238884925842285,556.3136596679688,780.0742797851562
1785506875.063056,6.088054180145264,6.12381649017334,551.7589111328125,839.3658447265625
1785506875.068044,6.087960720062256,6.123763084411621,537.493408203125,851.3372192382812
1785506875.073056,6.087891578674316,6.123721122741699,517.171630859375,882.3593139648438
1785506875.078055,6.087832450866699,6.123682498931885,529.4140014648438,877.9124145507812
1785506875.083055,6.087789058685303,6.123660087585449,532.6129150390625,873.879638671875
1785506875.088166,6.087753772735596,6.12363862991333,534.5296630859375,873.0103149414062
1785506875.093178,6.087726593017578,5.909402847290039,558.02685546875,865.0307006835938
1785506875.098166,6.087704658508301,5.930760860443115,580.3345336914062,878.1214599609375
1785506875.108166,6.087689399719238,5.955587863922119,592.3050537109375,890.83203125
1785506875.113167,6.020727157592773,5.958857536315918,607.3294067382812,891.7666625976562
1785506875.123178,6.031035900115967,5.985976219177246,609.12841796875,895.6862182617188
1785506875.128167,6.055029392242432,6.048794746398926,621.17041015625,898.6448974609375
1785506875.133167,6.090146541595459,6.084835529327393,630.7584838867188,913.0856323242188
1785506875.138178,6.10116720199585,6.113080024719238,630.03466796875,914.5439453125
1785506875.143167,6.107478141784668,6.138392925262451,629.0637817382812,914.4784545898438
1785506875.148167,6.126724720001221,6.165195465087891,628.3941650390625,914.7446899414062
1785506875.153167,6.139223098754883,6.172630786895752,627.916015625,913.4313354492188
1785506875.158167,6.145198345184326,6.1909918785095215,627.4796752929688,913.977783203125
1785506875.163167,6.174430847167969,6.207888126373291,628.6538696289062,913.6392822265625
1785506875.168167,6.193056583404541,6.2226057052612305,629.68212890625,911.5859375
1785506875.173167,6.197025299072266,6.236304759979248,629.88330078125,910.656005859375
1785506875.178167,6.214527606964111,6.238897800445557,631.7423095703125,911.0892333984375
1785506875.183167,6.208374500274658,6.239682197570801,632.6011352539062,911.7538452148438
1785506875.188167,6.223026752471924,6.244136333465576,633.1207885742188,912.1008911132812
1785506875.193178,6.246866703033447,6.246888160705566,632.251708984375,914.4756469726562
1785506875.198167,6.248327732086182,6.245713710784912,630.91162109375,914.771728515625
1785506875.203178,6.263510704040527,6.244593620300293,630.8928833007812,915.0726318359375
1785506875.208178,6.2758402824401855,6.2494001388549805,630.7406616210938,915.4842529296875
1785506875.2133,6.29409122467041,6.249682426452637,629.2061767578125,917.1727294921875
1785506875.2183,6.303809642791748,6.240856647491455,628.8408813476562,916.7364501953125
1785506875.2233,6.325870037078857,6.236682891845703,628.5979614257812,917.2890625
1785506875.2283,6.329469203948975,6.223637104034424,626.50634765625,914.510498046875
1785506875.2333,6.3290839195251465,6.2209153175354,625.4690551757812,915.2025146484375
1785506875.2383,6.326802730560303,6.212681770324707,625.4786376953125,915.7334594726562
1785506875.2433,6.331207275390625,6.211932182312012,623.513916015625,915.482177734375
1785506875.2483,6.344682693481445,6.211301326751709,623.8521728515625,915.5020141601562
1785506875.2683,6.396176338195801,6.1806111335754395,630.4672241210938,933.0918579101562
1785506875.2733,6.415140151977539,6.166562557220459,633.2584838867188,935.920166015625
1785506875.2783,6.416866302490234,6.157812118530273,634.3692626953125,939.6702880859375
1785506875.2833,6.435838222503662,6.16224479675293,634.8448486328125,940.2054443359375
1785506875.2883,6.446025371551514,6.147565841674805,635.5060424804688,940.5364990234375
1785506875.3033,6.469944477081299,6.143508434295654,639.41357421875,941.7517700195312
1785506875.3083,6.491856098175049,6.163284778594971,638.7572631835938,943.8688354492188
1785506875.3133,6.508240699768066,6.1758623123168945,637.7388305664062,943.8040161132812
1785506875.3183,6.505459785461426,6.178922653198242,640.031005859375,943.4706420898438
1785506875.323311,6.507709980010986,6.176260471343994,638.6073608398438,942.9653930664062
1785506875.3283,6.500277042388916,6.189461708068848,638.0341796875,943.6661376953125
1785506875.3333,6.501952648162842,6.196428298950195,637.293212890625,944.6998901367188
1785506875.3383,6.490966320037842,6.194728851318359,636.314697265625,945.5061645507812
1785506875.3433,6.492018222808838,6.1895246505737305,635.3436889648438,945.0697021484375
1785506875.348422,6.504907131195068,6.193769454956055,634.7299194335938,945.055419921875
1785506875.353422,6.4885783195495605,6.206784248352051,635.7357788085938,945.1174926757812
1785506875.358422,6.470021724700928,6.202274799346924,634.3168334960938,945.6011352539062
1785506875.363422,6.469174861907959,6.205778121948242,635.1791381835938,945.9591674804688
1785506875.368422,6.455096244812012,6.209438800811768,635.87451171875,946.7674560546875
1785506875.373422,6.444614410400391,6.206545352935791,635.1390380859375,945.2476196289062
1785506875.378422,6.440715312957764,6.200485706329346,635.4028930664062,944.8568725585938
1785506875.383422,6.435151100158691,6.199196815490723,634.6851196289062,943.9269409179688
1785506875.388422,6.4371209144592285,6.206243515014648,634.2120971679688,944.5245361328125
1785506875.393422,6.439181804656982,6.204923152923584,632.1472778320312,942.8961181640625
1785506875.398422,6.433940410614014,6.19708251953125,632.5870361328125,941.0107421875
1785506875.403422,6.421446323394775,6.18849515914917,631.9428100585938,939.9539794921875
1785506875.408422,6.422921180725098,6.1875481605529785,632.773193359375,941.6390380859375
1785506875.413422,6.417324542999268,6.1933722496032715,631.1904296875,941.350830078125
1785506875.418422,6.418367862701416,6.19774866104126,629.7847290039062,941.4522094726562
1785506875.423433,6.417996883392334,6.197518825531006,629.0864868164062,942.2391357421875
1785506875.428422,6.4243927001953125,6.200544834136963,629.2171630859375,943.2506103515625
1785506875.433422,6.424618721008301,6.195025444030762,626.8211059570312,942.7413940429688
1785506875.438422,6.416895389556885,6.184432029724121,626.8333129882812,941.9642944335938
1785506875.443422,6.415085315704346,6.180051803588867,627.220458984375,941.9276733398438
1785506875.448422,6.426599979400635,6.190211296081543,627.871826171875,941.205810546875
1785506875.453422,6.423178672790527,6.179736137390137,626.6703491210938,941.4775390625
1785506875.458422,6.421028137207031,6.169784069061279,626.7255249023438,941.2258911132812
1785506875.463422,6.4127516746521,6.162845611572266,627.4202270507812,940.6992797851562
1785506875.468422,6.414469242095947,6.170888423919678,627.551025390625,940.9256591796875
1785506875.473422,6.412918567657471,6.161118984222412,627.5798950195312,942.8350219726562
1785506875.478422,6.395602703094482,6.158440113067627,628.6293334960938,944.8228759765625
1785506875.483556,6.392542362213135,6.162861347198486,627.6109008789062,945.8466796875
1785506875.488544,6.399070739746094,6.162967681884766,628.4113159179688,946.0886840820312
1785506875.493544,6.396306037902832,6.173044204711914,629.3644409179688,946.2835083007812
1785506875.498544,6.3892316818237305,6.169765949249268,628.9970092773438,944.8787231445312
1785506875.503544,6.39696741104126,6.169354438781738,628.8145751953125,946.4315185546875
1785506875.508555,6.3846869468688965,6.16823148727417,629.0960693359375,947.6378784179688
1785506875.518555,6.382997989654541,6.179589748382568,627.7937622070312,948.0759887695312
1785506875.523544,6.410224437713623,6.187263488769531,629.1216430664062,947.925048828125
1785506875.528544,6.398213863372803,6.187963008880615,629.3743896484375,945.166748046875
1785506875.533544,6.4022955894470215,6.189302921295166,631.3113403320312,946.772705078125
1785506875.548544,6.431416988372803,6.199796676635742,630.3655395507812,947.301025390625
1785506875.558544,6.410732269287109,6.179378986358643,630.425537109375,942.98681640625
1785506875.568544,6.4032392501831055,6.185876369476318,629.1123657226562,941.919921875
1785506875.573544,6.421518802642822,6.192883491516113,627.867919921875,941.643310546875
1785506875.578555,6.4453864097595215,6.192183971405029,626.7601318359375,942.8695068359375
1785506875.583555,6.466063976287842,6.198858261108398,624.4517822265625,943.6238403320312
1785506875.588555,6.479018211364746,6.204026222229004,620.8627319335938,942.0374145507812
1785506875.593555,6.4956254959106445,6.1976728439331055,619.4473876953125,939.6641235351562
1785506875.598544,6.4996538162231445,6.194173812866211,618.9085083007812,937.8839111328125
1785506875.603544,6.494451522827148,6.1902995109558105,618.3948364257812,937.0341186523438
1785506875.613544,6.468682765960693,6.1766886711120605,619.0552978515625,938.6669311523438
1785506875.628667,6.465346336364746,6.16489315032959,618.056884765625,936.922119140625
1785506875.633689,6.449329853057861,6.170907020568848,618.6846923828125,937.6837158203125
1785506875.638667,6.436001777648926,6.177332878112793,619.3565063476562,936.2578125
1785506875.643667,6.461235523223877,6.190520763397217,619.9144287109375,937.213134765625
1785506875.648667,6.4495062828063965,6.189878463745117,616.6442260742188,936.0362548828125
1785506875.653666,6.441014766693115,6.199826240539551,614.1067504882812,937.04443359375
1785506875.663678,6.4473114013671875,6.205022811889648,616.320068359375,938.0531005859375
1785506875.668667,6.459679126739502,6.193556785583496,618.2919311523438,935.00537109375
1785506875.673666,6.456613063812256,6.185558795928955,618.6834106445312,932.3713989257812
1785506875.678678,6.46725606918335,6.1810622215271,621.7926025390625,935.6615600585938
1785506875.683666,6.482318878173828,6.192203044891357,622.7974853515625,935.3834228515625
1785506875.688667,6.485772609710693,6.193396091461182,624.2737426757812,934.4241333007812
1785506875.698667,6.492799758911133,6.190593719482422,622.5997314453125,934.760009765625
1785506875.703678,6.500363826751709,6.182992458343506,623.488037109375,935.3055419921875
1785506875.708667,6.4986114501953125,6.1798505783081055,623.5358276367188,935.47216796875
1785506875.713667,6.489615440368652,6.182915210723877,622.7308959960938,933.7118530273438
1785506875.718667,6.484655857086182,6.18010950088501,623.6512451171875,933.294921875
1785506875.723667,6.490829944610596,6.186666488647461,624.743408203125,932.8614501953125
1785506875.728667,6.483180522918701,6.197511672973633,624.6348876953125,930.982421875
1785506875.738678,6.475339412689209,6.208315372467041,621.7719116210938,929.6997680664062
1785506875.743667,6.470798969268799,6.2096171379089355,621.67333984375,931.225830078125
1785506875.748667,6.470932483673096,6.203925609588623,621.5322875976562,933.4122924804688
1785506875.753811,6.471103668212891,6.196350574493408,620.42236328125,933.7296752929688
1785506875.758678,6.465166091918945,6.188183307647705,620.0131225585938,933.4924926757812
1785506875.7638,6.4671525955200195,6.193634033203125,619.2599487304688,933.3321533203125
1785506875.7688,6.463001251220703,6.19921350479126,618.9102783203125,935.247314453125
1785506875.7738,6.46886682510376,6.201391220092773,621.153564453125,935.532958984375
1785506875.7788,6.459781646728516,6.198946952819824,621.003662109375,935.6989135742188
1785506875.7838,6.458619117736816,6.191720485687256,621.2305297851562,936.5387573242188
1785506875.7888,6.45114803314209,6.195497989654541,621.2348022460938,936.0757446289062
1785506875.794102,6.474528789520264,6.195488929748535,621.8609619140625,935.96142578125
1785506875.799102,6.485103130340576,6.201291561126709,621.8720703125,936.4207763671875
1785506875.804113,6.49423885345459,6.200547695159912,622.2748413085938,935.8648071289062
1785506875.809102,6.488941669464111,6.199007987976074,622.404296875,935.9769897460938
1785506875.819113,6.495845317840576,6.202430248260498,621.7796020507812,936.900146484375
1785506875.824102,6.497820854187012,6.207759380340576,622.9019775390625,937.2020263671875
1785506875.829102,6.478453636169434,6.204698085784912,621.9122924804688,936.9113159179688
1785506875.834102,6.482550144195557,6.192188262939453,621.05859375,935.7159423828125
1785506875.839102,6.4894938468933105,6.185157775878906,620.504150390625,936.7454223632812
1785506875.844102,6.488525867462158,6.186253547668457,619.8102416992188,935.6016845703125
1785506875.849102,6.47919225692749,6.187346458435059,620.4014282226562,935.4403686523438
1785506875.854102,6.490438938140869,6.180728435516357,620.659912109375,935.3690185546875
1785506875.859102,6.4792633056640625,6.189516067504883,619.8335571289062,934.1755981445312
1785506875.869102,6.4712443351745605,6.196593761444092,621.0237426757812,933.2349243164062
1785506875.879102,6.457821846008301,6.201656341552734,619.5257568359375,935.2941284179688
1785506875.884113,6.453339576721191,6.191070079803467,620.7094116210938,936.1474609375
1785506875.889225,6.454944610595703,6.192975044250488,621.6364135742188,937.4955444335938
1785506875.894102,6.453595161437988,6.182040691375732,621.1112670898438,937.031494140625
1785506875.899225,6.4525604248046875,6.178704261779785,619.4395751953125,936.1162109375
1785506875.904224,6.463595867156982,6.168839931488037,619.2405395507812,936.53759765625
1785506875.909225,6.4659342765808105,6.164290428161621,619.903076171875,936.5679931640625
1785506875.914224,6.473084449768066,6.171175479888916,621.843994140625,937.6016235351562
1785506875.919225,6.487735748291016,6.172096252441406,622.7337646484375,937.7396240234375
1785506875.924236,6.476648330688477,6.179872512817383,623.3081665039062,937.5079345703125
1785506875.929224,6.49195671081543,6.188357830047607,624.0729370117188,937.5386352539062
1785506875.934224,6.488509178161621,6.180576801300049,624.1673583984375,936.0480346679688
1785506875.939224,6.477875232696533,6.1821160316467285,622.3922119140625,935.6040649414062
1785506875.944224,6.499652862548828,6.188453197479248,623.0289916992188,935.4802856445312
1785506875.949224,6.5160813331604,6.192298889160156,622.44873046875,934.0797729492188
1785506875.954224,6.509768009185791,6.193924427032471,621.9940185546875,933.3880004882812
1785506875.959224,6.518388748168945,6.198517799377441,623.3702392578125,933.8787841796875
1785506875.964236,6.5006279945373535,6.202409744262695,621.8944091796875,933.6556396484375
1785506875.979224,6.506710052490234,6.199345111846924,625.297607421875,933.83544921875
1785506875.984224,6.49849271774292,6.1921796798706055,624.98779296875,934.0347290039062
1785506875.989224,6.487025737762451,6.190826416015625,621.2681274414062,934.0667724609375
1785506875.994236,6.486728668212891,6.1967010498046875,622.7550659179688,932.8480834960938
1785506875.999236,6.483745574951172,6.200521945953369,623.4125366210938,932.818603515625
1785506876.004225,6.485046863555908,6.207372188568115,622.2239990234375,933.3765258789062
1785506876.009224,6.486257076263428,6.214810371398926,622.566650390625,932.895263671875
1785506876.014225,6.498012542724609,6.204753875732422,621.9492797851562,932.5899658203125
1785506876.019224,6.493166923522949,6.2013702392578125,624.3896484375,933.1389770507812
1785506876.024347,6.491532802581787,6.208930015563965,624.3826293945312,933.8112182617188
1785506876.029347,6.4987263679504395,6.2118682861328125,624.9564208984375,932.5650634765625
1785506876.039347,6.508557319641113,6.215494632720947,623.2705688476562,932.83935546875
1785506876.044347,6.5174241065979,6.223020553588867,623.947509765625,932.96826171875
1785506876.049358,6.51149320602417,6.22426700592041,624.4558715820312,934.2271728515625
1785506876.054347,6.505494117736816,6.226953029632568,624.438232421875,934.2141723632812
1785506876.064347,6.499698162078857,6.242404937744141,624.6669311523438,933.7698364257812
1785506876.069358,6.488735675811768,6.2250847816467285,624.976806640625,934.0748901367188
1785506876.079347,6.4970784187316895,6.224002361297607,627.2694702148438,935.1015625
1785506876.084347,6.473855972290039,6.216152667999268,626.3023071289062,935.0429077148438
1785506876.089347,6.470883846282959,6.219166278839111,626.6124267578125,934.4639892578125
1785506876.094358,6.469630241394043,6.211986541748047,626.8455810546875,934.52197265625
1785506876.099347,6.466972827911377,6.212662220001221,625.9091796875,933.8915405273438
1785506876.104347,6.473001480102539,6.207860946655273,625.4639282226562,935.1884155273438
1785506876.109347,6.471270561218262,6.203908920288086,625.282470703125,933.179443359375
1785506876.114347,6.475999355316162,6.210270404815674,625.256591796875,933.4366455078125
1785506876.119347,6.469921588897705,6.206347465515137,625.5117797851562,933.2732543945312
1785506876.124347,6.473238945007324,6.1962409019470215,625.17919921875,934.3168334960938
1785506876.129347,6.47204065322876,6.191868305206299,625.2479858398438,936.156982421875
1785506876.139347,6.46738338470459,6.1872968673706055,626.5504150390625,936.8009033203125
1785506876.144358,6.472157955169678,6.1857476234436035,626.6151733398438,936.3588256835938
1785506876.149358,6.45763635635376,6.182784557342529,624.5376586914062,933.8236083984375
1785506876.154347,6.478122711181641,6.1986403465271,624.20068359375,933.8029174804688
1785506876.159358,6.483922481536865,6.206729412078857,623.5985717773438,933.23876953125
1785506876.16448,6.477564811706543,6.204823017120361,622.6217651367188,933.1295166015625
1785506876.16948,6.492633819580078,6.206571578979492,624.421630859375,935.0482177734375
1785506876.17448,6.502031326293945,6.200305461883545,624.431396484375,935.1953125
1785506876.17948,6.507389068603516,6.188931941986084,623.1658935546875,934.7348022460938
1785506876.20448,6.519995212554932,6.198147773742676,625.501708984375,934.001220703125
1785506876.21948,6.52527379989624,6.203965187072754,625.307373046875,935.3029174804688
1785506876.22448,6.512152194976807,6.19229793548584,623.63720703125,933.5765991210938
1785506876.22948,6.526176929473877,6.189313888549805,626.3458251953125,936.7215576171875
1785506876.23448,6.504698276519775,6.18728494644165,625.2888793945312,935.7288208007812
1785506876.244469,6.512094974517822,6.188986778259277,624.6845092773438,935.7665405273438
1785506876.24948,6.5143561363220215,6.183806896209717,624.0521850585938,934.690673828125
1785506876.25448,6.511765003204346,6.196081638336182,623.2114868164062,934.7044677734375
1785506876.26448,6.520175457000732,6.20890998840332,624.0072631835938,935.095947265625
1785506876.269491,6.522780418395996,6.2218427658081055,625.4470825195312,935.4268798828125
1785506876.27948,6.519631862640381,6.246031284332275,624.1714477539062,932.2799072265625
1785506876.28448,6.5209221839904785,6.24590539932251,625.3526611328125,933.3111572265625
1785506876.28948,6.51369571685791,6.24052095413208,625.6171264648438,932.7005004882812
1785506876.29448,6.51871395111084,6.236126899719238,626.0208129882812,932.544921875
1785506876.299602,6.520914554595947,6.238086223602295,626.5468139648438,932.8714599609375
1785506876.304602,6.518126964569092,6.227543830871582,624.7321166992188,933.347412109375
1785506876.309602,6.5184326171875,6.228457450866699,626.1932983398438,933.7799682617188
1785506876.314602,6.529074668884277,6.240590572357178,624.6094360351562,933.5091552734375
1785506876.319602,6.531275749206543,6.2395243644714355,624.1544799804688,933.1876220703125
1785506876.324602,6.537252902984619,6.2512617111206055,626.9338989257812,932.6087646484375
1785506876.329602,6.524718761444092,6.247585296630859,626.1159057617188,933.1453247070312
1785506876.334602,6.528622627258301,6.254237651824951,625.6195068359375,933.119140625
1785506876.339602,6.522047996520996,6.256435871124268,626.5740356445312,932.7981567382812
1785506876.344602,6.528624534606934,6.268047332763672,625.3724975585938,932.841796875
1785506876.349602,6.533536434173584,6.272905349731445,625.215087890625,932.8072509765625
1785506876.354602,6.532853603363037,6.273470878601074,625.4642944335938,932.936767578125
1785506876.364602,6.554168224334717,6.284402847290039,626.7410278320312,932.4629516601562
1785506876.374602,6.531073093414307,6.308032512664795,627.61181640625,933.0819702148438
1785506876.389602,6.531362056732178,6.31201696395874,626.4310913085938,933.8187866210938
1785506876.394602,6.518280029296875,6.315148830413818,626.2627563476562,932.2400512695312
1785506876.399602,6.523937702178955,6.3241448402404785,626.3350830078125,930.9052124023438
1785506876.404602,6.5114545822143555,6.319046497344971,627.2547607421875,930.6439819335938
1785506876.414602,6.52743673324585,6.316843509674072,625.298583984375,933.0090942382812
1785506876.419602,6.514159679412842,6.321682929992676,626.5709838867188,930.7781982421875
1785506876.429602,6.500403881072998,6.319735527038574,629.0157470703125,928.2183227539062
1785506876.434724,6.503977298736572,6.323370456695557,628.9631958007812,927.5724487304688
1785506876.439724,6.500528335571289,6.318704605102539,629.357666015625,927.281982421875
1785506876.444724,6.505783557891846,6.315019130706787,628.5208129882812,927.99853515625
1785506876.449724,6.502569198608398,6.311069965362549,628.7411499023438,929.4315185546875
1785506876.459736,6.505330562591553,6.317044734954834,627.9362182617188,929.134521484375
1785506876.464725,6.502420425415039,6.318488121032715,627.4130249023438,927.3004760742188
1785506876.474725,6.50502872467041,6.3401055335998535,627.061767578125,927.3182983398438
1785506876.484725,6.507955074310303,6.345314979553223,626.8112182617188,927.3272094726562
1785506876.494725,6.536136627197266,6.342896938323975,627.3091430664062,928.0225219726562
1785506876.499724,6.526075839996338,6.346529960632324,628.0963745117188,927.9421997070312
1785506876.504725,6.542388916015625,6.354489803314209,628.1044311523438,927.420166015625
1785506876.509724,6.531647205352783,6.345292568206787,629.728759765625,925.8582153320312
1785506876.514724,6.534478187561035,6.338870048522949,629.3727416992188,926.2291259765625
1785506876.519736,6.537585735321045,6.328937530517578,628.787353515625,927.2610473632812
1785506876.524735,6.533714294433594,6.328878879547119,627.5820922851562,927.5195922851562
1785506876.529724,6.532955646514893,6.32623815536499,627.4630737304688,927.8964233398438
1785506876.534724,6.540848731994629,6.333689212799072,629.152099609375,926.8942260742188
1785506876.539724,6.540654182434082,6.334067344665527,627.60009765625,926.5446166992188
1785506876.544735,6.548827171325684,6.331827163696289,628.6834106445312,927.8296508789062
1785506876.549724,6.5548014640808105,6.335820198059082,628.4375,926.687744140625
1785506876.554724,6.5405988693237305,6.340118408203125,628.6647338867188,926.7440185546875
1785506876.559724,6.537163734436035,6.343801021575928,629.2964477539062,926.617431640625
1785506876.564724,6.5382161140441895,6.344422817230225,628.3037719726562,927.4304809570312
1785506876.569736,6.552270889282227,6.332447052001953,626.6483154296875,925.8328247070312
1785506876.574847,6.549727916717529,6.337610244750977,627.9940795898438,925.1612548828125
1785506876.579847,6.552201747894287,6.33967924118042,628.8040771484375,924.20263671875
1785506876.584847,6.5468950271606445,6.342288970947266,628.937744140625,923.862060546875
1785506876.589847,6.555933952331543,6.34534215927124,628.2048950195312,924.3619384765625
1785506876.594847,6.5597004890441895,6.341386318206787,628.9432983398438,924.0086669921875
1785506876.624847,6.526474475860596,6.346954345703125,628.784423828125,923.669677734375
1785506876.629858,6.529624938964844,6.345599174499512,628.5518798828125,923.61865234375
1785506876.634847,6.551288604736328,6.359561443328857,627.804443359375,923.0525512695312
1785506876.639847,6.537121772766113,6.348377704620361,629.5813598632812,924.8141479492188
1785506876.644847,6.545860767364502,6.3446736335754395,629.9694213867188,924.40478515625
1785506876.649847,6.536661148071289,6.343977928161621,630.4009399414062,924.6845092773438
1785506876.659847,6.525975227355957,6.344486713409424,629.4298095703125,925.7119140625
1785506876.669847,6.51863431930542,6.335626125335693,627.9337768554688,925.3723754882812
1785506876.684847,6.505727291107178,6.351243019104004,628.5785522460938,926.8662109375
1785506876.689847,6.517507553100586,6.366202354431152,629.0409545898438,925.9851684570312
1785506876.694847,6.5345025062561035,6.382981777191162,630.06689453125,924.8021850585938
1785506876.699847,6.54447078704834,6.376646995544434,629.2454833984375,924.9418334960938
1785506876.70498,6.553095817565918,6.371668338775635,628.6542358398438,924.4913330078125
1785506876.70998,6.542309284210205,6.362636566162109,629.2144775390625,924.357421875
1785506876.71998,6.556924343109131,6.369949817657471,629.6471557617188,921.7943115234375
1785506876.72498,6.548015117645264,6.368427276611328,629.0218505859375,922.0372924804688
1785506876.72998,6.5529093742370605,6.370181560516357,627.699462890625,921.7539672851562
1785506876.73498,6.557699680328369,6.382039546966553,627.3095703125,922.504150390625
1785506876.74498,6.536899566650391,6.369156360626221,628.5723266601562,922.4810180664062
1785506876.74998,6.545499324798584,6.374260902404785,628.6820678710938,923.6458129882812
1785506876.754991,6.538557052612305,6.385091781616211,628.5963745117188,924.3930053710938
1785506876.75998,6.522706031799316,6.384247303009033,628.6160888671875,925.5914916992188
1785506876.76498,6.5306572914123535,6.391662120819092,629.1840209960938,925.2584838867188
1785506876.76998,6.526815414428711,6.397693634033203,627.1439208984375,926.8965454101562
1785506876.77498,6.525421142578125,6.402561187744141,627.4641723632812,927.171630859375
1785506876.77998,6.525237560272217,6.406437397003174,628.2785034179688,927.8239135742188
1785506876.78498,6.528619766235352,6.4068989753723145,632.6104125976562,929.2823486328125
1785506876.78998,6.533308029174805,6.406160354614258,632.4928588867188,928.6900024414062
1785506876.79498,6.548326015472412,6.410312652587891,631.05078125,927.0130615234375
1785506876.79998,6.539759159088135,6.417017936706543,631.5529174804688,927.1785888671875
1785506876.804991,6.537903308868408,6.415928363800049,631.59716796875,927.9434814453125
1785506876.80998,6.539542198181152,6.420475959777832,631.2861938476562,925.6005249023438
1785506876.81498,6.53439998626709,6.411803245544434,632.0087280273438,925.4120483398438
1785506876.81998,6.538858890533447,6.4105682373046875,632.17236328125,925.4494018554688
1785506876.82498,6.534664630889893,6.406893730163574,632.8004150390625,925.1156616210938
1785506876.82998,6.534205436706543,6.40112829208374,632.2476196289062,925.3110961914062
1785506876.83498,6.541108131408691,6.399313926696777,629.937744140625,924.7911987304688
1785506876.840102,6.538276672363281,6.3944549560546875,631.5303955078125,926.5296630859375
1785506876.845102,6.538179397583008,6.395193099975586,630.534912109375,925.8191528320312
1785506876.850102,6.545420169830322,6.396755695343018,630.5823974609375,925.9180908203125
1785506876.860102,6.547666549682617,6.405161380767822,632.4315795898438,927.068359375
1785506876.865102,6.550473213195801,6.40373420715332,633.0438232421875,926.1380004882812
1785506876.875102,6.531951904296875,6.398053169250488,634.0386962890625,926.7046508789062
1785506876.880102,6.533411979675293,6.390404224395752,632.2125854492188,926.3977661132812
1785506876.895102,6.548056125640869,6.415648937225342,628.5665283203125,904.0328369140625
1785506876.900102,6.56466817855835,6.43439245223999,629.2210083007812,877.6829833984375
1785506876.905102,6.570825576782227,6.4409661293029785,629.499755859375,846.1072387695312
1785506876.910102,6.608997821807861,6.459252834320068,633.5154418945312,829.6550903320312
1785506876.915102,6.620387554168701,6.458436012268066,626.56103515625,820.8008422851562
1785506876.920102,6.61395788192749,6.455439567565918,627.5200805664062,810.9590454101562
1785506876.925102,6.618154048919678,6.455365180969238,627.587890625,805.3486938476562
1785506876.930102,6.623834133148193,6.464967727661133,627.6303100585938,805.5347290039062
1785506876.940102,6.6406707763671875,6.462651252746582,627.0458984375,805.2952880859375
1785506876.945102,6.6324286460876465,6.445066452026367,628.5071411132812,805.2581787109375
1785506876.950102,6.617183208465576,6.418604373931885,631.3731689453125,805.55322265625
1785506876.955102,6.597978591918945,6.415738582611084,631.651611328125,805.30810546875
1785506876.960102,6.574980735778809,6.398239612579346,633.0842895507812,805.2523803710938
1785506876.965102,6.540332794189453,6.3697285652160645,634.22900390625,805.43310546875
1785506876.970102,6.494369983673096,6.351278305053711,635.4427490234375,804.91748046875
1785506876.975224,6.467780113220215,6.328363418579102,640.98681640625,805.853515625
1785506876.980224,6.433718681335449,6.310581207275391,642.8530883789062,806.1925048828125
1785506876.985224,6.426155090332031,6.297073841094971,642.5518798828125,805.71923828125
1785506876.990224,6.410424709320068,6.288130283355713,643.8575439453125,806.4310302734375
1785506876.995235,6.399701118469238,6.269035339355469,642.8413696289062,805.7154541015625
1785506877.000224,6.387784481048584,6.265109539031982,645.13427734375,809.491455078125
1785506877.005224,6.380273342132568,6.263645172119141,645.1364135742188,809.3244018554688
1785506877.010236,6.371777534484863,6.2601518630981445,643.9846801757812,808.6822509765625
1785506877.025224,6.355216026306152,6.248677730560303,640.8133544921875,808.428955078125
1785506877.035224,6.346379280090332,6.250499248504639,639.59326171875,807.1602172851562
1785506877.040224,6.35507345199585,6.2738237380981445,639.9898071289062,806.822998046875
1785506877.050225,6.352473735809326,6.279405117034912,639.8941040039062,804.089599609375
1785506877.055224,6.3503313064575195,6.285177707672119,639.324462890625,807.60205078125
1785506877.060225,6.377668857574463,6.2957234382629395,642.2537841796875,808.6343383789062
1785506877.065224,6.38718318939209,6.296806812286377,640.8568725585938,809.6914672851562
1785506877.080225,6.372683048248291,6.291236877441406,636.265380859375,810.6283569335938
1785506877.085224,6.3295512199401855,6.263925075531006,635.3467407226562,813.0081176757812
1785506877.090225,6.3231587409973145,6.2390265464782715,629.8541259765625,814.8603515625
1785506877.095224,6.318409442901611,6.229615211486816,630.442626953125,817.6114501953125
1785506877.100224,6.315858840942383,6.213709831237793,629.2327880859375,817.4663696289062
1785506877.105224,6.316154956817627,6.220326900482178,628.79443359375,816.1724243164062
1785506877.110358,6.313208103179932,6.226224899291992,628.7368774414062,815.651611328125
1785506877.115358,6.3291144371032715,6.2334771156311035,628.645751953125,814.6253662109375
1785506877.120347,6.3322553634643555,6.245177745819092,629.0073852539062,813.5504760742188
1785506877.125347,6.3495917320251465,6.246581554412842,629.4335327148438,813.5582885742188
1785506877.130347,6.350092887878418,6.2521514892578125,630.0889892578125,811.8291625976562
1785506877.135347,6.338846206665039,6.257809638977051,628.6118774414062,810.0723876953125
1785506877.140347,6.340624809265137,6.2626776695251465,629.491455078125,809.63037109375
1785506877.145358,6.348685264587402,6.264286041259766,629.8485107421875,810.8801879882812
1785506877.150347,6.350931644439697,6.268040180206299,629.6870727539062,810.859130859375
1785506877.155347,6.3496317863464355,6.26212215423584,630.7254028320312,811.0971069335938
1785506877.160347,6.3690385818481445,6.269962787628174,630.3265991210938,812.2783203125
1785506877.165347,6.381258964538574,6.272619247436523,631.0540161132812,810.0527954101562
1785506877.170347,6.361598968505859,6.271529197692871,628.8572998046875,810.44384765625
1785506877.175358,6.378129959106445,6.276102066040039,628.9684448242188,809.395751953125
1785506877.180347,6.388551235198975,6.269433975219727,629.9696044921875,810.5672607421875
1785506877.185347,6.372054100036621,6.269089221954346,628.9051513671875,809.339111328125
1785506877.195347,6.371115207672119,6.2709150314331055,631.407470703125,808.3182373046875
1785506877.200347,6.395556926727295,6.285953998565674,630.7603149414062,806.9056396484375
1785506877.205347,6.39983606338501,6.289098262786865,630.344482421875,806.15673828125
1785506877.210347,6.415618419647217,6.3004841804504395,630.2078247070312,804.2546997070312
1785506877.220347,6.4254255294799805,6.313643932342529,631.01416015625,802.6085815429688
1785506877.225347,6.448644638061523,6.330785751342773,632.6542358398438,800.4139404296875
1785506877.230347,6.467532634735107,6.3489179611206055,633.1038818359375,804.3976440429688
1785506877.235347,6.4888811111450195,6.361342906951904,631.9457397460938,806.29931640625
1785506877.240347,6.508552551269531,6.375570774078369,631.13037109375,806.3012084960938
1785506877.24548,6.5324811935424805,6.3896965980529785,630.8255615234375,806.6666870117188
1785506877.25048,6.533216953277588,6.401524543762207,631.2835693359375,805.63818359375
1785506877.25548,6.537160396575928,6.397024631500244,629.5426025390625,800.6551513671875
1785506877.26048,6.544731140136719,6.395757675170898,627.018310546875,788.495849609375
1785506877.26548,6.5308451652526855,6.404013156890869,617.362060546875,760.9183959960938
1785506877.27548,6.4455342292785645,6.320659637451172,613.31396484375,719.0220336914062
1785506877.28048,6.354329586029053,6.217236518859863,610.6441650390625,711.1817626953125
1785506877.28548,6.250051498413086,6.1250505447387695,594.65576171875,686.2215576171875
1785506877.29048,6.155205726623535,6.027730464935303,589.8457641601562,679.6655883789062
1785506877.29548,6.071117401123047,5.941762447357178,593.572265625,678.9431762695312
1785506877.30048,5.991729259490967,5.873501777648926,589.5776977539062,673.6853637695312
1785506877.30548,5.949468612670898,5.8262939453125,592.5214233398438,675.0462036132812
1785506877.31048,5.939886569976807,5.7987895011901855,596.1480102539062,675.8463745117188
1785506877.31548,5.945295333862305,5.809140682220459,596.6575927734375,678.022216796875
1785506877.33548,5.952960968017578,5.878350734710693,595.9365234375,668.672119140625
1785506877.34048,6.04809045791626,5.994121074676514,596.3756103515625,667.54638671875
1785506877.34548,6.116838455200195,6.0962443351745605,596.858642578125,666.8087768554688
1785506877.35048,6.190005779266357,6.186095237731934,596.9243774414062,666.7755737304688
1785506877.35548,6.268133640289307,6.242369651794434,595.9267578125,664.97802734375
1785506877.36048,6.346980571746826,6.295711517333984,597.4675903320312,662.7434692382812
1785506877.36548,6.412482261657715,6.346841335296631,598.9097900390625,658.3089599609375
1785506877.37048,6.484201908111572,6.394317150115967,599.2730712890625,656.9318237304688
1785506877.37548,6.547765254974365,6.435995101928711,599.0432739257812,655.521728515625
1785506877.380602,6.598388195037842,6.470971584320068,599.1807861328125,648.9069213867188
1785506877.38548,6.644357681274414,6.493661403656006,599.1334228515625,648.047119140625
1785506877.390602,6.678483009338379,6.508301734924316,597.8011474609375,644.882568359375
1785506877.395602,6.7018537521362305,6.511627197265625,598.4871826171875,644.2342529296875
1785506877.400602,6.711925506591797,6.511472702026367,599.0292358398438,644.1718139648438
1785506877.405602,6.7289299964904785,6.513724327087402,597.764404296875,643.4472045898438
1785506877.410602,6.735249042510986,6.509072780609131,598.1395874023438,644.9844970703125
1785506877.415602,6.741008281707764,6.488731384277344,598.4479370117188,644.907470703125
1785506877.420602,6.749815464019775,6.4808430671691895,598.43017578125,645.0134887695312
1785506877.430602,6.77016544342041,6.484270095825195,602.1580810546875,640.4020385742188
1785506877.435602,6.745639801025391,6.471807479858398,603.0965576171875,637.5101928710938
1785506877.440602,6.741052627563477,6.471214771270752,603.330322265625,636.9965209960938
1785506877.445613,6.715328693389893,6.464817523956299,606.1306762695312,633.77001953125
1785506877.450602,6.699828147888184,6.460740566253662,605.8613891601562,633.6802978515625
1785506877.455602,6.684317588806152,6.46304988861084,606.1531372070312,633.7337036132812
1785506877.465602,6.670147895812988,6.452073574066162,606.591064453125,631.22705078125
1785506877.475602,6.636873722076416,6.444047927856445,605.5665893554688,629.6957397460938
1785506877.480602,6.627267837524414,6.433375835418701,606.5866088867188,628.8796997070312
1785506877.490602,6.5969767570495605,6.438722610473633,605.2251586914062,627.0451049804688
1785506877.495602,6.580390930175781,6.441427707672119,605.7965087890625,626.4480590820312
1785506877.500602,6.578481674194336,6.449626445770264,604.7828369140625,626.157958984375
1785506877.505602,6.582275867462158,6.452117919921875,604.5857543945312,626.8262939453125
1785506877.510602,6.582024097442627,6.455005168914795,604.5033569335938,627.0245971679688
1785506877.515602,6.5813374519348145,6.455465316772461,605.3084106445312,625.24560546875
1785506877.525724,6.575380802154541,6.458606719970703,604.32666015625,623.418212890625
1785506877.530725,6.581961154937744,6.4528703689575195,604.729248046875,623.0422973632812
1785506877.535724,6.590243816375732,6.461859226226807,604.7571411132812,622.9457397460938
1785506877.540725,6.582159042358398,6.462545871734619,605.0840454101562,622.9029541015625
1785506877.545736,6.578342437744141,6.471198558807373,604.997314453125,622.3547973632812
1785506877.550725,6.585148811340332,6.466714382171631,606.1642456054688,622.6596069335938
1785506877.555724,6.6016058921813965,6.469762325286865,605.5443725585938,622.4244995117188
1785506877.560724,6.598397731781006,6.468766689300537,605.9873657226562,623.0936889648438
1785506877.565724,6.599001884460449,6.462638854980469,607.009521484375,623.2959594726562
1785506877.570724,6.601181507110596,6.463199615478516,607.5435180664062,623.1885375976562
1785506877.580724,6.589502811431885,6.4578537940979,606.8965454101562,623.429931640625
1785506877.585724,6.592416763305664,6.458169460296631,606.384033203125,623.2514038085938
1785506877.595724,6.596189022064209,6.456115245819092,606.5131225585938,624.6210327148438
1785506877.600724,6.612905502319336,6.465244770050049,606.640380859375,625.3974609375
1785506877.605724,6.601139068603516,6.459482192993164,606.7120361328125,626.272705078125
1785506877.615736,6.607020378112793,6.461849689483643,608.2001342773438,625.7058715820312
1785506877.620724,6.599379062652588,6.469965934753418,608.128662109375,624.6849975585938
1785506877.625724,6.605423927307129,6.471202850341797,607.6854248046875,624.393798828125
1785506877.630724,6.6054534912109375,6.463518142700195,608.2763671875,624.0607299804688
1785506877.635725,6.603578567504883,6.4562602043151855,608.6011352539062,623.53515625
1785506877.640724,6.608299732208252,6.45205545425415,608.3461303710938,625.0416259765625
1785506877.645725,6.608684539794922,6.4468302726745605,609.7730102539062,626.5274658203125
1785506877.655847,6.627384662628174,6.445971488952637,609.4227905273438,625.622314453125
1785506877.660847,6.630052089691162,6.439795970916748,609.6491088867188,624.8599853515625
1785506877.665858,6.6281914710998535,6.444519519805908,610.1293334960938,625.2398681640625
1785506877.670847,6.632030963897705,6.432774066925049,610.3472290039062,625.17822265625
1785506877.675847,6.634136199951172,6.431262493133545,610.6834106445312,623.0149536132812
1785506877.680847,6.622422695159912,6.424881935119629,610.9134521484375,624.4168701171875
1785506877.690858,6.611609935760498,6.411870002746582,610.8817138671875,625.1346435546875
1785506877.700847,6.602992057800293,6.388989448547363,610.3019409179688,624.4510498046875
1785506877.705858,6.611639022827148,6.391807556152344,608.248779296875,623.7342529296875
1785506877.710847,6.582622528076172,6.380889415740967,610.025634765625,624.8536987304688
1785506877.715847,6.585078239440918,6.380302429199219,610.97314453125,625.1904296875
1785506877.720847,6.5957350730896,6.389524459838867,610.3309326171875,625.6873779296875
1785506877.725847,6.609278678894043,6.390161514282227,610.193359375,625.13232421875
1785506877.730869,6.61087703704834,6.396275997161865,611.3289794921875,626.249267578125
1785506877.735847,6.604295253753662,6.394619941711426,610.8241577148438,625.9808959960938
1785506877.740847,6.601253509521484,6.396793842315674,612.3955688476562,624.69091796875
1785506877.745847,6.596973419189453,6.396210670471191,613.0972290039062,624.4576416015625
1785506877.755847,6.587942123413086,6.3982930183410645,610.94775390625,626.0797729492188
1785506877.765847,6.592478275299072,6.398636341094971,611.2664184570312,625.0771484375
1785506877.770847,6.5875420570373535,6.394927501678467,611.2852783203125,624.9266357421875
1785506877.78598,6.595398902893066,6.384617805480957,611.0623168945312,623.855224609375
1785506877.79098,6.588324069976807,6.3692545890808105,610.4629516601562,624.1409912109375
1785506877.79598,6.584536552429199,6.365326881408691,609.97119140625,624.6882934570312
1785506877.80098,6.581740856170654,6.365655422210693,610.0723266601562,622.696044921875
1785506877.80598,6.5776262283325195,6.360098361968994,609.6477661132812,622.48046875
1785506877.820991,6.560536861419678,6.353965759277344,610.7678833007812,621.4661865234375
1785506877.82598,6.576077938079834,6.365236282348633,611.93896484375,621.854248046875
1785506877.83098,6.573785305023193,6.371005535125732,611.5297241210938,623.1136474609375
1785506877.83598,6.568969249725342,6.3743367195129395,612.1194458007812,621.5357666015625
1785506877.84098,6.568233966827393,6.3729729652404785,612.2291870117188,618.9229736328125
1785506877.84598,6.5677409172058105,6.370893955230713,612.03271484375,618.3663940429688
1785506877.85098,6.560915470123291,6.361728191375732,612.0120239257812,619.3870849609375
1785506877.85598,6.555360317230225,6.3541483879089355,612.8573608398438,620.5745239257812
1785506877.86098,6.5660600662231445,6.349701404571533,612.6063842773438,618.7146606445312
1785506877.865991,6.561215877532959,6.347003936767578,611.9069213867188,620.3648681640625
1785506877.87098,6.566712856292725,6.350998401641846,612.2369384765625,619.2753295898438
1785506877.89098,6.580352783203125,6.352473258972168,613.1956176757812,620.01904296875
1785506877.90098,6.596461772918701,6.346238613128662,613.582275390625,618.11376953125
1785506877.91098,6.598829746246338,6.349372386932373,614.0645141601562,620.7606811523438
1785506877.915991,6.595834255218506,6.345343112945557,613.7949829101562,619.4754028320312
1785506877.921113,6.593887805938721,6.346104621887207,613.7991943359375,618.9697265625
1785506877.931102,6.604348182678223,6.354145526885986,613.568359375,619.859130859375
1785506877.936102,6.593212604522705,6.349733352661133,613.400634765625,620.5452880859375
1785506877.941102,6.580830097198486,6.3412275314331055,613.2695922851562,621.6021728515625
1785506877.951113,6.5821051597595215,6.345987796783447,612.965576171875,621.5059204101562
1785506877.956102,6.586949348449707,6.355649471282959,612.970947265625,620.9163818359375
1785506877.961102,6.601815700531006,6.364957332611084,611.3825073242188,620.7486572265625
1785506877.966102,6.5988898277282715,6.361518859863281,612.6511840820312,621.2391967773438
1785506877.971102,6.5823655128479,6.358623504638672,612.2435302734375,621.0323486328125
1785506877.976102,6.588729381561279,6.365261554718018,611.9130249023438,622.0928955078125
1785506877.981102,6.5825090408325195,6.370730876922607,612.0645751953125,623.0867309570312
1785506877.991102,6.594837665557861,6.378233432769775,610.975341796875,621.1951293945312
1785506877.996102,6.584942817687988,6.370357990264893,611.7190551757812,620.9413452148438
1785506878.001102,6.577040672302246,6.369710445404053,611.9055786132812,620.996337890625
1785506878.011102,6.579798221588135,6.36610221862793,612.2034301757812,620.6610107421875
1785506878.016102,6.581843376159668,6.365828990936279,610.87841796875,621.445556640625
1785506878.021102,6.57658052444458,6.361676216125488,610.4764404296875,620.5595703125
1785506878.026102,6.593181133270264,6.375360488891602,610.5162353515625,621.4906616210938
1785506878.031102,6.6049885749816895,6.3810715675354,608.9658203125,620.2697143554688
1785506878.036113,6.617396354675293,6.376735687255859,608.307373046875,620.5828247070312
1785506878.046102,6.606146812438965,6.381242275238037,608.6369018554688,620.1187744140625
1785506878.051113,6.607474327087402,6.3697381019592285,608.8231201171875,619.3681640625
1785506878.056224,6.593076705932617,6.376875877380371,609.6365356445312,619.6139526367188
1785506878.061224,6.592460632324219,6.370580196380615,609.5660400390625,618.769287109375
1785506878.066224,6.5983381271362305,6.374400615692139,610.1381225585938,618.5277709960938
1785506878.071224,6.602406978607178,6.379382610321045,610.4163208007812,618.9532470703125
1785506878.076236,6.599703311920166,6.3730692863464355,610.8892211914062,618.382080078125
1785506878.081224,6.588718414306641,6.366764068603516,611.3055419921875,619.0640258789062
1785506878.086236,6.593816757202148,6.365642547607422,609.9590454101562,619.3681030273438
1785506878.106236,6.590942859649658,6.371942043304443,612.7140502929688,620.6674194335938
1785506878.111224,6.603763580322266,6.384965896606445,612.23388671875,620.2022094726562
1785506878.116225,6.6080498695373535,6.378961563110352,611.4652099609375,619.6708374023438
1785506878.121224,6.6025004386901855,6.393952369689941,611.3093872070312,619.5452880859375
1785506878.126225,6.6001787185668945,6.390999794006348,609.4730224609375,618.3589477539062
1785506878.136225,6.5944085121154785,6.3853325843811035,609.7715454101562,620.6732177734375
1785506878.141224,6.595620155334473,6.379696846008301,610.152099609375,619.9641723632812
1785506878.146224,6.60482931137085,6.394067764282227,610.9417724609375,619.3840942382812
1785506878.151236,6.583454132080078,6.391485691070557,610.5406494140625,620.337158203125
1785506878.156224,6.576709270477295,6.3864569664001465,610.9967651367188,619.6998291015625
1785506878.161224,6.5897321701049805,6.386864185333252,610.609619140625,618.7346801757812
1785506878.166224,6.596226692199707,6.381774425506592,610.7293701171875,619.928466796875
1785506878.171224,6.607881546020508,6.384522438049316,610.3819580078125,618.8934936523438
1785506878.176235,6.610771656036377,6.376450538635254,610.0338134765625,618.7564697265625
1785506878.181224,6.597662925720215,6.372997760772705,610.9146118164062,618.4427490234375
1785506878.186224,6.593908786773682,6.366727352142334,611.6170043945312,616.7054443359375
1785506878.196347,6.594845294952393,6.359342575073242,611.4178466796875,616.0614624023438
1785506878.201347,6.605663776397705,6.371622085571289,610.416259765625,615.6401977539062
1785506878.206358,6.606912612915039,6.372300624847412,611.0503540039062,617.3965454101562
1785506878.226358,6.6190314292907715,6.377626895904541,611.3338623046875,617.4484252929688
1785506878.231358,6.606978416442871,6.398333549499512,612.1455078125,616.7108764648438
1785506878.236358,6.602426052093506,6.39570426940918,611.4163208007812,616.5026245117188
1785506878.241347,6.59030294418335,6.393686294555664,611.6770629882812,617.3622436523438
1785506878.246347,6.60399866104126,6.394104480743408,611.51123046875,617.9660034179688
1785506878.251347,6.598904132843018,6.398323059082031,609.9841918945312,618.6078491210938
1785506878.261347,6.606548309326172,6.403260707855225,610.5465087890625,619.0545654296875
1785506878.266347,6.612514495849609,6.389092922210693,610.3535766601562,618.818603515625
1785506878.271347,6.599738121032715,6.394520282745361,611.5008544921875,618.388427734375
1785506878.281347,6.6153178215026855,6.410499572753906,610.8582153320312,615.5953369140625
1785506878.286347,6.631184101104736,6.407522201538086,611.1300048828125,615.1021728515625
1785506878.291347,6.633119583129883,6.4061808586120605,610.0506591796875,616.9664306640625
1785506878.296347,6.637356758117676,6.406951427459717,612.7994384765625,617.0526123046875
1785506878.301347,6.62479829788208,6.404696941375732,612.9696655273438,617.3036499023438
1785506878.306347,6.632297992706299,6.4027419090271,611.2886962890625,618.1782836914062
1785506878.311347,6.624281406402588,6.401038646697998,610.943603515625,617.4547119140625
1785506878.316347,6.6260666847229,6.40827751159668,610.658447265625,617.104248046875
1785506878.321347,6.641282558441162,6.409244537353516,610.9783935546875,617.849609375
1785506878.326358,6.639735221862793,6.409121036529541,611.7554321289062,617.6097412109375
1785506878.33648,6.637960433959961,6.410401344299316,613.0626831054688,617.0153198242188
1785506878.34148,6.624014854431152,6.408640384674072,612.2650756835938,617.6591796875
1785506878.34648,6.6174092292785645,6.416551113128662,612.9671630859375,616.5376586914062
1785506878.35148,6.611109733581543,6.414799213409424,612.55517578125,616.36572265625
1785506878.35648,6.600602626800537,6.415011405944824,612.6904907226562,616.8162231445312
1785506878.36148,6.6015777587890625,6.421254634857178,612.2454223632812,617.673095703125
1785506878.36648,6.605266571044922,6.421268939971924,612.6668090820312,617.6386108398438
1785506878.37148,6.601776599884033,6.419421195983887,613.2144775390625,617.6703491210938
1785506878.376491,6.595531940460205,6.415160655975342,613.2341918945312,617.9012451171875
1785506878.38148,6.596254348754883,6.415621280670166,612.7244873046875,617.9647827148438
1785506878.38648,6.602128505706787,6.411796569824219,612.48876953125,617.0924682617188
1785506878.39148,6.61407470703125,6.420961380004883,611.920654296875,617.9440307617188
1785506878.39648,6.617894649505615,6.431413173675537,611.3253784179688,618.3666381835938
1785506878.40148,6.6128926277160645,6.429645538330078,611.7511596679688,617.5533447265625
1785506878.41148,6.6195902824401855,6.4254279136657715,611.448486328125,615.9586791992188
1785506878.41648,6.620904922485352,6.418755531311035,610.8181762695312,616.0254516601562
1785506878.42648,6.623742580413818,6.410941123962402,609.830078125,614.9078369140625
1785506878.43148,6.621940612792969,6.409456729888916,610.8677978515625,615.0670776367188
1785506878.43648,6.609671592712402,6.407371520996094,611.077880859375,614.7813720703125
1785506878.44148,6.613997459411621,6.404825687408447,611.3992919921875,615.671875
1785506878.44648,6.620358943939209,6.40375280380249,612.4658203125,615.8893432617188
1785506878.45148,6.630156517028809,6.415561199188232,611.9829711914062,616.0475463867188
1785506878.45648,6.6312689781188965,6.413225173950195,612.0496215820312,615.8306884765625
1785506878.46648,6.633089542388916,6.404472351074219,612.7431030273438,616.886962890625
1785506878.476602,6.630271911621094,6.3994622230529785,613.5543212890625,618.5821533203125
1785506878.481602,6.6348137855529785,6.397859573364258,612.794189453125,618.2536010742188
1785506878.486602,6.63107967376709,6.40484619140625,613.5176391601562,618.3782958984375
1785506878.491602,6.633916854858398,6.417194366455078,614.0965576171875,617.6129150390625
1785506878.496602,6.627737998962402,6.414058208465576,613.706787109375,615.9846801757812
1785506878.501602,6.617127418518066,6.402279376983643,613.4285888671875,616.6795654296875
1785506878.511613,6.614377498626709,6.402826309204102,612.5569458007812,616.2606811523438
1785506878.516602,6.601271152496338,6.399937152862549,612.2827758789062,615.779541015625
1785506878.526602,6.615364074707031,6.402591705322266,612.9435424804688,617.2976684570312
1785506878.536602,6.613341331481934,6.40932559967041,614.5846557617188,616.9905395507812
1785506878.546602,6.629232406616211,6.412548065185547,612.7135009765625,617.1910400390625
1785506878.551602,6.62678337097168,6.411889553070068,612.9677124023438,617.27587890625
1785506878.556602,6.611044406890869,6.408188343048096,611.4151000976562,616.6921997070312
1785506878.561602,6.610218048095703,6.412439346313477,612.3062133789062,615.8929443359375
1785506878.571602,6.595121383666992,6.407501697540283,614.1712646484375,617.0910034179688
1785506878.576602,6.597741603851318,6.402402400970459,613.4424438476562,617.3060913085938
1785506878.581602,6.609865665435791,6.409548759460449,613.6866455078125,617.7256469726562
1785506878.586602,6.632035255432129,6.421963691711426,613.4576416015625,617.4699096679688
1785506878.591602,6.631465911865234,6.429235935211182,612.8424072265625,616.9373168945312
1785506878.596725,6.6381072998046875,6.437902927398682,612.492431640625,616.0631713867188
1785506878.601724,6.632734775543213,6.436869144439697,612.8241577148438,615.5939331054688
1785506878.606725,6.630609035491943,6.442741394042969,613.7455444335938,616.3449096679688
1785506878.611724,6.632976055145264,6.444038391113281,613.201416015625,616.4469604492188
1785506878.616724,6.629757881164551,6.448294162750244,613.6959838867188,616.2625732421875
1785506878.621724,6.631106376647949,6.449994087219238,613.8460083007812,616.11376953125
1785506878.636724,6.638347148895264,6.451862812042236,612.8720092773438,615.686279296875
1785506878.641724,6.652166843414307,6.445745468139648,612.1974487304688,615.6492309570312
1785506878.646724,6.649982452392578,6.442119121551514,612.44970703125,615.2310791015625
1785506878.651724,6.646103858947754,6.4531941413879395,612.7603759765625,614.9981079101562
1785506878.656724,6.64860725402832,6.450510025024414,612.2930297851562,615.1555786132812
1785506878.661724,6.635525703430176,6.453816890716553,612.6834106445312,616.19921875
1785506878.666724,6.640161514282227,6.453712463378906,611.7293701171875,615.602783203125
1785506878.676724,6.639617443084717,6.458431720733643,613.0648193359375,615.9939575195312
1785506878.681724,6.6399245262146,6.463057994842529,612.515380859375,616.204833984375
1785506878.686724,6.64015531539917,6.463695049285889,613.3458251953125,615.5335083007812
1785506878.696724,6.6303253173828125,6.460524082183838,612.83837890625,615.2367553710938
1785506878.701725,6.625026226043701,6.4694085121154785,613.1146850585938,615.7847290039062
1785506878.706724,6.622959613800049,6.462382793426514,614.0882568359375,615.176513671875
1785506878.711725,6.628995418548584,6.460471153259277,613.439697265625,613.8782958984375
1785506878.716724,6.6377105712890625,6.46162223815918,612.9132690429688,614.2947387695312
1785506878.721725,6.6324052810668945,6.4625444412231445,614.1500244140625,614.7676391601562
1785506878.726724,6.643793106079102,6.466805458068848,613.7278442382812,614.0892944335938
1785506878.731725,6.643887996673584,6.4755778312683105,613.4483642578125,613.2063598632812
1785506878.741847,6.635060787200928,6.475173473358154,612.3944702148438,613.2073974609375
1785506878.746847,6.639157295227051,6.4751505851745605,612.1962890625,614.086669921875
1785506878.751847,6.6424455642700195,6.471264362335205,612.5863647460938,613.168701171875
1785506878.756847,6.637765407562256,6.467085361480713,613.9768676757812,615.0402221679688
1785506878.761847,6.646403789520264,6.477043151855469,614.209716796875,615.0223999023438
1785506878.766858,6.655430793762207,6.482763767242432,613.8080444335938,615.6809692382812
1785506878.771847,6.669064044952393,6.4840168952941895,615.5369262695312,613.5535888671875
1785506878.776847,6.677065372467041,6.4866485595703125,621.3941040039062,609.5269775390625
1785506878.791847,6.69879150390625,6.522128582000732,709.937744140625,610.27880859375
1785506878.797041,6.689131259918213,6.518487453460693,727.1030883789062,612.6439208984375
1785506878.802041,6.674389839172363,6.521869659423828,743.3612670898438,612.0612182617188
1785506878.812052,6.649846076965332,6.524394512176514,745.180908203125,610.1657104492188
1785506878.817041,6.642894744873047,6.544008731842041,743.7714233398438,611.1154174804688
1785506878.822041,6.634655475616455,6.551380157470703,743.6326904296875,611.7144165039062
1785506878.827041,6.6303486824035645,6.555870056152344,743.4660034179688,613.8258056640625
1785506878.832041,6.6328253746032715,6.551517963409424,745.3330078125,613.9478149414062
1785506878.837041,6.620365142822266,6.550333023071289,745.3253784179688,616.2265014648438
1785506878.842041,6.614767074584961,6.549020767211914,745.2936401367188,617.1787719726562
1785506878.847041,6.611296653747559,6.545863151550293,746.5835571289062,618.0789184570312
1785506878.852041,6.602639198303223,6.542943000793457,763.36328125,620.5176391601562
1785506878.857041,6.607669830322266,6.538549423217773,786.75439453125,621.6779174804688
1785506878.862041,6.613241195678711,6.560165882110596,812.4690551757812,620.5824584960938
1785506878.867041,6.616667747497559,6.560954570770264,816.9721069335938,621.4425048828125
1785506878.872052,6.613146781921387,6.55546236038208,822.6302490234375,625.6016845703125
1785506878.877174,6.605201721191406,6.548756122589111,822.4136352539062,625.5120849609375
1785506878.882174,6.59522008895874,6.548548698425293,819.2553100585938,624.2275390625
1785506878.887174,6.586815357208252,6.5375142097473145,813.8320922851562,623.0126953125
1785506878.892174,6.565817356109619,6.526198387145996,809.6525268554688,623.6389770507812
1785506878.897174,6.556990623474121,6.525467395782471,809.008056640625,623.9983520507812
1785506878.902174,6.559757709503174,6.5176286697387695,807.4207153320312,624.7662963867188
1785506878.907174,6.557886123657227,6.519989967346191,807.1939697265625,623.8197021484375
1785506878.912174,6.546123504638672,6.515747547149658,806.417724609375,623.4495849609375
1785506878.917174,6.540422439575195,6.524512767791748,805.5725708007812,623.6015014648438
1785506878.932174,6.5418291091918945,6.538735389709473,803.3192749023438,623.8321533203125
1785506878.952174,6.550766468048096,6.539040565490723,803.6937866210938,626.42626953125
1785506878.957174,6.546756267547607,6.535879611968994,802.9193115234375,626.141357421875
1785506878.962174,6.54550838470459,6.547704696655273,803.2816162109375,627.4373168945312
1785506878.967174,6.554907321929932,6.568487644195557,803.325439453125,627.6151733398438
1785506878.972174,6.568355083465576,6.573221683502197,803.4408569335938,628.8645629882812
1785506878.977185,6.558380603790283,6.570549011230469,803.0204467773438,628.6203002929688
1785506878.982174,6.556169509887695,6.582858562469482,801.8994750976562,629.4478149414062
1785506878.992174,6.569057464599609,6.592259407043457,801.8543090820312,631.46728515625
1785506878.997174,6.561190605163574,6.582827568054199,801.897216796875,631.028564453125
1785506879.002174,6.558113098144531,6.576430797576904,802.044921875,631.0741577148438
1785506879.007297,6.557569980621338,6.5712151527404785,802.3236694335938,630.7129516601562
1785506879.012296,6.5645976066589355,6.571541786193848,802.685302734375,632.3703002929688
1785506879.017297,6.561278820037842,6.579034328460693,802.50048828125,631.9644165039062
1785506879.027297,6.572004795074463,6.571189880371094,803.2042236328125,630.2681884765625
1785506879.032296,6.570749759674072,6.57308292388916,802.5372314453125,630.61279296875
1785506879.037297,6.565835475921631,6.570722579956055,802.7374267578125,631.0348510742188
1785506879.042296,6.559918403625488,6.565073490142822,802.2708740234375,631.36962890625
1785506879.052296,6.5691022872924805,6.577648162841797,801.7824096679688,631.374755859375
1785506879.057297,6.561966896057129,6.582531929016113,802.1593017578125,629.9465942382812
1785506879.062297,6.563137531280518,6.580474376678467,802.471435546875,630.350830078125
1785506879.072297,6.5654377937316895,6.576653957366943,803.1184692382812,629.4189453125
1785506879.077296,6.57857608795166,6.581369400024414,802.5745239257812,629.9255981445312
1785506879.082297,6.568914413452148,6.57905912399292,802.5806884765625,629.8071899414062
1785506879.087296,6.568698406219482,6.5838165283203125,802.8104248046875,629.3865356445312
1785506879.097308,6.557544231414795,6.585634231567383,803.2531127929688,629.3740844726562
1785506879.102297,6.547928333282471,6.586189270019531,803.5535888671875,629.8151245117188
1785506879.107308,6.545405864715576,6.586577892303467,803.7777709960938,630.3186645507812
1785506879.112297,6.549182891845703,6.583057403564453,803.79638671875,629.3738403320312
1785506879.117296,6.5643415451049805,6.585617542266846,803.9158325195312,628.7012939453125
1785506879.122308,6.5591254234313965,6.585929870605469,803.5813598632812,629.2633666992188
1785506879.127296,6.553811550140381,6.580861568450928,804.4014282226562,629.469482421875
1785506879.132297,6.565805912017822,6.593008995056152,803.6793823242188,630.5385131835938
1785506879.137296,6.574380397796631,6.590513229370117,803.9710083007812,629.702880859375
1785506879.142308,6.563812255859375,6.590801239013672,803.8929443359375,629.7681274414062
1785506879.147419,6.57822847366333,6.601139068603516,804.0950927734375,629.2799072265625
1785506879.152419,6.576323986053467,6.604905605316162,804.0843505859375,629.0957641601562
1785506879.157419,6.569481372833252,6.605468273162842,804.2450561523438,629.46484375
1785506879.162419,6.55510139465332,6.602424621582031,804.0048217773438,628.798095703125
1785506879.167419,6.555818557739258,6.60952615737915,804.709716796875,629.8931884765625
1785506879.177419,6.552161693572998,6.6139397621154785,805.5914306640625,629.775634765625
1785506879.182419,6.56260347366333,6.619468688964844,805.9022827148438,628.5857543945312
1785506879.187419,6.5656328201293945,6.625673294067383,805.9031982421875,629.5084228515625
1785506879.192419,6.568125247955322,6.630621910095215,804.7943115234375,628.990478515625
1785506879.197419,6.568398475646973,6.634530067443848,805.3058471679688,629.9554443359375
1785506879.20243,6.570309162139893,6.629705429077148,805.0621337890625,629.4026489257812
1785506879.207419,6.580495834350586,6.631340026855469,804.8948974609375,629.2459716796875
1785506879.21243,6.585721969604492,6.634253025054932,804.92578125,630.0421752929688
1785506879.217419,6.599338054656982,6.62976598739624,804.5778198242188,629.677001953125
1785506879.222419,6.600749492645264,6.621485233306885,804.3375244140625,628.9993896484375
1785506879.227419,6.600774765014648,6.621729373931885,803.8513793945312,629.087646484375
1785506879.232419,6.59963321685791,6.621087074279785,804.5992431640625,628.4483032226562
1785506879.237419,6.59586238861084,6.629631042480469,804.2966918945312,627.3107299804688
1785506879.242419,6.5964741706848145,6.630433082580566,803.8966064453125,627.7379760742188
1785506879.247419,6.590243339538574,6.6409101486206055,804.6790161132812,627.8651733398438
1785506879.252419,6.588769435882568,6.6400628089904785,805.3453369140625,627.300537109375
1785506879.257419,6.599734783172607,6.653881072998047,805.1358642578125,627.0830688476562
1785506879.262419,6.594512462615967,6.648543834686279,805.0333862304688,626.2639770507812
1785506879.267419,6.6004319190979,6.646830081939697,804.9734497070312,626.1499633789062
1785506879.272419,6.598158836364746,6.654929161071777,804.9249877929688,627.6661987304688
1785506879.27743,6.600934982299805,6.651204586029053,804.7598266601562,627.6296997070312
1785506879.282552,6.592612266540527,6.646881580352783,804.3673095703125,628.1719360351562
1785506879.292541,6.5945820808410645,6.663426876068115,803.8921508789062,626.833251953125
1785506879.297541,6.598020553588867,6.669992923736572,804.4005737304688,626.8207397460938
1785506879.302552,6.6017279624938965,6.658570766448975,804.7528686523438,627.4927978515625
1785506879.307541,6.609250545501709,6.654248237609863,805.0234985351562,627.7583618164062
1785506879.312541,6.630521297454834,6.658466815948486,804.9789428710938,628.4420776367188
1785506879.317541,6.642265796661377,6.656745433807373,805.7656860351562,628.93505859375
1785506879.327541,6.635760307312012,6.654208660125732,803.4717407226562,627.1757202148438
1785506879.337541,6.628405570983887,6.651219367980957,805.122314453125,627.3406982421875
1785506879.342541,6.634998798370361,6.655399322509766,804.5848388671875,627.4644165039062
1785506879.347541,6.6379075050354,6.659576892852783,804.2755737304688,626.994140625
1785506879.352541,6.625572681427002,6.664778709411621,805.9259643554688,626.8453979492188
1785506879.357541,6.620150566101074,6.6586432456970215,805.6875,627.298828125
1785506879.382541,6.621616363525391,6.683181285858154,804.298095703125,626.0772705078125
1785506879.387552,6.624658584594727,6.668338298797607,804.3098754882812,625.565673828125
1785506879.397541,6.637809753417969,6.6806864738464355,805.3799438476562,625.9139404296875
1785506879.402541,6.647921085357666,6.682239055633545,802.496337890625,626.5675048828125
1785506879.412674,6.653344631195068,6.677490711212158,804.0263671875,626.95947265625
1785506879.417674,6.647375583648682,6.684133529663086,804.4149780273438,628.4813232421875
1785506879.422674,6.652115821838379,6.679858684539795,805.2981567382812,628.0369873046875
1785506879.432674,6.66232967376709,6.685161590576172,803.60986328125,629.647216796875
1785506879.437674,6.661043167114258,6.688122749328613,802.9481811523438,628.4073486328125
1785506879.457674,6.677122592926025,6.679622650146484,804.9437866210938,626.3282470703125
1785506879.462674,6.669379234313965,6.676968574523926,805.2698364257812,625.9979248046875
1785506879.467674,6.6682047843933105,6.663056373596191,805.0438232421875,626.49072265625
1785506879.472674,6.668468952178955,6.664410591125488,804.4273071289062,626.8792114257812
1785506879.477674,6.663338661193848,6.660259246826172,805.787109375,626.6819458007812
1785506879.482674,6.658246040344238,6.6530890464782715,803.9879150390625,626.2650146484375
1785506879.487674,6.653164386749268,6.649442195892334,804.230712890625,627.1881103515625
1785506879.492674,6.6414713859558105,6.647632122039795,803.69287109375,628.1130981445312
1785506879.497674,6.6328301429748535,6.650998592376709,805.5441284179688,627.5398559570312
1785506879.502674,6.6448655128479,6.656748294830322,804.97265625,627.5822143554688
1785506879.517674,6.629179954528809,6.654062271118164,802.0413208007812,627.2210083007812
1785506879.522674,6.65024995803833,6.649032115936279,802.8107299804688,625.6309204101562
1785506879.527674,6.646496772766113,6.656064510345459,803.4498901367188,625.791015625
1785506879.532674,6.647646903991699,6.654448986053467,804.4908447265625,625.9778442382812
1785506879.537674,6.6602654457092285,6.650264739990234,804.779541015625,626.3436889648438
1785506879.542674,6.675233840942383,6.654464244842529,805.4705810546875,626.4985961914062
1785506879.547796,6.661613464355469,6.653382301330566,805.6666870117188,626.0798950195312
1785506879.552797,6.655402660369873,6.6525163650512695,805.5853881835938,625.42578125
1785506879.557796,6.6501030921936035,6.669620990753174,805.1678466796875,626.5253295898438
1785506879.562797,6.656999588012695,6.685852527618408,804.5816650390625,625.6965942382812
1785506879.567796,6.655981063842773,6.685654640197754,804.898681640625,625.9678955078125
1785506879.582797,6.664783954620361,6.6976094245910645,805.731689453125,629.061279296875
1785506879.592797,6.649454116821289,6.687774658203125,806.3175048828125,628.7111206054688
1785506879.597796,6.650477886199951,6.698151588439941,806.180908203125,627.6583862304688
1785506879.602797,6.639244556427002,6.69467306137085,804.9260864257812,626.4823608398438
1785506879.607796,6.636908531188965,6.695021629333496,804.7538452148438,628.3403930664062
1785506879.612797,6.6488938331604,6.698144912719727,804.7099609375,628.8641357421875
1785506879.617796,6.65964412689209,6.694893836975098,804.7041015625,628.690185546875
1785506879.622797,6.649162292480469,6.691184043884277,804.7332763671875,629.1288452148438
1785506879.627796,6.654769420623779,6.6871185302734375,803.7474975585938,628.6156616210938
1785506879.632797,6.643589496612549,6.687208652496338,805.2261962890625,628.7373046875
1785506879.637796,6.646298885345459,6.690781116485596,803.7551879882812,624.7200927734375
1785506879.642797,6.655580520629883,6.694690704345703,803.8273315429688,625.2509155273438
1785506879.647808,6.652502059936523,6.6971540451049805,806.3546142578125,627.578125
1785506879.652797,6.6523332595825195,6.704258918762207,806.0975341796875,627.548828125
1785506879.657797,6.648820400238037,6.710293292999268,804.9359130859375,627.494384765625
1785506879.662796,6.640772342681885,6.710348129272461,804.941162109375,626.8930053710938
1785506879.667808,6.623867988586426,6.703546524047852,805.345458984375,626.719970703125
1785506879.672808,6.629145622253418,6.699926376342773,804.7911376953125,626.8327026367188
1785506879.682919,6.6259284019470215,6.696186542510986,805.893798828125,627.5059814453125
1785506879.69293,6.634478569030762,6.702506065368652,805.9349365234375,628.0869140625
1785506879.697919,6.647480487823486,6.7136030197143555,804.8665771484375,628.8092041015625
1785506879.702919,6.663455009460449,6.712080955505371,804.2548217773438,628.164306640625
1785506879.707919,6.671268463134766,6.710763931274414,803.9475708007812,625.9083251953125
1785506879.722919,6.68062686920166,6.720728874206543,803.6256103515625,627.5726928710938
1785506879.727919,6.680655002593994,6.7115654945373535,803.443115234375,627.0140380859375
1785506879.732919,6.682797431945801,6.694057464599609,803.228271484375,627.1500244140625
1785506879.73793,6.688417911529541,6.7012553215026855,803.2882080078125,626.8270263671875
1785506879.742919,6.676930904388428,6.690314292907715,802.2108154296875,627.815185546875
1785506879.75793,6.672583103179932,6.688318252563477,804.2996826171875,628.659912109375
1785506879.762919,6.6645097732543945,6.684785842895508,804.0853271484375,627.09716796875
1785506879.767919,6.659878253936768,6.682291030883789,804.4125366210938,627.3217163085938
1785506879.777919,6.657569408416748,6.681746959686279,804.3452758789062,627.4594116210938
1785506879.782919,6.64566707611084,6.670247554779053,803.2421264648438,627.5001831054688
1785506879.787919,6.643194198608398,6.670173168182373,803.0718994140625,627.2861328125
1785506879.79793,6.63737154006958,6.677462100982666,805.2293090820312,628.38525390625
1785506879.802919,6.652604103088379,6.675619602203369,803.0706787109375,628.7211303710938
1785506879.812919,6.636928558349609,6.673532485961914,802.7052612304688,628.3699951171875
1785506879.823052,6.631108283996582,6.677408695220947,802.4368896484375,628.5896606445312
1785506879.828041,6.646237373352051,6.692203044891357,803.517333984375,628.4468994140625
1785506879.833052,6.660315036773682,6.700690746307373,804.5949096679688,627.2523193359375
1785506879.838041,6.653977870941162,6.702073097229004,803.8839111328125,627.3157348632812
1785506879.848041,6.656213760375977,6.698635578155518,805.5543823242188,627.6649169921875
1785506879.853041,6.655277729034424,6.691195011138916,805.6800537109375,627.0656127929688
1785506879.858041,6.65653657913208,6.6844587326049805,804.4578247070312,628.2982177734375
1785506879.863052,6.6728363037109375,6.694437026977539,804.7330322265625,628.0230712890625
1785506879.868041,6.688808917999268,6.700727939605713,805.3031616210938,627.0650024414062
1785506879.873041,6.6864471435546875,6.704068183898926,805.5823364257812,627.5478515625
1785506879.878041,6.677038669586182,6.705866813659668,805.7709350585938,627.3345336914062
1785506879.883041,6.663571834564209,6.694155693054199,806.0289306640625,627.7804565429688
1785506879.888041,6.653688430786133,6.68491792678833,807.3737182617188,627.9542236328125
1785506879.898041,6.651045799255371,6.671681880950928,807.0916748046875,628.127685546875
1785506879.908041,6.6562933921813965,6.675692558288574,807.9881591796875,628.3723754882812
1785506879.913041,6.645984649658203,6.680424690246582,807.3333129882812,628.9179077148438
1785506879.918041,6.65633487701416,6.678008079528809,807.7037353515625,629.0896606445312
1785506879.923041,6.654936790466309,6.685775279998779,807.96826171875,629.182861328125
1785506879.928041,6.655673503875732,6.675339221954346,807.15869140625,629.4150390625
1785506879.933041,6.6644721031188965,6.679431915283203,806.8467407226562,628.8500366210938
1785506879.938041,6.657588481903076,6.679376125335693,807.2454833984375,628.5399169921875
1785506879.943041,6.661333084106445,6.687246799468994,807.0654296875,628.77392578125
1785506879.948041,6.675747871398926,6.680999755859375,806.0264892578125,629.28759765625
1785506879.953174,6.679516315460205,6.677296161651611,806.1052856445312,629.72802734375
1785506879.958174,6.67739200592041,6.678402900695801,806.1675415039062,629.3195190429688
1785506879.963174,6.6829400062561035,6.67603874206543,806.5419311523438,627.535888671875
1785506879.968185,6.6758270263671875,6.6790666580200195,806.224365234375,627.611572265625
1785506879.973174,6.682788372039795,6.68257999420166,806.5547485351562,628.2967529296875
1785506879.978174,6.676279544830322,6.690622329711914,804.9088745117188,626.9244995117188
1785506879.988174,6.661670684814453,6.678703308105469,804.4693603515625,628.2435302734375
1785506879.993174,6.655162334442139,6.674932479858398,805.0307006835938,628.9414672851562
1785506880.003174,6.646831035614014,6.668566703796387,804.377685546875,628.79736328125
1785506880.008174,6.65248441696167,6.662541389465332,805.7350463867188,629.2112426757812
1785506880.013174,6.653049468994141,6.669740200042725,805.9138793945312,629.1939086914062
1785506880.018174,6.6696858406066895,6.671843528747559,806.3499755859375,628.8541259765625
1785506880.023174,6.662219047546387,6.670867919921875,804.5867309570312,629.5662231445312
1785506880.028174,6.646940231323242,6.6709980964660645,804.8497314453125,629.1544189453125
1785506880.033174,6.640298843383789,6.6720380783081055,805.3887939453125,629.5735473632812
1785506880.043174,6.637669563293457,6.665640354156494,806.1881103515625,629.797607421875
1785506880.048174,6.633736610412598,6.668912410736084,806.2028198242188,628.8425903320312
1785506880.053174,6.630729675292969,6.664910793304443,806.0665893554688,630.1663208007812
1785506880.058174,6.636741638183594,6.663527488708496,807.9166259765625,628.9205322265625
1785506880.063174,6.652716159820557,6.668755054473877,807.7569580078125,630.0128173828125
1785506880.068174,6.659147262573242,6.671448230743408,807.66455078125,629.2579956054688
1785506880.073174,6.65058708190918,6.672001361846924,808.0899047851562,629.2887573242188
1785506880.078185,6.6612420082092285,6.676762104034424,807.3333740234375,629.4098510742188
1785506880.083174,6.657553672790527,6.6757025718688965,806.38818359375,628.9942626953125
1785506880.088296,6.661883354187012,6.663689613342285,806.2822875976562,628.4244995117188
1785506880.093185,6.6621222496032715,6.665092945098877,806.7199096679688,629.8797607421875
1785506880.103297,6.668957710266113,6.664249897003174,805.2808837890625,629.0635375976562
1785506880.113297,6.669241428375244,6.661566734313965,805.6815795898438,628.18212890625
1785506880.118297,6.662833213806152,6.657973766326904,804.62841796875,627.8906860351562
1785506880.123296,6.648861408233643,6.655261039733887,805.2048950195312,627.6039428710938
1785506880.128297,6.634904861450195,6.6493353843688965,805.9816284179688,627.2925415039062
1785506880.133308,6.634830951690674,6.655773639678955,806.876953125,627.7534790039062
1785506880.138297,6.627746105194092,6.656699180603027,807.0590209960938,626.612060546875
1785506880.143296,6.630035400390625,6.658430576324463,806.5499267578125,626.7161254882812
1785506880.153296,6.630335330963135,6.655857086181641,805.9614868164062,627.37109375
1785506880.158297,6.625655174255371,6.65615701675415,805.7461547851562,627.1949462890625
1785506880.163296,6.616313457489014,6.6526079177856445,804.711669921875,628.45751953125
1785506880.168297,6.625504970550537,6.656224250793457,804.3175048828125,628.0299072265625
1785506880.173296,6.629729270935059,6.654767990112305,804.1983032226562,627.2724609375
1785506880.178297,6.63958740234375,6.6659650802612305,803.6270751953125,626.6248779296875
1785506880.183296,6.6410112380981445,6.663257598876953,804.1160278320312,627.99072265625
1785506880.188297,6.6438984870910645,6.666893005371094,805.6079711914062,628.5602416992188
1785506880.198297,6.64317512512207,6.67622709274292,806.5304565429688,626.008056640625
1785506880.203296,6.656500816345215,6.667060375213623,806.0028076171875,626.2545166015625
1785506880.208297,6.659627437591553,6.666180610656738,805.0935668945312,626.8068237304688
1785506880.213296,6.662038326263428,6.666339874267578,804.4645385742188,628.0491333007812
1785506880.218297,6.656711578369141,6.6592936515808105,805.2438354492188,626.9542846679688
1785506880.223419,6.641430377960205,6.655954360961914,805.3858032226562,626.7601318359375
1785506880.228419,6.645776271820068,6.657550811767578,804.4697265625,627.0573120117188
1785506880.238419,6.6409173011779785,6.647529125213623,804.5953369140625,626.2593383789062
1785506880.243419,6.634299278259277,6.653111934661865,805.4320068359375,626.31494140625
1785506880.248419,6.657413482666016,6.6538920402526855,805.4152221679688,626.35986328125
1785506880.253419,6.661723613739014,6.661928176879883,806.4454345703125,626.0003662109375
1785506880.258419,6.654407978057861,6.655190467834473,806.5004272460938,624.8738403320312
1785506880.26843,6.637634754180908,6.652346611022949,806.1847534179688,625.1323852539062
1785506880.273419,6.626189708709717,6.655537128448486,805.9583129882812,626.3361206054688
1785506880.278419,6.632551670074463,6.648509979248047,805.7258911132812,628.1234741210938
1785506880.283419,6.636040210723877,6.645602226257324,805.0773315429688,627.3837280273438
1785506880.288419,6.642659664154053,6.653231620788574,805.6945190429688,627.6995849609375
1785506880.293419,6.64206075668335,6.6446309089660645,805.4270629882812,627.6409301757812
1785506880.30343,6.65090799331665,6.6447434425354,804.8665771484375,625.7554931640625
1785506880.30843,6.652767658233643,6.647818565368652,804.9508666992188,625.9708251953125
1785506880.323419,6.639445781707764,6.6510419845581055,805.1063232421875,626.1439208984375
1785506880.328419,6.647356033325195,6.66199254989624,804.2266235351562,627.3494873046875
1785506880.333419,6.650800704956055,6.660999774932861,804.5169677734375,626.7586669921875
1785506880.33843,6.644100189208984,6.673624515533447,804.94140625,626.8731689453125
1785506880.343419,6.651648998260498,6.675559043884277,805.3409423828125,625.640625
1785506880.348419,6.639614105224609,6.676939487457275,805.2031860351562,626.124755859375
1785506880.35343,6.639925003051758,6.676018714904785,804.8556518554688,627.3179321289062
1785506880.358552,6.638423919677734,6.678738594055176,806.2066040039062,626.3703002929688
1785506880.363541,6.631881237030029,6.671844959259033,806.6900634765625,626.7711181640625
1785506880.368541,6.635256767272949,6.667631149291992,807.3240966796875,626.197509765625
1785506880.378541,6.642560005187988,6.665475845336914,807.4542846679688,626.4318237304688
1785506880.383552,6.6460113525390625,6.670503616333008,807.2055053710938,628.8346557617188
1785506880.388552,6.645898818969727,6.677356243133545,807.0670166015625,629.1705932617188
1785506880.393552,6.657733917236328,6.6718549728393555,807.562255859375,628.28662109375
1785506880.398541,6.647729873657227,6.674384117126465,807.0881958007812,627.24951171875
1785506880.408552,6.666382312774658,6.675156116485596,808.523681640625,625.39990234375
1785506880.413541,6.658202171325684,6.6691131591796875,808.2630615234375,624.7362060546875
1785506880.418552,6.66309928894043,6.670050621032715,807.2888793945312,625.7584838867188
1785506880.423552,6.670694351196289,6.676389217376709,806.6207275390625,626.6260375976562
1785506880.428541,6.675031661987305,6.678009033203125,807.0128784179688,626.791748046875
1785506880.433552,6.687335968017578,6.684627532958984,807.5513305664062,628.8505249023438
1785506880.438552,6.720218181610107,6.689270973205566,815.0142211914062,631.0732421875
1785506880.443552,6.739198684692383,6.698252201080322,818.9156494140625,629.7610473632812
1785506880.448541,6.776097297668457,6.694662094116211,829.8154907226562,625.2911987304688
1785506880.453552,6.779049873352051,6.706553936004639,862.0072631835938,617.51513671875
1785506880.458552,6.7905354499816895,6.725015163421631,889.9241333007812,607.4305419921875
1785506880.463541,6.788558006286621,6.750685691833496,897.5684204101562,616.2015991210938
1785506880.478563,6.84628438949585,6.777158737182617,944.0091552734375,625.4987182617188
1785506880.483552,6.873283386230469,6.778162002563477,950.352294921875,626.8753662109375
1785506880.488552,6.890071868896484,6.784852027893066,948.8328247070312,630.1519165039062
1785506880.493552,6.900418758392334,6.784731388092041,946.5503540039062,639.03125
1785506880.503674,6.9000654220581055,6.792848587036133,920.9998168945312,641.0404663085938
1785506880.513685,6.860311985015869,6.803274631500244,861.9271850585938,655.7921752929688
1785506880.523674,6.790440082550049,6.824621200561523,819.3304443359375,664.4577026367188
1785506880.528674,6.750253677368164,6.821859836578369,795.893798828125,662.7155151367188
1785506880.533674,6.730544090270996,6.799307823181152,771.6159057617188,657.03955078125
1785506880.538674,6.738331317901611,6.782177925109863,751.8489990234375,663.04931640625
1785506880.543674,6.717957019805908,6.753176689147949,742.517822265625,665.8114624023438
1785506880.548674,6.728233814239502,6.742865562438965,719.392822265625,671.529296875
1785506880.553674,6.736550331115723,6.719231605529785,712.265625,665.8338623046875
1785506880.558674,6.739676475524902,6.698105812072754,698.6510620117188,675.7979736328125
1785506880.563674,6.7331862449646,6.691392421722412,699.2674560546875,674.8867797851562
1785506880.578674,6.702588081359863,6.664093971252441,703.4452514648438,677.018310546875
1785506880.583674,6.708929538726807,6.653958797454834,703.968017578125,677.3308715820312
1785506880.588674,6.7191338539123535,6.64669942855835,702.7163696289062,678.3726806640625
1785506880.598686,6.721450328826904,6.653326988220215,703.2886352539062,680.384521484375
1785506880.603674,6.720975399017334,6.6443634033203125,702.8667602539062,679.74365234375
1785506880.613674,6.752035617828369,6.6262688636779785,693.2345581054688,692.3016967773438
1785506880.623674,6.784110069274902,6.642560958862305,679.6737670898438,746.2908935546875
1785506880.628808,6.809342861175537,6.646779537200928,681.7644653320312,770.170654296875
1785506880.633796,6.842216968536377,6.635866165161133,692.3903198242188,778.2451171875
1785506880.638797,6.842609882354736,6.629692077636719,697.118408203125,781.791259765625
1785506880.653808,6.876772880554199,6.637855529785156,698.390380859375,781.5999145507812
1785506880.663796,6.889276504516602,6.65024995803833,697.5344848632812,779.8798828125
1785506880.668797,6.887237071990967,6.66097354888916,698.47021484375,783.0628662109375
1785506880.673808,6.888082027435303,6.678462505340576,697.9478149414062,781.9122924804688
1785506880.678797,6.884320259094238,6.688278675079346,698.3564453125,781.67431640625
1785506880.683796,6.885032653808594,6.690768718719482,697.7713623046875,780.7823486328125
1785506880.688797,6.889076232910156,6.692468643188477,695.9397583007812,779.6255493164062
1785506880.693797,6.909627914428711,6.687061309814453,697.4601440429688,778.9738159179688
1785506880.698797,6.91634464263916,6.679550647735596,697.3856201171875,778.629638671875
1785506880.703797,6.92142391204834,6.684566497802734,697.2451782226562,780.7689819335938
1785506880.708797,6.932138919830322,6.674679756164551,697.8945922851562,779.8150634765625
1785506880.713797,6.933778762817383,6.675599575042725,696.6660766601562,778.89501953125
1785506880.718796,6.925168991088867,6.663530349731445,694.92724609375,779.0133056640625
1785506880.723797,6.9282073974609375,6.657357215881348,693.8959350585938,778.979736328125
1785506880.728796,6.921177387237549,6.643733501434326,693.8026733398438,778.2037963867188
1785506880.733797,6.913039684295654,6.642970085144043,692.71435546875,779.5582275390625
1785506880.738796,6.927310943603516,6.6417717933654785,692.0963134765625,779.4395141601562
1785506880.743808,6.938734531402588,6.636031150817871,692.743408203125,780.0116577148438
1785506880.748808,6.936822891235352,6.642843246459961,692.567626953125,779.8936767578125
1785506880.753797,6.9183244705200195,6.628499507904053,693.1492309570312,778.5978393554688
1785506880.758796,6.882196426391602,6.6243720054626465,688.40478515625,770.8645629882812
1785506880.763919,6.861886978149414,6.62267541885376,684.640625,765.093505859375
1785506880.768919,6.8561482429504395,6.637218952178955,683.6437377929688,759.5269165039062
1785506880.773919,6.866474628448486,6.6493988037109375,684.4417724609375,756.4895629882812
1785506880.77893,6.880989074707031,6.6584954261779785,686.9537353515625,753.5155639648438
1785506880.803919,6.86566686630249,6.649649620056152,688.1467895507812,753.271484375
1785506880.808919,6.88739538192749,6.6665568351745605,688.7403564453125,753.2435913085938
1785506880.81393,6.885178565979004,6.6662373542785645,688.32373046875,752.7427368164062
1785506880.818919,6.883578777313232,6.654397487640381,688.119873046875,752.5564575195312
1785506880.82393,6.887806415557861,6.657450199127197,687.8123168945312,751.3787231445312
1785506880.828919,6.880666732788086,6.661928176879883,687.8926391601562,751.7736206054688
1785506880.848919,6.853870868682861,6.648264408111572,685.6988525390625,750.0430908203125
1785506880.853919,6.859567642211914,6.64837121963501,688.3818359375,750.4208984375
1785506880.858919,6.85212516784668,6.661839008331299,687.7705078125,751.0335083007812
1785506880.863919,6.851369857788086,6.674770832061768,687.9382934570312,749.3522338867188
1785506880.873919,6.849545001983643,6.665919303894043,688.0772705078125,752.1705932617188
1785506880.878919,6.851394176483154,6.663990020751953,687.6838989257812,749.8958129882812
1785506880.883919,6.835786819458008,6.652986526489258,686.9788208007812,750.9322509765625
1785506880.88893,6.842986106872559,6.66969108581543,685.6531372070312,750.3336791992188
1785506880.893919,6.847937107086182,6.667564868927002,686.3012084960938,749.4602661132812
1785506880.904052,6.84442663192749,6.661211967468262,686.4647216796875,749.66064453125
1785506880.914052,6.855591297149658,6.646132469177246,686.9751586914062,749.6211547851562
1785506880.919052,6.87422513961792,6.656261920928955,687.4701538085938,749.2044067382812
1785506880.924052,6.852585315704346,6.651275157928467,687.3908081054688,750.6780395507812
1785506880.929052,6.85051965713501,6.659271717071533,688.6045532226562,750.7620849609375
1785506880.934052,6.844165802001953,6.657201766967773,690.021728515625,750.04931640625
1785506880.949052,6.839582920074463,6.651928901672363,687.6165771484375,749.9457397460938
1785506880.954052,6.844157695770264,6.641742706298828,688.06982421875,750.4786376953125
1785506880.959052,6.831273078918457,6.637634754180908,687.6692504882812,750.86474609375
1785506880.964052,6.840876579284668,6.633563041687012,687.1358032226562,750.607666015625
1785506880.969052,6.8564372062683105,6.63832426071167,687.9716186523438,750.6465454101562
1785506880.984052,6.84172248840332,6.633235931396484,687.1041870117188,748.3084716796875
1785506880.994052,6.842047691345215,6.646764755249023,687.3911743164062,750.0282592773438
1785506880.999052,6.849032402038574,6.632580757141113,687.180419921875,750.7167358398438
1785506881.004063,6.837100028991699,6.637295722961426,687.0259399414062,750.9611206054688
1785506881.014052,6.8308539390563965,6.645018100738525,687.82666015625,751.65283203125
1785506881.019052,6.8106369972229,6.647314548492432,685.886474609375,750.674560546875
1785506881.024052,6.815580368041992,6.651086807250977,685.4434204101562,750.6459350585938
1785506881.029052,6.818595886230469,6.65495491027832,685.315673828125,749.531005859375
1785506881.034174,6.8182830810546875,6.655145168304443,685.3919677734375,748.6744995117188
1785506881.049174,6.824470520019531,6.655002593994141,686.5250244140625,750.5036010742188
1785506881.059174,6.826586723327637,6.653147220611572,687.5603637695312,750.718994140625
1785506881.064185,6.820830821990967,6.666131019592285,686.1289672851562,749.8282470703125
1785506881.069174,6.837836742401123,6.663026809692383,686.2144775390625,748.9161376953125
1785506881.079174,6.838951110839844,6.6620402336120605,684.8704833984375,749.8956909179688
1785506881.084174,6.840878009796143,6.663810729980469,684.7848510742188,749.0654296875
1785506881.094174,6.856892108917236,6.655840873718262,684.9277954101562,750.0149536132812
1785506881.099174,6.855710983276367,6.650847434997559,686.2862548828125,750.2233276367188
1785506881.104174,6.8578972816467285,6.656538963317871,684.9066772460938,750.2490844726562
1785506881.109174,6.851599216461182,6.661964416503906,684.2588500976562,749.3429565429688
1785506881.114174,6.856842041015625,6.661563396453857,683.8631591796875,749.9525756835938
1785506881.124174,6.863917827606201,6.6691203117370605,683.67236328125,751.4785766601562
1785506881.129174,6.860534191131592,6.677435398101807,683.3967895507812,751.65625
1785506881.134174,6.8607354164123535,6.6789469718933105,683.7236938476562,750.7462158203125
1785506881.144174,6.8705644607543945,6.679034233093262,681.4954833984375,749.167236328125
1785506881.149174,6.857847690582275,6.684823036193848,681.2980346679688,749.5338134765625
1785506881.159174,6.858056545257568,6.697061061859131,681.470703125,751.379150390625
1785506881.164174,6.851442337036133,6.706367015838623,679.22216796875,750.5960693359375
1785506881.169174,6.858630180358887,6.714298725128174,678.5258178710938,750.2368774414062
1785506881.174297,6.8643364906311035,6.7145795822143555,677.960205078125,747.6826171875
1785506881.179296,6.871709823608398,6.711632251739502,677.3130493164062,748.251220703125
1785506881.184297,6.87860107421875,6.715330600738525,677.7158203125,747.9046630859375
1785506881.189296,6.8627848625183105,6.709251880645752,678.3783569335938,746.3157348632812
1785506881.194297,6.866807460784912,6.7056427001953125,678.2112426757812,745.9982299804688
1785506881.199296,6.8650126457214355,6.701554298400879,678.2045288085938,745.2730712890625
1785506881.204297,6.859153747558594,6.703093528747559,677.2649536132812,745.5020751953125
1785506881.209296,6.853246212005615,6.708602428436279,676.6510620117188,745.8482666015625
1785506881.214297,6.856602191925049,6.702345371246338,675.3126220703125,745.5325927734375
1785506881.219296,6.853755474090576,6.701004505157471,676.048095703125,745.5608520507812
1785506881.224297,6.838038921356201,6.701476097106934,677.0682983398438,748.1439819335938
1785506881.254297,6.805156707763672,6.686766624450684,678.4338989257812,746.2916870117188
1785506881.259296,6.831812381744385,6.695282459259033,677.1893310546875,746.572509765625
1785506881.264297,6.819278240203857,6.700256824493408,676.2257690429688,746.4476928710938
1785506881.269296,6.837547302246094,6.717006206512451,675.8505249023438,746.2184448242188
1785506881.274297,6.847502708435059,6.715574741363525,676.1154174804688,747.1287841796875
1785506881.279297,6.864674091339111,6.719716548919678,675.9175415039062,747.0128784179688
1785506881.284297,6.862557888031006,6.7197418212890625,675.7120971679688,747.7957763671875
1785506881.289297,6.857611656188965,6.714650630950928,675.2791748046875,747.895263671875
1785506881.294297,6.860085487365723,6.722867012023926,675.444091796875,748.9134521484375
1785506881.299297,6.8610124588012695,6.726713180541992,676.1735229492188,746.7101440429688
1785506881.304296,6.868896961212158,6.728829860687256,676.3672485351562,746.7766723632812
1785506881.314419,6.867327690124512,6.7351531982421875,676.2894287109375,747.7306518554688
1785506881.324419,6.827763080596924,6.725353717803955,699.8196411132812,751.4331665039062
1785506881.329419,6.821882724761963,6.742020606994629,725.9513549804688,756.2824096679688
1785506881.33443,6.831894874572754,6.779009819030762,746.74169921875,773.4517822265625
1785506881.339419,6.8311381340026855,6.778568267822266,776.188720703125,784.2872924804688
1785506881.349419,6.8059234619140625,6.79302978515625,832.1963500976562,794.9754638671875
1785506881.354419,6.823362827301025,6.804284572601318,853.2803955078125,787.21044921875
1785506881.359419,6.837006092071533,6.801831245422363,879.9743041992188,792.0957641601562
1785506881.364419,6.8451361656188965,6.7928385734558105,905.4593505859375,789.8909912109375
1785506881.36943,6.839778900146484,6.807220935821533,934.2372436523438,799.653564453125
1785506881.374419,6.8037919998168945,6.809860706329346,950.5223388671875,809.54931640625
1785506881.37943,6.760320663452148,6.798419952392578,963.9609375,808.9446411132812
1785506881.384419,6.693519592285156,6.780503749847412,974.245361328125,801.0934448242188
1785506881.389419,6.629687786102295,6.772745609283447,998.4291381835938,807.9159545898438
1785506881.394419,6.595180988311768,6.75587272644043,1015.534423828125,803.787109375
1785506881.399419,6.571752548217773,6.740604400634766,1017.9708862304688,808.6973876953125
1785506881.404419,6.559593677520752,6.742784023284912,1023.6312866210938,811.311279296875
1785506881.409419,6.554617404937744,6.754242897033691,1024.246337890625,808.3521728515625
1785506881.41443,6.550713539123535,6.768662452697754,1023.8741455078125,808.616943359375
1785506881.419419,6.554224967956543,6.767287254333496,1024.252197265625,807.1515502929688
1785506881.424419,6.557328701019287,6.772655963897705,1024.98046875,806.2633666992188
1785506881.429419,6.553289413452148,6.770741939544678,1024.253173828125,805.6320190429688
1785506881.434419,6.565801620483398,6.777209281921387,1023.9762573242188,805.7333984375
1785506881.43943,6.53934907913208,6.78937292098999,1023.50048828125,805.2041625976562
1785506881.444563,6.537395477294922,6.782686710357666,1022.6173706054688,804.9154663085938
1785506881.454552,6.5258073806762695,6.786923408508301,1026.430419921875,807.5001220703125
1785506881.464552,6.526236534118652,6.79374361038208,1051.810302734375,821.5591430664062
1785506881.469552,6.52262020111084,6.785948753356934,1076.899169921875,825.3930053710938
1785506881.474552,6.487212181091309,6.772916316986084,1085.0096435546875,826.7139282226562
1785506881.479552,6.473735332489014,6.764402389526367,1084.4354248046875,827.2363891601562
1785506881.489552,6.449504375457764,6.740649700164795,1082.2589111328125,827.1671142578125
1785506881.499552,6.436216354370117,6.732964992523193,1080.828857421875,826.0426635742188
1785506881.509552,6.425712585449219,6.720425605773926,1079.816162109375,826.7863159179688
1785506881.514552,6.4144110679626465,6.737160682678223,1079.516357421875,827.3154296875
1785506881.519552,6.443845272064209,6.749166488647461,1079.748779296875,825.861328125
1785506881.524552,6.448370456695557,6.754321575164795,1080.2052001953125,827.1255493164062
1785506881.529552,6.453108787536621,6.7641730308532715,1081.1807861328125,826.4960327148438
1785506881.534552,6.464563369750977,6.779555797576904,1079.5379638671875,826.6016235351562
1785506881.539552,6.47777795791626,6.798471927642822,1079.5826416015625,826.5192260742188
1785506881.544552,6.487957000732422,6.79981803894043,1079.3502197265625,824.6990356445312
1785506881.559552,6.4923553466796875,6.803800582885742,1081.1170654296875,823.7972412109375
1785506881.564552,6.5020623207092285,6.794198989868164,1081.3536376953125,824.7321166992188
1785506881.569552,6.49326229095459,6.792315483093262,1080.359375,824.7398681640625
1785506881.574552,6.485286712646484,6.79279088973999,1081.3817138671875,824.7728881835938
1785506881.579674,6.496372222900391,6.7872538566589355,1081.0836181640625,825.4738159179688
1785506881.584674,6.497768402099609,6.7883405685424805,1080.53271484375,825.7848510742188
1785506881.589674,6.493249893188477,6.788295269012451,1081.825927734375,826.6807861328125
1785506881.594674,6.496593475341797,6.794561386108398,1081.268798828125,826.1272583007812
1785506881.604674,6.485469341278076,6.8014140129089355,1081.344482421875,826.299560546875
1785506881.609674,6.486172676086426,6.790659427642822,1080.7789306640625,827.5137329101562
1785506881.614674,6.490606307983398,6.779206275939941,1081.0670166015625,827.1072998046875
1785506881.619685,6.500735282897949,6.782025337219238,1078.852294921875,828.4937133789062
1785506881.624674,6.4918437004089355,6.780826091766357,1079.1983642578125,826.4168090820312
1785506881.629674,6.494956970214844,6.788763523101807,1079.8114013671875,827.6338500976562
1785506881.634674,6.476612091064453,6.788547515869141,1080.4859619140625,826.53173828125
1785506881.649674,6.453649520874023,6.784668445587158,1082.7359619140625,825.6517944335938
1785506881.654674,6.461769104003906,6.791909217834473,1083.7620849609375,825.4096069335938
1785506881.659674,6.479524612426758,6.7920355796813965,1083.523193359375,825.6904907226562
1785506881.664674,6.502498149871826,6.798126697540283,1084.441650390625,824.9921875
1785506881.669674,6.51118278503418,6.787476062774658,1083.1761474609375,827.4876708984375
1785506881.674674,6.509555816650391,6.785284042358398,1083.7669677734375,828.4291381835938
1785506881.679674,6.504228115081787,6.783496379852295,1084.61865234375,828.4422607421875
1785506881.684674,6.503127574920654,6.786555290222168,1083.5843505859375,828.0787963867188
1785506881.689674,6.504687786102295,6.789187431335449,1085.1116943359375,827.4049072265625
1785506881.704674,6.48768949508667,6.793806552886963,1084.2891845703125,828.7008666992188
1785506881.709674,6.479431629180908,6.796777725219727,1084.132080078125,829.7822265625
1785506881.714797,6.469046592712402,6.789394855499268,1085.138671875,830.72412109375
1785506881.719796,6.475337982177734,6.788685321807861,1084.2947998046875,831.7462158203125
1785506881.724808,6.484435558319092,6.7871551513671875,1084.722900390625,832.7377319335938
1785506881.729808,6.494801044464111,6.791589260101318,1084.201171875,834.7630004882812
1785506881.734808,6.507993221282959,6.791589260101318,1084.570556640625,834.4762573242188
1785506881.739796,6.50355863571167,6.796975135803223,1083.728271484375,834.794921875
1785506881.744797,6.50672721862793,6.787314414978027,1083.3638916015625,834.6082763671875
1785506881.749797,6.502281188964844,6.796525001525879,1084.2418212890625,832.5
1785506881.759797,6.4813923835754395,6.781459808349609,1081.8927001953125,834.3214111328125
1785506881.764796,6.479221343994141,6.77510929107666,1081.04541015625,833.8547973632812
1785506881.769797,6.507872581481934,6.761614799499512,1079.14013671875,835.2037963867188
1785506881.774796,6.5469770431518555,6.742448806762695,1037.771240234375,817.135009765625
1785506881.784796,6.598911285400391,6.746789455413818,963.0883178710938,797.2742309570312
1785506881.804505,6.572595596313477,6.679569721221924,804.143310546875,756.153564453125
1785506881.814505,6.508188247680664,6.585444927215576,733.8369140625,748.8241577148438
1785506881.819505,6.423653602600098,6.450471878051758,719.1356201171875,730.645751953125
1785506881.824505,6.372913837432861,6.384801864624023,709.8181762695312,700.94091796875
1785506881.829505,6.283836841583252,6.317404747009277,696.294677734375,684.7267456054688
1785506881.834505,6.231044769287109,6.258381366729736,696.2068481445312,684.3956298828125
1785506881.839505,6.194099426269531,6.206364631652832,695.6828002929688,673.1171875
1785506881.844505,6.224027156829834,6.178503036499023,698.8048706054688,674.5293579101562
1785506881.849516,6.247472286224365,6.177245140075684,699.555908203125,676.5689086914062
1785506881.854627,6.299320697784424,6.184078693389893,697.5276489257812,677.5883178710938
1785506881.859638,6.365828514099121,6.211234092712402,694.658203125,678.0125122070312
1785506881.864627,6.418000221252441,6.242185592651367,694.326416015625,677.8302001953125
1785506881.869627,6.466955661773682,6.287718772888184,696.0867309570312,671.7860107421875
1785506881.874627,6.558525562286377,6.349324703216553,700.1612548828125,665.3184204101562
1785506881.879627,6.633468151092529,6.40255880355835,700.2743530273438,655.7225952148438
1785506881.884627,6.727271556854248,6.470130920410156,700.1699829101562,651.1848754882812
1785506881.889649,6.793666839599609,6.542011260986328,703.2257690429688,646.4409790039062
1785506881.894627,6.866063117980957,6.5944437980651855,705.0322265625,646.3345336914062
1785506881.899627,6.897592544555664,6.63136625289917,707.93115234375,642.8543090820312
1785506881.904627,6.940824508666992,6.6644392013549805,708.375732421875,642.54541015625
1785506881.909638,6.972858905792236,6.697380065917969,707.9338989257812,641.6218872070312
1785506881.914638,6.967793941497803,6.718501091003418,707.3898315429688,640.6887817382812
1785506881.919627,6.958681583404541,6.735914707183838,707.4923706054688,640.5491943359375
1785506881.924627,6.9556050300598145,6.745268821716309,707.2612915039062,640.4354858398438
1785506881.929638,6.956648826599121,6.760772228240967,707.802490234375,639.3950805664062
1785506881.934627,6.938699245452881,6.775287628173828,706.572998046875,638.820556640625
1785506881.939627,6.919230937957764,6.780876159667969,707.5748901367188,635.1563720703125
1785506881.954627,6.896419525146484,6.801429271697998,706.5148315429688,631.1333618164062
1785506881.959627,6.853975296020508,6.7767558097839355,705.6070556640625,631.7550048828125
1785506881.964627,6.834938049316406,6.777003765106201,705.4202880859375,629.736328125
1785506881.969638,6.818041801452637,6.774674415588379,705.4254760742188,629.835205078125
1785506881.974627,6.829634189605713,6.755918979644775,707.7279663085938,630.7811279296875
1785506881.979627,6.834874153137207,6.767172336578369,708.05224609375,629.6752319335938
1785506881.984761,6.835829257965088,6.763479709625244,708.6712036132812,629.2573852539062
1785506881.98976,6.805953025817871,6.753663539886475,707.1748657226562,629.2783203125
1785506881.994761,6.705118179321289,6.70372200012207,695.138427734375,657.35205078125
1785506881.99976,6.5519914627075195,6.590701580047607,690.6506958007812,680.9113159179688
1785506882.004761,6.354635715484619,6.3887152671813965,718.5374755859375,659.8877563476562
1785506882.00976,6.354623317718506,6.388705253601074,692.423828125,602.7852783203125
1785506882.01476,6.354579448699951,6.388666152954102,706.743896484375,608.3097534179688
1785506882.029761,6.354442596435547,6.388530254364014,793.7686157226562,691.3877563476562
1785506882.03476,6.354289531707764,6.388383865356445,710.4441528320312,647.8600463867188
1785506882.039761,6.354118347167969,6.388232707977295,672.3576049804688,627.7976684570312
1785506882.044772,6.3539605140686035,6.388082981109619,724.6117553710938,606.39697265625
1785506882.049761,6.353784084320068,6.387914180755615,676.000732421875,643.1201171875
1785506882.05476,6.353591442108154,6.387734413146973,691.466796875,604.3231201171875
1785506882.059761,6.353387355804443,6.387542724609375,682.3425903320312,622.6248779296875
1785506882.06476,6.35317325592041,6.387335777282715,692.3492431640625,625.315185546875
1785506882.069761,6.3529438972473145,6.387110710144043,674.1947631835938,685.1190795898438
1785506882.07476,6.352700710296631,6.3868865966796875,705.3641357421875,569.4080810546875
1785506882.079761,6.352469444274902,6.386655807495117,708.0303955078125,594.3796997070312
1785506882.09476,6.352237224578857,6.386470794677734,653.2640380859375,481.94793701171875
1785506882.099761,6.352002143859863,6.386333465576172,683.6757202148438,604.3427734375
1785506882.10476,6.3518571853637695,6.386239528656006,677.6084594726562,582.4611206054688
1785506882.109761,6.3517584800720215,6.386181354522705,671.135986328125,644.1114501953125
1785506882.11476,6.351686954498291,6.38613748550415,694.5296630859375,675.2216796875
1785506882.119883,6.351640224456787,6.386107921600342,691.424072265625,678.4133911132812
1785506882.124883,6.351588249206543,6.386078834533691,688.3203735351562,673.8278198242188
1785506882.129883,6.351546287536621,6.386064052581787,690.4705200195312,669.5242309570312
1785506882.139883,6.351521968841553,6.3860626220703125,691.36865234375,667.0548095703125
1785506882.154883,6.351532936096191,6.446280002593994,693.6287841796875,661.8921508789062
1785506882.164883,6.534897804260254,6.469926834106445,693.7313842773438,649.7774658203125
1785506882.169883,6.55124568939209,6.4954752922058105,694.1088256835938,648.1941528320312
1785506882.174883,6.595314979553223,6.525886535644531,692.3811645507812,646.6959838867188
1785506882.179883,6.620426654815674,6.527448654174805,692.503173828125,643.1885375976562
1785506882.184883,6.641384601593018,6.546309947967529,693.731201171875,639.3615112304688
1785506882.189883,6.67376184463501,6.562002658843994,694.6681518554688,636.7197265625
1785506882.194883,6.699532985687256,6.577693462371826,692.9353637695312,633.629150390625
1785506882.209883,6.755341529846191,6.583102226257324,693.609130859375,631.4163818359375
1785506882.214894,6.767999649047852,6.570522308349609,692.5147705078125,627.6365966796875
1785506882.219883,6.771088123321533,6.570333480834961,692.1449584960938,625.8909301757812
1785506882.224883,6.790395736694336,6.564779281616211,691.5916137695312,625.5338745117188
1785506882.229883,6.797548294067383,6.555257320404053,689.6871948242188,621.2651977539062
1785506882.234883,6.816710472106934,6.561169624328613,691.2276000976562,620.3197631835938
1785506882.239883,6.819488048553467,6.55654764175415,690.8826293945312,619.8701171875
1785506882.244883,6.819847583770752,6.549931049346924,691.4070434570312,618.7252807617188
1785506882.249883,6.820128917694092,6.546220302581787,692.1646728515625,619.14404296875
1785506882.255005,6.809000492095947,6.542253017425537,692.8321533203125,617.8252563476562
1785506882.260005,6.816246509552002,6.538156032562256,691.8377685546875,616.10205078125
1785506882.285016,6.797938346862793,6.543221473693848,697.1756591796875,611.7182006835938
1785506882.295005,6.759710788726807,6.552596569061279,698.500244140625,611.5873413085938
1785506882.300005,6.735595703125,6.550524711608887,699.360107421875,612.0927124023438
1785506882.305005,6.731037616729736,6.554147243499756,698.0728149414062,612.2784423828125
1785506882.310005,6.730180740356445,6.5510663986206055,697.9464721679688,611.0770263671875
1785506882.315005,6.719275951385498,6.55715799331665,699.3013916015625,610.609130859375
1785506882.320005,6.7232489585876465,6.547760009765625,699.5355224609375,610.5665283203125
1785506882.325005,6.714291572570801,6.547921657562256,699.0643310546875,609.4346313476562
1785506882.330005,6.709311008453369,6.546169281005859,699.1634521484375,608.25927734375
1785506882.335005,6.716695308685303,6.547473907470703,699.2347412109375,607.130126953125
1785506882.340016,6.728719711303711,6.542286396026611,700.6909790039062,608.2487182617188
1785506882.345005,6.7321248054504395,6.5405778884887695,700.8335571289062,607.5501708984375
1785506882.350016,6.740414142608643,6.5444016456604,699.6414794921875,606.3753051757812
1785506882.355016,6.74074125289917,6.551158428192139,700.0891723632812,605.5502319335938
1785506882.360005,6.735110759735107,6.545915126800537,700.1653442382812,604.8626708984375
1785506882.365005,6.734506607055664,6.544719219207764,700.0840454101562,603.4989013671875
1785506882.370005,6.734907627105713,6.537008285522461,700.9898681640625,603.2197265625
1785506882.380016,6.744072914123535,6.532389163970947,700.5004272460938,604.0204467773438
1785506882.385005,6.747127532958984,6.5440897941589355,700.1895141601562,603.1783447265625
1785506882.390127,6.74772834777832,6.5378875732421875,699.8714599609375,602.852294921875
1785506882.395138,6.751770496368408,6.546361923217773,699.6988525390625,603.6500244140625
1785506882.400138,6.759524822235107,6.546374320983887,699.6873779296875,603.7683715820312
1785506882.405127,6.751079082489014,6.544586658477783,698.8112182617188,603.9309692382812
1785506882.415127,6.749887466430664,6.543849945068359,697.9925537109375,605.0111694335938
1785506882.420127,6.746376037597656,6.535207748413086,697.5820922851562,604.910400390625
1785506882.425127,6.7340617179870605,6.523566722869873,698.8668823242188,606.7061767578125
1785506882.430127,6.7240166664123535,6.526104927062988,697.5781860351562,608.115966796875
1785506882.435127,6.716708183288574,6.527491092681885,699.56103515625,606.2594604492188
1785506882.445138,6.716423034667969,6.52623987197876,697.6824951171875,605.1663818359375
1785506882.455127,6.715743541717529,6.525850772857666,697.7841186523438,605.7439575195312
1785506882.460127,6.718122959136963,6.531872749328613,697.885009765625,607.0740966796875
1785506882.465127,6.725070476531982,6.525176048278809,697.243896484375,607.7095947265625
1785506882.470127,6.719869136810303,6.52091121673584,697.4069213867188,606.9216918945312
1785506882.475127,6.722268104553223,6.521285057067871,698.02197265625,606.5313720703125
1785506882.480127,6.724304676055908,6.521684169769287,698.1123657226562,607.2545776367188
1785506882.485127,6.727826118469238,6.524780750274658,697.4986572265625,606.7244262695312
1785506882.490127,6.730804920196533,6.523069858551025,698.013916015625,607.3995361328125
1785506882.495127,6.723781108856201,6.525116443634033,698.0728759765625,607.3912963867188
1785506882.500127,6.723728656768799,6.517492771148682,697.7425537109375,607.0032958984375
1785506882.505127,6.715229511260986,6.512674331665039,697.477294921875,605.8683471679688
1785506882.510127,6.718046188354492,6.516210556030273,698.5145874023438,605.9867553710938
1785506882.520127,6.710601806640625,6.515527725219727,699.3988647460938,605.1376953125
1785506882.525138,6.717962265014648,6.5061726570129395,699.0648193359375,605.0035400390625
1785506882.530261,6.730575084686279,6.510756015777588,698.4041137695312,605.2476806640625
1785506882.53526,6.737345218658447,6.50650691986084,698.3038940429688,603.801513671875
1785506882.540261,6.743788242340088,6.507501602172852,699.9194946289062,604.0674438476562
1785506882.54526,6.7271294593811035,6.5049519538879395,700.3229370117188,605.2605590820312
1785506882.55526,6.729696273803711,6.504913330078125,698.8058471679688,603.696044921875
1785506882.560261,6.736547946929932,6.5148701667785645,698.3413696289062,603.3782348632812
1785506882.56526,6.737239837646484,6.513367176055908,698.05419921875,604.2364501953125
1785506882.570261,6.749696731567383,6.527771472930908,698.4359741210938,604.5093383789062
1785506882.57526,6.740143775939941,6.532507419586182,697.68701171875,604.0603637695312
1785506882.580261,6.753126621246338,6.541619777679443,698.2288208007812,605.4517822265625
1785506882.58526,6.765766620635986,6.543912887573242,698.2620849609375,605.6553955078125
1785506882.60026,6.754551887512207,6.547811985015869,695.765380859375,604.63232421875
1785506882.60526,6.750470161437988,6.538334369659424,695.5849609375,603.8292846679688
1785506882.61026,6.757949352264404,6.531209945678711,696.6369018554688,604.311767578125
1785506882.615261,6.7557220458984375,6.525629043579102,697.0717163085938,606.2511596679688
1785506882.62026,6.763555526733398,6.528931617736816,696.5923461914062,605.660400390625
1785506882.625261,6.752943515777588,6.526047229766846,697.1776123046875,606.7721557617188
1785506882.63026,6.7523274421691895,6.531975269317627,697.5489501953125,606.7821044921875
1785506882.635261,6.760830402374268,6.545096397399902,697.95556640625,606.189208984375
1785506882.645261,6.7635722160339355,6.543251037597656,700.0594482421875,607.6222534179688
1785506882.65026,6.75676155090332,6.54946756362915,700.3428344726562,607.206787109375
1785506882.655261,6.756142616271973,6.542769908905029,699.5482177734375,606.158935546875
1785506882.665383,6.751040935516357,6.533050537109375,697.6038818359375,606.52978515625
1785506882.670383,6.737890243530273,6.534755706787109,697.172607421875,605.1362915039062
1785506882.675383,6.742566108703613,6.53610372543335,697.1791381835938,606.35595703125
1785506882.685383,6.736278533935547,6.5304856300354,700.0888061523438,605.4682006835938
1785506882.690383,6.7548322677612305,6.537075519561768,698.299072265625,604.0765991210938
1785506882.700383,6.741372585296631,6.533682823181152,698.7044067382812,608.1829223632812
1785506882.705383,6.726941108703613,6.524700164794922,699.5432739257812,606.4814453125
1785506882.710383,6.742578506469727,6.528130531311035,698.98876953125,606.016357421875
1785506882.715383,6.753035545349121,6.533801555633545,698.77587890625,605.4976196289062
1785506882.720383,6.767109394073486,6.542169094085693,698.3530883789062,605.1631469726562
1785506882.730383,6.769108295440674,6.556476593017578,698.4002075195312,605.034423828125
1785506882.735383,6.777785778045654,6.56326961517334,699.5457763671875,605.5816040039062
1785506882.740383,6.769836902618408,6.555779457092285,699.4407348632812,605.5244750976562
1785506882.745383,6.766082763671875,6.55426549911499,699.20166015625,605.2908935546875
1785506882.750383,6.761063098907471,6.549245834350586,700.0143432617188,606.2762451171875
1785506882.760383,6.763568878173828,6.551901817321777,699.66064453125,604.5569458007812
1785506882.765383,6.777462005615234,6.553476333618164,699.6839599609375,603.971435546875
1785506882.775383,6.783504486083984,6.5646071434021,700.8305053710938,604.4277954101562
1785506882.780383,6.79372501373291,6.577332973480225,701.7334594726562,603.9072875976562
1785506882.785383,6.797416687011719,6.585956573486328,700.5860595703125,603.5040893554688
1785506882.790383,6.787678241729736,6.583956241607666,700.377685546875,602.906494140625
1785506882.795505,6.789811134338379,6.587708473205566,699.8883056640625,603.1146850585938
1785506882.800505,6.790499687194824,6.589585304260254,698.8098754882812,603.5584716796875
1785506882.805516,6.788268089294434,6.591787338256836,698.53369140625,602.9638671875
1785506882.810505,6.786252975463867,6.5942535400390625,698.6337890625,601.8873291015625
1785506882.815505,6.780128479003906,6.585732460021973,699.1489868164062,602.1353149414062
1785506882.820516,6.770558834075928,6.5781965255737305,699.1685180664062,602.9151611328125
1785506882.825505,6.757287502288818,6.576676368713379,699.1559448242188,602.6317138671875
1785506882.830505,6.754375457763672,6.586257457733154,699.7617797851562,602.0565185546875
1785506882.835505,6.7571282386779785,6.59118127822876,700.575927734375,603.1431274414062
1785506882.840505,6.763099670410156,6.588675022125244,700.8998413085938,602.9017944335938
1785506882.845505,6.764342308044434,6.590473175048828,700.1250610351562,603.4061279296875
1785506882.850505,6.772130489349365,6.596046447753906,700.2431030273438,603.2596435546875
1785506882.855505,6.777343273162842,6.595836162567139,700.7085571289062,603.1519775390625
1785506882.860505,6.771183490753174,6.584795951843262,699.3321533203125,602.0362548828125
1785506882.865505,6.782129287719727,6.5864949226379395,700.22119140625,604.028076171875
1785506882.870505,6.790050029754639,6.583061695098877,700.1453247070312,602.1889038085938
1785506882.875505,6.803387641906738,6.583316326141357,700.041748046875,601.04248046875
1785506882.880505,6.802563667297363,6.581107139587402,699.5310668945312,601.1996459960938
1785506882.885505,6.8006768226623535,6.58246374130249,699.1682739257812,600.8590698242188
1785506882.890505,6.801184177398682,6.582875728607178,700.505859375,601.497802734375
1785506882.895505,6.798940658569336,6.5750837326049805,700.4182739257812,602.5689086914062
1785506882.900505,6.790229320526123,6.563375473022461,699.4109497070312,602.2024536132812
1785506882.905516,6.783261775970459,6.5605854988098145,699.154541015625,604.3477783203125
1785506882.910505,6.777952671051025,6.555119514465332,699.2308349609375,605.684814453125
1785506882.915505,6.772545337677002,6.5595574378967285,698.3057250976562,605.5201416015625
1785506882.920505,6.779361724853516,6.556369304656982,698.4036254882812,605.1406860351562
1785506882.925505,6.781411647796631,6.5480499267578125,699.219970703125,603.99462890625
1785506882.930627,6.792300224304199,6.546639919281006,699.0838623046875,603.318603515625
1785506882.935627,6.792008399963379,6.54000997543335,699.8685302734375,602.459228515625
1785506882.940627,6.782637596130371,6.5295610427856445,699.2772216796875,601.75341796875
1785506882.945627,6.780904293060303,6.535469055175781,699.2344360351562,602.4085693359375
1785506882.955627,6.763001918792725,6.52092981338501,700.50537109375,605.7321166992188
1785506882.960638,6.764400005340576,6.519357681274414,699.3045654296875,605.6583251953125
1785506882.965627,6.774925231933594,6.522950172424316,699.441162109375,604.015869140625
1785506882.975638,6.772372722625732,6.530947685241699,698.3934326171875,602.116455078125
1785506882.985627,6.778751850128174,6.511016368865967,698.6779174804688,603.793212890625
1785506882.990638,6.789214134216309,6.5132832527160645,698.7587280273438,604.5421752929688
1785506882.995627,6.7702202796936035,6.506819248199463,699.7962646484375,604.3868408203125
1785506883.000627,6.771019458770752,6.50777530670166,699.48095703125,603.2716674804688
1785506883.005627,6.769836902618408,6.504952907562256,699.121826171875,604.1984252929688
1785506883.010627,6.765259742736816,6.502816200256348,698.91162109375,604.5967407226562
1785506883.015627,6.757935523986816,6.501235485076904,697.3041381835938,602.7210083007812
1785506883.020627,6.755409240722656,6.503630638122559,697.4160766601562,601.868408203125
1785506883.025638,6.754311561584473,6.505860328674316,698.3818359375,602.5501098632812
1785506883.030627,6.756993293762207,6.514777183532715,699.9193725585938,601.9732055664062
1785506883.035627,6.760316848754883,6.517431735992432,699.853515625,602.0230712890625
1785506883.040627,6.758247375488281,6.51634407043457,699.537841796875,602.9466552734375
1785506883.045627,6.753188133239746,6.518723487854004,699.2183837890625,603.435302734375
1785506883.050638,6.759727478027344,6.51577091217041,699.00830078125,603.9736938476562
1785506883.055627,6.778803825378418,6.512340545654297,700.6148681640625,604.420654296875
1785506883.060627,6.787989139556885,6.515142917633057,700.716064453125,604.7439575195312
1785506883.065638,6.775197982788086,6.514325141906738,700.8430786132812,604.7881469726562
1785506883.07076,6.792651176452637,6.515261650085449,699.8994750976562,605.1344604492188
1785506883.085772,6.78972053527832,6.504519939422607,700.40966796875,603.2049560546875
1785506883.09076,6.78883171081543,6.504526615142822,699.961669921875,603.8472900390625
1785506883.095761,6.781891822814941,6.506657600402832,700.5842895507812,604.434814453125
1785506883.10076,6.769413948059082,6.505430221557617,700.8641357421875,605.1214599609375
1785506883.105761,6.756462097167969,6.511220455169678,701.3070068359375,604.9309692382812
1785506883.11076,6.764700412750244,6.520716190338135,701.49853515625,605.1593627929688
1785506883.115761,6.771786212921143,6.528582572937012,701.2264404296875,605.2467041015625
1785506883.12076,6.772448539733887,6.53595495223999,701.2325439453125,605.6847534179688
1785506883.125761,6.763309955596924,6.539324760437012,700.6263427734375,605.3632202148438
1785506883.13076,6.765207290649414,6.53408145904541,700.7252807617188,605.33203125
1785506883.135761,6.77039909362793,6.544027805328369,701.2467041015625,604.9035034179688
1785506883.140772,6.76383638381958,6.534450531005859,702.3208618164062,605.6082153320312
1785506883.145761,6.772604465484619,6.539499282836914,702.9622802734375,604.993896484375
1785506883.150772,6.769343376159668,6.539538860321045,702.4028930664062,604.0645141601562
1785506883.155761,6.763177871704102,6.547741889953613,703.599853515625,604.378662109375
1785506883.16076,6.753713607788086,6.541435241699219,702.9186401367188,604.1139526367188
1785506883.165761,6.745589733123779,6.543996810913086,703.8828125,603.6661987304688
1785506883.17076,6.734598636627197,6.537042140960693,702.7403564453125,604.80712890625
1785506883.175761,6.737614631652832,6.539881706237793,702.5017700195312,603.5531616210938
1785506883.18076,6.740612030029297,6.538218021392822,701.658935546875,602.914306640625
1785506883.18576,6.74023962020874,6.540791988372803,701.9913330078125,603.0867919921875
1785506883.19076,6.740947723388672,6.5454559326171875,701.6212768554688,603.3159790039062
1785506883.19576,6.749122142791748,6.555191993713379,701.7401123046875,603.056396484375
1785506883.205883,6.7627434730529785,6.561635494232178,702.5018920898438,601.5018920898438
1785506883.210883,6.768213748931885,6.560034275054932,700.62451171875,603.2523193359375
1785506883.215883,6.77626371383667,6.564098834991455,700.5958251953125,603.3958129882812
1785506883.220883,6.7809929847717285,6.552898406982422,700.447509765625,603.4802856445312
1785506883.230883,6.794509410858154,6.552278518676758,700.1009521484375,603.3250122070312
1785506883.235883,6.797382831573486,6.549388885498047,699.910888671875,602.9144287109375
1785506883.240883,6.800412654876709,6.551907539367676,699.7220458984375,602.8822631835938
1785506883.245883,6.785848617553711,6.5511603355407715,697.1871948242188,602.5089111328125
1785506883.250883,6.787193775177002,6.5478034019470215,697.2186279296875,601.5519409179688
1785506883.260883,6.793395519256592,6.553903102874756,697.5980224609375,600.4114990234375
1785506883.265883,6.7929911613464355,6.55274772644043,696.347900390625,600.7017822265625
1785506883.270883,6.7993268966674805,6.554701805114746,696.98828125,601.3877563476562
1785506883.280883,6.8097991943359375,6.562443256378174,696.9043579101562,600.7696533203125
1785506883.285883,6.813815593719482,6.5594305992126465,697.9662475585938,600.8518676757812
1785506883.290883,6.809898376464844,6.5609869956970215,698.6420288085938,600.9647216796875
1785506883.295894,6.8065948486328125,6.559340476989746,698.6812133789062,600.4671630859375
1785506883.300883,6.793633937835693,6.550577163696289,700.3834838867188,600.95361328125
1785506883.305883,6.781876087188721,6.550451755523682,700.2799072265625,601.298828125
1785506883.310894,6.793211936950684,6.551277160644531,699.6011962890625,600.443359375
1785506883.315883,6.793395042419434,6.548545837402344,699.0697021484375,600.72412109375
1785506883.320883,6.796141147613525,6.553121566772461,698.5418090820312,601.114013671875
1785506883.325883,6.795100212097168,6.558799743652344,698.4287109375,602.8436889648438
1785506883.330883,6.790809154510498,6.5518717765808105,699.3128662109375,605.5248413085938
1785506883.346005,6.771595001220703,6.580636501312256,695.3292236328125,664.1123046875
1785506883.351005,6.755413055419922,6.600114345550537,702.9937744140625,700.33251953125
1785506883.356005,6.779926300048828,6.628203392028809,697.8191528320312,725.9501953125
1785506883.361005,6.785387992858887,6.6408891677856445,688.2952880859375,746.5106201171875
1785506883.366005,6.7811384201049805,6.624431133270264,681.6172485351562,768.6644287109375
1785506883.376005,6.790335178375244,6.613572597503662,696.430908203125,789.2911376953125
1785506883.381005,6.758424758911133,6.58426570892334,702.1714477539062,806.4566040039062
1785506883.386005,6.770732879638672,6.56655216217041,714.5159912109375,829.25830078125
1785506883.391005,6.750086307525635,6.542011737823486,712.2547607421875,831.7159423828125
1785506883.396016,6.727810859680176,6.52598237991333,710.6218872070312,831.7770385742188
1785506883.401005,6.727769374847412,6.515915393829346,710.2326049804688,831.8031005859375
1785506883.406005,6.722894191741943,6.500089168548584,708.3409423828125,834.4428100585938
1785506883.421005,6.714147567749023,6.481560707092285,710.7221069335938,841.8817138671875
1785506883.441005,6.717889308929443,6.451614856719971,711.3770141601562,843.6909790039062
1785506883.451005,6.751527309417725,6.462545394897461,711.4469604492188,845.3984985351562
1785506883.456005,6.760078430175781,6.463174343109131,711.076904296875,844.344482421875
1785506883.466005,6.765508651733398,6.454815864562988,711.9487915039062,844.5540771484375
1785506883.471138,6.751723766326904,6.459070205688477,712.3884887695312,842.7637939453125
1785506883.481138,6.724939346313477,6.457425594329834,712.6821899414062,843.3482666015625
1785506883.486138,6.724362850189209,6.4638872146606445,712.6170043945312,841.9806518554688
1785506883.496138,6.706170558929443,6.466345310211182,712.26611328125,839.901611328125
1785506883.501138,6.704612731933594,6.468664646148682,712.3170166015625,838.5814208984375
1785506883.506138,6.703539848327637,6.460847854614258,709.6791381835938,837.6621704101562
1785506883.511138,6.736762046813965,6.468822479248047,696.1183471679688,833.7897338867188
1785506883.516138,6.757563591003418,6.496227264404297,677.0023193359375,840.5570068359375
1785506883.526138,6.765246391296387,6.541523456573486,666.4507446289062,849.2951049804688
1785506883.531138,6.775224685668945,6.55886173248291,667.7920532226562,848.5232543945312
1785506883.536138,6.77494478225708,6.569976806640625,665.1336669921875,845.3955688476562
1785506883.541138,6.793349742889404,6.580209255218506,665.9172973632812,843.22314453125
1785506883.546138,6.796206474304199,6.59066915512085,664.8671264648438,842.9440307617188
1785506883.561138,6.7972517013549805,6.626134395599365,668.1624755859375,841.2903442382812
1785506883.566138,6.802211761474609,6.624012470245361,669.6415405273438,841.9872436523438
1785506883.571138,6.8014726638793945,6.624368190765381,669.9403076171875,842.493408203125
1785506883.576127,6.803787708282471,6.6232194900512695,670.9970092773438,840.4014892578125
1785506883.586149,6.824862957000732,6.617621421813965,669.1781616210938,839.460693359375
1785506883.591138,6.809670925140381,6.612002372741699,669.2321166992188,840.1388549804688
1785506883.596138,6.802046298980713,6.60556173324585,669.2536010742188,840.0203857421875
1785506883.601138,6.803711414337158,6.591594219207764,669.525634765625,839.9367065429688
1785506883.606138,6.78997278213501,6.591495513916016,669.5540771484375,840.8916015625
1785506883.61126,6.795980930328369,6.591438293457031,668.6539306640625,840.7520141601562
1785506883.62126,6.7967095375061035,6.595584869384766,671.1500854492188,841.4303588867188
1785506883.626261,6.801263809204102,6.589852809906006,671.6549682617188,842.9528198242188
1785506883.636261,6.791988849639893,6.600417613983154,672.8035278320312,845.6406860351562
1785506883.64126,6.810329437255859,6.606252670288086,672.6644287109375,846.5606689453125
1785506883.64626,6.810312271118164,6.6166768074035645,671.4569702148438,846.4752197265625
1785506883.65126,6.8044586181640625,6.621963024139404,672.082275390625,846.6658325195312
1785506883.65626,6.798681735992432,6.623294353485107,672.467529296875,846.6502685546875
1785506883.661261,6.787536144256592,6.617845058441162,671.9130249023438,846.5111694335938
1785506883.666272,6.7737956047058105,6.620161056518555,671.080322265625,847.588623046875
1785506883.671261,6.764963150024414,6.618472576141357,670.8019409179688,847.4705200195312
1785506883.681261,6.760463714599609,6.626628875732422,671.8871459960938,851.3535766601562
1785506883.691261,6.736021995544434,6.625554084777832,669.8853149414062,848.9027709960938
1785506883.69626,6.749134063720703,6.6146721839904785,669.779541015625,848.7056274414062
1785506883.701261,6.768339157104492,6.620556831359863,672.8013305664062,846.669189453125
1785506883.70626,6.77202844619751,6.629061698913574,671.7767333984375,845.7807006835938
1785506883.711261,6.776901721954346,6.634031772613525,671.6574096679688,847.3727416992188
1785506883.721261,6.772242546081543,6.6409430503845215,670.8063354492188,847.0237426757812
1785506883.72626,6.764083385467529,6.647589206695557,671.0073852539062,847.1065063476562
1785506883.73626,6.765254020690918,6.659789085388184,672.5178833007812,847.9901123046875
1785506883.741383,6.7744140625,6.662155628204346,672.0165405273438,847.1941528320312
1785506883.746383,6.764210224151611,6.659714221954346,669.8109741210938,846.99658203125
1785506883.751394,6.7657928466796875,6.656649589538574,671.5216064453125,847.38525390625
1785506883.756383,6.775505065917969,6.658655166625977,673.2640380859375,846.8804321289062
1785506883.761383,6.7853546142578125,6.662886619567871,674.5408325195312,846.673095703125
1785506883.766383,6.777523517608643,6.6635966300964355,674.3987426757812,846.9134521484375
1785506883.771383,6.774251937866211,6.659636974334717,673.40673828125,847.6067504882812
1785506883.781383,6.764693260192871,6.664376735687256,672.77880859375,848.3198852539062
1785506883.786383,6.771910667419434,6.667927265167236,672.6863403320312,848.889892578125
1785506883.791383,6.784348487854004,6.6649956703186035,673.3357543945312,849.293701171875
1785506883.796383,6.7605695724487305,6.658807277679443,672.6729736328125,845.7153930664062
1785506883.801383,6.754148483276367,6.662548542022705,674.030517578125,846.286865234375
1785506883.806383,6.754171371459961,6.66126012802124,672.9193115234375,846.8134155273438
1785506883.811383,6.75351095199585,6.650554180145264,672.8009643554688,846.28759765625
1785506883.816383,6.756546974182129,6.638816833496094,673.0133666992188,846.513671875
1785506883.821383,6.7355217933654785,6.627996444702148,673.1337280273438,846.0821533203125
1785506883.826394,6.752105712890625,6.629017353057861,675.8677368164062,848.6701049804688
1785506883.831383,6.760052680969238,6.629373550415039,675.7193603515625,848.091552734375
1785506883.836383,6.762031078338623,6.627438068389893,676.1405639648438,847.4718627929688
1785506883.841383,6.757944583892822,6.640087604522705,675.7456665039062,847.2086181640625
1785506883.846383,6.757673740386963,6.647167205810547,675.1532592773438,844.9124755859375
1785506883.851383,6.754995822906494,6.666560649871826,675.3423461914062,844.0763549804688
1785506883.856383,6.7576189041137695,6.677652359008789,676.9515991210938,844.8460693359375
1785506883.866383,6.7583723068237305,6.682106018066406,676.9486083984375,845.3469848632812
1785506883.871394,6.749631404876709,6.671919345855713,675.8277587890625,845.35498046875
1785506883.876394,6.748037338256836,6.668000221252441,676.369873046875,845.9986572265625
1785506883.881394,6.75489616394043,6.67362117767334,676.6175537109375,846.2198486328125
1785506883.886394,6.763402462005615,6.676496982574463,677.2264404296875,846.7191772460938
1785506883.891505,6.774162292480469,6.671823978424072,676.9257202148438,846.7561645507812
1785506883.896505,6.769387245178223,6.672858715057373,676.1197509765625,846.7701416015625
1785506883.901505,6.77879524230957,6.672806739807129,676.3911743164062,845.2554321289062
1785506883.906505,6.783365249633789,6.682858943939209,676.8106689453125,845.2696533203125
1785506883.916505,6.7780351638793945,6.672884941101074,675.022216796875,844.825927734375
1785506883.921505,6.773635387420654,6.673127174377441,675.68017578125,844.7343139648438
1785506883.926505,6.772807598114014,6.667705535888672,674.2061157226562,844.5011596679688
1785506883.931505,6.777537822723389,6.662322521209717,675.1968383789062,844.100830078125
1785506883.936505,6.779679775238037,6.659650802612305,676.4676513671875,843.421630859375
1785506883.951505,6.7692179679870605,6.6528449058532715,676.7455444335938,842.2327270507812
1785506883.956505,6.7583136558532715,6.636322975158691,675.8961181640625,842.703857421875
1785506883.961505,6.7725958824157715,6.620985984802246,675.0535888671875,842.6152954101562
1785506883.966505,6.772633075714111,6.610316276550293,673.9090576171875,842.9641723632812
1785506883.971505,6.773628234863281,6.597272872924805,672.3623657226562,842.6526489257812
1785506883.976505,6.770657539367676,6.5861430168151855,672.3126831054688,842.3742065429688
1785506883.981505,6.758973598480225,6.576565742492676,672.4598388671875,843.005615234375
1785506883.986516,6.743836402893066,6.569162368774414,673.4888916015625,842.007568359375
1785506883.991505,6.742807865142822,6.567159175872803,672.87890625,842.355224609375
1785506884.001505,6.731014728546143,6.566560745239258,672.4277954101562,841.7159423828125
1785506884.006505,6.715555191040039,6.562747001647949,672.1351318359375,841.71630859375
1785506884.011516,6.696815013885498,6.572393417358398,672.0238647460938,840.43505859375
1785506884.016638,6.695666313171387,6.566649436950684,671.7522583007812,839.8978271484375
1785506884.021638,6.698973178863525,6.573954105377197,670.997802734375,838.7229614257812
1785506884.026638,6.694249153137207,6.575899124145508,670.4379272460938,839.3019409179688
1785506884.031638,6.711571216583252,6.56986665725708,669.3682861328125,839.32177734375
1785506884.036638,6.718992233276367,6.569177627563477,670.3914794921875,837.5928344726562
1785506884.041638,6.723828315734863,6.563665390014648,669.9780883789062,836.879150390625
1785506884.046638,6.727222919464111,6.564174652099609,669.6373291015625,837.2815551757812
1785506884.051638,6.730169296264648,6.567349433898926,669.4747314453125,837.6183471679688
1785506884.056638,6.741026401519775,6.572783946990967,669.961181640625,838.3349609375
1785506884.061638,6.753707408905029,6.5817766189575195,669.7826538085938,837.489501953125
1785506884.066638,6.779438018798828,6.589633941650391,669.1088256835938,836.5822143554688
1785506884.071638,6.769364356994629,6.596408843994141,667.8480834960938,835.5260009765625
1785506884.076638,6.7739973068237305,6.596404075622559,668.29345703125,833.9006958007812
1785506884.081638,6.769448757171631,6.588802814483643,668.0816040039062,838.520263671875
1785506884.086638,6.771639823913574,6.5991950035095215,668.372314453125,838.3036499023438
1785506884.091638,6.776538848876953,6.601650714874268,668.745361328125,837.7827758789062
1785506884.096638,6.775634288787842,6.613424777984619,666.9898681640625,838.3781127929688
1785506884.106638,6.762846946716309,6.60260534286499,666.9893188476562,838.0621337890625
1785506884.111638,6.759897708892822,6.614962100982666,666.3009643554688,837.009521484375
1785506884.116638,6.745522499084473,6.612102508544922,666.686767578125,837.5413818359375
1785506884.126638,6.743183612823486,6.614245891571045,665.8642578125,839.6690063476562
1785506884.141638,6.761563777923584,6.6201395988464355,667.6925048828125,839.965087890625
1785506884.146638,6.7785539627075195,6.6342668533325195,669.316162109375,838.8252563476562
1785506884.151761,6.772341728210449,6.664466857910156,669.9801025390625,839.8157958984375
1785506884.15676,6.757055759429932,6.66562032699585,669.5328979492188,840.8385009765625
1785506884.161761,6.771117687225342,6.669183254241943,669.6862182617188,839.634521484375
1785506884.16676,6.775623321533203,6.666839122772217,671.0341186523438,840.8247680664062
1785506884.171761,6.7922773361206055,6.671062469482422,671.2572021484375,841.0906982421875
1785506884.176772,6.79766845703125,6.670552730560303,672.9265747070312,842.2901000976562
1785506884.181761,6.783018112182617,6.671536922454834,671.867919921875,840.3424682617188
1785506884.18676,6.7756428718566895,6.655300140380859,672.7114868164062,842.4991455078125
1785506884.191761,6.773590564727783,6.645583152770996,672.0972900390625,842.9752197265625
1785506884.196772,6.77007532119751,6.641502857208252,671.7423706054688,843.00830078125
1785506884.201761,6.7559967041015625,6.644842624664307,672.1719970703125,842.9507446289062
1785506884.20676,6.7666778564453125,6.651151657104492,672.4548950195312,842.7086181640625
1785506884.211761,6.766857147216797,6.6515936851501465,669.92724609375,842.85791015625
1785506884.21676,6.761221408843994,6.653589248657227,671.1517333984375,842.2518310546875
1785506884.221761,6.777078628540039,6.650300025939941,673.0196533203125,843.0640869140625
1785506884.22676,6.791770935058594,6.652324199676514,671.6710205078125,841.5952758789062
1785506884.231761,6.802806854248047,6.661474227905273,673.3505859375,841.0779418945312
1785506884.23676,6.797375679016113,6.6735076904296875,676.9114990234375,842.5355834960938
1785506884.24676,6.789633274078369,6.679584503173828,673.15478515625,841.748291015625
1785506884.25176,6.777418613433838,6.694336891174316,673.2092895507812,842.1551513671875
1785506884.256761,6.782105445861816,6.692363739013672,674.2302856445312,842.854736328125
1785506884.26176,6.794123649597168,6.694900035858154,671.9125366210938,840.6036376953125
1785506884.266761,6.783937931060791,6.717051029205322,676.2117919921875,843.498779296875
1785506884.27176,6.775204181671143,6.74332332611084,675.454345703125,846.562744140625
1785506884.276761,6.762670993804932,6.766001224517822,679.0773315429688,846.0030517578125
1785506884.28176,6.759599685668945,6.752671241760254,680.31494140625,848.148193359375
1785506884.291883,6.667816162109375,6.641586780548096,710.65869140625,866.9697265625
1785506884.296772,6.527408123016357,6.516611576080322,722.2699584960938,859.9292602539062
1785506884.301883,6.4186248779296875,6.339057922363281,758.1195068359375,815.3392944335938
1785506884.306883,6.2860493659973145,6.339044094085693,753.1859130859375,824.0474853515625
1785506884.316883,6.286020278930664,6.338979721069336,707.26123046875,779.8841552734375
1785506884.326883,6.285930156707764,6.3388566970825195,696.7039184570312,785.7792358398438
1785506884.331894,6.285821914672852,6.338725566864014,727.067138671875,704.8095703125
1785506884.336894,6.285708427429199,6.338583946228027,710.8432006835938,725.1621704101562
1785506884.341894,6.285569190979004,6.33841609954834,717.0319213867188,685.3909912109375
1785506884.346883,6.285417556762695,6.338263511657715,697.4231567382812,708.169189453125
1785506884.351883,6.285265922546387,6.338088035583496,705.9292602539062,705.43798828125
1785506884.356883,6.285127639770508,6.337899684906006,731.145263671875,722.2807006835938
1785506884.361883,6.285013198852539,6.337711334228516,724.1500244140625,752.2612915039062
1785506884.366883,6.284898281097412,6.337549686431885,714.4077758789062,821.3423461914062
1785506884.371883,6.284825325012207,6.33743953704834,699.3402099609375,798.4571533203125
1785506884.376883,6.284778594970703,6.337352275848389,705.8082275390625,848.7063598632812
1785506884.381883,6.2847418785095215,6.3372802734375,719.348388671875,877.7283325195312
1785506884.386883,6.284710884094238,6.337225914001465,707.3178100585938,863.3643188476562
1785506884.391883,6.284675121307373,6.337189197540283,704.0567016601562,853.7219848632812
1785506884.396883,6.284651756286621,6.337160587310791,704.9988403320312,851.3209838867188
1785506884.401894,6.284626483917236,6.337132453918457,713.1493530273438,866.6992797851562
1785506884.406894,6.284607887268066,6.33711051940918,715.7933959960938,893.5665893554688
1785506884.411883,6.284594535827637,6.337086200714111,716.427734375,889.1107177734375
1785506884.416883,6.284582614898682,6.337059020996094,714.87353515625,889.25634765625
1785506884.422005,6.1463775634765625,6.039157867431641,711.8909912109375,892.016845703125
1785506884.427005,6.139303207397461,6.040006160736084,711.152099609375,891.226806640625
1785506884.432016,6.145151615142822,6.057204723358154,704.2271728515625,885.8269653320312
1785506884.437016,6.154743671417236,6.075287342071533,700.9804077148438,886.643798828125
1785506884.442005,6.160155296325684,6.106841087341309,699.724609375,884.6754760742188
1785506884.447005,6.166221618652344,6.132261276245117,697.54345703125,882.2576904296875
1785506884.452005,6.175750732421875,6.159428119659424,695.1536254882812,881.1273193359375
1785506884.457005,6.185804843902588,6.186315059661865,695.4957275390625,881.8079223632812
1785506884.462005,6.198034286499023,6.204418182373047,694.1950073242188,881.0383911132812
1785506884.467005,6.225002288818359,6.223465442657471,692.9949340820312,878.5952758789062
1785506884.472005,6.261966228485107,6.246877670288086,690.9164428710938,875.1392211914062
1785506884.477005,6.298917770385742,6.275117874145508,688.50830078125,869.7734985351562
1785506884.482016,6.351808071136475,6.300755977630615,688.4369506835938,862.5969848632812
1785506884.487005,6.3964362144470215,6.317707538604736,687.6010131835938,861.7532348632812
1785506884.492005,6.441917896270752,6.3303632736206055,688.178466796875,860.1708374023438
1785506884.502005,6.495604038238525,6.36361026763916,690.4860229492188,854.6490478515625
1785506884.507005,6.56197452545166,6.403170108795166,690.73828125,854.6531372070312
1785506884.512005,6.597434043884277,6.424988746643066,690.2567138671875,854.43505859375
1785506884.517005,6.623576641082764,6.448910713195801,690.8536376953125,854.2451782226562
1785506884.522005,6.639334201812744,6.487893581390381,691.4556884765625,853.5841674804688
1785506884.527005,6.665053367614746,6.50689697265625,690.5712890625,853.3665771484375
1785506884.532005,6.693972110748291,6.532405853271484,692.1422119140625,848.422607421875
1785506884.537016,6.713735580444336,6.544643878936768,692.234130859375,847.6027221679688
1785506884.542005,6.750861167907715,6.559881687164307,693.6412963867188,848.7673950195312
1785506884.547016,6.781291484832764,6.576237678527832,693.6203002929688,844.779296875
1785506884.557138,6.8222832679748535,6.615745544433594,694.3308715820312,841.95458984375
1785506884.562138,6.790363311767578,6.62706995010376,695.0929565429688,838.8887939453125
1785506884.567138,6.795528411865234,6.641515254974365,696.294921875,837.2750854492188
1785506884.572138,6.78028678894043,6.637679100036621,697.4281005859375,836.533935546875
1785506884.577138,6.781352519989014,6.632978439331055,698.7565307617188,835.6557006835938
1785506884.582138,6.7864179611206055,6.632154941558838,698.4174194335938,834.0233764648438
1785506884.587138,6.8035969734191895,6.634699821472168,698.0606689453125,832.5078735351562
1785506884.592138,6.808725357055664,6.639308929443359,694.7354125976562,830.6373291015625
1785506884.597138,6.814642429351807,6.640696048736572,694.6415405273438,830.5165405273438
1785506884.602138,6.838161468505859,6.641061305999756,694.28125,828.819091796875
1785506884.607138,6.834920883178711,6.6397881507873535,695.0916137695312,828.373291015625
1785506884.617138,6.855496883392334,6.653934001922607,693.762939453125,828.8070068359375
1785506884.622138,6.8422532081604,6.667563438415527,694.4983520507812,829.0182495117188
1785506884.627138,6.839231491088867,6.669854640960693,693.9286499023438,829.4490356445312
1785506884.632138,6.841648578643799,6.672123908996582,695.1478881835938,829.4364624023438
1785506884.637138,6.855623245239258,6.673496723175049,692.9557495117188,829.6848754882812
1785506884.642138,6.852147102355957,6.672412395477295,692.1046752929688,829.0157470703125
1785506884.652138,6.860973358154297,6.6876935958862305,694.2584838867188,828.2449340820312
1785506884.657138,6.8369550704956055,6.6868062019348145,689.8172607421875,829.9458618164062
1785506884.662138,6.809944152832031,6.685798168182373,688.9887084960938,828.8399047851562
1785506884.667138,6.7960662841796875,6.690177917480469,689.1864624023438,828.6405029296875
1785506884.672138,6.79098653793335,6.690835475921631,689.8168334960938,828.9080200195312
1785506884.677138,6.7993693351745605,6.685779571533203,690.6026000976562,828.4776000976562
1785506884.682138,6.802457809448242,6.684676647186279,690.21435546875,827.7586669921875
1785506884.687138,6.799285888671875,6.680094242095947,689.9855346679688,827.6685791015625
1785506884.692261,6.785564422607422,6.67514705657959,689.5230102539062,826.7661743164062
1785506884.69726,6.787552356719971,6.6758503913879395,690.5126342773438,825.93896484375
1785506884.70226,6.791243553161621,6.680619239807129,691.2314453125,825.2221069335938
1785506884.70726,6.78384256362915,6.683867931365967,690.7660522460938,825.2050170898438
1785506884.71226,6.7684783935546875,6.692410469055176,689.3976440429688,824.8223266601562
1785506884.717261,6.780162334442139,6.686465740203857,689.0987548828125,824.5543212890625
1785506884.72226,6.78989839553833,6.679444313049316,690.5794677734375,825.5889282226562
1785506884.727261,6.779690265655518,6.684739589691162,691.5272216796875,824.8143310546875
1785506884.73226,6.78479528427124,6.678671836853027,690.57763671875,825.5499877929688
1785506884.737261,6.768157958984375,6.665928840637207,690.3777465820312,825.45654296875
1785506884.742272,6.7577948570251465,6.662987232208252,689.2711181640625,825.745849609375
1785506884.747261,6.762113571166992,6.651599407196045,688.4852905273438,825.5255737304688
1785506884.75226,6.754831314086914,6.667139053344727,691.6089477539062,825.6719970703125
1785506884.757261,6.76506233215332,6.665502548217773,690.6218872070312,824.768798828125
1785506884.767108,6.7615766525268555,6.656520366668701,688.4887084960938,822.9677124023438
1785506884.772108,6.765932083129883,6.651954650878906,690.1847534179688,821.6773681640625
1785506884.777108,6.760427951812744,6.660287857055664,689.9791870117188,822.1060791015625
1785506884.782108,6.74964714050293,6.661972999572754,690.3270874023438,823.1930541992188
1785506884.787108,6.739832401275635,6.662569999694824,689.6458129882812,823.8714599609375
1785506884.802108,6.750119209289551,6.668111324310303,685.2955932617188,825.5399780273438
1785506884.807108,6.762150764465332,6.656437397003174,685.7449951171875,827.3954467773438
1785506884.812108,6.765773773193359,6.663681983947754,685.1532592773438,827.97265625
1785506884.817108,6.747383117675781,6.668344974517822,683.342529296875,827.8536987304688
1785506884.822108,6.76172399520874,6.666234970092773,682.436767578125,827.0005493164062
1785506884.82723,6.764100551605225,6.66446590423584,682.1583251953125,825.7417602539062
1785506884.86723,6.808622360229492,6.644691467285156,683.5595092773438,823.8865356445312
1785506884.872241,6.824792385101318,6.608656406402588,683.5392456054688,824.0115966796875
1785506884.87723,6.801504135131836,6.597477436065674,682.496826171875,822.5287475585938
1785506884.88223,6.824263572692871,6.585146903991699,682.0386352539062,823.2344360351562
1785506884.88723,6.843635082244873,6.57667875289917,682.0160522460938,822.8060302734375
1785506884.89723,6.864197254180908,6.579174995422363,680.656982421875,822.2273559570312
1785506884.90223,6.87014102935791,6.5794243812561035,679.0364379882812,822.387939453125
1785506884.92223,6.844982624053955,6.550135135650635,677.6657104492188,825.6142578125
1785506884.92723,6.845674514770508,6.5541672706604,677.0717163085938,825.5714111328125
1785506884.93223,6.832439422607422,6.543954849243164,680.5553588867188,826.6746826171875
1785506884.93723,6.811902046203613,6.548189640045166,680.4757690429688,827.0482177734375
1785506884.94223,6.800876617431641,6.537748336791992,679.1475219726562,827.76513671875
1785506884.94723,6.803633213043213,6.534912586212158,678.4185791015625,826.4309692382812
1785506884.95223,6.812983512878418,6.534926891326904,679.2334594726562,825.9785766601562
1785506884.962352,6.806576251983643,6.537925720214844,680.69677734375,824.88916015625
1785506884.967241,6.800378322601318,6.522128105163574,680.66552734375,826.5885009765625
1785506884.972352,6.7956156730651855,6.523015975952148,680.5284423828125,824.39208984375
1785506884.977363,6.791090965270996,6.512474536895752,680.9501342773438,823.59814453125
1785506884.982352,6.796000957489014,6.505105972290039,680.7706298828125,824.06103515625
1785506884.987352,6.7884931564331055,6.495728492736816,680.3558349609375,825.0966186523438
1785506884.992352,6.77351713180542,6.499823570251465,678.934814453125,824.966064453125
1785506884.997352,6.769866466522217,6.490616321563721,678.6133422851562,823.8795166015625
1785506885.002352,6.777468681335449,6.487461090087891,678.3568115234375,825.391357421875
1785506885.007352,6.768161296844482,6.49286413192749,678.7266845703125,824.2777709960938
1785506885.012352,6.758733749389648,6.490306377410889,678.4185791015625,823.8214721679688
1785506885.017352,6.7576398849487305,6.483381748199463,677.9507446289062,823.0355834960938
1785506885.022352,6.767085552215576,6.484365463256836,676.6655883789062,824.261474609375
1785506885.027352,6.773984432220459,6.478928089141846,676.5899047851562,825.5104370117188
1785506885.032352,6.77110481262207,6.476978778839111,674.993896484375,825.168212890625
1785506885.037364,6.774469375610352,6.4739556312561035,675.4800415039062,824.5894165039062
1785506885.042352,6.770138263702393,6.471640110015869,674.719970703125,824.3744506835938
1785506885.047352,6.768893241882324,6.466646194458008,676.068115234375,826.28955078125
1785506885.052352,6.758913516998291,6.460128307342529,677.8645629882812,826.3892211914062
1785506885.057352,6.765852928161621,6.462118625640869,677.7433471679688,825.6053466796875
1785506885.067364,6.748135566711426,6.443295955657959,678.4420776367188,825.3436279296875
1785506885.072352,6.751147270202637,6.449878215789795,678.9912109375,824.5945434570312
1785506885.077352,6.759326457977295,6.45462703704834,679.1954345703125,823.2033081054688
1785506885.082363,6.73842191696167,6.442625999450684,677.9303588867188,824.1434936523438
1785506885.087352,6.738614082336426,6.443329334259033,678.4931030273438,824.9708862304688
1785506885.092352,6.7382025718688965,6.445948123931885,677.8179931640625,825.4213256835938
1785506885.097486,6.740673065185547,6.43629789352417,678.8851928710938,824.2333984375
1785506885.102486,6.724245548248291,6.4385762214660645,678.9027099609375,824.950439453125
1785506885.107486,6.728152275085449,6.4391069412231445,678.405029296875,825.2960205078125
1785506885.112486,6.736928939819336,6.437263488769531,678.2656860351562,824.9954223632812
1785506885.117486,6.748108863830566,6.437534809112549,676.7015991210938,824.0863037109375
1785506885.122486,6.752087116241455,6.4471211433410645,675.62548828125,823.839111328125
1785506885.127486,6.745573043823242,6.4431610107421875,675.2985229492188,821.8029174804688
1785506885.132486,6.755550384521484,6.439750671386719,677.84326171875,824.761474609375
1785506885.137486,6.768365383148193,6.432732582092285,677.0972290039062,826.8070068359375
1785506885.142486,6.748227119445801,6.432483196258545,677.7151489257812,826.9536743164062
1785506885.152486,6.76220178604126,6.435535907745361,676.8336181640625,825.4437866210938
1785506885.157486,6.744164943695068,6.445998191833496,678.105712890625,826.3617553710938
1785506885.162486,6.736719608306885,6.441702365875244,679.7015991210938,824.450439453125
1785506885.167486,6.743194580078125,6.434502601623535,678.8998413085938,825.0874633789062
1785506885.172486,6.745244979858398,6.433752059936523,677.8308715820312,822.8207397460938
1785506885.177486,6.740078926086426,6.426224231719971,677.8428344726562,822.438720703125
1785506885.182486,6.7606730461120605,6.428508281707764,678.9929809570312,821.7218627929688
1785506885.192486,6.7572245597839355,6.430417537689209,676.2717895507812,820.376708984375
1785506885.197486,6.755066394805908,6.442699432373047,676.536865234375,821.7623291015625
1785506885.202486,6.75705099105835,6.439414024353027,676.533203125,821.5744018554688
1785506885.207486,6.740353584289551,6.436654090881348,677.28515625,821.2447509765625
1785506885.212486,6.729996681213379,6.429851531982422,677.542724609375,821.5232543945312
1785506885.217486,6.718770503997803,6.420618057250977,676.3721923828125,821.12744140625
1785506885.222486,6.707743167877197,6.417191505432129,675.4119873046875,822.37744140625
1785506885.232608,6.7088422775268555,6.413788318634033,675.6270141601562,821.3329467773438
1785506885.237608,6.714572429656982,6.4060282707214355,676.7911376953125,821.66064453125
1785506885.242608,6.732582092285156,6.4122395515441895,677.0669555664062,820.1888427734375
1785506885.247608,6.7419281005859375,6.4064788818359375,677.7838134765625,820.587158203125
1785506885.257608,6.736894130706787,6.412777423858643,676.529296875,820.169921875
1785506885.262608,6.744036674499512,6.429337024688721,678.3489990234375,819.8966064453125
1785506885.267619,6.745754241943359,6.436582565307617,679.4820556640625,820.4746704101562
1785506885.272608,6.729310989379883,6.446075439453125,679.8556518554688,821.4703979492188
1785506885.277608,6.732955455780029,6.446458339691162,680.119873046875,821.87548828125
1785506885.282608,6.736063480377197,6.446540355682373,679.565673828125,821.78955078125
1785506885.287608,6.732574939727783,6.446381092071533,679.187255859375,820.6657104492188
1785506885.297608,6.715269088745117,6.453307151794434,678.278564453125,820.3969116210938
1785506885.302608,6.710086822509766,6.453971862792969,677.8460693359375,820.3707275390625
1785506885.307608,6.704190731048584,6.446788311004639,678.3382568359375,820.5791015625
1785506885.312608,6.706913948059082,6.440778732299805,679.0518798828125,821.443115234375
1785506885.317619,6.707612037658691,6.438406944274902,679.4887084960938,821.7344360351562
1785506885.322608,6.683749198913574,6.431121349334717,679.7874145507812,822.4515991210938
1785506885.327608,6.698410511016846,6.426703929901123,681.6853637695312,820.1720581054688
1785506885.332608,6.7104811668396,6.428188323974609,682.084228515625,820.8218994140625
1785506885.337608,6.704872131347656,6.433844089508057,680.8316650390625,820.58837890625
1785506885.342608,6.720329284667969,6.4354352951049805,680.725830078125,821.0709228515625
1785506885.347608,6.722877025604248,6.435995101928711,680.4022827148438,820.8685913085938
1785506885.357608,6.710930824279785,6.434587001800537,679.96484375,820.2241821289062
1785506885.362608,6.702513217926025,6.433457374572754,679.4683227539062,819.3587646484375
1785506885.36773,6.704068660736084,6.434409141540527,679.5471801757812,819.080078125
1785506885.37273,6.7254743576049805,6.44066858291626,679.704345703125,818.1920166015625
1785506885.37773,6.733657360076904,6.437002658843994,681.0100708007812,819.6420288085938
1785506885.382741,6.726422309875488,6.437358856201172,680.3534545898438,819.2578735351562
1785506885.39273,6.715202331542969,6.444056987762451,678.869140625,818.5098266601562
1785506885.39773,6.719355583190918,6.441188335418701,679.1497192382812,818.3886108398438
1785506885.40273,6.7113237380981445,6.447380542755127,677.9369506835938,817.6796264648438
1785506885.40773,6.724973201751709,6.445959568023682,677.8218383789062,817.3818969726562
1785506885.41273,6.709425449371338,6.444692611694336,679.6767578125,816.9109497070312
1785506885.41773,6.7236552238464355,6.451503753662109,679.5447998046875,816.9290161132812
1785506885.42273,6.723626613616943,6.442430019378662,679.0059204101562,817.4758911132812
1785506885.42773,6.725253105163574,6.444893836975098,680.1487426757812,817.5625
1785506885.43273,6.728287696838379,6.458920001983643,679.3748779296875,817.3695068359375
1785506885.43773,6.7325119972229,6.4591193199157715,680.814697265625,817.9469604492188
1785506885.44273,6.751971244812012,6.463291168212891,680.5068359375,818.4913940429688
1785506885.45773,6.752959251403809,6.459331512451172,682.9193725585938,818.6207275390625
1785506885.46273,6.7428178787231445,6.44352912902832,682.9192504882812,818.5382080078125
1785506885.47273,6.73006534576416,6.438479423522949,681.0436401367188,817.3582763671875
1785506885.477741,6.738893032073975,6.437135696411133,679.3739013671875,817.9519653320312
1785506885.482741,6.741236686706543,6.434081077575684,679.3847045898438,819.9447021484375
1785506885.48773,6.739042282104492,6.433797359466553,679.0888061523438,820.8072509765625
1785506885.49273,6.727670669555664,6.437524795532227,680.9425659179688,819.9037475585938
1785506885.49773,6.723996639251709,6.432284355163574,681.3477172851562,821.0223999023438
1785506885.502875,6.713719367980957,6.435290336608887,679.7342529296875,820.9825439453125
1785506885.517864,6.722365379333496,6.434446334838867,678.2544555664062,819.5228271484375
1785506885.522863,6.720412254333496,6.460466384887695,678.7432861328125,820.1847534179688
1785506885.527864,6.723266124725342,6.468831539154053,679.249267578125,818.5702514648438
1785506885.532852,6.69917631149292,6.459932327270508,679.9154663085938,818.91650390625
1785506885.537852,6.700479030609131,6.459463119506836,679.7898559570312,819.1475219726562
1785506885.542852,6.716879367828369,6.4598917961120605,679.2312622070312,819.6427001953125
1785506885.547863,6.711264610290527,6.470263481140137,679.3412475585938,821.0195922851562
1785506885.562852,6.705023288726807,6.46656608581543,681.1922607421875,821.6505737304688
1785506885.567852,6.7009758949279785,6.469919681549072,681.8726196289062,820.819091796875
1785506885.572852,6.673292636871338,6.462650775909424,680.8194580078125,820.4494018554688
1785506885.577852,6.668464660644531,6.467206954956055,681.0586547851562,819.7918090820312
1785506885.582852,6.671787738800049,6.461998462677002,679.9703369140625,819.6243896484375
1785506885.587852,6.6719865798950195,6.45678186416626,678.9067993164062,818.0455322265625
1785506885.592852,6.689081192016602,6.451563835144043,679.5474853515625,818.32421875
1785506885.597852,6.686389446258545,6.443668842315674,677.6472778320312,819.4573364257812
1785506885.602852,6.7010579109191895,6.434478282928467,678.4337158203125,818.4542846679688
1785506885.607852,6.719658374786377,6.4391350746154785,678.6611938476562,818.4209594726562
1785506885.612852,6.7181267738342285,6.440755844116211,678.1761474609375,818.94189453125
1785506885.617852,6.721660137176514,6.438905715942383,677.7149047851562,817.5989379882812
1785506885.622852,6.724461078643799,6.4349212646484375,677.5588989257812,818.3201293945312
1785506885.627852,6.71656608581543,6.426604747772217,678.780029296875,817.9572143554688
1785506885.632852,6.70199728012085,6.420426368713379,678.7362670898438,819.0039672851562
1785506885.637986,6.717503070831299,6.414419651031494,678.8945922851562,820.3951416015625
1785506885.642986,6.72602653503418,6.410404682159424,679.7120971679688,821.1272583007812
1785506885.647986,6.722568511962891,6.412204742431641,678.27197265625,819.9114990234375
1785506885.667986,6.715888977050781,6.415133953094482,675.426025390625,817.4364013671875
1785506885.672986,6.7061991691589355,6.413629531860352,675.0335693359375,816.5685424804688
1785506885.677986,6.7028326988220215,6.427520751953125,676.8119506835938,816.6761474609375
1785506885.682986,6.692824840545654,6.42606258392334,676.9567260742188,817.7002563476562
1785506885.687986,6.709897994995117,6.430019855499268,676.8375244140625,817.90771484375
1785506885.692986,6.703810214996338,6.4152092933654785,676.7632446289062,819.5884399414062
1785506885.697986,6.691191673278809,6.42435884475708,676.3455810546875,819.0884399414062
1785506885.702986,6.692190170288086,6.428168296813965,675.3131103515625,817.8270874023438
1785506885.707986,6.682203769683838,6.430367469787598,675.5697021484375,817.830322265625
1785506885.712986,6.695627689361572,6.434834957122803,676.2171020507812,816.4166870117188
1785506885.717986,6.689486980438232,6.437618255615234,677.3193359375,815.6781616210938
1785506885.722986,6.693946361541748,6.437241554260254,676.775634765625,815.730712890625
1785506885.727986,6.700448036193848,6.423037052154541,678.8673095703125,817.8634033203125
1785506885.732997,6.699291229248047,6.421820640563965,678.8395385742188,817.993408203125
1785506885.737986,6.695772171020508,6.425034523010254,678.2321166992188,817.6333618164062
1785506885.742986,6.694416522979736,6.42368745803833,677.2752075195312,816.9846801757812
1785506885.747986,6.694121837615967,6.424197673797607,678.442138671875,817.654052734375
1785506885.752986,6.6972270011901855,6.420539855957031,677.92138671875,818.4476928710938
1785506885.757986,6.701628684997559,6.41737699508667,676.3220825195312,818.0340576171875
1785506885.788108,6.7033843994140625,6.404101371765137,675.8368530273438,823.4510498046875
1785506885.793108,6.7047953605651855,6.40324592590332,674.0470581054688,821.27783203125
1785506885.798108,6.688198089599609,6.393252372741699,673.6434326171875,820.7466430664062
1785506885.803108,6.6842570304870605,6.38650369644165,674.7937622070312,820.3104248046875
1785506885.808108,6.699584007263184,6.3703813552856445,674.105224609375,817.5271606445312
1785506885.818108,6.700928211212158,6.36898136138916,675.441162109375,816.6944580078125
1785506885.823108,6.7110371589660645,6.381080627441406,675.6463012695312,817.2103881835938
1785506885.828108,6.703269004821777,6.3802361488342285,676.2177734375,816.7476196289062
1785506885.833119,6.691153049468994,6.37762975692749,675.9848022460938,817.3500366210938
1785506885.838108,6.704953670501709,6.38346529006958,675.9008178710938,817.7679443359375
1785506885.843108,6.704891681671143,6.39204216003418,678.4346923828125,817.611328125
1785506885.848108,6.705704212188721,6.39092493057251,677.1004638671875,816.0758666992188
1785506885.853108,6.703661918640137,6.391757965087891,677.5075073242188,818.9576416015625
1785506885.873108,6.693505764007568,6.399137496948242,675.8994750976562,818.45654296875
1785506885.878108,6.685579299926758,6.398056983947754,675.7484130859375,817.8939208984375
1785506885.883108,6.666157245635986,6.38798189163208,676.4801635742188,818.3204345703125
1785506885.888108,6.6649885177612305,6.3837971687316895,677.6713256835938,817.0349731445312
1785506885.893108,6.6508636474609375,6.386828899383545,677.993408203125,818.5653686523438
1785506885.898119,6.642910480499268,6.386316299438477,678.2272338867188,818.1421508789062
1785506885.903119,6.644613742828369,6.4062347412109375,678.1694946289062,819.6551513671875
1785506885.91823,6.626921653747559,6.405822277069092,679.5728149414062,818.4607543945312
1785506885.92323,6.626500129699707,6.417179107666016,679.2202758789062,818.0770263671875
1785506885.92823,6.642755031585693,6.413145065307617,680.0911865234375,817.0180053710938
1785506885.93323,6.654170513153076,6.40069580078125,679.9021606445312,816.0291137695312
1785506885.93823,6.638523101806641,6.397756576538086,680.0197143554688,816.8133544921875
1785506885.94823,6.639581203460693,6.379693031311035,679.4160766601562,816.237060546875
1785506885.95323,6.650442123413086,6.382911205291748,680.0156860351562,816.8866577148438
1785506885.95823,6.64676570892334,6.3684163093566895,680.07763671875,816.8676147460938
1785506885.96323,6.65344762802124,6.371461868286133,681.4990234375,816.7053833007812
1785506885.96823,6.649593353271484,6.367656230926514,680.857421875,815.2186279296875
1785506885.97323,6.6490912437438965,6.380115985870361,680.9757080078125,814.4910278320312
1785506885.97823,6.643350124359131,6.377430438995361,680.1692504882812,813.727294921875
1785506885.98323,6.639383316040039,6.368261337280273,679.6094970703125,814.1513671875
1785506885.988241,6.642965793609619,6.378659248352051,679.483154296875,814.3955688476562
1785506885.993241,6.639317035675049,6.376649856567383,679.5606689453125,814.3833618164062
1785506885.998241,6.642145156860352,6.384263038635254,679.8754272460938,814.9016723632812
1785506886.00323,6.6295857429504395,6.389216423034668,680.156005859375,816.308837890625
1785506886.00823,6.627102851867676,6.390137672424316,680.857666015625,816.4512939453125
1785506886.01323,6.624306678771973,6.383391380310059,680.15966796875,815.8015747070312
1785506886.01823,6.630324840545654,6.380753517150879,679.99267578125,815.38623046875
1785506886.02323,6.640710353851318,6.376820087432861,680.5565185546875,816.7705078125
1785506886.02823,6.648221492767334,6.382471084594727,680.7869262695312,817.3483276367188
1785506886.03323,6.652283191680908,6.379272937774658,681.9884033203125,818.9900512695312
1785506886.03823,6.6696457862854,6.382220268249512,680.4277954101562,821.064453125
1785506886.043352,6.678202152252197,6.387317180633545,681.0009765625,820.6962280273438
1785506886.048241,6.675358295440674,6.382742404937744,681.2197875976562,818.178955078125
1785506886.053364,6.680789947509766,6.378672122955322,681.2389526367188,817.5155639648438
1785506886.063364,6.677011489868164,6.368159294128418,680.3477783203125,815.8799438476562
1785506886.068352,6.679543495178223,6.363104343414307,681.5221557617188,816.9371337890625
1785506886.073352,6.663999557495117,6.360014915466309,679.96533203125,818.07421875
1785506886.078352,6.666209697723389,6.356712818145752,680.7649536132812,818.4071655273438
1785506886.083364,6.658346652984619,6.358541488647461,683.0514526367188,814.79541015625
1785506886.093352,6.653033256530762,6.358665466308594,680.3672485351562,813.3170166015625
1785506886.098363,6.645629405975342,6.363246917724609,681.8912353515625,814.6380615234375
1785506886.103352,6.639816761016846,6.358377933502197,682.0213623046875,814.5792846679688
1785506886.108375,6.643533229827881,6.354445934295654,681.0437622070312,814.5357055664062
1785506886.113352,6.640490531921387,6.355797290802002,681.6865844726562,814.6683959960938
1785506886.118352,6.63541841506958,6.35173225402832,681.4122314453125,816.5679931640625
1785506886.133352,6.629951477050781,6.344327449798584,680.931884765625,819.5579833984375
1785506886.138352,6.641864776611328,6.349277019500732,682.2061767578125,818.9058227539062
1785506886.153363,6.639245510101318,6.3613200187683105,682.7236328125,821.1492919921875
1785506886.158352,6.652050495147705,6.366969108581543,682.1135864257812,820.8327026367188
1785506886.163352,6.6572723388671875,6.388091564178467,681.410888671875,820.9177856445312
1785506886.168352,6.669627666473389,6.403521537780762,680.4716796875,821.2119750976562
1785506886.173352,6.662833213806152,6.4151997566223145,679.8472900390625,821.9005737304688
1785506886.178486,6.6768083572387695,6.417413234710693,679.951171875,822.5870361328125
1785506886.183375,6.677488803863525,6.4251580238342285,680.4412841796875,822.8853759765625
1785506886.188486,6.719357967376709,6.449784755706787,659.392333984375,826.595458984375
1785506886.193486,6.7340264320373535,6.482246398925781,646.4595947265625,830.9497680664062
1785506886.203486,6.780397415161133,6.5641374588012695,609.3662109375,820.8177490234375
1785506886.208486,6.792440414428711,6.612990856170654,599.7659912109375,819.6187744140625
1785506886.213486,6.792675971984863,6.642867565155029,596.9740600585938,814.1123046875
1785506886.218486,6.798574447631836,6.67676305770874,598.5559692382812,812.6348876953125
1785506886.228486,6.819546699523926,6.695841312408447,601.634033203125,813.14306640625
1785506886.238486,6.8251118659973145,6.683653831481934,605.3175048828125,814.593994140625
1785506886.243486,6.809728145599365,6.6639323234558105,607.4998779296875,813.3289794921875
1785506886.248486,6.808310508728027,6.662286281585693,608.3234252929688,813.2632446289062
1785506886.253486,6.8128275871276855,6.661533832550049,607.4053955078125,812.96435546875
1785506886.258497,6.8048930168151855,6.656685829162598,608.0526123046875,813.821533203125
1785506886.263486,6.798080921173096,6.665927410125732,609.1142578125,813.949951171875
1785506886.268486,6.7966766357421875,6.663361549377441,609.1463623046875,814.762451171875
1785506886.273486,6.791849613189697,6.66335391998291,609.698974609375,814.1445922851562
1785506886.283486,6.799589157104492,6.668189525604248,610.1666259765625,812.4249877929688
1785506886.293486,6.799785614013672,6.678586959838867,610.603271484375,812.2023315429688
1785506886.303486,6.7889790534973145,6.6847405433654785,610.703857421875,811.8265991210938
1785506886.308486,6.799447536468506,6.67696475982666,609.822998046875,811.6093139648438
1785506886.313608,6.793304920196533,6.673401355743408,610.333740234375,811.5713500976562
1785506886.323608,6.81152868270874,6.68992280960083,611.3803100585938,809.6901245117188
1785506886.328608,6.8069891929626465,6.675329685211182,610.6209106445312,809.7857666015625
1785506886.333608,6.808613300323486,6.678553104400635,609.9050903320312,811.0990600585938
1785506886.338608,6.803022384643555,6.6722846031188965,609.4849853515625,812.0364379882812
1785506886.343608,6.809670925140381,6.663407802581787,609.6793212890625,811.7742919921875
1785506886.348608,6.795966625213623,6.652443885803223,608.96240234375,812.46533203125
1785506886.358608,6.795743465423584,6.639350891113281,609.863525390625,814.2904052734375
1785506886.363608,6.803127765655518,6.642247676849365,610.15673828125,814.93359375
1785506886.368608,6.808966159820557,6.647585391998291,610.6967163085938,814.8796997070312
1785506886.373608,6.794096946716309,6.648329257965088,609.9530029296875,813.0482177734375
1785506886.378608,6.803530216217041,6.658123970031738,610.3267822265625,813.2305908203125
1785506886.383619,6.800808429718018,6.6672892570495605,610.6202392578125,812.4110107421875
1785506886.388608,6.8028483390808105,6.675865650177002,611.28759765625,813.2796020507812
1785506886.393608,6.808892726898193,6.675268173217773,611.694091796875,813.0140380859375
1785506886.398608,6.814881801605225,6.669432640075684,611.7559204101562,813.7509765625
1785506886.403608,6.806387901306152,6.66679573059082,612.9605102539062,812.3365478515625
1785506886.408608,6.799765110015869,6.671165466308594,613.6698608398438,813.641845703125
1785506886.413608,6.790666103363037,6.6673760414123535,612.69140625,811.985107421875
1785506886.418619,6.800288200378418,6.668993949890137,612.1219482421875,812.4254150390625
1785506886.423608,6.802161693572998,6.671189308166504,612.7236328125,812.1968994140625
1785506886.428608,6.810407638549805,6.669747352600098,615.2041625976562,811.915771484375
1785506886.433608,6.823339462280273,6.671714782714844,614.50537109375,812.1311645507812
1785506886.438608,6.821372032165527,6.693105220794678,615.1893310546875,810.7303466796875
1785506886.448741,6.82404088973999,6.676575183868408,644.7619018554688,779.9683227539062
1785506886.45373,6.872105121612549,6.701676368713379,663.3606567382812,762.6240234375
1785506886.45873,6.8953657150268555,6.7276201248168945,686.363037109375,734.75830078125
1785506886.46373,6.875308036804199,6.731719017028809,701.2055053710938,724.1204833984375
1785506886.468741,6.847967147827148,6.723134517669678,711.5327758789062,702.8370361328125
1785506886.47373,6.819039344787598,6.723207950592041,708.5111083984375,693.0836791992188
1785506886.478741,6.814119815826416,6.736743450164795,708.1587524414062,690.27392578125
1785506886.48373,6.792149066925049,6.742842197418213,706.5498657226562,692.7315063476562
1785506886.48873,6.770963191986084,6.748497009277344,705.6043701171875,693.1951904296875
1785506886.49373,6.771728515625,6.748697280883789,706.2671508789062,695.1263427734375
1785506886.498741,6.758785724639893,6.753425598144531,706.63818359375,696.4072875976562
1785506886.50373,6.7631683349609375,6.7554240226745605,705.9653930664062,696.6610717773438
1785506886.50873,6.7634596824646,6.757568836212158,704.5363159179688,695.9319458007812
1785506886.51373,6.753483772277832,6.753247261047363,703.77001953125,697.4684448242188
1785506886.52873,6.747406005859375,6.7331414222717285,700.726806640625,695.0817260742188
1785506886.53373,6.74873161315918,6.722278594970703,699.601318359375,694.4070434570312
1785506886.53873,6.7654337882995605,6.7047600746154785,699.435791015625,696.029052734375
1785506886.54373,6.773819446563721,6.701016426086426,697.1993408203125,695.4344482421875
1785506886.54873,6.779666900634766,6.694452285766602,696.6567993164062,696.120849609375
1785506886.55873,6.786040306091309,6.6906538009643555,696.2679443359375,695.7216796875
1785506886.56873,6.7938232421875,6.675830841064453,696.1931762695312,696.2615966796875
1785506886.57373,6.797915458679199,6.666066646575928,697.0068359375,696.448974609375
1785506886.57873,6.810297966003418,6.6642303466796875,695.923583984375,696.386962890625
1785506886.588875,6.814002513885498,6.640077590942383,696.0213623046875,696.1867065429688
1785506886.593852,6.806217193603516,6.644037246704102,695.3317260742188,695.0474853515625
1785506886.598852,6.797219753265381,6.6482157707214355,696.5250244140625,696.56884765625
1785506886.603852,6.783289909362793,6.649811744689941,697.0778198242188,697.2974243164062
1785506886.608852,6.790732383728027,6.643869876861572,696.2628173828125,694.5487060546875
1785506886.618852,6.779461860656738,6.657245635986328,697.2302856445312,693.8005981445312
1785506886.633852,6.814162254333496,6.67457914352417,694.9589233398438,693.3511962890625
1785506886.638852,6.806128978729248,6.682655334472656,694.8094482421875,693.2481689453125
1785506886.648852,6.801769256591797,6.672966957092285,694.3726806640625,692.5768432617188
1785506886.653852,6.80241584777832,6.676974296569824,694.5458374023438,692.3356323242188
1785506886.658852,6.789842128753662,6.672232151031494,693.0846557617188,693.41796875
1785506886.663852,6.792535305023193,6.664525032043457,686.9293823242188,697.80029296875
1785506886.668852,6.791774749755859,6.662350654602051,682.8733520507812,701.1917724609375
1785506886.683852,6.7959465980529785,6.652346134185791,683.4323120117188,704.7527465820312
1785506886.688864,6.792088508605957,6.653058052062988,682.9388427734375,704.8963623046875
1785506886.693852,6.795897960662842,6.660162448883057,681.73779296875,704.6161499023438
1785506886.698852,6.79364013671875,6.653231620788574,680.8946533203125,705.0103149414062
1785506886.703852,6.783959865570068,6.6517486572265625,681.0357666015625,705.7269897460938
1785506886.708852,6.782834529876709,6.6525444984436035,681.15771484375,706.0692749023438
1785506886.713852,6.782010078430176,6.644937038421631,681.7144775390625,706.4685668945312
1785506886.718852,6.795048236846924,6.654138565063477,682.0698852539062,707.0105590820312
1785506886.723986,6.802548885345459,6.647697925567627,681.7192993164062,707.054443359375
1785506886.728986,6.810561656951904,6.644084930419922,681.7767944335938,707.0879516601562
1785506886.733986,6.809412002563477,6.6454668045043945,681.9656982421875,707.754638671875
1785506886.738986,6.8099470138549805,6.657071113586426,682.4183959960938,707.5646362304688
1785506886.743986,6.815337181091309,6.661159515380859,683.5703125,706.735595703125
1785506886.748986,6.816450595855713,6.651158809661865,683.9454345703125,707.2257080078125
1785506886.773986,6.81515645980835,6.680624961853027,683.77734375,708.3355712890625
1785506886.778986,6.837122440338135,6.6790080070495605,683.7001953125,708.2457275390625
1785506886.783986,6.828652381896973,6.666713237762451,683.8251342773438,706.9656372070312
1785506886.788986,6.8075103759765625,6.666034698486328,683.8309936523438,706.6192016601562
1785506886.793986,6.789427757263184,6.655655384063721,683.724853515625,705.9119873046875
1785506886.798986,6.795302391052246,6.662151336669922,684.1299438476562,706.4595947265625
1785506886.808986,6.790355682373047,6.656417369842529,685.8349609375,706.4390869140625
1785506886.813986,6.794257164001465,6.654417514801025,683.3814086914062,707.5466918945312
1785506886.818986,6.800370693206787,6.6602020263671875,684.2976684570312,706.8471069335938
1785506886.823986,6.81211519241333,6.664741516113281,683.424560546875,706.3458862304688
1785506886.828986,6.822494029998779,6.666471004486084,683.1116333007812,706.6397094726562
1785506886.833986,6.821704864501953,6.6577229499816895,682.0010375976562,706.55224609375
1785506886.838986,6.817305088043213,6.645931720733643,681.4745483398438,706.5742797851562
1785506886.843986,6.8178815841674805,6.6352057456970215,680.0301513671875,706.4801025390625
1785506886.848986,6.8182878494262695,6.633220672607422,679.679931640625,706.2998657226562
1785506886.853986,6.827109336853027,6.6343488693237305,679.6174926757812,706.53955078125
1785506886.859108,6.826992034912109,6.6329827308654785,679.8380126953125,706.8235473632812
1785506886.864108,6.823314666748047,6.621952056884766,680.047607421875,707.0404663085938
1785506886.869108,6.816653251647949,6.61431884765625,681.2152099609375,707.77685546875
1785506886.874119,6.8141326904296875,6.6021904945373535,680.325439453125,708.1591796875
1785506886.879108,6.803665637969971,6.591216087341309,678.8305053710938,708.1669311523438
1785506886.889108,6.80385160446167,6.593254089355469,680.56494140625,707.9993286132812
1785506886.899108,6.795900344848633,6.57835578918457,681.2832641601562,706.549072265625
1785506886.904108,6.793097496032715,6.579988479614258,681.2410278320312,706.6553344726562
1785506886.909108,6.785031318664551,6.577432632446289,681.6796264648438,706.7521362304688
1785506886.914108,6.790221214294434,6.58711051940918,682.2340087890625,707.817626953125
1785506886.919108,6.792766571044922,6.598016262054443,683.222900390625,708.1119384765625
1785506886.924108,6.80131721496582,6.618038177490234,687.0420532226562,707.9403076171875
1785506886.934108,6.7605180740356445,6.621219158172607,696.183349609375,724.304931640625
1785506886.939119,6.674618721008301,6.60706901550293,695.2622680664062,729.3143920898438
1785506886.944108,6.598427772521973,6.526630401611328,687.2176513671875,753.850830078125
1785506886.949108,6.449014186859131,6.3448357582092285,694.1444702148438,747.2756958007812
1785506886.954108,6.268387317657471,6.3448262214660645,751.1676635742188,730.3099365234375
1785506886.959108,6.268374443054199,6.344802379608154,728.98681640625,658.394775390625
1785506886.964108,6.268335819244385,6.344747066497803,712.4137573242188,679.8496704101562
1785506886.969119,6.268286228179932,6.344682216644287,785.6959228515625,647.1669311523438
1785506886.974108,6.268224239349365,6.344609260559082,813.62353515625,604.6028442382812
1785506886.979108,6.268155097961426,6.3445234298706055,744.0094604492188,617.6497192382812
1785506886.984108,6.268068790435791,6.344431400299072,718.3682861328125,626.685302734375
1785506886.989108,6.267969131469727,6.344320297241211,728.8320922851562,636.1546020507812
1785506887.004241,6.267765998840332,6.344106197357178,731.3648071289062,629.6491088867188
1785506887.009241,6.267559051513672,6.343897342681885,713.5656127929688,576.1472778320312
1785506887.01423,6.267362594604492,6.343702793121338,736.4851684570312,618.9465942382812
1785506887.01923,6.267148017883301,6.343493938446045,680.4849853515625,597.2744750976562
1785506887.02423,6.266964435577393,6.343278884887695,741.0086669921875,637.6119995117188
1785506887.02923,6.266812324523926,6.343091011047363,706.8358154296875,666.280517578125
1785506887.03423,6.266708850860596,6.342953681945801,725.4996948242188,664.92333984375
1785506887.039241,6.266627788543701,6.342843055725098,700.2955322265625,707.4332885742188
1785506887.04423,6.266556739807129,6.342750549316406,707.3671875,720.6859130859375
1785506887.049241,6.2664971351623535,6.3426713943481445,715.5512084960938,711.8511352539062
1785506887.06423,6.266445159912109,6.342608451843262,728.3558349609375,777.5867919921875
1785506887.069241,6.266402244567871,6.342554569244385,717.5604248046875,790.8272094726562
1785506887.07423,6.266364097595215,6.342502117156982,712.0477294921875,794.28759765625
1785506887.08423,6.008560657501221,6.039958953857422,708.6083374023438,788.2117919921875
1785506887.09923,6.080166816711426,6.085890769958496,719.1260986328125,781.2477416992188
1785506887.10423,6.099395751953125,6.130832672119141,719.97802734375,777.6420288085938
1785506887.11423,6.087881565093994,6.216189384460449,717.62939453125,764.3554077148438
1785506887.12423,6.172192573547363,6.322503566741943,718.1436157226562,757.34033203125
1785506887.134241,6.260950088500977,6.464035511016846,719.75,753.5181884765625
1785506887.139352,6.323912620544434,6.564865589141846,719.8235473632812,751.1923217773438
1785506887.144352,6.374788284301758,6.617665767669678,719.4054565429688,748.2620849609375
1785506887.149352,6.426835060119629,6.689402103424072,719.3339233398438,746.3451538085938
1785506887.154352,6.471888542175293,6.751955509185791,716.5288696289062,739.2099609375
1785506887.159352,6.5077972412109375,6.776494026184082,716.6168823242188,737.0239868164062
1785506887.164352,6.563883304595947,6.799447059631348,717.4750366210938,736.0718383789062
1785506887.169352,6.588104724884033,6.800995826721191,716.7098388671875,735.59033203125
1785506887.174352,6.599905490875244,6.793374538421631,717.7005004882812,732.5891723632812
1785506887.179352,6.621121883392334,6.78741455078125,718.4244995117188,731.0609741210938
1785506887.189352,6.663748264312744,6.802674770355225,721.119140625,727.4903564453125
1785506887.194352,6.66935920715332,6.793128967285156,721.2193603515625,725.1821899414062
1785506887.199352,6.672303199768066,6.784337997436523,722.5762329101562,722.701416015625
1785506887.204375,6.678610324859619,6.789844512939453,722.8628540039062,722.8343505859375
1785506887.209352,6.692895412445068,6.789664268493652,722.50732421875,720.6195068359375
1785506887.214352,6.696228981018066,6.7867112159729,723.2538452148438,718.3753662109375
1785506887.219352,6.7017598152160645,6.792782783508301,723.3684692382812,717.436279296875
1785506887.224352,6.702381610870361,6.7927961349487305,723.8956909179688,717.7599487304688
1785506887.229352,6.716795444488525,6.788562297821045,724.3342895507812,717.1569213867188
1785506887.234352,6.724541187286377,6.789239406585693,725.263671875,715.851806640625
1785506887.239352,6.724897384643555,6.784180164337158,724.6694946289062,715.2653198242188
1785506887.244352,6.736474514007568,6.7817535400390625,723.9072875976562,714.6212768554688
1785506887.249352,6.737944602966309,6.765113830566406,723.7555541992188,714.1797485351562
1785506887.254352,6.74307918548584,6.747005462646484,724.0889282226562,713.7265014648438
1785506887.259352,6.751507759094238,6.745154857635498,722.7621459960938,713.99560546875
1785506887.264486,6.769663333892822,6.7428083419799805,721.5626220703125,711.7739868164062
1785506887.269375,6.774291515350342,6.738483428955078,725.2005615234375,710.722412109375
1785506887.274486,6.785059452056885,6.738073825836182,724.6116333007812,709.0963745117188
1785506887.279486,6.785912036895752,6.7338151931762695,723.8882446289062,710.4291381835938
1785506887.284486,6.783233165740967,6.730255603790283,723.9934692382812,710.3032836914062
1785506887.299486,6.793610095977783,6.724071025848389,724.4971923828125,710.8409423828125
1785506887.309486,6.7686052322387695,6.718939304351807,718.6257934570312,713.0836791992188
1785506887.314486,6.754054546356201,6.716901779174805,718.7188110351562,711.002685546875
1785506887.319486,6.771618843078613,6.708982944488525,719.5281372070312,710.9896850585938
1785506887.324486,6.767715930938721,6.704051971435547,719.3569946289062,711.454833984375
1785506887.329497,6.77335262298584,6.710090160369873,713.9274291992188,706.5713500976562
1785506887.339486,6.790772438049316,6.702731609344482,675.8076171875,698.7791748046875
1785506887.344486,6.78782844543457,6.70517635345459,652.0735473632812,700.3104248046875
1785506887.349486,6.785437107086182,6.708148956298828,629.2503662109375,704.3497924804688
1785506887.354486,6.791986465454102,6.718252182006836,608.439453125,701.6577758789062
1785506887.359486,6.7861104011535645,6.713593482971191,606.4193725585938,696.9201049804688
1785506887.369486,6.814394950866699,6.710920810699463,610.5729370117188,694.0009765625
1785506887.374486,6.829527854919434,6.695972442626953,610.6497192382812,694.2630004882812
1785506887.379486,6.843101501464844,6.674595355987549,611.5240478515625,694.5670166015625
1785506887.384486,6.836864471435547,6.6593780517578125,613.1124267578125,695.440673828125
1785506887.389486,6.8385233879089355,6.645396709442139,613.4973754882812,696.4500122070312
1785506887.394486,6.842179298400879,6.62975549697876,614.0800170898438,697.5623779296875
1785506887.399619,6.851119518280029,6.6257781982421875,614.49609375,697.7720947265625
1785506887.404608,6.850386142730713,6.620689392089844,614.4862670898438,697.99072265625
1785506887.409608,6.846756458282471,6.618716239929199,614.44921875,697.8588256835938
1785506887.414608,6.851742744445801,6.622767925262451,614.6200561523438,697.7388916015625
1785506887.419619,6.845620632171631,6.620103359222412,614.6324462890625,698.112548828125
1785506887.429608,6.822911739349365,6.611302852630615,614.1640014648438,698.9960327148438
1785506887.434608,6.813686370849609,6.608547210693359,613.2952270507812,699.440185546875
1785506887.449608,6.810624122619629,6.596593856811523,612.84814453125,695.9615478515625
1785506887.454619,6.822015762329102,6.613574028015137,612.9996337890625,695.6546630859375
1785506887.459608,6.8193464279174805,6.619319438934326,612.9429321289062,695.8650512695312
1785506887.464608,6.813202857971191,6.62888765335083,612.5189819335938,693.8248901367188
1785506887.469608,6.816250801086426,6.62563419342041,612.2439575195312,693.6951293945312
1785506887.474619,6.815927028656006,6.628668308258057,612.6049194335938,692.8221435546875
1785506887.479608,6.822199821472168,6.627422332763672,613.8826904296875,692.7988891601562
1785506887.484608,6.818364143371582,6.621795654296875,614.8406372070312,693.431884765625
1785506887.494608,6.817593574523926,6.6287994384765625,615.2106323242188,692.500732421875
1785506887.499608,6.822200775146484,6.62529993057251,615.6575927734375,691.3843994140625
1785506887.504608,6.838387489318848,6.634100914001465,616.5408935546875,691.3715209960938
1785506887.509608,6.846783638000488,6.640275001525879,616.1310424804688,691.7256469726562
1785506887.514608,6.848077297210693,6.646181106567383,615.4478759765625,693.5629272460938
1785506887.519608,6.854247093200684,6.643855094909668,614.3483276367188,693.8350219726562
1785506887.524608,6.849590301513672,6.645201206207275,615.5211791992188,694.3294677734375
1785506887.529608,6.853118896484375,6.647922039031982,614.5658569335938,695.008056640625
1785506887.534608,6.8508076667785645,6.64838981628418,615.70166015625,694.1188354492188
1785506887.53973,6.861370086669922,6.657153129577637,616.377685546875,693.310546875
1785506887.544741,6.859282970428467,6.662817478179932,615.3672485351562,694.3825073242188
1785506887.54973,6.867258071899414,6.665792465209961,615.3140258789062,695.3087158203125
1785506887.56473,6.867608070373535,6.6597113609313965,618.54443359375,694.5236206054688
1785506887.56973,6.876769065856934,6.666660785675049,616.9442749023438,695.8029174804688
1785506887.57473,6.877377986907959,6.668752193450928,616.5783081054688,696.6259765625
1785506887.57973,6.874711513519287,6.655371189117432,617.0275268554688,699.3267211914062
1785506887.584741,6.885873794555664,6.651206970214844,617.470703125,698.7070922851562
1785506887.58973,6.881742000579834,6.646881103515625,616.1339721679688,699.5636596679688
1785506887.594741,6.8881707191467285,6.649774074554443,616.4188842773438,699.0794677734375
1785506887.599741,6.882569789886475,6.648692607879639,615.8792114257812,697.8493041992188
1785506887.60473,6.87054967880249,6.639873027801514,615.9104614257812,698.0984497070312
1785506887.60973,6.864602088928223,6.635959625244141,615.9927368164062,698.6701049804688
1785506887.619741,6.842435359954834,6.639401912689209,615.1911010742188,698.8533325195312
1785506887.62473,6.8516621589660645,6.630930423736572,615.8421020507812,698.8450317382812
1785506887.62973,6.868667125701904,6.643139839172363,615.5780639648438,699.2258911132812
1785506887.63473,6.868921756744385,6.654165744781494,615.9681396484375,699.9009399414062
1785506887.63973,6.871780872344971,6.664231777191162,616.4519653320312,699.6395874023438
1785506887.64473,6.866215705871582,6.662900924682617,616.7979125976562,699.4265747070312
1785506887.64973,6.869246006011963,6.664181232452393,617.273193359375,699.673828125
1785506887.65473,6.87440299987793,6.6668267250061035,617.831787109375,699.7702026367188
1785506887.65973,6.882186412811279,6.667233943939209,617.4434204101562,699.0118408203125
1785506887.66473,6.885418891906738,6.665724754333496,616.143798828125,699.4088745117188
1785506887.669852,6.889764785766602,6.6651201248168945,616.209228515625,698.973388671875
1785506887.674863,6.895798683166504,6.662776470184326,615.008544921875,699.275390625
1785506887.684852,6.902285575866699,6.660539627075195,616.1597900390625,700.2100830078125
1785506887.689852,6.900270462036133,6.661120891571045,616.0691528320312,699.9444580078125
1785506887.694852,6.896602153778076,6.6587958335876465,615.954345703125,699.8046264648438
1785506887.699852,6.894312858581543,6.660478115081787,618.5477905273438,699.7888793945312
1785506887.704852,6.886064052581787,6.658341407775879,617.9275512695312,699.7930297851562
1785506887.714852,6.886964321136475,6.661352157592773,618.6744384765625,701.3643188476562
1785506887.719852,6.882808208465576,6.6647772789001465,619.4839477539062,700.5673828125
1785506887.724852,6.8823747634887695,6.669393062591553,617.8772583007812,700.3238525390625
1785506887.729852,6.8681745529174805,6.6619954109191895,617.182373046875,700.1310424804688
1785506887.734852,6.858272075653076,6.655787467956543,617.4035034179688,699.965576171875
1785506887.739852,6.854590892791748,6.639946937561035,619.02099609375,699.3447875976562
1785506887.744852,6.8665876388549805,6.643208026885986,619.0272216796875,700.0934448242188
1785506887.754864,6.865021705627441,6.632328987121582,618.0741577148438,699.7501831054688
1785506887.759852,6.856061935424805,6.629418849945068,619.3683471679688,700.4019165039062
1785506887.764852,6.839512825012207,6.623466491699219,628.43212890625,715.541259765625
1785506887.774852,6.811439037322998,6.620666980743408,643.3678588867188,738.1256103515625
1785506887.779863,6.807071685791016,6.62003231048584,654.470458984375,761.0022583007812
1785506887.794852,6.786324501037598,6.584051132202148,668.3547973632812,761.1135864257812
1785506887.799852,6.778558254241943,6.560756206512451,669.3267211914062,760.4080810546875
1785506887.804986,6.756308078765869,6.538651466369629,669.117919921875,762.0452270507812
1785506887.810423,6.75043249130249,6.544450283050537,667.8316650390625,762.5664672851562
1785506887.815423,6.740330696105957,6.543533802032471,668.056396484375,762.1067504882812
1785506887.820423,6.7385125160217285,6.5356364250183105,668.1231079101562,763.43505859375
1785506887.830423,6.7483439445495605,6.5181660652160645,666.7970581054688,764.4710083007812
1785506887.835423,6.759380340576172,6.530689239501953,666.7262573242188,765.5687866210938
1785506887.840423,6.763139247894287,6.523838996887207,668.2548217773438,764.8173828125
1785506887.845434,6.766270160675049,6.531987190246582,666.391357421875,764.5693969726562
1785506887.850423,6.756008148193359,6.534371376037598,666.8822021484375,764.9414672851562
1785506887.855423,6.76379919052124,6.542002201080322,667.1755981445312,764.2278442382812
1785506887.860423,6.774031162261963,6.5362372398376465,667.0148315429688,762.1328125
1785506887.865423,6.783621311187744,6.5367045402526855,666.6287841796875,762.199951171875
1785506887.875423,6.78286075592041,6.528234004974365,666.3811645507812,761.7572021484375
1785506887.880423,6.785828113555908,6.527959823608398,667.4786376953125,763.1968383789062
1785506887.890423,6.797219753265381,6.544999599456787,668.2451171875,763.23974609375
1785506887.895423,6.790874481201172,6.543263912200928,667.6339721679688,763.6286010742188
1785506887.900424,6.785891056060791,6.54289436340332,666.3543090820312,765.5244750976562
1785506887.905423,6.781849384307861,6.545438289642334,666.2539672851562,765.3214111328125
1785506887.910424,6.771132469177246,6.543800354003906,665.804931640625,766.1414184570312
1785506887.915435,6.777590751647949,6.545108795166016,665.0930786132812,765.9718627929688
1785506887.920434,6.775151252746582,6.5461835861206055,665.8031005859375,765.8637084960938
1785506887.925423,6.7713823318481445,6.550543308258057,666.6777954101562,765.902587890625
1785506887.930423,6.76737117767334,6.54646635055542,666.1039428710938,765.6085205078125
1785506887.945546,6.762474536895752,6.537868976593018,666.30322265625,766.2412109375
1785506887.950546,6.75998067855835,6.533661842346191,666.1783447265625,766.6862182617188
1785506887.960546,6.7697062492370605,6.539421081542969,665.94482421875,766.8836059570312
1785506887.965546,6.764925003051758,6.550001621246338,666.9650268554688,767.3877563476562
1785506887.970546,6.751868724822998,6.556726932525635,667.3997192382812,766.404296875
1785506887.980546,6.75927734375,6.5698323249816895,667.2725219726562,767.2745361328125
1785506887.985546,6.766047477722168,6.559006690979004,667.3663940429688,766.218017578125
1785506887.990546,6.785513877868652,6.56107759475708,667.913818359375,766.2201538085938
1785506888.000546,6.78748893737793,6.55189847946167,668.4598999023438,765.894287109375
1785506888.005557,6.7911882400512695,6.548605442047119,668.2073974609375,766.2311401367188
1785506888.010546,6.788863658905029,6.546115875244141,667.7492065429688,766.0326538085938
1785506888.015557,6.784020900726318,6.545143127441406,667.9790649414062,765.658447265625
1785506888.025546,6.784145355224609,6.538259029388428,666.6845703125,765.3135375976562
1785506888.030557,6.782430648803711,6.537952423095703,668.064453125,765.9799194335938
1785506888.035546,6.7899346351623535,6.531870365142822,668.3840942382812,765.2122192382812
1785506888.040546,6.791173458099365,6.5318169593811035,667.4739990234375,765.4938354492188
1785506888.050546,6.806218147277832,6.536612033843994,663.0675659179688,771.5606689453125
1785506888.060557,6.807430744171143,6.544593334197998,652.1868896484375,790.2498779296875
1785506888.065557,6.802928924560547,6.544982433319092,651.005126953125,817.8860473632812
1785506888.075668,6.815662860870361,6.5468034744262695,647.355712890625,843.5379028320312
1785506888.080668,6.818937301635742,6.551039695739746,646.4056396484375,855.3677368164062
1785506888.085679,6.814042568206787,6.543786525726318,649.9421997070312,862.6751708984375
1785506888.090668,6.807175636291504,6.557786464691162,650.6422119140625,872.9832153320312
1785506888.095668,6.806310176849365,6.570878505706787,650.0765991210938,874.925537109375
1785506888.100668,6.797303676605225,6.582376480102539,651.5294799804688,878.3018188476562
1785506888.105668,6.775452613830566,6.585400581359863,651.777587890625,877.9047241210938
1785506888.110668,6.760671615600586,6.588476657867432,651.9166870117188,878.7544555664062
1785506888.120668,6.747616767883301,6.604775905609131,654.8072509765625,877.9854736328125
1785506888.125668,6.741522312164307,6.615050792694092,653.733642578125,877.8294677734375
1785506888.130668,6.751206874847412,6.618204116821289,655.0771484375,877.0739135742188
1785506888.135668,6.745645999908447,6.618554592132568,655.8680419921875,876.885986328125
1785506888.140668,6.737695693969727,6.600455284118652,656.313232421875,877.9384155273438
1785506888.150668,6.7406325340271,6.598585605621338,657.8760375976562,879.958251953125
1785506888.155668,6.738253593444824,6.599716663360596,657.7281494140625,879.77490234375
1785506888.160668,6.731724739074707,6.592876434326172,657.2161254882812,881.8325805664062
1785506888.165668,6.740519046783447,6.5928263664245605,657.03515625,879.8317260742188
1785506888.170679,6.749814033508301,6.590967655181885,657.7135620117188,879.3858642578125
1785506888.175668,6.766590595245361,6.607156276702881,658.4889526367188,878.521484375
1785506888.180679,6.749360084533691,6.614724159240723,658.98974609375,879.278076171875
1785506888.185668,6.748334884643555,6.613227367401123,657.7230224609375,879.9393310546875
1785506888.190668,6.761144161224365,6.61769437789917,656.152099609375,879.21630859375
1785506888.195668,6.75867223739624,6.625572204589844,658.8829956054688,879.5089111328125
1785506888.200668,6.754765510559082,6.631300449371338,660.223388671875,878.6233520507812
1785506888.215679,6.755898952484131,6.629031658172607,658.1846923828125,876.5248413085938
1785506888.220679,6.770976543426514,6.6291890144348145,659.8102416992188,875.3451538085938
1785506888.225801,6.764651298522949,6.617763042449951,660.2813720703125,875.0673217773438
1785506888.230801,6.774515151977539,6.620695114135742,659.7948608398438,875.4515380859375
1785506888.235801,6.772727966308594,6.628853797912598,660.1004028320312,876.6056518554688
1785506888.260801,6.819194793701172,6.669203758239746,664.4127197265625,881.065185546875
1785506888.265801,6.807706832885742,6.686332702636719,664.3023681640625,884.1290283203125
1785506888.270801,6.796009540557861,6.681720733642578,664.2330932617188,880.8641967773438
1785506888.275801,6.754424095153809,6.67167329788208,670.3135375976562,881.4880981445312
1785506888.280801,6.6746954917907715,6.630155563354492,678.401611328125,900.0036010742188
1785506888.285801,6.572126865386963,6.518253326416016,691.2398071289062,912.4031372070312
1785506888.290801,6.452082633972168,6.398189067840576,700.5834350585938,907.4906005859375
1785506888.300801,6.274536609649658,6.398166656494141,716.5405883789062,855.0992431640625
1785506888.305801,6.124967098236084,6.398135185241699,712.5143432617188,808.3374633789062
1785506888.310801,5.93245267868042,6.398087024688721,715.4295654296875,803.7593994140625
1785506888.315801,5.686115741729736,6.398006439208984,704.4396362304688,817.665771484375
1785506888.320801,5.467210292816162,6.397905349731445,683.0343627929688,806.593994140625
1785506888.330801,5.122218132019043,6.397757530212402,706.8136596679688,759.0440673828125
1785506888.335801,5.122171401977539,6.397603988647461,678.590576171875,744.78173828125
1785506888.340801,5.122129917144775,6.397451400756836,680.4056396484375,748.2993774414062
1785506888.345923,5.1220855712890625,6.397315979003906,675.5385131835938,759.9581298828125
1785506888.350923,5.1220383644104,6.397198677062988,719.3455200195312,781.0761108398438
1785506888.355923,5.122016429901123,6.397102355957031,708.2643432617188,757.17236328125
1785506888.360924,5.122015953063965,6.397015571594238,714.390380859375,786.3343505859375
1785506888.365923,5.122026443481445,6.396936893463135,725.18408203125,806.7301635742188
1785506888.370924,5.122044086456299,6.39687442779541,714.5648193359375,807.0950927734375
1785506888.375923,5.122072219848633,5.9627366065979,712.2136840820312,809.827392578125
1785506888.380924,5.122104644775391,5.896892070770264,725.9652709960938,796.3682250976562
1785506888.385923,5.122140407562256,5.8737406730651855,725.4736328125,835.4088745117188
1785506888.390924,5.122179985046387,5.8737406730651855,723.7258911132812,848.3114624023438
1785506888.395935,5.122220516204834,5.873740196228027,711.2428588867188,860.9890747070312
1785506888.400923,5.1222686767578125,5.909260272979736,713.2471313476562,867.0643920898438
1785506888.405935,5.122325897216797,5.942242622375488,712.3684692382812,867.2493286132812
1785506888.410923,5.841775894165039,5.97687292098999,709.9705810546875,865.7120361328125
1785506888.415935,5.919547080993652,6.003998756408691,709.41552734375,863.8609008789062
1785506888.420923,5.986842155456543,6.031357765197754,707.3941040039062,864.7003173828125
1785506888.425923,6.035706996917725,6.058551788330078,709.6550903320312,861.0950317382812
1785506888.430923,6.095571517944336,6.08224630355835,727.867431640625,845.8863525390625
1785506888.435923,6.134745121002197,6.11686897277832,746.281494140625,844.7975463867188
1785506888.440923,6.174410343170166,6.148243427276611,771.6234130859375,849.1126098632812
1785506888.445923,6.217630386352539,6.182849884033203,797.7070922851562,857.3825073242188
1785506888.450923,6.286308765411377,6.239168643951416,830.9448852539062,864.3193969726562
1785506888.455923,6.376914978027344,6.307612895965576,873.9182739257812,858.8195190429688
1785506888.465923,6.487786293029785,6.386458873748779,925.548583984375,872.888427734375
1785506888.470923,6.504701614379883,6.396514415740967,948.0327758789062,878.0354614257812
1785506888.481046,6.565202236175537,6.513664722442627,990.521240234375,877.2434692382812
1785506888.486046,6.60978364944458,6.591304302215576,1018.8394775390625,877.4518432617188
1785506888.491057,6.635316848754883,6.633609771728516,1031.531982421875,882.2177734375
1785506888.496046,6.677436351776123,6.686481475830078,1041.869140625,879.9790649414062
1785506888.501046,6.718058109283447,6.737268924713135,1039.5755615234375,882.3070678710938
1785506888.506046,6.734677314758301,6.775356292724609,1038.0052490234375,884.3333129882812
1785506888.511046,6.7467193603515625,6.789196491241455,1039.3099365234375,881.782470703125
1785506888.516046,6.769189357757568,6.797540187835693,1038.606201171875,880.755126953125
1785506888.521046,6.784945011138916,6.793969631195068,1038.987548828125,880.3294067382812
1785506888.526046,6.793365478515625,6.796717166900635,1039.518798828125,879.3656005859375
1785506888.531046,6.805858135223389,6.78548002243042,1038.9549560546875,879.1088256835938
1785506888.536046,6.812716960906982,6.781609535217285,1038.990234375,878.7634887695312
1785506888.541046,6.792462348937988,6.768248081207275,1038.7161865234375,879.9800415039062
1785506888.546046,6.773803234100342,6.754804611206055,1039.92578125,879.7672119140625
1785506888.551046,6.761088848114014,6.747419834136963,1041.0709228515625,880.2488403320312
1785506888.556046,6.762090682983398,6.7326154708862305,1041.061279296875,879.8138427734375
1785506888.561046,6.769533634185791,6.723612308502197,1041.3902587890625,879.005615234375
1785506888.581046,6.744088649749756,6.7267327308654785,1039.8089599609375,879.79638671875
1785506888.586046,6.721091270446777,6.733854293823242,1037.97998046875,878.9046020507812
1785506888.591046,6.712890148162842,6.7125420570373535,1038.5179443359375,879.1892700195312
1785506888.596068,6.70257568359375,6.707236289978027,1038.130615234375,880.6893310546875
1785506888.611046,6.705334663391113,6.712338447570801,1038.445068359375,880.5494384765625
1785506888.616168,6.674553871154785,6.684776306152344,1038.9365234375,880.2975463867188
1785506888.621168,6.670870304107666,6.691318511962891,1039.3466796875,881.5568237304688
1785506888.626168,6.680081844329834,6.697234630584717,1040.202392578125,881.8134765625
1785506888.631168,6.67832088470459,6.688746929168701,1040.7314453125,881.5130615234375
1785506888.636168,6.676182270050049,6.684030055999756,1040.94873046875,881.6771240234375
1785506888.641168,6.688819408416748,6.703845024108887,1041.010498046875,881.9988403320312
1785506888.646168,6.693036079406738,6.698340892791748,1041.236083984375,883.1102294921875
1785506888.651168,6.677862167358398,6.688384532928467,1041.0380859375,883.8258056640625
1785506888.656168,6.667784214019775,6.688835144042969,1041.7164306640625,882.1995239257812
1785506888.661168,6.655994415283203,6.696292400360107,1041.6925048828125,882.291259765625
1785506888.666168,6.671950340270996,6.701025009155273,1041.858642578125,882.493408203125
1785506888.671168,6.680910587310791,6.708483695983887,1042.2137451171875,881.6073608398438
1785506888.676179,6.687936305999756,6.705617904663086,1042.265625,881.7408447265625
1785506888.681168,6.686546325683594,6.699685573577881,1041.63916015625,880.5558471679688
1785506888.686168,6.680335998535156,6.690338611602783,1042.1121826171875,880.9688110351562
1785506888.691168,6.678236484527588,6.697925567626953,1043.4459228515625,881.2456665039062
1785506888.696168,6.688009262084961,6.698060035705566,1043.60791015625,880.974853515625
1785506888.706179,6.698629856109619,6.703125476837158,1043.0919189453125,880.9863891601562
1785506888.716168,6.696528911590576,6.682121753692627,1043.1123046875,878.8988647460938
1785506888.726168,6.6974263191223145,6.67609977722168,1044.2679443359375,878.2785034179688
1785506888.731168,6.684967994689941,6.6407952308654785,1044.3214111328125,877.87353515625
1785506888.736168,6.692516326904297,6.655742168426514,1043.801513671875,877.3713989257812
1785506888.741168,6.682561874389648,6.648699760437012,1041.714111328125,876.8840942382812
1785506888.746168,6.671751022338867,6.64140510559082,1041.9898681640625,875.7158813476562
1785506888.756301,6.683398246765137,6.643330097198486,1042.2359619140625,876.8936767578125
1785506888.761301,6.684513568878174,6.640129089355469,1041.1484375,876.5758056640625
1785506888.766301,6.669668197631836,6.646646499633789,1041.141845703125,876.6305541992188
1785506888.771301,6.670072078704834,6.653923511505127,1041.1612548828125,874.974609375
1785506888.781301,6.658768653869629,6.660870552062988,1040.4818115234375,876.6293334960938
1785506888.786301,6.663975238800049,6.663536548614502,1040.500732421875,875.3680419921875
1785506888.791301,6.663259506225586,6.664619445800781,1040.884521484375,875.22900390625
1785506888.796301,6.675002098083496,6.6720404624938965,1041.6380615234375,874.215087890625
1785506888.806301,6.672497272491455,6.674566268920898,1043.664794921875,873.5619506835938
1785506888.811301,6.678713321685791,6.6875786781311035,1042.5518798828125,874.4915161132812
1785506888.821301,6.684829235076904,6.667150497436523,1042.760009765625,875.7130126953125
1785506888.826301,6.690903186798096,6.66433572769165,1042.2410888671875,875.4896850585938
1785506888.831301,6.676357746124268,6.6561689376831055,1041.9432373046875,876.6658935546875
1785506888.836301,6.660925388336182,6.6497697830200195,1041.8006591796875,876.4041137695312
1785506888.841301,6.665189743041992,6.653066635131836,1041.381591796875,876.6119995117188
1785506888.846312,6.678816318511963,6.666825771331787,1041.6646728515625,875.9236450195312
1785506888.851301,6.685862064361572,6.663340091705322,1037.08984375,875.5404663085938
1785506888.856301,6.704824447631836,6.66736364364624,1004.5909423828125,884.1693725585938
1785506888.861301,6.740703105926514,6.656100273132324,969.5902709960938,886.7791748046875
1785506888.866301,6.779423713684082,6.682363033294678,931.580810546875,894.3619995117188
1785506888.871301,6.812753200531006,6.7269110679626465,889.2686157226562,889.7818603515625
1785506888.876301,6.788375377655029,6.74324893951416,860.9143676757812,890.3480834960938
1785506888.886312,6.729740619659424,6.7317633628845215,787.1361694335938,892.4556884765625
1785506888.901423,6.700148105621338,6.648756980895996,717.1427612304688,869.79541015625
1785506888.906423,6.713742256164551,6.579626083374023,687.9019165039062,859.583251953125
1785506888.911423,6.703729152679443,6.563412666320801,679.0317993164062,862.4597778320312
1785506888.916423,6.721856117248535,6.576625823974609,674.6063232421875,846.9080200195312
1785506888.926423,6.713199138641357,6.564151763916016,677.4402465820312,835.6861572265625
1785506888.936423,6.728690147399902,6.5735883712768555,683.7430419921875,831.3007202148438
1785506888.941423,6.761640548706055,6.565722465515137,686.073486328125,831.005859375
1785506888.946424,6.7727179527282715,6.543051719665527,686.5679321289062,833.8694458007812
1785506888.956424,6.767380714416504,6.531700134277344,685.4876708984375,835.2286987304688
1785506888.961423,6.774807929992676,6.539757251739502,684.960693359375,834.8396606445312
1785506888.966424,6.7638959884643555,6.550088882446289,685.927490234375,835.1236572265625
1785506888.981423,6.754820823669434,6.547719478607178,687.1398315429688,833.570556640625
1785506888.986423,6.751087665557861,6.548548221588135,686.4341430664062,832.8775634765625
1785506888.991423,6.734119892120361,6.5403151512146,684.2390747070312,832.3646850585938
1785506888.996423,6.710022926330566,6.5341973304748535,684.3945922851562,831.3280639648438
1785506889.001423,6.704087734222412,6.525608539581299,683.4315795898438,830.6638793945312
1785506889.006423,6.680577754974365,6.530377388000488,684.1104736328125,829.3566284179688
1785506889.011423,6.672853946685791,6.525289058685303,682.5659790039062,829.18896484375
1785506889.016423,6.6724934577941895,6.533106327056885,682.1188354492188,830.1019897460938
1785506889.021546,6.651224136352539,6.52109432220459,681.076416015625,830.7997436523438
1785506889.026546,6.65695858001709,6.52351188659668,681.2971801757812,830.7169799804688
1785506889.031546,6.645145416259766,6.511037826538086,681.3782348632812,830.6068725585938
1785506889.036546,6.638246536254883,6.49976110458374,679.8737182617188,831.3673706054688
1785506889.041546,6.6457414627075195,6.490431308746338,680.0523681640625,833.3017578125
1785506889.046546,6.648621082305908,6.476086139678955,680.1259765625,835.1887817382812
1785506889.051557,6.64741325378418,6.464179992675781,679.8516235351562,835.6970825195312
1785506889.056546,6.661734580993652,6.463622093200684,679.2905883789062,835.1904296875
1785506889.061546,6.664608001708984,6.448889255523682,682.0684814453125,836.6409912109375
1785506889.071546,6.668197154998779,6.433305740356445,681.3872680664062,837.4000854492188
1785506889.076546,6.685382843017578,6.417599678039551,680.9707641601562,841.3792114257812
1785506889.081546,6.680933475494385,6.414534568786621,679.93994140625,839.5641479492188
1785506889.091546,6.682258605957031,6.403995037078857,679.8230590820312,839.1361083984375
1785506889.096546,6.690607070922852,6.387906074523926,679.492919921875,840.4799194335938
1785506889.101546,6.678676128387451,6.3863115310668945,680.14453125,840.506103515625
1785506889.106546,6.680173397064209,6.380852699279785,678.6099243164062,841.0751342773438
1785506889.111546,6.669551372528076,6.376889228820801,678.4620971679688,842.6339721679688
1785506889.116546,6.683870792388916,6.375917434692383,677.4487915039062,841.8815307617188
1785506889.121546,6.669707775115967,6.372138977050781,676.44287109375,842.282470703125
1785506889.131546,6.676507472991943,6.399421691894531,683.2675170898438,819.4635620117188
1785506889.136557,6.716158390045166,6.421127796173096,697.288330078125,800.7545776367188
1785506889.141546,6.731659412384033,6.438458442687988,703.8279418945312,787.8046875
1785506889.146546,6.754993915557861,6.4699296951293945,699.8291625976562,769.25146484375
1785506889.156546,6.7647624015808105,6.471212863922119,695.5386962890625,744.45166015625
1785506889.166668,6.778920650482178,6.493679046630859,687.27685546875,741.6847534179688
1785506889.171668,6.787745475769043,6.477546691894531,687.5463256835938,742.8342895507812
1785506889.176668,6.788974285125732,6.479783535003662,689.6031494140625,742.185791015625
1785506889.186668,6.774214267730713,6.482359886169434,690.7758178710938,740.4735107421875
1785506889.196668,6.7457275390625,6.483956336975098,691.7581176757812,739.6743774414062
1785506889.201668,6.7383012771606445,6.481775283813477,690.946044921875,738.8783569335938
1785506889.206679,6.741350173950195,6.481206893920898,691.1375122070312,738.7745361328125
1785506889.211668,6.739789009094238,6.4757184982299805,692.089599609375,738.5846557617188
1785506889.226668,6.739655017852783,6.471359729766846,692.361083984375,736.1852416992188
1785506889.231668,6.728201389312744,6.453248023986816,692.6967163085938,735.9663696289062
1785506889.236668,6.723351001739502,6.444750785827637,692.7521362304688,738.6456909179688
1785506889.241668,6.7084174156188965,6.429125785827637,692.534912109375,737.9917602539062
1785506889.246668,6.695836067199707,6.425919055938721,692.6715087890625,737.362548828125
1785506889.256668,6.69057035446167,6.4140119552612305,692.4308471679688,735.3862915039062
1785506889.261668,6.695012092590332,6.424846172332764,692.03369140625,735.4375610351562
1785506889.266668,6.692565441131592,6.416248321533203,691.9828491210938,736.6600952148438
1785506889.281668,6.690055847167969,6.41331672668457,693.1431274414062,735.6309204101562
1785506889.286679,6.681756973266602,6.403998851776123,692.4269409179688,736.3837890625
1785506889.291668,6.703453063964844,6.407345771789551,692.6078491210938,736.1486206054688
1785506889.296679,6.684723377227783,6.404810905456543,691.6981811523438,737.0377197265625
1785506889.301801,6.651081085205078,6.403918743133545,691.6533813476562,737.174072265625
1785506889.306801,6.645340442657471,6.404372215270996,691.918212890625,737.7153930664062
1785506889.311801,6.639246463775635,6.41515588760376,692.3155517578125,737.7982788085938
1785506889.316801,6.632864475250244,6.413314342498779,692.8317260742188,738.9044189453125
1785506889.321801,6.628033638000488,6.412691593170166,692.871337890625,738.3475952148438
1785506889.326801,6.639422416687012,6.406935691833496,692.507568359375,736.6018676757812
1785506889.331801,6.639195442199707,6.39949369430542,693.203369140625,737.3576049804688
1785506889.341801,6.638646602630615,6.401289939880371,694.1177978515625,736.6793212890625
1785506889.346801,6.64493465423584,6.4140944480896,694.5255737304688,735.0418701171875
1785506889.351801,6.647301197052002,6.414992809295654,696.7462768554688,725.5118408203125
1785506889.356801,6.634716987609863,6.395563125610352,700.8997192382812,713.5894165039062
1785506889.361801,6.619852542877197,6.3838372230529785,701.0557250976562,712.8949584960938
1785506889.366801,6.615461349487305,6.3714985847473145,701.2717895507812,710.487548828125
1785506889.371801,6.602546215057373,6.352634906768799,702.0447998046875,710.1182861328125
1785506889.376801,6.595311164855957,6.336927890777588,701.7401733398438,710.8710327148438
1785506889.381801,6.597217082977295,6.328259468078613,700.3777465820312,709.9713134765625
1785506889.386801,6.593445301055908,6.324840068817139,699.903076171875,711.1240844726562
1785506889.391801,6.592278480529785,6.3175554275512695,699.4578247070312,710.954345703125
1785506889.396812,6.588339805603027,6.317723274230957,699.8164672851562,711.0188598632812
1785506889.401801,6.599414825439453,6.310256004333496,699.438232421875,710.6597900390625
1785506889.406801,6.595357418060303,6.306813716888428,699.319091796875,710.3501586914062
1785506889.411801,6.6052069664001465,6.311838626861572,699.3307495117188,709.9862060546875
1785506889.416801,6.61073112487793,6.301978588104248,699.2623901367188,709.6624145507812
1785506889.421801,6.622197151184082,6.302028179168701,699.0311279296875,709.7747192382812
1785506889.426801,6.61171293258667,6.311594486236572,698.8502197265625,710.4903564453125
1785506889.431923,6.606492519378662,6.306402206420898,698.6061401367188,710.1815185546875
1785506889.436934,6.607699871063232,6.302202224731445,699.2069702148438,709.4857177734375
1785506889.451923,6.593416690826416,6.303935527801514,697.9805297851562,707.1107788085938
1785506889.456923,6.592662334442139,6.313138484954834,698.2863159179688,707.3580322265625
1785506889.461935,6.598381519317627,6.302624702453613,698.5857543945312,707.6292724609375
1785506889.471923,6.583173751831055,6.308640480041504,700.514404296875,708.7327880859375
1785506889.481923,6.593423843383789,6.314988613128662,699.8533325195312,707.9697265625
1785506889.491923,6.621137619018555,6.337026596069336,694.6162719726562,718.0208129882812
1785506889.496923,6.67503023147583,6.3409953117370605,691.2291259765625,742.0571899414062
1785506889.501935,6.703028202056885,6.342700481414795,679.4681396484375,772.9309692382812
1785506889.521923,6.688718318939209,6.366130828857422,678.009521484375,872.4559326171875
1785506889.526923,6.69202184677124,6.412426471710205,676.8480224609375,875.9893188476562
1785506889.531924,6.7027411460876465,6.408362865447998,691.1093139648438,883.3973999023438
1785506889.541924,6.695024490356445,6.41902494430542,712.7297973632812,908.1441650390625
1785506889.546923,6.670417308807373,6.408819675445557,715.4000854492188,921.16064453125
1785506889.551924,6.642895221710205,6.3981122970581055,715.10009765625,923.3981323242188
1785506889.556923,6.635506629943848,6.39290714263916,712.3638916015625,924.510009765625
1785506889.561924,6.627014636993408,6.39260196685791,707.2689819335938,923.212646484375
1785506889.567046,6.637575626373291,6.396075248718262,711.0647583007812,921.4390258789062
1785506889.577046,6.641263484954834,6.39575719833374,710.7517700195312,919.0020141601562
1785506889.582046,6.667443752288818,6.396198749542236,710.8485717773438,919.5535278320312
1785506889.587046,6.680922508239746,6.404356479644775,711.9801025390625,919.0457763671875
1785506889.592046,6.686882019042969,6.403243064880371,709.6497802734375,917.6568603515625
1785506889.597057,6.682376861572266,6.414127349853516,709.6428833007812,917.2371215820312
1785506889.602046,6.6712212562561035,6.408684730529785,711.20947265625,915.7034301757812
1785506889.607046,6.674858093261719,6.413571357727051,712.1966552734375,915.6476440429688
1785506889.617046,6.669634819030762,6.411134719848633,712.4841918945312,912.8292236328125
1785506889.622046,6.67464017868042,6.423299789428711,711.2454833984375,912.8844604492188
1785506889.627046,6.673883438110352,6.413950443267822,711.061767578125,910.36572265625
1785506889.632046,6.677812576293945,6.420858383178711,710.5162353515625,910.4595336914062
1785506889.637046,6.671151638031006,6.41841459274292,710.7061157226562,909.8041381835938
1785506889.642057,6.700784206390381,6.4170966148376465,711.2559814453125,908.9981079101562
1785506889.647057,6.709330081939697,6.422823905944824,709.5418701171875,909.8980102539062
1785506889.652057,6.7162933349609375,6.4327778816223145,709.5833129882812,909.2734985351562
1785506889.662046,6.713109016418457,6.44219970703125,708.2835693359375,909.973876953125
1785506889.672046,6.710509777069092,6.451077938079834,706.4605102539062,909.5233764648438
1785506889.677046,6.695672035217285,6.444399356842041,705.793701171875,909.8920288085938
1785506889.682046,6.714581489562988,6.435181617736816,705.8683471679688,910.1797485351562
1785506889.687046,6.7092766761779785,6.4470720291137695,703.9026489257812,908.204345703125
1785506889.692046,6.715080738067627,6.451992034912109,704.1066284179688,909.5399169921875
1785506889.697046,6.71886682510376,6.471325874328613,704.5780639648438,909.6260986328125
1785506889.702168,6.725503444671631,6.474015235900879,706.9003295898438,908.5231323242188
1785506889.717168,6.715325832366943,6.499427795410156,706.9822387695312,906.6183471679688
1785506889.727168,6.719131946563721,6.521039009094238,704.8809204101562,906.9476318359375
1785506889.747168,6.747879505157471,6.551123142242432,678.9560546875,935.0059204101562
1785506889.752168,6.739609241485596,6.530874252319336,660.8972778320312,942.57080078125
1785506889.757168,6.715895175933838,6.468515872955322,651.7821655273438,936.6341552734375
1785506889.762168,6.701884746551514,6.441715717315674,641.0552978515625,937.0156860351562
1785506889.767168,6.706496238708496,6.442362308502197,637.613037109375,934.33056640625
1785506889.772168,6.682765007019043,6.448374271392822,638.2161254882812,933.3794555664062
1785506889.777168,6.6659016609191895,6.436939716339111,637.3402099609375,933.84130859375
1785506889.782168,6.664926528930664,6.426111698150635,636.4141845703125,932.5542602539062
1785506889.787168,6.662758827209473,6.4074225425720215,637.4366455078125,931.9662475585938
1785506889.792168,6.67235803604126,6.403341770172119,636.51025390625,932.0880126953125
1785506889.797168,6.681692600250244,6.404173374176025,638.2573852539062,931.8980102539062
1785506889.807168,6.695991039276123,6.402462482452393,640.714111328125,930.6643676757812
1785506889.812168,6.696227073669434,6.40341854095459,639.9903564453125,930.166748046875
1785506889.817168,6.69447135925293,6.4034810066223145,640.1426391601562,930.5775756835938
1785506889.822168,6.694862365722656,6.3991804122924805,641.403564453125,931.8348388671875
1785506889.832168,6.689926624298096,6.396566867828369,643.2855834960938,933.4423828125
1785506889.837179,6.703298091888428,6.3935322761535645,639.6204833984375,934.5856323242188
1785506889.842301,6.704131126403809,6.395151138305664,639.2274780273438,935.4717407226562
1785506889.847301,6.704695224761963,6.4098334312438965,640.7171630859375,935.252685546875
1785506889.857301,6.701335906982422,6.417807579040527,642.6795043945312,933.0282592773438
1785506889.867301,6.699911117553711,6.432948112487793,642.3041381835938,932.7747802734375
1785506889.872301,6.698620319366455,6.441787242889404,641.94580078125,931.5980834960938
1785506889.882301,6.701148509979248,6.4523539543151855,643.4122314453125,929.9160766601562
1785506889.887301,6.695138454437256,6.444032192230225,644.1279907226562,929.7339477539062
1785506889.892301,6.7010111808776855,6.448119640350342,644.71875,928.7783813476562
1785506889.897301,6.707556247711182,6.448251247406006,644.0304565429688,930.8784790039062
1785506889.902301,6.709949493408203,6.445382595062256,644.0096435546875,931.4818725585938
1785506889.907301,6.707253932952881,6.4438018798828125,643.9498901367188,931.4472045898438
1785506889.912301,6.699549198150635,6.433420181274414,645.757568359375,932.9388427734375
1785506889.917301,6.696532726287842,6.426361560821533,647.9805908203125,931.4886474609375
1785506889.922301,6.693135738372803,6.423879623413086,647.6248779296875,932.688720703125
1785506889.927301,6.69457483291626,6.424436092376709,646.029052734375,932.2614135742188
1785506889.932301,6.700984001159668,6.422486305236816,645.7425537109375,932.8043212890625
1785506889.947301,6.697055339813232,6.4361701011657715,646.422607421875,933.7281494140625
1785506889.952301,6.690686225891113,6.4486165046691895,646.9871215820312,933.4595336914062
1785506889.957301,6.714087009429932,6.44957971572876,648.6739501953125,933.9419555664062
1785506889.962301,6.713522911071777,6.451188564300537,648.8598022460938,933.434326171875
1785506889.967301,6.699453830718994,6.451360702514648,649.0275268554688,933.4423217773438
1785506889.972423,6.703764915466309,6.443818092346191,647.8126220703125,933.281982421875
1785506889.982423,6.703783988952637,6.4386444091796875,649.1275634765625,933.6719970703125
1785506889.987423,6.704636096954346,6.436307430267334,647.6988525390625,935.240478515625
1785506889.992423,6.710213661193848,6.434497356414795,647.5518798828125,935.0521240234375
1785506889.997423,6.7174973487854,6.436862468719482,646.2564697265625,934.5684204101562
1785506890.007423,6.7088751792907715,6.432491302490234,643.8363037109375,932.419189453125
1785506890.012424,6.716542720794678,6.425290584564209,645.3048706054688,930.4976806640625
1785506890.017435,6.721526622772217,6.437335014343262,644.8733520507812,932.089111328125
1785506890.022434,6.7141571044921875,6.432013034820557,644.6727905273438,932.5703125
1785506890.027423,6.713498115539551,6.425817489624023,643.43017578125,933.2481689453125
1785506890.032423,6.714698791503906,6.427854061126709,644.786865234375,932.2196044921875
1785506890.037423,6.720947265625,6.427030086517334,645.2882690429688,933.267333984375
1785506890.042423,6.727937698364258,6.432462692260742,646.4107666015625,931.7772827148438
1785506890.047435,6.713257789611816,6.423473834991455,645.4556274414062,930.5271606445312
1785506890.052434,6.7038984298706055,6.433581829071045,645.443603515625,931.0027465820312
1785506890.057423,6.702589988708496,6.4390082359313965,647.16064453125,930.9739990234375
1785506890.062423,6.714951515197754,6.432811737060547,647.1019897460938,930.8213500976562
1785506890.067423,6.717458724975586,6.439830303192139,647.3543090820312,931.1856689453125
1785506890.072423,6.714631080627441,6.44923210144043,646.6609497070312,931.0386352539062
1785506890.077423,6.720361709594727,6.454018592834473,645.940673828125,930.7269897460938
1785506890.082423,6.718746185302734,6.458001613616943,645.8578491210938,930.0822143554688
1785506890.092423,6.719234943389893,6.462253570556641,645.999755859375,931.055419921875
1785506890.097423,6.724817276000977,6.458744049072266,647.3573608398438,930.311767578125
1785506890.102435,6.731180667877197,6.459412097930908,646.9409790039062,930.3555297851562
1785506890.107546,6.737320899963379,6.458959102630615,646.4222412109375,930.3795166015625
1785506890.112546,6.725443363189697,6.460203647613525,645.51416015625,929.7081909179688
1785506890.117546,6.742293357849121,6.457651138305664,644.6426391601562,930.5762329101562
1785506890.122546,6.737582206726074,6.4493303298950195,645.1937255859375,931.6187133789062
1785506890.127546,6.735032081604004,6.449837684631348,645.0939331054688,930.7745361328125
1785506890.132546,6.723386764526367,6.443527698516846,646.9143676757812,930.465576171875
1785506890.142557,6.71291446685791,6.443574905395508,649.22216796875,931.4898681640625
1785506890.147546,6.710908889770508,6.448332786560059,646.3441772460938,930.6497192382812
1785506890.152546,6.705660820007324,6.444748878479004,646.0330810546875,930.9749755859375
1785506890.157546,6.6978278160095215,6.4445295333862305,645.8432006835938,930.9423217773438
1785506890.162546,6.697685718536377,6.444386005401611,645.7948608398438,931.54443359375
1785506890.167546,6.702175140380859,6.440797328948975,646.4301147460938,931.883544921875
1785506890.172557,6.724374294281006,6.446434020996094,646.0269775390625,932.1371459960938
1785506890.182557,6.7274861335754395,6.448199272155762,647.8566284179688,931.9354248046875
1785506890.192546,6.733231544494629,6.441731929779053,645.7752075195312,932.769287109375
1785506890.197546,6.71911096572876,6.452014446258545,644.3067626953125,931.8145141601562
1785506890.202546,6.722482681274414,6.454776287078857,644.6444091796875,931.9072265625
1785506890.207546,6.713588714599609,6.467529296875,643.169189453125,931.3670654296875
1785506890.212546,6.704498767852783,6.472187519073486,642.6851196289062,930.808349609375
1785506890.217546,6.705254554748535,6.474029541015625,642.358642578125,931.2052001953125
1785506890.222546,6.701591968536377,6.486917972564697,643.3351440429688,932.1453247070312
1785506890.227557,6.709137439727783,6.495820999145508,643.1216430664062,930.9169311523438
1785506890.232546,6.709661483764648,6.490082740783691,642.9899291992188,931.1961059570312
1785506890.237557,6.7229838371276855,6.495898246765137,642.957275390625,930.6980590820312
1785506890.242668,6.712429046630859,6.495555877685547,643.261962890625,929.7417602539062
1785506890.252668,6.695055961608887,6.50345516204834,644.0120849609375,932.8348388671875
1785506890.257668,6.675937175750732,6.492557525634766,644.7561645507812,933.6964721679688
1785506890.262668,6.67185640335083,6.45652961730957,644.64794921875,933.093994140625
1785506890.267668,6.672449111938477,6.451284408569336,644.8908081054688,933.1433715820312
1785506890.272668,6.688387393951416,6.445382118225098,644.8858032226562,933.260986328125
1785506890.282668,6.684279441833496,6.457871913909912,643.334228515625,929.305908203125
1785506890.287668,6.710102081298828,6.467534065246582,643.5396118164062,926.9359741210938
1785506890.292679,6.728754997253418,6.469531059265137,642.080078125,926.6173095703125
1785506890.297679,6.721593856811523,6.462812423706055,641.5838012695312,926.1218872070312
1785506890.302668,6.73251485824585,6.461745738983154,640.6195068359375,925.4964599609375
1785506890.307668,6.731708526611328,6.471524238586426,640.5104370117188,926.417724609375
1785506890.317668,6.722651958465576,6.473498344421387,641.9932250976562,923.295166015625
1785506890.322668,6.719117164611816,6.469461441040039,641.4156494140625,923.7332153320312
1785506890.327679,6.714335918426514,6.4643049240112305,641.18994140625,924.0621948242188
1785506890.332668,6.713171482086182,6.463789463043213,639.9269409179688,925.1679077148438
1785506890.337668,6.706815242767334,6.455294609069824,640.3290405273438,926.6133422851562
1785506890.342668,6.7068047523498535,6.463238716125488,640.869873046875,925.54345703125
1785506890.347668,6.69731330871582,6.450927734375,641.9188842773438,926.2815551757812
1785506890.352668,6.6970391273498535,6.444777488708496,641.535400390625,928.4974975585938
1785506890.362668,6.7083940505981445,6.44355583190918,640.5549926757812,928.652587890625
1785506890.367668,6.720620632171631,6.4611639976501465,640.4771728515625,928.627685546875
1785506890.372668,6.715407371520996,6.4528632164001465,640.7454223632812,927.124755859375
1785506890.377679,6.708270072937012,6.456972599029541,640.499267578125,927.0069580078125
1785506890.382801,6.700447082519531,6.457759380340576,641.3663940429688,925.8482055664062
1785506890.397801,6.700128555297852,6.455003261566162,640.97998046875,926.6219482421875
1785506890.402801,6.704967498779297,6.456391334533691,640.7760009765625,926.6311645507812
1785506890.407801,6.711726665496826,6.463806629180908,642.068359375,928.1013793945312
1785506890.412801,6.715943336486816,6.46347188949585,641.0505981445312,927.5075073242188
1785506890.417801,6.70855188369751,6.460226535797119,640.7498168945312,927.6637573242188
1785506890.427801,6.709243297576904,6.445685386657715,642.0140991210938,926.7156372070312
1785506890.432801,6.717012405395508,6.457052230834961,641.404541015625,926.7978515625
1785506890.437801,6.713985919952393,6.454865455627441,641.9127197265625,927.564208984375
1785506890.442801,6.739290714263916,6.461757659912109,642.5562133789062,927.8621826171875
1785506890.447801,6.734762668609619,6.459952354431152,643.0728759765625,927.1865234375
1785506890.457801,6.742207050323486,6.45716667175293,641.470458984375,927.4877319335938
1785506890.462801,6.7283196449279785,6.457890510559082,641.415771484375,927.851318359375
1785506890.467801,6.729921817779541,6.472052097320557,642.26416015625,927.5716552734375
1785506890.472801,6.727421283721924,6.471292972564697,642.6094360351562,927.029296875
1785506890.477801,6.721665382385254,6.458721160888672,640.9990844726562,926.4262084960938
1785506890.482801,6.722169399261475,6.456142902374268,641.4328002929688,926.2252197265625
1785506890.487801,6.720869064331055,6.460125923156738,640.5288696289062,925.60107421875
1785506890.492801,6.7163310050964355,6.454920768737793,643.9739990234375,927.0381469726562
1785506890.497801,6.7073655128479,6.459872245788574,643.3515014648438,927.2521362304688
1785506890.502801,6.708204746246338,6.45402717590332,644.2728271484375,927.5805053710938
1785506890.507801,6.707418441772461,6.458226680755615,643.9083251953125,927.3290405273438
1785506890.512923,6.705178260803223,6.464455604553223,643.6763305664062,927.2879028320312
1785506890.517923,6.712571620941162,6.462341785430908,643.2039184570312,927.729736328125
1785506890.522923,6.704202651977539,6.454636573791504,644.8504028320312,929.464599609375
1785506890.527923,6.702749252319336,6.448740482330322,642.40380859375,928.8639526367188
1785506890.532923,6.695028781890869,6.4543890953063965,641.8362426757812,928.2877807617188
1785506890.537923,6.677745819091797,6.444645881652832,641.726806640625,927.24072265625
1785506890.542923,6.691622257232666,6.452581882476807,640.9896850585938,927.9047241210938
1785506890.547923,6.690182685852051,6.453119277954102,642.6415405273438,928.655029296875
1785506890.552923,6.690737247467041,6.456083297729492,641.9982299804688,928.4288940429688
1785506890.557923,6.682409286499023,6.456249237060547,643.8131713867188,929.3990478515625
1785506890.562923,6.680988311767578,6.452298164367676,644.3638916015625,928.7294311523438
1785506890.567923,6.693855285644531,6.453731060028076,643.5526733398438,926.9273681640625
1785506890.572923,6.68574333190918,6.4533891677856445,643.7212524414062,927.2416381835938
1785506890.577923,6.664011478424072,6.453105449676514,643.8155517578125,927.8732299804688
1785506890.582923,6.6663007736206055,6.449610233306885,643.7840576171875,928.3629150390625
1785506890.587924,6.667871475219727,6.4522833824157715,643.0984497070312,927.6480102539062
1785506890.592923,6.657315254211426,6.448155879974365,644.1869506835938,927.6666259765625
1785506890.597924,6.657286643981934,6.455171585083008,642.8311157226562,928.4391479492188
1785506890.602923,6.669844627380371,6.451588153839111,642.3410034179688,928.8564453125
1785506890.607924,6.6754374504089355,6.447606563568115,643.0433349609375,929.438232421875
1785506890.612923,6.673098087310791,6.4482197761535645,644.0131225585938,928.47509765625
1785506890.617934,6.67270565032959,6.439031600952148,643.6161499023438,928.8136596679688
1785506890.622923,6.670783996582031,6.440014362335205,643.314208984375,928.2847900390625
1785506890.627923,6.665891170501709,6.450811862945557,640.9073486328125,928.3699951171875
1785506890.632923,6.6714653968811035,6.456319332122803,642.0728759765625,926.3157958984375
1785506890.637923,6.677278518676758,6.461933135986328,641.7291259765625,926.0364379882812
1785506890.642923,6.674251556396484,6.460234642028809,642.300537109375,927.690185546875
1785506890.663046,6.693703651428223,6.460021018981934,642.3160400390625,926.9304809570312
1785506890.668046,6.7035698890686035,6.451581001281738,642.0758666992188,927.2743530273438
1785506890.688046,6.672830581665039,6.427937030792236,640.9104614257812,930.0020141601562
1785506890.693046,6.6522440910339355,6.446141242980957,640.6846923828125,930.8528442382812
1785506890.698046,6.644789695739746,6.445470809936523,640.6793212890625,930.4559936523438
1785506890.718057,6.639397144317627,6.436703205108643,640.9462280273438,930.8858642578125
1785506890.723046,6.6628241539001465,6.443713188171387,641.5787353515625,930.2769165039062
1785506890.728046,6.6603617668151855,6.455480575561523,641.3148193359375,930.2711181640625
1785506890.733046,6.675903797149658,6.4555439949035645,640.7867431640625,930.443603515625
1785506890.738046,6.675593376159668,6.445886135101318,641.7201538085938,931.1172485351562
1785506890.748046,6.680934429168701,6.44034481048584,641.0215454101562,930.111572265625
1785506890.753046,6.695709705352783,6.444563865661621,641.333251953125,929.7830200195312
1785506890.758046,6.697227478027344,6.449824810028076,641.0134887695312,929.4347534179688
1785506890.763046,6.703202724456787,6.4499430656433105,641.363037109375,930.1426391601562
1785506890.778046,6.701948165893555,6.438089370727539,644.8223266601562,931.0599975585938
1785506890.788179,6.711978912353516,6.433578014373779,645.2704467773438,929.0684204101562
1785506890.793168,6.6897664070129395,6.44267463684082,645.3951416015625,929.0935668945312
1785506890.798168,6.693392753601074,6.432218551635742,644.4909057617188,926.4314575195312
1785506890.802402,6.6960954666137695,6.446324348449707,643.697265625,927.0595092773438
1785506890.807403,6.691268444061279,6.452399253845215,642.9951171875,927.3092651367188
1785506890.812402,6.685471057891846,6.453421592712402,642.6666259765625,929.4376220703125
1785506890.817403,6.695547103881836,6.4541707038879395,643.5797119140625,930.0408325195312
1785506890.822414,6.70125675201416,6.453796863555908,643.6980590820312,928.4675903320312
1785506890.827403,6.69980001449585,6.464918613433838,644.0492553710938,929.3707885742188
1785506890.832402,6.6984758377075195,6.473361492156982,643.17529296875,929.155029296875
1785506890.837414,6.701590061187744,6.467413902282715,642.7550659179688,929.2044067382812
1785506890.842414,6.710175514221191,6.467184543609619,643.638671875,928.4959106445312
1785506890.847403,6.708167552947998,6.471888542175293,644.7937622070312,929.48583984375
1785506890.852402,6.705436706542969,6.470763206481934,645.4037475585938,930.6737670898438
1785506890.857403,6.714627742767334,6.467105388641357,645.2864990234375,930.6646118164062
1785506890.862402,6.71006965637207,6.452179431915283,643.324462890625,930.692626953125
1785506890.867403,6.709238529205322,6.448211193084717,643.3814086914062,930.8463134765625
1785506890.872402,6.7100605964660645,6.439093112945557,643.2030639648438,930.4865112304688
1785506890.882402,6.713253498077393,6.443312644958496,641.6409912109375,930.4471435546875
1785506890.887403,6.709373950958252,6.43154239654541,641.4557495117188,930.8206176757812
1785506890.892403,6.70890998840332,6.4294047355651855,643.1591796875,930.7914428710938
1785506890.897425,6.707600116729736,6.426017761230469,640.552734375,929.33935546875
1785506890.907414,6.697786331176758,6.439692974090576,633.4368896484375,923.3439331054688
1785506890.942536,6.698121547698975,6.457599639892578,629.9215698242188,919.4984130859375
1785506890.947547,6.6761555671691895,6.468811511993408,629.3228149414062,919.1306762695312
1785506890.952536,6.685905933380127,6.470656394958496,629.103515625,919.3663330078125
1785506890.957536,6.682020664215088,6.47442626953125,628.1041259765625,918.7919311523438
1785506890.967536,6.7145771980285645,6.484645366668701,626.017578125,915.701171875
1785506890.972536,6.724031448364258,6.493919372558594,625.8187866210938,915.5333862304688
1785506890.977536,6.738574981689453,6.493589401245117,626.439453125,915.3312377929688
1785506891.002536,6.728231906890869,6.5026421546936035,628.4285278320312,917.883544921875
1785506891.012536,6.734009742736816,6.49703311920166,627.7762451171875,915.608154296875
1785506891.017536,6.738166809082031,6.49904727935791,627.5433349609375,916.435302734375
1785506891.022536,6.727090358734131,6.506558895111084,627.5339965820312,916.6708374023438
1785506891.027536,6.714868068695068,6.503857135772705,626.677001953125,919.1505126953125
1785506891.032536,6.707892894744873,6.498597621917725,628.16064453125,916.48486328125
1785506891.037536,6.708616256713867,6.5004963874816895,627.016845703125,916.3233032226562
1785506891.042536,6.715192794799805,6.4903059005737305,626.2943725585938,917.2130126953125
1785506891.047536,6.711249351501465,6.495193004608154,627.6990966796875,915.5216064453125
1785506891.052658,6.713593006134033,6.500223636627197,627.8265380859375,915.569091796875
1785506891.057658,6.7174787521362305,6.496250152587891,627.1841430664062,917.4532470703125
1785506891.077658,6.7077436447143555,6.496596336364746,632.2996215820312,918.9893188476562
1785506891.082658,6.711474895477295,6.487637042999268,630.5601806640625,918.8281860351562
1785506891.087658,6.717530727386475,6.489761829376221,630.5368041992188,919.381591796875
1785506891.092658,6.719812870025635,6.4869842529296875,630.5341796875,920.082275390625
1785506891.097658,6.725705146789551,6.499429225921631,629.8394775390625,918.9761962890625
1785506891.102658,6.723348617553711,6.501348495483398,629.1315307617188,918.1312255859375
1785506891.107658,6.728126049041748,6.510571479797363,628.2299194335938,918.5269165039062
1785506891.112658,6.734792232513428,6.514277458190918,627.17626953125,918.38671875
1785506891.122658,6.733456134796143,6.502261161804199,626.2964477539062,918.2455444335938
1785506891.127658,6.74433708190918,6.509128093719482,627.1784057617188,916.5570068359375
1785506891.132658,6.733120918273926,6.506595611572266,627.4549560546875,916.306884765625
1785506891.137658,6.729644298553467,6.499788284301758,627.943115234375,916.1261596679688
1785506891.142658,6.727672576904297,6.4932708740234375,627.0448608398438,918.5322875976562
1785506891.152658,6.719213008880615,6.491596221923828,627.8807983398438,919.34814453125
1785506891.157658,6.736067771911621,6.48821496963501,629.5004272460938,917.8054809570312
1785506891.162658,6.73781156539917,6.489466190338135,629.3878173828125,917.43505859375
1785506891.172658,6.735569477081299,6.498115062713623,629.541748046875,918.0553588867188
1785506891.182669,6.722833156585693,6.519251346588135,628.2803344726562,917.1507568359375
1785506891.192669,6.737898349761963,6.530869007110596,627.3824462890625,916.4674682617188
1785506891.19778,6.736766815185547,6.526104927062988,627.3943481445312,916.322021484375
1785506891.21278,6.758664608001709,6.559245586395264,633.0528564453125,913.0436401367188
1785506891.21778,6.810057163238525,6.625421524047852,642.0048217773438,909.4278564453125
1785506891.22278,6.85056209564209,6.639477252960205,658.4244995117188,900.0712280273438
1785506891.22778,6.849433898925781,6.627285957336426,669.005615234375,888.4843139648438
1785506891.23278,6.831984043121338,6.627294063568115,683.2512817382812,859.5717163085938
1785506891.23778,6.822201251983643,6.610276699066162,686.7197265625,843.8317260742188
1785506891.242791,6.817385196685791,6.581711769104004,676.6486206054688,831.4810791015625
1785506891.24778,6.812973499298096,6.582401275634766,675.0132446289062,811.7588500976562
1785506891.25278,6.804481029510498,6.588289260864258,668.541259765625,806.772216796875
1785506891.25778,6.797071933746338,6.586088180541992,665.69287109375,803.7147216796875
1785506891.26778,6.808445930480957,6.589510440826416,665.841796875,801.8167724609375
1785506891.27278,6.8178582191467285,6.583285808563232,665.9496459960938,803.6842651367188
1785506891.27778,6.818588733673096,6.578266620635986,665.6714477539062,803.9827270507812
1785506891.28278,6.814396381378174,6.583381652832031,666.4046630859375,804.9296264648438
1785506891.28778,6.811648368835449,6.575047016143799,664.4228515625,806.5980224609375
1785506891.29278,6.818036079406738,6.572446823120117,663.4114379882812,807.8414916992188
1785506891.29778,6.812934398651123,6.566833972930908,662.3744506835938,807.7047119140625
1785506891.30278,6.813587665557861,6.559564113616943,662.0465087890625,808.75048828125
1785506891.307791,6.811522483825684,6.560283184051514,662.9228515625,809.1007080078125
1785506891.31278,6.810513496398926,6.550983905792236,662.9937744140625,809.7512817382812
1785506891.31778,6.816300868988037,6.543140411376953,664.562744140625,810.2396850585938
1785506891.322902,6.8296918869018555,6.549939155578613,664.6456909179688,811.7130737304688
1785506891.327903,6.817044258117676,6.548712253570557,664.932861328125,811.626953125
1785506891.337903,6.812824249267578,6.540592670440674,665.0689697265625,811.6803588867188
1785506891.342902,6.819477081298828,6.54548454284668,664.6851196289062,811.7415771484375
1785506891.347914,6.8350605964660645,6.558865547180176,664.9307250976562,812.3209228515625
1785506891.362914,6.844128131866455,6.570031642913818,665.2764892578125,810.8600463867188
1785506891.367903,6.831538677215576,6.566627502441406,664.4600830078125,811.59521484375
1785506891.372903,6.836293697357178,6.573802947998047,662.6008911132812,811.7169799804688
1785506891.377903,6.823619365692139,6.574163436889648,662.493408203125,811.5624389648438
1785506891.382903,6.824244022369385,6.588050842285156,661.5106811523438,811.6813354492188
1785506891.387902,6.8247904777526855,6.591598033905029,663.029296875,811.7160034179688
1785506891.392903,6.805872440338135,6.584101676940918,664.72119140625,811.1105346679688
1785506891.397925,6.8163981437683105,6.576699256896973,665.2735595703125,811.2828369140625
1785506891.402903,6.799680709838867,6.575674057006836,664.0346069335938,810.5831909179688
1785506891.407914,6.788264274597168,6.565121173858643,663.8538818359375,811.2574462890625
1785506891.412903,6.795222759246826,6.563033580780029,665.13037109375,814.5776977539062
1785506891.422903,6.798338890075684,6.558356761932373,663.2304077148438,812.4017333984375
1785506891.427902,6.779548168182373,6.566372394561768,664.2813110351562,811.5604248046875
1785506891.432903,6.779592514038086,6.570994853973389,663.5175170898438,811.2213745117188
1785506891.437902,6.79083776473999,6.568405628204346,664.1760864257812,811.8417358398438
1785506891.442903,6.786163806915283,6.56800651550293,664.450927734375,811.92333984375
1785506891.452903,6.789085865020752,6.565465927124023,666.5209350585938,809.5889892578125
1785506891.463036,6.777482986450195,6.565390110015869,668.2545166015625,810.0296630859375
1785506891.478036,6.812506675720215,6.5821919441223145,666.9544067382812,810.6797485351562
1785506891.483036,6.837765693664551,6.592202663421631,668.4014892578125,809.956787109375
1785506891.488036,6.823807716369629,6.593212604522705,668.6997680664062,810.5559692382812
1785506891.493036,6.80499792098999,6.599209308624268,666.9789428710938,811.5491333007812
1785506891.498036,6.81453275680542,6.607736587524414,666.2808837890625,811.1456909179688
1785506891.503036,6.815321445465088,6.607548713684082,667.1558227539062,811.5125732421875
1785506891.508036,6.808335781097412,6.609945774078369,667.687255859375,811.807373046875
1785506891.513036,6.798801898956299,6.607998371124268,666.4395141601562,813.5992431640625
1785506891.528036,6.78523588180542,6.606186389923096,666.8728637695312,813.5738525390625
1785506891.533036,6.778450012207031,6.598085880279541,667.3502197265625,814.3843994140625
1785506891.538036,6.785365104675293,6.601821422576904,667.9479370117188,812.22216796875
1785506891.543036,6.789783477783203,6.603669166564941,666.1612548828125,813.51123046875
1785506891.553036,6.7937397956848145,6.599839687347412,665.4744873046875,813.5411376953125
1785506891.563047,6.800380706787109,6.584317684173584,666.0625610351562,813.580810546875
1785506891.568036,6.791051387786865,6.58892822265625,663.8973388671875,816.1542358398438
1785506891.573036,6.795934677124023,6.596535682678223,664.669189453125,815.2810668945312
1785506891.583036,6.805304050445557,6.601147651672363,664.2236328125,814.429931640625
1785506891.588036,6.819385528564453,6.5967793464660645,665.3674926757812,814.6202392578125
1785506891.593158,6.798310279846191,6.588350772857666,664.8785400390625,815.2103881835938
1785506891.598169,6.813758850097656,6.600277423858643,665.6803588867188,814.7327270507812
1785506891.603158,6.8214898109436035,6.608050346374512,664.9069213867188,814.7413330078125
1785506891.613158,6.826998710632324,6.610928058624268,666.1414184570312,815.1183471679688
1785506891.623158,6.844203948974609,6.620174884796143,663.6316528320312,815.6760864257812
1785506891.628158,6.837700843811035,6.617823123931885,663.0975952148438,814.7559814453125
1785506891.633158,6.809093952178955,6.598505973815918,663.7979125976562,812.1547241210938
1785506891.643158,6.815676212310791,6.590473651885986,662.3873291015625,814.637939453125
1785506891.648158,6.801932334899902,6.594071865081787,661.5496826171875,814.7794189453125
1785506891.653158,6.784447193145752,6.585751056671143,661.2359008789062,814.8109130859375
1785506891.658158,6.805448055267334,6.588890552520752,661.041015625,815.4141845703125
1785506891.663158,6.802196502685547,6.578516960144043,659.4386596679688,814.8115844726562
1785506891.683158,6.785943508148193,6.560000896453857,661.8496704101562,814.56689453125
1785506891.688158,6.763683319091797,6.56787109375,658.1078491210938,815.6249389648438
1785506891.693158,6.797000408172607,6.571978569030762,656.5094604492188,816.3485717773438
1785506891.698158,6.80723762512207,6.566259384155273,655.765625,816.0595092773438
1785506891.703158,6.814041614532471,6.569225311279297,656.41748046875,815.9566040039062
1785506891.708158,6.810334205627441,6.564680099487305,655.3089599609375,816.6423950195312
1785506891.713158,6.8323445320129395,6.564971923828125,654.9439697265625,816.575927734375
1785506891.718158,6.837051868438721,6.570976257324219,654.6112670898438,817.4976196289062
1785506891.723158,6.836945056915283,6.574207782745361,652.9894409179688,816.8260498046875
1785506891.728158,6.83742094039917,6.572423458099365,651.1810913085938,815.8771362304688
1785506891.73328,6.8304619789123535,6.563792705535889,652.2750244140625,813.7282104492188
1785506891.738292,6.809383392333984,6.553900241851807,652.8989868164062,812.1275634765625
1785506891.74328,6.815493106842041,6.5533857345581055,653.0811767578125,812.8756713867188
1785506891.74828,6.8259077072143555,6.549733638763428,652.2835693359375,812.5880737304688
1785506891.75328,6.810377597808838,6.543410778045654,652.19482421875,811.5691528320312
1785506891.76328,6.821928024291992,6.55685567855835,653.8280029296875,812.5503540039062
1785506891.76828,6.834596157073975,6.558175086975098,653.8041381835938,812.7864379882812
1785506891.773291,6.839203834533691,6.5583343505859375,653.8787231445312,812.6168212890625
1785506891.77828,6.823838233947754,6.550331115722656,654.3085327148438,813.337646484375
1785506891.78328,6.819657802581787,6.543651580810547,654.8245849609375,812.7527465820312
1785506891.78828,6.8064866065979,6.533731460571289,655.4950561523438,811.653076171875
1785506891.79328,6.811704635620117,6.536675453186035,655.7457275390625,811.3603515625
1785506891.79828,6.8163347244262695,6.541153907775879,655.9606323242188,810.9082641601562
1785506891.80328,6.819552421569824,6.530778408050537,655.3472900390625,811.3964233398438
1785506891.80828,6.824030876159668,6.53879451751709,654.934326171875,811.6207885742188
1785506891.81328,6.818691253662109,6.543435573577881,655.1373291015625,811.7730712890625
1785506891.81828,6.807349681854248,6.541728973388672,655.0883178710938,811.806640625
1785506891.823292,6.8074517250061035,6.538628101348877,655.9208374023438,811.6956787109375
1785506891.82828,6.807682514190674,6.5401177406311035,655.778076171875,810.3363037109375
1785506891.83328,6.802238464355469,6.544792652130127,656.4699096679688,809.2839965820312
1785506891.83828,6.801705360412598,6.540701866149902,656.6143798828125,809.4446411132812
1785506891.84328,6.806317329406738,6.542049884796143,656.1018676757812,809.080810546875
1785506891.868402,6.814103126525879,6.542627334594727,656.3795166015625,810.0978393554688
1785506891.873403,6.8100199699401855,6.558938026428223,656.9369506835938,809.9103393554688
1785506891.878402,6.7785420417785645,6.554429531097412,656.5438232421875,809.9305419921875
1785506891.883425,6.789745807647705,6.547694206237793,657.265380859375,809.6238403320312
1785506891.888402,6.803793907165527,6.548037052154541,656.9257202148438,809.7970581054688
1785506891.893403,6.8075175285339355,6.546207427978516,656.4623413085938,810.2117919921875
1785506891.898402,6.81146240234375,6.552753448486328,656.7598876953125,810.7675170898438
1785506891.908402,6.778570175170898,6.5665669441223145,658.4042358398438,810.7969970703125
1785506891.913403,6.740516185760498,6.562984943389893,661.6751098632812,809.01708984375
1785506891.918402,6.680509567260742,6.538069725036621,673.4244995117188,801.2789916992188
1785506891.923403,6.564672470092773,6.458236217498779,673.9112548828125,799.42529296875
1785506891.928414,6.429785251617432,6.307846546173096,668.6611938476562,795.7282104492188
1785506891.933414,6.244710445404053,6.1602606773376465,658.5652465820312,792.6521606445312
1785506891.943403,6.244683265686035,6.1602301597595215,663.2304077148438,731.4765014648438
1785506891.948403,6.244630336761475,6.160172462463379,617.7716674804688,701.8795776367188
1785506891.953403,6.244558811187744,6.160089492797852,616.9575805664062,745.09033203125
1785506891.958403,6.244476318359375,6.159994125366211,656.9295654296875,673.4794311523438
1785506891.963414,6.244381904602051,6.159897804260254,695.7072143554688,662.5928955078125
1785506891.968403,6.244274139404297,6.1597981452941895,686.3121337890625,668.6469116210938
1785506891.973403,6.244155406951904,6.1596903800964355,601.2891235351562,664.448486328125
1785506891.978403,6.244016170501709,6.159566879272461,611.7396240234375,667.3431396484375
1785506891.983402,6.243861198425293,6.159432888031006,620.1558227539062,639.4453735351562
1785506891.988414,6.243709087371826,6.159299850463867,588.8073120117188,645.877197265625
1785506891.993402,6.2435455322265625,6.159152030944824,564.3828125,700.9674682617188
1785506891.998403,6.243367671966553,6.158984184265137,619.5786743164062,712.0036010742188
1785506892.003414,6.243180751800537,6.158818244934082,613.7080688476562,704.3348388671875
1785506892.008536,6.24301290512085,6.158664703369141,617.3507080078125,686.8410034179688
1785506892.013536,6.242875576019287,6.158536911010742,618.1327514648438,697.69482421875
1785506892.018536,6.242755889892578,6.1584296226501465,626.9811401367188,812.3518676757812
1785506892.023536,6.242668151855469,6.158349990844727,619.4236450195312,786.0318603515625
1785506892.028536,6.24260139465332,6.15828275680542,633.0048217773438,696.4346923828125
1785506892.033536,6.242539882659912,6.15822696685791,635.4468383789062,744.1343383789062
1785506892.038536,6.242494106292725,6.158178806304932,634.6583251953125,747.3992309570312
1785506892.043536,6.242462158203125,6.15813684463501,637.5617065429688,751.0684814453125
1785506892.048536,6.242430210113525,6.158100605010986,637.61279296875,758.3151245117188
1785506892.058536,6.242397785186768,6.158074378967285,639.0049438476562,760.567626953125
1785506892.063536,6.242380142211914,5.956972122192383,638.5789184570312,762.2491455078125
1785506892.068547,6.242358207702637,5.947365760803223,636.767333984375,767.0093383789062
1785506892.073536,6.040109634399414,5.95236873626709,638.1300048828125,761.850830078125
1785506892.078536,6.07446813583374,5.978784561157227,636.431884765625,760.8334350585938
1785506892.088536,6.1393046379089355,6.01494026184082,636.5950927734375,753.9403076171875
1785506892.093536,6.164862632751465,6.033868789672852,637.1287841796875,745.4959716796875
1785506892.098536,6.197421550750732,6.073596000671387,635.435302734375,741.68408203125
1785506892.103536,6.243873596191406,6.1283793449401855,638.7114868164062,739.3701782226562
1785506892.108536,6.300851821899414,6.1717071533203125,638.9254760742188,739.0127563476562
1785506892.113547,6.378716945648193,6.2148966789245605,636.5110473632812,736.7954711914062
1785506892.118536,6.433841705322266,6.262692451477051,638.34716796875,735.4917602539062
1785506892.123536,6.494547367095947,6.299470901489258,638.0736083984375,734.3845825195312
1785506892.128536,6.565251350402832,6.349462509155273,635.7891845703125,734.6486206054688
1785506892.133536,6.622718811035156,6.382297039031982,633.970703125,736.0558471679688
1785506892.138658,6.664181232452393,6.410195827484131,632.0765380859375,737.4810180664062
1785506892.178658,6.873504638671875,6.522095203399658,614.8029174804688,729.2625122070312
1785506892.183658,6.884616851806641,6.515134811401367,615.9730224609375,729.0778198242188
1785506892.188658,6.90558385848999,6.513983249664307,617.42919921875,727.88037109375
1785506892.193658,6.898725509643555,6.503183364868164,618.5770263671875,727.1282958984375
1785506892.198658,6.880639553070068,6.492005825042725,619.5307006835938,725.6163330078125
1785506892.203658,6.881973743438721,6.474724292755127,619.9966430664062,725.251953125
1785506892.208658,6.882323265075684,6.463433265686035,620.3439331054688,723.9888305664062
1785506892.213658,6.855745315551758,6.455598831176758,622.1419677734375,722.4437255859375
1785506892.228658,6.83012056350708,6.455395698547363,623.7466430664062,723.69970703125
1785506892.233658,6.828615665435791,6.462984085083008,623.6453857421875,723.0255126953125
1785506892.238658,6.834259033203125,6.4683098793029785,622.9686279296875,722.1674194335938
1785506892.243658,6.8332905769348145,6.476491928100586,622.6866455078125,722.7245483398438
1785506892.248658,6.8375139236450195,6.479874610900879,623.5587768554688,722.1989135742188
1785506892.253658,6.8313422203063965,6.481551647186279,623.6129150390625,721.9609375
1785506892.258658,6.81512451171875,6.50330114364624,628.6041870117188,719.3331298828125
1785506892.263658,6.809910297393799,6.529351234436035,655.1502685546875,701.52294921875
1785506892.268658,6.789672374725342,6.560608863830566,678.8651123046875,683.5313720703125
1785506892.27378,6.800070285797119,6.592827796936035,698.6851806640625,661.0890502929688
1785506892.278669,6.757532119750977,6.587652683258057,712.599853515625,645.3543701171875
1785506892.283792,6.731424331665039,6.569624900817871,712.077392578125,625.2620849609375
1785506892.28878,6.726146697998047,6.559021472930908,710.7163696289062,615.8651733398438
1785506892.29878,6.730001449584961,6.567018985748291,708.4273071289062,616.3643188476562
1785506892.30378,6.724574565887451,6.582874298095703,709.60498046875,612.1802978515625
1785506892.30878,6.747696876525879,6.593511581420898,709.7428588867188,614.3385620117188
1785506892.31378,6.758080959320068,6.586394786834717,711.005615234375,617.4363403320312
1785506892.318791,6.758944511413574,6.579948425292969,710.8174438476562,618.1449584960938
1785506892.32378,6.768528461456299,6.574107646942139,710.968994140625,618.284912109375
1785506892.333791,6.775558948516846,6.569943904876709,706.8688354492188,617.7962646484375
1785506892.34378,6.785740375518799,6.550260066986084,706.11376953125,615.1936645507812
1785506892.34878,6.784494400024414,6.535493850708008,706.134521484375,617.5960693359375
1785506892.35378,6.785513877868652,6.5294718742370605,705.5531005859375,617.49658203125
1785506892.358791,6.778478622436523,6.523936748504639,704.2216796875,616.4848022460938
1785506892.363791,6.780174255371094,6.534665584564209,703.4646606445312,617.4060668945312
1785506892.36878,6.777887344360352,6.536489486694336,703.9528198242188,617.0712890625
1785506892.37878,6.7670817375183105,6.548480987548828,705.3418579101562,617.1445922851562
1785506892.38878,6.760061264038086,6.554966449737549,707.802978515625,614.9112548828125
1785506892.39378,6.754851818084717,6.560338973999023,708.4771728515625,614.6560668945312
1785506892.39878,6.766369819641113,6.554083347320557,709.396240234375,612.8151245117188
1785506892.40378,6.763769149780273,6.5520453453063965,710.4343872070312,611.7693481445312
1785506892.408792,6.7664008140563965,6.560703754425049,711.3063354492188,610.5818481445312
1785506892.413914,6.764945030212402,6.557742118835449,710.9314575195312,611.44677734375
1785506892.418914,6.7655558586120605,6.559638977050781,711.9461059570312,609.6588134765625
1785506892.423903,6.771388053894043,6.555001258850098,711.63525390625,608.6888427734375
1785506892.428914,6.776350498199463,6.548391819000244,711.916748046875,608.4579467773438
1785506892.433914,6.765094757080078,6.541021823883057,712.4843139648438,608.8699340820312
1785506892.438903,6.7519683837890625,6.5313720703125,711.6390380859375,608.4120483398438
1785506892.443914,6.745779037475586,6.524888038635254,710.8582763671875,608.7706909179688
1785506892.453902,6.730116844177246,6.511790752410889,710.5078125,607.741455078125
1785506892.458914,6.723855972290039,6.519441604614258,710.2332153320312,607.4878540039062
1785506892.463902,6.7190399169921875,6.519350051879883,708.9237060546875,607.0922241210938
1785506892.468914,6.728975772857666,6.519447326660156,708.277587890625,606.4830322265625
1785506892.473902,6.734949588775635,6.525031089782715,708.4260864257812,605.4912719726562
1785506892.478914,6.736693382263184,6.525517463684082,708.2264404296875,605.994140625
1785506892.483914,6.750401973724365,6.527736663818359,707.8831176757812,605.8865966796875
1785506892.493914,6.749598979949951,6.516487121582031,707.216796875,605.9231567382812
1785506892.498903,6.74727725982666,6.517850399017334,707.3484497070312,604.2459106445312
1785506892.503902,6.745386600494385,6.519039154052734,708.1976318359375,605.9423217773438
1785506892.513914,6.746776580810547,6.516520977020264,707.5820922851562,605.0816040039062
1785506892.518914,6.753026962280273,6.52672815322876,708.2142944335938,605.497314453125
1785506892.528914,6.748726844787598,6.521248817443848,709.714599609375,605.5383911132812
1785506892.533914,6.7546844482421875,6.5170440673828125,711.781982421875,606.1213989257812
1785506892.538914,6.738979339599609,6.511849880218506,711.7427978515625,606.0880737304688
1785506892.544036,6.745889186859131,6.508735179901123,711.4930419921875,605.7446899414062
1785506892.554036,6.739100933074951,6.509543418884277,712.0660400390625,606.7448120117188
1785506892.559036,6.734268665313721,6.506173133850098,712.5680541992188,607.302734375
1785506892.564036,6.748368740081787,6.501640796661377,712.2719116210938,607.177734375
1785506892.569036,6.736924171447754,6.493359565734863,710.1604614257812,608.0932006835938
1785506892.579036,6.7229084968566895,6.4862751960754395,703.5254516601562,611.4309692382812
1785506892.584036,6.729809284210205,6.487174034118652,701.2213134765625,609.0111694335938
1785506892.599036,6.722555160522461,6.478026866912842,701.5557861328125,611.3006591796875
1785506892.604036,6.719640254974365,6.470325469970703,701.695068359375,611.534912109375
1785506892.609036,6.713165283203125,6.460488796234131,702.1506958007812,611.5374755859375
1785506892.614036,6.714606285095215,6.451137542724609,702.709716796875,610.5310668945312
1785506892.619036,6.715865135192871,6.444042682647705,702.7697143554688,610.3998413085938
1785506892.624036,6.71987771987915,6.451103687286377,703.144775390625,609.81396484375
1785506892.629036,6.716752052307129,6.447936534881592,702.8018798828125,609.9506225585938
1785506892.634036,6.710583209991455,6.442853927612305,702.515380859375,610.4666748046875
1785506892.639047,6.716236591339111,6.433508396148682,702.759765625,609.2703247070312
1785506892.644036,6.713234901428223,6.435628414154053,702.3604736328125,609.1838989257812
1785506892.649036,6.702945709228516,6.423038482666016,703.6181640625,612.6419677734375
1785506892.654036,6.702847480773926,6.41690731048584,703.744384765625,612.4832763671875
1785506892.659036,6.714003562927246,6.424810409545898,703.9254150390625,610.6841430664062
1785506892.679047,6.704339027404785,6.410438060760498,703.5001831054688,612.3936157226562
1785506892.689158,6.707895278930664,6.407098293304443,702.5678100585938,611.4115600585938
1785506892.694158,6.71860933303833,6.427751541137695,704.4094848632812,613.7509765625
1785506892.699158,6.7246904373168945,6.428893089294434,704.21240234375,613.6950073242188
1785506892.704169,6.723702907562256,6.423232078552246,704.4002685546875,612.5095825195312
1785506892.709158,6.724917411804199,6.43422269821167,704.0238037109375,611.6718139648438
1785506892.714158,6.7267842292785645,6.434108257293701,704.5770874023438,612.7677001953125
1785506892.719158,6.736743450164795,6.43204402923584,703.2015991210938,613.01318359375
1785506892.729158,6.731003761291504,6.423508644104004,703.1064453125,614.19287109375
1785506892.734158,6.734162330627441,6.416748523712158,703.5274658203125,612.922119140625
1785506892.739169,6.74050235748291,6.410548210144043,703.5455932617188,612.6819458007812
1785506892.744158,6.730360507965088,6.404732704162598,704.1553955078125,612.8140258789062
1785506892.754158,6.73370361328125,6.393484115600586,704.1011962890625,609.4712524414062
1785506892.759158,6.731727600097656,6.393265247344971,704.3594970703125,609.4946899414062
1785506892.764158,6.716470718383789,6.3883538246154785,704.224365234375,609.5597534179688
1785506892.769158,6.705147743225098,6.381762504577637,704.0418701171875,608.930419921875
1785506892.774158,6.71060848236084,6.383894443511963,704.0897216796875,608.8414916992188
1785506892.779158,6.712681293487549,6.383257865905762,703.9539794921875,609.9496459960938
1785506892.784158,6.697873592376709,6.375925064086914,703.8192138671875,610.1275024414062
1785506892.789158,6.6975579261779785,6.371659755706787,703.3880615234375,611.1442260742188
1785506892.794158,6.681273937225342,6.365728378295898,703.9214477539062,610.3277587890625
1785506892.804158,6.668593406677246,6.368306636810303,703.8390502929688,610.5777587890625
1785506892.809158,6.658440113067627,6.371387481689453,704.3335571289062,610.3027954101562
1785506892.81428,6.657992839813232,6.368339538574219,705.05322265625,609.835693359375
1785506892.81928,6.659949779510498,6.370571613311768,704.7448120117188,609.736328125
1785506892.829291,6.664673328399658,6.364747047424316,703.32666015625,610.2693481445312
1785506892.83428,6.648097038269043,6.35938024520874,703.2254028320312,609.1814575195312
1785506892.83928,6.639045238494873,6.36104679107666,702.6109008789062,608.6390380859375
1785506892.84428,6.644135475158691,6.357860565185547,702.5335083007812,609.3930053710938
1785506892.84928,6.642300605773926,6.35444974899292,702.0726928710938,610.4076538085938
1785506892.85428,6.649953365325928,6.351749420166016,702.184326171875,610.62646484375
1785506892.85928,6.645277976989746,6.349644660949707,703.7586059570312,610.0291748046875
1785506892.86428,6.6457953453063965,6.337662696838379,703.5838012695312,609.5923461914062
1785506892.86928,6.666109085083008,6.346439361572266,703.8739624023438,610.4317016601562
1785506892.874291,6.6726837158203125,6.343246936798096,703.0330200195312,610.53515625
1785506892.87928,6.670686721801758,6.347401142120361,702.6893310546875,610.0656127929688
1785506892.88428,6.681360721588135,6.341137886047363,702.732666015625,609.1387939453125
1785506892.88928,6.681343078613281,6.3416547775268555,702.6264038085938,609.643310546875
1785506892.89428,6.675309181213379,6.345593452453613,702.2568359375,609.29345703125
1785506892.89928,6.677302837371826,6.344210624694824,703.3217163085938,608.6533813476562
1785506892.90428,6.675645351409912,6.340620994567871,703.1691284179688,609.388427734375
1785506892.90928,6.687240123748779,6.355664253234863,703.3595581054688,608.8936157226562
1785506892.91428,6.676764965057373,6.357424259185791,703.3667602539062,609.3341674804688
1785506892.924291,6.686567783355713,6.354701042175293,705.186279296875,609.3338012695312
1785506892.92928,6.673920154571533,6.342290878295898,703.7664794921875,608.3009643554688
1785506892.93428,6.681915760040283,6.352409839630127,702.8560791015625,607.7787475585938
1785506892.93928,6.677762031555176,6.360904216766357,703.2952880859375,606.5850830078125
1785506892.94428,6.660935878753662,6.345916271209717,702.920166015625,607.1717529296875
1785506892.949291,6.655386924743652,6.344456672668457,702.2711791992188,610.1272583007812
1785506892.954414,6.655107021331787,6.339803218841553,703.2289428710938,609.0701293945312
1785506892.959414,6.662846565246582,6.3505072593688965,702.8335571289062,607.9817504882812
1785506892.964414,6.654378414154053,6.3479132652282715,701.3986206054688,606.87939453125
1785506892.969414,6.658132076263428,6.351572513580322,702.0662231445312,606.744140625
1785506892.974414,6.6640543937683105,6.351397514343262,702.282958984375,606.74609375
1785506892.979414,6.655110836029053,6.3445515632629395,702.2364501953125,607.4869995117188
1785506892.984414,6.649868965148926,6.341085433959961,702.2306518554688,607.8668823242188
1785506892.989414,6.65867280960083,6.345579624176025,702.3137817382812,606.8273315429688
1785506892.994414,6.654960632324219,6.345463275909424,701.6926879882812,605.6592407226562
1785506892.999414,6.655887126922607,6.339634418487549,702.650146484375,607.902587890625
1785506893.019414,6.672360420227051,6.344010829925537,701.0628662109375,604.6444702148438
1785506893.024414,6.669009685516357,6.346134185791016,700.56494140625,604.4144897460938
1785506893.029414,6.6666178703308105,6.341883182525635,700.7952880859375,606.4788818359375
1785506893.039414,6.656872272491455,6.354913711547852,701.01904296875,605.5369262695312
1785506893.049414,6.6453118324279785,6.348062992095947,701.5274658203125,604.1494140625
1785506893.054414,6.6507086753845215,6.3525238037109375,701.3583374023438,606.5497436523438
1785506893.064414,6.648093223571777,6.356618881225586,701.0480346679688,606.8798217773438
1785506893.069414,6.634291648864746,6.341300964355469,701.3482055664062,607.18115234375
1785506893.084536,6.631659030914307,6.313124656677246,702.1565551757812,608.0603637695312
1785506893.089536,6.6180009841918945,6.323078155517578,703.0458984375,607.7603149414062
1785506893.094536,6.631559371948242,6.320631980895996,702.5556640625,607.8190307617188
1785506893.099536,6.642648220062256,6.3125319480896,702.6776123046875,607.901123046875
1785506893.104536,6.651263236999512,6.307393550872803,703.114990234375,606.6748657226562
1785506893.109536,6.65327262878418,6.304455757141113,703.1024780273438,607.3209228515625
1785506893.114536,6.653870582580566,6.300423622131348,702.41845703125,607.7588500976562
1785506893.119536,6.643258571624756,6.3083367347717285,702.8088989257812,606.654296875
1785506893.124536,6.635185718536377,6.3098273277282715,702.1673583984375,605.4405517578125
1785506893.129536,6.636357307434082,6.313008785247803,702.532470703125,605.5892944335938
1785506893.139536,6.638278484344482,6.311750411987305,703.6486206054688,605.7899169921875
1785506893.144536,6.64742374420166,6.318465232849121,704.7557983398438,606.072021484375
1785506893.149536,6.642335891723633,6.320990085601807,705.3114624023438,606.2826538085938
1785506893.154536,6.650134086608887,6.321191310882568,705.6148071289062,606.4104614257812
1785506893.159536,6.65928840637207,6.329430103302002,704.7103881835938,606.3388061523438
1785506893.174536,6.674580097198486,6.348201274871826,703.5960083007812,603.9920654296875
1785506893.179536,6.675277233123779,6.351022720336914,703.05322265625,604.4378051757812
1785506893.184536,6.68423318862915,6.361539363861084,703.3984375,603.49365234375
1785506893.189547,6.687979698181152,6.373565196990967,703.827880859375,604.195556640625
1785506893.194536,6.682925224304199,6.373114109039307,703.1849975585938,605.4390258789062
1785506893.199536,6.684234142303467,6.364831447601318,704.4794921875,606.4041137695312
1785506893.214536,6.6875176429748535,6.3541998863220215,704.4678344726562,607.1309814453125
1785506893.224658,6.684384346008301,6.358514308929443,704.9872436523438,605.3406372070312
1785506893.229658,6.688658714294434,6.3573689460754395,705.2981567382812,605.7333374023438
1785506893.234658,6.690526962280273,6.3521199226379395,705.2471923828125,604.9970703125
1785506893.239658,6.678372859954834,6.355464935302734,703.5032958984375,604.2213134765625
1785506893.244658,6.684656143188477,6.35807991027832,704.0289916992188,603.8257446289062
1785506893.249658,6.682096004486084,6.360161304473877,704.1639404296875,604.1702880859375
1785506893.254658,6.679966449737549,6.35073184967041,704.156005859375,605.3427124023438
1785506893.259658,6.6962571144104,6.364537239074707,703.543212890625,603.82177734375
1785506893.264658,6.695735931396484,6.373491287231445,703.166015625,604.4854125976562
1785506893.269658,6.6916422843933105,6.375712871551514,703.2515258789062,605.3004760742188
1785506893.274669,6.698369979858398,6.38517427444458,703.6697998046875,605.9376831054688
1785506893.289658,6.6993865966796875,6.388271808624268,706.3378295898438,604.8911743164062
1785506893.294658,6.706762313842773,6.39609956741333,703.8560791015625,603.87158203125
1785506893.299669,6.711188316345215,6.40397310256958,704.3875732421875,603.472900390625
1785506893.304669,6.707528114318848,6.4089508056640625,703.14013671875,603.290283203125
1785506893.309658,6.711206912994385,6.4126973152160645,702.971923828125,604.3775634765625
1785506893.314658,6.711285591125488,6.418298721313477,702.7957153320312,605.511962890625
1785506893.319658,6.721316337585449,6.4189605712890625,703.027587890625,605.2451171875
1785506893.324658,6.722358703613281,6.420987129211426,703.1229248046875,606.2252807617188
1785506893.329658,6.715926647186279,6.422391414642334,704.1280517578125,607.6862182617188
1785506893.334669,6.7286272048950195,6.426792621612549,702.824462890625,606.7461547851562
1785506893.339658,6.743618011474609,6.431977272033691,703.122314453125,604.9891357421875
1785506893.344658,6.740832805633545,6.431005477905273,702.92919921875,607.3528442382812
1785506893.349658,6.724531173706055,6.428165912628174,702.24267578125,606.6494750976562
1785506893.35478,6.721094131469727,6.430532455444336,701.6636352539062,606.40966796875
1785506893.35978,6.718864440917969,6.426461219787598,701.7977905273438,606.4275512695312
1785506893.36478,6.715237140655518,6.409419536590576,702.44091796875,606.8355712890625
1785506893.36978,6.715399742126465,6.40693473815918,702.4929809570312,606.0814208984375
1785506893.37478,6.7089762687683105,6.405681133270264,702.102783203125,606.8477172851562
1785506893.38978,6.702315330505371,6.406853675842285,702.2626342773438,607.2581787109375
1785506893.39478,6.7122979164123535,6.413631439208984,701.3136596679688,607.5445556640625
1785506893.39978,6.728214740753174,6.4250030517578125,703.5730590820312,608.184814453125
1785506893.40478,6.738771915435791,6.425007343292236,702.0169067382812,606.4439086914062
1785506893.40978,6.7317728996276855,6.426796913146973,702.501953125,606.597900390625
1785506893.41978,6.73225212097168,6.438307762145996,702.268798828125,606.0361938476562
1785506893.42478,6.726929664611816,6.4339070320129395,702.154296875,607.7803955078125
1785506893.42978,6.717772960662842,6.433383464813232,701.8304443359375,607.7227172851562
1785506893.43478,6.718110084533691,6.436691761016846,701.0455322265625,608.0316162109375
1785506893.43978,6.724919319152832,6.427228927612305,700.5195922851562,607.981201171875
1785506893.44978,6.72213888168335,6.422168254852295,701.4777221679688,608.1055908203125
1785506893.45478,6.719743251800537,6.42627477645874,701.474609375,607.9783935546875
1785506893.45978,6.717870712280273,6.434360504150391,701.2518310546875,606.3276977539062
1785506893.46478,6.7135772705078125,6.443669319152832,700.6209106445312,605.9903564453125
1785506893.47478,6.725306987762451,6.440735340118408,701.4828491210938,605.505615234375
1785506893.47978,6.731808662414551,6.44910192489624,701.4232177734375,604.73583984375
1785506893.48478,6.723214626312256,6.444861888885498,701.8028564453125,604.2150268554688
1785506893.489914,6.735050678253174,6.455473899841309,701.6726684570312,605.5031127929688
1785506893.494914,6.737392902374268,6.46129035949707,702.5904541015625,605.0949096679688
1785506893.499914,6.738317966461182,6.469515800476074,702.81640625,606.4645385742188
1785506893.504914,6.749513149261475,6.475310802459717,703.4501953125,606.9766845703125
1785506893.509914,6.744980812072754,6.4807844161987305,702.47265625,606.6355590820312
1785506893.514914,6.745157241821289,6.478256702423096,701.5633544921875,606.1034545898438
1785506893.519914,6.738345623016357,6.472332954406738,702.61572265625,606.5013427734375
1785506893.524914,6.741600513458252,6.485479831695557,702.2459716796875,606.8157958984375
1785506893.529914,6.741840362548828,6.490774631500244,701.7778930664062,607.2669067382812
1785506893.534914,6.741959571838379,6.490870475769043,701.5813598632812,606.49169921875
1785506893.539914,6.737006187438965,6.491436958312988,700.5443115234375,606.7955932617188
1785506893.549914,6.749725818634033,6.502175807952881,700.3207397460938,607.009521484375
1785506893.559914,6.741901874542236,6.495075702667236,701.8097534179688,605.7969360351562
1785506893.564914,6.74768590927124,6.49575662612915,700.8411865234375,606.2964477539062
1785506893.569914,6.751112937927246,6.4932169914245605,699.06298828125,607.3815307617188
1785506893.584914,6.743663787841797,6.484246730804443,699.514404296875,606.1771850585938
1785506893.589914,6.725288391113281,6.494006633758545,700.623046875,607.5269165039062
1785506893.594914,6.73096227645874,6.497637748718262,701.9061889648438,607.2474975585938
1785506893.599914,6.737411022186279,6.494138240814209,701.7394409179688,606.9481201171875
1785506893.604914,6.731669902801514,6.4952850341796875,701.5494995117188,607.828125
1785506893.609914,6.737594127655029,6.492347717285156,700.979736328125,607.7559204101562
1785506893.614914,6.743460655212402,6.501987934112549,700.859130859375,607.212890625
1785506893.619914,6.735606670379639,6.507240295410156,701.6787719726562,606.2640991210938
1785506893.625047,6.737919807434082,6.5097808837890625,701.62646484375,606.2376708984375
1785506893.630036,6.746974468231201,6.515242576599121,700.7611694335938,605.01708984375
1785506893.635036,6.734658241271973,6.513619899749756,701.8073120117188,605.5093994140625
1785506893.640036,6.737824440002441,6.516325950622559,701.7730712890625,606.35693359375
1785506893.645036,6.742292404174805,6.515071392059326,701.3165893554688,605.0697631835938
1785506893.650036,6.746147632598877,6.515501499176025,701.7379760742188,606.576171875
1785506893.655036,6.747763156890869,6.50986909866333,701.4977416992188,605.9202270507812
1785506893.660036,6.742424964904785,6.5090250968933105,701.822509765625,606.5596313476562
1785506893.665036,6.760076999664307,6.512382984161377,701.3615112304688,605.9453125
1785506893.670036,6.77622652053833,6.5210418701171875,701.8458862304688,605.8004150390625
1785506893.675036,6.777716159820557,6.5194525718688965,702.0200805664062,605.1710815429688
1785506893.680047,6.788491249084473,6.52447509765625,701.6658325195312,605.3052978515625
1785506893.690047,6.789927005767822,6.527576446533203,701.5881958007812,604.452880859375
1785506893.695036,6.77385139465332,6.528515815734863,700.9598999023438,603.1051025390625
1785506893.700036,6.784459114074707,6.525487899780273,701.3526000976562,602.7521362304688
1785506893.705036,6.763476371765137,6.524653911590576,702.3048095703125,604.9122924804688
1785506893.710036,6.752744197845459,6.521217346191406,701.965087890625,605.8379516601562
1785506893.715036,6.751561641693115,6.520856857299805,701.5654907226562,606.4906005859375
1785506893.720036,6.754174709320068,6.534326076507568,701.4307250976562,606.0842895507812
1785506893.725047,6.762557506561279,6.535592555999756,701.1918334960938,604.5313110351562
1785506893.730036,6.763943195343018,6.539897918701172,702.12744140625,605.0496215820312
1785506893.735036,6.770193576812744,6.555234432220459,702.4061889648438,605.1884155273438
1785506893.740036,6.777255058288574,6.5540618896484375,701.4013671875,604.668212890625
1785506893.745036,6.786618232727051,6.55852746963501,701.49462890625,604.8178100585938
1785506893.750036,6.797903060913086,6.572058200836182,701.055908203125,604.4428100585938
1785506893.755036,6.7925872802734375,6.564497947692871,700.7431640625,604.373779296875
1785506893.760169,6.789278984069824,6.561635494232178,700.6593627929688,604.4491577148438
1785506893.765158,6.768767833709717,6.553835391998291,700.2208862304688,604.7500610351562
1785506893.770158,6.772964954376221,6.554234981536865,699.9021606445312,604.63818359375
1785506893.775158,6.774250030517578,6.547089099884033,699.8651733398438,604.013427734375
1785506893.780158,6.771300315856934,6.552245140075684,699.921142578125,603.0731201171875
1785506893.790158,6.773899078369141,6.552066326141357,698.7992553710938,602.5393676757812
1785506893.800158,6.774565696716309,6.557193756103516,699.0460815429688,603.177001953125
1785506893.815158,6.796058177947998,6.546477317810059,699.7570190429688,602.2774658203125
1785506893.820758,6.7936015129089355,6.547840595245361,700.3831787109375,603.6870727539062
1785506893.835758,6.777029514312744,6.539218425750732,699.0287475585938,604.9454345703125
1785506893.840758,6.782760143280029,6.54685640335083,698.995361328125,605.7405395507812
1785506893.845758,6.78416109085083,6.540096759796143,699.2659912109375,607.0090942382812
1785506893.850758,6.777585506439209,6.536310195922852,700.1388549804688,607.0214233398438
1785506893.860758,6.785979270935059,6.5432868003845215,700.74658203125,604.5267944335938
1785506893.865758,6.78115701675415,6.549168109893799,700.4605102539062,604.8728637695312
1785506893.870758,6.769219398498535,6.541045665740967,699.8706665039062,604.3765869140625
1785506893.875758,6.77777099609375,6.552524566650391,699.6835327148438,604.6343994140625
1785506893.880758,6.778995037078857,6.554116249084473,700.2805786132812,605.343505859375
1785506893.885758,6.77816915512085,6.56365966796875,700.7578125,604.2805786132812
1785506893.890758,6.785615921020508,6.558850288391113,700.6972045898438,604.258056640625
1785506893.89588,6.784796714782715,6.564430236816406,700.7321166992188,605.2720947265625
1785506893.90088,6.782280445098877,6.567249774932861,699.8935546875,604.4801025390625
1785506893.90588,6.7749223709106445,6.559998512268066,699.20947265625,604.3485717773438
1785506893.91088,6.777156352996826,6.559608459472656,699.1596069335938,603.822265625
1785506893.91588,6.779987812042236,6.556667327880859,699.7859497070312,603.697265625
1785506893.92588,6.791082382202148,6.549589157104492,698.8104248046875,602.5812377929688
1785506893.93088,6.784336566925049,6.539050579071045,699.7145385742188,603.3624267578125
1785506893.93588,6.791843891143799,6.5436272621154785,698.7664794921875,601.022705078125
1785506893.94088,6.788022994995117,6.545724868774414,699.1554565429688,601.1219482421875
1785506893.950891,6.787583827972412,6.546505928039551,700.3701782226562,603.548828125
1785506893.95588,6.774647235870361,6.5507097244262695,700.0012817382812,604.0160522460938
1785506893.96088,6.76924467086792,6.5453691482543945,700.1487426757812,604.0784301757812
1785506893.96588,6.777073860168457,6.556883811950684,699.8688354492188,604.0570068359375
1785506893.98088,6.812155246734619,6.56229829788208,699.0772705078125,606.0372314453125
1785506893.99088,6.798362731933594,6.568369388580322,699.5128173828125,605.3842163085938
1785506893.99588,6.797985076904297,6.565362453460693,700.4454345703125,605.234130859375
1785506894.00088,6.801029205322266,6.569870948791504,701.379638671875,603.55224609375
1785506894.00588,6.792932510375977,6.571146011352539,701.2591552734375,602.3302001953125
1785506894.01088,6.7963972091674805,6.584876537322998,701.105224609375,603.3325805664062
1785506894.01588,6.800121307373047,6.581552505493164,701.142578125,602.710205078125
1785506894.02088,6.803131103515625,6.585077285766602,702.3024291992188,603.1019287109375
1785506894.02588,6.798332691192627,6.583314418792725,701.5386352539062,605.0342407226562
1785506894.031013,6.806666374206543,6.5870041847229,701.4502563476562,603.2169799804688
1785506894.036025,6.808389186859131,6.59079647064209,700.6094970703125,603.1282348632812
1785506894.041025,6.803674697875977,6.587780952453613,700.8771362304688,602.7787475585938
1785506894.046014,6.80379581451416,6.585005760192871,702.2114868164062,603.256103515625
1785506894.056014,6.801107883453369,6.582527160644531,702.7657470703125,603.374267578125
1785506894.061013,6.80819845199585,6.581625938415527,702.1882934570312,604.9947509765625
1785506894.066014,6.802666187286377,6.572449207305908,701.8033447265625,605.0969848632812
1785506894.071013,6.812615871429443,6.592198371887207,700.9566650390625,603.434814453125
1785506894.076014,6.815549850463867,6.594470024108887,699.9288330078125,602.9511108398438
1785506894.081013,6.830189228057861,6.600628852844238,699.7797241210938,603.2337036132812
1785506894.086014,6.821697235107422,6.606565952301025,700.3969116210938,603.61865234375
1785506894.096014,6.812472343444824,6.6045756340026855,700.618408203125,605.7483520507812
1785506894.106014,6.798692226409912,6.593785285949707,700.1649780273438,605.3001708984375
1785506894.116014,6.782246112823486,6.606105804443359,700.7254638671875,604.0411376953125
1785506894.121013,6.78261137008667,6.614352226257324,700.98291015625,602.736083984375
1785506894.126014,6.785033702850342,6.623491287231445,700.3043212890625,601.1740112304688
1785506894.131013,6.801933288574219,6.622444152832031,700.19140625,601.4009399414062
1785506894.136014,6.8078413009643555,6.622389316558838,699.95703125,601.0198974609375
1785506894.141014,6.80061149597168,6.6230902671813965,700.0250244140625,602.6643676757812
1785506894.146013,6.7981648445129395,6.616278648376465,700.9609375,603.924072265625
1785506894.156013,6.785900592803955,6.615037441253662,701.0738525390625,603.57763671875
1785506894.161014,6.801979064941406,6.626352787017822,700.762451171875,604.736083984375
1785506894.166136,6.793609142303467,6.634365081787109,700.578857421875,605.6785888671875
1785506894.171136,6.8129072189331055,6.636950492858887,701.3224487304688,602.5519409179688
1785506894.176136,6.8125081062316895,6.638886451721191,700.990966796875,603.3408203125
1785506894.181136,6.8084716796875,6.643851280212402,701.8690185546875,603.873779296875
1785506894.186136,6.815439224243164,6.649573802947998,701.2478637695312,602.9580078125
1785506894.191136,6.809193134307861,6.6420979499816895,701.5045166015625,603.780517578125
1785506894.196136,6.813111782073975,6.6414079666137695,701.0200805664062,603.282958984375
1785506894.201136,6.807101726531982,6.637259483337402,701.3977661132812,603.3822631835938
1785506894.206136,6.8085551261901855,6.63522481918335,700.18798828125,602.9654541015625
1785506894.211136,6.8106303215026855,6.639237880706787,700.1343383789062,602.4970703125
1785506894.216136,6.806576728820801,6.6268696784973145,699.9057006835938,600.9063720703125
1785506894.226147,6.812259197235107,6.619412899017334,700.178466796875,602.0289916992188
1785506894.231136,6.8091139793396,6.628491401672363,699.8269653320312,601.9286499023438
1785506894.236136,6.814846038818359,6.630401134490967,700.1193237304688,600.5338134765625
1785506894.241136,6.8204755783081055,6.6265716552734375,699.4146728515625,601.974609375
1785506894.251136,6.799012184143066,6.6214213371276855,700.8291625976562,602.1150512695312
1785506894.256136,6.808672904968262,6.623854637145996,699.8578491210938,601.6937255859375
1785506894.266136,6.830588340759277,6.6363911628723145,700.9252319335938,600.2384643554688
1785506894.271136,6.832698345184326,6.638365745544434,700.4360961914062,600.3684692382812
1785506894.276136,6.829193592071533,6.638824462890625,700.2587280273438,602.2593994140625
1785506894.281136,6.8378071784973145,6.632394313812256,699.912841796875,601.9149780273438
1785506894.286147,6.8428239822387695,6.635465145111084,700.103271484375,600.8683471679688
1785506894.291136,6.837701797485352,6.630733966827393,700.60986328125,600.9910888671875
1785506894.296136,6.830528736114502,6.629397392272949,702.3314819335938,603.2379760742188
1785506894.306136,6.832925319671631,6.63424825668335,701.6503295898438,603.1961059570312
1785506894.311269,6.834138870239258,6.636185169219971,701.9370727539062,603.3580322265625
1785506894.316258,6.840774059295654,6.64246940612793,701.56201171875,603.3539428710938
1785506894.321269,6.840549468994141,6.638276100158691,701.5899658203125,603.2550659179688
1785506894.326269,6.851982593536377,6.642838954925537,701.5577392578125,602.4188232421875
1785506894.331258,6.848154067993164,6.641293048858643,700.6795043945312,603.0606689453125
1785506894.341258,6.863881587982178,6.648431777954102,699.847412109375,601.9127197265625
1785506894.346258,6.855557918548584,6.65127420425415,700.197265625,601.5934448242188
1785506894.351258,6.840184688568115,6.629637241363525,699.8917846679688,601.936767578125
1785506894.361258,6.8459248542785645,6.636542320251465,700.43115234375,602.5551147460938
1785506894.366258,6.839047908782959,6.635429382324219,700.893310546875,602.4868774414062
1785506894.371258,6.837614059448242,6.635551452636719,701.0836181640625,602.2274169921875
1785506894.376258,6.835546970367432,6.639441967010498,701.2026977539062,601.8797607421875
1785506894.381258,6.844909191131592,6.653650760650635,701.2169189453125,603.5064697265625
1785506894.386258,6.849153995513916,6.656455039978027,701.4597778320312,603.4069213867188
1785506894.396258,6.84434175491333,6.6495747566223145,701.0913696289062,603.308837890625
1785506894.401258,6.836866855621338,6.654576301574707,701.65234375,603.2922973632812
1785506894.406258,6.839566707611084,6.652746200561523,701.7106323242188,603.5836791992188
1785506894.411258,6.843666076660156,6.654885292053223,700.3681640625,603.5093383789062
1785506894.416258,6.835328102111816,6.654778480529785,700.9984741210938,602.1698608398438
1785506894.421258,6.814150810241699,6.649287223815918,700.6246948242188,603.8087158203125
1785506894.431258,6.821440696716309,6.633109092712402,701.32958984375,605.1846923828125
1785506894.436258,6.807964324951172,6.622620582580566,701.3926391601562,604.4868774414062
1785506894.44138,6.801084518432617,6.620059967041016,701.5147705078125,604.2069702148438
1785506894.44638,6.810596466064453,6.622875690460205,700.0714111328125,603.674072265625
1785506894.45138,6.822335243225098,6.622708797454834,700.0199584960938,603.9494018554688
1785506894.45638,6.817241191864014,6.633382797241211,700.5288696289062,603.6214599609375
1785506894.46138,6.805100917816162,6.628597259521484,702.0260009765625,603.9287719726562
1785506894.46638,6.793984889984131,6.619388103485107,701.8340454101562,603.9349365234375
1785506894.47138,6.794913291931152,6.62780237197876,701.5469970703125,603.3680419921875
1785506894.47638,6.800240993499756,6.629284858703613,702.1239013671875,603.1091918945312
1785506894.49138,6.800781726837158,6.623570919036865,701.6973876953125,601.7584838867188
1785506894.49638,6.808168888092041,6.6134514808654785,701.4154663085938,603.024169921875
1785506894.501391,6.815849781036377,6.61839485168457,702.0308837890625,604.6508178710938
1785506894.51638,6.81105899810791,6.6031060218811035,702.9534912109375,606.5302734375
1785506894.52138,6.798028469085693,6.605076313018799,701.1722412109375,606.6557006835938
1785506894.52638,6.805903911590576,6.597421169281006,700.005126953125,603.6101684570312
1785506894.531391,6.8002095222473145,6.601287364959717,700.054931640625,604.6569213867188
1785506894.53638,6.79079532623291,6.587372779846191,699.7255249023438,604.6506958007812
1785506894.54138,6.787212371826172,6.585079669952393,699.9196166992188,604.3511352539062
1785506894.55138,6.799680709838867,6.575809478759766,701.0535888671875,603.9107055664062
1785506894.55638,6.806485652923584,6.57997989654541,700.8856201171875,604.410400390625
1785506894.56138,6.791860580444336,6.5694355964660645,701.3738403320312,603.7711791992188
1785506894.56638,6.801159381866455,6.560238361358643,701.0513305664062,603.660888671875
1785506894.57138,6.789405345916748,6.548376083374023,699.8450317382812,605.4060668945312
1785506894.581513,6.794366836547852,6.541778564453125,700.8172607421875,603.5535888671875
1785506894.586514,6.802270412445068,6.558459758758545,701.4180297851562,604.98583984375
1785506894.591525,6.790014743804932,6.564938545227051,701.6488647460938,604.1762084960938
1785506894.596514,6.796969890594482,6.571218490600586,702.125244140625,603.8325805664062
1785506894.601514,6.801840305328369,6.580997943878174,702.2720336914062,603.5693969726562
1785506894.616513,6.790259838104248,6.551417827606201,701.5691528320312,603.4780883789062
1785506894.621514,6.79541015625,6.554010391235352,700.2600708007812,604.22314453125
1785506894.626513,6.781020164489746,6.5517048835754395,700.4282836914062,606.0732421875
1785506894.636513,6.7740068435668945,6.552257061004639,700.4160766601562,606.3053588867188
1785506894.641514,6.771758079528809,6.543206214904785,701.7748413085938,605.6009521484375
1785506894.646513,6.780552864074707,6.540658473968506,700.8786010742188,605.1810302734375
1785506894.651525,6.7627854347229,6.529894828796387,700.1500244140625,604.318359375
1785506894.656513,6.761961460113525,6.52430534362793,700.7308349609375,603.4518432617188
1785506894.661514,6.770738124847412,6.525528430938721,701.9671630859375,603.787353515625
1785506894.666513,6.761989116668701,6.521422863006592,701.0473022460938,602.5724487304688
1785506894.671514,6.757424354553223,6.5182414054870605,701.2744140625,603.3106079101562
1785506894.676513,6.765955924987793,6.510603904724121,702.0910034179688,602.859619140625
1785506894.681514,6.770853519439697,6.507833480834961,701.3993530273438,604.2769165039062
1785506894.686513,6.785358428955078,6.507505416870117,701.2589721679688,604.6937255859375
1785506894.696513,6.791006088256836,6.50992488861084,699.1574096679688,604.4889526367188
1785506894.701514,6.792283535003662,6.517470836639404,699.33642578125,604.4989013671875
1785506894.706513,6.7950758934021,6.517138957977295,700.5717163085938,605.4697265625
1785506894.716647,6.794248580932617,6.523064136505127,701.3335571289062,608.1937866210938
1785506894.721636,6.78598690032959,6.521996021270752,701.2691650390625,605.7122192382812
1785506894.726636,6.777528285980225,6.5211567878723145,701.787353515625,606.1437377929688
1785506894.731636,6.775439739227295,6.522367477416992,701.6686401367188,605.0292358398438
1785506894.741636,6.767353534698486,6.508140563964844,701.0028686523438,606.2233276367188
1785506894.746636,6.77151346206665,6.51809549331665,701.335205078125,604.8609619140625
1785506894.751636,6.770926475524902,6.517122745513916,702.7070922851562,604.167724609375
1785506894.756636,6.75827169418335,6.51070499420166,701.9027709960938,604.5628662109375
1785506894.761636,6.7525553703308105,6.503640651702881,702.1253051757812,603.7714233398438
1785506894.766636,6.771279811859131,6.5148701667785645,701.976318359375,604.6329345703125
1785506894.771636,6.781094551086426,6.501582145690918,701.5304565429688,604.7906494140625
1785506894.776636,6.794629096984863,6.499019145965576,701.9515380859375,604.4661865234375
1785506894.781636,6.780355453491211,6.493566513061523,702.25,604.29248046875
1785506894.786636,6.77213716506958,6.497560977935791,703.2268676757812,605.1946411132812
1785506894.791636,6.772604465484619,6.501213550567627,701.7637329101562,605.4591674804688
1785506894.796647,6.76719856262207,6.503674507141113,701.6392211914062,603.5164794921875
1785506894.801636,6.761733055114746,6.498398303985596,702.1646728515625,605.0836791992188
1785506894.806636,6.770355701446533,6.4980149269104,702.3606567382812,604.8385009765625
1785506894.811636,6.77139139175415,6.506048679351807,702.556396484375,604.68017578125
1785506894.816636,6.773972511291504,6.511489391326904,703.082763671875,604.63671875
1785506894.831636,6.771454334259033,6.515477180480957,702.9202880859375,605.1666870117188
1785506894.846758,6.768367767333984,6.538886547088623,703.9889526367188,605.5051879882812
1785506894.851647,6.776001930236816,6.536755084991455,705.0988159179688,604.6507568359375
1785506894.856758,6.781117916107178,6.535464763641357,704.9351196289062,604.8985595703125
1785506894.861758,6.7923994064331055,6.537675857543945,704.5737915039062,605.1248168945312
1785506894.866758,6.801990509033203,6.536187171936035,705.7225341796875,605.4319458007812
1785506894.871758,6.809421062469482,6.542739391326904,706.116943359375,605.6878662109375
1785506894.876758,6.809484481811523,6.546959400177002,705.0591430664062,605.9092407226562
1785506894.881758,6.806464195251465,6.531713962554932,704.4600830078125,604.6510009765625
1785506894.886758,6.800060749053955,6.523375988006592,703.3621215820312,604.148681640625
1785506894.891758,6.78202486038208,6.525260925292969,703.2643432617188,603.7335815429688
1785506894.896758,6.778070449829102,6.518155097961426,702.8816528320312,603.5338745117188
1785506894.901758,6.778258800506592,6.519073963165283,703.1044311523438,604.3289794921875
1785506894.906758,6.776832103729248,6.522533893585205,703.8198852539062,604.2528076171875
1785506894.911769,6.774020195007324,6.528130054473877,703.3834228515625,604.5496215820312
1785506894.916758,6.764154434204102,6.522063732147217,703.830078125,603.9992065429688
1785506894.921758,6.7574334144592285,6.525143623352051,703.9476928710938,605.3867797851562
1785506894.931758,6.756130218505859,6.529401779174805,704.6430053710938,604.822265625
1785506894.936758,6.743271827697754,6.534704685211182,704.0493774414062,603.4156494140625
1785506894.941758,6.75244665145874,6.5389723777771,703.4436645507812,603.7857055664062
1785506894.946758,6.754881381988525,6.542418479919434,702.9945068359375,603.1452026367188
1785506894.951758,6.755312919616699,6.550504207611084,702.9354858398438,603.0945434570312
1785506894.956758,6.750561237335205,6.5449604988098145,703.09814453125,603.167724609375
1785506894.966758,6.773102283477783,6.559595584869385,702.52392578125,604.73291015625
1785506894.971758,6.787937164306641,6.57852029800415,703.6168212890625,604.462158203125
1785506894.976758,6.796839714050293,6.574485778808594,703.8328247070312,603.9042358398438
1785506894.98188,6.798428535461426,6.561639308929443,703.2118530273438,603.7158813476562
1785506894.99188,6.812289237976074,6.567745208740234,705.0402221679688,604.6257934570312
1785506895.00188,6.810027599334717,6.573814868927002,702.89599609375,604.5797729492188
1785506895.00688,6.793176174163818,6.581017971038818,702.9937744140625,604.1985473632812
1785506895.01188,6.797006607055664,6.586326599121094,703.3919677734375,604.0054931640625
1785506895.016891,6.801926136016846,6.587399959564209,703.4161987304688,603.9031372070312
1785506895.02188,6.803929805755615,6.589001178741455,703.4618530273438,603.47021484375
1785506895.031891,6.807652473449707,6.590628147125244,703.1878662109375,603.8199462890625
1785506895.03688,6.799993515014648,6.584539890289307,702.4890747070312,603.05615234375
1785506895.041891,6.797863006591797,6.579695224761963,702.4742431640625,603.0220336914062
1785506895.04688,6.805539608001709,6.587028503417969,702.3472900390625,603.9298095703125
1785506895.05188,6.815485000610352,6.593010902404785,703.353759765625,602.7033081054688
1785506895.05688,6.818309307098389,6.607729911804199,709.2582397460938,606.1150512695312
1785506895.06188,6.811714172363281,6.625227451324463,730.6494140625,622.90185546875
1785506895.06688,6.800732135772705,6.631958961486816,756.4415283203125,617.8390502929688
1785506895.07188,6.771554470062256,6.63209867477417,764.3009033203125,630.87060546875
1785506895.07688,6.7601704597473145,6.630884647369385,770.8311767578125,626.3953247070312
1785506895.08188,6.742313385009766,6.62603759765625,774.396728515625,625.3717041015625
1785506895.086891,6.714787006378174,6.611438751220703,775.9949340820312,625.3397216796875
1785506895.09188,6.704910755157471,6.608526229858398,775.4720458984375,625.5484619140625
1785506895.09688,6.698851585388184,6.605103015899658,775.6485595703125,622.874755859375
1785506895.10688,6.680931568145752,6.60137939453125,775.6406860351562,624.2999877929688
1785506895.122014,6.651569843292236,6.60097599029541,774.4396362304688,625.2534790039062
1785506895.132014,6.651530742645264,6.585726737976074,774.4279174804688,624.4843139648438
1785506895.142014,6.647556781768799,6.58556604385376,775.8092041015625,625.4805908203125
1785506895.147013,6.668823719024658,6.585484981536865,776.00048828125,626.167236328125
1785506895.152014,6.681079387664795,6.59327507019043,775.2640991210938,626.370361328125
1785506895.157013,6.674519062042236,6.583408832550049,775.36083984375,626.1587524414062
1785506895.162014,6.67142915725708,6.584688186645508,775.138427734375,627.099365234375
1785506895.167013,6.68709135055542,6.5858001708984375,774.1341552734375,627.4490356445312
1785506895.172014,6.6842756271362305,6.587712287902832,774.505859375,627.5003051757812
1785506895.177013,6.6845808029174805,6.586658477783203,775.2988891601562,627.4302368164062
1785506895.182014,6.687460899353027,6.591129302978516,775.0228271484375,626.5269775390625
1785506895.192014,6.6949334144592285,6.5789313316345215,776.6363525390625,627.9321899414062
1785506895.197014,6.702080249786377,6.585435390472412,776.9939575195312,628.3947143554688
1785506895.202013,6.701958656311035,6.600212097167969,776.9324951171875,626.9388427734375
1785506895.207014,6.695255279541016,6.600273609161377,777.0557250976562,627.1934814453125
1785506895.212013,6.6859612464904785,6.602019309997559,776.7203369140625,625.942626953125
1785506895.217014,6.700214862823486,6.601612091064453,777.2703857421875,624.6763305664062
1785506895.222025,6.705341815948486,6.595057487487793,777.7506713867188,623.466552734375
1785506895.227014,6.719906330108643,6.5997090339660645,776.82568359375,624.6818237304688
1785506895.232013,6.724540710449219,6.603676795959473,776.642333984375,625.0436401367188
1785506895.237014,6.7222981452941895,6.600262641906738,776.8428344726562,625.21435546875
1785506895.252136,6.714277267456055,6.59633207321167,776.8975219726562,626.37060546875
1785506895.257136,6.723455905914307,6.608370304107666,777.441650390625,626.01708984375
1785506895.262147,6.7313761711120605,6.611145496368408,777.4156494140625,626.0040893554688
1785506895.267147,6.726475715637207,6.608237266540527,777.7779541015625,625.54833984375
1785506895.277136,6.723435878753662,6.605764389038086,777.9083862304688,625.3115844726562
1785506895.282136,6.73189115524292,6.606451511383057,777.8593139648438,625.766845703125
1785506895.287136,6.7220635414123535,6.596808910369873,777.3984985351562,624.85498046875
1785506895.292136,6.7151875495910645,6.596944332122803,777.3157958984375,624.4382934570312
1785506895.307136,6.716053485870361,6.612674713134766,777.3753051757812,624.38427734375
1785506895.317136,6.700693607330322,6.6153717041015625,776.8963623046875,623.994140625
1785506895.322136,6.7194294929504395,6.633231163024902,778.042724609375,624.12109375
1785506895.327136,6.7180495262146,6.63124418258667,778.7748413085938,624.329833984375
1785506895.332136,6.724269866943359,6.624467372894287,778.3701171875,624.8652954101562
1785506895.337136,6.728114604949951,6.631885528564453,778.3812255859375,625.4497680664062
1785506895.342136,6.728279113769531,6.635828495025635,777.8931884765625,625.7451171875
1785506895.347136,6.7255425453186035,6.6398091316223145,777.333251953125,625.323974609375
1785506895.352136,6.727694511413574,6.641106605529785,777.5518188476562,624.6135864257812
1785506895.362136,6.738823890686035,6.642388343811035,777.9407958984375,624.6124267578125
1785506895.367136,6.746548652648926,6.645318984985352,778.2266845703125,623.7340698242188
1785506895.372136,6.752536773681641,6.644639492034912,778.32080078125,623.0971069335938
1785506895.377136,6.756279468536377,6.6485981941223145,777.7927856445312,622.68994140625
1785506895.382136,6.760041236877441,6.646297931671143,779.3784790039062,622.0924682617188
1785506895.387258,6.770127296447754,6.648684024810791,780.0164794921875,621.69921875
1785506895.392258,6.769506454467773,6.65492057800293,779.3939819335938,622.727783203125
1785506895.397258,6.775545120239258,6.659207344055176,779.1939697265625,623.29248046875
1785506895.402258,6.780389785766602,6.663528919219971,778.9561767578125,622.50341796875
1785506895.407258,6.768948078155518,6.657695770263672,778.5330200195312,623.3990478515625
1785506895.412258,6.779759883880615,6.665042877197266,777.9508056640625,623.12158203125
1785506895.422258,6.775289535522461,6.6727399826049805,778.45703125,622.1156616210938
1785506895.432258,6.768775939941406,6.674343109130859,779.4640502929688,623.0042724609375
1785506895.437258,6.7712578773498535,6.68625020980835,778.087646484375,622.5437622070312
1785506895.442258,6.754094123840332,6.675218105316162,775.9109497070312,623.7213745117188
1785506895.447258,6.7730889320373535,6.683568477630615,776.3123779296875,624.1599731445312
1785506895.452258,6.760739803314209,6.677237033843994,777.0778198242188,625.0874633789062
1785506895.457258,6.737769603729248,6.673638820648193,777.2559814453125,624.8533325195312
1785506895.462258,6.746160984039307,6.6705241203308105,776.9136352539062,626.0260009765625
1785506895.467258,6.769277095794678,6.670461654663086,777.1507568359375,625.4774169921875
1785506895.472258,6.766635417938232,6.669527053833008,777.1355590820312,625.9223022460938
1785506895.477258,6.774526596069336,6.672130107879639,776.4465942382812,625.5514526367188
1785506895.482269,6.784626007080078,6.677750110626221,776.6219482421875,626.2954711914062
1785506895.487269,6.764580249786377,6.676669597625732,776.482421875,627.2584228515625
1785506895.492258,6.772094249725342,6.6806559562683105,776.9200439453125,626.382080078125
1785506895.497258,6.787764072418213,6.684039115905762,775.88916015625,625.2551879882812
1785506895.502258,6.788036346435547,6.686037540435791,777.9716796875,623.954833984375
1785506895.507258,6.798755168914795,6.684337615966797,777.7227172851562,627.5958862304688
1785506895.517269,6.798603057861328,6.6869354248046875,777.8417358398438,625.1145629882812
1785506895.522402,6.796581268310547,6.683289527893066,777.58251953125,625.7689819335938
1785506895.527391,6.805833339691162,6.690418243408203,778.5390014648438,625.6907958984375
1785506895.53238,6.813347816467285,6.689047336578369,778.5347900390625,626.4994506835938
1785506895.54738,6.812296390533447,6.6842803955078125,780.18359375,624.294677734375
1785506895.55238,6.802306652069092,6.684263229370117,778.979736328125,624.1804809570312
1785506895.55738,6.792788505554199,6.672488212585449,778.836669921875,623.7275390625
1785506895.562391,6.805737495422363,6.6776227951049805,779.718017578125,624.1870727539062
1785506895.56738,6.806332111358643,6.681803226470947,779.2445068359375,625.7213745117188
1785506895.57238,6.816219806671143,6.687138080596924,778.3231201171875,625.691650390625
1785506895.58238,6.826984405517578,6.696127891540527,779.2496337890625,621.8712768554688
1785506895.58738,6.798055648803711,6.6898112297058105,779.9210205078125,622.7005615234375
1785506895.59238,6.7912702560424805,6.69174337387085,778.68310546875,622.8063354492188
1785506895.59738,6.778326988220215,6.687559604644775,778.1198120117188,623.9542846679688
1785506895.60238,6.777093887329102,6.679488658905029,779.9096069335938,624.169921875
1785506895.60738,6.777218341827393,6.684470176696777,779.4072265625,623.0198364257812
1785506895.61238,6.783738613128662,6.693127632141113,779.782470703125,623.437255859375
1785506895.61738,6.808584213256836,6.696986675262451,779.4278564453125,624.73486328125
1785506895.622391,6.794685363769531,6.69246768951416,778.9507446289062,625.0556030273438
1785506895.62738,6.798769474029541,6.6927289962768555,778.6275634765625,624.485595703125
1785506895.63238,6.798925399780273,6.69964075088501,778.2283935546875,624.7294921875
1785506895.63738,6.792330741882324,6.703042984008789,776.7467651367188,624.6004028320312
1785506895.64238,6.804903507232666,6.704198360443115,776.6641235351562,624.9572143554688
1785506895.64738,6.796795845031738,6.707536697387695,777.5517578125,624.3588256835938
1785506895.65238,6.803685665130615,6.716073036193848,777.3734130859375,624.501953125
1785506895.657514,6.813038349151611,6.714304447174072,777.390380859375,623.7550048828125
1785506895.662513,6.814474582672119,6.70833683013916,777.9501953125,623.6670532226562
1785506895.667514,6.803197860717773,6.701297760009766,776.7176513671875,623.4332275390625
1785506895.672513,6.800583839416504,6.70163106918335,776.6644897460938,624.395751953125
1785506895.677514,6.800745010375977,6.702737808227539,776.220703125,623.3602294921875
1785506895.682513,6.802539825439453,6.697961330413818,776.0039672851562,624.2390747070312
1785506895.687514,6.801663398742676,6.706048011779785,775.681640625,623.4590454101562
1785506895.692525,6.80088472366333,6.70415735244751,775.5830688476562,622.6503295898438
1785506895.707514,6.798618316650391,6.709089756011963,773.9213256835938,624.6778564453125
1785506895.712513,6.793856143951416,6.709959983825684,774.8032836914062,622.6210327148438
1785506895.717514,6.786120891571045,6.7085185050964355,775.0899047851562,621.9611206054688
1785506895.727514,6.799491882324219,6.704942226409912,774.6271362304688,621.2015380859375
1785506895.737514,6.815305233001709,6.719755172729492,773.4806518554688,623.6401977539062
1785506895.742513,6.826646327972412,6.712122440338135,773.5535888671875,623.4697875976562
1785506895.752513,6.820113182067871,6.700729846954346,773.8680419921875,624.8767700195312
1785506895.757514,6.804291725158691,6.698360443115234,773.694580078125,624.9574584960938
1785506895.762513,6.812732696533203,6.701910972595215,774.575439453125,625.740478515625
1785506895.767514,6.813267230987549,6.695737838745117,775.4183959960938,626.2831420898438
1785506895.772513,6.8165130615234375,6.706101417541504,775.6439208984375,626.3357543945312
1785506895.782514,6.814578533172607,6.702023029327393,776.2135620117188,626.1964111328125
1785506895.787513,6.815485000610352,6.70916748046875,776.8222045898438,624.11376953125
1785506895.792647,6.824065208435059,6.7108259201049805,776.7533569335938,625.090087890625
1785506895.797636,6.812881946563721,6.707367897033691,774.4569091796875,624.7176513671875
1785506895.807636,6.81057596206665,6.687408447265625,765.076904296875,632.632080078125
1785506895.812636,6.807880878448486,6.724982261657715,748.6913452148438,642.4432373046875
1785506895.817636,6.7969889640808105,6.741593360900879,724.8547973632812,660.5371704101562
1785506895.822636,6.793003082275391,6.755697727203369,720.050048828125,665.724853515625
1785506895.827647,6.777961254119873,6.7587080001831055,716.9944458007812,669.79248046875
1785506895.832636,6.770115375518799,6.756285667419434,714.9141235351562,671.3301391601562
1785506895.837636,6.7603044509887695,6.755587100982666,713.8800659179688,670.9113159179688
1785506895.847636,6.763835906982422,6.762616157531738,710.7158203125,672.2064819335938
1785506895.857636,6.763297080993652,6.760121822357178,711.3660888671875,672.9659423828125
1785506895.862636,6.754461765289307,6.758968830108643,712.117431640625,672.6600952148438
1785506895.867636,6.755990505218506,6.7559943199157715,710.6600952148438,671.038818359375
1785506895.872636,6.768973350524902,6.74968957901001,710.142578125,671.74853515625
1785506895.877636,6.778690814971924,6.75760555267334,710.48046875,670.8496704101562
1785506895.882636,6.778543472290039,6.743159770965576,709.85693359375,672.3590087890625
1785506895.887636,6.7765889167785645,6.751511096954346,710.1258544921875,671.6372680664062
1785506895.892636,6.774898052215576,6.741947650909424,710.467529296875,671.476806640625
1785506895.897636,6.77949857711792,6.737252235412598,711.791259765625,672.5697631835938
1785506895.902636,6.7808613777160645,6.725615501403809,712.703369140625,671.85205078125
1785506895.907636,6.764175891876221,6.715751647949219,713.3500366210938,672.6868286132812
1785506895.912636,6.762373924255371,6.716752052307129,714.9456176757812,674.1522827148438
1785506895.917636,6.765974044799805,6.714592933654785,715.35400390625,673.5502319335938
1785506895.922636,6.774226188659668,6.7188215255737305,716.425537109375,673.13525390625
1785506895.927769,6.776514530181885,6.7119221687316895,715.9332885742188,673.16650390625
1785506895.932647,6.764428615570068,6.711180686950684,714.469482421875,673.3707885742188
1785506895.937758,6.76124382019043,6.707383632659912,713.7305908203125,673.9945068359375
1785506895.942758,6.765193939208984,6.712597370147705,713.7073974609375,672.7119140625
1785506895.947769,6.758890151977539,6.711620330810547,713.6320190429688,672.4286499023438
1785506895.952758,6.751816749572754,6.715846538543701,713.7095947265625,672.8250122070312
1785506895.957758,6.744133949279785,6.717217922210693,713.0369262695312,673.138916015625
1785506895.962758,6.744997501373291,6.716032981872559,713.4751586914062,673.5262451171875
1785506895.967769,6.756665229797363,6.717501640319824,713.218017578125,673.3229370117188
1785506895.977769,6.751164436340332,6.7090559005737305,714.2608642578125,672.7669677734375
1785506895.997769,6.749863147735596,6.712837219238281,713.8804931640625,673.9778442382812
1785506896.002758,6.740254878997803,6.710415840148926,714.2935791015625,672.0770874023438
1785506896.012758,6.73183536529541,6.742663383483887,710.70263671875,654.2696533203125
1785506896.017758,6.732700824737549,6.753012657165527,707.2904663085938,636.4950561523438
1785506896.027758,6.736568450927734,6.747560501098633,708.431884765625,617.5523681640625
1785506896.032758,6.74869966506958,6.742137432098389,708.2196044921875,617.4026489257812
1785506896.037769,6.751886367797852,6.721903324127197,708.8359375,617.0224609375
1785506896.042758,6.758354187011719,6.7168097496032715,708.9217529296875,618.208251953125
1785506896.047758,6.742900848388672,6.718716144561768,709.8594970703125,618.7093505859375
1785506896.052758,6.745397567749023,6.7137651443481445,711.0565185546875,618.7954711914062
1785506896.057769,6.7493109703063965,6.709776401519775,710.9324340820312,617.9013671875
1785506896.06288,6.746302604675293,6.696658611297607,710.0428466796875,617.2059326171875
1785506896.06788,6.7305121421813965,6.6805572509765625,709.9823608398438,617.8294067382812
1785506896.07288,6.725845813751221,6.669820785522461,709.9136962890625,617.582275390625
1785506896.07788,6.737484931945801,6.666248321533203,708.8717651367188,617.8641967773438
1785506896.08288,6.737464427947998,6.661139488220215,709.1840209960938,618.8185424804688
1785506896.08788,6.7459211349487305,6.658071994781494,708.3614501953125,618.6107788085938
1785506896.09288,6.746572971343994,6.657586097717285,709.5269775390625,618.4866333007812
1785506896.09788,6.74957799911499,6.644321441650391,708.7089233398438,617.5902709960938
1785506896.10288,6.755441188812256,6.643176555633545,708.5084228515625,617.2388305664062
1785506896.10788,6.754672527313232,6.646010875701904,708.14794921875,617.0302734375
1785506896.11288,6.739858627319336,6.637428283691406,707.9044799804688,616.7728881835938
1785506896.11788,6.7309370040893555,6.641017913818359,708.263671875,615.950439453125
1785506896.122891,6.72158145904541,6.633101940155029,709.123046875,616.771484375
1785506896.12788,6.722606182098389,6.633921146392822,709.1595458984375,617.0621948242188
1785506896.13288,6.719668865203857,6.631757736206055,709.6004028320312,617.379638671875
1785506896.13788,6.727957725524902,6.6383891105651855,709.1724243164062,616.2013549804688
1785506896.14288,6.730527400970459,6.633064270019531,709.5285034179688,614.0835571289062
1785506896.147891,6.718154430389404,6.635148525238037,707.64453125,615.960693359375
1785506896.15288,6.716382026672363,6.632316589355469,707.1410522460938,616.2684326171875
1785506896.157891,6.722381591796875,6.629204273223877,707.197998046875,614.982421875
1785506896.16288,6.729462623596191,6.632402420043945,707.4510498046875,614.3646240234375
1785506896.167891,6.733307361602783,6.632143020629883,707.45068359375,613.2953491210938
1785506896.17288,6.7325873374938965,6.643499374389648,708.1152954101562,613.9633178710938
1785506896.17788,6.749061107635498,6.645402431488037,708.8612060546875,615.4150390625
1785506896.18288,6.755280494689941,6.641326427459717,709.4127807617188,615.4747314453125
1785506896.18788,6.753961086273193,6.644248008728027,709.7578735351562,615.2699584960938
1785506896.19288,6.7500786781311035,6.633749961853027,708.9869384765625,614.3430786132812
1785506896.198014,6.7653326988220215,6.64334774017334,709.8675537109375,614.379150390625
1785506896.203025,6.748959064483643,6.640380859375,709.3193359375,615.0042114257812
1785506896.208014,6.753174781799316,6.639402389526367,709.3080444335938,615.0555419921875
1785506896.213013,6.758420944213867,6.64838171005249,709.3382568359375,614.7161865234375
1785506896.218014,6.7743425369262695,6.645623683929443,710.30322265625,615.8248291015625
1785506896.223013,6.775834083557129,6.648029327392578,710.0318603515625,614.826904296875
1785506896.228014,6.773530006408691,6.64927339553833,709.3265991210938,613.509521484375
1785506896.233013,6.774460315704346,6.647023677825928,709.6117553710938,613.7606201171875
1785506896.238014,6.793008327484131,6.656422138214111,710.2417602539062,614.0047607421875
1785506896.243014,6.800020217895508,6.658889293670654,710.94580078125,615.0198974609375
1785506896.248013,6.795924186706543,6.652730941772461,709.5426025390625,614.3074340820312
1785506896.253014,6.802500247955322,6.659434795379639,709.0249633789062,613.207275390625
1785506896.268013,6.804446220397949,6.658461570739746,706.4667358398438,612.1785888671875
1785506896.278013,6.796436309814453,6.651547908782959,706.3531494140625,612.4865112304688
1785506896.288013,6.785637855529785,6.64116907119751,709.1815795898438,614.2073974609375
1785506896.293014,6.791672229766846,6.642148971557617,709.594970703125,614.6184692382812
1785506896.298013,6.779354095458984,6.6318039894104,710.0639038085938,614.4053955078125
1785506896.308013,6.786125183105469,6.620183944702148,710.6680297851562,614.4410400390625
1785506896.313014,6.776230335235596,6.626137733459473,710.3427734375,614.6859741210938
1785506896.318013,6.7751288414001465,6.624405384063721,710.23193359375,614.1387329101562
1785506896.323014,6.778273105621338,6.625120639801025,708.8212890625,613.666748046875
1785506896.333136,6.785556793212891,6.629662990570068,710.3369140625,612.4830932617188
1785506896.338147,6.794676780700684,6.629016399383545,710.1795654296875,613.0409545898438
1785506896.348147,6.773891925811768,6.630512237548828,710.4111938476562,613.2744140625
1785506896.353136,6.76690149307251,6.6124796867370605,710.1489868164062,614.0599365234375
1785506896.358136,6.775943279266357,6.6101250648498535,709.2789306640625,612.9749145507812
1785506896.363136,6.7841105461120605,6.5919084548950195,708.9332885742188,612.591796875
1785506896.373136,6.793379306793213,6.596960067749023,704.1353149414062,607.9383544921875
1785506896.378136,6.809344291687012,6.610398292541504,702.591552734375,605.3265991210938
1785506896.383136,6.816667556762695,6.610999584197998,704.9443359375,606.7083129882812
1785506896.388136,6.805235385894775,6.597276210784912,702.1690063476562,607.9771728515625
1785506896.393136,6.805782318115234,6.59163761138916,701.6533813476562,608.644775390625
1785506896.398136,6.8249831199646,6.595219612121582,701.3628540039062,607.4730834960938
1785506896.403136,6.831247329711914,6.593134880065918,700.1591186523438,607.9122924804688
1785506896.408136,6.835344314575195,6.600223064422607,701.0855102539062,607.1159057617188
1785506896.413136,6.843634605407715,6.6029815673828125,702.0835571289062,607.0626831054688
1785506896.418136,6.840997219085693,6.604557037353516,701.6326293945312,606.2359619140625
1785506896.423136,6.846749782562256,6.602562427520752,701.42578125,605.440185546875
1785506896.428136,6.841309547424316,6.600009441375732,702.7232666015625,606.4431762695312
1785506896.433136,6.831232070922852,6.592827796936035,703.7149047851562,606.5360717773438
1785506896.438136,6.835506439208984,6.585826396942139,704.4645385742188,606.6466064453125
1785506896.443136,6.831663131713867,6.5815300941467285,703.4498901367188,607.7647094726562
1785506896.448136,6.81580114364624,6.582939147949219,702.67529296875,608.1602783203125
1785506896.453136,6.812586307525635,6.575344085693359,702.957763671875,608.4240112304688
1785506896.458136,6.804969787597656,6.572189807891846,702.6998901367188,608.5018920898438
1785506896.473258,6.803035736083984,6.570880889892578,702.6185913085938,610.1068725585938
1785506896.483258,6.803227424621582,6.573679447174072,702.2741088867188,607.990234375
1785506896.488258,6.78793478012085,6.570812702178955,703.707763671875,608.4370727539062
1785506896.493269,6.792068004608154,6.569839000701904,704.8419799804688,607.8014526367188
1785506896.498258,6.7881927490234375,6.553825855255127,704.8261108398438,607.5698852539062
1785506896.503258,6.787199974060059,6.555924415588379,704.8970336914062,608.2071533203125
1785506896.508258,6.778985977172852,6.552150249481201,704.504638671875,608.822021484375
1785506896.513258,6.79263973236084,6.560268878936768,703.8201293945312,607.6805419921875
1785506896.518258,6.800613880157471,6.565418720245361,704.7402954101562,606.8773803710938
1785506896.523269,6.792332649230957,6.560993194580078,704.8671875,609.9708251953125
1785506896.573269,6.748154163360596,6.572705268859863,705.0498046875,608.4573974609375
1785506896.578258,6.757823467254639,6.545812129974365,704.8713989257812,609.4697265625
1785506896.583258,6.766039848327637,6.557675361633301,705.791748046875,609.935302734375
1785506896.588258,6.75262975692749,6.5452446937561035,704.861328125,610.8143920898438
1785506896.60338,6.7572021484375,6.5117034912109375,704.4924926757812,612.0239868164062
1785506896.60838,6.76613187789917,6.505314826965332,704.4325561523438,611.92578125
1785506896.61338,6.759628772735596,6.507153034210205,704.265625,610.9011840820312
1785506896.62338,6.764371395111084,6.502685546875,704.9158935546875,611.2586669921875
1785506896.62838,6.758636951446533,6.496854305267334,704.3673095703125,610.8867797851562
1785506896.63338,6.740417003631592,6.492725849151611,704.3360595703125,610.4302978515625
1785506896.63838,6.728689193725586,6.48464822769165,704.7111206054688,611.2329711914062
1785506896.64338,6.7400922775268555,6.491185665130615,704.103759765625,612.430419921875
1785506896.648391,6.741085529327393,6.4864068031311035,704.11181640625,612.3930053710938
1785506896.65338,6.739313125610352,6.484548568725586,705.0013427734375,613.619384765625
1785506896.658391,6.733497142791748,6.48326301574707,704.5986328125,611.8372192382812
1785506896.66338,6.736666679382324,6.478054046630859,704.4312133789062,612.1649780273438
1785506896.66838,6.7352094650268555,6.478222846984863,705.6624755859375,612.4290161132812
1785506896.67338,6.729824066162109,6.464094161987305,705.1154174804688,613.0416870117188
1785506896.67838,6.732132434844971,6.453088760375977,704.87841796875,612.136962890625
1785506896.68338,6.737667560577393,6.460827827453613,705.1134643554688,612.0270385742188
1785506896.68838,6.727540493011475,6.456273078918457,705.1605224609375,611.8667602539062
1785506896.69338,6.73629093170166,6.457642555236816,705.9326782226562,612.6328125
1785506896.698391,6.73660135269165,6.465793609619141,706.062744140625,612.7064819335938
1785506896.70338,6.738569736480713,6.469864368438721,706.8479614257812,611.2191162109375
1785506896.708391,6.731266021728516,6.467798709869385,706.094970703125,611.2765502929688
1785506896.71338,6.726551532745361,6.4554057121276855,706.170654296875,610.2792358398438
1785506896.71838,6.715151786804199,6.438950061798096,704.5533447265625,610.7012939453125
1785506896.72338,6.715987682342529,6.438744068145752,705.207763671875,610.8190307617188
1785506896.72838,6.716980457305908,6.430787086486816,704.390625,610.5550537109375
1785506896.73338,6.711523056030273,6.424190998077393,705.0401611328125,611.9788818359375
1785506896.738513,6.719200611114502,6.4220290184021,705.31982421875,612.0018920898438
1785506896.743391,6.704922199249268,6.413394927978516,705.7037963867188,612.0503540039062
1785506896.748513,6.705535888671875,6.409341812133789,704.841796875,611.93115234375
1785506896.753514,6.708029270172119,6.403906345367432,704.77392578125,612.2815551757812
1785506896.758513,6.706334590911865,6.398791313171387,705.7429809570312,612.8517456054688
1785506896.763514,6.712383270263672,6.401330947875977,705.7123413085938,611.8232421875
1785506896.768513,6.71292781829834,6.395021915435791,705.3396606445312,612.1314086914062
1785506896.773514,6.711020469665527,6.385793209075928,704.5599975585938,610.4337768554688
1785506896.778513,6.719216823577881,6.381400108337402,703.8453369140625,610.5802001953125
1785506896.783514,6.7264580726623535,6.381295204162598,704.8433837890625,610.4140625
1785506896.823514,6.708272933959961,6.371844291687012,703.166259765625,611.2106323242188
1785506896.828514,6.716324329376221,6.3716816902160645,703.168701171875,611.7930908203125
1785506896.83295,6.695443153381348,6.359917640686035,702.544677734375,610.7359008789062
1785506896.83795,6.6950764656066895,6.365318775177002,703.4470825195312,611.3880004882812
1785506896.84795,6.693306922912598,6.361021518707275,704.1076049804688,610.8391723632812
1785506896.85295,6.6944899559021,6.371307373046875,706.8959350585938,608.565185546875
1785506896.85795,6.706669807434082,6.379641532897949,706.2050170898438,610.6400146484375
1785506896.86295,6.6861677169799805,6.378418922424316,706.1182250976562,610.9297485351562
1785506896.86795,6.683383941650391,6.3814263343811035,706.9896850585938,611.6649780273438
1785506896.873072,6.689056873321533,6.3740925788879395,704.8953857421875,611.9859008789062
1785506896.878072,6.693904399871826,6.371795177459717,706.4468994140625,612.076904296875
1785506896.883072,6.691641807556152,6.366246223449707,707.3740844726562,611.6356811523438
1785506896.888072,6.696972846984863,6.372341156005859,706.2266235351562,612.6165771484375
1785506896.893072,6.688408374786377,6.373150825500488,706.2401733398438,610.9883422851562
1785506896.898072,6.694129943847656,6.378149509429932,705.2787475585938,610.806884765625
1785506896.903072,6.697422981262207,6.384105682373047,705.4179077148438,610.8551025390625
1785506896.908072,6.696910381317139,6.3806986808776855,705.6617431640625,610.31396484375
1785506896.913072,6.698986530303955,6.38183069229126,705.5004272460938,611.6530151367188
1785506896.918072,6.700788497924805,6.37523889541626,706.0664672851562,611.2161254882812
1785506896.923072,6.694871425628662,6.374422073364258,706.5338745117188,609.5801391601562
1785506896.928083,6.6863884925842285,6.366284370422363,706.6820068359375,608.9108276367188
1785506896.938072,6.676783084869385,6.360126495361328,705.368896484375,609.152587890625
1785506896.943072,6.667511463165283,6.354333400726318,706.0040893554688,609.72998046875
1785506896.948072,6.657346248626709,6.343268871307373,706.651123046875,609.8628540039062
1785506896.958072,6.65196418762207,6.340531349182129,706.62939453125,609.9491577148438
1785506896.968083,6.651620388031006,6.325218200683594,706.6586303710938,607.6873779296875
1785506896.973072,6.639589786529541,6.323155879974365,706.0230102539062,607.8507080078125
1785506896.978072,6.644092082977295,6.321720600128174,706.2171630859375,607.9006958007812
1785506896.983072,6.642879962921143,6.316854476928711,706.385009765625,607.8602905273438
1785506896.993072,6.642881393432617,6.300404071807861,706.7129516601562,607.9163208007812
1785506896.998072,6.6501359939575195,6.302670001983643,705.9566650390625,608.5885009765625
1785506897.003072,6.642893314361572,6.294679164886475,704.6417236328125,609.1368408203125
1785506897.013195,6.634029388427734,6.28389835357666,705.4660034179688,607.62841796875
1785506897.018195,6.639430046081543,6.291111469268799,705.7852783203125,607.1962890625
1785506897.023195,6.63365364074707,6.293805122375488,704.4306640625,607.0086669921875
1785506897.028206,6.632975101470947,6.295150279998779,704.384765625,607.1441650390625
1785506897.033195,6.631622314453125,6.290839195251465,704.2782592773438,605.2337036132812
1785506897.038195,6.6351494789123535,6.296451568603516,704.2675170898438,606.7080688476562
1785506897.043195,6.638233661651611,6.301321029663086,704.003173828125,606.7326049804688
1785506897.048195,6.6225996017456055,6.302042007446289,702.6002197265625,610.9268188476562
1785506897.053206,6.622269630432129,6.30096960067749,704.0068359375,610.6951904296875
1785506897.058195,6.617086410522461,6.295815467834473,703.3603515625,611.71826171875
1785506897.063195,6.6255059242248535,6.295650482177734,704.123291015625,611.7138061523438
1785506897.068206,6.632152080535889,6.302312850952148,705.8856201171875,611.0171508789062
1785506897.073195,6.63633394241333,6.303979873657227,705.927734375,611.0172119140625
1785506897.078195,6.638312816619873,6.304588317871094,707.0765380859375,612.4651489257812
1785506897.083194,6.646608352661133,6.3282551765441895,709.427734375,615.37939453125
1785506897.088195,6.639787673950195,6.343031883239746,706.33740234375,622.1265258789062
1785506897.093194,6.58893346786499,6.345733642578125,702.2605590820312,629.8907470703125
1785506897.098195,6.448146343231201,6.311383247375488,694.4775390625,668.7169189453125
1785506897.103194,6.258415222167969,6.199351787567139,700.4165649414062,673.8052978515625
1785506897.108195,6.111934185028076,6.199344158172607,719.5396118164062,640.8653564453125
1785506897.113194,6.1119208335876465,6.199329376220703,723.9623413085938,629.0576171875
1785506897.118195,6.111880779266357,6.199283599853516,734.0418701171875,625.47802734375
1785506897.143206,6.111598014831543,6.199000835418701,743.1998291015625,616.07275390625
1785506897.148328,6.111322402954102,6.198713779449463,726.340087890625,631.823486328125
1785506897.158328,6.110989570617676,6.198404788970947,691.0715942382812,595.4268798828125
1785506897.163328,6.110644340515137,6.198077201843262,705.7648315429688,599.5277709960938
1785506897.168328,6.110259532928467,6.197713851928711,729.6133422851562,603.0228271484375
1785506897.173328,6.109894275665283,6.197359085083008,714.2423706054688,656.57763671875
1785506897.178328,6.109524250030518,6.196977615356445,713.6119384765625,646.9746704101562
1785506897.188328,6.109127044677734,6.196593761444092,696.8999633789062,599.5420532226562
1785506897.193328,6.108710765838623,6.196197986602783,703.49755859375,519.027587890625
1785506897.198328,6.108282089233398,6.195780277252197,719.9321899414062,513.224365234375
1785506897.203328,6.107931613922119,6.195373058319092,649.6207885742188,487.763427734375
1785506897.208328,6.107555389404297,6.195072174072266,682.5194091796875,545.4193725585938
1785506897.213328,6.107227802276611,6.19482421875,649.02490234375,585.5261840820312
1785506897.218328,6.107009410858154,6.1946330070495605,663.730224609375,618.075927734375
1785506897.223328,6.1068339347839355,6.194497108459473,679.560302734375,622.078857421875
1785506897.228328,6.106721878051758,6.194368839263916,695.1372680664062,658.1747436523438
1785506897.233328,6.106620788574219,6.194264888763428,694.944091796875,688.1519165039062
1785506897.238328,6.106536388397217,6.194189548492432,700.70654296875,679.388427734375
1785506897.243328,6.106466293334961,6.194118976593018,702.8025512695312,676.6543579101562
1785506897.253328,6.106408596038818,6.194046497344971,702.4165649414062,674.8368530273438
1785506897.258328,6.106353759765625,6.193984508514404,703.9723510742188,676.2432861328125
1785506897.263328,6.106313705444336,5.932574272155762,704.2069091796875,674.7877197265625
1785506897.273328,6.075974464416504,6.01775598526001,699.9362182617188,668.085205078125
1785506897.278328,6.104230880737305,6.038865566253662,698.2684936523438,667.33935546875
1785506897.28845,6.184784889221191,6.075170040130615,697.1144409179688,662.6356811523438
1785506897.29345,6.2075724601745605,6.10102653503418,694.435791015625,659.4043579101562
1785506897.29845,6.231986045837402,6.1235504150390625,694.0888671875,659.1342163085938
1785506897.30345,6.286889553070068,6.1559929847717285,694.2750244140625,657.0652465820312
1785506897.308461,6.323398590087891,6.168338775634766,695.3516845703125,654.8734130859375
1785506897.31345,6.372278213500977,6.173191070556641,695.5528564453125,653.3096313476562
1785506897.31845,6.4128947257995605,6.191495895385742,695.51171875,649.2267456054688
1785506897.32345,6.437751293182373,6.204897880554199,695.6394653320312,647.365234375
1785506897.32845,6.493217468261719,6.226717472076416,696.0803833007812,644.9878540039062
1785506897.33345,6.514471530914307,6.249781608581543,695.9920043945312,643.3583374023438
1785506897.34345,6.565295219421387,6.265677452087402,698.5817260742188,638.5467529296875
1785506897.34845,6.603505611419678,6.283594608306885,699.2868041992188,636.6505126953125
1785506897.35345,6.626588821411133,6.3029069900512695,699.7361450195312,634.849365234375
1785506897.35845,6.65474271774292,6.319599628448486,699.2252807617188,633.3513793945312
1785506897.36845,6.697032451629639,6.342085361480713,701.0037841796875,631.3856811523438
1785506897.37345,6.7118353843688965,6.3468337059021,702.6256713867188,631.1268920898438
1785506897.378461,6.710533142089844,6.338266849517822,702.6088256835938,631.5363159179688
1785506897.39345,6.736567974090576,6.339483261108398,702.3184814453125,631.7156982421875
1785506897.40845,6.738177299499512,6.296663284301758,702.1133422851562,628.4482421875
1785506897.41345,6.715165138244629,6.281189918518066,702.770263671875,627.610107421875
1785506897.418572,6.719740390777588,6.255476474761963,702.4122314453125,626.0745849609375
1785506897.423572,6.711867809295654,6.232899188995361,701.59912109375,625.222900390625
1785506897.428572,6.705719470977783,6.228460788726807,700.3823852539062,621.4561767578125
1785506897.433572,6.68983793258667,6.225450038909912,699.2344360351562,618.4067993164062
1785506897.438572,6.687378406524658,6.229280948638916,698.3776245117188,618.8231811523438
1785506897.443572,6.686295986175537,6.24689245223999,697.8479614257812,615.87744140625
1785506897.448572,6.67997932434082,6.25107479095459,697.792236328125,616.0109252929688
1785506897.453572,6.677401542663574,6.246788501739502,697.0392456054688,615.7046508789062
1785506897.458572,6.681474208831787,6.258258819580078,697.9342651367188,615.183349609375
1785506897.463572,6.689383506774902,6.269057273864746,698.3999633789062,615.4441528320312
1785506897.468572,6.681631565093994,6.276601314544678,698.1428833007812,614.7265014648438
1785506897.473572,6.674107074737549,6.277896404266357,698.62890625,615.337158203125
1785506897.478572,6.671900272369385,6.283903121948242,699.4851684570312,615.6448974609375
1785506897.483572,6.6667890548706055,6.296456813812256,699.8157348632812,616.051513671875
1785506897.488572,6.669994831085205,6.305456161499023,700.828857421875,615.0457763671875
1785506897.493572,6.670482635498047,6.312101364135742,700.911865234375,615.6740112304688
1785506897.498572,6.689184188842773,6.3249101638793945,700.0718994140625,616.2538452148438
1785506897.503572,6.691588401794434,6.3381028175354,699.8421020507812,616.224365234375
1785506897.508572,6.688630104064941,6.3408637046813965,700.3670654296875,616.0877075195312
1785506897.513572,6.680169105529785,6.342648983001709,700.3471069335938,615.1929321289062
1785506897.523583,6.666035175323486,6.337791919708252,701.4786987304688,613.3011474609375
1785506897.528572,6.6702165603637695,6.332106590270996,702.1976318359375,613.6248168945312
1785506897.533572,6.670073986053467,6.330925464630127,701.9019775390625,613.8390502929688
1785506897.538572,6.667346000671387,6.331571102142334,702.3080444335938,613.30078125
1785506897.543572,6.665140628814697,6.327542304992676,702.5696411132812,612.1852416992188
1785506897.548572,6.662508487701416,6.326602458953857,701.8717041015625,610.486328125
1785506897.553706,6.669886112213135,6.325723648071289,700.2994995117188,610.6442260742188
1785506897.558695,6.6806416511535645,6.3283233642578125,699.833740234375,611.0796508789062
1785506897.563706,6.687357425689697,6.322007656097412,700.2254028320312,610.8253173828125
1785506897.568695,6.690507411956787,6.326624393463135,700.8136596679688,611.9352416992188
1785506897.573694,6.677987575531006,6.32642936706543,700.468017578125,612.39111328125
1785506897.578706,6.679483413696289,6.325383186340332,701.4259033203125,612.6500244140625
1785506897.588695,6.66713809967041,6.327362060546875,700.3160400390625,612.095458984375
1785506897.593695,6.669631481170654,6.322995662689209,700.416259765625,612.0813598632812
1785506897.598695,6.676372528076172,6.323134899139404,701.427490234375,613.97119140625
1785506897.608695,6.676680088043213,6.322123050689697,701.61279296875,611.777099609375
1785506897.613695,6.674787998199463,6.319443702697754,702.5997924804688,612.2260131835938
1785506897.623695,6.6600799560546875,6.314329624176025,703.376708984375,613.1058959960938
1785506897.628695,6.656064033508301,6.311068058013916,704.1008911132812,613.2509765625
1785506897.633695,6.65308141708374,6.320727825164795,703.3435668945312,613.0916748046875
1785506897.638695,6.652772903442383,6.322635650634766,703.1586303710938,613.9224243164062
1785506897.643695,6.658262252807617,6.321380138397217,703.109375,613.554931640625
1785506897.648706,6.675646781921387,6.325771808624268,703.192138671875,611.7440185546875
1785506897.653695,6.664454460144043,6.318757057189941,703.3717041015625,611.2017822265625
1785506897.658695,6.660166263580322,6.315415382385254,703.9150390625,610.1917724609375
1785506897.663706,6.652233600616455,6.311739921569824,704.3165893554688,610.2421264648438
1785506897.668694,6.653221130371094,6.317205429077148,705.0408325195312,610.8626098632812
1785506897.673695,6.655913352966309,6.322836399078369,704.4921264648438,610.47314453125
1785506897.678706,6.65583610534668,6.329391956329346,704.3949584960938,609.3231201171875
1785506897.688828,6.666593551635742,6.33180046081543,704.1566772460938,607.797119140625
1785506897.693828,6.6708550453186035,6.3297319412231445,704.7229614257812,608.3446044921875
1785506897.698828,6.673315048217773,6.315867900848389,704.44482421875,608.560302734375
1785506897.703828,6.674345970153809,6.3034772872924805,704.5589599609375,607.8365478515625
1785506897.708828,6.680441379547119,6.301222801208496,704.8915405273438,606.3850708007812
1785506897.718828,6.681152820587158,6.30003547668457,704.437744140625,604.0
1785506897.723828,6.687117576599121,6.29613733291626,703.0267333984375,603.219482421875
1785506897.728828,6.693679332733154,6.28645658493042,703.4823608398438,603.1377563476562
1785506897.733828,6.692389488220215,6.285218715667725,703.0748901367188,602.3892822265625
1785506897.738828,6.683894157409668,6.282621383666992,702.2640991210938,603.2471923828125
1785506897.743828,6.686367988586426,6.271811008453369,703.0803833007812,603.9491577148438
1785506897.748828,6.684024810791016,6.276018142700195,702.5311279296875,602.7793579101562
1785506897.753828,6.6836700439453125,6.280791282653809,703.7886352539062,603.3121337890625
1785506897.758828,6.686729431152344,6.288537502288818,703.568603515625,599.8312377929688
1785506897.763828,6.680852890014648,6.280128479003906,702.6556396484375,600.7515258789062
1785506897.768828,6.683279037475586,6.277143955230713,701.5932006835938,600.8203735351562
1785506897.773828,6.681203365325928,6.27054500579834,701.142822265625,600.5630493164062
1785506897.778828,6.689353942871094,6.26998233795166,701.2501220703125,600.2144775390625
1785506897.783828,6.680702209472656,6.263098239898682,703.0728149414062,600.3278198242188
1785506897.788828,6.682163238525391,6.263920307159424,702.1718139648438,602.144775390625
1785506897.793828,6.670283794403076,6.256668567657471,701.3466186523438,600.9828491210938
1785506897.798828,6.68046760559082,6.260427951812744,701.457275390625,600.4683837890625
1785506897.803828,6.663243293762207,6.256606101989746,701.5167846679688,599.4513549804688
1785506897.808828,6.656402587890625,6.2583909034729,700.9368896484375,599.1397705078125
1785506897.82395,6.649057388305664,6.265323162078857,702.1524047851562,601.0377197265625
1785506897.82895,6.655536651611328,6.261932849884033,702.2503662109375,600.7028198242188
1785506897.83395,6.6564178466796875,6.265582084655762,701.1973266601562,602.989013671875
1785506897.84395,6.667661190032959,6.25828742980957,701.0071411132812,600.9673461914062
1785506897.84895,6.669836044311523,6.265211582183838,701.3057250976562,600.0303955078125
1785506897.85395,6.672482490539551,6.263232231140137,700.6641845703125,602.79833984375
1785506897.85895,6.669583797454834,6.269557476043701,701.1882934570312,601.907470703125
1785506897.86895,6.664709091186523,6.261149883270264,702.6318359375,602.00537109375
1785506897.878961,6.649763584136963,6.250454425811768,701.9708862304688,601.7141723632812
1785506897.88395,6.642012119293213,6.24699592590332,701.5867919921875,601.4511108398438
1785506897.88895,6.632183074951172,6.241355895996094,701.325927734375,601.1693725585938
1785506897.89395,6.6365742683410645,6.237086772918701,699.1915893554688,599.4780883789062
1785506897.89895,6.644074440002441,6.236671447753906,699.5271606445312,599.2119750976562
1785506897.913961,6.65195369720459,6.238335132598877,699.3778686523438,596.0303955078125
1785506897.91895,6.638970851898193,6.230867862701416,699.0283203125,598.4381103515625
1785506897.92395,6.630664348602295,6.231983661651611,698.4641723632812,598.1433715820312
1785506897.92895,6.622340202331543,6.231900215148926,698.5565795898438,599.2214965820312
1785506897.93395,6.622766971588135,6.22898530960083,699.2678833007812,599.6473999023438
1785506897.93895,6.62713098526001,6.23907470703125,698.9566040039062,600.2845458984375
1785506897.94395,6.622587203979492,6.239154815673828,698.6768188476562,600.0665893554688
1785506897.94895,6.624387741088867,6.239227294921875,697.6837158203125,599.9600219726562
1785506897.95395,6.634979248046875,6.2348408699035645,697.1738891601562,600.07763671875
1785506897.959072,6.630002975463867,6.231113910675049,695.866943359375,601.5634155273438
1785506897.963961,6.628416061401367,6.225451946258545,695.7435913085938,601.0779418945312
1785506897.969072,6.625373840332031,6.230952262878418,696.3181762695312,600.4146118164062
1785506897.974072,6.620306968688965,6.2307257652282715,696.3244018554688,600.3238525390625
1785506897.979072,6.623635768890381,6.22047758102417,697.7371215820312,601.9534301757812
1785506897.984072,6.624138355255127,6.225926876068115,698.1004028320312,602.928466796875
1785506898.004072,6.591129302978516,6.208907604217529,696.4722290039062,599.8624267578125
1785506898.009072,6.59203577041626,6.215058326721191,696.0742797851562,598.9692993164062
1785506898.019072,6.591135501861572,6.200235366821289,697.2886962890625,598.7673950195312
1785506898.024072,6.5857977867126465,6.208776473999023,697.2080688476562,599.4595336914062
1785506898.029072,6.584299564361572,6.209251880645752,696.8519897460938,599.0872802734375
1785506898.034083,6.5759477615356445,6.207562446594238,696.3374633789062,601.544189453125
1785506898.039072,6.580603122711182,6.203317165374756,695.2894897460938,600.86767578125
1785506898.044072,6.588399887084961,6.20769739151001,696.2111206054688,600.2537231445312
1785506898.049072,6.5940022468566895,6.207651138305664,696.5574951171875,600.3134155273438
1785506898.054072,6.5932698249816895,6.206770896911621,695.950927734375,601.05908203125
1785506898.059072,6.58734655380249,6.203425407409668,695.656005859375,600.9475708007812
1785506898.069072,6.575498104095459,6.202698707580566,695.3434448242188,601.7701416015625
1785506898.074072,6.56340217590332,6.187129020690918,696.3169555664062,600.1856689453125
1785506898.079072,6.57204532623291,6.19008207321167,695.9435424804688,601.1907958984375
1785506898.084072,6.564540386199951,6.185281276702881,694.8892211914062,600.520751953125
1785506898.089072,6.566583633422852,6.185961723327637,695.71142578125,600.3912353515625
1785506898.094072,6.565859794616699,6.1831865310668945,695.4187622070312,600.0886840820312
1785506898.104195,6.575926303863525,6.1857781410217285,696.8063354492188,600.6814575195312
1785506898.109195,6.578278064727783,6.201450347900391,696.0244140625,599.3817138671875
1785506898.114195,6.579200267791748,6.198698043823242,696.3272094726562,600.7073974609375
1785506898.119195,6.57716703414917,6.1936235427856445,696.5078125,600.8409423828125
1785506898.124195,6.579977035522461,6.194803714752197,696.4658813476562,600.2495727539062
1785506898.129206,6.575249195098877,6.195812225341797,696.1103515625,599.7673950195312
1785506898.139206,6.582870006561279,6.205309867858887,696.2892456054688,598.5691528320312
1785506898.144206,6.5750508308410645,6.201601982116699,696.4752197265625,597.431884765625
1785506898.149194,6.577375888824463,6.194775104522705,695.8961791992188,597.0779418945312
1785506898.154195,6.573751926422119,6.200257301330566,696.4209594726562,599.8313598632812
1785506898.164195,6.58294153213501,6.198358535766602,696.9069213867188,599.5105590820312
1785506898.169194,6.603461742401123,6.204746723175049,696.1754150390625,599.3064575195312
1785506898.179194,6.61387300491333,6.203027725219727,694.3982543945312,599.509033203125
1785506898.184195,6.610344886779785,6.2064995765686035,693.9707641601562,599.4481811523438
1785506898.194195,6.605936050415039,6.2052154541015625,695.00244140625,598.6459350585938
1785506898.199195,6.608484745025635,6.196071624755859,694.6102905273438,598.732666015625
1785506898.209195,6.616411209106445,6.191169261932373,697.0032348632812,598.9644775390625
1785506898.214195,6.619628429412842,6.189419269561768,696.442626953125,599.9071044921875
1785506898.219195,6.607536792755127,6.188147068023682,697.159912109375,599.173828125
1785506898.229328,6.609313011169434,6.17813777923584,697.5082397460938,599.2120971679688
1785506898.234328,6.605867385864258,6.176269054412842,697.1113891601562,600.168212890625
1785506898.239206,6.602242946624756,6.181006908416748,699.8734130859375,601.8528442382812
1785506898.244328,6.598396301269531,6.1761088371276855,701.1307983398438,616.8137817382812
1785506898.249328,6.599991321563721,6.175061225891113,693.4141235351562,641.9678344726562
1785506898.254328,6.590449333190918,6.198884010314941,689.6732177734375,665.4891967773438
1785506898.259328,6.572727203369141,6.215324878692627,687.3775634765625,684.4828491210938
1785506898.264328,6.586846828460693,6.255321025848389,681.79345703125,705.7416381835938
1785506898.269328,6.563704490661621,6.271692276000977,690.966064453125,722.9307861328125
1785506898.274328,6.5551838874816895,6.281545162200928,691.0870361328125,729.4277954101562
1785506898.279339,6.544846057891846,6.282421112060547,689.935302734375,732.5528564453125
1785506898.289328,6.548069953918457,6.281452178955078,685.0512084960938,734.0266723632812
1785506898.294328,6.532867431640625,6.272936820983887,685.2986450195312,734.192626953125
1785506898.299328,6.518955230712891,6.264771461486816,684.7733764648438,734.2869262695312
1785506898.304328,6.5115065574646,6.255938529968262,684.4990844726562,734.1708984375
1785506898.309328,6.512887477874756,6.245694637298584,683.1494750976562,734.1441650390625
1785506898.314328,6.493549823760986,6.230830192565918,682.7386474609375,734.7357177734375
1785506898.324328,6.482099533081055,6.217624187469482,680.1554565429688,734.0984497070312
1785506898.334328,6.487093925476074,6.220193386077881,679.6964111328125,733.1019897460938
1785506898.339328,6.479273319244385,6.207082748413086,679.8351440429688,731.3511352539062
1785506898.344328,6.468433380126953,6.20740270614624,679.83544921875,731.792236328125
1785506898.349328,6.481456756591797,6.2049241065979,679.4957275390625,731.726806640625
1785506898.354328,6.483905792236328,6.1984381675720215,678.912109375,731.5126953125
1785506898.359328,6.481597900390625,6.200593948364258,679.245849609375,731.0067749023438
1785506898.36445,6.488776206970215,6.205314636230469,679.8937377929688,731.5607299804688
1785506898.374461,6.4957356452941895,6.22441291809082,679.9161987304688,732.395751953125
1785506898.38445,6.500856876373291,6.23808479309082,679.886474609375,732.718994140625
1785506898.38945,6.513193130493164,6.2588958740234375,679.353271484375,732.30224609375
1785506898.39445,6.51938533782959,6.269357681274414,679.335693359375,731.9607543945312
1785506898.39945,6.538695335388184,6.283142566680908,681.2420654296875,732.6444091796875
1785506898.40445,6.551286697387695,6.291097640991211,681.3058471679688,732.3004150390625
1785506898.409461,6.549455642700195,6.302643299102783,682.6221313476562,732.346923828125
1785506898.41945,6.560251235961914,6.314110279083252,682.2008056640625,732.2904663085938
1785506898.42445,6.569665431976318,6.319938659667969,681.7947387695312,733.3634033203125
1785506898.42945,6.567188739776611,6.321285247802734,681.1365966796875,733.9799194335938
1785506898.43445,6.576948642730713,6.327537536621094,681.2051391601562,732.6597290039062
1785506898.43945,6.585581302642822,6.322267532348633,680.6800537109375,732.5636596679688
1785506898.44445,6.589720249176025,6.323615550994873,681.2970581054688,733.33837890625
1785506898.44945,6.604126930236816,6.327871322631836,681.3328247070312,733.7296142578125
1785506898.45445,6.615903854370117,6.339761734008789,681.46240234375,734.0753173828125
1785506898.45945,6.612579345703125,6.349550247192383,682.3787841796875,734.1492919921875
1785506898.46945,6.605261325836182,6.340639591217041,680.9345092773438,734.40478515625
1785506898.47445,6.610240459442139,6.34445858001709,682.0624389648438,733.5921020507812
1785506898.47945,6.600931167602539,6.340785026550293,681.64404296875,733.8197631835938
1785506898.48445,6.60031270980835,6.339357852935791,681.7445068359375,732.7400512695312
1785506898.48945,6.6005401611328125,6.340666770935059,680.629150390625,733.5724487304688
1785506898.49445,6.610250949859619,6.3503923416137695,679.8706665039062,732.7943115234375
1785506898.499572,6.614091873168945,6.354221343994141,679.5126953125,733.2855834960938
1785506898.504572,6.619671821594238,6.353738784790039,678.9920043945312,733.10791015625
1785506898.509572,6.624214172363281,6.3513641357421875,679.200439453125,732.9283447265625
1785506898.524572,6.627457618713379,6.355879306793213,680.8322143554688,730.6324462890625
1785506898.529572,6.629626750946045,6.355266571044922,681.5149536132812,731.9190063476562
1785506898.534572,6.61758279800415,6.36415958404541,681.4125366210938,732.5948486328125
1785506898.539572,6.629004955291748,6.364043235778809,681.7594604492188,733.0515747070312
1785506898.544572,6.629471302032471,6.374405860900879,688.589111328125,738.4434814453125
1785506898.549583,6.63535213470459,6.391177654266357,714.8128662109375,748.7867431640625
1785506898.559572,6.647714138031006,6.403436660766602,744.9217529296875,758.4411010742188
1785506898.564572,6.618969440460205,6.383870601654053,758.5029296875,771.87109375
1785506898.569572,6.579727649688721,6.3880815505981445,782.4024658203125,768.4681396484375
1785506898.574572,6.567277908325195,6.423519611358643,806.8197021484375,763.0248413085938
1785506898.579572,6.573123931884766,6.4816975593566895,831.1172485351562,767.8687133789062
1785506898.584572,6.543471813201904,6.534887790679932,856.3458251953125,757.0042724609375
1785506898.589572,6.527797698974609,6.588134288787842,887.3388671875,751.664306640625
1785506898.594572,6.518684387207031,6.596128940582275,911.9279174804688,753.8267822265625
1785506898.599572,6.533994674682617,6.5941386222839355,940.2908935546875,757.5607299804688
1785506898.609572,6.498479843139648,6.595046520233154,980.8854370117188,773.6784057617188
1785506898.614572,6.462202548980713,6.61305046081543,1001.7759399414062,769.3654174804688
1785506898.619572,6.418621063232422,6.593077182769775,1023.2131958007812,775.4065551757812
1785506898.624572,6.4019012451171875,6.571145534515381,1030.971923828125,765.9618530273438
1785506898.629572,6.407076358795166,6.553834438323975,1031.02685546875,767.424072265625
1785506898.634706,6.409961223602295,6.549336910247803,1028.800537109375,768.6103515625
1785506898.639583,6.406197547912598,6.540040969848633,1028.09912109375,769.3041381835938
1785506898.644695,6.4104905128479,6.539699554443359,1026.43798828125,767.1883544921875
1785506898.649695,6.414448261260986,6.534254550933838,1026.23486328125,766.0225830078125
1785506898.659695,6.414824962615967,6.523246765136719,1025.48828125,765.5924072265625
1785506898.664695,6.42680549621582,6.520832061767578,1028.0889892578125,762.9482421875
1785506898.669695,6.399352550506592,6.509637832641602,1028.0999755859375,763.1826171875
1785506898.679695,6.382497310638428,6.501588344573975,1028.526123046875,762.7293090820312
1785506898.684706,6.380819797515869,6.4968767166137695,1028.4268798828125,761.9693603515625
1785506898.689695,6.3788604736328125,6.498234272003174,1028.2584228515625,763.3678588867188
1785506898.694695,6.385168075561523,6.494828224182129,1029.365478515625,760.4771118164062
1785506898.699695,6.3861565589904785,6.498631954193115,1029.591064453125,761.8963012695312
1785506898.704695,6.383706092834473,6.496649265289307,1027.188232421875,760.7564697265625
1785506898.709695,6.381037712097168,6.4881134033203125,1030.367431640625,760.8482055664062
1785506898.714694,6.373847961425781,6.485382556915283,1028.705810546875,759.2324829101562
1785506898.719695,6.375704765319824,6.506450653076172,1027.719482421875,759.175537109375
1785506898.744694,6.3763041496276855,6.533412456512451,1029.609375,756.7011108398438
1785506898.749695,6.378459930419922,6.572978973388672,1029.684814453125,757.32177734375
1785506898.754694,6.388650417327881,6.575690269470215,1029.577392578125,758.600830078125
1785506898.759695,6.391211986541748,6.587840557098389,1029.219482421875,758.1459350585938
1785506898.764706,6.396345615386963,6.595466613769531,1028.2421875,757.58056640625
1785506898.769828,6.397135257720947,6.607261657714844,1029.164306640625,757.3587646484375
1785506898.774828,6.415708541870117,6.618875980377197,1029.451416015625,757.8265380859375
1785506898.779828,6.422725200653076,6.622723579406738,1029.358154296875,758.1435546875
1785506898.784828,6.407350540161133,6.622344017028809,1029.482666015625,758.6107177734375
1785506898.789828,6.405407428741455,6.6186137199401855,1028.426025390625,759.206787109375
1785506898.809828,6.385499954223633,6.627902507781982,1027.4246826171875,758.0062255859375
1785506898.814828,6.388433933258057,6.636131286621094,1027.7705078125,758.4892578125
1785506898.819828,6.397471904754639,6.618173122406006,1028.5059814453125,758.2954711914062
1785506898.824828,6.394261837005615,6.618045806884766,1029.447265625,757.865966796875
1785506898.829828,6.402194499969482,6.613720417022705,1027.846435546875,758.6890258789062
1785506898.834828,6.403494834899902,6.6162214279174805,1027.3919677734375,758.73876953125
1785506898.839828,6.396756649017334,6.612410545349121,1027.65576171875,759.3228759765625
1785506898.844839,6.386480808258057,6.605473518371582,1027.74609375,759.4285278320312
1785506898.849828,6.390876770019531,6.6080098152160645,1027.97900390625,759.1493530273438
1785506898.854828,6.3829474449157715,6.609288215637207,1027.333984375,759.7164916992188
1785506898.859828,6.379891395568848,6.6077375411987305,1027.2120361328125,759.63720703125
1785506898.864828,6.377447128295898,6.603826522827148,1028.744873046875,759.8565673828125
1785506898.869828,6.373805999755859,6.600532054901123,1029.3277587890625,761.37451171875
1785506898.874828,6.378518581390381,6.5875725746154785,1028.12646484375,761.4695434570312
1785506898.879828,6.381909370422363,6.584982872009277,1028.559814453125,761.3670654296875
1785506898.884828,6.379088401794434,6.5796332359313965,1028.0247802734375,762.61572265625
1785506898.90995,6.369743824005127,6.587827205657959,1028.0931396484375,763.4237670898438
1785506898.91495,6.385143756866455,6.58140230178833,1027.914306640625,763.0877685546875
1785506898.919961,6.382471561431885,6.56720495223999,1027.74609375,763.1915283203125
1785506898.92495,6.382875919342041,6.569921016693115,1026.201904296875,762.1995849609375
1785506898.92995,6.370067596435547,6.564422607421875,1025.5618896484375,762.3984375
1785506898.93495,6.367413520812988,6.571731090545654,1025.7509765625,762.90869140625
1785506898.93995,6.356384754180908,6.566641330718994,1025.94189453125,762.8836669921875
1785506898.94495,6.357325553894043,6.57328987121582,1026.573486328125,762.6641845703125
1785506898.94995,6.346036434173584,6.583546161651611,1027.234619140625,762.761474609375
1785506898.96995,6.340890884399414,6.589589595794678,1026.04736328125,760.5548706054688
1785506898.97495,6.329411506652832,6.5834879875183105,1027.875,761.542724609375
1785506898.97995,6.320531368255615,6.575860500335693,1027.662353515625,761.2679443359375
1785506898.98495,6.320770263671875,6.589016437530518,1026.5400390625,761.866455078125
1785506898.98995,6.316989421844482,6.590766906738281,1026.10009765625,761.8046264648438
1785506898.99495,6.319235324859619,6.5910797119140625,1025.4189453125,761.9209594726562
1785506898.99995,6.309684753417969,6.591249942779541,1025.9615478515625,760.6075439453125
1785506899.00495,6.303033828735352,6.580954551696777,1025.022216796875,761.9385986328125
1785506899.00995,6.308866024017334,6.592607498168945,1025.801513671875,760.9995727539062
1785506899.01495,6.30414342880249,6.602362155914307,1025.572265625,760.9215087890625
1785506899.02495,6.310898780822754,6.616448402404785,1024.27001953125,760.6011352539062
1785506899.03495,6.310887336730957,6.636028289794922,1025.175048828125,762.4393920898438
1785506899.040072,6.311878204345703,6.63761043548584,1024.36865234375,762.4571533203125
1785506899.050083,6.314884662628174,6.643375396728516,1025.08544921875,758.3309936523438
1785506899.060072,6.340226173400879,6.6488847732543945,1026.2127685546875,758.2868041992188
1785506899.065072,6.31752872467041,6.6533732414245605,1027.037841796875,759.7234497070312
1785506899.070083,6.3118367195129395,6.656571388244629,1026.48095703125,760.1416625976562
1785506899.075072,6.32954740524292,6.665876388549805,1025.99072265625,760.3319091796875
1785506899.080072,6.316777229309082,6.665378570556641,1025.79345703125,760.3385009765625
1785506899.085083,6.3285675048828125,6.669326305389404,1026.450439453125,759.298583984375
1785506899.095072,6.334395408630371,6.6508660316467285,1026.501220703125,758.4193115234375
1785506899.100072,6.339874744415283,6.649280071258545,1026.7689208984375,758.1929321289062
1785506899.105072,6.353801250457764,6.6392693519592285,1032.8590087890625,757.3060913085938
1785506899.110072,6.415514945983887,6.647122859954834,1042.8626708984375,755.8265380859375
1785506899.115072,6.472347259521484,6.653650760650635,1049.8636474609375,755.75830078125
1785506899.120072,6.5143890380859375,6.631416320800781,1062.4027099609375,756.3073120117188
1785506899.130084,6.548707485198975,6.6278181076049805,1064.0362548828125,753.5396118164062
1785506899.135072,6.583686828613281,6.62971830368042,1062.1658935546875,752.1533203125
1785506899.140072,6.599893093109131,6.636105537414551,1061.2080078125,749.4309692382812
1785506899.145072,6.628338813781738,6.639543056488037,1061.121337890625,748.949462890625
1785506899.150072,6.628686428070068,6.644227027893066,1062.0780029296875,748.3646240234375
1785506899.160072,6.634399890899658,6.641788482666016,1062.7789306640625,749.3433837890625
1785506899.165072,6.635713577270508,6.641452312469482,1063.5084228515625,748.8111572265625
1785506899.170072,6.624462127685547,6.651747226715088,1063.585205078125,747.2708129882812
1785506899.175072,6.640530109405518,6.663802623748779,1063.75,747.4090576171875
1785506899.180206,6.651474475860596,6.670101165771484,1063.1741943359375,747.932373046875
1785506899.185194,6.649723529815674,6.673292636871338,1061.19384765625,748.6702880859375
1785506899.190195,6.651780605316162,6.68098258972168,1059.43212890625,748.0335083007812
1785506899.195194,6.6493000984191895,6.688967704772949,1060.427978515625,747.6885375976562
1785506899.200206,6.649040699005127,6.687767505645752,1060.357666015625,748.5912475585938
1785506899.205206,6.645664691925049,6.6982221603393555,1059.9775390625,748.2244262695312
1785506899.215194,6.644985675811768,6.699825286865234,1061.8544921875,750.0612182617188
1785506899.220206,6.632755279541016,6.685778617858887,1061.683837890625,749.875244140625
1785506899.230206,6.64268684387207,6.694969177246094,1058.825927734375,750.9852294921875
1785506899.235195,6.639504432678223,6.686177730560303,1060.90234375,750.5421752929688
1785506899.245206,6.646705150604248,6.69128942489624,1063.8226318359375,749.3501586914062
1785506899.250195,6.669037342071533,6.710636615753174,1063.112548828125,749.7406616210938
1785506899.260195,6.650075435638428,6.7030205726623535,1063.1207275390625,750.7177124023438
1785506899.265195,6.653380870819092,6.707366943359375,1062.6610107421875,749.9437255859375
1785506899.270195,6.640406131744385,6.70440149307251,1061.716064453125,750.2484130859375
1785506899.275195,6.645859718322754,6.698091983795166,1061.1424560546875,748.9425048828125
1785506899.280195,6.636153697967529,6.703294277191162,1061.4739990234375,748.6487426757812
1785506899.290195,6.6260528564453125,6.689070224761963,1062.83740234375,748.771240234375
1785506899.295195,6.627504348754883,6.6910481452941895,1062.75,748.0503540039062
1785506899.300195,6.628727436065674,6.67799186706543,1061.8043212890625,749.688232421875
1785506899.305195,6.628862380981445,6.681655406951904,1062.79931640625,749.4803466796875
1785506899.310328,6.640069961547852,6.6728668212890625,1063.469482421875,746.971435546875
1785506899.315328,6.627926826477051,6.667514801025391,1063.216552734375,747.0966186523438
1785506899.320328,6.6317925453186035,6.67114782333374,1062.661865234375,748.5581665039062
1785506899.325328,6.631681442260742,6.677060127258301,1062.2464599609375,747.8929443359375
1785506899.330328,6.630768775939941,6.681410789489746,1062.26904296875,749.2138671875
1785506899.335328,6.641919136047363,6.68607234954834,1062.0633544921875,749.1982421875
1785506899.340328,6.636378765106201,6.685053825378418,1061.5494384765625,748.932861328125
1785506899.345328,6.614763259887695,6.686657905578613,1061.5526123046875,749.5142211914062
1785506899.355328,6.594841957092285,6.6824517250061035,1061.575927734375,749.4512329101562
1785506899.360328,6.605316638946533,6.697108268737793,1061.6558837890625,748.7340698242188
1785506899.365328,6.604795455932617,6.691364288330078,1061.49755859375,748.8897705078125
1785506899.370328,6.605452060699463,6.6874098777771,1061.3463134765625,746.843017578125
1785506899.375339,6.599961757659912,6.696482181549072,1061.7037353515625,747.98486328125
1785506899.380328,6.593742847442627,6.697136402130127,1062.3607177734375,747.8658447265625
1785506899.385328,6.583467483520508,6.6941351890563965,1062.779296875,747.70703125
1785506899.390328,6.586047172546387,6.691465854644775,1061.9403076171875,750.7634887695312
1785506899.395328,6.594538688659668,6.697597980499268,1063.387451171875,749.22509765625
1785506899.400328,6.601281642913818,6.690230846405029,1063.251220703125,749.095703125
1785506899.405328,6.599714279174805,6.685454845428467,1062.9205322265625,749.5839233398438
1785506899.410328,6.6158928871154785,6.698816776275635,1062.42041015625,748.6741333007812
1785506899.420328,6.617656707763672,6.699431896209717,1063.2371826171875,748.0488891601562
1785506899.425328,6.6340789794921875,6.705708980560303,1064.06982421875,748.519287109375
1785506899.430328,6.631572246551514,6.705188274383545,1060.447998046875,747.6178588867188
1785506899.435328,6.631070137023926,6.689280986785889,1048.234619140625,748.4796142578125
1785506899.440328,6.633996963500977,6.673202037811279,1027.0328369140625,749.1002807617188
1785506899.445328,6.6450276374816895,6.665789604187012,994.1682739257812,750.5557250976562
1785506899.45545,6.632813930511475,6.689120769500732,921.86669921875,722.1573486328125
1785506899.46045,6.625576972961426,6.716866970062256,887.9408569335938,716.7553100585938
1785506899.46545,6.604583263397217,6.7256340980529785,847.5772705078125,725.1349487304688
1785506899.47045,6.610467433929443,6.743589878082275,824.7791748046875,720.4966430664062
1785506899.47545,6.613739490509033,6.744619846343994,798.8622436523438,728.4521484375
1785506899.48545,6.643260478973389,6.734014987945557,749.1926879882812,730.9343872070312
1785506899.49045,6.667622089385986,6.707423210144043,725.8048706054688,719.0415649414062
1785506899.49545,6.680992603302002,6.693930625915527,702.3284301757812,713.3868408203125
1785506899.500461,6.699842929840088,6.693270683288574,682.5642700195312,718.8047485351562
1785506899.50545,6.725734710693359,6.677518367767334,676.2627563476562,716.3955688476562
1785506899.51045,6.742345809936523,6.656543731689453,679.3711547851562,720.665771484375
1785506899.51545,6.776494026184082,6.641792297363281,679.6936645507812,723.4212646484375
1785506899.52545,6.823838710784912,6.615241050720215,677.41259765625,723.2785034179688
1785506899.53045,6.83898401260376,6.607577323913574,678.1473999023438,724.49755859375
1785506899.53545,6.84827184677124,6.598164081573486,679.1045532226562,725.9517822265625
1785506899.545461,6.854964733123779,6.583047866821289,681.2960205078125,724.7586059570312
1785506899.55045,6.836638927459717,6.579591751098633,681.9383544921875,724.882080078125
1785506899.55545,6.831645488739014,6.581191062927246,682.2671508789062,726.2850341796875
1785506899.56045,6.818634986877441,6.577273368835449,682.50146484375,726.5419311523438
1785506899.56545,6.813004493713379,6.573599815368652,683.0474853515625,730.2780151367188
1785506899.57045,6.813381671905518,6.568327903747559,682.7645263671875,730.3367919921875
1785506899.57545,6.803806781768799,6.553806781768799,682.3121337890625,728.9630126953125
1785506899.58045,6.806735992431641,6.545464515686035,683.3829345703125,728.7069091796875
1785506899.590572,6.793727397918701,6.546321868896484,681.6604614257812,728.4454956054688
1785506899.595572,6.798322677612305,6.552911281585693,682.0523681640625,729.1371459960938
1785506899.600572,6.7878804206848145,6.552787780761719,681.4501342773438,728.1782836914062
1785506899.605572,6.785755157470703,6.552014350891113,683.0410766601562,727.1857299804688
1785506899.610572,6.784091472625732,6.568662643432617,682.6373291015625,727.4133911132812
1785506899.625572,6.765750885009766,6.55068826675415,681.0635375976562,736.989013671875
1785506899.630572,6.748388767242432,6.53898286819458,680.5177612304688,748.9713134765625
1785506899.635572,6.750592231750488,6.53682279586792,679.6099243164062,785.9852905273438
1785506899.640572,6.752528667449951,6.512086391448975,680.1196899414062,804.9985961914062
1785506899.645572,6.777689456939697,6.528528213500977,684.7238159179688,828.2189331054688
1785506899.650572,6.785146236419678,6.532011985778809,689.1697998046875,833.9498901367188
1785506899.655572,6.7811503410339355,6.539739608764648,692.68701171875,837.079833984375
1785506899.660583,6.785820007324219,6.538270473480225,692.5425415039062,837.53662109375
1785506899.675572,6.7707037925720215,6.5381622314453125,687.2055053710938,837.4494018554688
1785506899.680572,6.761175155639648,6.545414924621582,689.185302734375,836.228759765625
1785506899.685572,6.748887062072754,6.547558784484863,689.4747314453125,836.5911254882812
1785506899.690572,6.751666069030762,6.552228927612305,689.015625,834.8618774414062
1785506899.695572,6.757018089294434,6.546183109283447,688.1038208007812,834.9019165039062
1785506899.705572,6.776450157165527,6.560731887817383,686.2061157226562,834.4287719726562
1785506899.710572,6.769858360290527,6.5586113929748535,687.3033447265625,836.1719970703125
1785506899.715572,6.765738487243652,6.54392671585083,687.23779296875,837.1119995117188
1785506899.720583,6.764367580413818,6.544616222381592,687.2376098632812,836.2736206054688
1785506899.725695,6.778163433074951,6.545214653015137,688.4642944335938,836.8795166015625
1785506899.735695,6.768557071685791,6.545704364776611,687.3497924804688,838.3395385742188
1785506899.745695,6.784178256988525,6.535384178161621,687.8161010742188,837.2015991210938
1785506899.750695,6.7610368728637695,6.526122570037842,688.0140380859375,838.0695190429688
1785506899.755695,6.74373722076416,6.528506755828857,687.4825439453125,838.8284912109375
1785506899.760695,6.738131046295166,6.517787456512451,687.6593627929688,839.6961669921875
1785506899.765695,6.731950283050537,6.5215067863464355,688.7536010742188,838.12109375
1785506899.770694,6.724397659301758,6.52567195892334,688.869873046875,838.3685302734375
1785506899.775695,6.74160623550415,6.526612281799316,687.8654174804688,839.5185546875
1785506899.780694,6.740660667419434,6.523995399475098,691.263916015625,840.0336303710938
1785506899.785695,6.746057510375977,6.531371116638184,691.430908203125,839.5059204101562
1785506899.790694,6.74566650390625,6.533499240875244,689.8452758789062,839.8583374023438
1785506899.795706,6.752176284790039,6.521778583526611,688.3387451171875,839.6227416992188
1785506899.800706,6.758661270141602,6.521767616271973,688.1839599609375,840.3877563476562
1785506899.805695,6.763416767120361,6.5277299880981445,688.3482055664062,840.4747314453125
1785506899.810694,6.763286590576172,6.521364212036133,690.228515625,840.5960693359375
1785506899.815695,6.7655181884765625,6.517518997192383,689.3800659179688,839.8292236328125
1785506899.820695,6.770630836486816,6.508494853973389,688.9234619140625,839.5453491210938
1785506899.826536,6.7650957107543945,6.509826183319092,689.8065185546875,839.7811889648438
1785506899.831536,6.762550354003906,6.502177715301514,688.999267578125,839.3204956054688
1785506899.836536,6.754509449005127,6.5006022453308105,687.662109375,839.6353759765625
1785506899.846536,6.743690490722656,6.480145454406738,685.7489624023438,837.923583984375
1785506899.851547,6.7298712730407715,6.4716691970825195,683.2709350585938,835.972412109375
1785506899.856669,6.731550216674805,6.472347259521484,683.79541015625,835.9835815429688
1785506899.861669,6.723340034484863,6.469764232635498,683.4014282226562,834.191162109375
1785506899.866669,6.7281718254089355,6.467933177947998,683.7289428710938,834.8556518554688
1785506899.871669,6.715983867645264,6.46409797668457,682.6085205078125,836.2946166992188
1785506899.876669,6.728208065032959,6.459437370300293,683.0362548828125,835.8414916992188
1785506899.881669,6.729588985443115,6.460042476654053,685.3289794921875,836.1275024414062
1785506899.886669,6.725841045379639,6.4592132568359375,686.1592407226562,836.4295043945312
1785506899.891669,6.7445855140686035,6.463833332061768,687.686279296875,834.8172607421875
1785506899.90668,6.761872291564941,6.465785980224609,688.1229858398438,832.8382568359375
1785506899.911669,6.769299030303955,6.467832088470459,688.6876220703125,832.7479248046875
1785506899.916669,6.778952598571777,6.477721214294434,688.7259521484375,832.4290161132812
1785506899.926669,6.787489414215088,6.479126453399658,689.2129516601562,831.2348022460938
1785506899.93168,6.7882304191589355,6.478407859802246,689.81103515625,831.3536376953125
1785506899.941669,6.796681880950928,6.471832752227783,688.9823608398438,832.3577270507812
1785506899.94668,6.784261703491211,6.4612836837768555,688.9481201171875,833.4828491210938
1785506899.951669,6.772899150848389,6.459721088409424,689.7376708984375,832.9282836914062
1785506899.956669,6.78369665145874,6.463505744934082,689.4263916015625,833.1602172851562
1785506899.961669,6.7724409103393555,6.466624736785889,688.4295654296875,830.8161010742188
1785506899.966669,6.770504474639893,6.455472469329834,687.7960815429688,831.4014892578125
1785506899.971669,6.7608466148376465,6.4552178382873535,687.5000610351562,831.5446166992188
1785506899.976669,6.754531383514404,6.456908226013184,687.0648193359375,831.9054565429688
1785506899.981669,6.742392539978027,6.459336757659912,687.2532958984375,832.0845947265625
1785506899.991791,6.742800712585449,6.464690208435059,686.7927856445312,832.1240234375
1785506899.996791,6.756763458251953,6.46355676651001,685.7168579101562,831.740478515625
1785506900.001791,6.755791187286377,6.453198432922363,686.7843627929688,831.6589965820312
1785506900.006791,6.743119716644287,6.443824291229248,686.5744018554688,831.4920043945312
1785506900.011791,6.747840881347656,6.438819408416748,686.4488525390625,832.2670288085938
1785506900.016791,6.746691703796387,6.445362567901611,686.2745361328125,831.607177734375
1785506900.026791,6.7670512199401855,6.437939643859863,686.4833374023438,830.1082763671875
1785506900.031791,6.746034622192383,6.436440467834473,684.4134521484375,830.5989990234375
1785506900.036791,6.745340824127197,6.441061496734619,684.9978637695312,829.9928588867188
1785506900.051791,6.767450332641602,6.428494453430176,687.1539306640625,830.0111083984375
1785506900.056802,6.755323886871338,6.432282447814941,688.7640380859375,828.2644653320312
1785506900.066791,6.782562732696533,6.437530994415283,684.8563232421875,817.6041259765625
1785506900.071791,6.787813663482666,6.449011325836182,683.2704467773438,809.4522705078125
1785506900.076791,6.783005237579346,6.4562668800354,688.2125244140625,789.6007690429688
1785506900.081791,6.774123191833496,6.472895622253418,690.27490234375,779.7575073242188
1785506900.086791,6.768865585327148,6.491743564605713,685.2225952148438,768.68798828125
1785506900.091802,6.756070137023926,6.5095906257629395,686.7174682617188,759.9951171875
1785506900.096791,6.760124206542969,6.511053085327148,687.548583984375,758.2642211914062
1785506900.101791,6.768064975738525,6.503681659698486,689.64208984375,757.080078125
1785506900.106791,6.773029804229736,6.503088474273682,688.3607177734375,755.950439453125
1785506900.111791,6.794528484344482,6.49958610534668,688.1715698242188,755.5250244140625
1785506900.116791,6.7964863777160645,6.50737190246582,687.2374877929688,752.8206176757812
1785506900.121802,6.805485248565674,6.509533882141113,687.5366821289062,752.7696533203125
1785506900.126791,6.807011127471924,6.509367942810059,687.2381591796875,751.9286499023438
1785506900.131913,6.8214569091796875,6.524060249328613,688.9718627929688,751.1979370117188
1785506900.136914,6.825989246368408,6.526392459869385,688.9189453125,749.9602661132812
1785506900.141913,6.839402675628662,6.5279951095581055,688.7030029296875,750.53125
1785506900.146914,6.840654373168945,6.527337074279785,689.0160522460938,750.2745971679688
1785506900.151913,6.8419928550720215,6.532989025115967,690.3944091796875,750.511962890625
1785506900.156914,6.830295562744141,6.538416385650635,690.9210205078125,750.70751953125
1785506900.161913,6.831935405731201,6.5419816970825195,691.8001098632812,752.1279296875
1785506900.166914,6.832272052764893,6.555379867553711,692.4335327148438,752.4507446289062
1785506900.171913,6.829847812652588,6.552795886993408,695.3792724609375,753.580810546875
1785506900.176913,6.8356709480285645,6.550869464874268,693.0184326171875,753.6103515625
1785506900.181913,6.842220306396484,6.550423622131348,692.893798828125,753.0133056640625
1785506900.191914,6.834551811218262,6.535240173339844,691.4225463867188,752.4732666015625
1785506900.196925,6.814644813537598,6.53400993347168,691.8280029296875,752.68994140625
1785506900.201914,6.800175189971924,6.535751819610596,692.1596069335938,753.281982421875
1785506900.206925,6.792760848999023,6.538997650146484,692.2567749023438,753.3617553710938
1785506900.216913,6.782613754272461,6.548979759216309,692.0079956054688,753.173095703125
1785506900.226913,6.762950420379639,6.542682647705078,690.3509521484375,751.6909790039062
1785506900.231914,6.773902893066406,6.546885013580322,691.5711059570312,751.3419799804688
1785506900.236913,6.791476249694824,6.5408101081848145,692.5130004882812,749.4893798828125
1785506900.241925,6.788820743560791,6.550635814666748,693.6470947265625,749.9562377929688
1785506900.251914,6.78244161605835,6.553999423980713,692.9624633789062,749.6627197265625
1785506900.256913,6.772212982177734,6.542922496795654,692.5697021484375,749.7269897460938
1785506900.262047,6.758349895477295,6.530299663543701,693.1605224609375,750.1057739257812
1785506900.267047,6.761832237243652,6.517425537109375,692.65234375,749.4796142578125
1785506900.272047,6.766784191131592,6.4987640380859375,692.544189453125,749.48828125
1785506900.282047,6.754658222198486,6.489776134490967,692.9868774414062,749.7517700195312
1785506900.287047,6.761401653289795,6.477933406829834,693.0750122070312,748.5143432617188
1785506900.292047,6.760053634643555,6.471794128417969,693.1605834960938,748.2314453125
1785506900.297047,6.753470420837402,6.465332508087158,692.4644165039062,747.4725952148438
1785506900.302047,6.749999523162842,6.460433483123779,691.1478881835938,747.2932739257812
1785506900.312047,6.760501861572266,6.446674823760986,690.8768310546875,746.6726684570312
1785506900.317047,6.774484157562256,6.451969146728516,690.6596069335938,747.6263427734375
1785506900.322047,6.779750823974609,6.444889068603516,690.9959106445312,748.13134765625
1785506900.327047,6.786722660064697,6.444106578826904,690.7952270507812,748.1289672851562
1785506900.332047,6.773300647735596,6.442906856536865,690.7351684570312,747.5336303710938
1785506900.337047,6.760120391845703,6.436913967132568,690.2975463867188,747.8943481445312
1785506900.347047,6.777662754058838,6.441709518432617,689.5204467773438,746.8084106445312
1785506900.352047,6.77520227432251,6.436863899230957,688.1676635742188,747.2229614257812
1785506900.357047,6.773182392120361,6.438877582550049,687.9163818359375,748.2700805664062
1785506900.362047,6.753946781158447,6.429615020751953,687.4906005859375,748.2716674804688
1785506900.367047,6.747897624969482,6.41850471496582,687.3150024414062,747.9642333984375
1785506900.372047,6.7491865158081055,6.416520118713379,688.0672607421875,747.1302490234375
1785506900.387047,6.779412746429443,6.418747901916504,687.5068969726562,748.204345703125
1785506900.392047,6.801885604858398,6.427862644195557,687.6790771484375,747.4131469726562
1785506900.397169,6.802620887756348,6.4272308349609375,687.517578125,746.7586059570312
1785506900.407169,6.796530246734619,6.420340538024902,688.3582153320312,747.6641235351562
1785506900.412169,6.795566558837891,6.432547092437744,687.4424438476562,747.8267822265625
1785506900.422169,6.811783790588379,6.451197624206543,687.4544677734375,749.2655029296875
1785506900.427169,6.797895908355713,6.452481269836426,687.5555419921875,748.9910888671875
1785506900.432169,6.775063514709473,6.459619998931885,688.67578125,749.8338012695312
1785506900.442169,6.7731170654296875,6.469992637634277,687.6218872070312,749.39208984375
1785506900.447169,6.770779132843018,6.475094318389893,687.9348754882812,750.255859375
1785506900.452169,6.767033576965332,6.464642524719238,687.9655151367188,749.5830078125
1785506900.457169,6.752571105957031,6.474613189697266,688.61572265625,748.7294311523438
1785506900.462169,6.742881774902344,6.471339702606201,688.3499755859375,748.5716552734375
1785506900.467169,6.750585556030273,6.472973346710205,687.3944091796875,748.2625122070312
1785506900.472169,6.756450653076172,6.473276615142822,687.4822998046875,749.5357055664062
1785506900.477169,6.753746509552002,6.4689836502075195,688.1038818359375,748.7052612304688
1785506900.48218,6.763672828674316,6.472946643829346,688.6875,748.2019653320312
1785506900.487169,6.769743919372559,6.4770827293396,689.15869140625,747.70849609375
1785506900.492169,6.768214225769043,6.4788103103637695,689.3240966796875,746.8970947265625
1785506900.497169,6.768530368804932,6.474255561828613,687.8493041992188,748.5201416015625
1785506900.502169,6.772120952606201,6.476832866668701,690.0462036132812,751.11181640625
1785506900.507169,6.7727155685424805,6.474817752838135,689.1776733398438,748.32080078125
1785506900.512169,6.778135299682617,6.462192535400391,688.4995727539062,748.6985473632812
1785506900.517169,6.767114162445068,6.451143741607666,688.3973999023438,749.5979614257812
1785506900.522169,6.763155460357666,6.454769611358643,688.4463500976562,749.3834838867188
1785506900.532291,6.7685747146606445,6.451117515563965,687.9619750976562,747.5397338867188
1785506900.537291,6.759191513061523,6.4408745765686035,688.24462890625,747.41943359375
1785506900.542302,6.7765021324157715,6.441882133483887,687.620361328125,748.6497802734375
1785506900.547302,6.769257068634033,6.432978630065918,686.80615234375,749.486083984375
1785506900.552291,6.767510414123535,6.438107490539551,687.3712158203125,750.0631103515625
1785506900.557291,6.768638610839844,6.433957099914551,687.7390747070312,751.0116577148438
1785506900.567291,6.767765522003174,6.4297871589660645,687.6250610351562,750.3701782226562
1785506900.572291,6.758132457733154,6.433345794677734,688.8487548828125,750.248046875
1785506900.577291,6.754240989685059,6.446753978729248,690.6486206054688,750.5081176757812
1785506900.582291,6.754830837249756,6.457791328430176,690.3181762695312,750.5673217773438
1785506900.592291,6.7668304443359375,6.458850383758545,687.7919311523438,750.92529296875
1785506900.597291,6.76167631149292,6.461282253265381,688.1796264648438,751.287109375
1785506900.602302,6.757600784301758,6.460216045379639,689.0950927734375,750.2484741210938
1785506900.607291,6.759937763214111,6.449897766113281,688.0025024414062,750.1066284179688
1785506900.612291,6.761906623840332,6.445877552032471,688.0843505859375,750.583984375
1785506900.617291,6.770701885223389,6.457699775695801,688.1046752929688,749.910400390625
1785506900.622291,6.7605791091918945,6.458946704864502,688.6610717773438,749.8304443359375
1785506900.627302,6.774379730224609,6.4633917808532715,689.279052734375,750.557373046875
1785506900.632291,6.7904582023620605,6.46710205078125,691.06103515625,750.5117797851562
1785506900.637291,6.785475730895996,6.460844993591309,690.8959350585938,751.8003540039062
1785506900.647291,6.7963480949401855,6.467709064483643,689.9984130859375,750.0447387695312
1785506900.652291,6.7971673011779785,6.478323936462402,690.0263061523438,750.3096313476562
1785506900.657291,6.786448955535889,6.47188138961792,690.4075927734375,750.1630249023438
1785506900.662291,6.781968593597412,6.4782023429870605,689.689453125,750.1149291992188
1785506900.667413,6.784393787384033,6.480741500854492,688.0033569335938,749.8742065429688
1785506900.672414,6.772330284118652,6.4817914962768555,689.2178344726562,749.6790771484375
1785506900.677413,6.779398441314697,6.487711429595947,690.2067260742188,750.0664672851562
1785506900.682414,6.768357276916504,6.490875720977783,689.9698486328125,750.4207763671875
1785506900.687413,6.7682414054870605,6.487421989440918,689.656005859375,749.6643676757812
1785506900.692414,6.764893531799316,6.4783172607421875,689.6565551757812,749.5721435546875
1785506900.697413,6.77719783782959,6.47783899307251,689.203857421875,747.9417724609375
1785506900.702414,6.7729811668396,6.470718860626221,689.8968505859375,747.8848266601562
1785506900.707413,6.776767730712891,6.471156120300293,689.72216796875,747.4194946289062
1785506900.712414,6.775125503540039,6.465808391571045,688.7071533203125,748.23974609375
1785506900.717413,6.786868572235107,6.465322494506836,688.2108764648438,748.2764892578125
1785506900.722425,6.787233352661133,6.473228931427002,688.8046264648438,749.7077026367188
1785506900.727425,6.789873123168945,6.4752960205078125,687.8070068359375,749.1907348632812
1785506900.737413,6.80417537689209,6.4697160720825195,688.6721801757812,747.8088989257812
1785506900.752414,6.807492256164551,6.466665744781494,688.4429931640625,749.0607299804688
1785506900.767425,6.792052268981934,6.479127883911133,688.0662841796875,746.72998046875
1785506900.772413,6.811529636383057,6.486448764801025,688.4474487304688,746.289306640625
1785506900.777413,6.8001484870910645,6.4816412925720215,688.9207153320312,745.7175903320312
1785506900.782413,6.804078102111816,6.486967086791992,688.9815063476562,746.8162841796875
1785506900.787414,6.8049798011779785,6.491986274719238,690.0003051757812,746.0780639648438
1785506900.792413,6.794798851013184,6.488933563232422,690.081787109375,745.8631591796875
1785506900.797414,6.797036647796631,6.487285137176514,690.0759887695312,746.3304443359375
1785506900.802547,6.806397438049316,6.490502834320068,690.4151611328125,746.6254272460938
1785506900.807547,6.794116497039795,6.487595081329346,688.8963623046875,747.3031616210938
1785506900.812547,6.801658630371094,6.485955715179443,688.565673828125,748.5243530273438
1785506900.822547,6.767105579376221,6.471702575683594,688.1187744140625,751.857177734375
1785506900.827547,6.760490894317627,6.4654622077941895,690.2232055664062,752.6870727539062
1785506900.832547,6.754517078399658,6.470169544219971,690.4052734375,753.0745239257812
1785506900.837558,6.756422519683838,6.469491958618164,691.1029663085938,753.7011108398438
1785506900.842547,6.753837585449219,6.469926357269287,691.45703125,753.0918579101562
1785506900.847547,6.751091480255127,6.47214937210083,692.26611328125,753.4793090820312
1785506900.852547,6.741228103637695,6.4793291091918945,691.9850463867188,753.1311645507812
1785506900.857547,6.734866619110107,6.485484600067139,692.0214233398438,753.1210327148438
1785506900.862547,6.734909534454346,6.471130847930908,692.7138061523438,752.5673217773438
1785506900.867547,6.714266777038574,6.466292381286621,692.53515625,753.8260498046875
1785506900.872547,6.71441650390625,6.4647088050842285,691.939453125,756.8394165039062
1785506900.877547,6.714279651641846,6.44594669342041,689.421142578125,762.62744140625
1785506900.892547,6.716618061065674,6.412196636199951,678.7618408203125,799.39404296875
1785506900.897547,6.7150774002075195,6.4087066650390625,678.0367431640625,802.1937255859375
1785506900.902547,6.762719631195068,6.410470008850098,678.8294067382812,804.0348510742188
1785506900.907547,6.747735977172852,6.420140266418457,681.6294555664062,806.325439453125
1785506900.912547,6.766074180603027,6.4110002517700195,682.5086669921875,806.33544921875
1785506900.917547,6.765073299407959,6.4037370681762695,683.078125,804.7916259765625
1785506900.922547,6.766673564910889,6.398022651672363,684.3914794921875,806.9865112304688
1785506900.927547,6.773132801055908,6.409784317016602,686.0071411132812,807.9365844726562
1785506900.932547,6.774781227111816,6.418293476104736,686.0869140625,807.3967895507812
1785506900.942669,6.75881290435791,6.4140543937683105,684.408203125,807.2833862304688
1785506900.947669,6.7578229904174805,6.426610946655273,684.9191284179688,808.0958251953125
1785506900.952669,6.771331787109375,6.431853294372559,683.8129272460938,807.2799682617188
1785506900.957669,6.764741897583008,6.44347620010376,682.7589111328125,806.4302368164062
1785506900.96268,6.760058403015137,6.450307369232178,683.7915649414062,804.8672485351562
1785506900.972669,6.744663715362549,6.460610389709473,682.7733154296875,807.5927124023438
1785506900.977669,6.745867729187012,6.460049152374268,682.0521850585938,807.645751953125
1785506900.982669,6.748834609985352,6.46038293838501,682.9774780273438,807.6036987304688
1785506900.987669,6.755967140197754,6.462319850921631,683.2953491210938,807.673828125
1785506900.992669,6.7438507080078125,6.4610066413879395,683.6268310546875,806.7158203125
1785506900.997669,6.74964714050293,6.468577861785889,684.3403930664062,807.086669921875
1785506901.002669,6.745944023132324,6.459090232849121,687.2479248046875,807.8988647460938
1785506901.007669,6.74284029006958,6.465437412261963,687.6500854492188,808.2693481445312
1785506901.01268,6.756453990936279,6.47075891494751,687.2755737304688,809.7162475585938
1785506901.017669,6.758114337921143,6.4810791015625,688.0507202148438,809.1935424804688
1785506901.022669,6.774587154388428,6.486403942108154,689.3560180664062,808.7619018554688
1785506901.027669,6.778742790222168,6.482357978820801,687.611083984375,807.7260131835938
1785506901.032669,6.783748149871826,6.484335899353027,687.4834594726562,807.6314697265625
1785506901.037669,6.773769378662109,6.476706504821777,687.275634765625,808.8175659179688
1785506901.042669,6.774677753448486,6.482207298278809,686.928955078125,808.898681640625
1785506901.047669,6.764632225036621,6.471245765686035,687.0103149414062,809.4305419921875
1785506901.052669,6.762299060821533,6.468086242675781,686.6268920898438,809.9244384765625
1785506901.062669,6.773558139801025,6.466595649719238,685.557373046875,809.1088256835938
1785506901.067669,6.794107437133789,6.474151134490967,686.5323486328125,808.82568359375
1785506901.072791,6.801666259765625,6.466495990753174,686.47900390625,809.8383178710938
1785506901.077791,6.791355609893799,6.4646124839782715,686.783935546875,808.7354736328125
1785506901.082791,6.787678241729736,6.459522247314453,686.8543090820312,808.447509765625
1785506901.087791,6.776533603668213,6.443918228149414,686.9610595703125,808.4263916015625
1785506901.097791,6.777362823486328,6.45043420791626,687.3880615234375,811.27734375
1785506901.102791,6.776086807250977,6.451011657714844,686.4076538085938,810.0270385742188
1785506901.107791,6.782642364501953,6.4534478187561035,686.602783203125,811.2581787109375
1785506901.112791,6.783408164978027,6.443559646606445,688.203125,810.48974609375
1785506901.117791,6.789375305175781,6.449779987335205,689.2029418945312,810.0236206054688
1785506901.122791,6.785510063171387,6.4428019523620605,689.9631958007812,811.4067993164062
1785506901.132791,6.78179407119751,6.430741786956787,690.2863159179688,815.2393188476562
1785506901.137791,6.746699333190918,6.425752639770508,689.9884033203125,817.169189453125
1785506901.142802,6.731072425842285,6.430477142333984,690.1669311523438,821.742919921875
1785506901.147791,6.71220588684082,6.416121959686279,688.7387084960938,824.5575561523438
1785506901.157791,6.7030816078186035,6.4305033683776855,690.9371337890625,826.2088012695312
1785506901.162791,6.684857368469238,6.435029029846191,690.0302124023438,825.388916015625
1785506901.172791,6.6699018478393555,6.433455467224121,690.4679565429688,827.4378051757812
1785506901.177802,6.664083480834961,6.426024436950684,691.079833984375,827.98974609375
1785506901.192791,6.653334140777588,6.418466091156006,689.1148071289062,826.7529296875
1785506901.197791,6.668238639831543,6.414028644561768,688.2306518554688,827.8391723632812
1785506901.202791,6.688657760620117,6.406467914581299,688.9475708007812,829.2816162109375
1785506901.207913,6.692503452301025,6.4008307456970215,690.14111328125,828.4287719726562
1785506901.212924,6.683528423309326,6.390646934509277,691.1689453125,828.3951416015625
1785506901.222914,6.681378364562988,6.393021583557129,690.32666015625,829.776611328125
1785506901.227913,6.681549072265625,6.386019229888916,690.6619873046875,829.5902709960938
1785506901.232913,6.672653675079346,6.387829780578613,690.4603271484375,831.33984375
1785506901.237913,6.66276216506958,6.392326354980469,690.2776489257812,830.403564453125
1785506901.242913,6.6632609367370605,6.37935209274292,690.4323120117188,830.5176391601562
1785506901.247914,6.666593074798584,6.384220123291016,689.4901123046875,831.0926513671875
1785506901.252913,6.685569763183594,6.389415740966797,689.2739868164062,830.8779907226562
1785506901.257914,6.688584327697754,6.39570951461792,689.92138671875,830.77587890625
1785506901.262913,6.693652629852295,6.395115375518799,690.7374877929688,830.2144775390625
1785506901.267914,6.683377742767334,6.394628524780273,690.3477783203125,829.409912109375
1785506901.272913,6.682026386260986,6.394236087799072,690.7865600585938,830.8152465820312
1785506901.277914,6.685034275054932,6.393087863922119,691.0447998046875,830.8834838867188
1785506901.287914,6.691381931304932,6.392710208892822,693.7432250976562,828.7432250976562
1785506901.292913,6.683605670928955,6.404295921325684,692.0133056640625,828.175048828125
1785506901.297914,6.692995071411133,6.405339241027832,692.885009765625,827.5690307617188
1785506901.302925,6.708891868591309,6.413355350494385,693.0050659179688,827.748291015625
1785506901.307914,6.69107723236084,6.411098003387451,691.790283203125,827.3544311523438
1785506901.317914,6.703371524810791,6.419890880584717,692.482666015625,827.8736572265625
1785506901.322936,6.69257926940918,6.415486812591553,692.4491577148438,828.27685546875
1785506901.327914,6.672481060028076,6.400423049926758,692.294921875,828.47021484375
1785506901.332913,6.6773481369018555,6.403787612915039,691.1998901367188,828.27783203125
1785506901.337914,6.687858581542969,6.4174604415893555,690.1340942382812,828.5730590820312
1785506901.343047,6.701280117034912,6.416548252105713,690.1067504882812,827.2974853515625
1785506901.348047,6.7012128829956055,6.414743423461914,690.1615600585938,828.4210815429688
1785506901.353047,6.681182861328125,6.418285846710205,690.4330444335938,828.9969482421875
1785506901.358047,6.698915958404541,6.4246506690979,690.0158081054688,827.2447509765625
1785506901.363047,6.6998515129089355,6.424931049346924,689.9907836914062,829.294189453125
1785506901.368047,6.706423282623291,6.432565212249756,689.3760986328125,829.001220703125
1785506901.373047,6.701986312866211,6.430665969848633,689.5631713867188,831.0244140625
1785506901.378047,6.706272602081299,6.4437432289123535,690.729248046875,831.22607421875
1785506901.383047,6.7165045738220215,6.440861225128174,691.3202514648438,830.7173461914062
1785506901.388047,6.706316947937012,6.434759616851807,689.3782348632812,829.9525146484375
1785506901.413047,6.698826313018799,6.440121650695801,689.158447265625,830.38818359375
1785506901.423047,6.719602584838867,6.427091121673584,687.9891357421875,830.8016967773438
1785506901.428047,6.722988128662109,6.419485092163086,687.98046875,830.335693359375
1785506901.433047,6.725225925445557,6.4219069480896,688.2339477539062,830.0051879882812
1785506901.438047,6.7278947830200195,6.420281410217285,688.6293334960938,829.7632446289062
1785506901.443047,6.716097354888916,6.417002201080322,688.0801391601562,829.5548095703125
1785506901.448047,6.7037739753723145,6.413516521453857,687.9930419921875,829.166259765625
1785506901.453047,6.7084126472473145,6.410833358764648,690.4335327148438,828.7610473632812
1785506901.458047,6.69256067276001,6.414422512054443,690.9061279296875,829.2605590820312
1785506901.463058,6.696897983551025,6.396464824676514,691.3421020507812,827.3126220703125
1785506901.468047,6.690854072570801,6.3959527015686035,690.3993530273438,827.3257446289062
1785506901.473047,6.690293788909912,6.39578914642334,691.35986328125,827.7050170898438
1785506901.483047,6.698358058929443,6.40395450592041,689.7929077148438,828.3753662109375
1785506901.488169,6.69523811340332,6.398552417755127,691.5487670898438,828.62158203125
1785506901.493169,6.707979202270508,6.388631343841553,692.2048950195312,827.86474609375
1785506901.498169,6.714722633361816,6.397220611572266,692.2799072265625,827.86474609375
1785506901.508169,6.714649200439453,6.3902764320373535,694.2838134765625,830.0512084960938
1785506901.513169,6.721364498138428,6.400157928466797,693.7217407226562,829.8394165039062
1785506901.518169,6.712075710296631,6.405100345611572,693.34228515625,827.8443603515625
1785506901.523169,6.72498893737793,6.393244743347168,692.320068359375,825.5695190429688
1785506901.528169,6.713793754577637,6.390724182128906,690.9331665039062,826.7576904296875
1785506901.533169,6.7051615715026855,6.395827770233154,690.1026611328125,827.845458984375
1785506901.538169,6.709236145019531,6.38623046875,691.9306030273438,827.2242431640625
1785506901.543169,6.697215557098389,6.385038375854492,692.0658569335938,826.7725219726562
1785506901.548169,6.6792802810668945,6.383310794830322,689.9210815429688,826.5552368164062
1785506901.553169,6.6699700355529785,6.369277000427246,691.8004760742188,826.5423583984375
1785506901.558169,6.6874589920043945,6.372461318969727,691.1962890625,826.6050415039062
1785506901.563169,6.682947635650635,6.365478992462158,689.4509887695312,826.6917114257812
1785506901.56818,6.68085241317749,6.364635944366455,690.2852783203125,826.623046875
1785506901.57318,6.6908063888549805,6.359217643737793,690.9472045898438,825.474609375
1785506901.58318,6.673308372497559,6.3582258224487305,690.7141723632812,826.6991577148438
1785506901.588169,6.670408248901367,6.3552422523498535,691.8792114257812,825.4721069335938
1785506901.59318,6.681121826171875,6.3621931076049805,692.1591186523438,823.2076416015625
1785506901.608169,6.672646999359131,6.36966609954834,695.101318359375,824.3988037109375
1785506901.613291,6.686805725097656,6.365881443023682,695.180419921875,824.9223022460938
1785506901.618291,6.676673889160156,6.358810901641846,694.4557495117188,825.7245483398438
1785506901.623291,6.66583251953125,6.344222545623779,693.5758666992188,826.06982421875
1785506901.643291,6.706856727600098,6.328573703765869,693.8478393554688,826.2967529296875
1785506901.648291,6.7177510261535645,6.342486381530762,693.6683959960938,827.6082763671875
1785506901.653291,6.697105884552002,6.332069396972656,695.0142822265625,828.4051513671875
1785506901.658291,6.686690807342529,6.335809230804443,694.4135131835938,826.5708618164062
1785506901.663291,6.705038547515869,6.345047950744629,692.8607788085938,826.3924560546875
1785506901.668291,6.725441932678223,6.344320297241211,692.7782592773438,826.9797973632812
1785506901.673291,6.703707695007324,6.33888053894043,693.1107177734375,827.8148803710938
1785506901.678291,6.703580856323242,6.333508014678955,691.349609375,825.662353515625
1785506901.683291,6.687694549560547,6.342055797576904,689.9679565429688,824.7362670898438
1785506901.693291,6.687463283538818,6.341989994049072,689.8510131835938,825.2953491210938
1785506901.698291,6.676843166351318,6.332873344421387,691.0313110351562,825.2281494140625
1785506901.703291,6.698672294616699,6.329626560211182,690.8439331054688,825.26513671875
1785506901.708291,6.69577169418335,6.322408676147461,690.439453125,825.2877197265625
1785506901.713291,6.6905927658081055,6.32568883895874,691.3474731445312,825.8873291015625
1785506901.723291,6.691678047180176,6.318752765655518,692.2875366210938,824.5523071289062
1785506901.728291,6.702725410461426,6.311699867248535,691.2232055664062,823.9820556640625
1785506901.733291,6.721035957336426,6.321633338928223,692.382080078125,823.3695068359375
1785506901.738291,6.727414608001709,6.325191974639893,693.2418212890625,824.7398071289062
1785506901.743291,6.715240955352783,6.321863651275635,692.7098388671875,824.5935668945312
1785506901.748425,6.701171398162842,6.32087516784668,689.7212524414062,824.3267211914062
1785506901.753413,6.704896450042725,6.318376541137695,689.8040771484375,824.4840087890625
1785506901.758414,6.711527347564697,6.306822299957275,690.35009765625,825.0520629882812
1785506901.773413,6.703383922576904,6.293059349060059,689.5462646484375,824.7012939453125
1785506901.778425,6.692784309387207,6.29803466796875,689.2550048828125,825.2926635742188
1785506901.783413,6.680693626403809,6.292405128479004,690.5940551757812,825.5768432617188
1785506901.788414,6.6963725090026855,6.302145481109619,689.0947265625,824.42431640625
1785506901.793413,6.720734119415283,6.31012487411499,689.3076171875,824.5579833984375
1785506901.798436,6.727527618408203,6.322338581085205,692.4273681640625,822.9322509765625
1785506901.803413,6.729257106781006,6.348938941955566,695.0396728515625,822.2013549804688
1785506901.813425,6.727869510650635,6.3498382568359375,695.4655151367188,818.4970092773438
1785506901.823413,6.728384017944336,6.345272541046143,698.1693115234375,820.8078002929688
1785506901.828425,6.748271942138672,6.342738628387451,695.191162109375,820.0093383789062
1785506901.833414,6.754800319671631,6.343878269195557,694.5040893554688,819.5208740234375
1785506901.838413,6.742148399353027,6.3310227394104,695.2787475585938,822.1683959960938
1785506901.848413,6.741970539093018,6.328554630279541,695.8201904296875,822.5343017578125
1785506901.853414,6.750711441040039,6.32589054107666,693.7298583984375,823.3126831054688
1785506901.858413,6.755405426025391,6.328805923461914,694.840087890625,822.9574584960938
1785506901.863414,6.7533159255981445,6.324525356292725,694.5267333984375,822.968505859375
1785506901.883547,6.76015043258667,6.3115339279174805,696.197265625,823.0314331054688
1785506901.888547,6.747289180755615,6.3093976974487305,695.5778198242188,823.2451171875
1785506901.893547,6.729197978973389,6.316264629364014,695.04638671875,822.8099975585938
1785506901.898547,6.724862575531006,6.301480770111084,694.356201171875,821.169921875
1785506901.908547,6.710885524749756,6.3042707443237305,691.6235961914062,820.597412109375
1785506901.913547,6.700982093811035,6.305858612060547,693.5987548828125,821.561767578125
1785506901.918547,6.698031902313232,6.296455383300781,693.3876953125,821.7315673828125
1785506901.923547,6.692955493927002,6.29530143737793,693.551025390625,821.492431640625
1785506901.928547,6.687254905700684,6.292587757110596,693.3108520507812,822.5755004882812
1785506901.933547,6.6931962966918945,6.288661479949951,692.913818359375,822.8217163085938
1785506901.938547,6.69661283493042,6.282859802246094,693.7017211914062,822.7462158203125
1785506901.943547,6.7068305015563965,6.284438133239746,694.3875122070312,822.6959228515625
1785506901.948547,6.7121429443359375,6.28687047958374,694.1442260742188,822.3336791992188
1785506901.953547,6.719300746917725,6.288265228271484,694.2743530273438,821.178955078125
1785506901.958547,6.705838203430176,6.282785892486572,694.7890014648438,821.7918701171875
1785506901.963547,6.7026543617248535,6.273136138916016,695.7307739257812,822.6005859375
1785506901.973547,6.706880569458008,6.272960186004639,698.0419921875,821.6384887695312
1785506901.978547,6.697766304016113,6.266501426696777,697.4724731445312,820.6760864257812
1785506901.983547,6.706223011016846,6.269781589508057,698.314208984375,820.2567749023438
1785506901.988547,6.711492538452148,6.269959449768066,699.4136962890625,821.3497314453125
1785506901.993547,6.704380512237549,6.274697780609131,699.1530151367188,820.8220825195312
1785506901.998547,6.7009596824646,6.275335788726807,699.1141967773438,821.2462158203125
1785506902.008547,6.703306198120117,6.270533084869385,697.2992553710938,821.8965454101562
1785506902.013547,6.692023277282715,6.274261474609375,697.711669921875,820.461181640625
1785506902.018669,6.708674907684326,6.279210090637207,696.6565551757812,820.6556396484375
1785506902.023669,6.704854965209961,6.274975776672363,696.681396484375,820.5971069335938
1785506902.028669,6.709744930267334,6.275054454803467,697.7301025390625,821.5735473632812
1785506902.033669,6.716494560241699,6.280451774597168,698.0543212890625,820.6529541015625
1785506902.043669,6.706195831298828,6.264133453369141,697.2000732421875,820.2674560546875
1785506902.048669,6.694149971008301,6.261186599731445,696.1714477539062,821.3966064453125
1785506902.053669,6.681734561920166,6.263698577880859,696.5735473632812,820.144775390625
1785506902.058669,6.680947780609131,6.251114368438721,698.214599609375,821.4879150390625
1785506902.068669,6.685532569885254,6.241619110107422,699.0015258789062,822.7780151367188
1785506902.073669,6.687137603759766,6.230556011199951,698.672607421875,823.1055908203125
1785506902.078669,6.700077533721924,6.229783058166504,698.4702758789062,822.9267578125
1785506902.083669,6.704051494598389,6.228488445281982,697.8056030273438,823.8532104492188
1785506902.093669,6.703011512756348,6.220303535461426,699.6741943359375,822.8391723632812
1785506902.098669,6.695228099822998,6.219973564147949,698.1777954101562,821.852783203125
1785506902.103669,6.697875499725342,6.2189106941223145,696.8089599609375,821.9490966796875
1785506902.108669,6.705661773681641,6.216368198394775,694.6268920898438,823.2793579101562
1785506902.113669,6.718441486358643,6.2236175537109375,694.679931640625,824.5181884765625
1785506902.123669,6.7162885665893555,6.220663070678711,693.8237915039062,823.2037963867188
1785506902.128669,6.722776889801025,6.21060037612915,696.7251586914062,823.7059326171875
1785506902.143669,6.698852062225342,6.224684715270996,695.6477661132812,823.7744140625
1785506902.148669,6.706092834472656,6.223723888397217,696.369873046875,823.5507202148438
1785506902.153791,6.6924614906311035,6.217507362365723,696.0989379882812,823.5742797851562
1785506902.158791,6.695730686187744,6.22424840927124,697.34326171875,822.8767700195312
1785506902.163791,6.704347133636475,6.228573799133301,698.4124755859375,822.5653076171875
1785506902.168791,6.703729629516602,6.235861301422119,697.8424072265625,821.6996459960938
1785506902.173791,6.695802211761475,6.2380452156066895,697.4702758789062,821.3794555664062
1785506902.178802,6.708337783813477,6.24700927734375,695.315185546875,822.144775390625
1785506902.183791,6.693066596984863,6.245441436767578,694.9347534179688,822.5643310546875
1785506902.188791,6.689804553985596,6.247417449951172,693.8111572265625,824.970947265625
1785506902.193791,6.684567451477051,6.241120338439941,695.9535522460938,825.170166015625
1785506902.198802,6.681960105895996,6.2398505210876465,695.7276611328125,824.369873046875
1785506902.203791,6.672295093536377,6.23867130279541,696.0623779296875,823.4779663085938
1785506902.208791,6.682668209075928,6.244321346282959,695.4701538085938,823.14697265625
1785506902.213791,6.678549766540527,6.243301868438721,694.8939208984375,822.6137084960938
1785506902.218791,6.690065383911133,6.243978023529053,695.3538208007812,821.0933837890625
1785506902.223791,6.683692455291748,6.2403483390808105,696.99169921875,822.8754272460938
1785506902.233791,6.687479496002197,6.240573883056641,698.9022827148438,820.6276245117188
1785506902.238791,6.694112777709961,6.23765230178833,698.918701171875,820.6631469726562
1785506902.243791,6.696750640869141,6.235260486602783,698.4486083984375,821.2769775390625
1785506902.248791,6.679086685180664,6.234191417694092,697.9035034179688,822.429443359375
1785506902.253791,6.673916816711426,6.233330726623535,697.4232788085938,821.6665649414062
1785506902.263791,6.669900417327881,6.233268737792969,697.69580078125,823.1851196289062
1785506902.268791,6.655472278594971,6.230697154998779,697.6561889648438,824.5809936523438
1785506902.273791,6.6736321449279785,6.24107551574707,696.8336181640625,823.63330078125
1785506902.283791,6.676896095275879,6.238304138183594,694.5945434570312,823.3475341796875
1785506902.293802,6.675469875335693,6.2290873527526855,696.3226928710938,822.1010131835938
1785506902.298913,6.683536529541016,6.231549263000488,696.4852294921875,821.3690795898438
1785506902.303914,6.697806358337402,6.217817783355713,696.7019653320312,821.2909545898438
1785506902.308925,6.693064212799072,6.218046188354492,695.1173706054688,821.4874267578125
1785506902.313925,6.685355186462402,6.222147464752197,695.2096557617188,821.0074462890625
1785506902.318913,6.69271183013916,6.23297643661499,695.7402954101562,822.1824340820312
1785506902.323925,6.694310665130615,6.23128080368042,695.7681884765625,823.437744140625
1785506902.328913,6.677062034606934,6.23159122467041,695.8473510742188,823.6348876953125
1785506902.333914,6.6779656410217285,6.231846332550049,694.1845703125,824.1553344726562
1785506902.338936,6.673680782318115,6.232053279876709,695.3224487304688,823.0838012695312
1785506902.343925,6.689603805541992,6.237313270568848,695.7520751953125,823.7190551757812
1785506902.348913,6.6924614906311035,6.248558521270752,694.6597290039062,824.0772705078125
1785506902.353914,6.68982458114624,6.246478080749512,694.5888671875,823.5432739257812
1785506902.358913,6.70158052444458,6.251143932342529,695.43603515625,823.5302124023438
1785506902.363914,6.698462963104248,6.253385543823242,696.10546875,823.9990844726562
1785506902.368913,6.692258358001709,6.24689245223999,695.2849731445312,824.3912353515625
1785506902.373914,6.694949626922607,6.247639179229736,695.7887573242188,824.6256103515625
1785506902.378913,6.694786071777344,6.253129482269287,692.8970947265625,823.580322265625
1785506902.383924,6.68309211730957,6.2520928382873535,693.639892578125,822.5208740234375
1785506902.388913,6.681830883026123,6.257593154907227,695.6715087890625,824.1514892578125
1785506902.393914,6.6767258644104,6.25329065322876,695.393798828125,826.0568237304688
1785506902.398913,6.665001392364502,6.264075756072998,695.02978515625,825.1795654296875
1785506902.403925,6.658973217010498,6.27096700668335,693.8640747070312,823.1629028320312
1785506902.413913,6.662123680114746,6.262658596038818,693.7005615234375,822.9346923828125
1785506902.418914,6.659745216369629,6.255584716796875,692.5118408203125,823.6881103515625
1785506902.423913,6.650582790374756,6.245145320892334,692.3897094726562,823.6128540039062
1785506902.429047,6.655680179595947,6.2508625984191895,693.128173828125,823.567138671875
1785506902.434047,6.669105529785156,6.247813701629639,693.011474609375,822.82421875
1785506902.439047,6.6779961585998535,6.255753517150879,691.3515014648438,823.45947265625
1785506902.444047,6.687287330627441,6.252223491668701,692.717529296875,821.7352294921875
1785506902.449058,6.688300132751465,6.251736640930176,693.6412353515625,822.50634765625
1785506902.454047,6.683039665222168,6.25302791595459,693.3893432617188,822.5737915039062
1785506902.459047,6.681682586669922,6.253316879272461,693.4782104492188,823.3814697265625
1785506902.464047,6.678734302520752,6.249386310577393,692.3862915039062,822.9677734375
1785506902.469047,6.6644721031188965,6.246812343597412,692.4157104492188,822.7977294921875
1785506902.474047,6.673582077026367,6.245450973510742,693.1889038085938,822.4815673828125
1785506902.479047,6.683290481567383,6.248465061187744,692.8925170898438,822.55224609375
1785506902.484047,6.685171127319336,6.2486958503723145,692.4236450195312,821.883544921875
1785506902.489047,6.690813064575195,6.249749660491943,694.5720825195312,822.4093017578125
1785506902.494047,6.693163871765137,6.251513957977295,693.8884887695312,822.6676025390625
1785506902.499047,6.689324378967285,6.253882884979248,693.7391357421875,821.3734130859375
1785506902.504047,6.689061164855957,6.255121231079102,691.5011596679688,821.9178466796875
1785506902.509047,6.68709135055542,6.261885643005371,691.8881225585938,821.5886840820312
1785506902.519047,6.701984405517578,6.27163028717041,692.9404296875,821.9608154296875
1785506902.524047,6.692507266998291,6.265017986297607,692.4934692382812,821.5842895507812
1785506902.529047,6.695644378662109,6.274177074432373,693.5960693359375,821.8795166015625
1785506902.539047,6.710106372833252,6.2767252922058105,692.18798828125,820.7631225585938
1785506902.544047,6.695764541625977,6.281053066253662,692.4932250976562,821.0325927734375
1785506902.554047,6.6823039054870605,6.2884202003479,696.1826782226562,821.7096557617188
1785506902.559047,6.673341751098633,6.270696640014648,696.3880004882812,821.994384765625
1785506902.569169,6.694315433502197,6.274943828582764,696.6253051757812,822.0166015625
1785506902.574169,6.700766563415527,6.271341800689697,695.4540405273438,821.8280029296875
1785506902.579169,6.6881303787231445,6.267610549926758,694.114501953125,822.3797607421875
1785506902.584169,6.69184684753418,6.264700889587402,693.495849609375,820.2734375
1785506902.589169,6.700482368469238,6.268032073974609,693.4024658203125,820.8824462890625
1785506902.594169,6.702976226806641,6.2689900398254395,693.60986328125,820.4945068359375
1785506902.599169,6.688879013061523,6.2769622802734375,693.4634399414062,820.6551513671875
1785506902.604169,6.683913707733154,6.278400897979736,693.9114379882812,821.002197265625
1785506902.609169,6.678877830505371,6.279543876647949,693.711181640625,822.4512939453125
1785506902.614169,6.681512355804443,6.281290054321289,694.2005004882812,822.6002197265625
1785506902.619169,6.670351505279541,6.274218559265137,694.554931640625,822.7080688476562
1785506902.624169,6.670924663543701,6.273924350738525,693.6149291992188,822.4391479492188
1785506902.629169,6.65993070602417,6.272828578948975,693.9639892578125,822.1510620117188
1785506902.634169,6.65557861328125,6.270213603973389,696.0462646484375,823.1135864257812
1785506902.639169,6.657881259918213,6.276238918304443,695.8920288085938,822.1406860351562
1785506902.644169,6.66348123550415,6.287293434143066,695.6395263671875,823.1236572265625
1785506902.659169,6.652835845947266,6.2908034324646,697.6065063476562,821.4843139648438
1785506902.669169,6.659759521484375,6.279682636260986,696.7720336914062,821.7012939453125
1785506902.674169,6.663522243499756,6.279530048370361,697.0467529296875,822.0264282226562
1785506902.679169,6.659776210784912,6.288071155548096,697.1643676757812,822.1817016601562
1785506902.68418,6.6599836349487305,6.299705982208252,697.0542602539062,822.4464721679688
1785506902.689169,6.659208297729492,6.295164585113525,696.0286254882812,821.4630737304688
1785506902.699291,6.652500629425049,6.288934230804443,697.4949340820312,821.3529052734375
1785506902.704291,6.653317928314209,6.286517143249512,697.2472534179688,821.053955078125
1785506902.709291,6.6519999504089355,6.2816596031188965,696.3412475585938,822.4480590820312
1785506902.714291,6.662484169006348,6.28737735748291,696.7229614257812,822.8101806640625
1785506902.719291,6.654409885406494,6.287440776824951,696.4934692382812,821.8270263671875
1785506902.724291,6.655827522277832,6.278459548950195,696.0667724609375,821.6178588867188
1785506902.729291,6.649991989135742,6.271827220916748,694.8013916015625,822.1131591796875
1785506902.734291,6.66337776184082,6.266313552856445,695.3998413085938,822.587890625
1785506902.739291,6.661101341247559,6.2600555419921875,694.607177734375,822.0048828125
1785506902.749291,6.673225402832031,6.270904064178467,692.04541015625,821.2141723632812
1785506902.754291,6.673588275909424,6.271853923797607,692.4762573242188,821.5554809570312
1785506902.759291,6.670023441314697,6.269840717315674,691.3245239257812,822.33154296875
1785506902.769291,6.672334671020508,6.274150848388672,692.1378173828125,822.1181030273438
1785506902.779291,6.680113792419434,6.27496862411499,692.8419189453125,823.9869995117188
1785506902.784302,6.6870245933532715,6.268848419189453,692.720703125,824.1390380859375
1785506902.804302,6.696042537689209,6.279343128204346,692.47265625,819.9882202148438
1785506902.814291,6.6918230056762695,6.27926778793335,691.7424926757812,818.9768676757812
1785506902.819291,6.693816661834717,6.2948503494262695,691.041015625,820.7398681640625
1785506902.824291,6.705842971801758,6.28717565536499,690.3646850585938,821.2749633789062
1785506902.833924,6.697697162628174,6.291670799255371,692.2938842773438,821.41015625
1785506902.838924,6.698709487915039,6.292572021484375,691.4769897460938,820.8539428710938
1785506902.843924,6.70803165435791,6.2975053787231445,691.7421264648438,820.3678588867188
1785506902.848924,6.709016799926758,6.298162460327148,692.6053466796875,819.0942993164062
1785506902.853924,6.702904224395752,6.296637535095215,691.6961669921875,820.1239624023438
1785506902.858924,6.690353870391846,6.293416976928711,691.6923217773438,820.8079223632812
1785506902.863924,6.7018585205078125,6.294321060180664,691.4033203125,821.1063842773438
1785506902.868924,6.707939147949219,6.290546894073486,691.5989990234375,821.465087890625
1785506902.873924,6.716507434844971,6.289066314697266,689.987548828125,822.0562133789062
1785506902.878935,6.7132744789123535,6.28519868850708,690.3222045898438,821.1038208007812
1785506902.883924,6.710317611694336,6.292171001434326,690.5970458984375,821.1588745117188
1785506902.888935,6.715267658233643,6.296494007110596,691.6558837890625,820.6594848632812
1785506902.898924,6.7170233726501465,6.300398349761963,692.1464233398438,820.8938598632812
1785506902.903924,6.709421634674072,6.298821926116943,691.9954223632812,820.7518920898438
1785506902.908924,6.709723949432373,6.303071022033691,691.6268310546875,822.00146484375
1785506902.913924,6.700890064239502,6.307418346405029,691.5938110351562,821.2739868164062
1785506902.918924,6.708604335784912,6.311840534210205,691.4599609375,821.4320068359375
1785506902.923935,6.698564052581787,6.303182601928711,693.9921875,822.6216430664062
1785506902.943924,6.70046854019165,6.298378944396973,693.7980346679688,822.546875
1785506902.948924,6.720297336578369,6.3007049560546875,692.4319458007812,823.1588134765625
1785506902.953924,6.716488838195801,6.309293270111084,692.6972045898438,822.8495483398438
1785506902.958924,6.7048773765563965,6.294951438903809,692.0073852539062,823.7679443359375
1785506902.963935,6.7041168212890625,6.296261310577393,690.4838256835938,823.306396484375
1785506902.968935,6.706515312194824,6.294370174407959,691.8524169921875,825.1607055664062
1785506902.974058,6.7036309242248535,6.294814586639404,692.061279296875,824.27392578125
1785506902.979058,6.689953804016113,6.290535926818848,690.3742065429688,823.2221069335938
1785506902.984058,6.68144416809082,6.29534387588501,688.8141479492188,823.8819580078125
1785506902.989058,6.681738376617432,6.297632217407227,688.668212890625,822.0274658203125
1785506902.994058,6.69371223449707,6.299578666687012,691.835693359375,822.1513671875
1785506902.999058,6.690103054046631,6.296869277954102,692.84912109375,821.9815673828125
1785506903.004058,6.691387176513672,6.294548034667969,692.792236328125,822.1278076171875
1785506903.009058,6.705314636230469,6.308726787567139,693.2617797851562,821.8947143554688
1785506903.014058,6.701343536376953,6.311667442321777,691.76904296875,821.8282470703125
1785506903.019058,6.716194152832031,6.309896945953369,691.6077880859375,820.1028442382812
1785506903.029058,6.729819297790527,6.317511081695557,694.378173828125,819.4617919921875
1785506903.034069,6.726232051849365,6.318695068359375,693.9183349609375,819.5587768554688
1785506903.044058,6.7337236404418945,6.303883075714111,691.9983520507812,821.9227294921875
1785506903.049057,6.7249298095703125,6.314347267150879,691.9193115234375,820.08544921875
1785506903.054058,6.723878383636475,6.318558692932129,691.2318115234375,820.1307373046875
1785506903.059069,6.736201286315918,6.314320087432861,690.9318237304688,821.3010864257812
1785506903.064058,6.729676723480225,6.31076192855835,689.72705078125,821.169189453125
1785506903.069058,6.737539291381836,6.320338249206543,691.556640625,820.7604370117188
1785506903.079058,6.72306489944458,6.32747745513916,690.8120727539062,820.68896484375
1785506903.084058,6.715315341949463,6.321900367736816,691.9075317382812,820.4163208007812
1785506903.089058,6.711112976074219,6.323146343231201,692.3943481445312,820.2447509765625
1785506903.099058,6.726390838623047,6.339259624481201,692.6793212890625,817.7630615234375
1785506903.10418,6.730645179748535,6.328677654266357,692.623046875,818.8582763671875
1785506903.10918,6.73585844039917,6.335125923156738,694.3034057617188,818.6627197265625
1785506903.11418,6.727635860443115,6.333580017089844,694.4793090820312,818.065185546875
1785506903.11918,6.739186763763428,6.338638782501221,693.94140625,819.0626831054688
1785506903.124191,6.739760398864746,6.350832939147949,692.041748046875,818.797119140625
1785506903.13418,6.735708713531494,6.345423698425293,691.7799682617188,818.6672973632812
1785506903.13918,6.715261459350586,6.336822509765625,691.5775756835938,819.8685302734375
1785506903.14418,6.71339225769043,6.32513952255249,692.742431640625,818.9395751953125
1785506903.14918,6.699029922485352,6.317491054534912,692.5386352539062,819.6257934570312
1785506903.15418,6.716197967529297,6.33293342590332,691.6754150390625,819.1312255859375
1785506903.15918,6.719334125518799,6.325648307800293,691.3711547851562,818.86474609375
1785506903.16418,6.725539207458496,6.330814361572266,691.7649536132812,820.6212158203125
1785506903.16918,6.723968982696533,6.330106258392334,692.70263671875,821.1640625
1785506903.17418,6.7328057289123535,6.330352783203125,693.6688842773438,821.0717163085938
1785506903.18918,6.703362464904785,6.325735569000244,692.972412109375,822.4861450195312
1785506903.19418,6.702073097229004,6.31923246383667,692.592529296875,821.6237182617188
1785506903.19918,6.710615158081055,6.337368011474609,692.1907958984375,821.6482543945312
1785506903.20418,6.71345853805542,6.346637725830078,692.412353515625,822.147705078125
1785506903.20918,6.716794490814209,6.3376078605651855,692.1356201171875,822.3428955078125
1785506903.21418,6.715826988220215,6.34413480758667,692.5199584960938,822.4830322265625
1785506903.21918,6.717794895172119,6.341219902038574,692.6945190429688,821.98876953125
1785506903.23418,6.705911159515381,6.334453105926514,690.7362670898438,824.771240234375
1785506903.23918,6.724658489227295,6.346072673797607,689.3794555664062,823.8860473632812
1785506903.244191,6.740524768829346,6.339479923248291,689.3653564453125,824.0971069335938
1785506903.249302,6.729202747344971,6.326171875,689.4508056640625,823.7405395507812
1785506903.254313,6.725912570953369,6.320539474487305,689.4690551757812,823.9348754882812
1785506903.259302,6.726020336151123,6.326532363891602,689.856689453125,821.1287841796875
1785506903.274302,6.705265045166016,6.33294677734375,691.05908203125,822.6806640625
1785506903.279302,6.6968536376953125,6.334989070892334,691.1629638671875,822.129150390625
1785506903.284302,6.709316730499268,6.335367679595947,690.26220703125,822.332275390625
1785506903.294302,6.71665620803833,6.335899829864502,690.3047485351562,823.3668212890625
1785506903.304302,6.70242166519165,6.333485126495361,689.6153564453125,823.2623901367188
1785506903.309302,6.716565132141113,6.334012031555176,691.8641357421875,823.461181640625
1785506903.314302,6.744961261749268,6.350539207458496,689.3848266601562,816.7633056640625
1785506903.319302,6.753347873687744,6.387321472167969,688.9862060546875,815.5146484375
1785506903.324302,6.735650539398193,6.411344051361084,691.3056640625,809.5048828125
1785506903.329302,6.745274543762207,6.435952663421631,693.9229125976562,806.4393310546875
1785506903.334302,6.747644424438477,6.452852249145508,703.0734252929688,789.294189453125
1785506903.339302,6.758295059204102,6.488320350646973,706.8564453125,777.8364868164062
1785506903.354313,6.723945617675781,6.502737998962402,700.4714965820312,768.6278076171875
1785506903.359313,6.701006889343262,6.5049614906311035,694.784912109375,764.7235107421875
1785506903.364302,6.694668769836426,6.490438461303711,694.4083251953125,762.081298828125
1785506903.369302,6.691011428833008,6.486734867095947,694.601318359375,760.82470703125
1785506903.374424,6.700053691864014,6.480499744415283,693.7821044921875,757.08740234375
1785506903.379424,6.704049587249756,6.483520030975342,694.0322265625,753.5977172851562
1785506903.384424,6.702038764953613,6.485744953155518,696.47265625,749.8399047851562
1785506903.389424,6.722250461578369,6.4981913566589355,696.4955444335938,747.8162841796875
1785506903.394435,6.737616539001465,6.495028018951416,697.5515747070312,746.5211181640625
1785506903.399424,6.755775451660156,6.508623123168945,695.6701049804688,742.2982788085938
1785506903.404424,6.76234245300293,6.4974188804626465,693.8621215820312,742.5339965820312
1785506903.409424,6.7735395431518555,6.490863800048828,692.3150634765625,738.2294921875
1785506903.419424,6.784445762634277,6.501956939697266,692.4035034179688,736.001220703125
1785506903.424424,6.779560089111328,6.499593257904053,691.2706298828125,735.3688354492188
1785506903.429424,6.785600185394287,6.4947333335876465,689.360107421875,736.9681396484375
1785506903.434424,6.78844690322876,6.495159149169922,687.745849609375,736.7011108398438
1785506903.439424,6.7860212326049805,6.5007805824279785,686.7320556640625,736.7991333007812
1785506903.444424,6.779247283935547,6.4975433349609375,685.888671875,736.0645751953125
1785506903.449424,6.790515899658203,6.498988628387451,683.6412963867188,736.6119384765625
1785506903.454424,6.788824558258057,6.49500036239624,683.231201171875,735.017333984375
1785506903.459424,6.791325092315674,6.486395835876465,682.1580810546875,734.715087890625
1785506903.464447,6.792399883270264,6.468832492828369,682.8880615234375,734.1461791992188
1785506903.469424,6.788893222808838,6.473010540008545,682.4149169921875,733.7120971679688
1785506903.474424,6.78397274017334,6.4677205085754395,681.7256469726562,734.4136352539062
1785506903.479424,6.787842273712158,6.455023288726807,681.4771728515625,733.0684814453125
1785506903.489424,6.792448997497559,6.4620232582092285,682.8648681640625,732.7324829101562
1785506903.494424,6.806508541107178,6.465878486633301,682.2914428710938,730.412841796875
1785506903.499424,6.793804168701172,6.465431213378906,680.9869995117188,728.999755859375
1785506903.504424,6.799302101135254,6.466948986053467,681.14111328125,729.2767944335938
1785506903.509557,6.802982330322266,6.4647369384765625,681.356201171875,728.6115112304688
1785506903.514558,6.7953996658325195,6.466452598571777,680.41015625,728.9151611328125
1785506903.519557,6.792255878448486,6.468851566314697,680.0531005859375,728.7815551757812
1785506903.529557,6.789041996002197,6.47853422164917,679.742919921875,728.5004272460938
1785506903.534558,6.783443927764893,6.484230041503906,679.9304809570312,728.4973754882812
1785506903.539558,6.773316860198975,6.4774041175842285,679.904296875,727.4358520507812
1785506903.549558,6.771184921264648,6.475244998931885,679.8212890625,728.32275390625
1785506903.554558,6.773294925689697,6.477298259735107,679.1425170898438,727.7819213867188
1785506903.564558,6.78176736831665,6.484102725982666,678.281494140625,726.158447265625
1785506903.574558,6.773521900177002,6.492649078369141,678.9899291992188,727.188720703125
1785506903.579558,6.775936603546143,6.4781813621521,677.8675537109375,727.2373046875
1785506903.584558,6.781925201416016,6.472900390625,678.8075561523438,727.4349365234375
1785506903.589558,6.790516376495361,6.4708452224731445,678.9685668945312,727.84228515625
1785506903.594558,6.786838054656982,6.476883888244629,678.0767822265625,727.3614501953125
1785506903.599558,6.802228927612305,6.480936050415039,678.8006591796875,727.575439453125
1785506903.604558,6.814011096954346,6.4815897941589355,678.6193237304688,728.54931640625
1785506903.609558,6.820140361785889,6.492714881896973,677.5392456054688,729.3677978515625
1785506903.614558,6.820657253265381,6.500335216522217,677.5572509765625,730.065185546875
1785506903.619558,6.806130886077881,6.503220558166504,677.6409301757812,726.3043823242188
1785506903.624557,6.798489570617676,6.503759860992432,679.180419921875,726.054931640625
1785506903.629558,6.791807174682617,6.510746955871582,678.3329467773438,726.18359375
1785506903.639558,6.791569232940674,6.505098819732666,677.1494140625,726.234619140625
1785506903.64968,6.809197425842285,6.496384143829346,676.2945556640625,727.1161499023438
1785506903.654569,6.8030500411987305,6.490114212036133,676.7836303710938,727.7025756835938
1785506903.66468,6.807417869567871,6.486365795135498,677.6364135742188,727.3739013671875
1785506903.67468,6.800450801849365,6.49127721786499,678.427490234375,727.0592651367188
1785506903.67968,6.802039623260498,6.4940595626831055,678.2639770507812,727.1156616210938
1785506903.68468,6.802123069763184,6.495005130767822,678.5491333007812,726.9314575195312
1785506903.69468,6.7914862632751465,6.4947991371154785,678.24951171875,727.6032104492188
1785506903.699691,6.772955894470215,6.488990306854248,676.9788818359375,728.0001220703125
1785506903.70468,6.779505729675293,6.491774082183838,676.7876586914062,727.2752685546875
1785506903.70968,6.775071620941162,6.48425817489624,677.3304443359375,727.7589721679688
1785506903.71468,6.789442539215088,6.496027946472168,677.3258056640625,727.1475219726562
1785506903.72468,6.752075672149658,6.519018650054932,696.6257934570312,733.0944213867188
1785506903.72968,6.719276428222656,6.550119876861572,716.359375,732.4605712890625
1785506903.73468,6.748520851135254,6.582053184509277,730.3343505859375,733.9586791992188
1785506903.73968,6.757489204406738,6.610116481781006,742.6783447265625,735.9304809570312
1785506903.74468,6.736876487731934,6.6242170333862305,750.82177734375,739.9992065429688
1785506903.74968,6.7100749015808105,6.6457037925720215,750.2590942382812,741.5222778320312
1785506903.75468,6.686358451843262,6.654033660888672,745.5196533203125,745.8013916015625
1785506903.75968,6.599671363830566,6.604162693023682,739.5234375,768.5000610351562
1785506903.76468,6.472006320953369,6.521883010864258,752.0951538085938,792.3085327148438
1785506903.76968,6.333291530609131,6.386099815368652,778.0479736328125,795.6947021484375
1785506903.77468,6.212433815002441,6.227131366729736,760.8895263671875,741.5624389648438
1785506903.779802,6.2124199867248535,6.227119445800781,766.5929565429688,644.2232055664062
1785506903.784802,6.2123823165893555,6.227090358734131,752.4267578125,621.473388671875
1785506903.789813,6.212326526641846,6.227035999298096,775.5022583007812,653.1588745117188
1785506903.794802,6.2122650146484375,6.226973533630371,827.2755126953125,594.4668579101562
1785506903.799802,6.212186813354492,6.226907253265381,821.5684814453125,619.9134521484375
1785506903.804802,6.212098121643066,6.22681999206543,802.6113891601562,671.2772827148438
1785506903.809802,6.211996078491211,6.226724147796631,803.6409301757812,657.9725341796875
1785506903.814802,6.211885929107666,6.226620197296143,779.2009887695312,631.063720703125
1785506903.839802,6.211562633514404,6.226261615753174,718.3953247070312,617.171630859375
1785506903.844802,6.211237907409668,6.225951671600342,719.204833984375,626.6112670898438
1785506903.849802,6.210940361022949,6.225678443908691,726.0503540039062,629.4328002929688
1785506903.854802,6.210750102996826,6.2254719734191895,738.6907958984375,648.5726318359375
1785506903.859813,6.21059513092041,6.225308895111084,704.3291625976562,715.6924438476562
1785506903.869802,6.210480213165283,6.225162029266357,731.2076416015625,742.0447387695312
1785506903.874802,6.210385799407959,6.225049018859863,733.11328125,731.0614013671875
1785506903.879802,6.210293769836426,6.224954128265381,754.4639282226562,728.3521728515625
1785506903.884802,6.210201740264893,6.2248640060424805,760.6253662109375,764.0852661132812
1785506903.889802,6.210134506225586,6.224781036376953,761.6119995117188,781.3181762695312
1785506903.894824,6.210056781768799,6.224709510803223,742.2573852539062,788.897705078125
1785506903.904802,6.209995746612549,5.8203911781311035,736.4007568359375,787.8945922851562
1785506903.909813,5.858883380889893,5.8136677742004395,731.1319580078125,789.172607421875
1785506903.914924,5.841489315032959,5.839171886444092,726.6753540039062,795.1690673828125
1785506903.919924,5.904494285583496,5.8655290603637695,725.0987548828125,793.6477661132812
1785506903.924935,5.933287143707275,5.895091533660889,724.2979125976562,790.183837890625
1785506903.934924,5.959090232849121,5.926123142242432,724.9282836914062,786.033935546875
1785506903.939924,5.971333980560303,5.946860313415527,726.1510009765625,780.4954833984375
1785506903.944924,5.9921088218688965,5.958637237548828,730.17724609375,778.6201782226562
1785506903.949924,5.990164279937744,5.983365535736084,729.5408325195312,779.455322265625
1785506903.954924,6.0229268074035645,5.994225978851318,728.938232421875,779.142822265625
1785506903.959946,6.042728424072266,6.000096797943115,730.1734008789062,777.8642578125
1785506903.964924,6.071854114532471,6.026590824127197,727.9759521484375,776.9650268554688
1785506903.969924,6.095273494720459,6.068735122680664,727.9708251953125,776.1763305664062
1785506903.974924,6.124131679534912,6.099592685699463,726.1600952148438,775.6890258789062
1785506903.979924,6.159132480621338,6.125490665435791,726.6190795898438,773.86083984375
1785506903.984924,6.175451755523682,6.164994716644287,724.489990234375,772.12451171875
1785506903.989924,6.190359115600586,6.202345848083496,724.7432250976562,771.0547485351562
1785506903.994924,6.193856239318848,6.237527370452881,723.9496459960938,769.0546875
1785506903.999924,6.211349964141846,6.274965286254883,721.51708984375,765.5391235351562
1785506904.004924,6.227531909942627,6.296675682067871,722.035400390625,764.1513061523438
1785506904.009924,6.2450785636901855,6.3097243309021,723.010009765625,763.6006469726562
1785506904.014924,6.272109031677246,6.334340572357178,723.5011596679688,763.2586669921875
1785506904.024935,6.334730625152588,6.38608980178833,725.6318359375,761.7107543945312
1785506904.029924,6.366603374481201,6.400777339935303,726.554443359375,761.3187866210938
1785506904.034924,6.378213405609131,6.41759729385376,726.7291259765625,759.6754150390625
1785506904.039924,6.391600608825684,6.423513412475586,726.3382568359375,758.3268432617188
1785506904.044935,6.407373905181885,6.440821170806885,725.4852905273438,756.030029296875
1785506904.050058,6.428121566772461,6.459338188171387,725.77685546875,754.9588012695312
1785506904.055058,6.422956943511963,6.480741500854492,724.6760864257812,752.9971313476562
1785506904.060058,6.449338912963867,6.504148006439209,723.9779663085938,751.777587890625
1785506904.065058,6.468819618225098,6.525836944580078,723.6870727539062,750.7062377929688
1785506904.070058,6.467195987701416,6.532540798187256,723.8136596679688,748.6712036132812
1785506904.075058,6.482540130615234,6.535609722137451,725.345703125,746.093994140625
1785506904.080058,6.501891136169434,6.541534423828125,724.3853149414062,745.2235107421875
1785506904.085057,6.514746189117432,6.545108795166016,724.03515625,742.9225463867188
1785506904.090058,6.52277135848999,6.553375720977783,725.2725830078125,740.9442138671875
1785506904.095057,6.5480570793151855,6.560066223144531,725.8281860351562,739.5932006835938
1785506904.100058,6.584349155426025,6.5638322830200195,725.7379760742188,739.6650390625
1785506904.105069,6.603822708129883,6.566752910614014,726.34326171875,740.6989135742188
1785506904.110069,6.600151062011719,6.559998989105225,725.6373291015625,739.4188232421875
1785506904.115057,6.62053918838501,6.5563812255859375,725.81591796875,738.9054565429688
1785506904.120058,6.63190221786499,6.551602363586426,725.2386474609375,738.30419921875
1785506904.125058,6.636183261871338,6.551694393157959,725.081298828125,738.7033081054688
1785506904.130058,6.637582302093506,6.5381903648376465,724.759033203125,738.223876953125
1785506904.140058,6.649947166442871,6.526566982269287,726.1773681640625,739.0628051757812
1785506904.145058,6.642363548278809,6.514374256134033,727.2429809570312,738.6669921875
1785506904.150058,6.654740333557129,6.514510631561279,726.6696166992188,738.9039306640625
1785506904.155058,6.643701553344727,6.521015167236328,727.7830810546875,736.5841674804688
1785506904.160058,6.63456392288208,6.510678291320801,726.9428100585938,735.41259765625
1785506904.165058,6.614934921264648,6.513257026672363,725.3433837890625,735.6555786132812
1785506904.170058,6.586599349975586,6.506103992462158,722.8143920898438,736.3064575195312
1785506904.175058,6.5750298500061035,6.5068888664245605,721.0843505859375,736.27490234375
1785506904.180058,6.574625492095947,6.500105381011963,720.8596801757812,732.2647094726562
1785506904.18518,6.57708740234375,6.4934821128845215,723.1351928710938,732.5128784179688
1785506904.19018,6.568645477294922,6.492199420928955,722.9569702148438,733.0933227539062
1785506904.19518,6.568247318267822,6.490499496459961,722.7931518554688,733.2398681640625
1785506904.20018,6.584812164306641,6.5050506591796875,722.9104614257812,733.149658203125
1785506904.20518,6.582077980041504,6.512103080749512,722.0746459960938,733.5742797851562
1785506904.21018,6.597059726715088,6.506711959838867,720.24267578125,731.7312622070312
1785506904.22018,6.6314826011657715,6.5247697830200195,720.1780395507812,732.0830078125
1785506904.22518,6.6291117668151855,6.536313056945801,719.7357788085938,731.4168090820312
1785506904.23018,6.621307373046875,6.550179958343506,720.9511108398438,731.883544921875
1785506904.23518,6.616319179534912,6.559614181518555,720.2001342773438,731.7367553710938
1785506904.24018,6.627840518951416,6.563610553741455,720.3871459960938,731.6201171875
1785506904.245191,6.626974582672119,6.567427158355713,720.3599243164062,731.40283203125
1785506904.25018,6.636313438415527,6.573657989501953,720.5968627929688,731.265625
1785506904.25518,6.654342174530029,6.579413890838623,720.9224243164062,730.978515625
1785506904.26018,6.670372009277344,6.582201957702637,721.2659301757812,729.6378784179688
1785506904.26518,6.682023525238037,6.581604480743408,721.451171875,731.4266357421875
1785506904.27518,6.70124626159668,6.581611633300781,719.6378784179688,730.95166015625
1785506904.28018,6.688138008117676,6.573277950286865,720.0819091796875,730.726806640625
1785506904.28518,6.670541763305664,6.559835910797119,720.0487670898438,729.3229370117188
1785506904.29018,6.662013053894043,6.56313943862915,720.0343627929688,729.149169921875
1785506904.29518,6.668048858642578,6.550804615020752,719.8045654296875,728.8869018554688
1785506904.30018,6.651190757751465,6.539504528045654,719.149169921875,728.1381225585938
1785506904.30518,6.655745983123779,6.540393352508545,717.8155517578125,727.0472412109375
1785506904.31018,6.654577255249023,6.528552532196045,718.0195922851562,726.4688110351562
1785506904.320302,6.660439491271973,6.516716003417969,717.9440307617188,723.9963989257812
1785506904.325302,6.652519702911377,6.5143141746521,718.0818481445312,724.3109741210938
1785506904.330302,6.648015022277832,6.514505386352539,718.1650390625,727.2329711914062
1785506904.335302,6.648016452789307,6.514927387237549,718.6539916992188,726.580810546875
1785506904.340313,6.637355327606201,6.511949062347412,718.7661743164062,725.9016723632812
1785506904.345302,6.6337432861328125,6.520238399505615,719.4077758789062,725.8341064453125
1785506904.350313,6.6134934425354,6.507538318634033,720.2822265625,725.6484985351562
1785506904.355302,6.605882167816162,6.502845764160156,720.2864990234375,726.1306762695312
1785506904.360302,6.607412815093994,6.50417423248291,719.8590087890625,727.429931640625
1785506904.365302,6.618461608886719,6.507285118103027,719.3334350585938,728.0240478515625
1785506904.370313,6.62418270111084,6.508520603179932,720.3909912109375,728.6605224609375
1785506904.375302,6.6410136222839355,6.5055928230285645,720.6903076171875,729.486328125
1785506904.380302,6.6341400146484375,6.498205661773682,720.8148193359375,730.1602783203125
1785506904.385302,6.6346893310546875,6.49855899810791,720.3305053710938,729.8291625976562
1785506904.390302,6.63351583480835,6.503210067749023,720.12744140625,728.3544311523438
1785506904.395302,6.6324849128723145,6.496760845184326,720.5631713867188,727.82421875
1785506904.400302,6.632413864135742,6.492890357971191,718.9225463867188,727.8510131835938
1785506904.405302,6.6331892013549805,6.497066020965576,719.9431762695312,728.2753295898438
1785506904.410302,6.6256937980651855,6.49518346786499,719.04052734375,728.1824340820312
1785506904.415302,6.621603488922119,6.496936798095703,719.0045166015625,727.6126708984375
1785506904.420302,6.621393203735352,6.496150493621826,718.8623046875,728.1915283203125
1785506904.425302,6.62134313583374,6.494742393493652,717.9231567382812,729.45703125
1785506904.430302,6.623871326446533,6.4968695640563965,718.11474609375,730.0374755859375
1785506904.435302,6.638439178466797,6.506182670593262,721.8009033203125,733.0352783203125
1785506904.440302,6.651244163513184,6.529906749725342,729.5634765625,738.8154296875
1785506904.445302,6.645194053649902,6.564468860626221,755.9094848632812,755.7675170898438
1785506904.450324,6.648608684539795,6.599315166473389,784.08740234375,761.6470947265625
1785506904.455435,6.667047023773193,6.645700931549072,819.199951171875,759.9622192382812
1785506904.460424,6.671473026275635,6.695501804351807,852.9876708984375,748.281005859375
1785506904.465424,6.695444107055664,6.734426021575928,889.0059204101562,753.3164672851562
1785506904.470424,6.713556289672852,6.755107402801514,926.3306884765625,764.4714965820312
1785506904.475446,6.73615026473999,6.7702813148498535,950.842041015625,779.3011474609375
1785506904.480435,6.706038951873779,6.765115261077881,978.4862670898438,783.6131591796875
1785506904.485424,6.619149208068848,6.7360687255859375,1005.1921997070312,783.5816040039062
1785506904.490435,6.588358402252197,6.703127861022949,1029.01123046875,780.5599365234375
1785506904.495435,6.57598352432251,6.663911819458008,1046.7958984375,783.3417358398438
1785506904.500424,6.570168495178223,6.642019271850586,1053.33837890625,780.6079711914062
1785506904.505424,6.570956230163574,6.6227803230285645,1051.52294921875,783.151611328125
1785506904.510424,6.55787992477417,6.6069488525390625,1052.844482421875,782.037841796875
1785506904.515435,6.545602798461914,6.600832939147949,1053.16943359375,781.4863891601562
1785506904.520435,6.529171943664551,6.59522008895874,1052.567138671875,781.492431640625
1785506904.525424,6.523891448974609,6.597407817840576,1052.348876953125,780.7404174804688
1785506904.530435,6.510449409484863,6.588478088378906,1052.230712890625,780.7442016601562
1785506904.535435,6.509400844573975,6.588459491729736,1054.023193359375,779.025146484375
1785506904.540424,6.504581928253174,6.597949504852295,1056.1343994140625,779.1886596679688
1785506904.545424,6.505305290222168,6.597723007202148,1057.05615234375,780.166015625
1785506904.550424,6.502678871154785,6.599430084228516,1057.5968017578125,779.1021728515625
1785506904.555424,6.499454975128174,6.6011786460876465,1058.227294921875,778.91162109375
1785506904.560424,6.500547409057617,6.598021030426025,1058.73974609375,778.7697143554688
1785506904.565424,6.492319107055664,6.60191535949707,1059.4737548828125,779.6480712890625
1785506904.570424,6.483187198638916,6.596551418304443,1060.0860595703125,780.5325927734375
1785506904.575424,6.473299980163574,6.5862579345703125,1057.3978271484375,780.999755859375
1785506904.580435,6.463606834411621,6.594484806060791,1055.818115234375,780.5284423828125
1785506904.585424,6.46066427230835,6.58323335647583,1055.8677978515625,779.4580688476562
1785506904.590435,6.455498218536377,6.573500156402588,1054.9930419921875,777.1400756835938
1785506904.595558,6.430187225341797,6.564321994781494,1056.14404296875,775.9719848632812
1785506904.600446,6.425337314605713,6.561677932739258,1055.5052490234375,773.8973388671875
1785506904.615558,6.404326915740967,6.551580429077148,1056.0126953125,773.4649047851562
1785506904.620558,6.422126770019531,6.542517185211182,1054.890869140625,773.4422607421875
1785506904.625558,6.39874792098999,6.544034957885742,1055.309326171875,773.1571044921875
1785506904.630558,6.396420478820801,6.551430702209473,1055.7122802734375,772.9469604492188
1785506904.640558,6.415032386779785,6.550987243652344,1056.6414794921875,773.9036865234375
1785506904.645558,6.399868965148926,6.553335666656494,1056.68603515625,774.3630981445312
1785506904.650558,6.38737678527832,6.553173542022705,1056.16455078125,775.3727416992188
1785506904.655558,6.3835248947143555,6.556970596313477,1055.50341796875,775.186279296875
1785506904.660558,6.388223171234131,6.555430889129639,1055.6861572265625,775.1635131835938
1785506904.665558,6.392427921295166,6.55327844619751,1054.747314453125,775.5654907226562
1785506904.670557,6.372104644775391,6.54974365234375,1054.4765625,774.9590454101562
1785506904.675558,6.382399082183838,6.547699928283691,1054.8994140625,774.4917602539062
1785506904.680557,6.387204647064209,6.552088737487793,1055.7421875,774.472900390625
1785506904.685558,6.391555309295654,6.558503150939941,1054.28076171875,774.8012084960938
1785506904.690557,6.389529705047607,6.56404447555542,1054.70458984375,774.3229370117188
1785506904.695558,6.394607067108154,6.564593315124512,1054.21826171875,775.3346557617188
1785506904.700557,6.389926910400391,6.561647415161133,1055.187744140625,774.8270263671875
1785506904.705558,6.398373603820801,6.557340621948242,1057.0343017578125,774.2716674804688
1785506904.710558,6.400832653045654,6.555216312408447,1057.1099853515625,773.776123046875
1785506904.720558,6.402647018432617,6.542868137359619,1058.0133056640625,775.814453125
1785506904.73068,6.415689468383789,6.53970193862915,1057.0509033203125,776.06591796875
1785506904.73568,6.438482284545898,6.553623199462891,1056.3797607421875,775.723388671875
1785506904.74068,6.43984842300415,6.559353828430176,1057.57421875,775.1722412109375
1785506904.74568,6.436840534210205,6.55527925491333,1057.7344970703125,774.1151733398438
1785506904.750691,6.4350409507751465,6.55004358291626,1058.7366943359375,774.9779663085938
1785506904.75568,6.440549850463867,6.5529279708862305,1058.569091796875,774.9415893554688
1785506904.76068,6.435172080993652,6.55271053314209,1056.9664306640625,775.3534545898438
1785506904.76568,6.43650484085083,6.552525520324707,1057.5712890625,776.2836303710938
1785506904.77068,6.427102088928223,6.5575432777404785,1058.5555419921875,776.2766723632812
1785506904.77568,6.425739288330078,6.5592756271362305,1057.32470703125,776.9930419921875
1785506904.78068,6.428763389587402,6.565789222717285,1055.821044921875,778.5496215820312
1785506904.785691,6.436394214630127,6.566290855407715,1056.2393798828125,777.4452514648438
1785506904.79068,6.431230545043945,6.566586017608643,1055.597900390625,778.2963256835938
1785506904.795691,6.423297882080078,6.566721439361572,1055.58740234375,778.2192993164062
1785506904.80068,6.403940677642822,6.571683883666992,1056.5584716796875,778.2603759765625
1785506904.80568,6.419332504272461,6.574249267578125,1056.204345703125,777.5899047851562
1785506904.81068,6.423117637634277,6.577975273132324,1056.2901611328125,777.6013793945312
1785506904.82068,6.413280010223389,6.572813510894775,1057.58740234375,778.1512451171875
1785506904.82568,6.422577857971191,6.570871353149414,1058.866455078125,777.1900634765625
1785506904.83068,6.424699306488037,6.5738372802734375,1058.8675537109375,776.4320678710938
1785506904.835691,6.426451683044434,6.577162742614746,1057.177734375,776.6161499023438
1785506904.84068,6.419046401977539,6.574596881866455,1057.1966552734375,776.1828002929688
1785506904.85068,6.418553352355957,6.56375789642334,1055.795166015625,777.4234619140625
1785506904.85568,6.416566371917725,6.566854953765869,1055.64306640625,777.437255859375
1785506904.86068,6.397839069366455,6.568413257598877,1055.9298095703125,777.3829956054688
1785506904.870813,6.383542060852051,6.562087059020996,1055.8502197265625,775.2374267578125
1785506904.875802,6.377366542816162,6.551293849945068,1055.500732421875,775.24169921875
1785506904.885802,6.408820152282715,6.559157848358154,1059.401123046875,777.1904296875
1785506904.890802,6.418033599853516,6.569571018218994,1064.4908447265625,777.357421875
1785506904.895802,6.4178643226623535,6.556163787841797,1074.8182373046875,771.147705078125
1785506904.900802,6.436992645263672,6.547543048858643,1076.2330322265625,767.0910034179688
1785506904.905802,6.441120147705078,6.547171592712402,1074.6201171875,762.7339477539062
1785506904.910802,6.4369659423828125,6.551555633544922,1067.8323974609375,754.3558349609375
1785506904.915802,6.447447299957275,6.571406841278076,1064.9698486328125,753.5619506835938
1785506904.920802,6.4674296379089355,6.576793670654297,1065.273193359375,753.1290283203125
1785506904.925802,6.46851110458374,6.583819389343262,1064.436279296875,754.9275512695312
1785506904.930802,6.4689226150512695,6.587924957275391,1065.03271484375,752.7322998046875
1785506904.935802,6.468806743621826,6.5852766036987305,1064.532958984375,751.669921875
1785506904.945802,6.472314834594727,6.576234340667725,1064.4420166015625,752.3340454101562
1785506904.950813,6.462977886199951,6.581826210021973,1062.7850341796875,752.5758056640625
1785506904.955813,6.469226837158203,6.592837810516357,1062.035400390625,753.6124267578125
1785506904.960802,6.46878719329834,6.592731475830078,1061.9571533203125,753.31494140625
1785506904.965802,6.47179651260376,6.592458724975586,1063.6309814453125,752.09765625
1785506904.970802,6.48117733001709,6.592056751251221,1063.257080078125,752.0772094726562
1785506904.975802,6.4794464111328125,6.588101863861084,1064.310546875,753.1748046875
1785506904.980802,6.4802656173706055,6.592296123504639,1064.803466796875,753.7987670898438
1785506904.985802,6.48923397064209,6.5932769775390625,1064.2197265625,752.76904296875
1785506904.990802,6.49422550201416,6.589797019958496,1063.95361328125,752.1715087890625
1785506904.995824,6.492393970489502,6.584167003631592,1065.228515625,752.8969116210938
1785506905.000935,6.498887062072754,6.583398342132568,1065.2855224609375,753.380615234375
1785506905.005935,6.500876426696777,6.587745189666748,1064.75634765625,754.5349731445312
1785506905.010935,6.494847297668457,6.587394714355469,1064.433349609375,754.8156127929688
1785506905.015935,6.498411655426025,6.583755970001221,1066.0277099609375,753.8080444335938
1785506905.020935,6.5054545402526855,6.583035945892334,1066.2578125,752.330810546875
1785506905.025935,6.503994464874268,6.592294692993164,1065.164794921875,753.440673828125
1785506905.035935,6.4893951416015625,6.591650009155273,1066.3897705078125,752.8976440429688
1785506905.040935,6.492109298706055,6.601780891418457,1066.392578125,753.9359741210938
1785506905.045935,6.487886905670166,6.6099982261657715,1066.9041748046875,753.1981201171875
1785506905.050935,6.4798712730407715,6.607676029205322,1067.26220703125,752.6815185546875
1785506905.055935,6.483788967132568,6.605515480041504,1066.5849609375,752.5938110351562
1785506905.060935,6.474144458770752,6.598283290863037,1066.2275390625,752.48095703125
1785506905.070935,6.466469764709473,6.601282596588135,1065.1640625,752.074951171875
1785506905.075935,6.469940185546875,6.615151882171631,1065.0843505859375,752.741455078125
1785506905.080935,6.469052314758301,6.611024856567383,1065.25244140625,752.3771362304688
1785506905.090935,6.4819722175598145,6.620819091796875,1065.248291015625,753.4890747070312
1785506905.100935,6.486454010009766,6.629251480102539,1067.038818359375,752.2322387695312
1785506905.105935,6.492513179779053,6.632323265075684,1066.1456298828125,752.5663452148438
1785506905.115935,6.482536315917969,6.63384485244751,1068.8804931640625,754.7063598632812
1785506905.120935,6.4823737144470215,6.629590034484863,1068.99658203125,755.9375
1785506905.125935,6.470858097076416,6.63053560256958,1069.2586669921875,755.71728515625
1785506905.130935,6.475689888000488,6.631204605102539,1069.8468017578125,755.04296875
1785506905.140935,6.497138500213623,6.639217853546143,1068.27734375,753.0357055664062
1785506905.146058,6.5176777839660645,6.628294944763184,1068.27099609375,753.3937377929688
1785506905.151057,6.505405426025391,6.638736724853516,1068.750244140625,754.4521484375
1785506905.156058,6.499233245849609,6.6317315101623535,1069.1187744140625,754.477294921875
1785506905.161057,6.488509654998779,6.633325099945068,1069.063232421875,754.039306640625
1785506905.166058,6.4921770095825195,6.6309967041015625,1068.3353271484375,753.7999267578125
1785506905.176058,6.489628314971924,6.628726005554199,1068.5946044921875,754.7124633789062
1785506905.181058,6.524632453918457,6.642834663391113,1067.1624755859375,754.02783203125
1785506905.186058,6.541729927062988,6.634788990020752,1066.4039306640625,753.4136962890625
1785506905.191058,6.564595699310303,6.652289867401123,1065.886962890625,753.3584594726562
1785506905.196058,6.561320781707764,6.6712260246276855,1066.538330078125,754.1461181640625
1785506905.201058,6.561498165130615,6.669999599456787,1067.0726318359375,754.4474487304688
1785506905.211058,6.563986301422119,6.676621437072754,1065.8240966796875,753.9564208984375
1785506905.216058,6.5711188316345215,6.676501750946045,1065.4910888671875,754.1445922851562
1785506905.226058,6.57547664642334,6.672023296356201,1063.8966064453125,754.207275390625
1785506905.231058,6.555908679962158,6.661030292510986,1065.119140625,755.3505249023438
1785506905.236058,6.556711673736572,6.64854621887207,1065.894287109375,754.0797119140625
1785506905.241058,6.563979625701904,6.6443586349487305,1065.97705078125,754.5177612304688
1785506905.251058,6.571958065032959,6.635035037994385,1067.2847900390625,754.2984619140625
1785506905.256058,6.569126605987549,6.626383304595947,1066.956298828125,754.6404418945312
1785506905.261058,6.564859390258789,6.6384596824646,1065.122314453125,756.143310546875
1785506905.266057,6.570798397064209,6.636967658996582,1065.515869140625,755.0900268554688
1785506905.271191,6.5645647048950195,6.6358113288879395,1064.374755859375,755.2157592773438
1785506905.276069,6.564640998840332,6.640382289886475,1065.101318359375,756.1339111328125
1785506905.286191,6.562825679779053,6.651237487792969,1065.999267578125,753.099609375
1785506905.291191,6.565008640289307,6.655943870544434,1066.234375,753.3818969726562
1785506905.296191,6.565764904022217,6.667289733886719,1064.1697998046875,754.0281982421875
1785506905.30118,6.5672783851623535,6.660619735717773,1064.6279296875,753.5291748046875
1785506905.30618,6.557633876800537,6.6721110343933105,1064.6473388671875,753.3740234375
1785506905.31118,6.551294803619385,6.678054332733154,1065.009521484375,753.18798828125
1785506905.31618,6.552989482879639,6.681095600128174,1066.29541015625,752.532470703125
1785506905.321191,6.5787200927734375,6.6877288818359375,1066.217041015625,751.8992309570312
1785506905.32618,6.577737331390381,6.691402435302734,1066.9742431640625,752.0923461914062
1785506905.331191,6.5749945640563965,6.692552089691162,1067.309326171875,752.8425903320312
1785506905.33618,6.577495574951172,6.690690040588379,1066.78173828125,752.1679077148438
1785506905.34118,6.580369472503662,6.6879448890686035,1067.1558837890625,751.3778686523438
1785506905.35118,6.592113494873047,6.693836688995361,1066.6083984375,751.66162109375
1785506905.35618,6.6085920333862305,6.692984104156494,1066.3426513671875,751.9716796875
1785506905.36118,6.617140293121338,6.689373016357422,1066.105712890625,752.8726806640625
1785506905.36618,6.602176666259766,6.682641983032227,1066.353759765625,752.8794555664062
1785506905.37118,6.594574451446533,6.684900283813477,1065.834228515625,752.5865478515625
1785506905.37618,6.5966901779174805,6.684176921844482,1065.353271484375,754.0725708007812
1785506905.38118,6.5888895988464355,6.677483081817627,1065.67578125,754.2971801757812
1785506905.38618,6.594931602478027,6.674300670623779,1066.433349609375,753.3670654296875
1785506905.39118,6.578060626983643,6.673320293426514,1066.607421875,752.9464721679688
1785506905.40118,6.5780134201049805,6.662754535675049,1066.3701171875,751.267333984375
1785506905.406302,6.582993030548096,6.6649489402771,1066.451904296875,752.1695556640625
1785506905.411302,6.575829029083252,6.667812347412109,1066.2210693359375,752.3594970703125
1785506905.416302,6.585464000701904,6.673915386199951,1065.641357421875,752.1798095703125
1785506905.421302,6.592688083648682,6.67371940612793,1065.22314453125,751.76220703125
1785506905.426302,6.593484401702881,6.677069187164307,1065.1142578125,751.5845947265625
1785506905.431302,6.587998867034912,6.669520854949951,1064.873046875,751.7764282226562
1785506905.436302,6.590078353881836,6.669044494628906,1062.545166015625,752.6625366210938
1785506905.446302,6.588350772857666,6.663175106048584,1063.3828125,752.34765625
1785506905.451302,6.579782962799072,6.684446811676025,1063.8123779296875,751.9984130859375
1785506905.456313,6.580400466918945,6.695979118347168,1063.4332275390625,751.89453125
1785506905.461302,6.580064296722412,6.700753211975098,1065.1123046875,751.7489013671875
1785506905.471302,6.59561014175415,6.7025651931762695,1065.27197265625,752.0584106445312
1785506905.476302,6.599838733673096,6.698395729064941,1064.437744140625,753.4795532226562
1785506905.486302,6.587224006652832,6.706730365753174,1065.4046630859375,754.6333618164062
1785506905.491302,6.594933032989502,6.698678016662598,1064.9501953125,754.6909790039062
1785506905.496302,6.594790935516357,6.698484420776367,1066.20263671875,754.8612670898438
1785506905.501302,6.600403308868408,6.7011613845825195,1065.306884765625,753.9276733398438
1785506905.506302,6.6142072677612305,6.700489521026611,1065.266357421875,753.3477783203125
1785506905.511313,6.620978832244873,6.705292224884033,1064.689453125,754.8905029296875
1785506905.516302,6.627297401428223,6.7021355628967285,1066.4627685546875,754.5642700195312
1785506905.526302,6.626870632171631,6.706568717956543,1065.08203125,755.9857177734375
1785506905.531302,6.617554664611816,6.704358100891113,1064.97314453125,755.4501953125
1785506905.536313,6.6128692626953125,6.6939616203308105,1065.910888671875,756.6475219726562
1785506905.541435,6.624739646911621,6.692827224731445,1066.527587890625,755.1528930664062
1785506905.546435,6.634497165679932,6.692859649658203,1066.7855224609375,754.3789672851562
1785506905.551435,6.649605751037598,6.685852527618408,1066.5946044921875,755.6947631835938
1785506905.556435,6.648153781890869,6.689591884613037,1067.04541015625,754.9981079101562
1785506905.561435,6.641369342803955,6.679104328155518,1064.962158203125,753.7493286132812
1785506905.566435,6.611382484436035,6.67874002456665,1046.2659912109375,755.56640625
1785506905.571435,6.573582172393799,6.6760711669921875,1024.630859375,755.57177734375
1785506905.581435,6.557536602020264,6.6907501220703125,1011.6171264648438,759.997802734375
1785506905.586435,6.529881954193115,6.698054313659668,1008.8467407226562,760.4351196289062
1785506905.591435,6.51542329788208,6.6992621421813965,1001.4707641601562,761.1148071289062
1785506905.596435,6.506904602050781,6.700164318084717,1001.481689453125,760.658935546875
1785506905.601435,6.496117115020752,6.700817108154297,1002.4539184570312,763.502685546875
1785506905.606435,6.507974624633789,6.6995134353637695,999.876953125,762.7293090820312
1785506905.611435,6.52755069732666,6.713016033172607,1000.3709106445312,762.1837768554688
1785506905.616435,6.527785301208496,6.718477249145508,1001.2702026367188,762.0331420898438
1785506905.621435,6.52492094039917,6.706830024719238,1001.2486572265625,761.575927734375
1785506905.626435,6.535389423370361,6.711699962615967,999.9628295898438,761.8701171875
1785506905.631435,6.53216028213501,6.708282470703125,999.8060302734375,761.6815795898438
1785506905.641435,6.526055812835693,6.720088481903076,999.9959716796875,762.1632080078125
1785506905.646435,6.516912460327148,6.708481788635254,1000.1138305664062,762.9490966796875
1785506905.651435,6.504066467285156,6.708228588104248,1000.624755859375,763.6300048828125
1785506905.656435,6.512682914733887,6.701657295227051,1002.1000366210938,763.8958129882812
1785506905.661435,6.511343955993652,6.706785202026367,1002.4598999023438,764.722412109375
1785506905.671435,6.516406536102295,6.710042476654053,1002.30908203125,763.5492553710938
1785506905.676558,6.506218433380127,6.69941520690918,1002.9763793945312,763.8008422851562
1785506905.681558,6.530828952789307,6.699586868286133,1002.81005859375,764.0909423828125
1785506905.686558,6.528688430786133,6.689584255218506,1001.610107421875,763.83447265625
1785506905.691558,6.538597583770752,6.694036483764648,1002.4800415039062,763.8707275390625
1785506905.696558,6.542393207550049,6.696139812469482,1003.1937866210938,765.336181640625
1785506905.701558,6.546314239501953,6.712856769561768,1003.419189453125,765.9000244140625
1785506905.706558,6.54860258102417,6.720231056213379,1003.5109252929688,765.4338989257812
1785506905.711558,6.548644542694092,6.721283435821533,1005.1201171875,762.7698974609375
1785506905.716558,6.550162315368652,6.723680019378662,1004.1592407226562,764.9007568359375
1785506905.721558,6.556323051452637,6.7314348220825195,1002.4301147460938,765.255615234375
1785506905.726557,6.54893684387207,6.731261730194092,1002.3955078125,765.4588623046875
1785506905.731558,6.5580949783325195,6.738327980041504,1002.49462890625,764.7799072265625
1785506905.736557,6.56343936920166,6.7417473793029785,1002.8680419921875,765.4199829101562
1785506905.741558,6.5571513175964355,6.734537124633789,1004.3723754882812,765.2477416992188
1785506905.746557,6.541542053222656,6.737841606140137,1005.1978149414062,766.2205810546875
1785506905.751558,6.528611183166504,6.731513977050781,1004.3656005859375,766.3875122070312
1785506905.756558,6.528049468994141,6.7348222732543945,1005.0089721679688,767.35498046875
1785506905.761558,6.535955905914307,6.7482686042785645,1005.7469482421875,767.7438354492188
1785506905.766558,6.533233642578125,6.75007963180542,1006.8319091796875,767.215087890625
1785506905.771558,6.527651786804199,6.749759674072266,1006.340576171875,766.0005493164062
1785506905.776558,6.5228657722473145,6.754125595092773,1006.587646484375,766.80517578125
1785506905.781558,6.527817249298096,6.76017951965332,1006.9718017578125,767.5006713867188
1785506905.786558,6.514368057250977,6.752971649169922,1008.0011596679688,766.5072021484375
1785506905.791558,6.528025150299072,6.767612934112549,1007.4510498046875,767.3432006835938
1785506905.796558,6.5263495445251465,6.770462989807129,1007.5787963867188,767.9060668945312
1785506905.801569,6.524125576019287,6.770995616912842,1007.7532348632812,767.9349975585938
1785506905.806558,6.518986225128174,6.7776713371276855,1008.6270141601562,767.9683837890625
1785506905.81168,6.512892246246338,6.779209613800049,1006.215087890625,770.3381958007812
1785506905.81668,6.5249457359313965,6.775235176086426,1008.04150390625,769.4835205078125
1785506905.82168,6.53322172164917,6.77882719039917,1006.88330078125,769.1867065429688
1785506905.83168,6.540444850921631,6.782631874084473,1006.1836547851562,771.0859375
1785506905.836279,6.541707515716553,6.778861999511719,1006.7335205078125,770.7963256835938
1785506905.841268,6.531595706939697,6.768270492553711,1007.39794921875,770.900146484375
1785506905.846268,6.532083988189697,6.758468151092529,1007.7442016601562,770.9765625
1785506905.851268,6.525428771972656,6.752006530761719,1009.0549926757812,770.617431640625
1785506905.856268,6.528498649597168,6.753614902496338,1008.7960815429688,771.2748413085938
1785506905.861268,6.563945293426514,6.733609676361084,996.1473388671875,774.8301391601562
1785506905.866268,6.640357494354248,6.708927154541016,960.5567016601562,775.4014282226562
1785506905.876268,6.685214996337891,6.7335944175720215,895.4031982421875,753.5386962890625
1785506905.881268,6.7013840675354,6.7871599197387695,854.1572265625,752.9065551757812
1785506905.891268,6.667516231536865,6.803617000579834,799.4118041992188,774.8490600585938
1785506905.896268,6.642813682556152,6.76532506942749,768.4169311523438,784.3453369140625
1785506905.901268,6.5401506423950195,6.6662917137146,748.8358154296875,781.9224853515625
1785506905.906268,6.481977462768555,6.550893783569336,715.57470703125,783.8255004882812
1785506905.911268,6.397410869598389,6.4162445068359375,724.608154296875,789.7815551757812
1785506905.916268,6.2739481925964355,6.245610237121582,715.1099243164062,770.8386840820312
1785506905.921268,6.171388626098633,6.10185432434082,721.0639038085938,747.9476318359375
1785506905.926279,6.065803050994873,5.957904815673828,740.961181640625,721.3966064453125
1785506905.931268,6.0657877922058105,5.7901411056518555,712.7068481445312,647.8223876953125
1785506905.936268,6.065762996673584,5.7901082038879395,652.5341796875,688.6759033203125
1785506905.941268,6.065710544586182,5.790050983428955,682.6983642578125,706.80810546875
1785506905.946402,6.065649032592773,5.7899909019470215,689.4788208007812,674.0798950195312
1785506905.951391,6.065571308135986,5.789927005767822,780.4034423828125,647.7520141601562
1785506905.956391,6.065482139587402,5.789849758148193,769.0460205078125,623.4114379882812
1785506905.96139,6.065378189086914,5.789761543273926,689.3472900390625,600.0947265625
1785506905.966391,6.065260887145996,5.789661407470703,644.2278442382812,619.8074951171875
1785506905.971402,6.065133094787598,5.789552688598633,641.4592895507812,624.490478515625
1785506905.98139,6.064961910247803,5.789402008056641,660.4569702148438,610.3704833984375
1785506905.986391,6.064782619476318,5.789246082305908,663.6118774414062,623.2667846679688
1785506905.99139,6.064592361450195,5.78908634185791,668.7003173828125,619.5703735351562
1785506905.996391,6.064390182495117,5.788919925689697,674.8057250976562,607.7793579101562
1785506906.00139,6.064190864562988,5.78874397277832,684.0884399414062,625.4671020507812
1785506906.006391,6.063982963562012,5.788567543029785,687.3019409179688,618.149658203125
1785506906.016391,6.0637359619140625,5.788360118865967,691.7537841796875,607.4812622070312
1785506906.021402,6.063482284545898,5.78816556930542,661.4022216796875,592.557861328125
1785506906.026391,6.063230037689209,5.78803014755249,664.5149536132812,597.2911987304688
1785506906.03139,6.062985897064209,5.787928581237793,655.1004028320312,687.1253051757812
1785506906.036391,6.062795162200928,5.787865161895752,659.86669921875,710.3191528320312
1785506906.041402,6.062679767608643,5.787807941436768,671.53662109375,703.705078125
1785506906.046391,6.062585353851318,5.787772178649902,672.5778198242188,694.6021118164062
1785506906.05139,6.06251859664917,5.787755012512207,674.41943359375,716.0394287109375
1785506906.056391,6.062460899353027,5.78774356842041,686.7713012695312,744.691650390625
1785506906.06139,6.062421798706055,5.787744045257568,687.765625,740.2429809570312
1785506906.066391,6.06238317489624,5.787741661071777,694.14453125,740.8843994140625
1785506906.071391,6.062361240386963,5.787753582000732,690.6519775390625,756.0752563476562
1785506906.086524,6.062350749969482,5.981849193572998,698.0014038085938,764.4063110351562
1785506906.091524,6.028428077697754,6.043944835662842,700.8038330078125,765.686767578125
1785506906.096524,6.024280071258545,6.073326587677002,695.3063354492188,758.6683959960938
1785506906.101524,6.036662578582764,6.08794641494751,695.4800415039062,753.3485717773438
1785506906.106524,6.036929130554199,6.107057094573975,694.7216186523438,751.8739013671875
1785506906.111524,6.065059661865234,6.144773960113525,693.8351440429688,748.6251220703125
1785506906.116524,6.07442569732666,6.185839653015137,694.1912231445312,747.4605712890625
1785506906.121524,6.098396301269531,6.24163818359375,702.2089233398438,741.6192016601562
1785506906.126524,6.125491142272949,6.300896644592285,703.7117919921875,741.35205078125
1785506906.131524,6.163528919219971,6.373973369598389,703.2713623046875,740.7140502929688
1785506906.136524,6.211045742034912,6.431019306182861,699.965087890625,738.484619140625
1785506906.141524,6.238644123077393,6.477174282073975,699.0376586914062,736.0480346679688
1785506906.146524,6.267935276031494,6.520431995391846,698.8457641601562,738.0982055664062
1785506906.151524,6.293923854827881,6.5539045333862305,698.5840454101562,738.4100952148438
1785506906.156524,6.33838415145874,6.586900234222412,697.5158081054688,735.7051391601562
1785506906.161524,6.386200428009033,6.619552135467529,698.5799560546875,735.6783447265625
1785506906.166524,6.428829669952393,6.64680290222168,696.5564575195312,733.1868286132812
1785506906.171524,6.487004280090332,6.666971206665039,697.201171875,733.4293212890625
1785506906.181524,6.564732551574707,6.700206279754639,695.2822875976562,730.883056640625
1785506906.186524,6.614946365356445,6.7076191902160645,695.7028198242188,725.98583984375
1785506906.191524,6.651637077331543,6.692324638366699,695.5975952148438,722.4421997070312
1785506906.196524,6.679304599761963,6.677924156188965,697.43701171875,719.0621337890625
1785506906.201535,6.713977336883545,6.672328948974609,695.8038330078125,718.287353515625
1785506906.211524,6.755853176116943,6.672880172729492,695.3716430664062,716.3837280273438
1785506906.216646,6.750640869140625,6.665546894073486,694.4935913085938,713.9249267578125
1785506906.221646,6.757641792297363,6.675292491912842,693.8988647460938,711.3929443359375
1785506906.226646,6.762596607208252,6.673431396484375,693.6320190429688,710.7963256835938
1785506906.236646,6.7990546226501465,6.676456451416016,691.7842407226562,708.5994873046875
1785506906.241657,6.803562164306641,6.681561470031738,690.9514770507812,709.6956176757812
1785506906.246646,6.821615219116211,6.683343410491943,690.993896484375,710.2175903320312
1785506906.251646,6.841617107391357,6.687268257141113,691.7684936523438,709.716796875
1785506906.256646,6.843127250671387,6.686501979827881,693.2482299804688,707.6367797851562
1785506906.261646,6.846532344818115,6.689958095550537,694.443115234375,707.0072021484375
1785506906.266646,6.846301555633545,6.6837639808654785,695.3509521484375,704.7005004882812
1785506906.271646,6.838811874389648,6.674706935882568,695.3286743164062,703.8599243164062
1785506906.276646,6.8295674324035645,6.665032863616943,695.8598022460938,701.7986450195312
1785506906.281646,6.831754207611084,6.660021781921387,695.9722290039062,700.381591796875
1785506906.286646,6.8194708824157715,6.656564712524414,696.6268310546875,699.4895629882812
1785506906.291646,6.802365303039551,6.651977062225342,696.862060546875,701.7501220703125
1785506906.296646,6.791286468505859,6.642281532287598,696.88720703125,704.7095947265625
1785506906.301657,6.783149242401123,6.651420593261719,697.39453125,704.0335083007812
1785506906.316646,6.816503524780273,6.644336223602295,692.5910034179688,703.6671142578125
1785506906.321646,6.8193230628967285,6.647460460662842,692.714111328125,702.9561767578125
1785506906.326646,6.825443744659424,6.641604423522949,692.6024169921875,700.919189453125
1785506906.331646,6.839964389801025,6.651938438415527,692.349853515625,700.6137084960938
1785506906.341646,6.843647480010986,6.637744903564453,692.3275146484375,701.01806640625
1785506906.346646,6.867942810058594,6.6295952796936035,692.6375732421875,701.3389892578125
1785506906.351768,6.859030246734619,6.6243977546691895,692.507080078125,700.4869384765625
1785506906.356768,6.8446946144104,6.617583751678467,692.3998413085938,701.0029296875
1785506906.361768,6.842196941375732,6.614151954650879,692.7103271484375,700.9305419921875
1785506906.366768,6.834487438201904,6.611581802368164,696.3223876953125,703.8553466796875
1785506906.371768,6.795772075653076,6.615065097808838,700.1765747070312,706.4577026367188
1785506906.376768,6.760561943054199,6.626153945922852,710.0042114257812,712.8807373046875
1785506906.381779,6.750943183898926,6.636633396148682,728.8048095703125,720.0592651367188
1785506906.386768,6.7400712966918945,6.612335681915283,737.8594970703125,723.0507202148438
1785506906.391779,6.717921733856201,6.593969345092773,740.5203247070312,725.8638916015625
1785506906.396768,6.709734916687012,6.580073356628418,741.6602783203125,726.321533203125
1785506906.401768,6.695266246795654,6.576808929443359,743.381103515625,726.8243408203125
1785506906.406768,6.69279146194458,6.570356369018555,740.6677856445312,727.9212646484375
1785506906.411768,6.6808929443359375,6.566081523895264,739.4310913085938,726.537353515625
1785506906.416768,6.683000087738037,6.556291103363037,738.030029296875,725.852783203125
1785506906.421768,6.679195880889893,6.555665016174316,739.359130859375,728.0393676757812
1785506906.426768,6.678324222564697,6.54337739944458,738.8841552734375,727.1723022460938
1785506906.431768,6.6815900802612305,6.542992115020752,737.3047485351562,724.4495239257812
1785506906.436768,6.695779323577881,6.544878959655762,737.0982666015625,725.7681274414062
1785506906.441768,6.691539287567139,6.537235260009766,735.21337890625,724.4954833984375
1785506906.446768,6.684870719909668,6.535892009735107,736.2276611328125,725.1094970703125
1785506906.451768,6.695713996887207,6.54009485244751,736.3139038085938,725.3960571289062
1785506906.456768,6.701478004455566,6.542563438415527,736.24658203125,725.2249145507812
1785506906.461768,6.708337306976318,6.549959182739258,735.9314575195312,725.0390014648438
1785506906.466768,6.716886043548584,6.544439315795898,735.6998291015625,724.9276733398438
1785506906.471779,6.708850383758545,6.529933452606201,735.3530883789062,723.9488525390625
1785506906.476768,6.718860626220703,6.535398483276367,735.4762573242188,723.5316772460938
1785506906.481768,6.72109317779541,6.529904842376709,735.7218017578125,723.7149047851562
1785506906.486891,6.736084461212158,6.539205551147461,734.688720703125,722.7716064453125
1785506906.49189,6.736726760864258,6.546012878417969,734.5338745117188,723.634765625
1785506906.501902,6.735509395599365,6.547295093536377,733.9467163085938,722.5563354492188
1785506906.506891,6.729369640350342,6.55419921875,735.3619995117188,723.4884033203125
1785506906.51189,6.74448823928833,6.557986736297607,734.8433227539062,722.7935180664062
1785506906.516891,6.748872756958008,6.565559387207031,735.0917358398438,722.7364501953125
1785506906.531891,6.758938312530518,6.561062812805176,735.1400756835938,720.7705078125
1785506906.536891,6.741155624389648,6.550621509552002,733.8380737304688,721.6126098632812
1785506906.541891,6.731226444244385,6.547206878662109,734.9432373046875,721.46435546875
1785506906.54689,6.754989147186279,6.544613361358643,735.2777099609375,721.7376708984375
1785506906.551891,6.752501487731934,6.548476696014404,735.6929931640625,721.7066040039062
1785506906.55689,6.7522172927856445,6.5526556968688965,735.6539916992188,721.6300659179688
1785506906.571902,6.752846717834473,6.554999351501465,734.1640625,721.237548828125
1785506906.57689,6.765666484832764,6.558948040008545,734.2003784179688,721.61865234375
1785506906.581891,6.761817932128906,6.5552544593811035,734.712158203125,721.19873046875
1785506906.58689,6.76289701461792,6.547281265258789,735.7894287109375,720.1994018554688
1785506906.591891,6.742016315460205,6.549835681915283,735.5610961914062,720.3907470703125
1785506906.59689,6.725056171417236,6.549103736877441,734.6094970703125,719.1138916015625
1785506906.601891,6.721434116363525,6.535562992095947,733.0198974609375,719.2347412109375
1785506906.60689,6.744958877563477,6.561537742614746,717.9266357421875,710.3098754882812
1785506906.611902,6.749834060668945,6.580803394317627,702.5133056640625,692.456787109375
1785506906.61689,6.775854587554932,6.596942901611328,691.3532104492188,680.089111328125
1785506906.621902,6.769386291503906,6.589574337005615,677.8069458007812,672.6434936523438
1785506906.627024,6.764385223388672,6.563936233520508,666.2405395507812,657.95556640625
1785506906.632024,6.761531352996826,6.550114154815674,664.1012573242188,643.434814453125
1785506906.637024,6.774112701416016,6.546672344207764,665.3135375976562,635.6327514648438
1785506906.642024,6.778168678283691,6.536330223083496,667.8470458984375,630.4535522460938
1785506906.647024,6.7814483642578125,6.537548542022705,668.5382690429688,629.8665161132812
1785506906.652024,6.799788951873779,6.53722620010376,670.3414916992188,630.378662109375
1785506906.657024,6.811342716217041,6.535524368286133,671.388916015625,631.7039184570312
1785506906.672024,6.831464767456055,6.546084403991699,672.28076171875,632.1043701171875
1785506906.682024,6.833864688873291,6.550978183746338,670.1494750976562,632.7410278320312
1785506906.687024,6.844457626342773,6.541255950927734,669.8438720703125,631.4791870117188
1785506906.692024,6.858514785766602,6.551517486572266,670.0027465820312,631.8836059570312
1785506906.697024,6.866973876953125,6.561405181884766,668.9490356445312,631.0317993164062
1785506906.702024,6.8557047843933105,6.571117401123047,669.023193359375,632.5359497070312
1785506906.707024,6.853705883026123,6.57883358001709,669.499755859375,631.7463989257812
1785506906.712024,6.849903583526611,6.582200527191162,668.4091796875,632.3211669921875
1785506906.717024,6.8572540283203125,6.575718402862549,669.7803344726562,631.9522705078125
1785506906.722024,6.867631435394287,6.581479549407959,671.1925659179688,631.189697265625
1785506906.727024,6.861337661743164,6.58093786239624,670.6837768554688,631.6705932617188
1785506906.747024,6.8457841873168945,6.573414325714111,670.8656005859375,634.1771240234375
1785506906.752024,6.8196797370910645,6.558266639709473,671.306640625,635.9398193359375
1785506906.757024,6.812121391296387,6.547809600830078,671.3041381835938,634.1304321289062
1785506906.762146,6.809885501861572,6.566310882568359,670.9756469726562,634.7077026367188
1785506906.767146,6.813709735870361,6.584939479827881,670.6251831054688,635.5230102539062
1785506906.772146,6.811028957366943,6.586703777313232,670.54638671875,634.292724609375
1785506906.777146,6.814907073974609,6.578283786773682,669.9807739257812,632.9451293945312
1785506906.782146,6.8136115074157715,6.574997425079346,669.8602294921875,633.440673828125
1785506906.792146,6.807024002075195,6.587337493896484,671.9269409179688,632.8076782226562
1785506906.797146,6.813112735748291,6.586969375610352,672.03271484375,634.42822265625
1785506906.802146,6.808125019073486,6.575793266296387,670.8142700195312,635.4331665039062
1785506906.807146,6.795712471008301,6.5677080154418945,669.4404296875,635.0
1785506906.832146,6.808712005615234,6.548077583312988,668.9627685546875,636.744384765625
1785506906.837146,6.816812515258789,6.537506103515625,669.6019897460938,636.4442138671875
1785506906.842146,6.814224720001221,6.528279781341553,669.1051025390625,636.1376342773438
1785506906.847146,6.810059547424316,6.517244815826416,669.0531005859375,636.1583862304688
1785506906.852146,6.782822132110596,6.514730453491211,669.5443115234375,636.400146484375
1785506906.872146,6.754946231842041,6.480977535247803,669.9515991210938,637.618408203125
1785506906.877146,6.752719879150391,6.477092266082764,669.5045776367188,637.6182250976562
1785506906.882146,6.753617763519287,6.48557710647583,670.4276733398438,636.18701171875
1785506906.887146,6.765627384185791,6.49045467376709,670.0679931640625,636.324462890625
1785506906.892268,6.745932579040527,6.484626293182373,670.2249145507812,635.690185546875
1785506906.897268,6.745042324066162,6.497628688812256,670.3426513671875,636.1426391601562
1785506906.902268,6.743627548217773,6.498415946960449,672.0137329101562,638.3402709960938
1785506906.907279,6.7522430419921875,6.4896464347839355,672.301513671875,636.958251953125
1785506906.912268,6.750341415405273,6.490849018096924,671.8377685546875,635.57763671875
1785506906.932268,6.732028484344482,6.495739936828613,670.6698608398438,634.1402587890625
1785506906.937268,6.70229434967041,6.476430416107178,669.5278930664062,633.7385864257812
1785506906.942268,6.711757659912109,6.483492374420166,670.2701416015625,635.0350952148438
1785506906.947268,6.713377952575684,6.478842258453369,670.2666625976562,635.0128784179688
1785506906.952268,6.710686683654785,6.482639789581299,670.3568115234375,636.3880615234375
1785506906.957268,6.71980094909668,6.473748207092285,670.1032104492188,636.5963134765625
1785506906.962268,6.7196550369262695,6.467624664306641,670.3239135742188,636.9533081054688
1785506906.967268,6.7187371253967285,6.470311641693115,671.2448120117188,635.9702758789062
1785506906.972268,6.722707748413086,6.463534832000732,669.71337890625,634.6170654296875
1785506906.977268,6.7027058601379395,6.452630996704102,668.1245727539062,633.6159057617188
1785506906.982268,6.693065643310547,6.442798137664795,667.3862915039062,633.4200439453125
1785506906.987268,6.695659160614014,6.437406063079834,667.261962890625,633.3868408203125
1785506906.992268,6.696491718292236,6.439222812652588,666.8290405273438,632.59033203125
1785506906.997268,6.70089054107666,6.4369120597839355,666.610107421875,633.5265502929688
1785506907.002268,6.704908847808838,6.439476013183594,666.5157470703125,634.2613525390625
1785506907.007268,6.716072082519531,6.447025775909424,668.003662109375,633.7265625
1785506907.012268,6.7183356285095215,6.457135200500488,669.1708984375,633.2332153320312
1785506907.017268,6.724399089813232,6.470176696777344,668.5367431640625,634.4112548828125
1785506907.022268,6.721360683441162,6.46996545791626,668.6543579101562,635.200439453125
1785506907.027402,6.7169365882873535,6.472958564758301,668.17041015625,635.5726928710938
1785506907.032279,6.722037315368652,6.482751846313477,668.0214233398438,637.0839233398438
1785506907.03739,6.7256879806518555,6.471513271331787,667.4786376953125,636.969970703125
1785506907.042391,6.750124931335449,6.4712677001953125,667.8604125976562,637.039306640625
1785506907.047402,6.767229080200195,6.4586710929870605,667.6246337890625,638.2645263671875
1785506907.052391,6.775236129760742,6.44515323638916,667.82958984375,638.5101928710938
1785506907.057402,6.768811225891113,6.440783500671387,667.0231323242188,638.5403442382812
1785506907.062391,6.709929466247559,6.436402320861816,667.891357421875,642.922119140625
1785506907.06739,6.605777263641357,6.3984246253967285,662.42529296875,654.35693359375
1785506907.072391,6.47174072265625,6.312533378601074,661.918701171875,659.6217651367188
1785506907.07739,6.292303562164307,6.159729957580566,680.2095336914062,650.57958984375
1785506907.082391,6.0699543952941895,6.159720420837402,739.0908813476562,658.0692138671875
1785506907.08739,6.069940567016602,6.159692287445068,686.3463134765625,614.1494750976562
1785506907.092402,6.069899559020996,6.159642696380615,711.4761352539062,649.0132446289062
1785506907.127391,6.069370746612549,6.1591057777404785,699.0713500976562,599.2401123046875
1785506907.13239,6.06884241104126,6.158571243286133,694.870849609375,601.3380126953125
1785506907.137391,6.068319320678711,6.158020973205566,704.6768798828125,592.1829833984375
1785506907.14239,6.067800521850586,6.157529830932617,707.6974487304688,590.1041259765625
1785506907.147391,6.067259311676025,6.156975269317627,682.5506591796875,533.8037719726562
1785506907.15239,6.066667556762695,6.156408309936523,689.3630981445312,550.1355590820312
1785506907.162524,6.066211700439453,6.155934810638428,689.2966918945312,601.7011108398438
1785506907.167524,6.06594181060791,6.155574321746826,692.07080078125,581.1453247070312
1785506907.172524,6.065739631652832,6.155278205871582,720.12451171875,639.801025390625
1785506907.177524,6.065593242645264,6.155023574829102,736.521240234375,663.814697265625
1785506907.182535,6.065488338470459,6.154811382293701,752.8179321289062,726.495849609375
1785506907.192524,6.065371990203857,6.1546454429626465,762.6527709960938,711.001953125
1785506907.202524,6.065267562866211,6.154507637023926,752.9655151367188,745.6701049804688
1785506907.207524,6.065169811248779,6.15438175201416,773.0789184570312,736.8604125976562
1785506907.212524,6.0651116371154785,6.154289245605469,797.870849609375,711.545166015625
1785506907.217524,5.872377395629883,5.837642669677734,816.4659423828125,718.3070068359375
1785506907.222524,5.867084503173828,5.850256443023682,822.9593505859375,728.3773193359375
1785506907.227524,5.860086441040039,5.8711161613464355,839.7510375976562,743.19140625
1785506907.232524,5.885319232940674,5.8919453620910645,866.857666015625,724.4769287109375
1785506907.237524,5.96112060546875,5.935805320739746,908.3218383789062,723.9459838867188
1785506907.242524,6.0406622886657715,6.00104284286499,927.7058715820312,734.9266357421875
1785506907.247524,6.120498180389404,6.049041748046875,957.4678955078125,735.4591064453125
1785506907.257524,6.220699787139893,6.1210856437683105,1001.7020263671875,739.1201782226562
1785506907.262524,6.304142475128174,6.192287445068359,1014.9530029296875,748.886962890625
1785506907.267535,6.371469497680664,6.280620574951172,1020.4025268554688,746.2233276367188
1785506907.272524,6.42810583114624,6.354038238525391,1032.1575927734375,747.9473876953125
1785506907.277524,6.4973273277282715,6.435579299926758,1035.618408203125,750.68505859375
1785506907.282524,6.548736095428467,6.523214340209961,1035.5533447265625,749.9125366210938
1785506907.287524,6.585886001586914,6.592708110809326,1036.033203125,751.604736328125
1785506907.292524,6.64293098449707,6.6527180671691895,1035.51220703125,751.8435668945312
1785506907.297646,6.669177532196045,6.701472759246826,1033.3134765625,746.7957763671875
1785506907.302646,6.698592662811279,6.734655380249023,1033.379638671875,742.7908935546875
1785506907.307657,6.720113754272461,6.7498250007629395,1031.5986328125,741.2955932617188
1785506907.322646,6.755173683166504,6.782354831695557,1031.002197265625,737.5118408203125
1785506907.332646,6.736172199249268,6.801656246185303,1029.198974609375,729.6131591796875
1785506907.337646,6.679333686828613,6.76945686340332,1028.2681884765625,728.1771240234375
1785506907.342646,6.624240398406982,6.741785049438477,1027.1904296875,726.6858520507812
1785506907.347646,6.590357780456543,6.742668151855469,1025.686279296875,724.9740600585938
1785506907.352646,6.550032138824463,6.739770889282227,1025.2259521484375,724.3781127929688
1785506907.357646,6.540496826171875,6.732986927032471,1024.60595703125,722.6427612304688
1785506907.362646,6.5158820152282715,6.719425678253174,1024.7552490234375,722.840087890625
1785506907.367646,6.515059471130371,6.709448337554932,1024.315673828125,723.0421752929688
1785506907.372657,6.497599124908447,6.698975563049316,1024.268310546875,723.3959350585938
1785506907.377657,6.493272304534912,6.699512481689453,1022.1203002929688,725.3455810546875
1785506907.382646,6.491410732269287,6.687862396240234,1020.4869995117188,725.1631469726562
1785506907.387646,6.484732151031494,6.688058376312256,1019.3619995117188,724.4962768554688
1785506907.392646,6.487410068511963,6.678175449371338,1018.2301635742188,724.835693359375
1785506907.397646,6.4922003746032715,6.685645580291748,1019.109619140625,724.2601928710938
1785506907.402646,6.502010822296143,6.679780960083008,1019.2578125,725.0623779296875
1785506907.407646,6.5052618980407715,6.682224273681641,1020.2520751953125,723.6602783203125
1785506907.412646,6.510104656219482,6.677866458892822,1019.3622436523438,723.629150390625
1785506907.422646,6.514479160308838,6.661747932434082,1017.32861328125,722.818359375
1785506907.432646,6.540837287902832,6.6588616371154785,1019.3412475585938,722.732666015625
1785506907.437768,6.547061920166016,6.665343761444092,1019.9981079101562,722.8582763671875
1785506907.447768,6.551673889160156,6.6659836769104,1018.9719848632812,724.609375
1785506907.452768,6.539608001708984,6.65871000289917,1018.919189453125,725.101806640625
1785506907.457768,6.547840595245361,6.662474155426025,1018.9239501953125,725.7431640625
1785506907.462768,6.559104919433594,6.661613464355469,1019.2330322265625,726.1426391601562
1785506907.467768,6.552097320556641,6.6638007164001465,1020.1004028320312,725.9241333007812
1785506907.472768,6.543386459350586,6.66840934753418,1019.8438720703125,726.0003051757812
1785506907.477768,6.555657863616943,6.676762580871582,1020.45068359375,725.2576904296875
1785506907.492768,6.551937580108643,6.691646099090576,1017.682861328125,726.3455200195312
1785506907.497768,6.568408012390137,6.696880340576172,1016.8690795898438,726.2332153320312
1785506907.502768,6.562464237213135,6.692169189453125,1016.7127685546875,726.8291015625
1785506907.507779,6.560764789581299,6.693434238433838,1018.017333984375,725.4179077148438
1785506907.512768,6.556389808654785,6.692370891571045,1018.6488037109375,725.0230712890625
1785506907.517768,6.547089099884033,6.686662673950195,1017.0631713867188,728.0653076171875
1785506907.522768,6.543066501617432,6.674471855163574,1017.0946044921875,726.6987915039062
1785506907.527768,6.552426338195801,6.680521488189697,1018.2481079101562,725.5826416015625
1785506907.537768,6.576033115386963,6.681305885314941,1017.6472778320312,726.3312377929688
1785506907.542768,6.565663814544678,6.675024032592773,1016.6292114257812,728.6959838867188
1785506907.547768,6.541940212249756,6.671032905578613,1019.4728393554688,735.1555786132812
1785506907.552779,6.519852161407471,6.6706461906433105,1019.7896118164062,752.016357421875
1785506907.557768,6.511745452880859,6.677670478820801,1016.9781494140625,765.813232421875
1785506907.567768,6.489743232727051,6.689079761505127,1017.6163940429688,763.7443237304688
1785506907.572891,6.478806495666504,6.695858001708984,1016.9010620117188,766.0960693359375
1785506907.577891,6.485106945037842,6.6991658210754395,1015.5476684570312,767.6473999023438
1785506907.582891,6.480393409729004,6.699848175048828,1016.22265625,766.8424072265625
1785506907.587891,6.457841396331787,6.709326267242432,1015.2852783203125,766.4300537109375
1785506907.597891,6.452228546142578,6.712677001953125,1013.8561401367188,767.6223754882812
1785506907.602902,6.449835300445557,6.705807685852051,1015.5513916015625,766.442626953125
1785506907.607902,6.4636759757995605,6.717577934265137,1013.8375244140625,766.4408569335938
1785506907.61289,6.472444534301758,6.719572067260742,1013.783935546875,765.9505004882812
1785506907.617891,6.4771881103515625,6.710144519805908,1013.221923828125,765.9321899414062
1785506907.622902,6.483947277069092,6.702061653137207,1011.9459838867188,765.85205078125
1785506907.627891,6.480105876922607,6.68553352355957,1011.3734741210938,766.2068481445312
1785506907.63289,6.47855806350708,6.685305118560791,1011.6698608398438,766.6806640625
1785506907.637891,6.484952926635742,6.684443473815918,1012.0406494140625,767.2935180664062
1785506907.64289,6.4862589836120605,6.683874607086182,1011.2905883789062,766.751708984375
1785506907.647891,6.487354278564453,6.6801838874816895,1010.5032958984375,766.6805419921875
1785506907.652902,6.49243688583374,6.678813457489014,1011.1527099609375,766.8433227539062
1785506907.657891,6.495954990386963,6.686117172241211,1011.2137451171875,766.045166015625
1785506907.667902,6.497254371643066,6.687625408172607,1009.5072631835938,766.7318725585938
1785506907.67289,6.509521484375,6.690341472625732,1010.6217041015625,767.3475341796875
1785506907.677891,6.50460147857666,6.692566394805908,1010.1495971679688,764.9630126953125
1785506907.682902,6.498530387878418,6.691693305969238,1010.3460083007812,764.8364868164062
1785506907.687902,6.514589786529541,6.6935930252075195,1010.53369140625,764.349853515625
1785506907.69289,6.514134883880615,6.6951823234558105,1010.55908203125,764.5000610351562
1785506907.697891,6.505754470825195,6.699952602386475,1010.1923217773438,764.703857421875
1785506907.702891,6.518044471740723,6.703129291534424,1011.181396484375,764.9820556640625
1785506907.718024,6.507014751434326,6.708168983459473,1009.2799072265625,765.06494140625
1785506907.723024,6.504983425140381,6.717604637145996,1009.3070068359375,765.2590942382812
1785506907.728024,6.5150227546691895,6.714101791381836,1008.4776611328125,764.6631469726562
1785506907.733024,6.501823902130127,6.716246128082275,1009.9320068359375,765.8361206054688
1785506907.743024,6.5131025314331055,6.722543716430664,1010.5809326171875,767.1700439453125
1785506907.748024,6.534831523895264,6.729010105133057,1010.5106201171875,767.0401000976562
1785506907.753024,6.538124084472656,6.731812477111816,1010.9682006835938,767.3462524414062
1785506907.763024,6.539237976074219,6.743782997131348,1012.2607421875,767.269775390625
1785506907.768024,6.528859615325928,6.742889881134033,1011.934814453125,766.164794921875
1785506907.773024,6.5390143394470215,6.749143123626709,1011.33544921875,765.9163818359375
1785506907.778024,6.535416603088379,6.746223449707031,1011.8763427734375,766.5401611328125
1785506907.783024,6.5360822677612305,6.748293876647949,1010.6194458007812,765.7058715820312
1785506907.788024,6.5428667068481445,6.746194839477539,1010.9679565429688,765.2998046875
1785506907.793024,6.540440082550049,6.740699291229248,1011.400146484375,765.6002197265625
1785506907.798024,6.547826766967773,6.732415676116943,1009.4912719726562,766.4185791015625
1785506907.803024,6.553112030029297,6.737353801727295,1010.4238891601562,765.8211669921875
1785506907.808024,6.542095184326172,6.729658126831055,1012.1697387695312,765.4639282226562
1785506907.813024,6.541693210601807,6.735682487487793,1011.9312133789062,766.7404174804688
1785506907.818024,6.555530548095703,6.733376502990723,1011.6239624023438,766.6064453125
1785506907.823024,6.543236255645752,6.734694480895996,1012.1343994140625,766.2192993164062
1785506907.828035,6.548129081726074,6.731691360473633,1012.1747436523438,766.8469848632812
1785506907.833024,6.5341362953186035,6.7199788093566895,1013.6162109375,765.667724609375
1785506907.838024,6.5366973876953125,6.7230048179626465,1012.68408203125,766.05322265625
1785506907.848146,6.522319316864014,6.726808071136475,1012.3700561523438,766.6884765625
1785506907.863146,6.611122131347656,6.730823040008545,978.1932983398438,773.398681640625
1785506907.868146,6.645627021789551,6.7230401039123535,923.405029296875,770.6102905273438
1785506907.873146,6.683276653289795,6.786771297454834,889.5591430664062,761.9644165039062
1785506907.878146,6.694677829742432,6.824643135070801,847.8397216796875,759.2620239257812
1785506907.883146,6.73332405090332,6.855931758880615,813.5057373046875,757.4242553710938
1785506907.898146,6.811397075653076,6.85199499130249,697.1847534179688,713.3043823242188
1785506907.908146,6.794715881347656,6.7635416984558105,655.0701293945312,709.7521362304688
1785506907.913157,6.769327163696289,6.70950174331665,646.0001220703125,707.764892578125
1785506907.928146,6.765487194061279,6.692061901092529,639.1461791992188,696.8890991210938
1785506907.933146,6.738396644592285,6.681786060333252,637.5684814453125,701.8211059570312
1785506907.938146,6.71592378616333,6.658483028411865,638.2894897460938,702.695068359375
1785506907.943146,6.706074237823486,6.650364398956299,636.5629272460938,704.4527587890625
1785506907.948146,6.702689170837402,6.643611431121826,636.4986572265625,703.4412231445312
1785506907.953146,6.683685302734375,6.628179550170898,635.8102416992188,705.6089477539062
1785506907.958146,6.689229488372803,6.628643035888672,635.2991333007812,705.8646240234375
1785506907.963146,6.6932692527771,6.622486591339111,633.7241821289062,706.7764282226562
1785506907.968157,6.692436695098877,6.611786842346191,633.37353515625,707.2191162109375
1785506907.973146,6.696417331695557,6.619516849517822,632.6641235351562,707.9684448242188
1785506907.978157,6.702614784240723,6.627693176269531,632.5253295898438,708.1282958984375
1785506907.993279,6.703536033630371,6.620316982269287,633.3108520507812,704.948974609375
1785506908.003268,6.708167552947998,6.612995147705078,633.5836791992188,705.34619140625
1785506908.008268,6.704232215881348,6.603625297546387,633.9461669921875,707.0589599609375
1785506908.013268,6.7101664543151855,6.599174976348877,634.6663208007812,707.0892333984375
1785506908.018268,6.716714382171631,6.600086688995361,635.0300903320312,705.8797607421875
1785506908.028268,6.717616558074951,6.604095458984375,634.4849243164062,706.6114501953125
1785506908.033268,6.714012622833252,6.609796524047852,635.2968139648438,706.333740234375
1785506908.038268,6.711248397827148,6.6182541847229,635.649658203125,705.3056030273438
1785506908.043268,6.7071123123168945,6.619150161743164,634.2223510742188,705.7543334960938
1785506908.048268,6.707508563995361,6.623620986938477,629.0285034179688,707.02197265625
1785506908.053268,6.704232215881348,6.62546968460083,616.4127197265625,702.8994750976562
1785506908.058268,6.704193115234375,6.658164978027344,612.917236328125,702.6573486328125
1785506908.078268,6.699069499969482,6.698310375213623,603.7056884765625,702.2250366210938
1785506908.083268,6.691940784454346,6.694547653198242,603.28076171875,701.0222778320312
1785506908.088268,6.688230037689209,6.710655689239502,602.8523559570312,700.4091796875
1785506908.093268,6.674648284912109,6.716854095458984,602.8673706054688,701.0872802734375
1785506908.103279,6.678025245666504,6.715409755706787,601.8010864257812,702.2286987304688
1785506908.108268,6.681818962097168,6.714993953704834,601.7566528320312,701.59423828125
1785506908.118391,6.687136173248291,6.7037739753723145,602.124267578125,701.82421875
1785506908.12339,6.6905598640441895,6.6966400146484375,601.5039672851562,701.3327026367188
1785506908.128391,6.696232318878174,6.6840128898620605,601.2883911132812,702.0648193359375
1785506908.133402,6.708554267883301,6.6762919425964355,600.9796752929688,701.9795532226562
1785506908.14339,6.717937469482422,6.669195652008057,599.7595825195312,701.11865234375
1785506908.15339,6.744259834289551,6.673764705657959,599.3095703125,701.2784423828125
1785506908.158391,6.74886417388916,6.682941913604736,600.0053100585938,699.9973754882812
1785506908.163391,6.752143859863281,6.686554908752441,600.3132934570312,700.234130859375
1785506908.168391,6.750504970550537,6.685381889343262,600.3308715820312,699.8353881835938
1785506908.178391,6.751819610595703,6.676416397094727,598.8820190429688,697.8999633789062
1785506908.188402,6.767050743103027,6.674166202545166,597.862060546875,698.2817993164062
1785506908.193391,6.757142066955566,6.6461873054504395,598.8203125,699.0527954101562
1785506908.19839,6.760222434997559,6.641314506530762,599.7151489257812,701.0999145507812
1785506908.20839,6.770141124725342,6.64790678024292,599.498046875,699.9767456054688
1785506908.213391,6.768791675567627,6.636307716369629,599.305908203125,699.2048950195312
1785506908.21839,6.758543968200684,6.637773036956787,600.5147094726562,700.8052368164062
1785506908.223391,6.744565010070801,6.63136100769043,599.6383056640625,701.5806274414062
1785506908.233391,6.73044490814209,6.612425804138184,600.4298706054688,701.8486328125
1785506908.243402,6.721431255340576,6.623945713043213,599.782958984375,703.93408203125
1785506908.248524,6.732653617858887,6.627330780029297,601.0171508789062,702.6328735351562
1785506908.253524,6.735797882080078,6.616344451904297,601.3826904296875,703.31591796875
1785506908.263524,6.743196487426758,6.613227844238281,600.7778930664062,702.7760620117188
1785506908.268524,6.746739864349365,6.609714984893799,600.5967407226562,703.1890258789062
1785506908.273524,6.741292953491211,6.606123447418213,601.2271728515625,703.7802124023438
1785506908.278524,6.7331013679504395,6.610196113586426,600.0430908203125,703.9096069335938
1785506908.283535,6.733015537261963,6.6155195236206055,600.414794921875,704.17333984375
1785506908.288524,6.744832515716553,6.612758159637451,600.8917846679688,704.2391967773438
1785506908.293524,6.739627838134766,6.614082336425781,601.6068725585938,702.5484008789062
1785506908.298524,6.7518134117126465,6.611788272857666,602.407470703125,704.233154296875
1785506908.303524,6.751796245574951,6.615094184875488,602.1527099609375,703.5115356445312
1785506908.313524,6.737866401672363,6.60805082321167,601.0526733398438,703.27099609375
1785506908.318524,6.743569850921631,6.611775875091553,602.088134765625,702.9293212890625
1785506908.323524,6.748185157775879,6.616715431213379,602.3078002929688,703.5333251953125
1785506908.338524,6.746269702911377,6.610849380493164,601.7584228515625,703.6566772460938
1785506908.348524,6.760526657104492,6.6085381507873535,601.5028686523438,704.4968872070312
1785506908.353524,6.747574329376221,6.614794731140137,601.468505859375,704.0220947265625
1785506908.358524,6.758391857147217,6.6059064865112305,601.3291625976562,704.1026000976562
1785506908.363524,6.761316776275635,6.608570575714111,601.3259887695312,704.5202026367188
1785506908.378524,6.76719856262207,6.61394739151001,602.025146484375,705.2047119140625
1785506908.383646,6.765241622924805,6.604515075683594,603.0875244140625,705.854736328125
1785506908.388524,6.771627902984619,6.593512058258057,602.0144653320312,705.8851928710938
1785506908.393657,6.776438236236572,6.592560291290283,604.1513061523438,706.5629272460938
1785506908.398646,6.778047561645508,6.575015544891357,604.6323852539062,705.9998168945312
1785506908.408646,6.773540019989014,6.57943868637085,603.5751953125,706.9222412109375
1785506908.413646,6.76220703125,6.585724353790283,603.3093872070312,707.020263671875
1785506908.418646,6.760574817657471,6.586581230163574,603.301513671875,706.9454956054688
1785506908.423646,6.75642204284668,6.579611778259277,604.607177734375,706.3599243164062
1785506908.428646,6.7586989402771,6.582429885864258,604.939697265625,708.0774536132812
1785506908.438657,6.763988018035889,6.583680629730225,605.31689453125,708.5803833007812
1785506908.443646,6.775653839111328,6.576364517211914,605.7638549804688,707.9974975585938
1785506908.448646,6.7721171379089355,6.574573040008545,605.2428588867188,708.6376342773438
1785506908.453657,6.782303810119629,6.568534851074219,605.5548095703125,708.8908081054688
1785506908.458646,6.783300399780273,6.570990085601807,606.0762939453125,708.5682373046875
1785506908.468646,6.786186218261719,6.583613395690918,605.083740234375,709.2639770507812
1785506908.478657,6.795042991638184,6.584671974182129,604.11279296875,709.207763671875
1785506908.483646,6.786779880523682,6.589493274688721,603.0560913085938,709.7230224609375
1785506908.488646,6.791797637939453,6.57977294921875,603.3553466796875,708.289306640625
1785506908.493646,6.788843154907227,6.582854747772217,603.4166259765625,708.2783203125
1785506908.498646,6.778857707977295,6.579718112945557,603.3184204101562,709.13671875
1785506908.503646,6.7870283126831055,6.5826191902160645,604.1187744140625,708.6627197265625
1785506908.508646,6.787603855133057,6.58505916595459,603.5902709960938,708.4398803710938
1785506908.513646,6.800328254699707,6.580077648162842,603.9522094726562,708.0234985351562
1785506908.51878,6.801568031311035,6.581020355224609,604.610107421875,708.093505859375
1785506908.523768,6.79894495010376,6.59303092956543,604.9177856445312,708.2928466796875
1785506908.528768,6.801624298095703,6.598212718963623,604.4154052734375,708.0322265625
1785506908.533768,6.8088555335998535,6.610136032104492,604.0375366210938,708.2661743164062
1785506908.538768,6.8082380294799805,6.6135430335998535,605.3198852539062,708.4034423828125
1785506908.543768,6.800822734832764,6.602866172790527,604.772216796875,708.716796875
1785506908.548768,6.80582332611084,6.604101657867432,605.0238037109375,707.9895629882812
1785506908.553768,6.808439254760742,6.610828399658203,605.5689697265625,707.9097900390625
1785506908.563768,6.809821128845215,6.620814323425293,607.142822265625,707.95703125
1785506908.568768,6.81061315536499,6.608856201171875,607.6298828125,708.7784423828125
1785506908.573768,6.806557655334473,6.605412483215332,607.6991577148438,708.5738525390625
1785506908.578768,6.81032133102417,6.613312721252441,607.1707153320312,708.4430541992188
1785506908.583768,6.811664581298828,6.610168933868408,607.002685546875,709.2633666992188
1785506908.588768,6.802246570587158,6.610888957977295,606.5700073242188,709.2259521484375
1785506908.593768,6.799315929412842,6.610573768615723,606.85888671875,708.8590087890625
1785506908.598768,6.799400329589844,6.604255199432373,607.6092529296875,710.20751953125
1785506908.603768,6.805463790893555,6.601315975189209,607.1160278320312,710.130859375
1785506908.608768,6.807373046875,6.606383323669434,607.6142578125,710.288818359375
1785506908.613768,6.7989583015441895,6.599100589752197,606.5023193359375,708.83154296875
1785506908.618768,6.7957892417907715,6.606940746307373,607.6876220703125,709.3920288085938
1785506908.623768,6.803048610687256,6.617135524749756,607.2777099609375,709.9705810546875
1785506908.628768,6.807795524597168,6.60861349105835,607.9462280273438,709.3765869140625
1785506908.633768,6.808623313903809,6.60599946975708,607.114501953125,709.6449584960938
1785506908.638779,6.80599308013916,6.603695869445801,607.411376953125,710.1390380859375
1785506908.643768,6.8044538497924805,6.602519512176514,607.387939453125,709.9093627929688
1785506908.648768,6.796529293060303,6.609725475311279,607.4306030273438,710.3203735351562
1785506908.653902,6.808478355407715,6.60869836807251,607.5022583007812,709.5888671875
1785506908.66889,6.812440395355225,6.611156940460205,607.0944213867188,710.9865112304688
1785506908.673891,6.811028957366943,6.619068145751953,607.3662719726562,710.896728515625
1785506908.67889,6.814055442810059,6.621952533721924,607.6754760742188,710.3304443359375
1785506908.683891,6.822356224060059,6.6251301765441895,607.0548706054688,710.7002563476562
1785506908.693902,6.824334144592285,6.634806156158447,607.6701049804688,710.55810546875
1785506908.69889,6.813591003417969,6.631824493408203,606.509521484375,710.1958618164062
1785506908.703891,6.817474842071533,6.628432750701904,606.5075073242188,710.04443359375
1785506908.70889,6.811818599700928,6.625650405883789,605.446044921875,709.8931274414062
1785506908.713891,6.809082984924316,6.6326904296875,605.876220703125,710.950439453125
1785506908.71889,6.813234806060791,6.623838424682617,606.1943969726562,712.29443359375
1785506908.723891,6.806919574737549,6.623488426208496,606.8800659179688,711.1466064453125
1785506908.72889,6.8130059242248535,6.621424198150635,606.721435546875,711.495361328125
1785506908.733913,6.816504001617432,6.614471912384033,607.2584838867188,710.9091796875
1785506908.73889,6.812641143798828,6.6042890548706055,608.6231079101562,711.8948364257812
1785506908.743891,6.805901527404785,6.608343601226807,609.3826904296875,711.4724731445312
1785506908.748902,6.805139541625977,6.617068290710449,608.5247192382812,710.62353515625
1785506908.758891,6.81407356262207,6.632307052612305,609.4096069335938,710.64501953125
1785506908.763891,6.810279369354248,6.62899923324585,609.5036010742188,710.4680786132812
1785506908.768891,6.8108930587768555,6.635497093200684,610.749755859375,711.2630615234375
1785506908.77389,6.815025806427002,6.626285552978516,611.3968505859375,710.8827514648438
1785506908.778902,6.791838645935059,6.619319915771484,611.280029296875,710.727783203125
1785506908.78389,6.79844856262207,6.626522064208984,610.704833984375,710.4884643554688
1785506908.794024,6.8006463050842285,6.623771667480469,611.0244140625,709.7828979492188
1785506908.799024,6.80145263671875,6.631170272827148,610.6265258789062,710.1493530273438
1785506908.804024,6.807839870452881,6.634207725524902,610.6700439453125,709.908935546875
1785506908.809024,6.795556545257568,6.635698318481445,611.7880249023438,710.1096801757812
1785506908.814024,6.7961578369140625,6.630534648895264,611.47998046875,711.2042236328125
1785506908.819024,6.80118465423584,6.641145706176758,611.7296142578125,710.8094482421875
1785506908.824035,6.7933149337768555,6.636135578155518,612.0178833007812,710.2314453125
1785506908.829024,6.809024333953857,6.6480817794799805,611.827392578125,710.317138671875
1785506908.834409,6.809785842895508,6.648850440979004,611.2509765625,709.2666015625
1785506908.839409,6.816275119781494,6.651000022888184,611.07568359375,708.5455322265625
1785506908.849409,6.811598777770996,6.637858867645264,610.063232421875,710.7578735351562
1785506908.859409,6.812838554382324,6.641913890838623,610.2698974609375,709.7919921875
1785506908.869409,6.813654899597168,6.631724834442139,609.3055419921875,709.3348999023438
1785506908.874409,6.801314830780029,6.623434066772461,609.2952270507812,707.48291015625
1785506908.879409,6.7933349609375,6.617392063140869,608.4483032226562,707.3082275390625
1785506908.884409,6.797164440155029,6.611827373504639,608.697265625,707.2902221679688
1785506908.889409,6.806990146636963,6.612294673919678,608.0098876953125,706.2056274414062
1785506908.894409,6.81138277053833,6.606403350830078,608.0722045898438,705.772216796875
1785506908.899409,6.8023881912231445,6.598996162414551,608.032470703125,706.640869140625
1785506908.90442,6.7974443435668945,6.599203586578369,608.582275390625,706.9462890625
1785506908.909409,6.798537731170654,6.603158473968506,609.2763061523438,706.72998046875
1785506908.914409,6.796977519989014,6.60591459274292,609.9236450195312,708.3475341796875
1785506908.919409,6.7991204261779785,6.610159873962402,610.5222778320312,709.3309326171875
1785506908.929531,6.794005393981934,6.6051177978515625,611.4454345703125,709.1911010742188
1785506908.934531,6.790456295013428,6.607675075531006,611.509765625,708.8114013671875
1785506908.939531,6.7867255210876465,6.601356506347656,611.1180419921875,708.5217895507812
1785506908.944542,6.790144920349121,6.604434013366699,611.775390625,708.2752685546875
1785506908.949531,6.782403945922852,6.616044044494629,611.5061645507812,707.4739379882812
1785506908.954531,6.793537139892578,6.614466190338135,610.4136352539062,706.86083984375
1785506908.959531,6.8031392097473145,6.612196922302246,610.4718627929688,706.6771240234375
1785506908.964531,6.811357021331787,6.608506679534912,610.3954467773438,706.7257080078125
1785506908.969531,6.814910411834717,6.609584331512451,610.3419799804688,707.3059692382812
1785506908.974542,6.802608489990234,6.610546588897705,610.6294555664062,706.9082641601562
1785506908.979531,6.802690505981445,6.616424083709717,609.1815185546875,707.199951171875
1785506908.989531,6.803902626037598,6.613866806030273,610.2593383789062,707.0286254882812
1785506908.994531,6.806527614593506,6.628575801849365,610.3287353515625,706.4857788085938
1785506908.999531,6.798413276672363,6.635825157165527,609.2874145507812,706.6713256835938
1785506909.004531,6.804345607757568,6.631699562072754,611.6506958007812,705.9437866210938
1785506909.009531,6.815561294555664,6.632476806640625,610.9638061523438,706.3964233398438
1785506909.014531,6.8075103759765625,6.634730815887451,610.3010864257812,706.31005859375
1785506909.019531,6.797921657562256,6.634773254394531,611.30029296875,705.5277099609375
1785506909.024531,6.793954849243164,6.638076305389404,610.8468627929688,705.3612060546875
1785506909.029531,6.77875280380249,6.636531352996826,610.9175415039062,705.0703735351562
1785506909.034531,6.787656784057617,6.63588285446167,611.3401489257812,706.5046997070312
1785506909.039531,6.7830610275268555,6.634361267089844,610.9968872070312,705.5492553710938
1785506909.044531,6.771725177764893,6.626278877258301,610.7146606445312,706.737060546875
1785506909.049542,6.760394096374512,6.626660346984863,611.0462646484375,707.2048950195312
1785506909.054531,6.762423992156982,6.62123966217041,611.0097045898438,706.0472412109375
1785506909.059665,6.764527797698975,6.6223063468933105,610.6048583984375,705.8684692382812
1785506909.064654,6.776649475097656,6.618386268615723,610.0609741210938,706.4154663085938
1785506909.069654,6.7718095779418945,6.606800079345703,609.5054931640625,705.7528076171875
1785506909.074654,6.779988765716553,6.609948635101318,609.5573120117188,705.6800537109375
1785506909.079654,6.783968448638916,6.607180595397949,609.0243530273438,706.1138916015625
1785506909.084654,6.784175872802734,6.605745792388916,608.6238403320312,705.6570434570312
1785506909.094654,6.790487289428711,6.603518009185791,608.18017578125,705.8270874023438
1785506909.099653,6.783791542053223,6.607995986938477,609.3488159179688,705.4307250976562
1785506909.104654,6.795745849609375,6.61451530456543,609.8103637695312,705.8128662109375
1785506909.109653,6.784969806671143,6.617288589477539,611.1600952148438,707.2538452148438
1785506909.114665,6.78639554977417,6.609879970550537,611.0987548828125,707.8223266601562
1785506909.119653,6.785857677459717,6.599207878112793,610.2904663085938,706.6962280273438
1785506909.134654,6.779026508331299,6.583256721496582,611.142333984375,705.1326904296875
1785506909.139654,6.7707672119140625,6.577045440673828,610.475341796875,705.6648559570312
1785506909.144654,6.779443740844727,6.588375091552734,609.7578125,706.832275390625
1785506909.149654,6.784265995025635,6.598368167877197,608.9260864257812,707.2152099609375
1785506909.154654,6.784268856048584,6.59869909286499,608.7315063476562,707.8582763671875
1785506909.169665,6.795307159423828,6.605885982513428,608.8239135742188,707.4795532226562
1785506909.174654,6.78895378112793,6.606931686401367,609.4265747070312,706.4559936523438
1785506909.179654,6.800901889801025,6.6329665184021,609.01025390625,706.3936157226562
1785506909.189654,6.790305137634277,6.6424078941345215,608.2403564453125,706.6928100585938
1785506909.194665,6.8029375076293945,6.642561435699463,609.5866088867188,705.5105590820312
1785506909.209787,6.807188034057617,6.644152641296387,610.168701171875,704.4577026367188
1785506909.219776,6.802487850189209,6.653020858764648,610.2542114257812,706.050537109375
1785506909.224787,6.811531066894531,6.6455078125,609.3878784179688,705.8202514648438
1785506909.229776,6.809706211090088,6.641597270965576,611.2745361328125,706.0802612304688
1785506909.234787,6.810441970825195,6.636589527130127,610.7218627929688,706.3634643554688
1785506909.239787,6.809959888458252,6.633686542510986,610.2173461914062,706.3682250976562
1785506909.244776,6.813340663909912,6.621779918670654,608.052978515625,705.6340942382812
1785506909.259787,6.807587146759033,6.6331095695495605,606.6995849609375,706.0186157226562
1785506909.264787,6.817574977874756,6.6297688484191895,607.2162475585938,705.5765991210938
1785506909.274798,6.829381465911865,6.617717266082764,606.9324340820312,706.70947265625
1785506909.279787,6.80262565612793,6.605084419250488,606.6642456054688,706.73388671875
1785506909.284787,6.815418243408203,6.617435932159424,606.9443359375,706.8256225585938
1785506909.289787,6.808017730712891,6.6259684562683105,608.2742919921875,706.4390869140625
1785506909.294787,6.801170825958252,6.629859447479248,607.4429931640625,706.7536010742188
1785506909.299787,6.806912422180176,6.635806560516357,607.5999755859375,706.7251586914062
1785506909.304787,6.808081150054932,6.637001991271973,608.127685546875,706.0966186523438
1785506909.309787,6.808193683624268,6.638787269592285,607.9613647460938,707.2854614257812
1785506909.314787,6.802155494689941,6.645453929901123,608.9421997070312,707.5504150390625
1785506909.319787,6.812644004821777,6.64925479888916,608.818359375,708.3875122070312
1785506909.324798,6.809678554534912,6.648039817810059,608.3256225585938,707.9166870117188
1785506909.334909,6.811728477478027,6.657781600952148,609.2168579101562,707.3795776367188
1785506909.339798,6.8122663497924805,6.662774085998535,610.8101196289062,709.2691650390625
1785506909.349909,6.806162357330322,6.665565013885498,609.7510986328125,708.7306518554688
1785506909.354909,6.804557800292969,6.655930995941162,608.7651977539062,709.1361083984375
1785506909.359909,6.801358222961426,6.643441677093506,609.8949584960938,707.5828857421875
1785506909.364909,6.802655220031738,6.640101909637451,609.916259765625,707.8963012695312
1785506909.374909,6.809230804443359,6.64301061630249,609.7822875976562,708.46728515625
1785506909.379909,6.812567710876465,6.644988536834717,610.5352783203125,708.4757690429688
1785506909.384909,6.813178062438965,6.643594741821289,610.979248046875,709.0324096679688
1785506909.389909,6.808897495269775,6.646269798278809,610.343505859375,709.2615966796875
1785506909.399909,6.814606666564941,6.660030364990234,609.2529296875,708.054931640625
1785506909.404909,6.832200527191162,6.655777931213379,608.9716796875,707.144775390625
1785506909.414909,6.844130039215088,6.662784576416016,608.7950439453125,707.0331420898438
1785506909.419909,6.846222400665283,6.676713466644287,609.4678955078125,706.9711303710938
1785506909.424909,6.847686290740967,6.680141448974609,609.1771240234375,706.810302734375
1785506909.429909,6.8448052406311035,6.679783821105957,608.8489379882812,707.5721435546875
1785506909.43492,6.839477062225342,6.6764960289001465,608.9866333007812,708.2802734375
1785506909.444909,6.817193031311035,6.667428493499756,610.674072265625,707.3197021484375
1785506909.449909,6.82492733001709,6.663155555725098,610.5455322265625,708.1265258789062
1785506909.454909,6.818408489227295,6.659799575805664,610.3631591796875,707.59130859375
1785506909.459909,6.814134120941162,6.658990383148193,610.402587890625,708.2586059570312
1785506909.465031,6.817092418670654,6.656524181365967,609.242431640625,708.4747924804688
1785506909.470031,6.809857368469238,6.651853561401367,609.1443481445312,708.339111328125
1785506909.475031,6.806506633758545,6.64976167678833,608.7073974609375,708.8836669921875
1785506909.480031,6.806427478790283,6.646369934082031,609.2184448242188,708.0065307617188
1785506909.485031,6.80482292175293,6.641890525817871,609.6867065429688,707.8067626953125
1785506909.490031,6.797665119171143,6.647544860839844,608.4522705078125,707.640869140625
1785506909.495031,6.797564506530762,6.6433258056640625,609.0188598632812,708.0388793945312
1785506909.500031,6.792678356170654,6.640620231628418,609.2531127929688,707.4417724609375
1785506909.505031,6.795312404632568,6.630923271179199,608.91845703125,707.4498291015625
1785506909.510042,6.79119348526001,6.625145435333252,609.231689453125,707.6618041992188
1785506909.515031,6.788624286651611,6.635256290435791,608.974365234375,706.8008422851562
1785506909.520031,6.7799973487854,6.633627891540527,609.9662475585938,706.2113647460938
1785506909.525031,6.78337287902832,6.626586437225342,610.5169067382812,705.9932861328125
1785506909.535031,6.7881178855896,6.621192932128906,609.3527221679688,706.6237182617188
1785506909.540031,6.7927985191345215,6.617762088775635,609.5838012695312,705.8683471679688
1785506909.550031,6.80065393447876,6.618931770324707,608.723876953125,708.2613525390625
1785506909.555043,6.809833526611328,6.62062406539917,608.2387084960938,708.3762817382812
1785506909.560031,6.814966678619385,6.622015953063965,610.08544921875,708.6385498046875
1785506909.565031,6.809513092041016,6.617525100708008,608.2322998046875,708.9066772460938
1785506909.570031,6.814082145690918,6.6139092445373535,607.552734375,708.4249877929688
1785506909.575031,6.818679332733154,6.611905574798584,607.1775512695312,706.7174682617188
1785506909.580031,6.8100409507751465,6.6147685050964355,607.6009521484375,708.1820678710938
1785506909.585031,6.813868045806885,6.613851070404053,607.5829467773438,708.5201416015625
1785506909.590031,6.81276798248291,6.6200432777404785,608.2730712890625,707.993896484375
1785506909.595031,6.808324337005615,6.6220316886901855,609.3404541015625,708.1566772460938
1785506909.600031,6.807807922363281,6.620377063751221,609.5437622070312,707.5335693359375
1785506909.605165,6.816616535186768,6.622302055358887,610.3108520507812,705.4745483398438
1785506909.610165,6.814999580383301,6.632348537445068,609.5685424804688,705.1341552734375
1785506909.615154,6.806002140045166,6.644347667694092,617.8902587890625,705.0703735351562
1785506909.630154,6.784603595733643,6.649681568145752,698.6255493164062,728.56298828125
1785506909.635154,6.795312881469727,6.67819881439209,745.5211791992188,749.3157958984375
1785506909.640154,6.776568412780762,6.69139289855957,771.6635131835938,758.5623779296875
1785506909.645154,6.778784275054932,6.699448108673096,803.9010009765625,759.1029052734375
1785506909.675153,6.664799213409424,6.708046913146973,939.5282592773438,786.447998046875
1785506909.680154,6.639537334442139,6.697126865386963,948.7166137695312,787.8014526367188
1785506909.685153,6.635111331939697,6.707488059997559,961.1978149414062,794.4178466796875
1785506909.690154,6.630863666534424,6.703320503234863,959.354248046875,793.8590087890625
1785506909.695165,6.636222839355469,6.703678607940674,958.58544921875,793.518798828125
1785506909.700154,6.628124713897705,6.701756477355957,957.462646484375,796.0340576171875
1785506909.715154,6.589435577392578,6.679051876068115,953.8109741210938,797.8336181640625
1785506909.720176,6.604372024536133,6.687884330749512,956.29052734375,797.7190551757812
1785506909.725154,6.592718601226807,6.698493480682373,956.8763427734375,796.4052124023438
1785506909.730154,6.586477279663086,6.706316947937012,955.6862182617188,796.705078125
1785506909.735298,6.5697197914123535,6.704243183135986,955.4741821289062,795.9849853515625
1785506909.740287,6.573683738708496,6.702499866485596,955.19580078125,796.3558959960938
1785506909.745287,6.565250396728516,6.6953816413879395,956.5084228515625,796.822021484375
1785506909.750287,6.566198825836182,6.700501441955566,955.6197509765625,797.1082763671875
1785506909.760287,6.547232151031494,6.698225498199463,957.5567626953125,796.3707275390625
1785506909.765287,6.546250343322754,6.6922607421875,958.74267578125,795.9948120117188
1785506909.770287,6.55743932723999,6.693387985229492,959.5410766601562,795.3006591796875
1785506909.780287,6.561061859130859,6.688629627227783,960.3505249023438,793.332763671875
1785506909.785287,6.563841819763184,6.698085784912109,959.9397583007812,793.2007446289062
1785506909.790287,6.559194564819336,6.702479362487793,961.0255737304688,793.6116943359375
1785506909.795287,6.572646141052246,6.698389530181885,961.6226806640625,793.697998046875
1785506909.800287,6.588380336761475,6.696834564208984,961.4722900390625,793.8775634765625
1785506909.805298,6.587095737457275,6.701819896697998,962.3186645507812,794.4445190429688
1785506909.815287,6.588435649871826,6.690152645111084,960.1047973632812,793.4183959960938
1785506909.820287,6.582369804382324,6.684784412384033,959.3524169921875,793.4832763671875
1785506909.825287,6.570798873901367,6.685379505157471,959.10107421875,794.0354614257812
1785506909.835287,6.568896770477295,6.672046184539795,960.2770385742188,792.0665893554688
1785506909.850287,6.5556559562683105,6.657430648803711,962.090087890625,791.5642700195312
1785506909.855298,6.580329895019531,6.660473346710205,960.966552734375,791.807861328125
1785506909.860287,6.589331150054932,6.664806365966797,961.8289794921875,793.1053466796875
1785506909.865287,6.571753978729248,6.64912748336792,961.1856689453125,792.8629150390625
1785506909.870409,6.577056884765625,6.653039932250977,961.7463989257812,792.82666015625
1785506909.875409,6.565847873687744,6.6506428718566895,961.8966674804688,792.3387451171875
1785506909.880409,6.580154895782471,6.648870944976807,961.186767578125,792.3274536132812
1785506909.88542,6.580159664154053,6.642100811004639,961.1222534179688,790.8603515625
1785506909.890409,6.5818915367126465,6.647424221038818,961.399169921875,790.8677978515625
1785506909.900409,6.5818772315979,6.639359951019287,961.630859375,791.8709106445312
1785506909.905409,6.573166370391846,6.635769367218018,961.193603515625,791.3551025390625
1785506909.910409,6.572005748748779,6.641693115234375,959.6585083007812,792.4970703125
1785506909.915409,6.547906398773193,6.631817817687988,959.2056884765625,793.49072265625
1785506909.920409,6.556094169616699,6.640054702758789,959.1522216796875,792.7498168945312
1785506909.925409,6.543726444244385,6.648916721343994,959.6209716796875,792.4375
1785506909.935409,6.541168212890625,6.649676322937012,959.576416015625,794.1149291992188
1785506909.940409,6.534030914306641,6.647216796875,958.7684326171875,792.7806396484375
1785506909.945409,6.523752689361572,6.645254611968994,958.7835693359375,791.9063110351562
1785506909.950409,6.516533374786377,6.637208461761475,960.1358642578125,793.0463256835938
1785506909.955409,6.520779132843018,6.628774642944336,961.0685424804688,793.5947875976562
1785506909.960409,6.52470588684082,6.628889083862305,961.0542602539062,793.87060546875
1785506909.965409,6.526578903198242,6.625690937042236,958.6406860351562,792.216552734375
1785506909.970409,6.530114650726318,6.623136043548584,958.928955078125,792.3612670898438
1785506909.980409,6.51582145690918,6.621661186218262,959.1831665039062,792.693603515625
1785506909.985409,6.502865314483643,6.624264717102051,958.5072021484375,792.791015625
1785506909.990409,6.502030849456787,6.62363862991333,958.5479125976562,794.2487182617188
1785506909.995409,6.5071120262146,6.627781391143799,958.476318359375,794.8390502929688
1785506910.000409,6.495525360107422,6.617010116577148,958.4971923828125,795.3793334960938
1785506910.005409,6.489499092102051,6.616778373718262,958.8865356445312,795.402587890625
1785506910.01042,6.4942307472229,6.617599964141846,957.6904907226562,795.3382568359375
1785506910.015531,6.4960246086120605,6.6210150718688965,957.3768310546875,795.288818359375
1785506910.020531,6.508955478668213,6.618955612182617,957.0144653320312,795.8264770507812
1785506910.025531,6.520260810852051,6.627397060394287,957.7684936523438,796.40234375
1785506910.030531,6.521641254425049,6.639787197113037,964.5677490234375,794.3466796875
1785506910.035531,6.526907920837402,6.637948036193848,979.7347412109375,790.9786987304688
1785506910.040531,6.528041839599609,6.631205081939697,987.12744140625,789.5465698242188
1785506910.045531,6.537146091461182,6.632665634155273,989.5465087890625,790.2832641601562
1785506910.050531,6.544087886810303,6.622353553771973,990.8829956054688,789.9188232421875
1785506910.055531,6.557293891906738,6.628139019012451,990.7908325195312,789.4808959960938
1785506910.060531,6.557847023010254,6.633266448974609,991.340087890625,789.07177734375
1785506910.065531,6.572665214538574,6.647586822509766,991.616455078125,787.9185180664062
1785506910.070531,6.565589427947998,6.656755447387695,991.6077880859375,787.6824951171875
1785506910.075531,6.569527626037598,6.657995223999023,991.9606323242188,788.1730346679688
1785506910.080531,6.564436435699463,6.661224365234375,990.1015625,788.6549072265625
1785506910.085531,6.557986736297607,6.660491466522217,990.75341796875,787.1455078125
1785506910.090531,6.556990623474121,6.665281295776367,990.9901123046875,788.5298461914062
1785506910.095531,6.560876369476318,6.6684112548828125,991.0940551757812,788.5873413085938
1785506910.105531,6.564653396606445,6.655091762542725,991.4044799804688,787.9324340820312
1785506910.110543,6.564476490020752,6.650607585906982,990.9137573242188,790.342041015625
1785506910.120531,6.5626349449157715,6.656034469604492,990.6513671875,791.5069580078125
1785506910.125531,6.55607271194458,6.657132625579834,990.5051879882812,791.0923461914062
1785506910.130531,6.5705671310424805,6.656980991363525,987.87451171875,793.5302734375
1785506910.135531,6.5717997550964355,6.6672234535217285,986.3027954101562,793.0189208984375
1785506910.140531,6.5644211769104,6.670979976654053,986.3783569335938,791.87890625
1785506910.145653,6.555429458618164,6.665886402130127,986.654052734375,791.53369140625
1785506910.150654,6.546079635620117,6.667616844177246,986.6767578125,791.2214965820312
1785506910.155653,6.544344425201416,6.661139011383057,985.350830078125,791.617431640625
1785506910.160654,6.5369954109191895,6.652080059051514,986.5064697265625,790.376953125
1785506910.185654,6.528737545013428,6.649115085601807,988.0951538085938,788.7241821289062
1785506910.190654,6.52805233001709,6.64949893951416,987.7013549804688,788.6403198242188
1785506910.195654,6.557844638824463,6.6573004722595215,988.3102416992188,787.9613647460938
1785506910.200665,6.551058769226074,6.6721014976501465,987.8038330078125,787.6236572265625
1785506910.205654,6.542582035064697,6.676568984985352,988.1784057617188,787.9329223632812
1785506910.210654,6.545309543609619,6.671535015106201,987.7650146484375,788.7377319335938
1785506910.215654,6.549470901489258,6.672362804412842,988.8822021484375,790.392333984375
1785506910.220665,6.549879550933838,6.685522556304932,989.327880859375,789.3541259765625
1785506910.225665,6.560523509979248,6.67348051071167,988.470947265625,789.907958984375
1785506910.230654,6.557260513305664,6.663303375244141,989.1898193359375,789.8004760742188
1785506910.235654,6.561588287353516,6.6619486808776855,988.4453735351562,791.4815063476562
1785506910.240654,6.572176933288574,6.664370059967041,987.8169555664062,792.5020141601562
1785506910.245665,6.578358173370361,6.663835048675537,988.1568603515625,792.103271484375
1785506910.250654,6.571340560913086,6.6608076095581055,987.724853515625,792.9384765625
1785506910.255654,6.571848392486572,6.660776138305664,988.2686767578125,791.6697387695312
1785506910.260653,6.567899227142334,6.664995193481445,986.90869140625,792.5083618164062
1785506910.265654,6.573512077331543,6.661989212036133,987.7538452148438,793.2569580078125
1785506910.275654,6.57512092590332,6.660717487335205,987.914794921875,794.340576171875
1785506910.285787,6.567593097686768,6.663033962249756,986.81103515625,792.5540161132812
1785506910.290787,6.567414283752441,6.6681437492370605,984.3092651367188,794.6900634765625
1785506910.295787,6.558263778686523,6.670045375823975,985.0757446289062,794.2791137695312
1785506910.300787,6.55579948425293,6.665759563446045,985.2551879882812,794.6923828125
1785506910.305787,6.55108642578125,6.659434795379639,985.5804443359375,793.1082763671875
1785506910.310787,6.548189640045166,6.655100345611572,986.3721313476562,794.8825073242188
1785506910.315787,6.537905216217041,6.665746688842773,985.3170776367188,794.3789672851562
1785506910.320787,6.533751964569092,6.664324760437012,985.841064453125,794.4434814453125
1785506910.325787,6.529606819152832,6.666539192199707,986.0049438476562,794.99267578125
1785506910.335787,6.5240044593811035,6.662827491760254,986.2061157226562,793.5610961914062
1785506910.340787,6.51741361618042,6.672330856323242,987.0404663085938,793.1817016601562
1785506910.345787,6.522670745849609,6.669597148895264,987.6460571289062,794.1656494140625
1785506910.350787,6.51715612411499,6.677347183227539,987.8233642578125,794.172119140625
1785506910.355787,6.5208048820495605,6.671223163604736,987.445068359375,793.4205932617188
1785506910.370787,6.526365756988525,6.651388168334961,990.12060546875,792.4689331054688
1785506910.380787,6.539372444152832,6.656579494476318,991.05078125,793.3372802734375
1785506910.385787,6.558800220489502,6.643344879150391,990.2998657226562,793.3474731445312
1785506910.390787,6.575869083404541,6.617498874664307,982.4295043945312,794.7949829101562
1785506910.395798,6.588609218597412,6.600160121917725,956.00048828125,788.955322265625
1785506910.400787,6.623841285705566,6.620301723480225,916.1913452148438,771.7947387695312
1785506910.410787,6.619215965270996,6.688780784606934,843.8633422851562,770.2154541015625
1785506910.415909,6.641974925994873,6.713232517242432,799.8084716796875,759.3102416992188
1785506910.420909,6.680619716644287,6.709588527679443,771.031982421875,768.0369262695312
1785506910.425909,6.690164089202881,6.693811893463135,738.7714233398438,756.67333984375
1785506910.430909,6.746558666229248,6.6925740242004395,698.3034057617188,746.8622436523438
1785506910.435909,6.761170864105225,6.651546955108643,674.5882568359375,747.0549926757812
1785506910.440909,6.753054618835449,6.628476619720459,659.3515014648438,745.2496948242188
1785506910.445909,6.747117519378662,6.6091718673706055,640.2896118164062,742.9366455078125
1785506910.450909,6.739227294921875,6.614688396453857,625.0147094726562,720.4881591796875
1785506910.460909,6.7424468994140625,6.637979984283447,631.6011962890625,710.6837768554688
1785506910.465909,6.728434085845947,6.63397741317749,636.1966552734375,710.0858154296875
1785506910.470909,6.730958461761475,6.6139116287231445,642.86962890625,712.5830078125
1785506910.480909,6.722148895263672,6.593444347381592,649.3469848632812,712.4505004882812
1785506910.485909,6.710090160369873,6.583096027374268,651.8253173828125,712.6319580078125
1785506910.490909,6.698578834533691,6.5733184814453125,651.8164672851562,714.0952758789062
1785506910.495909,6.698738098144531,6.556412696838379,651.748046875,714.2012939453125
1785506910.500909,6.712735652923584,6.549394607543945,651.365478515625,713.9636840820312
1785506910.505909,6.716341972351074,6.538793087005615,650.5714721679688,712.3102416992188
1785506910.510909,6.691085338592529,6.535774230957031,650.0155029296875,713.5303344726562
1785506910.51592,6.666121482849121,6.527806758880615,648.8353881835938,713.590087890625
1785506910.52092,6.655355930328369,6.525106906890869,646.8598022460938,710.940185546875
1785506910.525909,6.670403480529785,6.537906169891357,645.7988891601562,710.5582885742188
1785506910.540909,6.6797308921813965,6.53247594833374,645.7888793945312,707.9760131835938
1785506910.545909,6.666193008422852,6.546037673950195,645.7037963867188,707.0550537109375
1785506910.551031,6.67904806137085,6.565821647644043,645.2371215820312,706.3904418945312
1785506910.556031,6.681243896484375,6.572320938110352,646.9129638671875,708.0607299804688
1785506910.561043,6.672389984130859,6.5764546394348145,646.5973510742188,707.5125732421875
1785506910.566031,6.6623616218566895,6.561788082122803,638.6798095703125,706.7665405273438
1785506910.571031,6.682506084442139,6.57151460647583,613.1866455078125,703.84375
1785506910.576031,6.701372146606445,6.613858699798584,593.45849609375,716.718017578125
1785506910.581031,6.69334077835083,6.6324896812438965,592.1801147460938,718.4185180664062
