bin_x,bin_y,gaze_x,gaze_y,err_x,err_y
6,6,343.717529296875,301.0220947265625,-9.1687038659378,-7.970477540228046
6,6,338.8735656738281,307.651123046875,-6.551791214819275,-11.548646965104354
6,6,339.708740234375,302.0657958984375,-7.860657363659016,-6.087420951921615
6,6,340.5605773925781,302.85595703125,-9.361057481092757,-7.359540903929144
6,6,341.19268798828125,303.28582763671875,-9.72128322885385,-7.76551203992932
6,6,340.1767883300781,304.07379150390625,-8.116235883211118,-8.341756005738773
6,6,340.8104248046875,306.0291748046875,-8.493586025821799,-10.095852271995454
6,6,338.6374206542969,305.32086181640625,-6.1902418115001865,-9.267280114436971
6,6,339.7209777832031,305.60162353515625,-7.332222585564523,-9.549224296268449
6,6,339.38507080078125,302.33978271484375,-7.050896882286338,-6.112642363258658
6,6,340.0769958496094,304.1905517578125,-7.843790071966339,-7.805853637148459
6,6,340.3362121582031,304.99169921875,-8.796615663458851,-9.47995507960519
6,6,340.0455017089844,304.21649169921875,-8.812342531483921,-9.174778830020273
6,6,337.8583984375,301.99725341796875,-6.371044202072596,-6.842133865261985
6,6,337.0804748535156,301.21868896484375,-5.370606698366316,-5.662191860498524
6,6,338.5678405761719,303.01239013671875,-6.6464502355798345,-6.954594294701792
6,6,339.72247314453125,302.6180419921875,-7.589560618496478,-6.05894741249881
6,6,339.3388366699219,305.307861328125,-7.013617548567936,-8.552697953482664
6,6,339.4182434082031,302.275146484375,-6.93076097409579,-5.75922569067211
6,6,341.3949890136719,304.836181640625,-8.989995223180983,-8.839283465589347
6,6,339.9077453613281,304.2332763671875,-7.662673970922242,-8.77918565439353
6,6,337.3369140625,302.98876953125,-5.207528749351809,-7.321543266555693
6,6,338.3802185058594,307.33935546875,-6.300950194925122,-11.596960753102849
6,6,338.0573425292969,304.54620361328125,-5.936877026107595,-8.9207791138478
6,6,338.3565673828125,303.76824951171875,-6.248128951947422,-8.620079438661833
6,6,338.44378662109375,305.84796142578125,-6.362750718162999,-11.243412210820964
6,6,338.88287353515625,305.48638916015625,-6.81042004193597,-10.964341657693694
6,6,339.44873046875,305.7847900390625,-7.17883251171412,-11.321247807604493
6,6,340.1190490722656,305.162353515625,-7.375117214989416,-10.72510249521298
6,6,338.78631591796875,307.12591552734375,-5.878883094751814,-12.76538624715954
6,6,340.0487976074219,303.502197265625,-7.079806256811935,-9.260631645312287
6,6,337.7791442871094,301.23602294921875,-6.166758716594245,-10.429720176024375
6,6,337.7033996582031,301.03436279296875,-5.96701923604212,-10.186231578844854
6,6,335.9345703125,300.56561279296875,-3.9573984188268128,-9.471270694000964
6,6,340.02850341796875,303.94671630859375,-7.528283806385275,-12.20687547542542
6,6,337.6020202636719,301.7469482421875,-5.033327408386526,-10.017629262386833
6,6,337.0469665527344,301.07122802734375,-4.552444998230158,-9.55828882561741
6,6,338.9605712890625,302.53887939453125,-6.5406737414643885,-11.243640649495092
6,6,338.4136657714844,303.17840576171875,-5.052787005691812,-12.13095390827641
6,6,336.0218505859375,303.0780029296875,-2.615999795042171,-11.992803970784962
6,6,338.0046081542969,303.47442626953125,-4.55405816084027,-12.351709197774937
6,6,334.21575927734375,303.6722412109375,-0.8187009762549451,-12.906175775448276
6,6,332.8843078613281,302.830810546875,0.4313144219626679,-12.533218823233824
6,6,333.1225891113281,303.97369384765625,0.11150774306560152,-14.145090187505161
6,6,332.61163330078125,305.85272216796875,0.381660160685783,-16.423910091286302
6,6,334.2518310546875,302.2666015625,-1.6979936200597194,-13.151278716682157
6,6,335.6709899902344,302.5189208984375,-2.79489249491877,-13.035772482496213
6,6,331.8286437988281,305.4033203125,1.524524338520962,-15.456518248747045
6,6,332.9946594238281,300.24578857421875,0.41079704571023967,-10.526830134195848
6,6,333.0375671386719,301.25921630859375,0.4158426481204174,-11.78052501020369
6,5,340.343505859375,293.59686279296875,-7.054086118293071,-3.4998697028850074
6,5,339.31964111328125,292.29718017578125,-6.030221372199321,-2.2001870856975074
6,5,341.1705322265625,292.19744873046875,-7.837527507537743,-2.467844860108926
6,5,343.0559997558594,291.35595703125,-9.642882642345114,-2.3016415627868128
6,5,339.038818359375,289.6944580078125,-6.2348345983764375,-3.0785773445094833
6,5,336.9360046386719,291.2235107421875,-4.261138565028659,-5.099256704250195
6,5,339.7826843261719,291.9990234375,-7.202547761588505,-5.9177958035356255
6,5,339.4000244140625,293.64263916015625,-7.140835094055433,-7.707186648813945
6,5,338.70068359375,291.71124267578125,-6.30695521648903,-6.139724972439581
6,5,340.767333984375,292.9345703125,-8.153057905457388,-7.63689564757658
6,5,338.6927795410156,290.9566650390625,-6.078503462098013,-5.65899037413908
6,5,338.9476318359375,289.0159912109375,-6.939626243973578,-4.217630614974098
6,5,344.169921875,294.5313720703125,-9.740677226828666,-0.6975363864460178
6,5,344.8033447265625,291.35955810546875,-10.408797017957056,2.4122303026862255
6,5,343.9709167480469,292.48834228515625,-9.665486237221614,1.3593231474955587
6,5,345.7056884765625,296.8963623046875,-11.402441682612164,-3.016413583308861
6,5,344.2957458496094,297.0797119140625,-9.93510842088051,-3.1971622627102647
6,5,346.1524353027344,296.88916015625,-11.778049865705043,-2.9362328039882755
6,5,344.69281005859375,296.30902099609375,-10.276726749866214,-2.46759585650733
6,5,345.3596496582031,299.64306640625,-10.81753760927262,-6.421238737635122
6,5,344.8399963378906,296.70013427734375,-10.363020149218812,-3.5230957683290285
6,5,344.72650146484375,298.46014404296875,-10.25404517322147,-5.275215520803499
6,5,346.57745361328125,298.57177734375,-12.115673173440769,-5.342984608436836
6,5,345.68756103515625,298.8917236328125,-11.264390403574907,-5.504293545305927
6,5,344.5260009765625,297.16455078125,-10.151092375172425,-3.5788249490549333
6,5,345.2410583496094,299.37249755859375,-10.89127131555881,-5.661679650464976
6,5,346.5926513671875,296.89862060546875,-12.212249633731346,-3.201326803960967
6,5,346.3027648925781,296.2601318359375,-11.907934258522346,-2.5692120310366704
6,5,346.0704650878906,297.6588134765625,-11.675634453834846,-3.9678936716616704
6,5,344.47015380859375,297.34320068359375,-10.133743227168623,-3.7794378351854903
6,5,346.91632080078125,297.85955810546875,-12.647118356647638,-4.442080339060681
6,5,345.8629455566406,297.5904541015625,-11.660950448623964,-4.319259673319664
6,5,344.63665771484375,297.15484619140625,-10.408266039727721,-4.148646985869902
6,5,345.64129638671875,297.217041015625,-11.305819423245225,-4.578169412457214
6,5,343.8175964355469,295.90594482421875,-9.361788983662905,-3.592854638900633
6,5,342.4273986816406,296.0816650390625,-7.920949285047016,-3.989112517968124
6,5,346.70770263671875,295.96527099609375,-12.222921811641754,-3.901690857802464
6,5,338.4066162109375,298.4385986328125,-6.1166726133201905,-6.839012131300478
6,5,340.56304931640625,299.9854736328125,-8.436138458482048,-8.326002729338768
6,5,336.0196533203125,299.70684814453125,-4.378105313758169,-8.07583808864473
6,5,335.9775390625,298.42156982421875,-4.437168521425235,-6.8150190951272975
6,5,339.23211669921875,299.43157958984375,-7.666164188501682,-7.885884370141923
6,5,335.2864685058594,297.87933349609375,-3.704614291552957,-6.804018423696277
6,5,338.6090393066406,299.828125,-6.9457106808636695,-9.011853038106779
6,5,334.45294189453125,296.4173583984375,-2.6473988106129696,-5.537732123418323
6,5,336.3184814453125,296.935546875,-4.545923048702605,-6.094778035896468
6,5,335.6546630859375,298.11138916015625,-3.1391681206976614,-6.834815994229814
6,5,335.8076477050781,297.1014404296875,-2.976057434781808,-5.58673899068998
6,5,337.6112365722656,297.9110107421875,-4.518664016643015,-6.601579810104738
6,5,335.98187255859375,298.68951416015625,-2.6656929953625195,-7.679580419567685
7,5,369.0989074707031,288.0550537109375,-10.784320106271764,2.9481660504276306
7,5,368.1749572753906,287.5364990234375,-9.930850094092477,3.6951892298583857
7,5,368.93341064453125,286.83367919921875,-10.802277164087684,4.348436217806466
7,5,368.04669189453125,287.83489990234375,-10.844590481756313,3.6287906596734842
7,5,367.2992858886719,288.57928466796875,-10.519452602344472,3.0120638514792972
7,5,368.92449951171875,287.99627685546875,-11.943650420997756,3.5163408631377138
7,5,367.9403076171875,288.46990966796875,-10.992940885728501,3.5873719315832773
7,5,368.53887939453125,289.5306396484375,-11.595464585151774,2.8420097774103965
7,5,365.1719055175781,287.099365234375,-8.207853536976813,5.4761094468654505
7,5,366.7331237792969,287.578369140625,-9.3843910367778,4.887147296730461
7,5,364.4896545410156,288.534423828125,-6.8111336783632055,3.7989295523588
7,5,366.4660949707031,288.0914306640625,-8.83780892492183,4.18316225236731
7,5,366.83447265625,288.591064453125,-9.542759554534086,3.6937117532166326
7,5,366.2074890136719,291.947998046875,-9.544355194041145,0.41029884489495316
7,5,365.40234375,289.36053466796875,-8.73920993036927,2.997762223801203
7,5,367.378662109375,290.0308837890625,-10.418933845919867,2.4447640019854475
7,5,365.5321350097656,291.580078125,-7.945687647223451,1.143538066683675
7,5,365.778564453125,288.4376220703125,-8.105281452102872,4.3845231922570065
7,5,366.957275390625,288.8863525390625,-9.326350823642542,3.998923938812993
7,5,372.46331787109375,297.9554443359375,-17.67630150973139,3.7302153760028887
7,5,373.98675537109375,297.59295654296875,-19.459287874817505,4.401751419820243
7,5,375.8086853027344,298.20538330078125,-21.445181999788872,4.116023264005378
7,5,379.6306457519531,296.26116943359375,-24.995828877263364,5.535387165294992
7,5,375.2127380371094,299.599609375,-20.035090856978,1.1409199172417743
7,5,371.53997802734375,297.293701171875,-16.211635753687858,3.560886667012312
7,5,369.8047180175781,296.19677734375,-14.836974364756657,5.141160894066331
7,5,372.3236083984375,296.84881591796875,-17.211568635637832,4.317562836743889
7,5,375.89898681640625,296.05859375,-20.34037205781169,4.544208774324375
7,5,373.80902099609375,296.56964111328125,-18.606843435581254,4.516368240042368
7,5,373.1092529296875,295.9266357421875,-18.11054597038435,5.436571434408506
7,5,371.4527282714844,297.36724853515625,-16.20122247941009,3.662354807675399
7,5,372.7791442871094,296.97296142578125,-17.273284644767443,3.7209860176466805
7,5,373.8230895996094,296.01849365234375,-18.06443112449631,4.341849957319823
7,5,372.2333679199219,295.59552001953125,-16.492613555943592,4.843973499344656
7,5,373.19598388671875,294.84625244140625,-17.482706015532926,5.686986455432475
7,5,371.5248718261719,296.034423828125,-15.929737395239215,4.639854279345911
7,5,376.88555908203125,295.73193359375,-21.417537748537598,4.962844500171229
7,5,370.9911804199219,298.77801513671875,-16.147989471179073,2.9631088852244716
7,5,372.80169677734375,298.80194091796875,-18.362564372309578,3.6295136922823303
7,5,372.57427978515625,297.78082275390625,-18.019711176492137,4.487596213347786
7,5,376.20709228515625,298.0118408203125,-21.26977555869638,3.62591063184351
7,5,376.3349609375,297.28857421875,-21.019424569093644,3.784353088335479
7,5,376.1936950683594,298.8994140625,-20.515147420322023,1.870278162735417
7,5,372.9486083984375,297.712158203125,-17.203592279243708,3.1140155473759705
7,5,374.4712219238281,298.12298583984375,-18.89117015103676,3.038736674199413
7,5,376.9632568359375,298.87042236328125,-22.07298633115596,3.343966995414519
7,5,378.79705810546875,298.96441650390625,-24.018005814447463,4.099007446259236
7,5,376.04791259765625,296.156005859375,-21.10397049780636,7.317556739890335
7,5,374.91644287109375,295.96392822265625,-19.59813054140284,7.586787022889553
7,5,377.6606750488281,298.57867431640625,-22.47788024077937,4.949956330321584
6,7,338.97406005859375,352.82305908203125,-8.6391293539927,-12.596439452559821
6,7,337.5025634765625,352.785888671875,-7.650521818818902,-12.4554878865776
6,7,333.92236328125,351.3712158203125,-4.260966954777871,-11.035933797819439
6,7,337.92889404296875,362.45037841796875,-8.274142371294715,-22.17248391192851
6,7,338.79656982421875,354.39532470703125,-8.862724398924456,-14.143529262614948
6,7,335.907470703125,353.71630859375,-5.762004836977212,-13.481998322596667
6,7,338.822998046875,350.97900390625,-8.677532180727212,-10.744693635096667
6,7,333.8067626953125,351.1138916015625,-3.683693305924976,-10.931084953975642
6,7,338.5267333984375,352.375244140625,-8.439671269902703,-12.275240892361467
6,7,334.4996337890625,350.05987548828125,-4.406210346790658,-9.95725394532036
6,7,335.7799377441406,351.39794921875,-5.727874715101336,-11.278626622199397
6,7,337.6890869140625,351.48809814453125,-7.800159375327496,-11.327226713525818
6,7,333.68463134765625,350.3858642578125,-3.7953867233018173,-10.337037206404943
6,7,333.2327575683594,352.62359619140625,-3.244039471847884,-12.780577454160778
6,7,336.8851623535156,353.50433349609375,-6.83698929825232,-13.495455066541354
6,7,335.9207458496094,352.5782470703125,-5.816619917671176,-12.331912224318728
6,7,334.435791015625,352.28619384765625,-4.280516381453538,-11.666194545501241
6,7,334.280029296875,353.748779296875,-4.175059663491027,-13.01542076666658
6,7,335.2563171386719,354.9075927734375,-5.260726668823452,-14.212444775091285
6,7,336.13665771484375,354.08148193359375,-6.293386638866423,-13.435517217311997
6,7,334.5673522949219,353.62255859375,-4.832985427244068,-12.883271752032101
6,7,337.7264404296875,355.1651611328125,-8.001482239354573,-14.009639405510143
6,7,336.2429504394531,351.38751220703125,-6.509560490261038,-10.092167320254987
6,7,335.9862976074219,353.86688232421875,-6.234466631641226,-12.586478649852552
6,7,334.79791259765625,353.90521240234375,-4.681528339286615,-12.429034248768062
6,7,341.31793212890625,351.5284423828125,-9.201964183710743,-16.892655921259234
6,7,342.2598571777344,353.2977294921875,-10.02396508550936,-18.570181375227264
7,4,350.845947265625,234.47874450683594,-12.508002070539646,-15.891720069624085
7,4,350.7643737792969,232.41952514648438,-12.857530564521824,-13.447302339488573
7,4,351.876953125,234.33946228027344,-13.92888088277084,-15.36899185400432
7,4,351.7750549316406,231.46739196777344,-12.053173642473553,-13.260832320295492
7,4,350.232421875,231.2305908203125,-11.540021408042549,-13.284079668414137
7,4,350.62408447265625,233.06475830078125,-13.11142370099327,-15.268320877647227
7,4,350.6435852050781,232.16783142089844,-13.036349480061915,-14.226731614049982
7,4,351.7120666503906,233.5675048828125,-14.275112132672234,-15.702369779287835
7,4,353.2989501953125,229.7410430908203,-14.828513099689474,-11.623130536927789
7,4,351.39501953125,229.5767364501953,-11.89405324559226,-11.218401937769954
7,4,351.37042236328125,230.56173706054688,-12.237556085941549,-12.442437629666841
7,4,352.4161682128906,233.3190460205078,-13.188304956036689,-15.285515050302337
7,4,352.4121398925781,232.50808715820312,-12.622601235589627,-14.40665733401704
7,4,352.43841552734375,233.8826446533203,-12.614795081887564,-15.702356453153556
7,4,351.6597900390625,233.36163330078125,-11.977877260143941,-15.110561863555205
7,4,351.8335876464844,231.02255249023438,-12.639641424887941,-12.75299762764459
7,4,350.2547302246094,236.5862274169922,-11.960975915167808,-18.714476306773236
6,4,349.50689697265625,231.8914031982422,-10.950017152299438,-13.177863037747443
6,4,349.7090759277344,230.76943969726562,-12.130392854911236,-12.80839007682141
6,4,347.9330139160156,231.6343536376953,-8.149476244890366,-13.236317413077217
6,4,346.2679748535156,234.11444091796875,-6.780014500195875,-15.78646823237213
6,4,345.95751953125,234.99508666992188,-7.76061873957741,-16.97314626937373
6,4,345.2484130859375,232.7100067138672,-7.302353654848162,-14.79715527229996
6,4,344.6744384765625,233.3136444091797,-6.177866951805015,-15.357436746926396
6,4,345.2778015136719,232.50880432128906,-7.1403305106360335,-14.521528337070492
6,4,345.24334716796875,233.9786834716797,-7.284348150694882,-15.94067813212294
6,4,346.05462646484375,235.1082763671875,-7.38605805577987,-16.952380719918864
6,4,347.8350524902344,234.86959838867188,-9.385006827747361,-16.40362363631769
6,4,344.7611083984375,232.5572052001953,-7.230175862768078,-13.634457100784658
6,4,346.720947265625,234.9171600341797,-8.805188970990912,-16.50641187351738
6,4,346.6349792480469,237.1617889404297,-8.452205274977075,-19.180016538574336
6,4,346.47943115234375,235.47296142578125,-8.777315163566016,-17.37809649208046
6,4,346.9615783691406,237.05422973632812,-8.835942979439778,-18.79716595814594
6,4,346.23785400390625,235.7357635498047,-7.034347228259662,-17.28117059444105
6,4,345.69720458984375,234.6523895263672,-6.447390383831589,-16.049827184366706
6,4,345.3661193847656,233.86981201171875,-6.399228119124928,-15.292571846643085
6,4,346.8489685058594,234.8653106689453,-8.845424690233983,-16.813415543355944
6,4,347.93670654296875,232.03736877441406,-10.108101454358632,-14.041696531274965
6,4,349.11968994140625,234.20770263671875,-10.913248531364786,-15.939338824023025
6,4,348.08697509765625,235.27975463867188,-9.805929693063831,-16.89938188996706
6,4,346.5803527832031,234.55979919433594,-8.238732887392075,-16.104044333467357
6,4,348.198486328125,236.95713806152344,-9.76199452885362,-18.492539996993344
6,4,348.99700927734375,236.59231567382812,-10.540934584178785,-18.15987557219836
6,4,348.86077880859375,236.32583618164062,-10.4372015122824,-17.95347852790499
6,4,347.773681640625,233.64857482910156,-9.825649254574671,-15.612989660639926
6,4,348.9933166503906,236.281494140625,-11.175544742373233,-18.475573386668515
6,4,349.2960205078125,234.2327880859375,-11.409060940358472,-16.339743608386954
6,4,348.1015930175781,235.35093688964844,-10.67591832461892,-17.447918163308486
6,4,349.98626708984375,233.89476013183594,-12.55427036898027,-15.996312919989066
7,6,381.3063049316406,317.9798583984375,-12.466851205690375,-16.13596481961065
7,6,380.0134582519531,318.6248779296875,-11.150087272424742,-16.731575403704085
7,6,378.5491027832031,315.48468017578125,-9.682803176128743,-13.594474475431127
7,6,380.49969482421875,316.25628662109375,-11.569592219853746,-14.392419880895204
7,6,376.8745422363281,318.46673583984375,-8.19240032311535,-16.940911505862687
7,6,381.1715087890625,318.42578125,-4.457854334413241,-15.598593183782327
7,6,385.3076171875,320.10931396484375,-8.271208262705727,-17.37557684705797
7,6,381.195556640625,319.16754150390625,-4.395307850886638,-16.71614984962531
7,6,383.5356750488281,315.72357177734375,-6.971715895685975,-13.554680414444988
7,6,381.329833984375,319.282470703125,-5.001905464748404,-17.39576997585374
7,6,383.2878723144531,318.1851806640625,-7.097481755034721,-16.35807897226232
7,6,383.84991455078125,317.67218017578125,-7.817254858405818,-15.85634919165176
7,6,381.55340576171875,320.38983154296875,-5.780091024170474,-18.507813457044563
7,6,384.0288391113281,318.09954833984375,-8.57872176732792,-16.61232859713175
7,6,381.7759094238281,321.40594482421875,-6.693575262258321,-20.65595199168547
7,6,379.27081298828125,317.87890625,-4.324421998330251,-17.430085962730402
7,6,382.2141418457031,317.94677734375,-7.361248998660244,-17.671533477345065
7,6,381.4383544921875,316.33447265625,-6.619134224486686,-15.971204836024299
7,6,381.12847900390625,318.37481689453125,-6.530192661496301,-18.30548097440152
7,6,377.88128662109375,318.809814453125,-3.6414656889213006,-19.314932585204815
7,6,377.6409606933594,315.71484375,-3.2988871721901205,-16.40644963358818
7,6,378.3828125,317.75115966796875,-3.9442527940792615,-18.689605993521752
7,6,381.47802734375,318.43603515625,-7.092959018334909,-19.919187346831677
7,6,380.2237854003906,316.014892578125,-6.135766984172335,-18.10191412682144
7,6,376.6571960449219,313.661865234375,-3.0475390544968377,-16.39679903599358
7,6,376.9510803222656,310.31134033203125,-3.686522453613634,-13.441156280217626
7,6,374.0793762207031,308.5277099609375,-1.1113408292015947,-12.159653737408064
7,6,375.3833312988281,306.7894287109375,-2.5971724519999384,-11.319733263604178
7,6,372.43963623046875,306.50579833984375,0.19503235444028633,-11.468293217950986
7,6,370.58416748046875,307.5654296875,1.9208875460197419,-12.624713947975351
7,6,375.0306396484375,311.81146240234375,-2.8530347221765737,-17.28727415958815
7,6,373.0612487792969,309.625,-1.1903063827310802,-15.496704936462208
7,6,372.93585205078125,311.0164794921875,-1.2540488288169627,-17.133149931272953
7,6,373.0242919921875,311.80499267578125,-1.2255645829628747,-17.812395520481516
7,6,377.5477294921875,312.9324951171875,-5.417208938263002,-18.58165152165202
7,6,370.7291564941406,303.4490966796875,1.1334306127801597,-9.871815093378586
7,6,380.0183410644531,313.35174560546875,-8.362766971031249,-20.32212675484874
7,6,374.06707763671875,311.51031494140625,-2.300757767919663,-18.109241325333244
7,6,380.0635070800781,308.0433349609375,-8.385890888258245,-14.971235615751084
7,6,378.16900634765625,312.9954833984375,-6.717779745489679,-20.73588540326716
7,6,374.8268737792969,308.6268310546875,-3.9141800705643277,-16.924521315865263
7,6,372.32659912109375,307.24530029296875,-1.812218090021645,-15.96784455944811
7,6,375.5975646972656,308.10443115234375,-5.036093771791798,-16.952403630741173
7,6,377.80999755859375,309.14111328125,-7.268032258891253,-17.719385796003905
7,6,375.6077880859375,306.297607421875,-5.129735570420053,-14.342700996617339
7,6,374.7241516113281,307.215087890625,-4.403889557560717,-16.16689937796002
7,6,370.97467041015625,306.655517578125,-0.8069432036701301,-16.45258025915865
7,6,372.8118896484375,307.7491455078125,-2.764861327838389,-17.94672767993535
7,6,372.2242431640625,305.94366455078125,-2.2971815102270625,-16.53933646471677
7,6,373.2603454589844,306.06658935546875,-3.453250471912554,-17.06035101121688
7,7,363.1574401855469,393.6754150390625,-7.969806874029587,-4.075994941660269
7,7,359.1665344238281,395.67437744140625,-4.2369297789559255,-9.855687948967727
7,7,356.3940124511719,395.11114501953125,-1.7644037008992086,-9.507182859128704
7,7,355.1626892089844,390.36077880859375,-0.6768392838137061,-3.798391217101539
7,7,357.3558654785156,394.85479736328125,-2.411841511693524,-4.9250675897613405
7,7,356.34136962890625,396.13641357421875,-1.4371628684814937,-6.868516558185206
7,7,359.46856689453125,395.191162109375,-5.021099627449871,-9.958348148244625
7,7,357.087158203125,383.99322509765625,-2.485379597925885,0.24401422726714372
7,7,359.7535400390625,394.51910400390625,-4.971911277482263,-10.0818422046857
7,7,358.3193664550781,394.7088623046875,-3.578324161205728,-7.173695864100239
7,7,358.1298828125,398.2130126953125,-3.519126353104639,-11.075942640294159
7,7,355.5645446777344,395.98553466796875,-1.1569846095100615,-12.05572517448718
7,7,354.7110900878906,386.84893798828125,-0.18754136030116797,-0.7509324599215574
7,7,353.6770324707031,392.87640380859375,0.9754144611314359,-4.588038320069359
7,7,356.39947509765625,389.2252197265625,-1.71700345566245,-1.1025346049805194
7,7,355.8661193847656,393.07525634765625,-1.1432541984153204,-7.0502373906219304
7,7,355.9385681152344,394.96240234375,-1.1666625558036685,-12.609810539849377
7,7,356.8447570800781,395.089599609375,-2.2885003235380736,-13.56312498133724
7,7,356.05224609375,393.2215576171875,-1.7185309797635,-12.11112064185869
7,7,357.769775390625,388.13677978515625,-3.577202255746613,-7.1702516265429495
7,7,357.6158447265625,394.26727294921875,-3.535662527780403,-11.60493228169679
7,7,356.7008361816406,393.3094482421875,-2.7106972007400714,-7.521203647766413
7,7,353.73583984375,389.69561767578125,0.17371083881556615,-6.403710373991657
7,7,355.33489990234375,393.92840576171875,-1.423537809852121,-12.327661728973226
7,7,358.04986572265625,386.67437744140625,-3.6426100331121916,-13.139857232003806
7,7,357.08416748046875,385.606201171875,-2.723053760346829,-12.079160311462886
7,7,358.6116638183594,394.2938232421875,-4.167537139149715,-20.812840834662268
7,7,357.7604064941406,389.63134765625,-3.203056691716597,-16.057362191055176
7,7,358.619384765625,382.25494384765625,-3.940353154201148,-8.557515766669951
7,7,357.2900695800781,387.8240966796875,-2.5488085535113214,-14.432451562000836
7,7,357.3537292480469,382.16424560546875,-2.6065964223292895,-8.958431229747532
7,7,357.8014831542969,385.39642333984375,-3.1349768647434644,-12.193960394527437
7,7,357.4534912109375,387.53643798828125,-2.859576382230671,-14.29795121588927
7,7,357.4710998535156,384.67333984375,-2.928514824885781,-11.393355154219591
7,7,355.2421875,385.16259765625,-0.47085868365491024,-11.984467602927054
7,7,356.7440490722656,386.57379150390625,-1.8853838553193327,-13.583215074868122
7,7,359.65863037109375,387.33636474609375,-4.930566991600813,-14.666686056759033
7,7,360.19586181640625,388.510986328125,-5.737861933993429,-16.163109419321188
7,7,358.7474365234375,383.75921630859375,-4.574970001438601,-11.71850273002542
7,7,361.62200927734375,385.28265380859375,-7.2599005228425995,-13.33768463233929
7,7,359.497802734375,386.74560546875,-5.027600231515237,-14.962365845081194
7,7,358.8361511230469,384.08233642578125,-4.378714331703918,-12.558623045285003
7,7,360.1658020019531,384.22265625,-5.764775006195805,-12.70491982434612
7,7,361.19366455078125,383.6292724609375,-6.873634154966226,-12.052526612956683
7,7,360.6468811035156,382.11260986328125,-6.508966351456706,-10.789244746632107
7,7,358.1507263183594,383.19677734375,-3.8940416429485367,-12.221480733065789
7,7,360.75836181640625,390.584716796875,-5.952042605583699,-20.093095292646808
7,7,360.5963439941406,383.4747314453125,-5.5765421625348495,-13.103945327941176
7,7,362.46295166015625,383.41839599609375,-7.380736755188707,-13.027407520684164
7,7,361.4233703613281,389.4954833984375,-6.699697666573002,-18.88664984316165
8,6,424.7546691894531,339.81463623046875,-13.773626347355332,-21.545682966031904
8,6,424.175537109375,337.9166259765625,-12.733901021058898,-19.304891523282947
8,6,423.5036315917969,338.90496826171875,-11.600903216602944,-19.82752949490873
8,6,428.39837646484375,338.72760009765625,-16.031562514180962,-18.970819614293987
8,6,428.0221252441406,339.60931396484375,-15.194041090584676,-19.177312987693767
8,6,430.6649169921875,341.44818115234375,-17.401540994547304,-20.294589587390135
8,6,428.041259765625,339.6700439453125,-14.911703845552267,-16.779024975971254
8,6,428.572021484375,339.50201416015625,-15.419269425440007,-15.332910897381396
8,6,429.743408203125,339.88970947265625,-16.308539684307732,-15.199980403545169
8,6,427.7313537597656,340.39642333984375,-13.88928791210941,-15.046509500517743
8,6,426.96624755859375,337.78228759765625,-12.695503061892623,-11.750769495564384
8,6,432.23553466796875,337.8350830078125,-18.003174861026196,-11.657533295269388
8,6,427.4955139160156,337.95782470703125,-13.040665371517264,-11.84693690586306
8,6,428.3706359863281,338.2410888671875,-13.27702156733642,-12.536244977598756
8,6,426.3879699707031,335.09405517578125,-10.793229890431292,-10.072028977059404
8,6,428.0155944824219,334.01025390625,-11.98458337345312,-9.742959447706312
8,6,424.7005615234375,335.2401123046875,-8.430014894315718,-11.082519725035468
8,6,426.18548583984375,332.5570068359375,-9.631059111765637,-8.825074707887836
8,6,427.3717346191406,334.86688232421875,-10.462670000905803,-12.048841949898247
8,6,427.6632995605469,330.8782958984375,-10.360032915100419,-8.900707061881235
8,6,427.23687744140625,331.01727294921875,-9.549454454187412,-9.872928475928404
8,6,428.730224609375,332.41925048828125,-11.043942138257478,-12.405049754593335
8,6,430.8772888183594,331.86199951171875,-13.278220313689474,-12.814935945829973
8,6,437.58612060546875,328.96649169921875,-20.261982913729696,-10.82107181276723
8,6,429.89459228515625,333.42242431640625,-12.378609944327991,-16.113073339726725
8,6,427.494873046875,333.44256591796875,-9.7700714445985,-16.846837310207093
8,6,430.1155700683594,331.9129638671875,-12.15823788387479,-15.768363739322467
8,6,426.3594665527344,332.93865966796875,-8.426560818748214,-17.726575141828164
8,6,425.5736999511719,330.58477783203125,-7.801482190911656,-16.559253491694278
8,6,425.5056457519531,329.1669921875,-7.239016346314031,-15.941827244015371
8,6,429.181640625,330.95098876953125,-10.29911942066218,-18.658239267503347
8,6,430.049560546875,329.056640625,-10.31315863967211,-17.988197105266863
8,6,430.1980895996094,324.93450927734375,-10.018412764181846,-13.57923425915402
8,6,427.6697692871094,325.097900390625,-7.256516992782792,-12.68407909705752
8,6,428.1396484375,320.91119384765625,-8.035601135240256,-7.401975819408392
8,6,427.6424560546875,324.3363037109375,-7.742941939484524,-10.145101962314243
8,6,425.5693359375,323.428955078125,-5.656931879698618,-9.397326346055593
8,6,423.2599182128906,325.09112548828125,-2.8115210650434506,-11.604017691839545
8,6,424.65057373046875,328.23089599609375,-3.409294112166492,-15.477340641767967
8,6,426.01409912109375,327.8985595703125,-4.286028140099518,-15.525560759384462
8,6,426.9429016113281,327.6427001953125,-4.863599862413594,-15.468209439388943
8,6,449.9815673828125,338.70684814453125,-18.36353260136309,-27.275173042035306
8,6,449.78643798828125,337.68853759765625,-17.70260783732624,-26.127486538116784
8,6,449.7523193359375,333.79339599609375,-16.742953641490942,-23.170346297135325
8,6,447.88165283203125,346.20294189453125,-24.14791005798878,-15.08106523578607
8,6,445.87176513671875,346.27093505859375,-22.572320392428367,-15.474633381698027
8,6,443.78472900390625,347.13812255859375,-20.76096166075814,-16.782778852064894
8,6,443.2479248046875,347.314453125,-20.59389254679303,-16.91859467539001
8,6,444.6312561035156,347.37164306640625,-22.405568509279817,-16.614708947523013
8,6,443.0217590332031,348.88507080078125,-21.941899578400353,-6.686296662366203
8,7,415.5812072753906,361.77032470703125,-22.720162500528602,-27.16187934378729
8,7,419.69970703125,361.5716552734375,-26.837126390061883,-26.974843560751538
8,7,415.0894775390625,356.24188232421875,-22.03621233176824,-21.81415922463026
8,7,425.4471740722656,363.40924072265625,-32.28144054156837,-29.17484752024785
8,7,416.017333984375,354.18670654296875,-22.81188500150307,-20.16555320966529
8,7,417.8683166503906,355.1181640625,-24.728202475911303,-21.02826202708502
8,7,416.7838134765625,356.27874755859375,-23.72617050675825,-22.0740980700985
8,7,411.67724609375,350.4932861328125,-18.72269262135677,-16.14520164401813
8,7,418.1611328125,353.41204833984375,-25.276930130765095,-18.98881182803774
8,7,418.904052734375,353.6356201171875,-25.99764541761533,-19.050689729084013
8,7,420.3727722167969,355.3126220703125,-27.44601730500699,-20.64921189525461
8,7,418.2082824707031,351.9376220703125,-25.260592435693468,-17.228931882275276
8,7,415.90655517578125,352.97332763671875,-22.40862519640416,-18.437464675385115
8,7,449.1512145996094,352.8106689453125,-23.987438495876063,-20.822036320076847
8,7,445.0232238769531,350.73260498046875,-23.05160958724622,-19.128456159634425
8,7,445.8208923339844,353.75146484375,-21.121745004782895,-13.319878687195796
8,7,448.22662353515625,352.85150146484375,-23.36530900337368,-12.404263337446423
8,7,445.6889953613281,354.7186279296875,-20.66551362696447,-14.25573783144705
8,7,447.0078125,352.38397216796875,-21.822163563055256,-11.905430098885233
8,7,445.9809265136719,353.668212890625,-21.072224911477804,-13.339367946205016
8,7,442.8364562988281,352.4595947265625,-18.15940579397369,-12.249673024719584
8,7,447.0114440917969,353.02020263671875,-21.994206750792557,-12.651625355140197
8,7,444.1129150390625,353.1768798828125,-18.893172085576566,-12.565292595813162
8,7,447.222900390625,353.5655517578125,-21.92885526011986,-12.633182668158497
8,7,446.1913757324219,356.19873046875,-20.89638524229423,-15.137132310817037
8,7,445.163818359375,351.88043212890625,-19.972270312046646,-10.800038466296542
8,7,445.4790344238281,352.391845703125,-20.79155858877317,-11.630080774774058
8,7,446.77655029296875,354.8614501953125,-22.361960962242676,-14.261973872037913
8,7,447.0002136230469,355.60247802734375,-22.64440042711908,-15.020778461089662
8,7,444.3753356933594,351.19793701171875,-20.07829863222986,-10.634014202485218
8,7,447.1571044921875,355.473876953125,-22.854950851879778,-14.891475273168453
8,7,446.5420227050781,352.206298828125,-21.97015143855907,-11.455271625899172
8,7,446.3940124511719,351.65472412109375,-22.06873733292383,-10.837811896767505
8,7,448.221923828125,352.83819580078125,-24.60406582221549,-12.047096623777804
8,7,447.45428466796875,352.54888916015625,-23.630435869057294,-11.357638856732308
8,7,448.2215881347656,351.2406005859375,-24.274442841579514,-9.684246781643424
8,7,447.3678894042969,352.3248291015625,-24.18174222706938,-10.791974849116059
8,7,445.5750732421875,350.199951171875,-23.149924180918617,-8.690596471276137
8,7,447.64898681640625,354.6778564453125,-25.98483587109598,-13.192001296561216
8,7,447.48602294921875,353.23773193359375,-26.263003498202124,-11.779704654166153
8,7,444.7544250488281,353.9208984375,-23.80792781860356,-12.332150874157094
8,7,442.451904296875,352.70684814453125,-21.832714457831173,-10.228089796944118
8,7,444.4276428222656,350.76397705078125,-24.695365931860294,-8.241964615616155
8,7,444.661376953125,352.50848388671875,-25.207234740700983,-9.746374842806745
8,7,441.673095703125,351.30474853515625,-22.539900768573887,-8.425245942291895
8,5,416.1506042480469,297.1444091796875,-15.759759634533395,-9.533113077128917
8,5,416.63140869140625,299.20892333984375,-16.187494539131535,-11.474926816840878
8,5,415.189697265625,299.08953857421875,-14.81503923187006,-11.221065759673763
8,5,415.4862365722656,298.18310546875,-15.241792874212706,-10.172625980363307
8,5,415.1888732910156,299.71978759765625,-14.969538089370644,-11.460694111774842
8,5,416.8255615234375,297.73468017578125,-16.63134858677728,-9.226836361624294
8,5,414.7379455566406,298.52484130859375,-14.493834111129672,-9.520154316395121
8,5,416.26129150390625,299.43072509765625,-15.868512392675086,-10.559250768389916
8,5,414.6551208496094,299.27386474609375,-14.370752731611162,-10.375766856832001
8,5,416.26171875,298.44573974609375,-16.187132061455202,-9.092247550251386
8,5,415.8091125488281,299.3572998046875,-15.344055739329349,-10.355058890302644
8,5,417.0951843261719,298.76116943359375,-16.635224019227564,-10.082883276369103
8,5,418.29461669921875,299.4654541015625,-17.36492721758941,-8.624048238035869
8,5,418.05316162109375,299.96466064453125,-16.830606908876803,-9.827409066447046
8,5,425.12060546875,295.080322265625,-14.64035250017821,-4.528154013936728
8,5,424.3627624511719,294.0894775390625,-13.884526554338947,-3.5556323184722487
8,5,423.14117431640625,295.9852294921875,-12.624496374073999,-5.7116981951355115
8,5,424.8314208984375,293.2119140625,-14.276045516768363,-3.200426112357036
8,5,426.0126037597656,296.26678466796875,-15.41876478230921,-6.515756571163706
8,5,425.0005798339844,295.3154296875,-14.378958814378962,-5.5895101446537865
8,5,424.1128234863281,293.593017578125,-13.442067958608504,-3.8121233810166473
8,5,424.6749267578125,293.35626220703125,-13.938983372910116,-3.4822999688463483
8,5,422.38946533203125,293.6949462890625,-11.588334089946159,-3.7279160098010493
8,5,422.2461242675781,293.94720458984375,-11.391822057593401,-3.8956209762778826
8,5,424.11968994140625,295.8201904296875,-13.321439445271096,-5.764236532823588
8,5,423.6156005859375,294.03424072265625,-12.90657398378562,-4.031346551470392
8,5,423.6370544433594,294.34234619140625,-13.059864613639604,-4.4664655084789615
8,5,424.0525207519531,296.970947265625,-13.51969551860742,-7.2154175171463635
8,5,423.90869140625,293.58428955078125,-13.292472610675645,-3.8424817397363427
8,5,423.1779479980469,295.2686767578125,-11.603675991413525,-4.640266563069758
8,5,422.8225402832031,295.0162353515625,-10.711391285761579,-3.9622663692105107
8,5,422.3670959472656,294.403564453125,-10.259502206231844,-3.5164103860898877
8,5,422.1894836425781,296.25750732421875,-10.084845519052294,-4.566684656829295
8,5,421.5638427734375,295.05517578125,-9.469652232608553,-2.6074953708468342
8,5,421.2503967285156,294.1346435546875,-9.226753846897964,-3.4620613628647448
8,5,422.8673095703125,298.0732421875,-10.963301417652474,-8.423172494739106
8,5,422.5926818847656,293.626953125,-10.869074073334332,-4.067758897977342
8,5,422.76416015625,295.01806640625,-11.061499377113876,-5.535982632245123
8,5,421.5915222167969,293.668701171875,-9.865215703564331,-4.259294213553346
8,5,420.5040588378906,294.01959228515625,-8.754093624109885,-4.68290199581304
8,5,422.2955017089844,294.093994140625,-10.607824391170823,-4.764900291880622
8,5,422.1627502441406,295.07196044921875,-10.640498709857582,-5.672449441224103
8,5,421.4925537109375,294.0867919921875,-10.79230866741625,-5.2265968937383604
8,5,423.3691101074219,292.48291015625,-13.562320428992962,-4.2657532388961386
8,5,424.4070739746094,292.44061279296875,-14.74345608470486,-4.439570308792497
8,5,423.820556640625,291.6024169921875,-14.299241988381993,-3.8161778841757723
8,5,424.277099609375,291.9183349609375,-14.898088194793502,-4.346899229090354
8,5,422.5081787109375,291.7498779296875,-13.063451081374296,-4.351108085745295
8,5,424.78094482421875,294.66033935546875,-15.131569644615809,-7.298414400705212
8,5,423.75482177734375,291.54998779296875,-13.36997630394228,-3.4887660599198966
9,3,494.1385498046875,198.15830993652344,-20.697776233847208,-17.404331117739076
9,3,495.08917236328125,198.0911102294922,-21.784735297958377,-17.458666037085948
9,3,495.7327880859375,198.1539764404297,-22.25764515374999,-17.633721393639178
9,3,494.7384033203125,198.64471435546875,-20.996639409320494,-18.069026634350053
9,3,494.2786865234375,197.9492645263672,-20.404531386672602,-17.312191546652343
9,3,494.91290283203125,198.09715270996094,-21.11332840922296,-17.38951604522424
9,3,495.3802795410156,199.87994384765625,-21.61701808828451,-19.194955000264173
9,3,495.1842346191406,194.63511657714844,-21.440307979009674,-14.014393322790426
9,3,495.4457092285156,196.93313598632812,-21.683060959601505,-16.465011307510196
9,3,496.47491455078125,197.59036254882812,-22.741631685750065,-17.212538558920414
9,3,496.46966552734375,197.2380828857422,-22.83753351346263,-16.85755984224525
9,3,496.81048583984375,195.720703125,-23.04662519255703,-15.400672599408637
9,3,495.3241882324219,196.43527221679688,-21.36049912796875,-16.176596539354392
9,3,494.11737060546875,197.4362335205078,-20.16282736952064,-16.946207348745617
9,3,496.95306396484375,198.2819061279297,-23.047199698647717,-17.716888187455368
9,3,495.20245361328125,198.02676391601562,-21.40419190986603,-17.618077667446556
9,3,493.2992248535156,197.23318481445312,-19.511400724756584,-16.87533817347557
9,3,491.06201171875,197.8513946533203,-17.05569113302522,-17.634074449210402
9,3,494.67181396484375,194.7696075439453,-20.53677227937601,-14.635074574684694
9,3,493.7587585449219,194.88609313964844,-19.623716859454134,-14.751560170387819
9,3,493.4808044433594,194.6077880859375,-19.345762757891634,-14.473255116676881
9,3,491.4503173828125,196.22732543945312,-17.33768045885114,-16.082902443927367
9,3,493.1989440917969,197.0975799560547,-19.349716110650036,-16.836881616014978
9,3,494.81622314453125,198.61094665527344,-20.81954568579971,-18.27762981589862
9,3,495.2838439941406,197.98611450195312,-20.804313779045913,-17.752868149973295
9,3,493.26953125,198.4234619140625,-19.10602606058319,-17.985784520363836
9,3,494.6637268066406,196.97789001464844,-20.591100397723437,-16.588623461893604
9,3,495.9556579589844,197.97061157226562,-22.00985565358053,-17.651709229195774
9,3,495.7490539550781,197.0764923095703,-22.048040554337945,-16.697319446441583
9,3,492.89849853515625,198.90499877929688,-19.469290852142933,-18.34722031533653
9,3,494.5014343261719,199.61810302734375,-20.77667065972844,-19.175754380296013
9,3,494.42352294921875,198.449462890625,-20.46656983355456,-18.10452360290722
9,3,493.59674072265625,196.65272521972656,-19.687438411529342,-16.299475275036087
9,3,492.69073486328125,197.13754272460938,-18.9509457498321,-16.701219600478453
9,3,494.2546081542969,196.6749267578125,-20.764244336832064,-16.106504005485817
9,3,492.9815368652344,199.2135772705078,-19.455163173508424,-18.7774443436559
9,3,494.8024597167969,196.9336395263672,-21.23614364361191,-16.60645343023134
9,3,492.3821105957031,197.56216430664062,-18.81579452251816,-17.234978210504778
9,3,493.0397644042969,199.43441772460938,-19.421156140752885,-19.05137208244554
9,3,491.56903076171875,198.0706024169922,-17.864942390599197,-17.596245243014295
9,3,494.8340759277344,199.3307647705078,-21.175629598167006,-18.866867027822025
9,3,495.8012390136719,197.87245178222656,-22.141787041606108,-17.454713295552892
9,3,494.5111083984375,197.3234100341797,-20.711007795894318,-17.028763507598086
9,3,494.11309814453125,198.11221313476562,-20.18943295377693,-17.680812327445693
9,3,493.55780029296875,199.06053161621094,-19.522421149509228,-18.331974300340192
9,3,494.7573547363281,199.25772094726562,-20.890974123122987,-18.422116303605037
9,3,496.1480712890625,198.78297424316406,-22.44754085443884,-17.926570602220522
9,3,495.9613952636719,199.67576599121094,-22.385398857824555,-18.98924610936095
9,3,495.5152282714844,199.00315856933594,-21.618813596897155,-18.387540286740688
9,3,493.23162841796875,199.93821716308594,-19.482295294069786,-19.55166743690023
9,6,459.55731201171875,320.7254638671875,-13.961770248531025,-8.935860408254257
9,6,461.2358703613281,320.4534912109375,-16.110067781800524,-9.249407136644265
9,6,462.6376953125,321.70074462890625,-18.021205294492347,-11.069223252806239
9,6,461.7886962890625,319.83319091796875,-16.939742889788135,-9.135180265378551
9,6,465.15130615234375,304.1209716796875,-20.747942706801553,-2.8133704189693844
9,6,466.0479431152344,304.689697265625,-21.50000125437282,-3.564359585398904
9,6,466.2899169921875,305.23046875,-21.75983517966256,-3.8528339457027982
9,6,464.1053771972656,304.5716552734375,-19.73212579973267,-3.051568523544802
9,6,463.836669921875,302.05987548828125,-19.752831517273137,-0.5005068610177545
9,6,465.2372131347656,304.33197021484375,-20.394985600040457,-2.595088251929269
9,6,464.435546875,305.36920166015625,-18.808647726712138,-3.4735006493491483
9,6,465.10406494140625,304.0595703125,-19.33852302029129,-2.18540754771891
9,6,465.6485290527344,304.796142578125,-19.906121275647024,-3.124293057800628
9,6,464.8225402832031,303.47576904296875,-19.250577749670754,-2.1708431719947043
9,6,463.32806396484375,301.0968017578125,-17.865500950555088,-0.3988894932320477
9,6,466.38616943359375,300.62890625,-20.922378939493285,-0.4017964316236089
9,6,466.7954406738281,303.02703857421875,-20.919142775348462,-2.5374849677751854
9,6,465.6013488769531,303.395751953125,-19.814426766807173,-3.1098953270023344
9,6,464.9049987792969,303.15362548828125,-19.650475815719858,-3.4829400135138826
9,6,466.6651611328125,303.52655029296875,-21.444569113923308,-4.481128130827585
9,6,466.0292663574219,304.64837646484375,-20.750245596449872,-6.156989663213153
9,6,464.99493408203125,305.360595703125,-19.598686463855984,-7.130119173366381
9,6,464.2441101074219,301.71710205078125,-18.446044282600212,-3.6873238203542087
9,6,465.9840087890625,300.61700439453125,-19.542699528339767,-2.7333346861121868
9,6,467.71514892578125,301.3590087890625,-21.358736992167962,-4.345957804279294
9,6,466.7275390625,300.944091796875,-20.46036335673091,-4.59508151036232
9,6,468.0422058105469,303.9605712890625,-21.48072881687193,-7.0902375903963275
9,6,467.63140869140625,300.43572998046875,-21.432118457710544,-4.6200187372483015
9,6,495.48309326171875,300.44049072265625,-10.712931586700961,-10.717460139604668
9,6,496.75860595703125,300.81817626953125,-12.348463852103691,-10.47944052969666
9,6,496.5205078125,301.2860107421875,-12.1372162662135,-10.845843322674966
9,6,495.29254150390625,300.7508544921875,-11.17662669385902,-9.87659991118528
9,6,496.1858215332031,302.5689697265625,-12.444521171181293,-11.019092703980562
9,6,496.07928466796875,301.065673828125,-10.751264509882674,-8.7791452677925
9,6,496.8564758300781,301.23583984375,-11.548809678388068,-9.379703888451388
9,6,496.45697021484375,300.143798828125,-11.363462981976056,-8.855743303173597
9,6,496.7359924316406,301.1375732421875,-11.221613563853111,-10.242288401891528
9,6,495.3586730957031,300.7880859375,-9.915412377254711,-9.79477848969293
9,6,493.4825439453125,301.06689453125,-8.635235927759538,-9.452970970472109
9,6,497.3018493652344,303.55828857421875,-11.73481148569033,-11.887535653822226
9,6,495.2703552246094,302.4393310546875,-8.772716228032493,-10.714159472934341
9,6,496.1644592285156,304.9290771484375,-9.734962133864371,-12.085691375782801
9,6,495.6763916015625,303.6441650390625,-9.390075567526594,-10.331805265178161
9,6,495.925537109375,304.38592529296875,-9.870860368244166,-11.371954864526515
9,6,495.005615234375,303.31292724609375,-8.909776385657779,-10.502135591955096
9,6,496.7438049316406,303.1177978515625,-10.588572523602807,-10.348981223536157
9,6,494.3922424316406,305.501220703125,-8.21886834217753,-12.624903428236053
9,6,495.8784484863281,304.93585205078125,-9.097631758445516,-11.976220263290656
9,6,495.6802978515625,305.4425048828125,-8.111818540179513,-12.386281886831625
9,6,498.2734680175781,302.88232421875,-10.915032036238529,-9.29906506169823
9,5,494.1800231933594,299.3262939453125,-13.931639992110206,-12.720720982471107
9,5,492.95465087890625,297.962158203125,-13.285321746870125,-11.201298572050916
9,5,493.9458312988281,299.539794921875,-14.887213168204596,-12.660987856270253
9,5,493.49957275390625,297.81341552734375,-14.37417555628258,-11.081434780375503
9,5,494.0989685058594,296.60223388671875,-14.83408396892446,-10.018621176089937
9,5,492.0809631347656,297.6025390625,-12.567154246892528,-11.170503278273088
9,5,494.3398132324219,298.3592529296875,-14.80001501265474,-11.961475592607826
9,5,492.4538879394531,296.972412109375,-12.945164654823088,-10.575508290980792
9,5,494.09783935546875,296.21356201171875,-14.386990150742406,-9.899822357996186
9,5,491.80072021484375,298.487548828125,-11.948897639193262,-12.162520913432843
9,5,494.5819396972656,296.55499267578125,-14.676833294652681,-10.083236682112329
9,5,496.0354919433594,296.958740234375,-15.460488918618239,-10.367977122502225
9,5,494.8885498046875,297.3865966796875,-13.474478704957335,-10.61709441235871
9,5,496.71405029296875,296.20074462890625,-14.982859408631896,-8.518607118742068
9,5,495.73699951171875,297.27947998046875,-13.748015438128675,-9.371205966404148
9,5,497.12554931640625,298.48846435546875,-14.961412040973642,-11.308223027590088
9,5,498.1058654785156,295.8829345703125,-15.286798050547532,-9.00207265268773
9,5,497.5872497558594,299.81768798828125,-13.964010812450624,-12.975779261874777
9,5,496.3898620605469,299.61328125,-12.041013683986023,-11.558347344148387
9,5,497.6083984375,297.7529296875,-12.723512693499572,-9.162430989808229
9,5,496.865966796875,299.06805419921875,-11.710259593285798,-10.868298348541373
9,5,496.2455139160156,297.32904052734375,-11.498955886248552,-9.319819767893136
9,5,495.6985778808594,295.12261962890625,-11.524365159982437,-7.249418174193693
9,5,496.5533447265625,294.7843017578125,-12.476975706266046,-7.125419806414186
9,5,495.6269836425781,295.42333984375,-11.480279062508032,-7.919531299378548
9,5,495.391357421875,299.07843017578125,-10.950596444480084,-11.650884930224493
9,5,497.33416748046875,298.90460205078125,-13.00214139541447,-10.843803964048504
9,5,496.3442687988281,298.5269775390625,-12.254605014379365,-9.780412541471605
9,5,496.4614562988281,296.72503662109375,-12.702597973818854,-8.690175543495968
9,5,496.340576171875,297.41986083984375,-12.819738220011345,-9.588259308981208
9,5,493.1153869628906,297.0020751953125,-9.712773513185311,-8.718053392020522
9,5,494.68133544921875,297.45989990234375,-11.39429336172202,-8.449868422975783
9,5,493.8826904296875,297.44415283203125,-10.655803332964581,-7.819414274747658
9,5,493.6896667480469,297.5701904296875,-10.058608838660291,-8.965706251144582
9,5,495.3044738769531,296.93377685546875,-11.515473981626997,-8.682889564105665
9,5,493.7513427734375,298.7391357421875,-10.10840618658375,-10.01825017838371
9,5,493.6229248046875,295.501220703125,-9.910847375596859,-6.571728810823572
9,5,492.78973388671875,296.3997802734375,-8.91216076979407,-7.35511254243346
9,5,493.527099609375,299.938232421875,-9.206628437956681,-10.930130103240401
9,5,494.8009948730469,298.45977783203125,-10.172155410656444,-9.560278114193466
9,5,495.5958251953125,298.49456787109375,-10.826993284182095,-9.790144027335316
9,5,495.3219299316406,299.76605224609375,-10.572411686832766,-8.880485308925358
9,5,494.78753662109375,298.6722412109375,-9.945939718736668,-7.961213070404824
9,5,495.797119140625,299.908935546875,-10.993828329492032,-9.487705881884267
9,5,497.0841979980469,297.591064453125,-12.47523181396491,-7.597553124028082
9,5,495.5304870605469,296.74102783203125,-11.036077027883834,-6.965365685205995
9,5,494.0962829589844,298.0341796875,-9.682779265278725,-8.317457257007504
9,5,495.2607421875,298.80328369140625,-10.931480723661139,-8.86401645653865
9,5,495.647705078125,299.49542236328125,-11.4027479505487,-9.203908610751512
9,5,493.9780578613281,299.87957763671875,-9.862240405555895,-7.852331405175278
10,6,514.5680541992188,320.64678955078125,-10.736840482294497,-8.028172460717542
10,6,512.6904907226562,322.30572509765625,-9.258545757848196,-9.323166077018584
10,6,511.15277099609375,323.1632080078125,-7.823954397385478,-9.48378461928911
10,6,514.288330078125,323.2581787109375,-10.301523511107348,-8.150406946829435
10,6,514.661376953125,323.90509033203125,-10.311878959221076,-8.763434549001545
10,6,514.156982421875,323.58209228515625,-9.614122393154162,-9.206174416671672
10,6,513.4094848632812,322.45416259765625,-8.852576936970308,-7.481103688747169
10,6,512.748046875,325.36090087890625,-8.247370361063304,-9.526611724762176
10,6,513.0516967773438,324.1812744140625,-8.756957806390858,-6.969404401290319
10,6,515.1027221679688,325.69122314453125,-10.293473855038258,-7.935704275333649
10,6,515.1832275390625,322.634765625,-9.460688667607371,-4.793363310076359
10,6,513.25048828125,318.817138671875,-7.547625724956845,-1.9896161558909284
10,6,514.0859375,323.09625244140625,-8.427072771674943,-6.844206266534798
10,6,513.0546875,323.45111083984375,-7.446658858119122,-6.750960190304625
10,6,512.5355224609375,324.3577880859375,-6.746391985604191,-7.014193517113142
10,6,513.0469360351562,324.38330078125,-6.947474323737254,-6.284428215906814
10,6,514.4647827148438,325.3270263671875,-8.584268437744754,-6.1117454713389066
10,6,512.34130859375,328.01507568359375,-6.4869535882832,-7.85385913105614
10,6,513.3382568359375,329.21380615234375,-7.082719846622467,-8.48137555997738
10,6,514.9979248046875,328.81854248046875,-8.685843658107046,-8.34835267922415
10,6,515.6889038085938,330.619384765625,-9.503171811875347,-10.853735754563047
10,6,514.3773193359375,331.8702392578125,-8.776201062738267,-11.514085160531863
10,6,513.0152587890625,331.47271728515625,-7.773153043574268,-10.295462948099669
10,6,513.173828125,328.05645751953125,-7.648236415129759,-5.199818574731125
10,6,515.227783203125,330.3651123046875,-8.837180281362123,-7.453914733539136
10,6,513.0086669921875,331.61822509765625,-5.952844640745752,-9.6813790308575
10,6,518.2355346679688,331.74615478515625,-10.607595364657868,-10.926256736433857
10,6,516.1824951171875,334.62225341796875,-8.956568973642675,-12.542712103344627
10,6,516.0450439453125,332.55181884765625,-8.932322833491128,-10.176216774757904
10,6,514.1522216796875,328.65118408203125,-6.7483650193697144,-7.327448944714433
10,6,514.0055541992188,330.36773681640625,-6.400476181997817,-9.515513045250827
10,6,516.5191650390625,331.62237548828125,-8.703500064333014,-10.88489426461905
10,6,515.8020629882812,327.18212890625,-7.373212200232842,-4.820500876716494
10,6,516.667236328125,330.10125732421875,-7.822496496505323,-6.730573019076644
10,6,514.493408203125,331.42327880859375,-5.50365057742215,-7.887477661334003
10,6,522.4974365234375,329.832763671875,-9.698490126521165,-4.35292581653772
10,6,524.1719970703125,327.8089599609375,-11.251006981776527,-2.0320079978085914
10,6,522.9672241210938,329.35205078125,-9.987455169274767,-3.070231343763055
10,6,521.4527587890625,325.5369873046875,-8.19980546130762,0.9780780656529942
10,6,523.6534423828125,329.45703125,-10.146622373242849,-2.4010098273761287
10,6,524.3975830078125,328.47283935546875,-10.839928380677975,0.5153226215344944
10,6,526.7603149414062,331.14300537109375,-12.851054045149567,-2.039539002371953
10,6,526.6650390625,328.86968994140625,-12.143867229342277,-1.2233609599862802
10,6,523.83544921875,330.366943359375,-9.466781589300808,-1.5651640799787856
10,6,524.7532958984375,329.56329345703125,-10.518646394679422,0.1847607601525283
10,6,523.6388549804688,332.7833251953125,-9.016833453499999,-4.4418941609962985
10,6,525.5186767578125,337.80157470703125,-10.557596548727133,-9.915303063453507
10,6,525.7642822265625,334.29168701171875,-10.501957615669653,-6.071418736110047
10,6,527.739013671875,338.32049560546875,-12.669263396529914,-8.193983277620816
10,6,527.65478515625,335.20654296875,-12.628782237853443,-3.629621324268669
10,5,526.5120849609375,258.5155944824219,-16.605988626933197,-6.566001210564252
10,5,524.835205078125,256.75274658203125,-14.976758386355186,-4.783956875806695
10,5,526.080810546875,258.55010986328125,-16.275992335377566,-6.577956549862904
10,5,526.57861328125,258.50762939453125,-16.824218963803276,-6.56985901505908
10,5,524.6624755859375,256.6825256347656,-14.970206737895921,-4.7174562761975665
10,5,527.02392578125,259.0848693847656,-17.431661346344754,-7.073355765961452
10,5,526.884521484375,259.1127014160156,-17.42708934069077,-7.21711291684602
10,5,524.290283203125,259.77105712890625,-14.79110202055864,-7.827169237074486
10,5,525.7056884765625,258.269775390625,-15.991488527689171,-6.11334350580168
10,5,526.3232421875,257.4407043457031,-16.63163430207925,-5.300248628915142
10,5,525.524658203125,258.25543212890625,-15.955669796477878,-6.291493019063381
10,5,525.7230224609375,257.6641845703125,-16.30291760803891,-5.934304598838764
10,5,528.7000732421875,258.8609619140625,-19.059353252954736,-7.142164901298287
10,5,525.433837890625,257.149658203125,-15.646410342776107,-5.458951158790796
10,5,527.1136474609375,256.0093078613281,-17.303246112610054,-4.375163389889792
10,5,527.3651123046875,257.06365966796875,-17.546370493479287,-5.295671840043184
10,5,527.4977416992188,259.50225830078125,-17.67624952239163,-7.5344216679533815
10,5,524.8986206054688,258.6102294921875,-15.062873566899441,-6.739712129046296
10,5,525.7666015625,259.6846923828125,-15.914278596828694,-7.807037534864236
10,5,527.7354736328125,258.240234375,-17.863560840789035,-6.305902255610135
10,5,526.485107421875,257.7376708984375,-16.386397976229773,-5.638363819772735
10,5,527.7884521484375,259.1336669921875,-17.59091655356582,-6.916698479173391
10,5,526.2335205078125,258.59375,-16.253911052020612,-6.378353800072517
10,5,524.63720703125,257.24383544921875,-14.839972366678637,-5.177721097384932
10,5,526.5738525390625,258.181396484375,-16.93960698176471,-6.347422870143504
10,5,524.9342041015625,257.1993408203125,-15.075371699712036,-5.286663675336342
10,5,526.44921875,258.5042724609375,-16.403643602569787,-6.561573511549597
10,5,526.9860229492188,257.520751953125,-16.857917343939334,-5.670868083667727
10,5,524.2041015625,259.6710205078125,-14.13125553632193,-7.774905267268224
10,5,526.108154296875,258.7864990234375,-16.165966443528475,-6.768124020572799
10,5,526.6611938476562,256.9669189453125,-16.916698794664683,-4.906887030623523
10,5,526.10302734375,257.9372863769531,-16.494701120233913,-5.84908507698205
10,5,525.8248291015625,258.5229797363281,-16.222563408669203,-6.433062319413807
10,5,524.9327392578125,259.5546875,-15.370882406408327,-7.6132891719285
10,5,523.14697265625,258.9884948730469,-13.643377404463877,-7.273701359832245
10,5,524.0753173828125,257.1893310546875,-14.580793027303514,-5.51100057148534
10,5,525.396728515625,258.6064453125,-15.900959388168644,-6.846369082601882
10,5,524.0776977539062,257.5249938964844,-14.56056341218067,-5.447656633763188
10,5,522.8253173828125,255.64044189453125,-13.308067158538677,-3.469589623691519
10,5,523.234130859375,257.4753723144531,-13.727414804969214,-5.323363394053018
10,5,524.458740234375,256.93731689453125,-14.842497500347747,-4.8647058776065535
10,5,526.7224731445312,256.96295166015625,-17.06437030155007,-4.959359599835437
10,5,525.3619384765625,258.66265869140625,-15.79786859404311,-6.707554836737728
10,5,526.1953125,259.299072265625,-16.67033747234393,-7.291138529631894
10,5,524.9515991210938,258.41693115234375,-15.438140081599784,-6.305429400991045
10,5,525.1185913085938,258.1750793457031,-15.464080271235275,-5.739842193537015
10,5,526.0089111328125,256.3675231933594,-16.271407665902075,-3.73132285958917
10,5,526.0986328125,258.7510986328125,-16.389499869060103,-6.1493503722916785
10,5,524.99755859375,258.41143798828125,-15.339782409000065,-6.035031575135349
10,5,522.92431640625,256.7710266113281,-13.324897034457365,-4.705768166990225
11,5,562.352783203125,282.44342041015625,-12.445706674278199,-24.357347646372375
11,5,550.7342529296875,278.0684814453125,-17.20883847368657,-12.357946364962856
11,5,550.2742919921875,276.878662109375,-16.202224970494967,-10.041981310718313
11,5,550.875244140625,290.9078369140625,-11.713723751803855,-16.95118177285167
11,5,550.1474609375,282.62744140625,-9.708479616650038,-9.068177819623315
11,5,550.47509765625,283.39068603515625,-8.75441407579774,-10.081481643048562
11,5,550.0047607421875,285.59747314453125,-7.918007713804627,-12.048812200953876
11,5,550.4810791015625,286.8363037109375,-8.684325908131541,-12.5777837014885
11,5,550.92236328125,284.1378173828125,-8.415473936408489,-10.105563501572817
11,5,550.385986328125,287.016357421875,-7.044116181793015,-13.367394934529727
11,5,553.3226318359375,285.4228515625,-10.140376660078118,-11.50710996388051
11,5,558.637451171875,286.104736328125,-15.608261783981902,-11.762765115420336
11,5,560.4615478515625,286.34539794921875,-17.578543303202196,-11.384322136323533
11,5,560.7659912109375,285.85467529296875,-17.655112279176137,-10.670636737123914
11,5,561.6007080078125,286.87066650390625,-18.197208758200077,-11.656491438131411
11,5,562.625732421875,286.1630859375,-19.128270496505138,-11.534905832470827
11,5,561.1868896484375,286.044921875,-17.588653119030482,-11.65456615989524
11,5,560.0423583984375,286.63677978515625,-16.33570788484019,-12.084352399848001
11,5,561.29150390625,283.773193359375,-17.25276195061599,-9.11143876310308
11,5,560.9208984375,287.4312744140625,-16.52712426089238,-12.627130697383564
11,5,561.244384765625,286.97772216796875,-16.894942927286138,-11.625855932541356
11,5,564.6033935546875,288.593017578125,-20.325699248740307,-12.898626145366336
11,5,563.2977294921875,289.33148193359375,-19.12656901658795,-13.554920579815757
11,5,559.9425048828125,285.455810546875,-15.551468155358066,-9.287606290505948
11,5,563.4490966796875,286.27587890625,-18.73107161010796,-9.712417562235032
11,5,562.912841796875,284.00860595703125,-17.76795049245436,-7.759491612774468
11,5,562.801513671875,285.18524169921875,-17.351185537132324,-8.84875543756624
11,5,562.4598388671875,285.31463623046875,-16.85919826895963,-8.392527834048906
11,5,561.833251953125,283.136962890625,-16.397982750026472,-5.619469198124079
11,5,560.88525390625,282.8363037109375,-15.616878461228794,-4.812188551954421
11,5,561.982666015625,286.7984619140625,-16.225658546571935,-8.962819667433564
11,5,561.5228271484375,287.00811767578125,-15.295023824736063,-9.358789296920804
11,5,561.2359619140625,285.85760498046875,-14.559096144899627,-8.3919596690954
11,5,562.8409423828125,285.43017578125,-16.772893399317468,-7.3203384391187
11,5,563.0191650390625,283.87762451171875,-17.674654812964377,-5.001761083601366
11,5,563.177978515625,284.02569580078125,-17.299333952925622,-5.149739794845857
11,5,562.6610107421875,283.70135498046875,-16.23781948341366,-4.812425316442898
11,5,562.5274658203125,283.47930908203125,-15.547474708035793,-4.562230282475582
11,5,563.39208984375,287.01348876953125,-16.287301344049183,-8.023589888957815
11,5,562.1722412109375,283.9591064453125,-15.02907667983186,-4.8732620698407345
11,5,562.1307373046875,288.796630859375,-14.778007810321355,-9.543963376902695
11,5,562.4468994140625,285.73101806640625,-14.934564733642333,-6.335823662703319
11,5,563.4132080078125,287.4542236328125,-15.798317892118916,-7.9442455700688015
11,5,560.7685546875,284.0767822265625,-13.151900793454047,-4.106945155687697
11,5,562.56103515625,284.301513671875,-14.9261982804004,-3.82322158138669
11,5,561.5882568359375,287.46295166015625,-13.67020572246986,-6.712530676373433
11,5,561.5023193359375,285.22784423828125,-13.032958277936928,-4.651129731241497
11,5,562.2640380859375,287.62884521484375,-12.950431152435499,-7.7212135311676775
11,5,563.908935546875,291.8770751953125,-14.430010067648482,-11.95141895898081
11,5,562.9410400390625,292.72467041015625,-13.416068287515941,-12.61514257631444
10,4,502.7528076171875,242.4844512939453,-20.7651399987638,-25.199509571287848
10,4,502.8477478027344,240.5054473876953,-20.904892492043246,-23.23906945003685
10,4,500.47686767578125,240.92127990722656,-18.57498555600546,-23.72499740833777
10,4,503.853515625,241.70416259765625,-21.884000121296083,-24.64562960698072
10,4,502.9635009765625,244.4005584716797,-21.03418389907796,-27.901202390907685
10,4,501.6150207519531,241.381103515625,-19.735486190687993,-25.044817935530546
10,4,503.9736633300781,243.239990234375,-22.052345233227868,-26.815644529888402
10,4,502.8666076660156,241.54010009765625,-20.390516161383857,-24.675087616711664
10,4,501.82568359375,240.28517150878906,-19.05743408950275,-23.11689355841861
10,4,503.1434326171875,241.12771606445312,-20.586501013126906,-23.91991571498761
10,4,502.99871826171875,241.30831909179688,-20.540213307575186,-24.435600681894442
10,4,503.11920166015625,240.9293212890625,-20.70462325154466,-24.566511232496907
10,4,504.0976257324219,241.28564453125,-21.682901146962706,-25.01982429485173
10,4,503.8538818359375,242.02171325683594,-21.59845912953051,-25.78681656052757
10,4,502.5731506347656,239.47573852539062,-20.651080199554713,-23.18061387247701
10,4,503.6058044433594,242.13314819335938,-21.957191554390022,-25.825864365936468
10,4,505.18902587890625,243.18295288085938,-23.420511275943397,-27.315850293510522
10,4,502.9573059082031,243.5836944580078,-20.89826931728578,-28.2095796518787
10,4,503.3692321777344,243.0092315673828,-21.34823631655729,-27.295731442937665
10,4,502.862060546875,242.01112365722656,-20.79405518565062,-26.194561446249054
10,4,502.66424560546875,239.66905212402344,-20.51765626777427,-23.8206418711722
10,4,503.0457763671875,243.56808471679688,-20.92149084395328,-27.57803807551855
10,4,503.1501770019531,240.78208923339844,-21.079628321920154,-24.756581949417864
10,4,504.6490478515625,240.52999877929688,-22.688029448828388,-24.65749933072263
10,4,501.83404541015625,240.0314483642578,-19.93030893963504,-24.294653005104635
10,4,501.21051025390625,240.62094116210938,-19.14785347957752,-25.45549615373173
10,4,502.4246520996094,242.17276000976562,-20.226656602766866,-27.098897234523633
10,4,502.2117004394531,240.281005859375,-19.987508206132418,-24.87892300992513
10,4,501.9938049316406,241.2872772216797,-19.820737805000988,-25.742779543182877
10,4,502.9877014160156,243.33062744140625,-21.357809845443114,-28.100687212926857
10,4,502.7546691894531,241.17291259765625,-21.588189184942735,-26.224595635722636
10,4,501.6285095214844,238.54237365722656,-20.784073389275022,-23.815717121319324
10,4,502.2579040527344,241.90713500976562,-21.305102900144618,-27.37041113166515
10,4,501.9649658203125,240.27316284179688,-20.751858154910167,-25.91019696014868
10,4,500.3710632324219,240.48402404785156,-19.553070042507613,-26.166314777914522
10,4,503.20062255859375,241.80421447753906,-22.43196283850199,-27.160745235849106
10,4,500.5820617675781,240.40272521972656,-19.794656339299706,-25.906973063748097
10,4,501.37762451171875,241.0463409423828,-20.491864361254102,-26.80782211616139
10,4,501.8691711425781,239.99835205078125,-20.801723734044003,-25.561015629272475
10,4,501.4357604980469,240.7217559814453,-20.31768315676095,-26.053579065302273
10,4,501.41943359375,240.59439086914062,-20.300606825657553,-25.926052143449738
10,4,501.41796875,240.1557159423828,-20.235362108352092,-26.118115898990823
10,4,502.1036376953125,239.52220153808594,-21.252043145280254,-25.926976981823174
10,4,502.5514221191406,239.47760009765625,-22.34059105365901,-26.170430104094123
10,4,501.0917663574219,238.61236572265625,-21.241361812143055,-25.400057020140764
10,4,500.8059997558594,239.5154266357422,-21.116876055320574,-26.172027631357537
10,4,500.923583984375,237.8054962158203,-20.88213351144151,-23.70284239986799
10,4,500.4784851074219,237.35565185546875,-20.756623481385247,-23.86870842855609
10,4,500.1647033691406,238.16891479492188,-20.572495225453906,-24.6458295675925
10,4,500.3363037109375,237.1913299560547,-21.256588444356908,-24.035028122162316
9,4,493.1357421875,202.15281677246094,-20.00673659783132,-20.591235281226773
9,4,493.6402587890625,201.867919921875,-20.570326017138143,-20.271612419586944
9,4,493.5413818359375,200.30882263183594,-20.26798385847809,-18.52525750652015
9,4,493.9219665527344,202.6154022216797,-20.601917378757435,-20.74461147144467
9,4,496.665771484375,201.26600646972656,-23.367277145025184,-19.325775027195846
9,4,493.4056701660156,201.85113525390625,-20.431400157233156,-20.212439380121907
9,4,493.8039245605469,202.0067596435547,-20.95633617168204,-20.499978122315582
9,4,492.1387939453125,200.7298583984375,-18.879728649159063,-19.401506665448352
9,4,492.81597900390625,201.86859130859375,-19.309912220377157,-20.629959388116532
9,4,493.94427490234375,201.2868194580078,-20.78328972918331,-19.86630625451997
9,4,495.39910888671875,200.74716186523438,-22.394427542748133,-19.22204573345212
9,4,493.9587707519531,200.97027587890625,-20.980555812686077,-19.393707261017397
9,4,495.9809875488281,205.0090789794922,-22.60054127523665,-23.613381072373244
9,4,495.0675354003906,203.09039306640625,-21.702716641149948,-21.837028595337046
9,4,493.6376953125,200.40631103515625,-20.304953251414588,-19.345700718165062
9,4,492.82080078125,201.09201049804688,-19.903269460767206,-19.530386547693837
9,4,493.4463806152344,201.4702606201172,-20.40137939125475,-20.17226291530409
9,4,493.8991394042969,200.72186279296875,-20.984522508482655,-19.415058128488084
9,4,495.2301940917969,201.45558166503906,-22.47141465509054,-20.010743060358266
9,4,496.87554931640625,203.0104522705078,-24.190021413521492,-21.53879614963006
9,4,494.10626220703125,202.2158660888672,-21.391298843586526,-20.85492480207307
9,4,493.91015625,202.8258819580078,-21.334285351847257,-21.303076068260907
9,4,493.0113525390625,202.57919311523438,-20.551228722685153,-20.84240090835931
9,4,493.38079833984375,205.79354858398438,-20.51585434703742,-24.012426790113665
9,4,493.76605224609375,203.4769287109375,-20.713312767709567,-21.698495554413284
9,4,491.59796142578125,203.25946044921875,-18.620652198759956,-21.540743573778514
9,4,493.2159729003906,201.96826171875,-20.137728198965192,-20.340436495357636
9,4,493.3622741699219,202.59910583496094,-20.139299196927254,-21.055225333440177
9,4,494.2699279785156,202.8907012939453,-20.921927519620453,-21.330509505223063
9,4,494.5494079589844,203.89735412597656,-21.125586748817398,-22.37827605938702
9,4,493.2271728515625,201.4257049560547,-19.785095300301123,-20.0149218862598
9,4,495.35986328125,200.94432067871094,-21.39067506397771,-20.293519003268955
9,4,497.73516845703125,200.57388305664062,-24.205735416232926,-19.92333839417043
9,4,495.3390197753906,202.44981384277344,-21.296690261674485,-21.89005559889489
9,4,495.9990539550781,200.6868438720703,-22.29177556362754,-20.114703814451843
9,4,496.2819519042969,202.73239135742188,-22.783310596777596,-22.15254111666775
9,4,496.85784912109375,202.3379364013672,-23.435911037181484,-21.652729154862698
9,4,496.3436279296875,200.75718688964844,-23.017085290282694,-19.934491470547783
9,4,494.5968322753906,201.05506896972656,-21.151895809624648,-20.268899753324405
9,4,495.1225891113281,200.10191345214844,-21.881494675149895,-19.37325411451249
9,4,495.04931640625,200.07652282714844,-21.278512797057317,-19.70772940469209
9,4,493.8452453613281,200.16445922851562,-20.179182106632368,-19.81056566775092
9,4,495.02313232421875,200.10195922851562,-21.429775427936363,-19.686534955750744
9,4,493.20892333984375,200.5358123779297,-19.18832814849327,-20.048573871162205
9,4,494.54901123046875,201.20034790039062,-21.023151734568103,-20.543237551481525
9,4,489.01556396484375,205.21340942382812,-15.494580611567471,-24.500248695369976
9,4,493.2093200683594,201.9504852294922,-19.688553010134797,-21.234838228446222
9,4,495.2060241699219,200.42425537109375,-21.599430532903398,-19.73146256188025
9,4,494.7388000488281,201.39231872558594,-20.73516952126164,-20.80525024313306
9,4,492.9524230957031,201.1376953125,-18.94879256813664,-20.550626830047122
10,7,501.10406494140625,374.6903076171875,-5.3458516966413185,-61.55803116902712
10,7,502.28753662109375,377.33868408203125,-6.5293233763288185,-64.20640763387087
10,7,500.1113586425781,378.2650146484375,-4.3531453978131935,-65.13273820027712
10,7,504.05712890625,373.3865966796875,-8.298915661485069,-60.25432023152712
10,7,501.2727966308594,375.9989013671875,-5.5145833860944435,-62.86662491902712
10,7,502.5771789550781,376.77264404296875,-6.8189657103131935,-63.64036759480837
10,7,500.3516540527344,378.027587890625,-4.5934408079694435,-64.89531144246462
10,7,501.6051940917969,380.862060546875,-5.8469808470319435,-67.72978409871462
10,7,503.8631591796875,378.82525634765625,-8.104945934922569,-65.69297989949587
10,7,500.1800231933594,359.755615234375,-25.050692740942225,-15.797775109383167
10,7,500.298583984375,365.78369140625,-23.080952980237726,-21.82582961704236
10,7,500.5946350097656,362.90570068359375,-23.20753226086117,-19.173299090624255
10,7,534.19189453125,398.74169921875,-13.096686702140346,-12.91599776338154
10,7,534.0811767578125,392.42889404296875,-13.264823791777985,-6.535844968678703
10,7,537.896240234375,389.35601806640625,-17.20132282092834,-3.481518259084396
10,7,536.9075927734375,391.31500244140625,-16.293373488430007,-5.445646491352818
10,7,537.3443603515625,388.06494140625,-16.753663206603733,-2.0703157749566117
10,7,535.2489013671875,389.606201171875,-14.606040444381279,-3.4335420971667645
10,7,533.60205078125,390.916748046875,-12.884751839989917,-4.596459334513099
10,7,533.0191650390625,386.39324951171875,-12.30653086894074,0.023488682353786317
10,7,533.96923828125,388.37994384765625,-13.216855100211319,-1.9283602097503945
10,7,534.6669921875,388.52288818359375,-13.818093025650683,-2.1144994739387926
10,7,532.106201171875,387.21820068359375,-11.159092572705731,-0.8818691646399657
10,7,532.6019287109375,389.20294189453125,-11.536449045103836,-2.9740353564233715
10,7,536.743408203125,387.70758056640625,-15.396359126469974,-1.809480432409032
10,7,536.5001220703125,398.905029296875,-0.30421324973792707,-17.226545142524685
10,7,501.5568542480469,385.02001953125,-21.740296354898533,-10.862407585700566
10,7,500.81982421875,386.84210205078125,-20.691963534790773,-12.526515057616791
10,7,501.0175476074219,386.74102783203125,-20.385581657141472,-12.706803590451102
10,7,500.7138671875,386.67413330078125,-19.902943221878104,-12.619092628118324
10,7,501.58074951171875,386.67474365234375,-20.855129538125766,-11.9321144561398
10,7,502.6420593261719,389.12664794921875,-22.337998918014023,-11.837099326850705
10,7,502.973388671875,397.2841796875,-10.64199559744634,-18.300809073204277
10,7,504.48016357421875,392.69598388671875,-8.256126589096993,-4.664052284890374
10,7,509.110107421875,385.5631103515625,-12.695143314290306,2.7684738261342545
10,7,510.6672058105469,392.01129150390625,-14.111721081272606,-3.4909501584635336
10,7,506.968505859375,396.4700927734375,-10.009703097234762,-10.993831110812948
10,7,508.6918640136719,392.82464599609375,-11.376749799698757,-10.064575325943906
10,7,509.1451721191406,396.162353515625,-12.178314479830817,-9.048254775828525
10,7,509.2066955566406,394.509033203125,-12.171467765973262,-6.9391726937190015
10,7,510.5784606933594,396.98724365234375,-13.006364758120526,-13.345233428233712
10,7,507.5006408691406,396.040283203125,-9.774818877340465,-9.338440192256883
10,7,508.6769714355469,395.881103515625,-10.81673185143967,-5.746242966500404
10,7,509.3507995605469,396.5106201171875,-10.919141710618248,-10.52878713332251
10,7,508.92315673828125,388.8985595703125,-9.91218189384557,-5.051356767868185
10,7,507.29156494140625,396.5831298828125,-7.692683271872738,-12.675559524545008
10,7,505.5234680175781,395.0594482421875,-5.701281884136506,-10.806648507922318
10,7,505.642333984375,395.84747314453125,-5.709993141811367,-10.578909452182472
10,7,504.1675720214844,394.19024658203125,-4.295438163111385,-4.361065701773725
10,7,505.50531005859375,392.706298828125,-5.542337533715681,-2.569119375848345
9,7,453.99273681640625,390.36895751953125,-22.10832371252394,0.6484934458225666
9,7,454.0700988769531,390.45074462890625,-21.93999916169895,1.2019938121566724
9,7,484.82708740234375,383.96539306640625,-0.6830570087176966,-11.542006115351342
9,7,487.5516662597656,388.941162109375,-3.425398964505348,-16.583452406238393
9,7,482.7200012207031,391.51239013671875,1.1289074658669733,-19.156146224249937
9,7,485.7053527832031,389.017578125,-1.9668483591808013,-16.595635166924694
9,7,483.10809326171875,388.581787109375,0.6772979702433304,-16.03086775328626
9,7,479.74041748046875,386.81622314453125,3.979848791779716,-14.35275672149396
9,7,486.6719665527344,388.333251953125,-3.0307140382274724,-15.969031429131974
9,7,489.9132995605469,391.034423828125,-6.327619742687148,-18.65834676081812
9,7,480.5889892578125,383.984619140625,2.8314085305087815,-11.47351571070169
9,7,486.4928894042969,384.196533203125,-3.3379741522532527,-11.437909076841265
9,7,485.86041259765625,390.5098876953125,-2.6391127156874177,-17.873301904417247
9,7,482.3101501464844,382.872802734375,1.0282250840898541,-10.412446849039952
9,7,481.9824523925781,386.79010009765625,1.4536131668164671,-14.474927408972292
9,7,483.6236572265625,386.71697998046875,0.01429514428980383,-14.486358228419078
9,7,488.76373291015625,387.44525146484375,-4.831389004582547,-15.246337623948932
9,7,485.2173767089844,379.2672119140625,-1.6327535936336517,-6.709018670451428
9,7,485.865234375,382.78204345703125,-2.450258114488122,-9.910101531838734
9,7,488.7446594238281,383.50048828125,-4.377051990273685,-10.744577555365595
9,7,485.9137878417969,380.077392578125,-1.3025114364230035,-7.083498070440214
9,7,488.0309143066406,385.98822021484375,-3.793948965322329,-12.451620808334326
9,7,488.809326171875,385.9949951171875,-4.268827715029715,-12.342170438683354
9,7,488.6889343261719,384.29010009765625,-3.730895798168831,-10.525627048455021
9,7,485.77008056640625,386.19647216796875,-0.28598798851766105,-12.067395381867755
9,7,487.6126708984375,383.43017578125,-1.9817740439534646,-9.061539608086093
9,7,486.804931640625,392.1595458984375,-1.373658773467696,-17.665795131227583
9,7,491.23577880859375,385.169189453125,-5.684501063628488,-10.320116246115902
9,7,483.5323486328125,384.178955078125,2.2647327784468985,-9.072544263119369
9,7,493.4162292480469,383.5640869140625,-7.072972531445487,-8.745399057987584
9,7,490.9335632324219,382.84100341796875,-4.511824954207441,-7.907552984462086
9,7,491.8388366699219,383.1376953125,-5.752027975229396,-7.7337110116545205
9,7,494.4118347167969,383.39532470703125,-8.012378666502514,-8.001668767982721
9,7,487.36090087890625,386.41680908203125,-0.6305097999450027,-11.044443108606742
9,7,489.0354309082031,384.056396484375,-2.309216229856304,-8.444482861354572
9,7,492.5677185058594,383.351806640625,-5.61188930493222,-7.582520554525502
9,7,485.6120910644531,383.61175537109375,1.7736499809308839,-7.75426181328595
9,7,494.00689697265625,378.57818603515625,-6.470378889818676,-2.4815966340020736
9,7,488.92169189453125,377.40447998046875,-1.2452257107511855,-1.0998613066826124
9,7,487.655517578125,382.15887451171875,0.2750358458142159,-5.8494500354209435
9,7,481.1573486328125,373.39044189453125,6.944418582577214,5.001147457202137
9,7,486.87384033203125,378.3778076171875,1.329385443678234,3.8833793743169167
9,7,486.5070495605469,389.054443359375,1.9378184342934333,-9.342981218841373
9,7,488.87890625,382.17974853515625,-0.21352648104186756,-5.099771751974288
9,7,497.0178527832031,391.0887451171875,-4.68115374079872,-14.531080127985035
9,7,497.2821044921875,388.9698486328125,-5.1762969863709145,-6.122972116455912
9,7,495.6934509277344,390.446044921875,-3.388325517548708,-11.009723243799101
9,7,497.7969055175781,392.58447265625,-5.387201490098448,-15.064270879946548
9,7,495.3924255371094,394.6939697265625,-3.2417902102750986,-13.225772517495841
9,7,494.9701843261719,387.07659912109375,-2.929883334342321,-3.982304851013339
10,3,543.8743896484375,159.3422393798828,-8.710611593542353,-23.285590334245825
10,3,544.5322265625,162.9833221435547,-9.462237419791222,-27.083829228250863
10,3,544.415771484375,163.74081420898438,-9.435443708320804,-27.65854036443099
10,3,542.9544677734375,164.49078369140625,-8.064348614112077,-28.224613310281768
10,3,544.5936279296875,164.50540161132812,-9.772159584847714,-28.074951697415116
10,3,543.6429443359375,163.7421875,-8.593125494009882,-27.409906948670766
10,3,544.173828125,165.49693298339844,-8.978877545297905,-29.329524714984302
10,3,543.0482177734375,162.91671752929688,-7.833415147579103,-27.01436594532629
10,3,543.7523193359375,162.73797607421875,-8.346340524643438,-26.69099581590379
10,3,543.6527099609375,163.30780029296875,-8.021356175142387,-26.987225547389187
10,3,543.470458984375,163.9186553955078,-8.002557398439876,-27.601127228179422
10,3,543.02197265625,163.10784912109375,-7.731545507454598,-26.893504079012104
10,3,543.227783203125,164.03688049316406,-8.186288344841842,-28.133093947448714
10,3,543.0264892578125,164.62283325195312,-7.452420756127253,-28.44366070137903
10,3,543.586669921875,163.65570068359375,-7.825912384138519,-27.283664660458783
10,3,546.999755859375,167.99391174316406,-14.619940813214157,-31.197563826429217
10,3,545.3179931640625,169.27590942382812,-13.254611300071133,-32.296402113302264
10,3,544.3328857421875,168.0871124267578,-12.470706072047847,-31.139634298290304
10,3,543.00634765625,167.5292510986328,-11.086419688954152,-30.79386152781555
10,3,543.271484375,167.25514221191406,-11.159878860396589,-30.824967946882822
10,3,546.1199951171875,169.1795196533203,-14.119238307471392,-32.59656318660575
10,3,545.3394775390625,167.5055389404297,-13.41095233308215,-30.85196170294722
10,3,545.2293701171875,168.5343017578125,-13.289337817748105,-31.984079713423142
10,3,546.32177734375,166.3628387451172,-14.259804108020603,-29.708921632790492
10,3,545.3067626953125,163.36285400390625,-13.067982904829591,-26.502390322424105
10,3,542.1400146484375,165.73312377929688,-9.853443369439788,-28.91951357955108
10,3,544.03466796875,167.48194885253906,-11.765839980557985,-30.721886676126957
10,3,545.3262939453125,161.3990478515625,-13.205188036358322,-24.70581135677415
10,3,544.4273681640625,165.72604370117188,-12.440757334011778,-29.04678386497517
10,3,545.004150390625,167.10580444335938,-13.141000689458224,-30.41521777154486
10,3,544.0728759765625,168.62754821777344,-11.981932032846771,-32.001478658497206
10,3,546.314453125,165.4884033203125,-14.093045905658528,-28.873437522855568
10,3,544.789794921875,164.4867401123047,-12.624644985231953,-27.780473038280974
10,3,544.8133544921875,165.35887145996094,-12.845469383634168,-28.512709424265438
10,3,542.9901123046875,165.26483154296875,-11.287235166956293,-28.256721003696526
10,3,543.6866455078125,165.9650421142578,-12.177364358501222,-28.921366697965652
10,3,542.2860107421875,167.9347381591797,-10.91798270958759,-30.85411131862793
10,3,542.3292236328125,165.30453491210938,-11.006270991856582,-28.18430424148164
10,3,543.0738525390625,164.16944885253906,-11.707449559498968,-26.970472494862946
10,3,543.853271484375,167.6122589111328,-12.402197377646303,-30.31821911040015
10,3,542.080810546875,166.9259033203125,-10.510835687606573,-29.615343305532434
10,3,542.341064453125,165.8015899658203,-10.612056669947492,-28.529340669170665
10,3,542.640380859375,165.53445434570312,-10.683101919131332,-28.39844691445461
10,3,542.5732421875,165.38314819335938,-10.387566914675403,-28.38345733754474
10,3,543.8365478515625,166.59890747070312,-11.435331400382779,-29.72839063756436
10,3,544.02880859375,165.0628204345703,-11.85944566824378,-28.07326873530934
10,3,542.2489013671875,169.01036071777344,-10.166499505206048,-31.972886026192157
10,3,542.2369384765625,168.7151336669922,-9.98570810011347,-31.755285947540386
10,3,542.6673583984375,168.78350830078125,-10.52995088445141,-31.855784715029444
10,3,543.84423828125,167.1221923828125,-11.916805706314335,-30.20425553333456
10,8,537.3883056640625,403.5101318359375,-16.46907450015101,-17.622166255099387
10,8,535.1644287109375,404.78802490234375,-14.03342739935772,-18.96443327829752
10,8,541.554931640625,403.85198974609375,-11.969268056864166,-19.484921523231662
10,8,533.19921875,404.17523193359375,-3.0859891432039603,-20.009644343900334
10,8,535.1180419921875,404.477294921875,-4.46336048976093,-21.132347015401763
10,8,535.8240966796875,405.455810546875,-4.587637921469536,-23.164397858137875
10,8,538.8233642578125,406.1766357421875,-7.265104263646094,-23.766270294380945
10,8,533.288330078125,404.13775634765625,-1.22824941587362,-21.72492422318362
10,8,538.3944091796875,407.4332275390625,-5.540485443063858,-25.21218329521224
10,8,540.9803466796875,406.4471435546875,-7.694752303167775,-24.171825790647688
10,8,537.8016357421875,406.6512451171875,-4.231586906609323,-24.227875315522397
10,8,537.6790771484375,403.3260498046875,-3.826418536178039,-20.886033465816922
10,8,538.6044921875,401.7572021484375,-4.413897272901977,-19.348591690317846
10,8,538.9925537109375,402.68988037109375,-4.3733418363482315,-20.391442371497135
10,8,542.552734375,402.47796630859375,-7.586255484065532,-20.36736403313563
10,8,541.5106201171875,400.15838623046875,-6.224010252682206,-18.26498230090249
10,8,542.4627685546875,402.89886474609375,-6.712196301508243,-21.21897600120326
10,8,540.5054931640625,402.24658203125,-3.8941221936165675,-20.233694612129625
10,8,541.76806640625,402.7110595703125,-4.823035061658857,-20.682692940136405
10,8,529.806640625,445.99517822265625,7.9521604622585755,-22.571064167116788
10,8,504.412109375,424.15313720703125,3.2372347732563753,-2.172855912002319
10,8,504.0000305175781,423.63623046875,3.617664511725877,-1.5849690407704884
10,8,502.5020446777344,423.071044921875,5.310166872591708,-1.1761966242333983
10,8,504.61419677734375,424.083984375,3.4457804892208515,-2.1795293287777895
10,8,504.7869873046875,420.42584228515625,3.3226352966690342,1.708864655813727
10,8,503.6037902832031,417.5728759765625,4.529810400252302,4.637906108249297
10,8,511.2503662109375,422.29730224609375,-3.13683988173392,-0.2750836621061694
10,8,503.2218017578125,418.5152587890625,4.789580429074249,3.5227893740130867
10,8,503.9117431640625,423.15625,3.9592149377050987,-1.0280414174118278
10,8,503.16778564453125,419.156982421875,4.505894493403105,2.7476343733848694
10,8,505.395263671875,427.3658447265625,2.0811385022261106,-5.684819718630877
10,8,501.9698181152344,418.200439453125,5.30919791504715,3.2568711579580736
10,8,503.97735595703125,420.30645751953125,3.0982262450781377,0.9073646828207416
10,8,504.879150390625,422.00579833984375,1.9742928618672977,-1.0129321987736262
10,8,509.7596740722656,420.80194091796875,-3.4863846111212524,0.6597023853953488
10,8,502.2821044921875,415.58673095703125,3.462242470277886,6.326599318053752
10,8,502.1539611816406,423.6214599609375,3.1538684645839794,-1.2920608558443973
10,8,501.1630554199219,422.65118408203125,3.243739673565983,0.08895156504678425
10,8,504.4111633300781,424.5052490234375,-0.4571908648593421,-1.5943575663382603
10,8,503.9479064941406,426.11572265625,-0.3679904246734509,-3.1223488324387745
10,8,500.5756530761719,416.65704345703125,2.7556975132337698,6.278168467107832
10,8,502.0548095703125,418.50128173828125,0.7409380065239475,4.578047117589449
11,7,576.047607421875,391.61346435546875,-16.07850468629772,-16.649848527195786
11,7,573.974853515625,388.950927734375,-14.034116663844657,-13.980008780428534
11,7,575.6632080078125,391.16717529296875,-15.731983830223953,-16.219526156958977
11,7,575.408447265625,388.0596923828125,-15.202338319958585,-13.131540783579112
11,7,575.2705078125,390.5191650390625,-14.761302906712558,-15.655140155290383
11,7,573.453369140625,388.30609130859375,-12.59932941943066,-13.57888351984434
11,7,574.6187744140625,390.48382568359375,-13.246362228655357,-16.052860725669404
11,7,573.3116455078125,393.2523193359375,-11.352693589368073,-19.167193298896166
11,7,577.500244140625,387.43365478515625,-14.98693442394108,-13.401902087371639
11,7,577.4345703125,390.236328125,-14.410324998666397,-16.18012124205302
11,7,577.7352294921875,391.4754638671875,-14.270338101034326,-17.2683042096657
11,7,582.0126953125,395.77203369140625,-18.15522864053355,-21.676204666218496
11,7,576.5384521484375,390.98248291015625,-12.31828720946362,-17.083824665571285
11,7,580.3243408203125,390.37115478515625,-15.871950788593608,-16.38774985244629
11,7,579.2445068359375,390.70867919921875,-14.561129371825018,-16.865042091823966
11,7,578.7664794921875,391.74713134765625,-13.85405494433644,-18.39524589841102
11,7,582.568115234375,389.0284423828125,-17.250225522021424,-15.744004875405494
11,7,580.5394287109375,391.97515869140625,-14.765123021575732,-18.61254845066452
11,7,598.00537109375,363.057861328125,-14.67629859530075,25.696973664323366
11,7,597.5155029296875,361.38958740234375,-13.281109884618218,26.81223018206839
11,7,598.617919921875,358.218994140625,-14.257905800724188,29.748392464651545
11,7,598.7728271484375,355.0076904296875,-13.604725879843386,32.949135812169345
11,7,598.5992431640625,355.839599609375,-12.661925534065972,31.729129699403472
11,7,598.5947265625,356.412353515625,-12.349154566383163,30.976259333547432
11,7,599.489990234375,356.2503662109375,-12.903604147904275,31.08577899001392
11,7,597.0889892578125,358.40789794921875,-2.9599576007104815,-16.045884229337958
11,7,596.4881591796875,357.06298828125,-2.425717578146191,-14.731221857183357
11,7,594.1761474609375,360.35748291015625,-0.19060659990532258,-17.96242864668187
11,7,597.4136962890625,355.69525146484375,-3.5663995728740474,-13.232369230713516
11,7,598.669189453125,360.05364990234375,-5.009737318172597,-17.519075666073945
11,7,598.542236328125,358.9171142578125,-4.673001820725858,-16.396308450080483
11,7,595.7359619140625,353.9794921875,-1.3819346940044852,-11.389300450115456
11,7,599.1705322265625,358.611328125,-4.709395298450204,-16.03398375354101
11,7,598.4639892578125,359.4146728515625,-3.9951313215211712,-16.91774690193978
11,7,598.467041015625,356.08441162109375,-4.015717335364002,-13.572800102328301
11,7,598.6807861328125,357.18707275390625,-4.455581574715666,-14.570142924813752
11,7,597.27197265625,359.333251953125,-2.699970593909484,-16.821684155451806
11,7,599.2835693359375,357.81036376953125,-4.689391896864663,-15.054106909523
11,7,597.303466796875,357.04595947265625,-2.719483539336011,-14.017676263656597
11,7,598.453857421875,356.218505859375,-3.893724604357544,-12.945348735170398
11,7,597.90673828125,359.2484130859375,-3.289456651393948,-15.991970505293693
11,7,596.076416015625,358.70721435546875,-1.341304750129325,-15.663454567048689
11,7,597.90185546875,359.23681640625,-3.018776922141228,-16.000433688342582
11,7,596.216064453125,360.85565185546875,-1.1175673576193503,-17.37284804668036
11,7,597.6146240234375,360.28717041015625,-2.093944659085082,-16.519549191818555
11,7,599.568115234375,360.0028076171875,-3.6951370886332597,-16.167960333780627
11,7,599.6990966796875,358.32147216796875,-3.5231330812307533,-14.575931498863838
11,7,598.6363525390625,363.91949462890625,-2.1159036656671333,-19.776600244170254
11,7,599.6427001953125,366.6090087890625,-1.7875281638920342,-20.305642644501802
11,7,559.373291015625,399.75732421875,1.870080697868616,6.566738376817739
11,8,577.717041015625,401.17816162109375,-17.62191955629703,-26.325729184549516
11,8,583.224609375,405.89727783203125,-13.172667202898992,-15.59516650929993
11,8,580.4085693359375,411.93658447265625,-10.38878454498888,-21.514056972090884
11,8,581.9854736328125,402.57952880859375,-11.905336168727104,-12.221726650023527
11,8,579.548095703125,410.748291015625,-9.260745643211521,-20.556793428335652
11,8,579.817138671875,410.7689208984375,-9.367514714946651,-20.690715357786246
11,8,577.9520263671875,407.996826171875,-7.480486417678321,-17.87733561657768
11,8,580.097412109375,409.2513427734375,-9.746683480126194,-19.04611916615471
11,8,581.1539306640625,409.21734619140625,-11.014247539807911,-18.89822915009728
11,8,580.2889404296875,406.52197265625,-10.036171284157717,-16.347108656146304
11,8,580.561767578125,405.8458251953125,-10.124473818663432,-15.759375855752012
11,8,583.1275634765625,405.56182861328125,-12.376877463607798,-15.385152139969478
11,8,578.289306640625,409.9195556640625,-7.283658618260233,-19.65962608996807
11,8,581.1282958984375,410.5784912109375,-9.903351509718732,-20.23956508016954
11,8,583.0643310546875,410.32879638671875,-11.360330385839802,-19.97742391015862
11,8,583.7861328125,404.939208984375,-11.583748761704896,-14.530687837073458
11,8,581.137451171875,407.86041259765625,-8.164441967054586,-17.23262189700631
11,8,584.119873046875,413.80438232421875,-10.682132254483918,-23.339897936326565
11,8,554.8133544921875,431.510498046875,2.5159940867770274,-17.611546911190885
11,8,555.942138671875,430.80096435546875,1.5447925388000385,-16.915184514929592
11,8,551.7685546875,424.70379638671875,5.561462471543109,-11.010845735472856
11,8,551.7044677734375,433.661865234375,5.344479164479367,-20.026941587788997
11,8,553.350341796875,430.55267333984375,3.340416291183942,-16.892045380567254
11,8,555.9593505859375,434.947998046875,0.961492392466198,-21.376445037310077
11,8,550.606689453125,428.87164306640625,6.55499490240129,-15.344124233849186
11,8,556.8409423828125,414.676025390625,0.513302390002309,-1.0638404062462428
11,8,553.92138671875,422.81915283203125,3.497616279594695,-9.162039095437137
11,8,555.03955078125,420.99908447265625,2.368360954412765,-7.320527340629667
11,8,554.353759765625,417.2659912109375,2.967281983208636,-3.715056816062031
11,8,552.8604736328125,418.2640380859375,4.359084689850647,-4.866709940106375
11,8,555.9576416015625,422.22186279296875,1.1329698543032691,-9.02549816691868
11,8,558.326416015625,423.0205078125,-1.1488981031631056,-10.470420613296426
11,8,552.4091796875,416.8751220703125,4.981751121854245,-5.228050910219395
11,8,556.0830078125,421.33331298828125,1.7895003303008252,-9.894335743649151
11,8,558.5787353515625,423.54913330078125,-0.3714679618669834,-12.42191217390257
11,8,558.0191650390625,422.39007568359375,0.16078792856660584,-11.869025629877115
11,8,559.920654296875,424.43170166015625,-1.7427690282955837,-14.307963089481632
11,8,555.514404296875,427.1644287109375,2.675762829168775,-17.319291464765342
11,8,556.4986572265625,422.75738525390625,1.770109536579298,-13.23421300313015
11,8,554.6083984375,423.4027099609375,3.788546611752963,-14.284204562133482
11,8,550.7283935546875,421.2242431640625,7.9025794341463325,-12.693483855218517
11,8,560.913818359375,422.27105712890625,-2.125825899229426,-14.394048646032559
11,8,556.782470703125,407.6619873046875,4.36682436864271,-1.4715169266366956
11,8,557.7425537109375,405.0621337890625,3.4276687864668247,0.8565819270304473
11,8,558.3643798828125,401.161865234375,2.7618225807219687,4.687470885002028
12,7,630.3419189453125,380.61053466796875,-7.152760447652213,-14.37938118423557
12,7,630.931640625,376.1536865234375,-7.75655950084672,-9.701217482481923
12,7,629.890380859375,375.7066650390625,-6.26622009920095,-8.868765208077775
12,7,632.1160888671875,374.926513671875,-8.191266739385696,-7.821299118591014
12,7,631.0101318359375,380.1690673828125,-6.943405695892807,-12.922866980070523
12,7,635.43359375,380.19696044921875,-10.967719313615817,-12.657830607106973
12,7,634.8145751953125,377.98236083984375,-9.920229994525812,-10.126559280395213
12,7,633.600341796875,381.53033447265625,-8.435941114993966,-13.41492399865217
12,7,634.9906005859375,377.87469482421875,-9.703944540996986,-9.453903832969331
12,7,629.573974609375,380.27740478515625,-4.316345178755796,-11.502228176791107
12,7,634.792236328125,379.6827392578125,-8.944664530944578,-10.687088917508902
12,7,635.8035888671875,381.90960693359375,-9.290351240558152,-12.746998973004679
12,7,634.213134765625,376.45751953125,-7.326646675665529,-7.260888366306915
12,7,636.083740234375,377.864013671875,-8.735439654451056,-8.585688446413599
12,7,633.9051513671875,376.6416015625,-6.000607101930086,-7.231770862393944
12,7,632.6842041015625,379.27960205078125,-4.338144396352504,-9.742532109863987
12,7,632.3409423828125,377.753662109375,-3.6273583018155477,-8.01829432586976
12,7,634.4808349609375,379.11163330078125,-5.654866444073718,-8.818972488910447
12,7,631.145263671875,379.15008544921875,-2.200049277989706,-8.3421459165329
12,7,631.21240234375,378.88836669921875,-2.1411025177421834,-7.6070287395284595
12,7,630.68408203125,377.87347412109375,-1.0152130232972922,-6.383031164030967
12,7,630.3837890625,378.32989501953125,-0.12062765194764324,-6.6126947081422145
12,7,628.8994140625,380.29071044921875,1.4848409097659214,-8.024553068099351
12,7,628.1817626953125,380.813720703125,2.347692486817209,-8.26074743153896
12,7,648.8966064453125,391.495849609375,-10.643830777331232,-11.285029189711622
12,7,642.3980712890625,393.40692138671875,-4.267216426234654,-13.132209756779275
12,7,649.41845703125,393.46246337890625,-11.248221691805725,-13.351059123421521
12,7,647.3619384765625,393.42657470703125,-9.101053554038003,-13.534877315087044
12,7,640.5516357421875,385.90216064453125,-2.177736278925636,-6.251990516388219
12,7,647.8382568359375,389.916259765625,-9.573215905211669,-9.987723019997588
12,7,641.667724609375,385.5338134765625,-3.529539778019398,-5.258660239588437
12,7,642.031494140625,384.566162109375,-4.051676455179518,-3.8225342254822863
12,7,640.6893310546875,384.3095703125,-2.434147148461193,-3.467697245039517
12,7,638.8638916015625,384.8228759765625,-0.13373051536973435,-4.052743697523908
12,7,641.2855224609375,382.794189453125,-2.1296703175040648,-2.032907553548
12,7,638.9501953125,384.531494140625,0.5919940321119839,-3.7435178470745427
12,7,642.7860107421875,386.8638916015625,-2.9298687066708453,-5.983614166891186
12,7,641.483642578125,386.88507080078125,-1.3392784885130595,-5.8060329684223575
12,7,644.19580078125,384.38848876953125,-3.7829151620931043,-3.0671602044228052
12,7,643.2279052734375,381.095703125,-2.753557756895475,0.35792264541237273
12,7,641.30078125,382.80267333984375,-0.6809693524306795,-1.073921043955636
12,7,643.9444580078125,393.60595703125,-2.9564267667805098,-11.216449268854888
12,7,645.09423828125,391.16943359375,-3.288356708382935,-8.757699368222063
12,7,646.2777099609375,387.519775390625,-3.8266550594761384,-4.958065025988674
12,7,647.3695068359375,394.76220703125,-4.800326090891758,-11.635811638548205
12,7,647.11474609375,390.16534423828125,-4.277403293430439,-6.876645567480807
12,7,647.6607666015625,395.740234375,-3.8515143271008583,-11.968379751121233
12,7,649.0262451171875,393.62445068359375,-4.985101073212036,-9.77990684126712
12,7,647.6358642578125,395.1221923828125,-2.6664718689297615,-10.226867084362937
12,7,648.1778564453125,390.93499755859375,-2.9768316715982337,-5.688443052197499
13,7,651.162841796875,390.17889404296875,-7.963655314931771,-6.974857209611002
13,7,652.15283203125,390.135009765625,-8.635779348261735,-6.620245027331919
13,7,653.4105224609375,399.41583251953125,-9.048959341124373,-15.285782775147482
13,7,651.404541015625,393.0877685546875,-6.672233932306995,-8.54591801948277
13,7,650.2607421875,398.65106201171875,-4.828338927102777,-13.053663288644088
10,9,542.505126953125,470.6578369140625,2.364648406533661,-22.660287303725283
10,9,543.0040283203125,475.7491455078125,1.8168927917695328,-27.702848200314975
10,9,545.8907470703125,473.9364013671875,-1.1311945713977138,-25.82886929059174
10,9,532.1783447265625,461.41180419921875,5.473864851391681,-36.76757129639384
10,9,529.64501953125,453.04876708984375,8.036981797356134,-29.038375719160342
10,9,527.07666015625,457.66064453125,10.696535134228043,-34.817380768740236
10,9,519.93408203125,463.49615478515625,17.805524564100665,-41.22330943126309
13,4,677.2958984375,238.45303344726562,-4.2824664800732535,-17.690126888861016
13,4,673.732666015625,237.151611328125,-0.7192340581982535,-16.38870476972039
13,4,673.285400390625,235.2982177734375,-0.2719684331982535,-14.535311215032891
13,4,673.9498291015625,237.90298461914062,-0.9363971441357535,-17.140078060736016
13,4,676.0997314453125,235.04446411132812,-2.9973765224008275,-14.236327308909125
13,4,674.7994384765625,233.17808532714844,-1.5414753202887823,-12.290799135961038
13,4,674.9874267578125,235.5687713623047,-1.7147349296162702,-14.673993502104338
13,4,676.12060546875,236.43173217773438,-2.84791364055377,-15.536954317534025
13,4,676.37060546875,232.76123046875,-3.09791364055377,-11.86645260854965
13,4,677.728271484375,235.5531768798828,-4.45557965617877,-14.658399019682463
13,4,677.72607421875,235.3292999267578,-4.45338239055377,-14.434522066557463
13,4,675.118408203125,235.3629150390625,-1.8457163749287702,-14.46813717886215
13,4,678.6483154296875,239.83010864257812,-5.37562360149127,-18.935330782377775
13,4,661.070556640625,210.21331787109375,2.2486970339940626,29.810738907220895
13,4,659.783935546875,207.7850341796875,3.5353181277440626,32.239022598627145
13,4,661.748291015625,209.9596405029297,1.5709626589940626,30.064416275384957
13,4,658.98974609375,206.27992248535156,4.329507580869063,33.74413429296308
13,4,658.8316650390625,201.14901733398438,4.487588635556563,38.87503944433027
13,4,661.4393310546875,205.67849731445312,1.8799226199315626,34.34555946386152
13,4,664.7294921875,205.23446655273438,-1.4102385128809374,34.78959022558027
13,4,664.095947265625,205.4910430908203,-0.7766935910059374,34.53301368749433
13,4,663.726806640625,209.15322875976562,-0.4075529660059374,30.87082801854902
13,4,659.16845703125,207.46173095703125,4.150796643369063,32.562325821283395
13,4,663.0479736328125,209.0767822265625,0.2712800418065626,30.947274551752145
10,10,539.6553955078125,540.9025268554688,-3.9265189056263807,-40.46976672885802
10,10,549.6776123046875,542.443603515625,-13.936232386340748,-41.67669996624119
10,10,543.0250244140625,537.7747802734375,-7.6120551247861385,-35.581104366712566
10,10,547.82373046875,547.0059814453125,-12.705840742515079,-44.497559095045176
10,10,548.58837890625,543.3619995117188,-13.70548308583534,-40.49302861459091
10,10,547.91162109375,537.1556396484375,-13.105004410865945,-33.09959518910745
11,10,556.55615234375,543.834228515625,-20.921929345001104,-42.561302774015815
11,10,550.5875244140625,544.2633056640625,-15.06234913427636,-42.52124650662745
11,10,554.1910400390625,544.537109375,-19.42874598694266,-41.22008870215046
11,10,552.701171875,537.494873046875,-17.94283623934723,-33.79598144006485
13,5,661.7744140625,284.9091796875,-7.613005448234844,-12.668375510954434
13,5,661.738037109375,280.78082275390625,-7.576628495109844,-8.540018577360684
13,5,659.4310302734375,280.2972412109375,-5.269621659172344,-8.056437034391934
13,5,658.0665283203125,279.5484619140625,-3.905119706047344,-7.307657737516934
13,5,661.264892578125,280.8309326171875,-7.103483963859844,-8.590128440641934
13,5,655.714111328125,282.82513427734375,-1.5527027138598442,-10.584330100798184
13,5,659.331298828125,277.14300537109375,-5.169890213859844,-4.902201194548184
13,5,662.002685546875,278.837646484375,-7.841276932609844,-6.596842307829434
13,5,661.5098876953125,281.393310546875,-7.348479081047344,-9.152506370329434
13,5,660.18603515625,281.03436279296875,-6.024626541984844,-8.793558616423184
13,5,658.4310302734375,280.274169921875,-4.269621659172344,-8.033365745329434
13,5,659.325439453125,279.54730224609375,-5.164030838859844,-7.306498069548184
13,5,658.513671875,283.275146484375,-4.352263260734844,-11.034342307829434
13,3,679.5643310546875,159.81747436523438,-3.6737328439110115,-37.50135484635321
13,3,679.7696533203125,159.33230590820312,-4.352090617586896,-37.12611046650137
13,3,679.2801513671875,159.5175018310547,-3.9195465809682446,-37.388507303306355
13,3,677.847900390625,157.77981567382812,-2.156705079449125,-35.70086481408218
13,3,680.58056640625,159.47125244140625,-4.685724747574682,-37.45715082688422
13,3,677.793212890625,156.16192626953125,-1.764959948944579,-34.19796423327928
13,3,678.333984375,161.11917114257812,-2.399599236571362,-39.10977088901012
13,3,678.5924072265625,160.86964416503906,-2.7518898913856447,-38.81480569415503
13,3,677.8543701171875,161.3945770263672,-2.1077205852623138,-39.29430033816713
13,3,679.262939453125,158.52322387695312,-3.3678293962301495,-36.26087702595912
13,3,677.814453125,158.7640838623047,-1.8014784179027856,-36.33752302305146
13,3,675.20166015625,159.3392791748047,0.5141176959367613,-36.861454998757466
13,3,677.080810546875,160.1195831298828,-1.4219727771279622,-37.665617931157456
13,3,677.24169921875,159.1065673828125,-1.3990362879192162,-36.75123715998676
13,3,674.5421142578125,159.60447692871094,1.2106341811767152,-37.321293994141485
13,3,677.18212890625,160.72897338867188,-1.4847641166122685,-38.51098088816022
13,3,677.716064453125,159.36813354492188,-1.648412225827883,-37.20659338521911
13,3,677.0303955078125,158.38711547851562,-0.7910217234253878,-36.238475567437305
13,3,674.7413330078125,160.12718200683594,1.4750507323573174,-37.948736208321336
13,3,676.4862060546875,159.3123779296875,-0.35731226057362164,-37.01008310642308
13,3,677.073974609375,159.9556427001953,-1.0480516957806003,-37.544638851004876
13,3,673.2581787109375,156.41676330566406,2.6470319972282823,-34.04387425223935
13,3,677.1251220703125,158.9616241455078,-1.1459322841525363,-36.57068069325007
13,3,676.110107421875,158.04580688476562,0.12769597470128247,-35.58354125096291
13,3,675.81884765625,158.33970642089844,-0.5768234223223772,-36.02636953486552
13,3,675.1099853515625,156.71282958984375,0.1252942547953353,-34.29107494486388
13,3,673.3575439453125,158.5272979736328,2.0634687462271586,-35.92550874581019
13,3,675.34326171875,159.21177673339844,0.4418314454163692,-36.83517993255174
13,3,675.95556640625,158.79994201660156,-0.058848386333124836,-36.48895951558997
13,3,679.135986328125,157.36668395996094,-3.3308057022734374,-34.98231056097997
13,3,677.7730712890625,155.498291015625,-2.0814281702377,-33.01137515222538
13,3,678.7762451171875,156.01853942871094,-2.8366640396428693,-33.6893630393824
13,3,678.2374267578125,153.63011169433594,-2.161260539019054,-31.40375795742608
13,3,673.8399658203125,158.51861572265625,2.0865548975192496,-36.22967619300161
13,3,675.92236328125,152.6916961669922,-0.02800013810724522,-30.34755912221148
13,3,674.162353515625,160.3218994140625,1.7598283879434575,-37.926872572527174
13,3,674.5440673828125,155.04087829589844,1.5845816356679734,-32.606732006955966
13,3,675.47216796875,154.0111083984375,0.7481855792674423,-31.559979986908417
13,3,675.9300537109375,158.60604858398438,0.16232198609577608,-36.180289551688674
13,3,677.5780029296875,157.52981567382812,-1.5592326702287664,-35.0381036379071
13,3,675.054931640625,154.84805297851562,0.9109929777387151,-32.25261731268512
13,3,674.8204345703125,157.5963134765625,0.8624593528639934,-35.12736342867987
13,3,674.6734619140625,155.92498779296875,0.9661821357041163,-33.562598963259575
13,3,674.907958984375,155.78134155273438,1.114634306972107,-33.49121536849729
13,3,673.079833984375,158.32821655273438,3.174440825983993,-36.08179751164265
13,3,674.3272705078125,156.01368713378906,2.0762409567474833,-33.798269519519124
13,3,673.0660400390625,156.25662231445312,2.9270966706848185,-34.07053842773527
13,3,673.1455078125,155.58314514160156,2.6981103215586018,-33.429253359311616
13,3,672.40673828125,157.33587646484375,3.7445936984739774,-35.2186254702584
13,3,672.3385009765625,157.17138671875,3.803875676622056,-34.96854692240893
4,5,246.5978240966797,286.021728515625,-26.651489870789135,6.820691564764047
4,5,243.8931427001953,288.1156005859375,-24.068072169137565,4.574978354042628
4,5,241.04678344726562,289.98614501953125,-21.17937805763941,2.7916426687780245
4,5,242.94271850585938,288.75164794921875,-23.25966713017999,3.867856205450096
4,5,239.66368103027344,290.30413818359375,-20.22824765570286,2.080287927475183
4,5,244.32070922851562,290.588623046875,-24.97154903763021,1.6398766370623434
4,5,243.36074829101562,288.01666259765625,-24.069611442170753,4.14945167135869
4,5,242.4110107421875,289.69940185546875,-23.137954800009766,2.5373826518713827
4,5,242.18508911132812,291.2926025390625,-22.988395264838488,1.0486284112543558
4,5,240.1328125,291.9012451171875,-21.022113270606752,0.5169700878058734
4,5,246.66290283203125,290.3802490234375,-27.539652706716197,1.712178335982685
4,5,243.8080291748047,288.9459228515625,-24.58999379953829,2.892024965698056
4,5,243.6275177001953,291.8179931640625,-24.20181013344458,-0.13664215716590888
4,5,243.0553436279297,290.6959228515625,-23.721184087611846,1.274965220918432
4,5,244.1182861328125,293.596435546875,-24.949633710624198,-1.2416323505705122
4,5,243.3035125732422,288.71466064453125,-24.074741488072448,3.5280773389530964
4,5,246.07986450195312,292.6116943359375,-26.9143187746767,-0.6506836074390208
4,5,243.3193817138672,289.71405029296875,-24.380317407389953,1.7410262273984927
4,5,242.5306396484375,290.56658935546875,-23.857007402863616,0.9249905918543391
4,5,243.5303955078125,290.44488525390625,-25.108081205852585,1.2446694400574074
4,5,238.51568603515625,294.27777099609375,-20.10294948993041,-2.4503211586541056
4,5,242.15145874023438,288.55657958984375,-23.789199197745944,3.3231326871209603
4,5,244.06849670410156,290.7156982421875,-25.809026612550667,1.104349164819439
4,5,244.7553253173828,289.05999755859375,-26.543033753394496,2.718901890826885
4,5,246.564208984375,296.7840576171875,-28.400102876927747,-5.0222671429293655
4,5,242.44810485839844,287.4459228515625,-24.480144420734405,4.456750951297295
4,5,242.85597229003906,288.25994873046875,-25.226150501736782,3.8123122932919955
4,5,244.29627990722656,291.90283203125,-27.185782039915466,0.37569834288137827
4,5,242.3514404296875,290.67596435546875,-25.45340783315936,1.79496740447388
4,5,240.91416931152344,290.35931396484375,-24.1901792375522,2.3169194169284424
4,5,242.76101684570312,288.856201171875,-26.614115635239358,4.167956717074844
4,5,240.76747131347656,289.3388671875,-24.981330935195615,3.9465722057906305
4,5,241.4864959716797,288.81103515625,-25.79461919418702,4.628946025640062
4,5,242.55564880371094,286.73858642578125,-27.10455944896171,6.698362873460098
4,5,244.26324462890625,288.360107421875,-29.094773735664802,5.033425367154848
4,5,240.0022430419922,291.44219970703125,-25.109194228739824,1.9358650867339406
4,5,238.7352752685547,289.05560302734375,-24.086393524972436,4.3397092404287605
4,5,241.3477020263672,288.600830078125,-26.90568630703666,4.850773682285478
4,5,239.00088500976562,291.37548828125,-24.866800699973567,2.146587831456145
4,5,239.46290588378906,289.58966064453125,-25.62739754943729,4.010260301454707
4,5,239.02423095703125,289.6065673828125,-25.23228908770662,4.096653804302548
4,5,238.2691192626953,290.50360107421875,-24.521013934955533,3.3035607312861544
4,5,238.56739807128906,289.90289306640625,-24.86286128608839,4.007573906206687
4,5,241.25306701660156,288.0013427734375,-27.47107902530209,5.997617937765426
4,5,241.9141387939453,289.898681640625,-28.077934551129317,4.19380033986738
9,8,482.81951904296875,416.99273681640625,-7.783175116071789,-15.988851001856403
9,8,485.1287841796875,414.4747314453125,-10.203597725498128,-9.22329198415099
9,8,484.7667236328125,414.826904296875,-9.711202139363081,-8.744213903724813
9,8,484.1745300292969,418.56280517578125,-8.670383974887613,-16.15165857094462
9,8,486.32965087890625,420.6302490234375,-10.536985263359497,-18.95581083808389
9,8,484.6470642089844,415.91845703125,-8.735354126735615,-12.455036122413105
9,8,482.53076171875,415.916015625,-6.61445250438959,-7.529092095845954
9,8,482.949462890625,412.57012939453125,-7.099712844877615,-2.7097339603574824
9,8,486.3343505859375,414.66741943359375,-10.580914694148191,-4.866664417506001
9,8,482.90289306640625,416.49676513671875,-7.147576474315201,-6.364269749745745
9,8,485.7801208496094,414.1990966796875,-9.884600780480469,-5.387669307564636
9,8,467.170166015625,445.2593994140625,-14.611091380620906,-31.110879952920754
9,8,461.1314697265625,445.04107666015625,-8.621762466438327,-30.90118784338705
9,8,461.8642883300781,445.12799072265625,-9.692236881277893,-30.894047406267305
9,8,459.9813232421875,447.89764404296875,-7.867707483365905,-33.95643582622773
9,8,466.9023742675781,445.11309814453125,-14.529104341573657,-31.45526874275862
9,8,461.9495849609375,440.505859375,-9.185247869559475,-26.912808040396555
9,8,461.7312316894531,449.23583984375,-8.94097011816342,-35.53393338695622
9,8,460.0818786621094,449.1318359375,-7.345605343809723,-35.192499950839476
9,8,464.2845458984375,447.5333251953125,-9.399462324433216,-34.10520497800974
9,8,459.96881103515625,449.76934814453125,-3.527659463895702,-36.68763089415819
9,8,460.5427551269531,449.7646484375,-3.119719691026262,-36.82708349527246
9,8,460.62237548828125,447.86700439453125,-2.694469344687093,-35.07888273861812
9,8,490.3746643066406,449.47412109375,-21.16503386536118,-39.41155389495333
9,8,484.18768310546875,448.0675048828125,-14.580550849321583,-38.0524635530179
9,8,481.4433898925781,449.45635986328125,-11.791675087323313,-39.6395491448078
9,8,479.78179931640625,448.8984375,-10.072316678868333,-39.15665346860777
9,8,490.6195068359375,446.79638671875,-20.87974498182689,-37.05513674472502
9,8,488.9671936035156,449.9283447265625,-19.189249872076402,-40.17883852045571
9,8,482.51702880859375,449.3529052734375,-12.68390431666279,-39.57845266484844
9,8,480.9696960449219,441.6865234375,-9.962627110755193,-34.155870619203995
9,8,480.7445373535156,442.2225341796875,-9.708412826343931,-34.8688113217533
9,8,485.4191589355469,433.63238525390625,-14.639907338424905,-26.378349619388246
9,8,477.6393737792969,434.5780029296875,-6.960885060776263,-27.473435641561593
9,8,484.0357666015625,434.25164794921875,-8.740993812035072,-27.824600710297887
9,8,483.85809326171875,427.92376708984375,-8.472843694919277,-21.438563624550227
9,8,480.284912109375,428.505615234375,-4.661476385553783,-22.110257280757196
9,8,482.74273681640625,430.230712890625,-7.10542064354604,-23.977831077198346
9,8,483.36041259765625,426.80450439453125,-7.728311715025825,-20.65408103193829
9,8,482.4411315917969,438.0721435546875,-6.8379587497643115,-31.929173909575752
9,8,485.00201416015625,428.2647705078125,-9.488078713324455,-22.041475317379536
9,8,485.4698486328125,422.52301025390625,-10.079703999854303,-16.1691247676128
9,8,482.733154296875,426.88470458984375,-7.23771799021921,-20.547113596632244
9,8,479.8368835449219,426.7491455078125,-4.312587186394296,-20.413388841438348
9,8,482.07330322265625,426.53546142578125,-6.712127337427148,-20.157988835653498
9,8,485.8412170410156,426.8997802734375,-10.502492682843581,-20.518089344488033
9,8,485.7763977050781,429.07476806640625,-10.382989070619999,-22.7094240405969
9,8,483.9959716796875,431.61968994140625,-8.581033228628883,-25.354941735762225
9,8,481.41558837890625,431.72869873046875,-6.009632568280779,-25.470690172954733
9,8,485.51092529296875,426.002685546875,-10.179527296462709,-19.540650010582453
9,9,481.53094482421875,459.70965576171875,0.6195256882495528,-32.20997615359539
9,9,480.3488464355469,458.56494140625,0.8879505454509626,-31.119690167089743
9,9,482.46795654296875,460.40478515625,-2.145334118433027,-33.013992132570365
9,9,481.3390197753906,455.4884033203125,-1.64260656425148,-28.15233752035101
9,9,483.5528259277344,451.93438720703125,-4.277610740629143,-24.653313880675967
9,9,460.8251037597656,452.1796875,-8.312394248306816,-37.97131382735296
9,9,458.4603271484375,452.47711181640625,-5.9110136694782796,-38.3148071872298
9,9,457.71630859375,456.55078125,-5.104824403277519,-42.36852104360133
9,9,466.4553527832031,456.59515380859375,-13.941003184189412,-42.4698682842274
9,9,460.56024169921875,455.35125732421875,-8.10157216183228,-41.07367975330271
9,9,467.073974609375,459.99517822265625,-14.695990971910646,-45.50128200876486
9,9,458.17620849609375,451.4984130859375,-5.801426250062832,-37.00025655696794
9,9,459.69818115234375,453.90936279296875,-7.366618216001655,-39.47335779223829
9,9,464.00579833984375,457.86761474609375,-11.886360230008677,-44.27675279893782
9,9,463.547119140625,457.03204345703125,-10.938923553394261,-43.338336492669896
9,9,460.0932312011719,450.81512451171875,-6.451699710971184,-37.13200405810676
9,9,458.4136657714844,451.63232421875,-3.9689556733349605,-38.16095955530426
9,9,458.634033203125,450.8428955078125,-3.511593475395898,-37.58384542243982
9,9,460.9571533203125,451.46142578125,-5.7162845685051025,-38.44629285397252
9,9,458.6202392578125,451.397216796875,-2.8518374541830553,-38.32336912336149
9,9,461.89166259765625,454.59002685546875,-3.7420711840748595,-41.95516371893581
9,9,468.0978088378906,456.9232177734375,-9.791642908075119,-43.624130500613944
9,9,476.410400390625,450.4215087890625,-17.828578887688764,-36.68709245326431
9,9,465.6647644042969,456.42578125,-6.524919605201205,-42.85091078958703
9,9,465.0921936035156,455.98480224609375,-5.322470494841298,-42.52590394208676
9,9,464.6546325683594,463.278076171875,-4.213674232048845,-49.91007070635948
9,9,486.54327392578125,466.8072509765625,-17.315169648947062,-56.72973781877613
9,9,485.7090148925781,459.58306884765625,-16.517950730866744,-49.53552239818879
9,9,482.85406494140625,462.3472900390625,-13.575129913022806,-52.3659497531292
9,9,482.8505554199219,450.13165283203125,-13.442562028673422,-40.229844554416104
9,9,486.6505126953125,456.39862060546875,-17.012689011398436,-46.37135958195216
9,9,482.25018310546875,451.17193603515625,-12.630241733053651,-41.26474921611191
9,9,484.1834716796875,451.25030517578125,-14.394585857696768,-41.454607388380396
9,9,475.98236083984375,452.624755859375,-6.290039689221658,-42.809645865015966
9,9,480.87054443359375,458.74609375,-11.076960317904366,-48.880200032617324
9,9,483.36676025390625,455.24267578125,-13.507139630429606,-45.349085280473446
9,9,485.1415710449219,456.37969970703125,-15.287595276259538,-46.505008227695555
9,9,482.40283203125,452.638427734375,-12.484508851323312,-42.73729815614763
9,9,486.07861328125,465.77752685546875,-16.060814075642952,-55.82720407724776
9,9,482.9573669433594,454.76678466796875,-12.933301002092378,-44.790342484237954
9,9,485.282958984375,453.3311767578125,-15.258151553239884,-43.32923664419616
9,9,481.3012390136719,450.33740234375,-11.286970324070467,-40.31090273169815
9,9,480.4289245605469,463.280029296875,-10.451087026782034,-53.29864930928835
9,9,488.8380126953125,460.62701416015625,-18.909924125600128,-50.7265933747812
8,8,436.083251953125,434.0177001953125,0.9266284412054802,-13.584544401058679
8,8,438.1002502441406,436.22882080078125,-1.142754179410474,-15.623802088925856
8,8,442.0562438964844,438.25189208984375,-5.106702073276438,-17.272054444970763
8,8,435.68756103515625,435.87310791015625,1.2519812869501834,-14.645719207367108
8,8,436.8005065917969,439.67034912109375,0.12721080246069505,-18.307675996650687
8,8,442.6636657714844,430.77886962890625,-5.558653963253846,-8.72508488882238
8,8,438.7368469238281,440.4124755859375,-1.4247462305324916,-17.580012421318713
8,8,438.12677001953125,446.21173095703125,-0.6074644125412192,-22.600153086663113
8,8,436.26556396484375,446.994873046875,1.246554685507192,-22.72074600561018
8,8,437.847412109375,448.1954345703125,-1.0367796582353321,-22.940941516290536
8,8,440.8639221191406,447.56512451171875,-8.470501050131645,-23.876017220246297
8,8,422.14434814453125,448.6663818359375,-5.851020654995239,-23.75558192304362
8,8,408.9905700683594,447.97747802734375,-4.586269820988321,-21.57353316315266
8,8,420.2201232910156,449.31866455078125,0.28675607622096777,-10.373033252073299
8,8,424.9186706542969,449.0604248046875,-4.56377939042784,-10.345796849477551
8,8,427.11297607421875,449.57177734375,-6.626986532161709,-10.905886590443231
8,9,433.9226989746094,453.808837890625,-2.0510974196946563,-29.686052889890277
8,9,425.8357238769531,453.9647216796875,-7.111162838666132,-33.124179645555444
8,9,418.2801208496094,455.56414794921875,-0.19593030523128618,-35.04489794049829
8,9,422.04205322265625,451.13336181640625,-4.598233172187065,-30.935403833097382
8,9,423.55853271484375,456.63787841796875,-6.236820464764662,-36.529761444298515
8,9,422.98565673828125,457.2781982421875,-6.67223131495706,-32.30858658783842
8,9,413.8078308105469,462.61090087890625,-9.042424467604405,-36.171654548743845
8,9,410.7948913574219,459.42913818359375,-6.063667247096248,-33.01224136063314
8,9,409.0023498535156,459.09600830078125,-4.271346013920379,-32.694619196659914
8,9,411.3174133300781,452.8623046875,-6.590247579197751,-26.483101859948533
8,9,411.9568786621094,452.5279541015625,-7.236434360568694,-26.176260466700853
8,9,409.35308837890625,457.64892578125,-4.715744654049615,-31.295933939938266
8,9,415.574462890625,456.56890869140625,-11.038208358079885,-30.203363982392034
8,9,409.37249755859375,456.8817138671875,-5.139236491177314,-30.16087157227571
8,9,411.8732604980469,460.617431640625,-7.841144656402037,-33.365153903179475
8,9,421.53363037109375,451.21087646484375,-17.75881628551923,-23.710404251603563
8,9,413.7100524902344,462.2896728515625,-10.328121763399224,-34.69721495435556
8,9,406.501708984375,457.31036376953125,-3.9182015573940703,-30.027901974449208
8,9,416.5879211425781,458.85107421875,-14.519593788349766,-31.636268307357227
8,9,408.26153564453125,461.14727783203125,-6.496986128297976,-33.81925073758674
8,9,423.26007080078125,477.16839599609375,-23.086816605478987,-50.32414453823304
8,9,420.9404296875,453.77459716796875,-0.5936938749365481,-15.03605281716807
8,9,424.34063720703125,460.45050048828125,-3.9125654784366475,-21.729993129649415
8,9,425.47052001953125,453.07373046875,-5.037130500159833,-14.355439141593592
8,9,420.13079833984375,459.97930908203125,0.30454536607680893,-21.233581719071594
8,9,424.0777282714844,455.85723876953125,-3.638208794018965,-17.066309646394643
8,9,427.11761474609375,456.88897705078125,-6.572716381737507,-17.818709188479716
8,9,424.1361083984375,461.5423583984375,-3.597661829763865,-22.391910605916678
8,9,427.9151916503906,451.99676513671875,-7.395505002746916,-12.853658525258425
8,9,423.3458251953125,455.94769287109375,-2.853248387844417,-16.831093392941455
8,9,421.8809509277344,461.24359130859375,-1.4723236676214242,-21.942457277962774
8,9,428.1898498535156,453.26116943359375,-7.844883705167831,-14.010060169862356
8,9,425.50933837890625,457.3704833984375,-5.1962847185031364,-18.52276731124948
8,9,427.16986083984375,454.82659912109375,-6.75779681148822,-16.14399328213716
8,9,427.10125732421875,459.6292724609375,-6.783914884439753,-20.929649489093208
8,9,425.65618896484375,453.89569091796875,-4.612036883551184,-15.338589352695521
8,9,423.3544616699219,457.7630615234375,-2.1130489075744094,-19.43820798450713
8,9,425.7585754394531,458.1217041015625,-4.455172302032167,-20.0615090408304
8,9,424.9000549316406,455.965576171875,-3.6077192962638946,-18.05882391341953
8,9,422.4956970214844,450.75048828125,-1.1883617869000886,-13.234740632576745
8,9,424.5783996582031,453.90899658203125,-3.21873770657794,-17.12439633847572
8,9,423.1582946777344,456.9415283203125,-1.7121003811172386,-20.51041594849505
8,9,426.7757568359375,462.94830322265625,-5.236369554237626,-26.73045316558148
8,9,412.6951599121094,499.683349609375,-24.308548026940514,-35.78853240666177
8,9,408.35894775390625,494.908935546875,-19.77072910214264,-30.230814473979933
8,9,409.9578552246094,498.86517333984375,-21.193741395049017,-34.18219406899976
8,9,412.386474609375,499.9248046875,-23.948955232438777,-34.661813639633806
8,9,414.0945129394531,499.14337158203125,-26.37291083559819,-34.023956414486804
8,9,415.3957214355469,496.650146484375,-30.73790082828083,-30.223005446569232
8,9,409.1676330566406,490.997802734375,-25.677914563404954,-25.087852543180475
9,10,470.58441162109375,526.05517578125,-31.110397840071983,-41.6182801772016
9,10,469.5928955078125,523.630615234375,-29.959485073331734,-39.367804212500175
9,10,463.6029357910156,528.6284790039062,-23.829427329493058,-44.45142443684085
9,10,464.6061706542969,530.2572631835938,-24.715188349117454,-46.058257418086214
9,10,461.5594177246094,522.6788330078125,-21.690300771609373,-38.44784692944086
9,10,460.2185974121094,531.35986328125,-20.395366791825495,-47.094374010509455
8,10,439.1571044921875,526.4338989257812,-24.23551929352783,-33.96091335179898
8,10,433.69659423828125,528.982177734375,-18.774683570635773,-36.487423489021864
8,10,440.9327087402344,522.4473266601562,-26.034853892831904,-29.92149839121555
8,10,440.0940246582031,524.4024047851562,-25.24927698927189,-31.834402758656893
8,10,443.52392578125,528.8875122070312,-28.764329089767443,-36.33663698887398
8,10,438.72943115234375,537.3086547851562,-24.0935985931049,-44.77441475969175
8,10,439.07061767578125,526.56298828125,-24.75394036685094,-33.93644891602327
8,10,442.4678649902344,530.85400390625,-28.099715862295113,-38.197342419007725
8,10,443.0937194824219,536.4984130859375,-28.247728402685027,-43.88306683298697
8,10,435.1743469238281,533.1484985351562,-20.28867652140849,-40.568045432492056
8,10,444.9756164550781,528.0647583007812,-30.16018340412154,-35.517573220220015
8,10,442.4752197265625,525.7250366210938,-27.730062563783804,-33.21113781560564
8,10,411.72637939453125,501.39434814453125,-23.74316186436954,-37.27110121424647
8,10,410.46826171875,503.09234619140625,-22.642244401933567,-38.74852648199908
8,10,410.5948181152344,504.51202392578125,-22.642468498698918,-39.97900159662237
8,10,411.4860534667969,503.176025390625,-23.162681863483385,-38.480966767768734
8,10,409.666748046875,500.27001953125,-21.01125818348976,-35.3941307386973
8,10,412.7572326660156,503.34130859375,-24.211089322904286,-38.27122706759252
8,10,405.2825012207031,502.38043212890625,-17.210814754731985,-37.3893671018439
8,10,418.4531555175781,511.31451416015625,-30.804969085071093,-45.679115785783154
8,10,408.890869140625,506.28961181640625,-21.82571197762593,-40.84047558986356
8,10,409.35235595703125,504.23291015625,-22.885520822563308,-38.83557698057871
8,10,419.31524658203125,502.64508056640625,-33.4617345464323,-37.083946385665
8,10,417.4158935546875,502.658447265625,-32.1629915643112,-36.68981666536598
8,10,404.99945068359375,504.56951904296875,-20.92616807962247,-38.423500478123856
7,8,358.0564880371094,435.5084228515625,3.504331028232741,-19.153974235419412
7,8,355.8708801269531,439.11822509765625,5.935666667297937,-23.16749078190969
7,8,359.8389892578125,435.4327392578125,-2.1735625975375683,-22.86395521376852
7,8,359.21441650390625,437.7718505859375,-2.852090861172769,-26.022576267679142
7,8,355.8868408203125,434.04248046875,3.470543807812817,-19.231917681305617
7,8,357.2186279296875,432.8983154296875,0.04650471752364638,-20.532034939791856
7,8,359.5090026855469,436.67181396484375,-3.095994125111247,-25.62224741404259
7,8,357.57135009765625,438.22918701171875,3.3651484275440566,-23.459011761569514
7,8,355.93792724609375,443.607666015625,2.0621947948989146,-31.43135654450549
7,8,355.2895812988281,439.6881103515625,-0.01688597106817724,-29.990558326615883
7,8,355.7989501953125,414.0120849609375,-1.308892936244888,-13.684007022363687
7,8,359.16265869140625,426.61737060546875,-4.573560202033377,-26.25668780875918
7,8,357.62860107421875,416.756591796875,-2.615726923556167,-16.32083121301497
7,8,352.28424072265625,414.193115234375,4.443097026543228,-11.947841575188704
7,8,355.1381530761719,417.31463623046875,3.9793505817195864,-12.351699968396133
7,8,354.3390197753906,417.53570556640625,4.929515240033709,-12.25915975229043
7,8,355.925048828125,421.37188720703125,3.4988029171361177,-15.978268889446838
7,8,354.05303955078125,413.173828125,5.574074872903054,-8.020580196475294
7,8,355.91973876953125,415.0880126953125,1.6214733739190592,-11.672941103925382
7,8,352.33795166015625,414.9739990234375,1.9654535134434923,-14.050797682420978
7,8,355.1977233886719,413.60137939453125,-0.768909320643445,-12.531092130633567
7,8,353.0743408203125,416.0657958984375,2.5191305401879163,-14.162450958512295
7,8,355.1947326660156,415.59979248046875,3.659090246573328,-11.48041770953904
7,8,356.7857666015625,409.7789306640625,-1.0730542248339248,-8.892140778753912
7,8,355.0679016113281,415.5867919921875,0.5821873598659408,-14.860975145542568
7,8,354.3372497558594,416.20123291015625,1.1503032587397115,-15.786409465113877
7,8,352.19378662109375,409.534912109375,8.467496585786648,-5.347842440892919
7,8,353.8877868652344,421.615478515625,3.6260004948321694,-20.82121931797917
7,8,354.60003662109375,416.37506103515625,1.0747553553047169,-17.99399301339315
7,8,354.6734924316406,415.75018310546875,1.6021204846036312,-17.955767754016108
7,8,351.2125244140625,408.316162109375,5.181490841661571,-11.221248693883695
7,8,356.3550720214844,421.14111328125,-0.06814801835076878,-24.781691053086888
7,8,352.48748779296875,411.9344482421875,3.6030113726681634,-15.367668594791326
7,8,351.63507080078125,412.90899658203125,3.933990380751254,-16.630673625246573
7,8,350.7477111816406,409.63262939453125,5.390619257362346,-13.667210386935835
7,8,353.3014831542969,409.34527587890625,3.743634332952979,-13.690439920073345
7,8,352.5992126464844,411.40106201171875,3.530886859582324,-15.948575457177697
7,8,350.2791442871094,411.36669921875,5.329196250848042,-16.103097998169744
7,8,351.2738342285156,410.7342529296875,4.55953236252202,-15.676819496589815
7,8,351.6925354003906,409.6839599609375,4.03590177346598,-14.828867565178712
7,8,353.4674377441406,411.67926025390625,2.2682956724927408,-17.05411762312997
7,8,355.2655944824219,409.88836669921875,0.7894073655542684,-15.923682399805728
7,8,354.7557067871094,413.843017578125,1.266984031783295,-20.168638970951577
7,8,353.6158752441406,405.22021484375,2.20519729326287,-11.665277564856751
7,8,358.35797119140625,406.14471435546875,-2.3359243215156766,-12.494209754012331
7,8,357.97418212890625,410.27471923828125,-1.711961235946319,-16.490475142243838
7,8,354.7046813964844,409.08819580078125,1.2597861593199013,-15.306445882536195
7,8,354.8578186035156,407.74993896484375,1.1013920806179271,-14.003382427102565
7,8,358.13348388671875,412.07781982421875,-2.1925276815084658,-18.4406607570956
7,8,353.3214111328125,416.1343994140625,2.4192506312993487,-22.754692958576015
7,9,363.4122009277344,451.99298095703125,-5.092482043549808,-23.677714627295813
7,9,358.8506164550781,498.80889892578125,-26.24738504123485,-19.966104723958267
7,9,353.0688171386719,494.08001708984375,-20.65675219974571,-14.194011615355237
7,9,355.2008361816406,491.19073486328125,-23.031958278342586,-10.490793416602855
7,9,350.56494140625,492.7559814453125,-17.440967108076677,-11.551158310870562
7,9,359.1279296875,498.68475341796875,-25.585456735285106,-15.238417441219838
6,8,349.9402770996094,410.29168701171875,8.280792280111939,-7.014860531803151
6,8,349.3595275878906,421.557861328125,6.36415533152541,-20.58765603979407
6,8,349.3981018066406,418.18927001953125,8.17422843157226,-16.284816618757247
6,8,347.6159973144531,412.96856689453125,8.243319106625393,-16.378414567640277
6,8,349.6502685546875,410.28460693359375,6.261821970257529,-15.817498273164404
12,3,602.6287841796875,166.14149475097656,4.108256040749552,-29.109932999751237
12,3,603.4754638671875,168.4491424560547,3.0666902640682565,-31.420600313078552
12,3,603.3321533203125,171.34986877441406,3.1375126223981624,-34.38897066322983
12,3,607.5565185546875,170.07522583007812,-1.0407748360378264,-33.24457296416037
12,3,606.83935546875,171.6825408935547,-0.2753963918340787,-34.92127006127666
12,3,607.4034423828125,173.1158447265625,-0.806373523864977,-36.37452761481771
12,3,605.8128662109375,171.25885009765625,0.7448433169882946,-34.359711920175954
12,3,603.92138671875,173.53016662597656,2.6228428303866167,-36.5367323784408
12,3,607.33935546875,177.6895751953125,-0.783884083657199,-40.663218990484324
12,3,607.36572265625,172.94100952148438,-0.7761254402106488,-36.0021213529574
12,3,605.6099853515625,170.88514709472656,0.9876221670814402,-34.01653676220283
12,3,607.0416259765625,171.98257446289062,-0.5697088842306357,-35.01405567704319
12,3,606.553955078125,172.382568359375,-0.33998678539217053,-35.45953225098029
12,3,604.2540283203125,170.2033233642578,1.5788806840730558,-33.461110309151564
12,3,605.567138671875,169.22244262695312,0.5142137645050298,-32.426255401633995
12,3,600.0977783203125,173.86703491210938,6.234918520315887,-37.02242970684739
12,3,602.0654296875,173.6245880126953,4.0806713888412105,-36.923784178801185
12,3,604.279052734375,170.74757385253906,1.9254965694301518,-34.04994152037136
12,3,602.603759765625,172.78814697265625,3.8794843325752026,-35.967210990541986
12,3,601.8916015625,169.98666381835938,4.682915858612432,-33.01497794914812
12,3,601.828125,169.99488830566406,4.806177275557047,-32.885194193609465
7,10,374.0720520019531,514.9566650390625,-27.863862926424815,-42.19508172675279
7,10,372.9905090332031,509.84912109375,-27.22812864739467,-36.904903359278364
7,10,383.2536315917969,501.52105712890625,-38.30159672011547,-28.378212479335275
7,10,374.115234375,526.5850219726562,-29.881112517976476,-53.15603856258997
7,10,370.39935302734375,510.156005859375,-26.7920014028212,-36.36525335822142
7,10,373.0341796875,515.809326171875,-29.985752524890472,-41.807099042652794
7,10,366.9430847167969,509.266357421875,-24.46868292745347,-35.047740209323194
7,10,371.5352478027344,511.57861328125,-29.74023640260748,-37.02647784597008
7,10,371.8470764160156,507.4239501953125,-30.85416150001396,-32.727019173562155
7,10,378.63092041015625,505.6619873046875,-38.5540612261708,-30.987117392474772
7,10,372.3291015625,507.91192626953125,-32.920704614535964,-33.25976792646992
7,10,371.6686096191406,509.0555419921875,-32.91853465706248,-34.42550076110393
7,10,365.94171142578125,507.01702880859375,-27.94979708834586,-32.406346163198975
7,10,373.69708251953125,516.133056640625,-36.46332880673867,-41.54173258091902
7,10,370.58306884765625,509.82958984375,-34.10747575950643,-35.25762436973281
7,10,359.06219482421875,512.7439575195312,-23.142535980628054,-38.16047381424647
7,10,358.59063720703125,518.5018920898438,-23.95374163822146,-44.01515823030434
7,10,350.79901123046875,511.46356201171875,-16.739976743580712,-36.81048858827489
7,10,357.27227783203125,507.0762939453125,-24.809708784480677,-28.043716359049085
7,10,355.1711120605469,501.25885009765625,-22.73237568628008,-22.131327716228384
7,10,354.74249267578125,502.91497802734375,-22.32773443803069,-23.691931353158054
7,10,350.1893005371094,501.25396728515625,-17.718270214435336,-21.332069308393955
7,10,351.3155822753906,501.18011474609375,-18.41985761518407,-20.058443749157163
7,10,363.2610168457031,502.3880615234375,-29.908667677175856,-21.10004062889567
7,10,364.5526123046875,504.21136474609375,-31.001411473231656,-22.262998238373427
7,10,353.2847595214844,501.8271484375,-19.636741752807154,-19.173902681554864
7,10,381.5406494140625,532.4620971679688,-40.41796541413515,-26.848551194136235
7,10,364.5564880371094,522.8309936523438,-23.2738308712739,-15.80351628193307
7,10,377.53350830078125,531.3369140625,-36.302382253175494,-22.89914405115644
7,10,379.10699462890625,534.2710571289062,-37.96101626708321,-24.852007623750808
7,10,389.0793151855469,535.2203979492188,-48.03653756460676,-25.02980254722297
7,10,376.5589599609375,531.1029052734375,-35.83776925348491,-20.46412352960857
7,10,379.7270202636719,538.619140625,-39.33517592176969,-27.562453851761063
7,10,371.774169921875,532.608642578125,-31.72983276567288,-21.185599409291285
7,10,374.22833251953125,537.383056640625,-34.5315025490292,-25.593657076196564
7,10,370.6897277832031,534.6907958984375,-31.34011657835356,-22.55562736392244
7,10,363.5885925292969,531.69384765625,-24.568685416614642,-20.463107697571274
7,10,373.04443359375,545.4673461914062,-34.20451075691841,-35.294257448908866
7,10,371.1707763671875,535.1123046875,-32.23231858904529,-26.289482211274446
7,10,374.93359375,534.1206665039062,-35.897198792223435,-26.639918911119537
7,10,379.52392578125,530.8179931640625,-40.3927506585203,-24.682969491054507
7,10,370.43768310546875,535.3241577148438,-31.34039227326383,-30.683574809995037
7,10,380.3923645019531,531.3905639648438,-41.364356459064936,-28.078866287728545
7,10,372.0679931640625,506.61651611328125,-34.33064688348071,-24.478530792516267
7,10,375.8934326171875,515.4059448242188,-37.60712294527599,-32.536915106081096
7,10,372.5057678222656,523.0196533203125,-33.87754223939612,-39.33527979965913
7,10,376.6394348144531,516.1126098632812,-38.12017083230421,-31.748034726099377
7,10,381.2850646972656,516.149169921875,-43.28931093646838,-31.228637943729552
6,10,349.0105895996094,507.94390869140625,-13.660875393014294,-33.36701232721754
6,10,346.5398254394531,506.14117431640625,-14.148912943948574,-26.82313078281919
6,10,340.8164367675781,502.74334716796875,-8.416674873072338,-23.14844777795571
6,10,348.5370788574219,503.84857177734375,-16.16881456135343,-23.680280818095582
6,10,349.3988037109375,501.5811767578125,-16.731453921084892,-20.542703520975806
6,9,348.32342529296875,491.96722412109375,-15.899108292797678,-11.874714472291885
6,9,347.6512451171875,499.33465576171875,-15.231044256167024,-18.44742763486613
